Time,Irradiance,Temp,Vpv,Ipv,Vdc,Vrms_1,Vrms_2,Vrms_3,Irms_1,Irms_2,Irms_3,Pac,Q,THDv_1,THDv_2,THDv_3,THDi_1,THDi_2,THDi_3,ScenarioID,SetTemp
0,1000,15,480.049796797991,534.207808532165,480.049796797991,120,120,120,120,120,120,0,0,1.49011611938477e-08,1.49011611938477e-08,1.49011611938477e-08,1.49011611938477e-08,1.49011611938477e-08,1.49011611938477e-08,4,15
0.001,1000,15,488.078810266391,516.768843109763,488.078810266391,120,120,120,120,120,120,0,0,1.49011611938477e-08,1.49011611938477e-08,1.49011611938477e-08,1.49011611938477e-08,1.49011611938477e-08,1.49011611938477e-08,4,15
0.002,1000,15,474.202809285856,518.641799288513,474.202809285856,120,120,120,120,120,120,0,0,1.49011611938477e-08,1.49011611938477e-08,1.49011611938477e-08,1.49011611938477e-08,1.49011611938477e-08,1.49011611938477e-08,4,15
0.003,1000,15,440.266082565376,520.86395421505,440.266082565376,120,120,120,120,120,120,0,0,1.49011611938477e-08,1.49011611938477e-08,1.49011611938477e-08,1.49011611938477e-08,1.49011611938477e-08,1.49011611938477e-08,4,15
0.004,1000,15,414.319005908931,521.807532631011,414.319005908931,120,120,120,120,120,120,0,0,1.49011611938477e-08,1.49011611938477e-08,1.49011611938477e-08,1.49011611938477e-08,1.49011611938477e-08,1.49011611938477e-08,4,15
0.005,1000,15,391.01586241557,522.565289356879,391.01586241557,120,120,120,120,120,120,0,0,1.49011611938477e-08,1.49011611938477e-08,1.49011611938477e-08,1.49011611938477e-08,1.49011611938477e-08,1.49011611938477e-08,4,15
0.006,1000,15,382.238392641198,522.826345886491,382.238392641198,120,120,120,120,120,120,0,0,1.49011611938477e-08,1.49011611938477e-08,1.49011611938477e-08,1.49011611938477e-08,1.49011611938477e-08,1.49011611938477e-08,4,15
0.007,1000,15,440.316296168749,520.866132753114,440.316296168749,120,120,120,120,120,120,0,0,1.49011611938477e-08,1.49011611938477e-08,1.49011611938477e-08,1.49011611938477e-08,1.49011611938477e-08,1.49011611938477e-08,4,15
0.008,1000,15,439.600221600174,520.87619613987,439.600221600174,120,120,120,120,120,120,0,0,1.49011611938477e-08,1.49011611938477e-08,1.49011611938477e-08,1.49011611938477e-08,1.49011611938477e-08,1.49011611938477e-08,4,15
0.009,1000,15,452.69734680216,520.268543130485,452.69734680216,120,120,120,120,120,120,0,0,1.49011611938477e-08,1.49011611938477e-08,1.49011611938477e-08,1.49011611938477e-08,1.49011611938477e-08,1.49011611938477e-08,4,15
0.01,1000,15,454.489793658497,520.167449993922,454.489793658497,120,120,120,120,120,120,0,0,1.49011611938477e-08,1.49011611938477e-08,1.49011611938477e-08,1.49011611938477e-08,1.49011611938477e-08,1.49011611938477e-08,4,15
0.011,1000,15,426.928086903346,521.381796256613,426.928086903346,120,120,120,120,120,120,0,0,1.49011611938477e-08,1.49011611938477e-08,1.49011611938477e-08,1.49011611938477e-08,1.49011611938477e-08,1.49011611938477e-08,4,15
0.012,1000,15,378.443285797369,522.94588301388,378.443285797369,120,120,120,120,120,120,0,0,1.49011611938477e-08,1.49011611938477e-08,1.49011611938477e-08,1.49011611938477e-08,1.49011611938477e-08,1.49011611938477e-08,4,15
0.013,1000,15,276.593449217519,525.985009907591,276.593449217519,120,120,120,120,120,120,0,0,1.49011611938477e-08,1.49011611938477e-08,1.49011611938477e-08,1.49011611938477e-08,1.49011611938477e-08,1.49011611938477e-08,4,15
0.014,1000,15,244.070944513209,526.97107914219,244.070944513209,120,120,120,120,120,120,0,0,1.49011611938477e-08,1.49011611938477e-08,1.49011611938477e-08,1.49011611938477e-08,1.49011611938477e-08,1.49011611938477e-08,4,15
0.015,1000,15,266.313422371178,526.325147414674,266.313422371178,120,120,120,120,120,120,0,0,1.49011611938477e-08,1.49011611938477e-08,1.49011611938477e-08,1.49011611938477e-08,1.49011611938477e-08,1.49011611938477e-08,4,15
0.016,1000,15,270.273547606064,526.217698578599,270.273547606064,120,120,120,120,120,120,0,0,1.49011611938477e-08,1.49011611938477e-08,1.49011611938477e-08,1.49011611938477e-08,1.49011611938477e-08,1.49011611938477e-08,4,15
0.017,1000,15,404.894255692216,522.128608006246,404.894255692216,13649.0115804412,13842.5496413746,14470.9848214275,54.3672637436519,68.0449984022879,15.9760914048511,-665.076666306987,-394.001203579163,1.49011611938477e-08,1.49011611938477e-08,1.89137165451339,1.49011611938477e-08,1.49011611938477e-08,0.560734100027037,4,15
0.018,1000,15,445.314784999322,520.639425799881,445.314784999322,13674.6709941453,14195.6976401183,14081.0104611204,56.9555519597783,70.2440776532256,15.978027947223,-561.260906596799,-430.231092538657,1.49011611938477e-08,1.49011611938477e-08,1.93877974989028,1.49011611938477e-08,1.49011611938477e-08,0.593743816978653,4,15
0.019,1000,15,411.358687888222,521.910199326738,411.358687888222,14105.6144130948,14119.9807849129,13766.330966051,58.3141899638051,70.9628618511416,15.8502201599957,-373.475772369273,-455.406162388755,1.49011611938477e-08,1.49011611938477e-08,1.90085927135086,0.298497027591358,1.49011611938477e-08,0.922205423811418,4,15
0.02,1000,15,307.849750107821,525.05904165656,307.849750107821,14402.4293375667,13720.4916289105,13938.2392185317,58.6979435520305,70.2381135185876,15.6597869959633,-118.81963667802,-418.633049139455,1.49011611938477e-08,1.49011611938477e-08,1.77529869418353,1.24197400394299,0.728901127362643,1.38235251520912,4,15
0.021,1000,15,251.385397323285,526.746977379453,251.385397323285,14194.4053482904,13519.756253481,14349.6572325542,58.6159819662133,68.3578089331302,14.3169793116607,70.4447309000831,-294.986678544567,1.49011611938477e-08,1.49011611938477e-08,1.77065451761682,2.04437537681465,1.68792287953004,2.38113845239439,4,15
0.022,1000,15,224.23445943356,527.557286597298,224.23445943356,13782.3535861329,13787.2586603993,14477.3999336433,57.8951955734415,66.4315310128435,12.9912523282289,123.370041733886,-167.463540042346,1.49011611938477e-08,1.49011611938477e-08,1.87221779031262,2.70593218236904,2.75246277571467,4.3341864424762,4,15
0.023,1000,15,162.488351054863,529.395855940548,162.488351054863,13688.823469985,14167.9531647698,14139.1175985137,57.0732471813626,65.8765801304137,13.6026729500525,3.35695943177067,-114.441731004782,1.49011611938477e-08,1.49011611938477e-08,1.93527502728223,8.07879227618106,7.53129600930404,2.81708276384933,4,15
0.024,1000,15,48.2879580628323,532.807710961247,48.2879580628323,14041.0494968154,14166.4695944188,13734.4729777423,58.1010744549959,67.8278501577719,14.5720922054515,-272.44112283952,-170.507881217762,1.49011611938477e-08,1.49011611938477e-08,1.92162734401421,2.58769435074323,1.15913110965425,0.907493452930046,4,15
0.025,1000,15,18.0641423890377,533.753695771214,18.0641423890377,14368.3532759037,13762.5688493419,13777.9716508179,60.9485293156685,71.8130495399764,15.2874294347421,-569.010566079188,-321.30678433206,1.49011611938477e-08,1.49011611938477e-08,1.80090511611467,0.526211983312187,1.49011611938477e-08,1.49011611938477e-08,4,15
0.026,1000,15,69.1214486541343,532.224908331996,69.1214486541343,14232.6836758367,13449.6051935619,14181.6182120412,65.1764775139557,76.4622902410093,15.4192658811029,-742.723781152085,-461.545940395359,1.49011611938477e-08,1.49011611938477e-08,1.75453574257931,1.49011611938477e-08,1.49011611938477e-08,1.49011611938477e-08,4,15
0.027,1000,15,218.941650347824,527.763944287756,218.941650347824,13776.1989331567,13629.5287559087,14410.2608833014,69.8407584170568,80.4968733405882,15.3405472871874,-788.163553533858,-548.97814174396,1.49011611938477e-08,1.49011611938477e-08,1.84798021982594,1.49011611938477e-08,1.49011611938477e-08,1.49011611938477e-08,4,15
0.028,1000,15,425.808890008023,521.457057397371,425.808890008023,13549.876523583,14071.9215445865,14182.0288663373,73.2360284562523,83.0890773894301,15.3129350254958,-715.769205193831,-617.843158768926,1.49011611938477e-08,1.49011611938477e-08,1.92696399907149,1.49011611938477e-08,1.49011611938477e-08,1.49011611938477e-08,4,15
0.029,1000,15,561.38301634997,416.98223962219,561.38301634997,13811.9024703371,14228.4028203501,13768.9055922582,74.1680852733106,83.8693993988219,15.264124828775,-530.879798845823,-655.204322199109,1.49011611938477e-08,1.49011611938477e-08,1.93766005229537,1.49011611938477e-08,1.49011611938477e-08,1.49011611938477e-08,4,15
0.03,1000,15,572.639151909574,358.170182016276,572.639151909574,14182.4774190764,13927.877477052,13679.3928129648,72.7240633035477,82.737910032742,17.3179550918774,-287.964269361617,-577.300215264462,1.49011611938477e-08,1.49011611938477e-08,1.84786748646708,0.688709961826648,1.49011611938477e-08,0.895473492178678,4,15
0.031,1000,15,634.382398438362,-4958.77701386619,634.382398438362,14197.2128953584,13555.4925832597,14055.1392111864,70.2981885387763,79.9028794009415,20.0414304429923,-87.1736671820854,-429.657608595724,1.49011611938477e-08,1.49011611938477e-08,1.76778931747436,1.58200588197586,1.1784350341042,3.30816941142345,4,15
0.032,1000,15,631.999463823537,-4367.16826207431,631.999463823537,13824.3887968154,13618.640706887,14429.0614673413,67.3389647721647,76.1467981266,20.8936272763119,41.3150349633591,-296.822020025759,1.49011611938477e-08,1.49011611938477e-08,1.83515860741712,2.13723953736966,2.17456615332963,5.26100413281284,4,15
0.033,1000,15,611.260658865473,-939.579987113019,611.260658865473,13529.9569306835,14039.7889899362,14357.0188026937,63.5071376961792,72.503241891718,21.1377920942255,54.6082056636969,-212.173770807645,1.49011611938477e-08,1.49011611938477e-08,1.92283241262209,2.8116056262437,3.56934692635449,4.26484741959518,4,15
0.034,1000,15,565.589911485904,395.589909513167,565.589911485904,13691.9738660699,14270.6211837059,13931.8461117341,60.9485797528228,70.145505480542,21.1467553946242,-98.9884291426653,-147.120746647387,1.49011611938477e-08,1.49011611938477e-08,1.94962790702919,5.21563454155439,6.32780006915841,4.15517491111174,4,15
0.035,1000,15,500.739089231771,513.540440397181,500.739089231771,14093.4739802771,14016.1677539442,13734.7351490948,61.1564728251744,69.9114562370179,21.2014459497564,-393.552397807535,-133.38399246393,1.49011611938477e-08,1.49011611938477e-08,1.88969889624134,1.93233208221149,1.44646781952585,4.62186978576228,4,15
0.036,1000,15,404.834580275193,522.110952188312,404.834580275193,14176.9996659646,13580.4652244847,14017.9145338862,63.7975543297325,71.500063661398,21.4275246214876,-678.131651641169,-174.856405550582,1.49011611938477e-08,1.49011611938477e-08,1.78750230162092,0.578178382920033,1.49011611938477e-08,4.85166673534865,4,15
0.037,1000,15,377.512446497756,523.002479371845,377.512446497756,13797.7965215018,13511.57884099,14396.3317526596,68.4514007752715,73.7697245940292,22.4343855831422,-864.523264937173,-239.189743728993,1.49011611938477e-08,1.49011611938477e-08,1.82249243821531,1.49011611938477e-08,1.49011611938477e-08,3.45739435749437,4,15
0.038,1000,15,586.179719159414,266.318116675875,586.179719159414,13402.7510754061,13900.902981189,14421.924798207,72.6156580033877,75.3892118702451,23.7307489423384,-886.175753974024,-326.305908376502,1.49011611938477e-08,1.49011611938477e-08,1.91297102113758,1.49011611938477e-08,1.49011611938477e-08,3.25317977351565,4,15
0.039,1000,15,623.761209773726,-2664.88686327923,623.761209773726,13451.5980421842,14249.9456469716,14067.7599419182,74.3338233778152,75.5143048101843,23.7873107783563,-764.029923326928,-406.111081080384,1.49011611938477e-08,1.49011611938477e-08,1.95194172289882,0.279951811773981,1.49011611938477e-08,3.55076325773377,4,15
0.04,1000,15,619.187743935815,-1929.99340529233,619.187743935815,13869.0874633681,14151.4322256513,13779.4429066167,74.3319972591137,73.8462433408821,22.8354245364396,-523.24518569718,-420.128221325594,1.49011611938477e-08,1.49011611938477e-08,1.92786004083443,0.761442200333643,0.442216045998959,3.40901057273419,4,15
0.041,1000,15,547.473337814285,461.819243242052,547.473337814285,14158.5025986878,13740.3521544827,13994.1133844693,72.9216601127175,70.2545328935194,21.7594843297076,-244.299251565658,-342.196031178252,1.49011611938477e-08,1.49011611938477e-08,1.81713697913889,1.26293681998856,1.19497904555304,2.37233292624311,4,15
0.042,1000,15,427.969175129382,521.319394102105,427.969175129382,13966.7208203746,13561.0607046222,14450.2640127824,70.7584395395615,65.2369341220387,21.3728241965034,17.674432713774,-217.903362723526,1.49011611938477e-08,1.49011611938477e-08,1.80969714131808,1.77568881107062,1.21856583318827,2.0174216127787,4,15
0.043,1000,15,310.514039240396,524.99240971868,310.514039240396,13569.3729437417,13847.0127862471,14581.588763029,67.8013343602609,60.0697205674787,21.6007838757771,129.507200683033,-82.0803384893953,1.49011611938477e-08,1.49011611938477e-08,1.89696413440373,2.31626780437747,0.939030734395478,1.9191249995936,4,15
0.044,1000,15,284.965320797575,525.744559691895,284.965320797575,13509.3402897295,14218.3509748409,14237.9224720692,64.7196490538837,56.6655386782406,21.6268360614775,21.8829837760053,29.3693609500258,1.49011611938477e-08,1.49011611938477e-08,1.9462583299006,4.129562806646,1.75709340381294,1.91969386102865,4,15
0.045,1000,15,269.312787868673,526.224991456193,269.312787868673,13896.4392467619,14193.9317668926,13848.617986152,63.1736293990528,56.225775462307,21.9133526149913,-279.182278801764,53.8098802447639,1.49011611938477e-08,1.49011611938477e-08,1.9373406657575,2.49359031199277,4.0864349124499,2.29621315411737,4,15
0.046,1000,15,178.112109320627,528.956967572269,178.112109320627,14238.3575160969,13780.1713131974,13911.6977467935,65.1212152792118,58.8399386984046,21.7779581014057,-597.801780251305,-51.8132217210095,1.49011611938477e-08,1.49011611938477e-08,1.8202761449002,0.938770329149675,0.289985969548432,3.35804732408556,4,15
0.047,1000,15,180.514627566498,528.873275920946,180.514627566498,14126.6446569352,13491.7231722353,14333.3453167297,69.6352718727797,63.0617203375762,19.114449417419,-771.425464959935,-239.293462036929,1.49011611938477e-08,1.49011611938477e-08,1.77393732812475,0.241547103328156,1.49011611938477e-08,4.65469140042376,4,15
0.048,1000,15,320.525259330751,524.727258637656,320.525259330751,13685.1195858045,13697.6916312418,14540.3962734791,74.2710923735614,66.9880805773751,16.3940820181653,-771.123048595066,-356.588077161723,1.49011611938477e-08,1.49011611938477e-08,1.86585898921456,1.49011611938477e-08,1.49011611938477e-08,3.2858111555132,4,15
0.049,1000,15,529.424701054212,496.142985435375,529.424701054212,13483.6161764755,14121.6214308716,14271.977345526,77.4540969532,69.6678438854915,15.3407508623468,-679.420151328103,-411.863144896012,1.49011611938477e-08,1.49011611938477e-08,1.93647760820944,1.49011611938477e-08,1.49011611938477e-08,2.73889941656422,4,15
0.05,1000,15,621.426534525916,513.413381180093,621.426534525916,13762.2461838322,14230.5468045055,13840.2399287384,78.3705849321763,70.9186736749709,15.455288691451,-535.079571919621,-425.828598226019,1.49011611938477e-08,1.49011611938477e-08,1.94437208345307,1.49011611938477e-08,1.49011611938477e-08,4.10545051687932,4,15
0.051,1000,15,562.540866044518,411.266065418424,562.540866044518,14121.4950503445,13902.1123481093,13768.2519260286,77.5014416836711,70.7830383026237,18.617710135362,-383.189350463421,-365.864974976771,1.49011611938477e-08,1.49011611938477e-08,1.85487462574197,0.710196161686545,0.316203031525604,6.0489499846736,4,15
0.052,1000,15,643.377388130621,525.700988899757,643.377388130621,14124.2864501662,13548.9556042293,14164.6573714216,75.5778343066095,69.0849960240597,23.194645252654,-232.731597338131,-265.300793607428,1.49011611938477e-08,1.49011611938477e-08,1.78033492201687,1.53189873886562,1.29235225283408,3.26878775251658,4,15
0.053,1000,15,638.761144789976,523.670716249365,638.761144789976,13768.9221626653,13645.7466926741,14535.4055461151,71.7003767964617,66.1607970569948,24.5826914001299,-98.4803041787644,-201.619147152625,1.49011611938477e-08,1.49011611938477e-08,1.84789648341742,2.40004523943613,2.1483226036578,3.32231207173235,4,15
0.054,1000,15,623.200879387408,516.151331057622,623.200879387408,13497.2454337842,14074.3849491225,14437.1273603801,65.8586400346607,62.9733267854254,23.8145086177202,-52.756067472012,-142.402799418908,1.49011611938477e-08,1.49011611938477e-08,1.92983150138913,3.40209965960999,3.29511278561226,3.93111308057181,4,15
0.055,1000,15,582.519316664754,286.01398802281,582.519316664754,13683.3982838136,14290.939865104,14008.3374353304,61.1714274255839,60.5290251358455,22.8362908376925,-169.049899318452,-53.2779252054037,1.49011611938477e-08,1.49011611938477e-08,1.9543310162643,3.56443624413683,5.24581263702006,3.41349971745079,4,15
0.056,1000,15,500.832727297576,513.562147446219,500.832727297576,14083.9650077893,14022.0044169698,13822.6214401813,60.591870246887,59.5425100167553,23.3607025685691,-406.567258904341,13.6493618724044,1.49011611938477e-08,1.49011611938477e-08,1.89190807503778,1.61074436159785,2.16173196868925,2.2168048622909,4,15
0.057,1000,15,461.280945743809,519.696929375603,461.280945743809,14181.7924566136,13594.5985674942,14130.0288097243,63.3670273512408,59.9816277705259,24.7607780122917,-659.564726120955,-0.728051753662457,1.49011611938477e-08,1.49011611938477e-08,1.78849116231607,0.716789702944934,0.889385379435603,1.7321696706783,4,15
0.058,1000,15,442.17613089709,520.817760936648,442.17613089709,13761.5685872926,13561.9637601661,14468.6120557085,67.6696338417767,61.2064341806245,27.1138688523464,-807.903130841282,-41.3026600537334,1.49011611938477e-08,1.49011611938477e-08,1.83449018632813,0.237226618351199,0.305741989508621,1.46398156508736,4,15
0.059,1000,15,623.690406624944,-133.974299214262,623.690406624944,13359.6670746384,13960.0405167315,14424.1479620956,71.4881065172179,62.1208673409235,29.7546981982044,-839.561046814886,-117.086311942695,1.49011611938477e-08,1.49011611938477e-08,1.9206080349641,0.278918537970969,1.49011611938477e-08,1.58042304904335,4,15
0.06,1000,15,641.650678431633,-7715.08201881509,641.650678431633,13426.9694195966,14290.7301039882,14051.3748461942,72.2959730216518,61.7485368706743,30.8566159276091,-755.813739920929,-229.660133977215,1.49011611938477e-08,1.49011611938477e-08,1.95497256113379,0.594416705035601,0.484840799990172,1.91842863105037,4,15
0.061,1000,15,621.556898194079,513.644313565053,621.556898194079,13825.9370030578,14155.9309174122,13794.2436033336,71.1372460806623,59.7461337830553,30.9382706032468,-591.136224817429,-284.955744210114,1.49011611938477e-08,1.49011611938477e-08,1.93228840961653,0.923615414261571,1.0323610035755,2.00467116615823,4,15
0.062,1000,15,606.673364959654,306.587083001708,606.673364959654,14052.0792996923,13739.6793211523,14023.9118238474,69.156157733192,56.0984340229087,30.7784153430404,-387.252399150826,-238.61865232612,1.49011611938477e-08,1.49011611938477e-08,1.83211405099245,1.28157055417878,1.64472524309197,1.67886871662375,4,15
0.063,1000,15,568.707025879379,379.046289869469,568.707025879379,13840.1509360912,13590.9725279058,14485.0637586284,65.6897004603068,50.5472463032999,30.8143209029933,-174.406209277589,-166.015008732265,1.49011611938477e-08,1.49011611938477e-08,1.8306110701035,1.7395275410951,1.72218602443505,1.63890210732482,4,15
0.064,1000,15,486.982910651801,516.928606848653,486.982910651801,13450.5272307422,13904.8380202795,14616.6506358212,60.857938387519,43.9054204072561,31.3638719953448,-52.9883180390416,-62.2426788437764,1.49011611938477e-08,1.49011611938477e-08,1.91049512645436,2.26432220012002,1.42624471470165,1.72432880712107,4,15
0.065,1000,15,472.268495889818,518.898381971902,472.268495889818,13414.8223230839,14260.3430566596,14257.9164428513,56.5052587921628,38.1886105978958,31.6333141317709,-123.129698839305,60.5387990116959,1.49011611938477e-08,1.49011611938477e-08,1.95058924179941,2.74719298704397,1.93387597136074,1.62996398418483,4,15
0.066,1000,15,485.534258468706,517.26475407707,485.534258468706,13828.1857811235,14208.6559649318,13878.4891777976,54.3754244873638,35.5161953621237,31.6194217012404,-352.333217041976,109.523267496521,1.49011611938477e-08,1.49011611938477e-08,1.94258155316154,1.80112287344633,4.71976669706121,1.6031621445616,4,15
0.067,1000,15,464.916261544728,519.437055856822,464.916261544728,14168.3988577323,13789.4463422589,13971.3354908356,55.6412118569839,36.5235707531906,31.2123198599163,-609.318986761087,21.6357228792308,1.49011611938477e-08,1.49011611938477e-08,1.82997159381417,1.00031045131413,0.822712626884736,1.88213036491457,4,15
0.068,1000,15,448.276056390078,520.505410897956,448.276056390078,14047.3528525556,13523.2492584637,14409.450900389,58.918017341333,39.8313206909481,28.4626498562226,-713.900813131002,-148.070750653539,1.49011611938477e-08,1.49011611938477e-08,1.79002783080347,0.656086880886931,1.49011611938477e-08,2.49679956204027,4,15
0.069,1000,15,572.246600357801,363.71130998577,572.246600357801,13611.0265172749,13754.3474087122,14600.8982142603,61.578070745168,43.120017748872,25.6359117867018,-677.299061114613,-243.651387820807,1.49011611938477e-08,1.49011611938477e-08,1.88070185843787,0.474709221866937,1.49011611938477e-08,3.05481607968373,4,15
0.07,1000,15,628.498771697488,519.98770617759,628.498771697488,13437.6958609371,14167.9602245033,14325.9914649324,62.6745505832533,45.1649006376391,24.4309670952354,-603.836279618787,-252.674394227007,1.49011611938477e-08,1.49011611938477e-08,1.94283842370387,0.311034342463106,1.49011611938477e-08,3.14083307285821,4,15
0.071,1000,15,574.810843106161,341.400835659441,574.810843106161,13733.8042468841,14239.4122420666,13903.1226494481,62.7614921819964,45.9019171519026,25.1816934553272,-548.814293767261,-206.014377392674,1.49011611938477e-08,1.49011611938477e-08,1.94963680012212,0.341067962674655,0.251155141070368,2.28176085354134,4,15
0.072,1000,15,530.724012512749,494.10189668678,530.724012512749,14108.3667599582,13875.1519822639,13860.1825107194,62.7287856476137,45.6932195806809,28.2023685406231,-510.847837021161,-136.938831329921,1.49011611938477e-08,1.49011611938477e-08,1.85666661719171,0.717387937798228,0.740652623646529,1.73193527188492,4,15
0.073,1000,15,635.832893326177,-5368.87911342749,635.832893326177,14095.0611244992,13529.6346680605,14273.7583860202,61.7862989986934,44.5423316925272,30.3502860606191,-435.876198343019,-115.589428539097,1.49011611938477e-08,1.49011611938477e-08,1.78617129074812,1.18818939027688,1.28176711325542,1.75537696533773,4,15
0.074,1000,15,642.455194435781,-7900.43617826142,642.455194435781,13716.1383021278,13654.9696592413,14621.7062014344,58.7690302756454,42.5904076582984,30.2282451517508,-324.657233386888,-115.826102755025,1.49011611938477e-08,1.49011611938477e-08,1.85722737361043,1.73586179396368,1.92610922652782,2.09604866933378,4,15
0.075,1000,15,628.541071895047,-3569.20999573222,628.541071895047,13470.25660484,14081.3985209308,14507.4113988089,52.8182225037641,40.2347584013816,27.8761975700131,-260.044581641875,-78.8178248266191,1.49011611938477e-08,1.49011611938477e-08,1.93429756784124,2.1199086525678,2.52324811320144,2.29977861701984,4,15
0.076,1000,15,598.431825227143,131.669658453118,598.431825227143,13684.7606601512,14275.2987549284,14083.6003628299,47.0166575589721,38.4640075056318,25.0355213500758,-317.253733574366,15.9189683136579,1.49011611938477e-08,1.49011611938477e-08,1.95703073140111,1.68694205100649,2.61715614174518,1.57590351440734,4,15
0.077,1000,15,503.878358670094,512.567786880422,503.878358670094,14090.3149171943,13995.6315474803,13916.4125940755,46.0102974996428,37.8603347563876,25.0917092524214,-487.040838108111,118.193772128188,1.49011611938477e-08,1.49011611938477e-08,1.88964546768538,0.930026337336002,1.91865473283065,0.871897147336989,4,15
0.078,1000,15,460.522155805901,519.806219854955,460.522155805901,14168.9630419626,13582.8129588929,14239.1811500254,49.3556873808981,38.3454935693675,27.4626672669268,-652.973903797772,144.917340421001,1.49011611938477e-08,1.49011611938477e-08,1.79101073673907,0.477442854129814,1.30306904626074,0.644657450850257,4,15
0.079,1000,15,497.011460117902,514.900219153721,497.011460117902,13766.2992836902,13578.8721135133,14566.7680365506,54.21611732751,39.2312919365723,30.7675588187212,-723.259459285797,124.044979706944,1.49011611938477e-08,1.49011611938477e-08,1.84037834082312,0.3418469556926,1.04065545550453,0.707003226543527,4,15
0.08,1000,15,653.955470759023,533.425412589889,653.955470759023,13385.4658623969,13981.1531399985,14479.1612574831,58.5264058693206,39.7701638684793,34.3479545026867,-734.53872456936,72.6673212291308,1.49011611938477e-08,1.49011611938477e-08,1.92407130662581,0.505559713928245,0.992179645886328,0.966958530987378,4,15
0.081,1000,15,644.036945397179,526.267633937903,644.036945397179,13478.0440239751,14283.4057387447,14074.6815974066,59.5113981052175,39.7697836461684,35.545430218142,-711.32099881951,-25.5724857302019,1.49011611938477e-08,1.49011611938477e-08,1.95576820892517,0.729503526080331,1.06350515967037,1.32316925801056,4,15
0.082,1000,15,611.557308816901,463.671397161136,611.557308816901,13858.7680293624,14118.2816085024,13836.6470348402,58.4806561266342,38.8796972455757,35.6111349013513,-650.512435717125,-108.748521384267,1.49011611938477e-08,1.49011611938477e-08,1.92812711307402,0.923094120951055,1.2972767243991,1.53828762523148,4,15
0.083,1000,15,616.957324348696,-42.4942730143744,616.957324348696,14016.968629575,13698.4676201511,14071.0580881551,57.938560340987,36.8705342792835,35.921489408025,-583.51646789453,-94.6892072409391,1.49011611938477e-08,1.49011611938477e-08,1.8340470298526,1.07198690012796,1.6909567970987,1.3525809916266,4,15
0.084,1000,15,623.24041070072,516.443831647586,623.24041070072,13774.7145100856,13576.9321285812,14528.2754050941,56.0268826254912,33.5370475718677,35.9272160201087,-463.199074202254,-70.4936629688096,1.49011611938477e-08,1.49011611938477e-08,1.84024029247933,1.31829116748345,2.13245740170932,1.32302752419546,4,15
0.085,1000,15,603.539171441338,182.725552301148,603.539171441338,13386.3868854205,13914.7923675583,14634.3655814093,52.2346923294975,28.7070443762011,36.0255614430665,-362.646339761735,-9.90613428582253,1.49011611938477e-08,1.49011611938477e-08,1.91740009806624,1.56240151539089,2.37021993087522,1.37774910878665,4,15
0.086,1000,15,595.017509414767,176.875843637675,595.017509414767,13371.7184270434,14259.9314561266,14251.5355596258,49.301569384168,23.7120698633233,36.3143666051108,-390.293572804093,77.5506009651439,1.49011611938477e-08,1.49011611938477e-08,1.95244094922437,1.5101854736134,2.65219102480427,1.29870699446137,4,15
0.087,1000,15,600.908200099731,115.344775708668,600.908200099731,13813.7036524775,14182.6023989263,13879.2188775752,48.6023184915716,21.0132561465265,36.2071263391185,-527.943844626209,80.1361716978643,1.49011611938477e-08,1.49011611938477e-08,1.94112428651279,1.24529482141855,2.04198365398771,1.36414959040367,4,15
0.088,1000,15,586.20513734511,259.030786774968,586.20513734511,14164.3243590515,13761.1857475476,14010.6836014642,48.7769156641593,21.6807545827272,35.1724174285775,-618.043485979617,-58.9185742305846,1.49011611938477e-08,1.49011611938477e-08,1.82666044430569,1.13848510527882,0.989385648413921,1.86042533941108,4,15
0.089,1000,15,573.311869431914,353.830230534183,573.311869431914,14017.0103776836,13522.964773863,14455.2052670216,48.0285783933748,23.9485667333534,32.6006762874799,-577.377080738105,-211.386182374042,1.49011611938477e-08,1.49011611938477e-08,1.79950688889717,1.20058640892329,0.621881018300212,2.87483190122901,4,15
0.09,1000,15,553.170299281039,446.114323037977,553.170299281039,13599.5848751342,13774.8725429926,14637.4625375589,46.2607062062787,25.6807779051608,30.8944788151375,-488.011277359896,-243.314089384146,1.49011611938477e-08,1.49011611938477e-08,1.88881375986115,1.28142964846645,0.668875950326718,4.25030746168592,4,15
0.091,1000,15,477.605337122563,518.222321127824,477.605337122563,13453.6593465071,14180.0196695314,14337.8823421216,45.0411367003003,26.096312271477,31.2268128386534,-458.044744823939,-177.149633248305,1.49011611938477e-08,1.49011611938477e-08,1.94450411097993,1.20380503992828,0.740352893067708,4.48921193721703,4,15
0.092,1000,15,399.679464351962,522.297048046929,399.679464351962,13778.0243112364,14223.00730101,13918.2099837139,46.1586116455076,26.1136212795689,33.356593486277,-514.519563545813,-66.7241591919772,1.49011611938477e-08,1.49011611938477e-08,1.94711860377597,0.989234501535426,0.736005073173594,2.6924436171211,4,15
0.093,1000,15,407.409700887941,522.050052611102,407.409700887941,14151.369159748,13841.873201607,13911.2606771977,49.0988887722582,26.2032312052484,36.3136344686271,-605.711662717352,4.4686625750279,1.49011611938477e-08,1.49011611938477e-08,1.84897891346267,0.871464697348313,0.739049944332189,1.91203975582047,4,15
0.094,1000,15,531.652613790096,493.541956022844,531.652613790096,14112.5735202617,13508.1261009401,14333.788702056,51.7224925170419,26.6885145641789,38.0234368592358,-621.298798286357,-21.7186332761086,1.49011611938477e-08,1.49011611938477e-08,1.78359274852323,0.980734404206428,0.847085046553505,1.89444840646528,4,15
0.095,1000,15,651.984920197147,531.852343314998,651.984920197147,13729.7861929199,13660.9926674837,14657.9843256119,51.77204687718,27.0173329437527,37.7562939968243,-539.909269377359,-67.0421130366922,1.49011611938477e-08,1.49011611938477e-08,1.86058505844234,1.21114149602012,1.08114666089882,2.22513429648413,4,15
0.096,1000,15,641.625816348304,524.989579558094,641.625816348304,13499.8533687447,14088.9765419502,14516.3799987331,48.358520942556,26.722845327509,35.2909867561949,-463.289356272965,-65.1207635751906,1.49011611938477e-08,1.49011611938477e-08,1.93705301888228,1.28020970228957,1.2642167574715,2.36488269605474,4,15
0.097,1000,15,612.609268518937,473.190533426978,612.609268518937,13728.2169041029,14251.7428911327,14095.7924089485,44.1577969976642,26.3186014021163,32.0789746390116,-472.847188085377,14.2789909347359,1.49011611938477e-08,1.49011611938477e-08,1.95800435415662,0.87984222827911,1.25972810040591,1.51942274729498,4,15
0.098,1000,15,515.87587833922,506.447036532692,515.87587833922,14118.4471158585,13947.494159909,13957.3091936711,43.8784861557039,26.3940196899746,31.4993955000518,-577.031872954248,118.081979946033,1.49011611938477e-08,1.49011611938477e-08,1.88404057003454,0.384271485033433,1.13249593558642,0.739487130413573,4,15
0.099,1000,15,509.992907914269,510.263932362815,509.992907914269,14196.4340387488,13550.5798659132,14302.4295292414,46.920382406209,26.9617197447959,33.2243481687107,-657.959658315227,147.908383741803,1.49011611938477e-08,1.49011611938477e-08,1.78600746093532,0.357070951917259,1.06219204682077,0.622407983944779,4,15
0.1,1000,15,594.639431410271,181.453202560916,594.639431410271,13810.8510064256,13576.0148965999,14633.6848894514,49.7483742214032,27.1891682927094,35.1760520149592,-640.687137144987,129.823999695936,1.49011611938477e-08,1.49011611938477e-08,1.8396427687555,0.619822834088972,1.12726467471314,0.847788130085446,4,15
0.101,1000,15,646.966746806261,-10100.2379877647,646.966746806261,13459.1924729513,13986.0453735567,14532.9587252014,52.222723432644,26.6015886622971,37.2472081510948,-618.451218970093,113.174923724498,1.49011611938477e-08,1.49011611938477e-08,1.92410488402484,0.862360867380419,1.20307438324356,1.11222573798169,4,15
0.102,1000,15,633.973673429925,-4933.52132349272,633.973673429925,13578.1531505328,14259.7798737499,14107.5243917999,52.8908977000995,26.1787270624588,37.6701717514591,-626.859044531903,65.8931110037343,1.49011611938477e-08,1.49011611938477e-08,1.95346205726386,1.00549170094032,1.15305073355671,1.3774040774847,4,15
0.103,1000,15,576.597501702133,329.38781700658,576.597501702133,13959.100461506,14069.665712869,13886.9363766554,52.8845083294725,26.2922819427781,37.5442230519402,-652.821401807374,25.358224752708,1.49011611938477e-08,1.49011611938477e-08,1.91532585959366,1.00235364315022,1.10448987656716,1.44147797897428,4,15
0.104,1000,15,620.114041067878,-119.241858200862,620.114041067878,14082.3921405763,13649.6006403996,14143.591254723,54.2991055939211,26.1725644920462,38.1266272902171,-684.944816190954,53.3863794330894,1.49011611938477e-08,1.49011611938477e-08,1.8224615413519,0.88599625852377,1.17077412131122,1.13622720625239,4,15
0.105,1000,15,634.740402067188,522.170112617957,634.740402067188,13799.7836936856,13549.9578122415,14576.8242447268,54.8540612602036,25.0576547928744,38.0623006604053,-651.499055669228,87.106075973126,1.49011611938477e-08,1.49011611938477e-08,1.84044105062797,0.881455057947729,1.34718862542894,0.948599918055196,4,15
0.106,1000,15,618.323735743072,-1832.98919687148,618.323735743072,13401.3878046871,13892.222080406,14621.2450259605,54.644465017034,22.9793729980307,37.808092844025,-620.601054443052,135.371501865922,1.49011611938477e-08,1.49011611938477e-08,1.91909842971117,0.921160703838291,1.47431128138252,0.874583295927503,4,15
0.107,1000,15,595.116754120751,174.254790505525,595.116754120751,13412.743574991,14215.947684096,14200.5685739239,54.6372959371428,21.8854566130544,37.3020413971641,-683.496819246026,151.439296728163,1.49011611938477e-08,1.49011611938477e-08,1.95319977648123,0.897403237513335,1.29730248238488,0.917297040735072,4,15
0.108,1000,15,525.098423431849,499.109361378752,525.098423431849,13876.8567437985,14114.620587414,13851.2685256921,54.3681974243205,23.686690530475,36.925557349785,-775.572104639221,13.870422225468,1.49011611938477e-08,1.49011611938477e-08,1.93440045083674,0.93169255566957,0.868328589246987,1.36077770034729,4,15
0.109,1000,15,455.394881756024,520.10597044418,455.394881756024,14192.6695788339,13689.2929951355,14014.6505437826,52.6873249828389,27.2953914289469,36.6345034613985,-746.07168086987,-236.259345255486,1.49011611938477e-08,1.49011611938477e-08,1.81839214637546,1.13310783142964,0.608477116714408,2.56418958893952,4,15
0.11,1000,15,425.129332356046,521.43983910074,425.129332356046,14014.9667725793,13477.1690483119,14456.8622017649,49.2369740156045,30.6028276579439,35.6509881359372,-602.062062230323,-403.709036071761,1.49011611938477e-08,1.49011611938477e-08,1.80111569150193,1.43003882995179,0.607426301156892,3.83042466847685,4,15
0.111,1000,15,383.181843102095,522.795217279262,383.181843102095,13604.5114358042,13752.3993727348,14617.1320181718,44.1290185270486,32.0980961871489,35.1525942635956,-463.281207088241,-411.809642236706,1.49011611938477e-08,1.49011611938477e-08,1.89096770737817,1.68451729464109,0.746919536463296,4.51468947922002,4,15
0.112,1000,15,318.843984306864,524.729971412749,318.843984306864,13489.8104973203,14151.8458502045,14287.7494866579,40.1580502695285,32.0733597877325,36.1688604609582,-418.306318848234,-302.838611154141,1.49011611938477e-08,1.49011611938477e-08,1.94378650449002,1.54466021257876,0.79435668606501,12.5793806345151,4,15
0.113,1000,15,282.738954631455,525.812098992571,282.738954631455,13847.3931503146,14174.7226035452,13872.9313211002,39.9194650022229,31.8481738467652,38.4143598767997,-483.975762910441,-156.618790837189,1.49011611938477e-08,1.49011611938477e-08,1.93929116876406,1.07060950897051,0.715812065258226,7.32817154197039,4,15
0.114,1000,15,294.277426065844,525.488330623425,294.277426065844,14223.4080839332,13787.9452772077,13895.0185021304,42.4157773707562,31.8259832426707,41.0135380572498,-575.393934874355,-73.5056822486204,1.49011611938477e-08,1.49011611938477e-08,1.82922399457265,0.815489481322703,0.673730251945578,3.42004719814694,4,15
0.115,1000,15,449.167411908471,520.523648679503,449.167411908471,14169.7428570284,13479.7483463199,14325.3546131061,44.612069557582,31.7985989187424,42.820396505794,-582.701814323912,-84.8922030958326,1.49011611938477e-08,1.49011611938477e-08,1.77212165329169,0.869513139411714,0.793246741127127,3.03867312370849,4,15
0.116,1000,15,650.931587336978,530.890028058918,650.931587336978,13771.3591183953,13657.1244546705,14615.6299129876,44.4173341828922,31.4536853212402,43.1938004963795,-517.792953347218,-116.155100321068,1.49011611938477e-08,1.49011611938477e-08,1.85891284329086,1.02378707468505,1.01529997234731,3.51318338473977,4,15
0.117,1000,15,639.984285267,524.226771446719,639.984285267,13558.6178546237,14084.2510588222,14435.3873570405,41.4561642641259,30.8796068420446,42.079884713955,-468.067305879328,-117.208141018958,1.49011611938477e-08,1.49011611938477e-08,1.93715047662486,0.953292837169085,1.13496211148378,3.91408065448787,4,15
0.118,1000,15,607.43134448289,395.318533887799,607.43134448289,13807.3258221986,14218.8862488579,14006.7748632645,38.7727592672511,30.7005515615628,40.7335405379564,-509.740413358418,-68.7066954918478,1.49011611938477e-08,1.49011611938477e-08,1.95358973922779,0.437850191880831,1.0172672919567,2.66120389692102,4,15
0.119,1000,15,526.243350334123,498.186939348366,526.243350334123,14193.0767830975,13893.2599947554,13896.3490176434,40.0772883405112,31.4013443565693,40.7011507133801,-620.193603971722,-19.1004108173151,1.49011611938477e-08,1.49011611938477e-08,1.86628387608998,1.49011611938477e-08,0.780675539312071,1.67550010782291,4,15
0.12,1000,15,525.560918733458,499.375719888064,525.560918733458,14252.1736325908,13508.1958713819,14265.8175491061,43.1636116618115,32.7762451541751,41.2190168955845,-667.543792644272,-44.1841324691567,1.49011611938477e-08,1.49011611938477e-08,1.77155003874942,0.353079379051426,0.605361555536183,1.80416266519221,4,15
0.121,1000,15,580.832690941316,305.333554175948,580.832690941316,13841.3992368683,13562.9378724487,14582.8579350444,45.8448779237407,33.919045421026,41.7430062089679,-627.774124015211,-79.521930232516,1.49011611938477e-08,1.49011611938477e-08,1.83519922442257,0.724583078084994,0.543306177244372,2.37029580086291,4,15
0.122,1000,15,647.654382068493,528.477138071721,647.654382068493,13502.0142726638,13988.4738120282,14460.8098018668,48.6277743513056,34.623251034636,42.6357452081992,-587.660569666971,-103.371049626842,1.49011611938477e-08,1.49011611938477e-08,1.9222303071512,1.02183283910205,0.521331329823636,2.96392235624388,4,15
0.123,1000,15,629.06313561793,520.277184214235,629.06313561793,13646.5404918941,14260.1662090244,14053.4371458198,49.4166858711572,34.9201859975001,42.8083111519171,-557.965314556502,-129.588501213391,1.49011611938477e-08,1.49011611938477e-08,1.95043402645496,1.19783107537358,0.586160135362492,3.3447492850595,4,15
0.124,1000,15,559.982474739934,419.778818964433,559.982474739934,14017.9232849837,14047.2575038836,13862.3965567824,49.5531856525949,34.2677319545084,42.8769795347502,-536.619043664749,-91.2828730583088,1.49011611938477e-08,1.49011611938477e-08,1.90331866625718,1.17471825399091,0.835590331588436,2.51965940316318,4,15
0.125,1000,15,629.856964790054,-50.7657165520822,629.856964790054,14105.6394597873,13631.9594729626,14144.6140766108,51.0758146111553,32.4004968491856,42.7066387253564,-556.367540211077,41.4247537945442,1.49011611938477e-08,1.49011611938477e-08,1.81331628415096,0.981526894543404,1.20302010919709,1.32186063249377,4,15
0.126,1000,15,636.326075950605,522.693386746869,636.326075950605,13801.7051154437,13559.8918834468,14563.8799521712,51.7733147709329,29.2761627001622,41.275866525852,-543.666157898502,143.501716412207,1.49011611938477e-08,1.49011611938477e-08,1.83988565416613,0.927932937564566,1.63536414216914,0.787872142170448,4,15
0.127,1000,15,617.153709565696,501.425690848648,617.153709565696,13416.1559083764,13913.745100933,14574.9540132639,51.813381774299,25.7255683352247,39.6206111815876,-547.703353026774,216.575331646539,1.49011611938477e-08,1.49011611938477e-08,1.91990219354557,0.943836688774087,2.01670397691263,0.57539997874065,4,15
0.128,1000,15,579.150538444682,312.27545068127,579.150538444682,13462.7043391222,14220.0703205684,14152.0695860128,51.9166670153805,24.6055551516412,37.9131082318825,-651.767784428479,205.516915751518,1.49011611938477e-08,1.49011611938477e-08,1.95345170739598,0.910831901559714,1.85228317647965,0.667224223743224,4,15
0.129,1000,15,489.095202420826,516.513793662483,489.095202420826,13926.1853328036,14085.0997843624,13835.1829560811,51.6461169769679,27.5994832984784,37.1208946961409,-783.65032131354,16.7895469138759,1.49011611938477e-08,1.49011611938477e-08,1.92761386049543,0.922005908074592,0.940788242215492,1.26695690691531,4,15
0.13,1000,15,363.865533066297,523.373465724046,363.865533066297,14218.8157201328,13654.4078974043,14039.324465686,50.3624904279202,32.6929900589599,37.9159708354728,-783.475959501739,-274.746072984771,1.49011611938477e-08,1.49011611938477e-08,1.81075883146215,1.08382264906908,0.376441300131084,2.70119822745819,4,15
0.131,1000,15,292.290745754039,525.527275190921,292.290745754039,14014.8841518815,13467.2510458333,14483.7825033349,47.7047951463283,37.46765990991,38.7403207736304,-661.07723063575,-458.581671610844,1.49011611938477e-08,1.49011611938477e-08,1.80184195192635,1.33861588554749,1.49011611938477e-08,3.24422941813039,4,15
0.132,1000,15,235.478485327808,527.225750373058,235.478485327808,13601.7255046706,13764.9975243042,14610.4151485824,43.7150336134192,40.6121012533163,39.2396367289882,-520.386638780593,-478.506459613306,1.49011611938477e-08,1.49011611938477e-08,1.89292878285211,1.52384475872825,0.17296093901673,3.29266860797007,4,15
0.133,1000,15,173.422929975475,529.076770437496,173.422929975475,13518.5476110284,14158.5970043847,14256.0789020712,40.7087329686572,42.1741128210137,40.235173656606,-458.089452529871,-373.895888400686,1.49011611938477e-08,1.49011611938477e-08,1.94337488050064,1.37345548326626,0.301759604161535,6.68020751816728,4,15
0.134,1000,15,146.612626961585,529.893487521044,146.612626961585,13899.0744733771,14156.9613847584,13853.0788787528,40.4548322464638,42.804807339309,42.0649303972363,-470.242155026841,-231.340052673785,1.49011611938477e-08,1.49011611938477e-08,1.93181177971338,1.04461692417558,0.44135581056574,13.3415826101211,4,15
0.135,1000,15,177.974136896547,528.96678412957,177.974136896547,14263.2208282149,13761.4501554031,13906.5983227449,41.6212350388459,42.7764789630498,44.3099091267501,-487.447809252374,-136.617349758491,1.49011611938477e-08,1.49011611938477e-08,1.81421764672576,0.932349390785592,0.703062610537779,4.21582138498821,4,15
0.136,1000,15,324.503579265558,524.602029560487,324.503579265558,14172.0492422446,13476.4052765197,14331.6750646718,41.7548134337078,42.0043311991646,46.3908084804978,-447.094011734639,-110.736235736749,1.49011611938477e-08,1.49011611938477e-08,1.76893801438566,1.0786692557517,1.09640531500484,3.34858153340774,4,15
0.137,1000,15,576.718101246383,335.744869031351,576.718101246383,13763.0363592447,13678.3341504909,14583.1877791062,40.0209055229503,40.5354875955325,47.9775889087142,-378.631824032194,-107.078056483425,1.49011611938477e-08,1.49011611938477e-08,1.86178644464372,1.29594308689646,1.54081759368848,3.57035528617477,4,15
0.138,1000,15,640.704964202233,-7220.43757967722,640.704964202233,13576.2153205628,14098.2876781121,14373.943640071,35.578214559993,39.1870548119256,48.25886542031,-360.063500189362,-102.528375667862,1.49011611938477e-08,1.49011611938477e-08,1.93863182734549,1.20244512496356,1.68995265989461,4.14555972918087,4,15
0.139,1000,15,608.027476157431,-651.300760083799,608.027476157431,13844.9996229399,14203.0553735912,13944.9549500605,32.2346631274314,38.9484862342273,47.9682842185043,-455.533154536894,-79.2547838301872,1.49011611938477e-08,1.49011611938477e-08,1.95041123651624,0.564115023406863,1.24617610040869,3.56987822875064,4,15
0.14,1000,15,522.544472968292,501.752853180933,522.544472968292,14221.6133099774,13855.4978568039,13864.9195076863,34.4861524464669,40.371395403114,47.9840567713423,-616.385801125423,-83.4805241744618,1.49011611938477e-08,1.49011611938477e-08,1.8534266934984,1.49011611938477e-08,0.667150073176793,2.94437204553393,4,15
0.141,1000,15,496.842767854647,514.846259436596,496.842767854647,14249.4433925255,13483.4456314644,14249.4607924811,39.0310154797079,43.0802395392345,47.7161577142803,-688.208988390952,-163.592294508396,1.49011611938477e-08,1.49011611938477e-08,1.76471963350759,0.410337157557332,1.49011611938477e-08,4.33826844439097,4,15
0.142,1000,15,501.142384908496,513.622965207081,501.142384908496,13815.4374550755,13570.288378988,14538.7803065728,43.9142280180564,45.7556470523602,47.5239644631557,-658.76546018871,-234.949393220898,1.49011611938477e-08,1.49011611938477e-08,1.8369783622647,0.782277118016751,1.49011611938477e-08,7.77553392422075,4,15
0.143,1000,15,645.143740142742,526.426584317921,645.143740142742,13496.1275456982,14006.9337088227,14387.6334089471,48.6609254506965,47.7401290349809,48.0117878469703,-602.752780524317,-282.990578296303,1.49011611938477e-08,1.49011611938477e-08,1.92314496066664,1.14587040938208,1.49011611938477e-08,11.8881173560109,4,15
0.144,1000,15,634.75013123659,522.215115071084,634.75013123659,13668.3764556907,14256.9932697584,13975.5038073381,50.403175117658,48.6016853315279,48.0339887007882,-518.32783146648,-316.916946288618,1.49011611938477e-08,1.49011611938477e-08,1.94801865639469,1.44750563382006,1.49011611938477e-08,14.2239056529073,4,15
0.145,1000,15,585.025973964623,265.509380515119,585.025973964623,14040.1719864499,14027.9872198829,13809.9185649974,50.3560789278464,47.6665377520305,47.8447242926407,-421.848231420485,-251.155772155236,1.49011611938477e-08,1.49011611938477e-08,1.89196783971463,1.56391151955936,0.669088509888523,5.90849504812986,4,15
0.146,1000,15,627.897686542343,-229.38903659471,627.897686542343,14092.1798842671,13622.7004980766,14104.5508119305,51.1771693362155,44.9766387086545,47.3848127600792,-387.862489631582,-73.4549227793528,1.49011611938477e-08,1.49011611938477e-08,1.80614369683599,1.44036160037251,1.2801528149403,2.00064531712687,4,15
0.147,1000,15,635.150695218852,522.299950026093,635.150695218852,13755.6531285663,13579.2659048189,14506.4034300581,51.4955219881506,41.1403271678225,44.9838886562805,-368.619690463483,88.1652660842529,1.49011611938477e-08,1.49011611938477e-08,1.84345487573881,1.40456792520937,1.80047753050446,1.05348995654318,4,15
0.148,1000,15,607.91463924174,406.332211838544,607.91463924174,13382.2796512093,13946.5827347819,14491.7602192848,51.5199884694737,37.471514425144,42.1134855296216,-399.501070663142,178.636250748544,1.49011611938477e-08,1.49011611938477e-08,1.92283635002419,1.41912652438335,2.3721129605212,0.737320918752867,4,15
0.149,1000,15,566.336296263013,390.885446250364,566.336296263013,13460.7745838225,14234.1305818498,14070.4033838777,51.877455307853,36.4493248181333,39.7136516704834,-542.281875869574,157.255158025492,1.49011611938477e-08,1.49011611938477e-08,1.95421266546947,1.333268177651,3.25963988733728,0.841403492431896,4,15
0.15,1000,15,474.214992563178,518.633945600944,474.214992563178,13922.5940651185,14069.8221136691,13783.8507195983,52.1055151995773,39.3199637940872,38.9965339196806,-723.18566270451,-48.0784586632105,1.49011611938477e-08,1.49011611938477e-08,1.92379025074079,1.23784243279815,1.10386695764147,1.5186238713256,4,15
0.151,1000,15,370.862881093278,523.163455337218,370.862881093278,14184.5418810498,13635.7057543427,14016.0829893279,51.6924517047424,44.4367810011163,40.1918617118622,-777.764264871716,-335.820246779802,1.49011611938477e-08,1.49011611938477e-08,1.80862294121703,1.27274575179015,1.49011611938477e-08,2.51637244534721,4,15
0.152,1000,15,260.576692754327,526.469128286482,260.576692754327,13955.6393292857,13474.1290272672,14463.0651031761,50.3560318989567,49.5147384100128,41.6463742563545,-691.520450232263,-541.155088431008,1.49011611938477e-08,1.49011611938477e-08,1.80797814111662,1.41572481132098,1.49011611938477e-08,2.17956223443448,4,15
0.153,1000,15,175.302489538518,529.024087102097,175.302489538518,13548.4559063865,13793.5080305835,14569.2749964319,47.999560928227,53.2671694500386,42.147837441921,-566.765515048218,-573.116943485289,1.49011611938477e-08,1.49011611938477e-08,1.89818794176406,1.51990485619187,1.49011611938477e-08,2.1302316544022,4,15
0.154,1000,15,135.363619675937,530.229880722888,135.363619675937,13499.4520842459,14177.5786033212,14203.9830716353,46.018920604004,55.4370383559684,42.380281246559,-482.538338412832,-479.335926736048,1.49011611938477e-08,1.49011611938477e-08,1.94502912507806,1.38537245182202,1.49011611938477e-08,3.55370506075277,4,15
0.155,1000,15,97.6311221068705,531.348163440641,97.6311221068705,13896.3447022156,14149.9839485609,13815.7587070639,45.7429329686543,56.2782292213553,43.5449647763038,-438.320347198657,-333.732285746479,1.49011611938477e-08,1.49011611938477e-08,1.92864946667357,1.17599205882461,1.49011611938477e-08,22.6192554665031,4,15
0.156,1000,15,137.918400123528,530.166692525408,137.918400123528,14245.0319834374,13748.3117011962,13898.7689456651,45.9526101785115,56.0216637457387,45.6253563445495,-392.863265478131,-216.645844403284,1.49011611938477e-08,1.49011611938477e-08,1.80886004699694,1.209992734905,0.719781494694963,5.56883043507989,4,15
0.157,1000,15,306.877548653264,525.136299496177,306.877548653264,14126.3557032742,13488.9370638652,14324.7211992392,44.5462035199438,54.6479640845638,48.0520768849909,-308.990131756524,-144.358335784585,1.49011611938477e-08,1.49011611938477e-08,1.77422647627511,1.52515062843549,1.41284698167229,3.66845110989455,4,15
0.158,1000,15,545.826010778322,469.357968136869,545.826010778322,13721.9132224798,13713.2054659426,14554.7515738406,40.9001655208022,52.4980896609255,50.0865600073768,-234.252188772869,-110.838947318948,1.49011611938477e-08,1.49011611938477e-08,1.86903617394178,1.95331045172927,2.25558267554908,3.70068350697349,4,15
0.159,1000,15,638.366245713299,523.535766440011,638.366245713299,13565.6579596543,14126.5279106235,14327.3752182965,33.7909674109681,50.5775276797546,50.7643267393501,-239.795276413172,-92.8059464550974,1.49011611938477e-08,1.49011611938477e-08,1.94163410167593,1.96837121380917,2.78845839066974,4.36873924982562,4,15
0.16,1000,15,600.901388007778,209.863793989298,600.901388007778,13854.3710153874,14198.4675014855,13908.8167042197,27.9307397604992,50.0094483736355,50.6201787870318,-392.438077160371,-63.4906041144345,1.49011611938477e-08,1.49011611938477e-08,1.94972474075246,0.979670171302535,1.64664354986603,3.94333997692244,4,15
0.161,1000,15,502.70674469238,512.882710946048,502.70674469238,14223.2412839206,13831.4213402129,13858.5743256742,30.6832209470859,51.4619381207701,50.6023462046309,-613.020081862761,-80.338602153646,1.49011611938477e-08,1.49011611938477e-08,1.84752286110471,0.204090959293672,0.59510931465883,3.53064350911296,4,15
0.162,1000,15,436.518795301885,520.981874689901,436.518795301885,14219.0927715439,13475.5272110576,14254.3378821827,37.6767335102221,54.360597641063,50.2187554593016,-743.145441270561,-187.227647761529,1.49011611938477e-08,1.49011611938477e-08,1.76692120981262,0.275995656427219,1.49011611938477e-08,5.92656830978458,4,15
0.163,1000,15,387.541736430163,522.696373407536,387.541736430163,13775.5437266129,13590.2898753556,14521.9010610597,45.1532725842711,57.3522003285999,49.7148752757554,-734.345216337246,-287.71006407494,1.49011611938477e-08,1.49011611938477e-08,1.84326692452263,0.650993438708133,1.49011611938477e-08,12.117278863526,4,15
0.164,1000,15,569.567000675726,378.237303820916,569.567000675726,13479.292123543,14033.8343534137,14334.9024762673,52.0782043019356,59.5591208348369,50.2711447694183,-668.016584525255,-365.503628943037,1.49011611938477e-08,1.49011611938477e-08,1.9261634825586,1.06183523899522,1.49011611938477e-08,10.8546597817215,4,15
0.165,1000,15,643.051644734135,525.736545617672,643.051644734135,13678.7547436051,14258.4131591851,13916.7759328838,55.0873663518229,60.3309520573554,50.3736274826832,-533.938391636952,-428.031684125782,1.49011611938477e-08,1.49011611938477e-08,1.94771040824831,1.48840226067666,1.49011611938477e-08,9.93776835635851,4,15
0.166,1000,15,607.592337618399,385.840674951948,607.592337618399,14043.5057824059,14007.7425117371,13774.297505462,55.0946555962884,59.1001704425445,49.8584558627136,-375.150436660228,-375.868488707155,1.49011611938477e-08,1.49011611938477e-08,1.88551773614939,1.78996169765283,0.561500955628092,14.9374843886328,4,15
0.167,1000,15,628.783134667616,-3507.73336979351,628.783134667616,14063.7104601676,13613.4232708635,14080.1152247235,55.1618666656148,55.8909190812934,48.9061518627062,-278.637148062323,-176.682026227614,1.49011611938477e-08,1.49011611938477e-08,1.80400652419766,1.84389091897303,1.28766876253874,3.10536458734017,4,15
0.168,1000,15,626.725440737654,-3193.09868682369,626.725440737654,13711.2861570153,13599.6102175342,14469.5411512741,55.0593107676351,51.5518846886199,46.1058105106237,-231.704533644198,3.7703424167859,1.49011611938477e-08,1.49011611938477e-08,1.84846598781077,1.94699350816458,1.62980486207114,1.5987356971702,4,15
0.169,1000,15,588.501070600176,236.65519027203,588.501070600176,13354.1231995096,13979.4353811697,14429.5935281149,55.0977070008705,47.5361870826073,42.7354120166564,-270.085381490681,106.480861530074,1.49011611938477e-08,1.49011611938477e-08,1.92569138619309,2.03407596648645,1.98940535863049,1.18566243181939,4,15
0.17,1000,15,533.640205632586,489.106634628757,533.640205632586,13463.3510589524,14246.5785276442,14003.1193550732,55.776316261621,46.125987092155,40.0322821547763,-442.010546022809,91.2947429355624,1.49011611938477e-08,1.49011611938477e-08,1.95438687515935,1.87598980450564,5.09874948878847,1.27733940066511,4,15
0.171,1000,15,477.929117331184,518.24086850001,477.929117331184,13922.0189624493,14049.4247408672,13742.7909338959,56.6121086713763,48.6451527174164,39.0741123152112,-661.699792616065,-92.1847740765861,1.49011611938477e-08,1.49011611938477e-08,1.91847655632196,1.58047727902443,1.11489172047834,1.94052688870819,4,15
0.172,1000,15,407.719086813102,522.026454336284,407.719086813102,14157.3119170317,13613.4899007617,14002.3504304316,57.0143790738961,53.4998097375853,39.8377969772188,-774.342150385865,-387.519964385166,1.49011611938477e-08,1.49011611938477e-08,1.8048162467266,1.43014518442217,1.49011611938477e-08,2.34427699180843,4,15
0.173,1000,15,334.951555558936,524.247203131107,334.951555558936,13907.5533483531,13478.433839874,14450.5173318919,56.6783385003473,58.4768462680055,40.8987690391492,-723.599456584227,-594.331194051277,1.49011611938477e-08,1.49011611938477e-08,1.81285959396275,1.43653406361315,1.49011611938477e-08,1.79527269379822,4,15
0.174,1000,15,259.840218048344,526.49280091311,259.840218048344,13507.5799703164,13817.115248171,14537.934037933,55.5239006740988,62.257496731028,41.2889383987189,-611.561004276302,-632.078026579987,1.49011611938477e-08,1.49011611938477e-08,1.90308494743101,1.45539010635042,1.49011611938477e-08,1.76527735315815,4,15
0.175,1000,15,192.614480427812,528.508230021525,192.614480427812,13486.9079722308,14187.815311251,14163.9972855267,54.5206331241312,64.4136723694563,41.6926232122317,-516.191575445231,-537.446091106343,1.49011611938477e-08,1.49011611938477e-08,1.94661819629456,1.32306798152753,1.49011611938477e-08,2.9649101546146,4,15
0.176,1000,15,170.357698898782,529.186186310034,170.357698898782,13893.0174036687,14129.5983754127,13794.3035880903,54.5327817615031,65.0164370135148,43.223438620643,-449.250656798342,-386.5861062028,1.49011611938477e-08,1.49011611938477e-08,1.9257112244108,1.19925380032136,1.49011611938477e-08,16.971669190975,4,15
0.177,1000,15,213.122873338871,527.905636642024,213.122873338871,14220.7505927978,13717.7981769381,13907.0261772465,54.521487352702,64.3208498437769,45.8153151843952,-375.15364742794,-243.469089773771,1.49011611938477e-08,1.49011611938477e-08,1.80476562864978,1.34212186310229,0.725741770822237,5.73584653990407,4,15
0.178,1000,15,390.360122728449,522.617607576535,390.360122728449,14077.2848943429,13481.2761530416,14340.6129969551,52.8057660593993,62.4192198594803,48.7487252294499,-274.142260589906,-151.753821657454,1.49011611938477e-08,1.49011611938477e-08,1.77954275757833,1.775413724265,1.52801418384508,3.62146475618253,4,15
0.179,1000,15,630.397415449813,-237.394524141685,630.397415449813,13680.9230303993,13730.6203111918,14558.9140076483,48.4633350082572,59.7664893724185,50.9068288891636,-191.671252560615,-109.016791346514,1.49011611938477e-08,1.49011611938477e-08,1.87603384823037,2.37091181455562,2.47453271367486,3.70965693799373,4,15
0.18,1000,15,636.01574113304,522.645562655649,636.01574113304,13553.2562237991,14136.3122197231,14319.2358742736,40.3803801707798,57.4380761907979,51.299286176757,-206.496164720346,-78.0493353841088,1.49011611938477e-08,1.49011611938477e-08,1.94453335430509,2.53877041850779,3.43026734014414,4.32848002287489,4,15
0.181,1000,15,590.706082365517,216.795475389714,590.706082365517,13858.5556096473,14178.5995739359,13918.9948291877,32.8510693052199,56.4788541887287,50.7431521303892,-378.535172513952,-25.9302534675194,1.49011611938477e-08,1.49011611938477e-08,1.94979636097724,1.2582968583085,1.92614227413873,3.42904017226732,4,15
0.182,1000,15,480.424413846402,517.888164378844,480.424413846402,14211.8407105367,13795.4486947586,13898.6113384536,34.2338787052548,57.4376675918242,50.6660841073908,-656.097686874064,-16.1057141427804,1.49011611938477e-08,1.49011611938477e-08,1.84503383067716,0.188743382234157,0.661453657154707,2.48178193580152,4,15
0.183,1000,15,394.199591262023,522.444358848608,394.199591262023,14180.6029749149,13457.3548430373,14303.3212584818,41.518353284452,59.8170163463846,50.6690391543824,-825.565261542527,-110.169489830384,1.49011611938477e-08,1.49011611938477e-08,1.77272513774033,1.49011611938477e-08,1.49011611938477e-08,3.1747586853622,4,15
0.184,1000,15,312.292765865012,524.935606238597,312.292765865012,13734.9326555529,13600.268406109,14547.6836043367,49.6335654131493,62.3278891766332,50.6777946536105,-833.232047605186,-211.49221968957,1.49011611938477e-08,1.49011611938477e-08,1.85181324896525,0.389322165184794,1.49011611938477e-08,5.32105464718557,4,15
0.185,1000,15,495.367833009022,515.648351569969,495.367833009022,13464.5625362807,14047.1250989695,14329.7210706837,57.0040284817301,64.0979064894418,51.8381873692764,-768.260675860784,-304.83187057005,1.49011611938477e-08,1.49011611938477e-08,1.92999990038254,0.83156024516226,1.49011611938477e-08,8.48005942008816,4,15
0.186,1000,15,647.542389778208,-10576.2406767459,647.542389778208,13691.460147282,14247.4427669248,13908.2483649072,60.371895868285,64.4806617619019,52.4327335557259,-624.790495212837,-396.233253871208,1.49011611938477e-08,1.49011611938477e-08,1.94826181073288,1.2920686833057,1.49011611938477e-08,11.0140127935787,4,15
0.187,1000,15,619.917073205788,-2083.77794634488,619.917073205788,14053.6759794366,13980.2295246333,13791.8058378284,60.2332914965835,62.7777752044094,52.0392611496784,-422.272421215526,-374.767360621065,1.49011611938477e-08,1.49011611938477e-08,1.88121942430384,1.67838425424046,0.650577722277728,9.49019118039183,4,15
0.188,1000,15,627.379353546499,-3333.52750872501,627.379353546499,14052.6286485678,13596.04398997,14119.2215007338,59.6552109928494,58.8788085802725,50.9691505831933,-280.982807383419,-196.051677606321,1.49011611938477e-08,1.49011611938477e-08,1.80431569962011,1.88369668634252,1.37141288338836,3.36749177805726,4,15
0.189,1000,15,614.434467576443,-1351.5089785155,614.434467576443,13682.8959246284,13611.8068178328,14491.5398389002,59.1379465248363,53.7536731026991,48.3963838388788,-202.428508295019,-21.2307773520451,1.49011611938477e-08,1.49011611938477e-08,1.85468628848292,2.13613871318411,1.60992591602762,1.96698655598472,4,15
0.19,1000,15,567.136364018934,388.266338880664,567.136364018934,13338.4597767671,14002.3394181682,14417.3963572042,59.1503743357674,48.9107003458086,45.2658414049088,-236.903702092253,90.1474906214499,1.49011611938477e-08,1.49011611938477e-08,1.92848186915863,2.31279464017671,1.85991907049271,1.54549619933311,4,15
0.191,1000,15,528.843133698659,495.380205848871,528.843133698659,13476.4827697432,14250.2336400835,13977.6700041023,60.0158607722945,46.5596824429076,42.3139270280499,-409.33838941196,91.0480696913177,1.49011611938477e-08,1.49011611938477e-08,1.95417582684089,2.10804592149114,5.4613475938381,1.60719331287433,4,15
0.192,1000,15,493.110010721069,515.789688680117,493.110010721069,13940.1721346253,14030.5744095856,13741.0588877998,61.0757727205521,48.3423365240424,40.3641080263402,-652.533530808098,-93.0700587340202,1.49011611938477e-08,1.49011611938477e-08,1.91147386006863,1.72156040548565,1.07240930393451,2.25376385888873,4,15
0.193,1000,15,459.287218409741,519.867260475757,459.287218409741,14155.4994568786,13601.0974734732,14026.9592975375,61.6109339405341,52.8404381439548,39.7669291067024,-765.749578140378,-386.893359765734,1.49011611938477e-08,1.49011611938477e-08,1.79996186607256,1.52794172863003,1.49011611938477e-08,2.59811763293254,4,15
0.194,1000,15,409.056145605272,521.98256590565,409.056145605272,13889.6317355956,13495.2135866525,14473.1176425419,61.2187134365549,57.57683262566,39.6382636674722,-708.478572368275,-590.058108586204,1.49011611938477e-08,1.49011611938477e-08,1.81700770275973,1.52080797255171,1.49011611938477e-08,1.94404126723207,4,15
0.195,1000,15,345.898410955096,523.915791264365,345.898410955096,13498.4292691559,13850.1501606172,14534.4892119803,60.00548798988,61.10913845594,39.3773173649771,-594.519044901478,-620.864039320462,1.49011611938477e-08,1.49011611938477e-08,1.90752186713371,1.51729525616429,1.49011611938477e-08,1.90855343592321,4,15
0.196,1000,15,270.825446086031,526.156668296367,270.825446086031,13502.4796792179,14203.4556975615,14141.9578745036,59.1865864379659,62.9866820927146,39.9934586919356,-508.945115025928,-523.164207516709,1.49011611938477e-08,1.49011611938477e-08,1.94813520293258,1.3636953326515,1.49011611938477e-08,3.39073218416629,4,15
0.197,1000,15,209.860003951443,528.002118377678,209.860003951443,13914.7302078736,14112.578530532,13790.2562900523,59.4597116087861,63.2454893987474,42.0639647984466,-451.522150618943,-358.678595995768,1.49011611938477e-08,1.49011611938477e-08,1.92195632570557,1.25272256307108,1.49011611938477e-08,26.6428385657457,4,15
0.198,1000,15,245.592478233873,526.947174307915,245.592478233873,14218.2936093496,13693.3897219194,13931.058491486,59.738623634538,62.2165839658874,45.1408377790063,-391.487111000183,-218.353737097449,1.49011611938477e-08,1.49011611938477e-08,1.80013012799771,1.41902095456805,0.746173559310491,5.1735759484723,4,15
0.199,1000,15,454.954714091769,520.206597528274,454.954714091769,14052.3855597243,13479.8420406708,14368.8665585537,58.3157602146447,60.0808381926721,48.4183716985147,-296.094545136689,-138.562087658961,1.49011611938477e-08,1.49011611938477e-08,1.78342620243949,1.88902559854312,1.53420370120881,3.66632479954362,4,15
0.2,1000,15,649.266872898612,-11596.6169845299,649.266872898612,13662.6500301653,13751.3998322073,14570.7727655256,54.0712925649915,57.3128360857162,50.4309009014175,-211.087916399089,-106.911176641696,1.49011611938477e-08,1.49011611938477e-08,1.88148721025476,2.54899634636962,2.43828157326208,4.03474773435123,4,15
0.201,1000,15,636.307652149401,-5633.94060065703,636.307652149401,13561.8430116206,14148.4617205798,14315.2390620046,46.2101113138696,54.9514538364961,50.3647848103106,-220.400317018727,-76.7197250147074,1.49011611938477e-08,1.49011611938477e-08,1.94666269344097,2.74509774841419,3.16705429471407,4.81505817677674,4,15
0.202,1000,15,592.789031198771,195.738467097572,592.789031198771,13881.3654494108,14161.4592402285,13931.5192160367,38.3270347335639,53.8917910059519,49.2172868446417,-399.62530920622,-5.3701830319089,1.49011611938477e-08,1.49011611938477e-08,1.94834886957792,1.38933933709081,1.81584672252631,3.45188920943151,4,15
0.203,1000,15,461.071378659474,519.713413854301,461.071378659474,14214.9264284079,13767.7745491839,13937.5453760237,38.4317530376504,54.6605074608126,48.9228538822654,-682.254200165808,32.7836900771414,1.49011611938477e-08,1.49011611938477e-08,1.84107694478414,0.315408477242443,0.673554460778554,2.0874126400504,4,15
0.204,1000,15,372.572362728847,523.101754533029,372.572362728847,14157.5139771319,13448.1955315213,14351.437148909,44.949835432985,56.7149969096754,49.3436315841529,-857.957792157242,-33.9293376148526,1.49011611938477e-08,1.49011611938477e-08,1.77699363799387,1.49011611938477e-08,1.49011611938477e-08,2.20535904758447,4,15
0.205,1000,15,322.779123679059,524.625293031322,322.779123679059,13704.0716411417,13619.867137405,14572.0676164675,52.6360745873136,58.8247423194566,50.1909863174232,-874.80493622959,-118.442556332956,1.49011611938477e-08,1.49011611938477e-08,1.85981292525627,0.322415534351892,1.49011611938477e-08,3.05215999797508,4,15
0.206,1000,15,504.142426498404,512.938178690022,504.142426498404,13459.9730583461,14067.7225797956,14329.4690908323,59.3478967683057,60.2616292503706,51.8984426686976,-822.396004112122,-208.969078156445,1.49011611938477e-08,1.49011611938477e-08,1.93341781639733,0.757693200036538,1.49011611938477e-08,4.45570627587072,4,15
0.207,1000,15,647.787237082169,-10723.5921733379,647.787237082169,13710.1127154331,14237.7076577269,13910.1134403778,62.1538776028519,60.4411513353644,52.7798577259489,-679.778581139054,-320.933568486227,1.49011611938477e-08,1.49011611938477e-08,1.94839915960394,1.20020990248938,1.49011611938477e-08,6.49935828800369,4,15
0.208,1000,15,621.017319413194,-2232.33699506623,621.017319413194,14060.3354322009,13947.7041008939,13818.6665621479,61.6461105007316,58.6723246007086,52.655645620516,-484.697297672421,-322.27532139327,1.49011611938477e-08,1.49011611938477e-08,1.87734911869336,1.57382836881202,0.744115980714171,5.86505033839168,4,15
0.209,1000,15,627.246777262044,-3269.02486877178,627.246777262044,14038.4695327287,13578.5183950429,14162.8666707848,60.7921611645787,54.6269151543708,52.0221570702165,-340.650689354605,-170.074111569341,1.49011611938477e-08,1.49011611938477e-08,1.80650849419345,1.79904825066793,1.4466140864858,3.013758291866,4,15
0.21,1000,15,612.068321972398,-1030.84522212522,612.068321972398,13650.5562008075,13623.5222713068,14515.364710086,60.081391698323,49.24539697133,50.0326141717535,-256.479332538911,-12.9703251841255,1.49011611938477e-08,1.49011611938477e-08,1.86209981167471,2.0662628186467,1.7699397403798,1.99774117590562,4,15
0.211,1000,15,555.46323546554,438.584878327263,555.46323546554,13319.6575978036,14023.8468488107,14410.7503932984,60.0679576215976,44.1108421886417,47.3811253682862,-287.019762789963,90.1848023880422,1.49011611938477e-08,1.49011611938477e-08,1.93176079711188,2.21560286275371,2.14934488364404,1.6404433544821,4,15
0.212,1000,15,516.913683614469,506.442177776166,516.913683614469,13484.5077551186,14251.1262972055,13959.751880859,61.0082676190487,41.6481644387007,44.5694203044635,-466.465484211974,91.3731221659935,1.49011611938477e-08,1.49011611938477e-08,1.95475645516481,1.99504780492511,4.479782595979,1.70122004279523,4,15
0.213,1000,15,505.295442908292,511.956111664226,505.295442908292,13950.4964416825,14007.5317642582,13746.5702470868,62.1413725259461,43.8530316750862,42.2616522937167,-699.653167519511,-100.138217823993,1.49011611938477e-08,1.49011611938477e-08,1.90683089854252,1.65472777680024,0.890719535465536,2.32834587293185,4,15
0.214,1000,15,486.744880479803,516.989706410871,486.744880479803,14144.9940047035,13585.466810272,14057.1108292794,62.4792771362002,48.8592128820056,40.9924049655278,-784.781706861026,-391.584835050431,1.49011611938477e-08,1.49011611938477e-08,1.79881075886583,1.51826220098972,1.49011611938477e-08,2.75056874933665,4,15
0.215,1000,15,443.08100583891,520.72402772434,443.08100583891,13863.6144023401,13509.5982191873,14497.5403388336,61.5562735392182,53.8739313007522,40.0931383700523,-702.137791357339,-582.752630497324,1.49011611938477e-08,1.49011611938477e-08,1.82373796375301,1.55140618172683,1.49011611938477e-08,2.13028255275926,4,15
0.216,1000,15,375.35326230033,523.037712904854,375.35326230033,13479.7800889103,13879.2777833544,14527.9863137546,59.8272767815111,57.4517717365583,39.3361320946859,-586.524493531609,-602.50475865986,1.49011611938477e-08,1.49011611938477e-08,1.91265669520884,1.54633894861275,1.49011611938477e-08,2.14330895634114,4,15
0.217,1000,15,289.901833018538,525.601452569391,289.901833018538,13511.1879893261,14214.0404675437,14119.8649064275,58.8448175109232,59.2707393394173,39.970462272586,-503.582258222239,-490.50919528359,1.49011611938477e-08,1.49011611938477e-08,1.94984318200839,1.36101764835334,1.49011611938477e-08,4.13030951586127,4,15
0.218,1000,15,231.788696012155,527.33062378286,231.788696012155,13930.624847176,14093.2974588239,13788.8857310377,59.2628158178242,59.4682711981367,42.1515128820517,-465.606886699053,-321.411509150301,1.49011611938477e-08,1.49011611938477e-08,1.91899215172756,1.21533583260375,1.49011611938477e-08,28.33749402389,4,15
0.219,1000,15,265.535527665308,526.349876953442,265.535527665308,14210.8208394322,13667.4044392741,13958.1982226611,59.9848563166506,58.4406980447681,45.3074160139655,-428.36095265444,-189.200359442852,1.49011611938477e-08,1.49011611938477e-08,1.79756446962037,1.35119315047439,0.800227655840973,4.54366467397861,4,15
0.22,1000,15,471.89922315682,519.039023200861,471.89922315682,14026.4720684356,13477.0994501643,14398.4093195598,58.9105800414062,56.4798315455171,48.5082487805924,-342.876829535502,-127.733948897213,1.49011611938477e-08,1.49011611938477e-08,1.78868889764434,1.78765365165575,1.52498648938474,3.56343598574495,4,15
0.221,1000,15,649.871506426984,530.052995224613,649.871506426984,13638.75980771,13770.1745865512,14577.7347761978,54.9372912263646,54.0362919571919,50.2773836944024,-263.913512075202,-109.338769683694,1.49011611938477e-08,1.49011611938477e-08,1.88760688269541,2.37728201934708,2.33506731250025,4.08876733358416,4,15
0.222,1000,15,636.69819184397,522.89753345102,636.69819184397,13562.690518867,14158.7249562398,14301.9652130198,47.5527765208448,52.0820365071857,49.8284411438492,-271.843195813089,-80.9344183836972,1.49011611938477e-08,1.49011611938477e-08,1.94906905225447,2.4690680489364,2.70732571634157,4.82443419944198,4,15
0.223,1000,15,591.99926396911,204.4674442446,591.99926396911,13896.3385877401,14141.79239515,13928.5107390696,40.282633192683,51.3221999493411,48.362162067487,-446.98432658659,-5.68502847007565,1.49011611938477e-08,1.49011611938477e-08,1.94645684024172,1.27877303798728,1.60332397539312,3.27217543886471,4,15
0.224,1000,15,462.015050094186,519.64902606045,462.015050094186,14215.6196025397,13736.439811901,13963.3376135634,40.4959346190367,52.2254638439098,47.9693009710097,-715.48831070797,38.2276866388172,1.49011611938477e-08,1.49011611938477e-08,1.83596052847341,0.310205909026515,0.651476861601452,1.91486991451919,4,15
0.225,1000,15,371.865624057279,523.150389371865,371.865624057279,14129.7116132054,13438.3898934661,14381.2262175421,46.7486196316886,54.1541906937884,48.6279203570261,-873.232015087879,-14.9185796546206,1.49011611938477e-08,1.49011611938477e-08,1.78112092593142,1.49011611938477e-08,1.49011611938477e-08,1.95032967097958,4,15
0.226,1000,15,331.176587334573,524.375493586589,331.176587334573,13668.8517300505,13634.7371102688,14573.0786566204,54.0403175641923,55.9772714730455,49.9286711732309,-885.599651668465,-86.1576915785437,1.49011611938477e-08,1.49011611938477e-08,1.86699956513847,0.36260782618465,1.49011611938477e-08,2.62729043607936,4,15
0.227,1000,15,557.406963484774,437.143260571352,557.406963484774,13451.8733029333,14083.5263022814,14310.0763535484,60.35501466701,57.2289575126097,51.9192070051724,-833.922070982583,-181.655946435989,1.49011611938477e-08,1.49011611938477e-08,1.93641796834071,0.776334626982802,1.49011611938477e-08,3.77350575860701,4,15
0.228,1000,15,646.821669185129,527.967230659516,646.821669185129,13722.4099554238,14226.0357052651,13895.2600563568,62.6916948425314,57.3226007294464,52.8326833808179,-699.27100442002,-297.620398189206,1.49011611938477e-08,1.49011611938477e-08,1.94803893209248,1.1941252118263,1.49011611938477e-08,5.37743207695138,4,15
0.229,1000,15,616.397185492151,499.427146860107,616.397185492151,14064.3526279817,13920.8656945866,13830.4058927752,61.9772534349589,55.4883306251248,52.7875302310275,-515.447031479122,-303.674736338476,1.49011611938477e-08,1.49011611938477e-08,1.8731343587805,1.54035249372167,0.805929158262784,5.0587537447338,4,15
0.23,1000,15,627.289897071614,519.166787476622,627.289897071614,14019.0567176467,13561.9916384942,14192.8778067995,61.0564874885857,51.3152723188906,52.2944321632967,-377.186050346011,-166.314436137109,1.49011611938477e-08,1.49011611938477e-08,1.80799785102626,1.75479984114627,1.49540997415555,2.94452832895551,4,15
0.231,1000,15,610.30850810779,442.478628867702,610.30850810779,13615.1717666165,13635.8687293594,14526.0938935219,60.2661587929086,45.7340828290844,50.5655981314082,-296.904024765868,-27.5125729687781,1.49011611938477e-08,1.49011611938477e-08,1.86846131071686,2.00921037266343,1.91648069590391,2.06264724008684,4,15
0.232,1000,15,566.836401946089,389.645406250056,566.836401946089,13302.3689903377,14043.3785192913,14388.1472857901,60.1888783503577,40.3297805012145,48.1718844484362,-328.669986085715,75.953997516532,1.49011611938477e-08,1.49011611938477e-08,1.93427177565743,2.13313144911755,2.44147570798428,1.73243652667475,4,15
0.233,1000,15,542.574839929771,474.667604970345,542.574839929771,13497.1825072543,14248.3582694008,13932.4160262442,60.9940315970439,37.6248864188704,45.5000133669291,-503.922640072489,68.016574514146,1.49011611938477e-08,1.49011611938477e-08,1.95514909957739,1.92777056341625,3.44754385013008,1.80262442397758,4,15
0.234,1000,15,517.386846989801,506.025577901264,517.386846989801,13964.4722751225,13984.1347456645,13748.0586043839,61.8709805395442,39.8842235733489,43.2208125235141,-714.283846731821,-133.772395908388,1.49011611938477e-08,1.49011611938477e-08,1.90105280002403,1.65488734940606,0.778049658774684,2.44074116692082,4,15
0.235,1000,15,489.746760384907,516.440105224622,489.746760384907,14135.543643446,13571.7134240311,14081.6004998768,61.8166977811372,45.064436640344,41.9589233226423,-766.667530080078,-419.346552285328,1.49011611938477e-08,1.49011611938477e-08,1.79697038065634,1.58567771591451,1.49011611938477e-08,2.77673302211824,4,15
0.236,1000,15,438.753778340936,520.909760284438,438.753778340936,13834.8765167696,13525.0058895185,14511.7061174227,60.3586407715751,50.0518887968082,41.0196762747227,-670.351462453907,-588.484009134958,1.49011611938477e-08,1.49011611938477e-08,1.82963066467981,1.67621690088368,1.49011611938477e-08,2.16631510987422,4,15
0.237,1000,15,365.654125594339,523.319442902868,365.654125594339,13463.0892259468,13908.5154602634,14513.2011136841,58.1774245350339,53.4831017655248,40.1771585021039,-546.975878284432,-597.891871262635,1.49011611938477e-08,1.49011611938477e-08,1.9167283713021,1.69783173787115,1.49011611938477e-08,2.23972939785176,4,15
0.238,1000,15,273.32464657564,526.079291532557,273.32464657564,13523.7604672813,14223.9058548763,14090.8699326151,57.0711523964422,55.1362831668853,40.7376545869628,-474.48993551743,-476.283903074109,1.49011611938477e-08,1.49011611938477e-08,1.95093337172234,1.49220649021999,1.49011611938477e-08,4.45777257388469,4,15
0.239,1000,15,229.358775451665,527.417706038779,229.358775451665,13950.0574327284,14075.2218574289,13780.6240425713,57.6320290042756,55.2076242025885,42.742024261958,-453.279855754857,-307.570929655511,1.49011611938477e-08,1.49011611938477e-08,1.91425249961162,1.29902051030236,0.113550564436534,26.9395274852764,4,15
0.24,1000,15,268.772168011905,526.262177727199,268.772168011905,14207.4585352986,13646.3205407698,13977.3961934465,58.6547916864926,54.1583496969379,45.7682872048897,-429.68458172356,-184.034580324578,1.49011611938477e-08,1.49011611938477e-08,1.79307603386495,1.3988612648215,0.850009639171861,4.70272649608787,4,15
0.241,1000,15,494.832417594571,515.654127060664,494.832417594571,14003.8265982589,13481.5037499951,14422.2187911374,57.8299447119411,52.2600689792171,48.7421501049529,-355.645891492039,-136.1078449896,1.49011611938477e-08,1.49011611938477e-08,1.79258486133536,1.81169219876021,1.51613763915938,3.84248454653347,4,15
0.242,1000,15,649.539063516287,-11795.8711227177,649.539063516287,13621.6584750496,13795.1931149912,14578.0408262,53.8098452522063,50.0140714466403,50.0136351424034,-273.628139204174,-125.345872874938,1.49011611938477e-08,1.49011611938477e-08,1.89244065091109,2.36765275776232,2.21897865993117,4.6166356507573,4,15
0.243,1000,15,635.272781199089,-5311.9330580536,635.272781199089,13572.1722550596,14170.2578586951,14282.4267309684,46.4050116044542,48.3022932795581,49.0401214310554,-283.191561837644,-94.5893045984693,1.49011611938477e-08,1.49011611938477e-08,1.95063292023559,2.36912573978928,2.4213810449024,5.39616456904683,4,15
0.244,1000,15,587.350257959281,246.162918730535,587.350257959281,13919.9191908036,14125.4152356323,13919.8295054132,39.4331983925191,47.7051890954488,47.3056929597238,-456.755533459304,-11.8023927467083,1.49011611938477e-08,1.49011611938477e-08,1.94243627723657,1.1804983929128,1.47988914916639,3.29018582137072,4,15
0.245,1000,15,444.169269133623,520.6656911316,444.169269133623,14219.587235006,13710.7307301777,13982.1658730352,40.3335431158117,48.7194140157821,46.9963691208006,-712.365692327388,37.6215213001308,1.49011611938477e-08,1.49011611938477e-08,1.82847323266551,0.266106316070554,0.648511177286432,1.87294483249988,4,15
0.246,1000,15,349.740838762956,523.81736408638,349.740838762956,14110.5076997357,13435.6891171251,14406.8986594343,46.7440735636843,50.643149345526,47.8510876237118,-849.351687735651,-6.04298786227686,1.49011611938477e-08,1.49011611938477e-08,1.78246832810671,1.49011611938477e-08,1.49011611938477e-08,1.91165655450962,4,15
0.247,1000,15,358.620149124726,523.551761223535,358.620149124726,13647.122005473,13660.9339193506,14577.7842699564,53.8733011138576,52.4087927200514,49.4285138873339,-856.912407605283,-73.1152386089222,1.49011611938477e-08,1.49011611938477e-08,1.87225662841335,0.438439486067991,1.49011611938477e-08,2.52397115975096,4,15
0.248,1000,15,574.508856944809,353.621647540207,574.508856944809,13457.5428118319,14104.3649294377,14291.3489609411,59.922834407466,53.6361476117416,51.4968717148195,-803.202795608589,-168.220378236517,1.49011611938477e-08,1.49011611938477e-08,1.93844894468851,0.840617167955114,1.49011611938477e-08,3.61167879486775,4,15
0.249,1000,15,645.672874349701,527.233605085028,645.672874349701,13747.8521218904,14215.9884306485,13883.10391546,62.0916844224197,53.7964005302575,52.3784276214638,-674.755425292883,-281.203078134273,1.49011611938477e-08,1.49011611938477e-08,1.94634808100198,1.2508735911294,0.176235986168518,5.12352222388253,4,15
0.25,1000,15,613.771964763416,484.121103208546,613.771964763416,14073.4951587196,13892.0679024024,13845.2646963354,61.460481979255,52.1394548309963,52.3364349539696,-509.022975044986,-281.875081264541,1.49011611938477e-08,1.49011611938477e-08,1.86684024816064,1.56896930959613,0.861388644506133,4.77081365498955,4,15
0.251,1000,15,629.317154736786,-3705.42441032866,629.317154736786,14005.3034301407,13552.1940893932,14222.1327934005,60.7515840537198,48.065968394597,51.8649082937253,-392.600097188768,-151.796297420931,1.49011611938477e-08,1.49011611938477e-08,1.80870126065584,1.7520910547766,1.52625888150014,2.81275071044431,4,15
0.252,1000,15,612.869937543289,-1128.6069964354,612.869937543289,13588.8682360222,13654.4270864615,14533.6915109776,60.1227283299746,42.5889883402828,50.111147030428,-319.343836742151,-11.3664471869788,1.49011611938477e-08,1.49011611938477e-08,1.8738020316654,1.97139268404716,1.96833381114093,1.99630782342061,4,15
0.253,1000,15,560.522770397182,418.564837679591,560.522770397182,13296.6669246714,14066.0816756197,14371.7948660474,60.1814385093993,37.3922817434513,47.685074580863,-361.442079682049,84.5317644086467,1.49011611938477e-08,1.49011611938477e-08,1.93636628189505,2.05254933972488,2.60080224444069,1.69015692067475,4,15
0.254,1000,15,531.143200999854,492.8032784348,531.143200999854,13516.9973454897,14245.8527599967,13914.3726279431,61.0566998370142,35.167286986237,45.0063807098274,-540.255579484797,65.4617895160194,1.49011611938477e-08,1.49011611938477e-08,1.95532125996409,1.83928858070193,2.86016266924345,1.77279966187643,4,15
0.255,1000,15,515.889159464838,507.006756996947,515.889159464838,13981.6815395148,13961.8332304281,13759.5928590339,61.9302061804958,38.1371701271297,42.8034118336871,-740.293794057281,-142.934838906747,1.49011611938477e-08,1.49011611938477e-08,1.89574482332864,1.58999190644972,0.696124778842893,2.41065688231639,4,15
0.256,1000,15,497.200281893539,514.745760498469,497.200281893539,14127.3553830182,13557.923329938,14114.5383367276,61.7255594126367,43.690626225982,41.6030040271321,-775.983085821088,-408.036583616067,1.49011611938477e-08,1.49011611938477e-08,1.79615427903839,1.54427612018797,1.49011611938477e-08,2.81942225815969,4,15
0.257,1000,15,450.79500808383,520.34843545692,450.79500808383,13808.664078224,13540.5360386233,14532.7285147822,60.0165641067499,48.7773114995489,40.6975186775265,-666.05078962281,-574.04908246227,1.49011611938477e-08,1.49011611938477e-08,1.83598746121191,1.64211424132317,1.49011611938477e-08,2.30535873043049,4,15
0.258,1000,15,379.838486506303,522.909029456193,379.838486506303,13449.3118882312,13935.5549442099,14502.5691574112,57.707510468966,52.1791304052544,40.0697692978787,-543.799521917101,-569.39458720278,1.49011611938477e-08,1.49011611938477e-08,1.92066147293355,1.64972572335743,1.49011611938477e-08,2.52119259912996,4,15
0.259,1000,15,278.528148697474,525.93851740995,278.528148697474,13538.9032096034,14230.3954617368,14070.8023106732,56.638337207157,53.778956023635,40.9231229840954,-479.261130619662,-440.111357142922,1.49011611938477e-08,1.49011611938477e-08,1.95182549853066,1.42952445332354,1.49011611938477e-08,5.73992056299423,4,15
0.26,1000,15,243.363136594359,526.997174941678,243.363136594359,13969.1812110072,14053.4118345337,13784.1071479875,57.3259864900018,53.8525576649324,43.1366939723027,-469.305320124132,-273.233780754667,1.49011611938477e-08,1.49011611938477e-08,1.90949601766603,1.23849396564884,0.285112468736541,13.4786136773934,4,15
0.261,1000,15,299.467472771753,525.344517834929,299.467472771753,14204.4647996872,13624.75213775,14008.1126308227,58.4970280835274,52.8798177612372,46.2388132554417,-455.323924191014,-164.156702387067,1.49011611938477e-08,1.49011611938477e-08,1.79004861679479,1.34203756681722,0.891384991437246,4.15220113323081,4,15
0.262,1000,15,529.573727518758,496.640652068429,529.573727518758,13978.7614962287,13486.9840648113,14449.987529373,57.6298054427639,51.1215223398905,49.0036357696577,-378.817963083768,-124.93211988632,1.49011611938477e-08,1.49011611938477e-08,1.7984310158875,1.74427185683727,1.52855037766877,3.63966309563999,4,15
0.263,1000,15,648.938983742809,529.385652698264,648.938983742809,13603.3645536601,13819.670215342,14580.7346416554,53.527044877759,49.0937301074441,49.9327304913278,-298.52107798051,-119.409717782185,1.49011611938477e-08,1.49011611938477e-08,1.8980589910881,2.24963096822942,2.17465888617571,4.41549583040483,4,15
0.264,1000,15,633.753016829042,521.871068344365,633.753016829042,13579.8332581254,14181.4622276732,14266.0239965693,46.2784905597906,47.5751378131353,48.7210714547349,-314.129343290592,-85.1400785661177,1.49011611938477e-08,1.49011611938477e-08,1.95259448989821,2.16607913530324,2.2733197344323,4.90110524876663,4,15
0.265,1000,15,580.702471525592,300.065835546112,580.702471525592,13938.9425132754,14107.2649070715,13916.0578542806,39.8547362405413,47.1254887208963,46.9422851796353,-492.184011375978,1.02431465621732,1.49011611938477e-08,1.49011611938477e-08,1.93933991402671,1.05604859792186,1.39553409969959,2.88668663036376,4,15
0.266,1000,15,432.11273813808,521.163963595198,432.11273813808,14223.1484627592,13685.2519472827,14006.5452720859,41.237660666674,48.1960723290332,46.7336811665219,-729.040176598921,47.9333339967563,1.49011611938477e-08,1.49011611938477e-08,1.82316951184133,0.174786751819764,0.63121897374126,1.69691663604452,4,15
0.267,1000,15,351.981283392452,523.724527407503,351.981283392452,14088.0778489456,13433.5940788479,14435.5680225443,47.7220624886835,50.045900077823,47.7473435233557,-862.756997508674,5.2110397767485,1.49011611938477e-08,1.49011611938477e-08,1.7863521543288,1.49011611938477e-08,1.49011611938477e-08,1.78487396034065,4,15
0.268,1000,15,352.333464756448,523.766276591805,352.333464756448,13621.0748332865,13682.3121769296,14576.8370883999,54.7976932835434,51.6814763045444,49.5383230978416,-864.037660846926,-61.9518765423179,1.49011611938477e-08,1.49011611938477e-08,1.87828037759219,0.452839279537758,1.49011611938477e-08,2.39658687981954,4,15
0.269,1000,15,608.289730238942,38.6814966071603,608.289730238942,13459.974182324,14122.3195852611,14271.327268416,60.7377677832477,52.8119093707665,51.7396629623305,-806.568945102899,-161.421593411137,1.49011611938477e-08,1.49011611938477e-08,1.94078869419525,0.857831763111947,1.49011611938477e-08,3.46318004127937,4,15
0.27,1000,15,645.219679557413,526.967985873526,645.219679557413,13767.5875578661,14206.8097184276,13871.9924763956,62.6744118374784,52.8462789303364,52.6294317559745,-677.046925854173,-275.737363396308,1.49011611938477e-08,1.49011611938477e-08,1.94522162246779,1.26159017296226,0.29755496475444,4.88713263755852,4,15
0.271,1000,15,610.630037173054,453.843754794623,610.630037173054,14080.3781908663,13869.3809988124,13859.8587939517,61.9443048602674,50.9937338647875,52.5884119461361,-519.620588229326,-276.788038036456,1.49011611938477e-08,1.49011611938477e-08,1.861902037396,1.57321952203408,0.915943443045389,4.54562805459921,4,15
0.272,1000,15,629.658862232819,520.321503835674,629.658862232819,13987.2551856063,13542.1798881886,14249.8693722002,61.2194594913952,46.7938766383821,52.0891226235845,-397.831314237123,-146.518937853825,1.49011611938477e-08,1.49011611938477e-08,1.81007669750786,1.7577392800967,1.5685402345715,2.79707219616047,4,15
0.273,1000,15,609.989650782976,430.076064504147,609.989650782976,13559.76842507,13671.9495920325,14540.1755366456,60.5852023079575,41.1960981932604,50.3780264458887,-328.510000619298,-10.6621856584117,1.49011611938477e-08,1.49011611938477e-08,1.87902801320462,1.97425391213027,2.01696886303411,2.03128136632558,4,15
0.274,1000,15,567.440293432001,385.863073724002,567.440293432001,13290.7325390331,14085.9143005765,14346.2219250931,60.6422377216681,35.9145497423478,48.0159254051489,-377.187669842645,79.622710211296,1.49011611938477e-08,1.49011611938477e-08,1.93815798056587,2.04160321966266,2.69721786277255,1.74180779979847,4,15
0.275,1000,15,545.808588905446,466.553253092435,545.808588905446,13539.9570222615,14241.6863237835,13890.6639945516,61.4554949156872,33.7168165653349,45.3818353609299,-557.258621215719,49.3007856297333,1.49011611938477e-08,1.49011611938477e-08,1.95511784844813,1.82996696355725,2.55040227643458,1.84625415338994,4,15
0.276,1000,15,524.802652767272,500.066836319621,524.802652767272,14000.0019978975,13937.4873833387,13766.5607628063,62.1585629396496,36.8004878283847,43.2294476701214,-736.29454725802,-155.762720930464,1.49011611938477e-08,1.49011611938477e-08,1.88878924840651,1.61043705457564,0.642544508682826,2.51571155309182,4,15
0.277,1000,15,493.018204043112,515.758174652748,493.018204043112,14117.7718606454,13543.9970023294,14140.9731074648,61.7225528137044,42.4115901257355,42.0578209011261,-758.3298203525,-430.999901046717,1.49011611938477e-08,1.49011611938477e-08,1.79418349780895,1.5964407033122,1.49011611938477e-08,2.82945512790588,4,15
0.278,1000,15,437.55330456259,520.958638015914,437.55330456259,13781.540063175,13556.2408616374,14543.6588479982,59.7796766769938,47.4072032852708,41.1274975707015,-639.530800973488,-583.995877903021,1.49011611938477e-08,1.49011611938477e-08,1.84126873141223,1.7165144156903,1.49011611938477e-08,2.29841120624672,4,15
0.279,1000,15,357.780135080699,523.555598113757,357.780135080699,13436.5125156346,13961.3262248302,14481.4833283511,57.3844227511507,50.6796681895675,40.5805201692453,-520.49764874426,-567.433048866239,1.49011611938477e-08,1.49011611938477e-08,1.92383662128149,1.72756225098869,1.49011611938477e-08,2.58270224780093,4,15
0.28,1000,15,256.694591446624,526.575094205863,256.694591446624,13555.1713491995,14234.6498295605,14039.8624455077,56.3919819676602,52.1769321740131,41.539720191229,-463.113277343292,-433.420342889237,1.49011611938477e-08,1.49011611938477e-08,1.95225017546629,1.49895910224799,1.49011611938477e-08,6.06198139529654,4,15
0.281,1000,15,230.973612448081,527.36636053802,230.973612448081,13990.6609238572,14033.9217510364,13777.1293743099,57.1569249357329,52.1917860252925,43.7513800420304,-458.246812157704,-277.933242398974,1.49011611938477e-08,1.49011611938477e-08,1.90328109723819,1.30375375885368,0.379627588182034,13.7067508044297,4,15
0.282,1000,15,296.496264705946,525.432857647597,296.496264705946,14201.9841220103,13606.5528579432,14026.6710139568,58.2580151340027,51.2127404734931,46.7493685105662,-442.303140591985,-170.377804735048,1.49011611938477e-08,1.49011611938477e-08,1.78556150962074,1.41495242376978,0.937517861053034,4.44306917353988,4,15
0.283,1000,15,532.668252838007,492.494116230385,532.668252838007,13957.6379637346,13496.4938022402,14466.9119989946,57.1921124170836,49.492943221782,49.2878700738109,-363.540987634949,-138.667412090236,1.49011611938477e-08,1.49011611938477e-08,1.80270225166916,1.83371204768767,1.55564885914354,4.03622090675527,4,15
0.284,1000,15,646.907765607797,528.032883938176,646.907765607797,13589.2246500294,13846.3885104038,14569.0603223958,52.8141252308158,47.5454373693982,49.9191272706315,-285.875108080166,-135.590400029708,1.49011611938477e-08,1.49011611938477e-08,1.90254932073033,2.34899717870912,2.16409448939596,5.09567399960319,4,15
0.285,1000,15,631.936073982146,521.276495881538,631.936073982146,13593.1145736266,14190.9354868399,14238.1975944464,45.2614437818412,46.1443947756463,48.3820958114446,-309.12177594347,-96.4921219404544,1.49011611938477e-08,1.49011611938477e-08,1.95388195890737,2.19342163297526,2.18957503032618,5.64394074623289,4,15
0.286,1000,15,572.725250552931,353.584138744035,572.725250552931,13962.9632390949,14091.2478554397,13903.7625537261,38.9678449795225,45.862603873927,46.4517868539365,-481.802315336826,-9.56291110126874,1.49011611938477e-08,1.49011611938477e-08,1.93460144332181,1.01324371605769,1.32598329277092,3.03733394921862,4,15
0.287,1000,15,418.982077587215,521.643744341294,418.982077587215,14226.9000459991,13662.6477886681,14023.3972150242,40.9233159854662,47.0993624576828,46.29992103277,-727.976415432702,42.6202733478525,1.49011611938477e-08,1.49011611938477e-08,1.81634206830801,0.121214838284757,0.596734762336853,1.74172566227283,4,15
0.288,1000,15,332.640973375278,524.30469122111,332.640973375278,14068.0415694761,13436.4255914338,14454.1664361288,47.6590081149496,49.0280414252594,47.4089771902959,-850.432186487197,-0.277158686463567,1.49011611938477e-08,1.49011611938477e-08,1.78882019562522,1.49011611938477e-08,1.49011611938477e-08,1.83776174269281,4,15
0.289,1000,15,364.149261833649,523.398499770904,364.149261833649,13601.2401487877,13710.8665222438,14571.2405793301,54.8456664763877,50.6803638008499,49.3712079644122,-847.390811103879,-64.5966227551332,1.49011611938477e-08,1.49011611938477e-08,1.88325071347607,0.496253028518994,1.49011611938477e-08,2.44294437097157,4,15
0.29,1000,15,611.682162708913,-3.32340430645456,611.682162708913,13468.5889301216,14141.3466273847,14244.5853166017,60.662104000931,51.8011005449764,51.5807841332838,-786.257379453795,-166.818517899033,1.49011611938477e-08,1.49011611938477e-08,1.94242704174719,0.903595169979625,1.49011611938477e-08,3.5463050606091,4,15
0.291,1000,15,644.556118912571,526.576660265911,644.556118912571,13793.610048341,14196.1505413625,13855.7824194844,62.5134697105816,51.8583872825476,52.4282565753841,-662.588219257592,-274.840679475023,1.49011611938477e-08,1.49011611938477e-08,1.94256650995852,1.31230070889852,0.332759385114331,4.99611902578339,4,15
0.292,1000,15,608.876736180191,-729.766225285067,608.876736180191,14087.1864573929,13843.8523103679,13871.7077559491,61.8419108073678,50.0722466504817,52.3710630018338,-503.470475477542,-270.960226241973,1.49011611938477e-08,1.49011611938477e-08,1.85556902373541,1.61367111721667,0.939583794942891,4.53453678027677,4,15
0.293,1000,15,630.346365555887,-3949.58818376391,630.346365555887,13970.7721402369,13537.8443625302,14273.3051718763,61.2148799235573,45.8902820880268,51.8370786080468,-389.20580184475,-135.834480692543,1.49011611938477e-08,1.49011611938477e-08,1.81143558783673,1.790079877536,1.59171287122686,2.75876389311503,4,15
0.294,1000,15,610.340987995909,-852.675159115891,610.340987995909,13535.4676056505,13694.6883878183,14540.0631617234,60.6640230188096,40.3963958595617,50.0731150975658,-329.442284053278,-2.14039685027958,1.49011611938477e-08,1.49011611938477e-08,1.88397467963878,1.99574683150732,2.03228032076348,2.01090253951067,4,15
0.295,1000,15,557.081532667496,433.337406125578,557.081532667496,13290.0923156995,14107.5653417637,14323.3680097731,60.8411756398877,35.4085438962883,47.6819995777325,-389.306723066554,82.8839197818081,1.49011611938477e-08,1.49011611938477e-08,1.93989745303113,2.04029270144791,2.8106612956151,1.73667853953516,4,15
0.296,1000,15,528.755878520694,495.664164204894,528.755878520694,13562.0803996401,14234.8954818092,13869.6638971968,61.7689522216526,33.7782489127084,45.0503796870955,-566.874807757748,48.8071340155101,1.49011611938477e-08,1.49011611938477e-08,1.95479350624123,1.80732124943585,2.3104473181153,1.85881746488837,4,15
0.297,1000,15,520.58773385775,503.725093214352,520.58773385775,14016.657748271,13913.639522577,13775.8623776378,62.5572215723711,37.3446549533459,42.9235982137024,-754.658381269151,-168.237644503235,1.49011611938477e-08,1.49011611938477e-08,1.88271223461697,1.57959065002969,0.566389900739076,2.52118361717689,4,15
0.298,1000,15,500.332516751227,513.847532383859,500.332516751227,14105.7552589923,13531.5557825584,14168.1267136506,62.147729312348,43.0664646124231,41.7353077960125,-768.053590186623,-436.835731328553,1.49011611938477e-08,1.49011611938477e-08,1.7941441480071,1.55968440819137,1.49011611938477e-08,2.81101293462289,4,15
0.299,1000,15,453.056510868394,520.226441120794,453.056510868394,13752.6670914272,13572.5872120435,14555.1927465074,60.2631629500003,48.0497519553727,40.8007341125671,-647.727457937841,-577.741351817708,1.49011611938477e-08,1.49011611938477e-08,1.84757904940157,1.66110834106075,1.49011611938477e-08,2.34540667923979,4,15
0.3,500,15,379.230511554099,522.890499219067,379.230511554099,13425.5447684579,13985.7335443831,14464.9950181778,57.9934528487547,51.2652423750957,40.3775617652799,-532.076425549533,-551.430407884513,1.49011611938477e-08,1.49011611938477e-08,1.9271492389579,1.64584347991613,1.49011611938477e-08,2.76167442994555,4,15
0.301,500,15,279.569980076224,522.737882998145,279.569980076224,13571.7307148524,14236.5416029176,14018.4643688263,57.1442608724903,52.6922912926558,41.5287759177392,-480.024600451966,-420.199536704956,1.49011611938477e-08,1.49011611938477e-08,1.95275486670009,1.41314684816426,1.49011611938477e-08,7.44388125043953,4,15
0.302,500,15,239.818949468924,520.776655087371,239.818949468924,14007.6198422597,14009.5948088731,13781.8210498887,58.0056111283944,52.6660947700923,43.9439758651974,-476.730077674819,-256.417769372472,1.49011611938477e-08,1.49011611938477e-08,1.89785914226071,1.24381161337736,0.403300195968408,9.72955921422236,4,15
0.303,500,15,312.446515383134,515.492211931427,312.446515383134,14196.222935435,13587.1961408196,14056.4284429743,59.0854521876099,51.6638342020179,47.0692424866135,-458.7154482078,-154.03785781323,1.49011611938477e-08,1.49011611938477e-08,1.78356217655709,1.37854314888267,0.964317159213836,4.00518430609691,4,15
0.304,500,15,564.906412717102,395.455074386886,564.906412717102,13930.4160545225,13505.9968611113,14489.3849518908,57.8409163090032,49.9275554558457,49.5520500907617,-376.010013512274,-126.730821245517,1.49011611938477e-08,1.49011611938477e-08,1.80931968416173,1.80313012014951,1.59230821839438,3.76616251996076,4,15
0.305,500,15,648.314594027546,512.580739161959,648.314594027546,13573.6764623455,13871.6835906459,14566.2171792376,53.2207116690073,48.0303115562956,50.0045598498221,-300.689366931199,-123.346851648692,1.49011611938477e-08,1.49011611938477e-08,1.90780275722647,2.29015019644804,2.19236439779145,4.70710001056834,4,15
0.306,500,15,631.042874188827,501.926741803694,631.042874188827,13603.8914844454,14199.9683200252,14219.6946682477,45.6648132034096,46.7177355221183,48.3604959431964,-328.461604292112,-83.1545896223139,1.49011611938477e-08,1.49011611938477e-08,1.95560121146645,2.06563412313404,2.14909411624348,4.93747963134338,4,15
0.307,500,15,567.157913634112,369.121644710289,567.157913634112,13981.3675616367,14071.2592010429,13902.0677102432,39.7653640774327,46.5345685947134,46.4624112529968,-517.069697048316,9.31487344872745,1.49011611938477e-08,1.49011611938477e-08,1.93100087688923,0.928787434626564,1.26909583808721,2.66781900188992,4,15
0.308,500,15,400.519167223847,497.191175192569,400.519167223847,14223.5476504717,13639.3276356043,14046.5326199566,42.1454539994701,47.8028274571529,46.4404652889896,-762.97979929194,57.5052066655375,1.49011611938477e-08,1.49011611938477e-08,1.81269328939806,1.49011611938477e-08,0.555491862769339,1.59170703519587,4,15
0.309,500,15,312.703852523207,496.589988737654,312.703852523207,14041.7093159693,13438.2248705114,14479.6097672925,49.0176244014108,49.6999984689277,47.6693101967302,-876.561491677524,11.7377220844923,1.49011611938477e-08,1.49011611938477e-08,1.7939635230255,1.49011611938477e-08,1.49011611938477e-08,1.73397313938301,4,15
0.31,500,15,355.987986642254,492.259330533626,355.987986642254,13576.1290304712,13735.0707562247,14567.5381707939,56.2873436403507,51.2683468689187,49.8259931588539,-870.173854135626,-55.3907879432804,1.49011611938477e-08,1.49011611938477e-08,1.88923698543644,0.487487756903521,1.49011611938477e-08,2.3402777335406,4,15
0.311,500,15,623.261481909228,-183.705079262048,623.261481909228,13472.5821505191,14156.6355757767,14222.6015932172,62.0633448358658,52.29593215713,52.1680083302074,-809.189737314755,-157.84532101351,1.49011611938477e-08,1.49011611938477e-08,1.94461081213351,0.901026853382057,1.49011611938477e-08,3.42757916676725,4,15
0.312,500,15,645.880668443835,-8856.75806209356,645.880668443835,13811.4851277804,14185.4449266415,13846.6220505208,63.7226118495892,52.1673246596188,53.0541482760872,-674.664022129066,-275.471052424046,1.49011611938477e-08,1.49011611938477e-08,1.94122411108222,1.30895874088408,0.357398033417708,4.80717717259179,4,15
0.313,500,15,608.867918484519,-553.174981633498,608.867918484519,14088.3198972136,13820.4844324776,13886.5735066918,62.9090658591994,50.1021606212712,52.9948552416986,-508.838492053578,-268.344143425056,1.49011611938477e-08,1.49011611938477e-08,1.85131828035029,1.61702829589842,0.971451212275683,4.3872942367024,4,15
0.314,500,15,631.08714562712,476.411470961671,631.08714562712,13947.9436455599,13531.2613712831,14296.9213755518,62.1742759095133,45.7619072493186,52.455303138701,-390.984919185199,-136.305605869548,1.49011611938477e-08,1.49011611938477e-08,1.8141296858503,1.81185629566253,1.62688434945061,2.78596698684743,4,15
0.315,500,15,608.114995091099,281.17582574493,608.114995091099,13506.6231713006,13714.0803129185,14540.2690471721,61.5721089812907,40.1504422275446,50.7711604630177,-333.180065205362,-5.34495947243074,1.49011611938477e-08,1.49011611938477e-08,1.88918819617669,2.0288642154446,2.07519097349255,2.07802818095507,4,15
0.316,500,15,559.224049812534,382.294586489806,559.224049812534,13287.1893903181,14125.9691456071,14293.5880147343,61.7381859576185,35.1149188256488,48.4767671451619,-393.675263677342,73.1409618041599,1.49011611938477e-08,1.49011611938477e-08,1.94152191150814,2.06727347746288,2.92074025813581,1.81927974780591,4,15
0.317,500,15,537.473928720596,434.155153196433,537.473928720596,13586.3763595496,14228.8953606783,13845.2618565051,62.6310658317205,33.5245244883438,45.9064244241594,-581.792966850761,30.8655634119976,1.49011611938477e-08,1.49011611938477e-08,1.95410695336013,1.82864766510491,2.10727048324572,1.96596337609985,4,15
0.318,500,15,523.475161721561,447.257778531599,523.475161721561,14031.9480299444,13888.2953773375,13782.3935746537,63.3030221023096,37.1665590368363,43.8023946496297,-758.728442497204,-197.343238939542,1.49011611938477e-08,1.49011611938477e-08,1.87565162222471,1.61595142003835,0.488023590263705,2.64383665875693,4,15
0.319,500,15,492.616372809349,457.118041311461,492.616372809349,14091.364140742,13519.3222344238,14190.5277513661,62.7530620805459,42.8613721275847,42.5560226418422,-757.407064223519,-463.084918981187,1.49011611938477e-08,1.49011611938477e-08,1.79349459217798,1.61308640463499,1.49011611938477e-08,2.77402992764204,4,15
0.32,500,15,436.735699392809,458.529070811388,436.735699392809,13723.9534859791,13589.7840471891,14559.0678220526,60.7604455157569,47.7332781336737,41.4729995351119,-632.762282034067,-593.654212992498,1.49011611938477e-08,1.49011611938477e-08,1.85313194266547,1.72218391824767,1.49011611938477e-08,2.28327610760585,4,15
0.321,500,15,355.035522840243,457.71686432086,355.035522840243,13413.9915496092,14009.4917806462,14437.0062724034,58.5376148491506,50.8293785103627,40.9973206000549,-525.21122320547,-563.67802146274,1.49011611938477e-08,1.49011611938477e-08,1.92999666426356,1.7011729294984,1.49011611938477e-08,2.72815162590562,4,15
0.322,500,15,253.676557515284,457.218825370644,253.676557515284,13588.4450779447,14236.9490765738,13985.1654055899,57.7928286676442,52.1709377100738,42.1144344840426,-472.17831965963,-425.427719862048,1.49011611938477e-08,1.49011611938477e-08,1.95289534716802,1.46722035070952,1.49011611938477e-08,7.22033138436382,4,15
0.323,500,15,222.295652046891,454.882006274387,222.295652046891,14026.0939263556,13988.4554357993,13774.8483090388,58.6452721900748,52.0695852520719,44.4451401793388,-467.189132811253,-266.107656398293,1.49011611938477e-08,1.49011611938477e-08,1.89127359853385,1.31098015288611,0.444201735981159,10.9809820702719,4,15
0.324,500,15,316.945551491583,449.321463967244,316.945551491583,14188.5690152965,13571.0294155297,14072.5277656693,59.5125309082762,51.0007223495358,47.4389684137184,-440.818740618536,-170.245220277067,1.49011611938477e-08,1.49011611938477e-08,1.78044659146255,1.46943195964452,1.00319205792343,4.42492124483519,4,15
0.325,500,15,556.435517256943,372.961575929464,556.435517256943,13906.5930345393,13518.3071130499,14498.4239460902,57.8568229500087,49.2357675225785,49.6733265739092,-352.442405565606,-147.963715460644,1.49011611938477e-08,1.49011611938477e-08,1.81431739096436,1.93224548589387,1.63189935506348,4.30837281776597,4,15
0.326,500,15,649.728530076442,-9871.5506064234,649.728530076442,13560.8968869501,13898.4220017616,14548.1935154647,52.8355510622567,47.3514375103759,49.8693168803211,-282.179453140373,-145.003897333187,1.49011611938477e-08,1.49011611938477e-08,1.91193252635454,2.45074973541309,2.21774031660184,5.62662906738843,4,15
0.327,500,15,631.212340557923,-3479.78052253238,631.212340557923,13617.9188500953,14206.8190832802,14188.7469076497,44.8710884809771,46.0985279788501,47.9421532209977,-317.894755689301,-98.2150356124132,1.49011611938477e-08,1.49011611938477e-08,1.95664046561902,2.14886824856097,2.10826676168693,5.9128317073606,4,15
0.328,500,15,557.721937549722,354.948383731831,557.721937549722,14002.2949664151,14054.1634205534,13890.2289258395,39.0362386053287,46.0807854487194,45.8712894326015,-515.757004196586,0.26832097078153,1.49011611938477e-08,1.49011611938477e-08,1.92574594666472,0.916112284724404,1.21850894120435,2.87060757517447,4,15
0.329,500,15,392.0507985578,431.674446583175,392.0507985578,14226.294685263,13619.0107981113,14065.0721846386,41.8184951693181,47.5130004215498,45.8442237993112,-760.430934955207,48.2718076814119,1.49011611938477e-08,1.49011611938477e-08,1.8066445377327,1.49011611938477e-08,0.517529882545677,1.65660621847903,4,15
0.33,500,15,295.61472758742,430.946916438478,295.61472758742,14019.319656267,13444.9043943447,14493.1924960355,48.9387867879589,49.4531216493954,47.1815584778573,-865.202111289777,2.71105670704721,1.49011611938477e-08,1.49011611938477e-08,1.79743898300319,1.49011611938477e-08,1.49011611938477e-08,1.80332464033344,4,15
0.331,500,15,366.935262548185,426.063006585438,366.935262548185,13557.1671647574,13763.2454490538,14553.42771085,56.3731325900979,51.0068572029876,49.532706537909,-858.377891500944,-60.1927042103098,1.49011611938477e-08,1.49011611938477e-08,1.89386136784955,0.521640091859872,1.49011611938477e-08,2.42725234902274,4,15
0.332,500,15,638.774920967257,-424.055881673215,638.774920967257,13483.0559604711,14173.233480873,14191.0354907458,62.0121456192988,51.9797587084089,51.9012583594307,-792.382362114771,-171.178736110462,1.49011611938477e-08,1.49011611938477e-08,1.94596299225531,0.938809888733112,1.49011611938477e-08,3.58779742636728,4,15
0.333,500,15,647.620636526869,421.569670719823,647.620636526869,13835.7363123529,14171.4851435686,13828.8388013979,63.5388140585737,51.8271544580189,52.7476057894538,-654.484401538676,-287.18216701279,1.49011611938477e-08,1.49011611938477e-08,1.93769366633137,1.35164617867907,0.371391274912767,5.02452780589276,4,15
0.334,500,15,607.446253336568,183.500393044167,607.446253336568,14091.1308005383,13797.0349526441,13896.8404468097,62.7459531559416,49.7612318336628,52.6747017279881,-493.021917702146,-270.017781164099,1.49011611938477e-08,1.49011611938477e-08,1.84556914132071,1.65133298706275,0.992015629676677,4.4591734629596,4,15
0.335,500,15,632.558637622073,410.348433978243,632.558637622073,13927.0159493967,13530.1791757454,14315.3724755976,62.0659286567883,45.3752269058298,52.0922706808598,-380.327705028995,-133.552702084913,1.49011611938477e-08,1.49011611938477e-08,1.81642502750058,1.84452110757903,1.65297510369365,2.79529056233665,4,15
0.336,500,15,608.547725301545,161.197950011334,608.547725301545,13482.0424152612,13738.4273400212,14534.1768194863,61.5068975484148,39.8215765387555,50.3734795821479,-330.837122319491,-10.3082873917466,1.49011611938477e-08,1.49011611938477e-08,1.89386871242595,2.05703077549134,2.10145409403742,2.09033782133821,4,15
0.337,500,15,551.201909833035,350.060788583999,551.201909833035,13289.0115799553,14143.8204349815,14265.3232172165,61.7684991081981,35.0391493225273,48.0859462522946,-402.008890179872,69.027709301824,1.49011611938477e-08,1.49011611938477e-08,1.94303132949715,2.07818223210619,3.06605757563206,1.84325864242378,4,15
0.338,500,15,523.211775649312,387.284115773336,523.211775649312,13607.9224783017,14216.6155026424,13823.666412589,62.7820714618339,33.9802635426864,45.5630495519319,-599.94241373246,16.8756350955705,1.49011611938477e-08,1.49011611938477e-08,1.95323900998936,1.81493716369115,1.8947163071489,2.00878686061366,4,15
0.339,500,15,514.43257443736,389.089818944773,514.43257443736,14044.6737251321,13862.5905233343,13791.7360533812,63.5591642404355,37.9223411883095,43.5084594953558,-775.276910667132,-214.890996084402,1.49011611938477e-08,1.49011611938477e-08,1.86952805614845,1.58843922609789,0.384346628308965,2.65851880423395,4,15
0.34,500,15,493.419917729282,392.010841427644,493.419917729282,14074.7185076023,13508.5918080415,14213.9010220176,63.1010812888732,43.6280164748216,42.2564835007321,-768.485312341902,-471.804602398637,1.49011611938477e-08,1.49011611938477e-08,1.79455018965185,1.57303615399113,1.49011611938477e-08,2.72490977093115,4,15
0.341,500,15,446.088776381938,392.626163126635,446.088776381938,13693.8153001753,13607.5442735772,14562.9500837269,61.2555118247003,48.4185429346901,41.1584301859313,-652.119843287057,-588.371692541553,1.49011611938477e-08,1.49011611938477e-08,1.85949757395501,1.65920114102184,1.49011611938477e-08,2.29506694547852,4,15
0.342,500,15,370.363632591409,391.445246225208,370.363632591409,13405.5054582723,14031.6758635838,14414.6605815015,59.2006758090305,51.421885963919,40.7103741660128,-542.014508880306,-552.663045224739,1.49011611938477e-08,1.49011611938477e-08,1.93287975753163,1.61345449897287,1.49011611938477e-08,2.84816798668338,4,15
0.343,500,15,271.159496685246,390.509619917064,271.159496685246,13606.2284020121,14234.7626285916,13961.3351633331,58.585289203422,52.6725836043982,41.8967169834056,-492.238426708982,-411.287696691992,1.49011611938477e-08,1.49011611938477e-08,1.95304498422093,1.3832977054084,1.49011611938477e-08,8.39890763422901,4,15
0.344,500,15,221.543208923149,388.463515812109,221.543208923149,14041.2893130596,13962.7814518495,13778.8797680915,59.4700251462157,52.5114561025209,44.3320860163215,-486.722478394964,-254.866392517167,1.49011611938477e-08,1.49011611938477e-08,1.88545697597601,1.25960186578694,0.445296841686102,9.02374840879532,4,15
0.345,500,15,314.449138388863,383.297382876044,314.449138388863,14180.5885942243,13554.3524675662,14098.9454670287,60.1784411836804,51.3902617729534,47.3817318023359,-453.439370822887,-164.33455315821,1.49011611938477e-08,1.49011611938477e-08,1.77955745690778,1.44665265949718,1.02016778944,4.17561966140623,4,15
0.346,500,15,573.867247675767,248.092549588762,573.867247675767,13878.791260011,13531.2586188512,14514.3870853989,58.3038917232654,49.5659838133082,49.5718861011001,-366.330389258342,-143.1210540594,1.49011611938477e-08,1.49011611938477e-08,1.82143403264552,1.91598576631434,1.6649893859482,4.13663681576645,4,15
0.347,500,15,651.882743071758,378.268012300482,651.882743071758,13547.8753617854,13923.4171660082,14537.8763228551,52.9590333157899,47.7232253424666,49.5847260715637,-294.954079165837,-138.132265610419,1.49011611938477e-08,1.49011611938477e-08,1.91672914521136,2.40709825874804,2.23815474771195,5.35350969406569,4,15
0.348,500,15,631.06531510474,368.002701582989,631.06531510474,13631.0394358503,14213.153996327,14166.8997085477,44.9243363272557,46.6010871775026,47.487307450684,-342.492730412025,-85.2388308850396,1.49011611938477e-08,1.49011611938477e-08,1.95801842433222,2.02637047082861,2.04028589263612,5.33875811914522,4,15
0.349,500,15,549.473442254079,319.636218879326,549.473442254079,14019.8949177212,14032.6531959411,13888.16611316,39.5010920661808,46.7256524316014,45.424967373384,-552.632851632067,14.9984365139199,1.49011611938477e-08,1.49011611938477e-08,1.92143243064292,0.826739214477008,1.1372651276422,2.58053433755035,4,15
0.35,500,15,362.579781515493,366.50887035571,362.579781515493,14218.7923398039,13597.6411259098,14085.8751614666,42.8727664248469,48.241856487488,45.5587369142569,-797.188386619529,58.7539482265959,1.49011611938477e-08,1.49011611938477e-08,1.80393845403738,1.49011611938477e-08,0.438638968741127,1.53708402624323,4,15
0.351,500,15,274.011181487063,365.232233341514,274.011181487063,13990.757126513,13450.333933453,14512.0755105342,50.2549959703482,50.19636702763,47.0443462900434,-892.73677300185,12.6040117569632,1.49011611938477e-08,1.49011611938477e-08,1.80324259472384,1.49011611938477e-08,1.49011611938477e-08,1.73411787887256,4,15
0.352,500,15,346.388140831696,360.619783611642,346.388140831696,13535.2187774027,13789.7151437892,14545.255860777,57.8192160844227,51.740360436571,49.5640758926044,-882.755365451604,-56.7805544467537,1.49011611938477e-08,1.49011611938477e-08,1.89940374164218,0.508508341392231,1.49011611938477e-08,2.36063583000175,4,15
0.353,500,15,629.246585841564,-308.6343806267,629.246585841564,13490.8508483712,14186.6164230516,14166.3242519883,63.4818804798629,52.672165675666,52.0557119847894,-810.101031174749,-174.727641313966,1.49011611938477e-08,1.49011611938477e-08,1.94786903551705,0.935812868614619,1.49011611938477e-08,3.517433592602,4,15
0.354,500,15,650.530000195627,-8502.75247281512,650.530000195627,13854.2802057252,14160.2972258261,13820.2996044611,64.9042195051082,52.3480627464596,52.9576438681564,-662.60847417726,-292.988414100874,1.49011611938477e-08,1.49011611938477e-08,1.93580837891347,1.3559341156537,0.361130242095166,4.9046657965802,4,15
0.355,500,15,611.253921625196,-394.459481494667,611.253921625196,14088.7534990336,13774.052844307,13911.0682535924,63.9892136861344,50.0275624539389,52.8778903834269,-492.152169088136,-272.442989009349,1.49011611938477e-08,1.49011611938477e-08,1.84162899140388,1.67184152019336,1.00927999021381,4.39020308605173,4,15
0.356,500,15,630.244536707546,-2661.97653655545,630.244536707546,13908.0534918063,13527.807316421,14339.5634380773,63.1383122232905,45.5350943281341,52.2204240164204,-375.864775961756,-148.477066842091,1.49011611938477e-08,1.49011611938477e-08,1.81922831312903,1.90513536877497,1.6774746041888,2.90727022575177,4,15
0.357,500,15,597.345910837296,48.6801962609689,597.345910837296,13462.6333537839,13760.1516625351,14533.9684578283,62.5559237659267,39.9558602598221,50.5825573699659,-321.571342751892,-19.7641471386808,1.49011611938477e-08,1.49011611938477e-08,1.89816780274563,2.14725863214088,2.13721096066206,2.22424436651031,4,15
0.358,500,15,531.895541859686,319.759685001483,531.895541859686,13297.7295537533,14162.1491219503,14239.6082355431,62.919688451565,35.2585959219325,48.4407232812446,-400.699479784785,59.2925199490456,1.49011611938477e-08,1.49011611938477e-08,1.94418863150125,2.15856959936466,3.17819518861324,1.97222728428876,4,15
0.359,500,15,510.439212202634,329.257050168118,510.439212202634,13640.1421174889,14210.3956719401,13807.4836083964,64.0530749515708,34.2607668427436,45.9917791339885,-603.730792055578,5.68422401753022,1.49011611938477e-08,1.49011611938477e-08,1.95141971352534,1.85708696962401,1.75798686236884,2.13700557792639,4,15
0.36,500,15,508.373529789503,326.732187342963,508.373529789503,14062.1948271987,13838.7348983079,13806.6888038246,64.9348561110494,38.2259163961171,43.8312402404837,-774.78599006576,-224.579438065975,1.49011611938477e-08,1.49011611938477e-08,1.86187145465649,1.60678922844063,0.303259604902751,2.78755714746225,4,15
0.361,500,15,502.139864245394,325.322928673629,502.139864245394,14061.9685117306,13500.5927804414,14241.3088267585,64.5728531990414,43.8209522814603,42.2863640417197,-767.662623554211,-461.570368635458,1.49011611938477e-08,1.49011611938477e-08,1.79444632651638,1.57367520173074,1.49011611938477e-08,2.81810221041555,4,15
0.362,500,15,464.499256859902,326.392881714191,464.499256859902,13671.2553073258,13628.0312395057,14571.0281361861,62.8349060858818,48.4524688568795,40.8252872040173,-648.000019155146,-578.404049320184,1.49011611938477e-08,1.49011611938477e-08,1.86466865352933,1.63609961942624,1.49011611938477e-08,2.38537099902018,4,15
0.363,500,15,389.087630725772,325.211702923761,389.087630725772,13403.5099428082,14055.0275726328,14395.6143127902,60.9693279254374,51.3047549957707,40.2373590356803,-542.337840836612,-536.3672522964,1.49011611938477e-08,1.49011611938477e-08,1.93535230019325,1.56297604489059,1.49011611938477e-08,3.04648634500591,4,15
0.364,500,15,283.76018353382,324.0220090192,283.76018353382,13628.7217496131,14232.5298084664,13942.8173212689,60.5078031734962,52.4324831517675,41.4545392181697,-495.734291950039,-392.669665589149,1.49011611938477e-08,1.49011611938477e-08,1.95293756390033,1.33587992977381,1.49011611938477e-08,10.5454250001476,4,15
0.365,500,15,226.26024494996,321.93300824744,226.26024494996,14059.1340597327,13940.1834001549,13788.5719605432,61.4458731730996,52.1566527047328,44.0229426596259,-490.504951016157,-238.209842939848,1.49011611938477e-08,1.49011611938477e-08,1.8790755424098,1.2465261117728,0.471621787700004,7.46017704720862,4,15
0.366,500,15,329.060595973066,316.916075993605,329.060595973066,14169.8203209609,13540.2925601843,14128.5751908618,62.0759683594431,50.9199663948567,47.1465199411493,-456.290578989493,-155.612520836388,1.49011611938477e-08,1.49011611938477e-08,1.77836719176443,1.4690040643651,1.05511239461785,3.92811087793848,4,15
0.367,500,15,579.266568588808,168.923915396879,579.266568588808,13852.9570855297,13546.255404957,14531.2999512024,60.006649245964,49.0106534475452,49.2737261299779,-361.945660352094,-137.627690425208,1.49011611938477e-08,1.49011611938477e-08,1.82736695132424,1.97215782713403,1.70318534486583,4.0611064253711,4,15
0.368,500,15,654.525912066374,311.694443132022,654.525912066374,13537.0998324692,13948.9448025048,14527.9351628172,54.5002082268685,47.1250821008509,49.1066993958573,-292.4953960493,-133.612809814805,1.49011611938477e-08,1.49011611938477e-08,1.92059214181251,2.48102464641861,2.26480824788656,5.31962844341528,4,15
0.369,500,15,632.987057832752,301.747784067238,632.987057832752,13646.1402078067,14216.4744275062,14147.7561266896,46.4001916597687,45.9401875210695,46.8410746014337,-348.213091677981,-76.2637862681145,1.49011611938477e-08,1.49011611938477e-08,1.95884764603929,2.05601747552256,2.02769615087643,5.15834249493686,4,15
0.37,500,15,546.341295835599,265.656194218857,546.341295835599,14037.7427408976,14013.268575499,13891.8822311183,41.0959560846008,46.0953406248408,44.6174826378034,-564.100149026919,27.5560791183355,1.49011611938477e-08,1.49011611938477e-08,1.91620707181887,0.851822241914063,1.12548778169718,2.46745857481673,4,15
0.371,500,15,351.31670497502,300.777181874282,351.31670497502,14215.3736082337,13578.7467049475,14116.6031823188,44.320291762831,47.6395692396773,44.7117230939365,-795.219176414164,70.0829769603261,1.49011611938477e-08,1.49011611938477e-08,1.80006539672156,1.49011611938477e-08,0.444241694269936,1.48029755003282,4,15
0.372,500,15,261.190964805063,299.185127978968,261.190964805063,13960.1460821685,13460.1164196331,14531.7539626879,51.6028942438733,49.5495081220987,46.3745631547517,-893.140255297834,25.0665698312098,1.49011611938477e-08,1.49011611938477e-08,1.80885682998898,1.49011611938477e-08,1.49011611938477e-08,1.66057288707373,4,15
0.373,500,15,350.296802287181,294.541084971227,350.296802287181,13508.8934850803,13816.9944312185,14533.0370651165,59.0911307974356,51.0257156283592,49.1916257282172,-886.329856018354,-42.5079835797256,1.49011611938477e-08,1.49011611938477e-08,1.90444977735365,0.529363093355579,1.49011611938477e-08,2.20977951548557,4,15
0.374,500,15,649.810449032019,-639.63885863187,649.810449032019,13493.6100894681,14199.027454544,14139.3949722362,64.3385115473801,51.8436963477521,51.7148615733352,-813.623808562556,-167.103170938053,1.49011611938477e-08,1.49011611938477e-08,1.94925204130623,0.946223927723496,1.49011611938477e-08,3.26263997909256,4,15
0.375,500,15,651.804102341723,-7879.97962174539,651.804102341723,13866.5766383544,14141.8657580739,13810.1559559783,65.4008828568502,51.4565481125596,52.5556965125499,-665.119819955573,-289.223154299111,1.49011611938477e-08,1.49011611938477e-08,1.93239947504148,1.35812878853541,0.43301037064385,4.50353671201549,4,15
0.376,500,15,606.44920083312,-94.6203912319248,606.44920083312,14079.5694896777,13749.8681588404,13927.7298096143,64.3285038800499,49.0961100682935,52.5318092902669,-505.14910829572,-274.013709931506,1.49011611938477e-08,1.49011611938477e-08,1.83774090876131,1.66308810831194,1.05363487500021,4.09072576817765,4,15
0.377,500,15,632.974992998758,275.206910597475,632.974992998758,13876.0561305555,13527.7784490098,14359.0268481744,63.3546113447928,44.5215964656383,52.0363449841555,-381.147284622329,-149.320857910609,1.49011611938477e-08,1.49011611938477e-08,1.82348392299125,1.9040023258568,1.71368430996895,2.83107597022579,4,15
0.378,500,15,598.250306026651,-0.0216896545539953,598.250306026651,13430.2292076731,13783.1089717688,14526.7644106116,62.6702934804093,38.9332934465976,50.6255979272399,-330.607435040244,-26.2439795954985,1.49011611938477e-08,1.49011611938477e-08,1.9032149897102,2.14936033771704,2.17985902548104,2.22986349332711,4,15
0.379,500,15,530.759753938152,258.045676707416,530.759753938152,13292.6888291406,14173.8074828136,14208.9378937066,63.0488397144237,34.4264258897871,48.7053463208318,-419.199127644142,47.5515403508532,1.49011611938477e-08,1.49011611938477e-08,1.94582123722858,2.15184938702321,3.27507330886323,2.01039763363682,4,15
0.38,500,15,509.925267365584,265.010169634972,509.925267365584,13653.4582555372,14192.0946585248,13785.9505460747,64.2549899580879,33.9616310460117,46.4155311094412,-629.974365193004,-17.2184753357428,1.49011611938477e-08,1.49011611938477e-08,1.95032153994908,1.84127052101253,1.55230099459566,2.19928540548207,4,15
0.381,500,15,510.369226165703,261.736591863941,510.369226165703,14066.6377846578,13811.4159245753,13815.5230883112,65.1152904286815,38.2110698085318,44.3083532508334,-788.322167307646,-240.282416400523,1.49011611938477e-08,1.49011611938477e-08,1.85629658263616,1.60418411501795,0.177120213279016,2.79893994366896,4,15
0.382,500,15,499.746689432059,260.937638824777,499.746689432059,14038.8487831144,13491.9824790893,14260.4413263667,64.6348020087438,43.8355548029222,42.6981163206138,-772.236110826611,-485.616759487085,1.49011611938477e-08,1.49011611938477e-08,1.79674869406558,1.58722323715887,1.49011611938477e-08,2.70460580438991,4,15
0.383,500,15,460.205219043367,261.042925661712,460.205219043367,13639.3889293527,13647.1446175713,14567.5831902976,62.7685808488564,48.3911348407906,41.1504037474776,-648.774646088063,-590.63001151188,1.49011611938477e-08,1.49011611938477e-08,1.87101322570091,1.6538486605932,1.49011611938477e-08,2.30891841013534,4,15
0.384,500,15,385.114872023739,261.529421374769,385.114872023739,13396.3275795707,14074.4227817531,14366.2326251459,60.7916350648006,51.1524946185266,40.4388259152331,-545.626567987995,-539.494276540571,1.49011611938477e-08,1.49011611938477e-08,1.93787238954994,1.56924934600253,1.49011611938477e-08,3.00663180569025,4,15
0.385,500,15,284.315275399656,263.048590513422,284.315275399656,13646.5263330346,14226.0286068729,13915.2249191659,60.3206651901754,52.2130250167254,41.591915500607,-504.165687355895,-390.858809584046,1.49011611938477e-08,1.49011611938477e-08,1.95262604482879,1.32665901335422,1.49011611938477e-08,10.5407782651794,4,15
0.386,500,15,230.2870382535,263.860452669387,230.2870382535,14071.8949687503,13913.6876285967,13790.166752534,61.284078767285,51.9254607644877,44.1418342377528,-501.508118110284,-244.096516787009,1.49011611938477e-08,1.49011611938477e-08,1.87294119928971,1.23683892090607,0.487083856319803,7.33991491913726,4,15
0.387,500,15,344.269779556528,262.170122306417,344.269779556528,14158.2013769744,13525.7469878304,14150.2684615599,61.8501433308709,50.7044322559952,47.2326373479994,-464.203266222632,-159.244647190728,1.49011611938477e-08,1.49011611938477e-08,1.77827531921737,1.46602437333199,1.06651602617168,3.97830274768614,4,15
0.388,500,15,602.117637050589,-37.9126915357068,602.117637050589,13829.0362630194,13561.658997775,14544.2326485051,59.6151999526799,48.8216302339695,49.1394095937208,-368.852590926051,-143.308696705106,1.49011611938477e-08,1.49011611938477e-08,1.8339772187369,1.96604713779112,1.71052246700539,4.17301200934967,4,15
0.389,500,15,654.799035018287,262.699355806264,654.799035018287,13529.9708658849,13973.0968106128,14514.1822376366,53.7969476248726,47.0173341473915,48.6339937275459,-304.042439887565,-135.996227635815,1.49011611938477e-08,1.49011611938477e-08,1.92457480841838,2.43496594456547,2.22851117586445,5.46676377515385,4,15
0.39,500,15,629.920254660689,248.408825935945,629.920254660689,13664.2306710683,14219.3296478204,14126.1346512716,45.6348768575162,45.9912981198822,46.074467366175,-370.638716421877,-69.3760764175143,1.49011611938477e-08,1.49011611938477e-08,1.95961103017521,1.91541733512733,1.91583029860395,4.95505211922586,4,15
0.391,500,15,530.669632875395,244.414549581975,530.669632875395,14056.973361238,13990.3858217903,13892.4247225799,40.876634857064,46.2923057679404,43.8481466639229,-581.977318325283,34.5865718763695,1.49011611938477e-08,1.49011611938477e-08,1.91069938442888,0.742104122643265,1.04950480426336,2.25500392885778,4,15
0.392,500,15,319.642075378099,262.516022535276,319.642075378099,14209.7950612444,13560.139254802,14139.9756351683,44.8512450800304,47.9066122338283,44.1755554601721,-822.309451248886,80.0612720582344,1.49011611938477e-08,1.49011611938477e-08,1.79729404730338,1.49011611938477e-08,0.387444019184952,1.38131549541371,4,15
0.393,500,15,231.039645357167,263.857228932659,231.039645357167,13934.1883338011,13469.8220132138,14547.8201316432,52.4048245108401,49.8112973642033,46.0473749952128,-909.019630295711,32.7685565614663,1.49011611938477e-08,1.49011611938477e-08,1.81441800692099,1.49011611938477e-08,1.49011611938477e-08,1.60462472600913,4,15
0.394,500,15,335.272601177144,262.306196520426,335.272601177144,13495.6036481223,13843.423550633,14522.2437000247,59.9801969113192,51.2312052303113,49.0799348076491,-897.387413451487,-38.6026352812359,1.49011611938477e-08,1.49011611938477e-08,1.90892542101363,0.521177845937837,1.49011611938477e-08,2.17762676196092,4,15
0.395,500,15,637.081437301127,-456.441210592993,637.081437301127,13510.5481841576,14208.8667081255,14115.3603537985,65.2605804153075,51.9440420465556,51.8311716828502,-818.946562868387,-171.238105969057,1.49011611938477e-08,1.49011611938477e-08,1.95073312250187,0.952020812940673,1.49011611938477e-08,3.28437535086481,4,15
0.396,500,15,653.367152851765,262.368437978002,653.367152851765,13890.1792271583,14126.6363672082,13804.9594960034,66.2618359605636,51.3399142304842,52.8000806328889,-671.92138794817,-292.520506472943,1.49011611938477e-08,1.49011611938477e-08,1.92928434329356,1.3748557300813,0.449773868846554,4.58690126413459,4,15
0.397,500,15,609.556851448765,-70.4916283162394,609.556851448765,14078.303846411,13726.2770192265,13944.6871861431,65.1239551408726,48.71976123108,52.7538894641534,-498.152764821241,-277.941572438082,1.49011611938477e-08,1.49011611938477e-08,1.83347211156957,1.69343376910444,1.07798588245912,4.1981504352317,4,15
0.398,500,15,629.213184914921,245.091963957604,629.213184914921,13852.876077469,13527.5268734461,14378.2733124404,64.1082550784304,44.0406868957611,52.1609648606194,-373.149789411838,-157.915827148078,1.49011611938477e-08,1.49011611938477e-08,1.82647023811094,1.95400942042693,1.73830513055944,2.99361304807393,4,15
0.399,500,15,588.716943795913,64.2344896239556,588.716943795913,13410.9845126045,13804.6888548751,14520.1343088395,63.4553719290551,38.3939108585756,50.7734207447764,-327.078794150087,-37.1582309651018,1.49011611938477e-08,1.49011611938477e-08,1.90679570794138,2.20807786882205,2.23081830345065,2.38167356716999,4,15
0.4,500,15,520.351555528392,251.009426267965,520.351555528392,13303.5562942242,14189.312051992,14181.3166398137,63.8684611563118,33.8570396579313,48.9270083964925,-421.602933727198,33.3543685967207,1.49011611938477e-08,1.49011611938477e-08,1.94671276212755,2.19471832833279,3.24170981125021,2.14832802798651,4,15
0.401,500,15,503.1732346234,256.169370916713,503.1732346234,13685.1602794203,14181.7324535908,13771.5079952557,65.0392997892192,33.2870419240614,46.6886570478178,-618.739451482954,-28.6529783953746,1.49011611938477e-08,1.49011611938477e-08,1.94748379706632,1.87042913915513,1.44254185796265,2.34425702401089,4,15
0.402,500,15,508.848789037176,254.973097072817,508.848789037176,14081.2015473766,13786.0523398262,13832.8471079155,65.827418140122,37.4423230190779,44.5888041673401,-775.455569478688,-260.117183033121,1.49011611938477e-08,1.49011611938477e-08,1.84828682077453,1.63602248071337,0.0604740814354437,2.94642288730804,4,15
0.403,500,15,504.285737399492,255.973579248813,504.285737399492,14024.4071960003,13485.6441915717,14287.0089657214,65.2945747246965,42.8564418041,42.9109415309913,-749.279537792497,-494.69149739873,1.49011611938477e-08,1.49011611938477e-08,1.79696668545493,1.62340227553146,1.49011611938477e-08,2.76554444303287,4,15
0.404,500,15,465.956791106481,259.795282376686,465.956791106481,13618.1599047845,13667.964467767,14570.0437441005,63.4464209113316,47.173174727436,41.3209031601726,-626.603853496969,-587.18965084345,1.49011611938477e-08,1.49011611938477e-08,1.87567940331128,1.68685544872784,1.49011611938477e-08,2.37129022044098,4,15
0.405,500,15,389.698671231762,261.458437662426,389.698671231762,13397.6445753874,14094.0662338364,14340.6321125707,61.674464119049,49.7184789450689,40.8207406519299,-531.331574847942,-528.034888294909,1.49011611938477e-08,1.49011611938477e-08,1.93978004184759,1.59544009402611,1.49011611938477e-08,3.19136594131137,4,15
0.406,500,15,274.795304410662,263.190261434917,274.795304410662,13671.0013705098,14218.8366246065,13892.5998741788,61.4118305491021,50.6183308931014,42.1529492215842,-497.770156675509,-387.88903130376,1.49011611938477e-08,1.49011611938477e-08,1.95144483537508,1.36374550167285,1.49011611938477e-08,12.3216259784206,4,15
0.407,500,15,233.793262565348,263.816745060022,233.793262565348,14089.1997276702,13888.3216225057,13796.8816302122,62.4459151793606,50.2195467679512,44.7738695552103,-496.728344579198,-240.805167275623,1.49011611938477e-08,1.49011611938477e-08,1.86508051505049,1.29794285647043,0.517065040525582,7.27275530077742,4,15
0.408,500,15,353.564266274179,262.027975347123,353.564266274179,14147.7784293172,13512.9296684411,14175.055587151,62.8760370396467,48.9044699311639,47.7372812347489,-454.292675778786,-167.245668591326,1.49011611938477e-08,1.49011611938477e-08,1.77671492479192,1.5535284437252,1.08274356790463,4.23095728573871,4,15
0.409,500,15,609.889881953502,-113.869143829919,609.889881953502,13804.6997865199,13578.098652523,14551.5566046028,60.392054488857,46.9295735593032,49.4001863917015,-355.432619768965,-158.24324342628,1.49011611938477e-08,1.49011611938477e-08,1.83924978959898,2.08829150373762,1.70461535468092,4.65328858044196,4,15
0.41,500,15,654.619891558114,262.651559194298,654.619891558114,13523.5507214782,13996.1424124197,14493.9549608684,54.3484018909619,45.0710336333063,48.5986360288321,-292.973797429876,-151.251349422547,1.49011611938477e-08,1.49011611938477e-08,1.92761750212896,2.57785266277351,2.17691593116243,6.36891709501805,4,15
0.411,500,15,628.942449525952,245.33824430244,628.942449525952,13682.8053929907,14220.8332692189,14102.1002374821,46.0795330772543,44.0184716490955,45.7753891583889,-357.566133418946,-84.3923898929438,1.49011611938477e-08,1.49011611938477e-08,1.95976446752189,1.98808611160762,1.8447623961633,5.60818280321895,4,15
0.412,500,15,525.19117861266,248.066006980053,525.19117861266,14074.5122458714,13970.2704905639,13894.0216681543,41.3153822250208,44.3688946235186,43.2962989840798,-577.947124579813,32.2393850470895,1.49011611938477e-08,1.49011611938477e-08,1.90427985020974,0.7687307635174,1.02731541919587,2.33996538994978,4,15
0.413,500,15,303.786862486705,262.75312213931,303.786862486705,14202.3219513839,13544.9745335256,14163.8903114692,45.2472401263972,46.0066634472526,43.6019032121439,-811.109748846842,82.3156134276821,1.49011611938477e-08,1.49011611938477e-08,1.79387956838755,1.49011611938477e-08,0.411046102801062,1.39415691475511,4,15
0.414,500,15,208.714554047945,264.18007202656,208.714554047945,13904.434978433,13484.4732148616,14559.7285642089,52.8242511313949,47.8630157593875,45.73449352648,-890.924749254288,40.6502253011567,1.49011611938477e-08,1.49011611938477e-08,1.81986018181534,0.140182869412297,1.49011611938477e-08,1.58883860436067,4,15
0.415,500,15,335.717007502221,262.301727499238,335.717007502221,13479.0344476385,13872.0713472516,14504.4477990132,60.3304312227947,49.219361128915,49.0167700624438,-879.397065079481,-30.1270954606855,1.49011611938477e-08,1.49011611938477e-08,1.91290409685633,0.578872845499367,1.49011611938477e-08,2.13311739686999,4,15
0.416,500,15,654.705150554259,-727.026815941446,654.705150554259,13523.8426576215,14219.9481104286,14087.4230045704,65.2915625173508,49.866050205091,51.7692966641209,-806.947403241387,-160.631684056966,1.49011611938477e-08,1.49011611938477e-08,1.95157975530905,1.00470467091373,1.49011611938477e-08,3.22013906748369,4,15
0.417,500,15,652.318171389415,262.130025534138,652.318171389415,13909.1356847982,14108.9787552324,13797.7724825283,66.0714795129995,49.2729982154034,52.6810869120351,-656.971295854091,-290.735425196081,1.49011611938477e-08,1.49011611938477e-08,1.92475115487493,1.42425849766919,0.517852169306967,4.48879873837332,4,15
0.418,500,15,606.324859925594,-79.8682962754242,606.324859925594,14072.0974450597,13705.887979975,13962.1900124248,64.9505162945347,46.6968584188802,52.6593310128373,-493.02949247409,-273.355974338129,1.49011611938477e-08,1.49011611938477e-08,1.82964009984925,1.7266635526689,1.11566663608192,4.11286273967425,4,15
0.419,500,15,630.076832232772,247.976457776366,630.076832232772,13823.8142882372,13532.6516047111,14394.1802230786,63.9928219960827,42.0547127926792,52.1170551238478,-375.362891526294,-155.683872798737,1.49011611938477e-08,1.49011611938477e-08,1.83071763912816,1.97746885298364,1.76136000381534,2.98386564508143,4,15
0.42,500,15,588.594261460713,65.451306803178,588.594261460713,13385.4535058621,13830.2308438089,14508.2821969515,63.398837358095,36.5232023697512,50.8039309376663,-338.513521520016,-40.0985194198769,1.49011611938477e-08,1.49011611938477e-08,1.91096081012026,2.2143215648805,2.27022593469705,2.40469873371063,4,15
0.421,500,15,526.864773612648,247.604595593306,526.864773612648,13307.3173224578,14199.5344318067,14148.6134816314,63.9022176960182,32.3340914622746,49.0292920032131,-434.405720878511,22.0489429631531,1.49011611938477e-08,1.49011611938477e-08,1.94803240498223,2.1779390004529,3.16890744524391,2.19109548581469,4,15
0.422,500,15,509.210222875898,254.781834973456,509.210222875898,13703.9375083078,14163.3443142426,13754.3572487439,65.1509197061731,32.4549297464629,46.8545088541587,-643.47354738118,-51.1933049184948,1.49011611938477e-08,1.49011611938477e-08,1.94529769126631,1.84984536387938,1.26826366163419,2.40463614852309,4,15
0.423,500,15,519.233082684548,251.535348697002,519.233082684548,14085.4649860834,13760.9339805767,13846.5150407888,65.8835330305919,36.98523744629,44.7820560603704,-787.068587051985,-286.862026735602,1.49011611938477e-08,1.49011611938477e-08,1.8427481690815,1.63387639926507,1.49011611938477e-08,2.94195864541368,4,15
0.424,500,15,509.926608797792,254.626921163403,509.926608797792,13999.8560001503,13481.5474835935,14307.0444969913,65.2210516333403,42.4796861233715,43.0990775830246,-747.423489608581,-512.470071273248,1.49011611938477e-08,1.49011611938477e-08,1.80008028004889,1.63639784863756,1.49011611938477e-08,2.68497319103869,4,15
0.425,500,15,467.94901382729,259.706757125807,467.94901382729,13588.6163319232,13689.9769017739,14565.3951770511,63.259711159507,46.7444487698332,41.57827642995,-622.56066302096,-591.640339328947,1.49011611938477e-08,1.49011611938477e-08,1.88166360737423,1.70234418543695,1.49011611938477e-08,2.35278990560278,4,15
0.426,500,15,384.963174460281,261.5310197024,384.963174460281,13395.0001889636,14112.2361462803,14312.3545900806,61.403692904899,49.2148182387921,41.1502148878213,-534.190543334829,-528.764711081432,1.49011611938477e-08,1.49011611938477e-08,1.94189552307983,1.59868046690381,1.49011611938477e-08,3.27594980804449,4,15
0.427,500,15,283.397941761641,263.06119282369,283.397941761641,13690.4837464656,14209.7873809335,13870.7290320158,61.1767106695063,50.0736493300262,42.6032069447965,-504.658859717987,-376.814320658436,1.49011611938477e-08,1.49011611938477e-08,1.95047648117936,1.35077099309757,1.49011611938477e-08,13.9018575429706,4,15
0.428,500,15,239.051888152447,263.732825777126,239.051888152447,14100.0319842428,13861.8510502274,13805.4544289483,62.2958509010086,49.7018223436316,45.3130419284493,-508.949171214687,-231.186709311816,1.49011611938477e-08,1.49011611938477e-08,1.85889165066453,1.28179587998459,0.550261460448998,6.74714915210106,4,15
0.429,500,15,382.657480399145,261.592070003684,382.657480399145,14132.2158727644,13501.2738286473,14200.0058236153,62.7681394130886,48.4514714598316,48.2806794581322,-467.259799185813,-163.237840235982,1.49011611938477e-08,1.49011611938477e-08,1.77782242805316,1.53757840813605,1.0982658818443,4.16153806704451,4,15
0.43,500,15,636.17748086956,-438.74669482708,636.17748086956,13780.7198255883,13595.6724461828,14564.755692745,60.1827298439726,46.580283650506,49.6964448696568,-368.675066521985,-158.614359349451,1.49011611938477e-08,1.49011611938477e-08,1.84592035280607,2.06011019338029,1.7007343105604,4.67383960221179,4,15
0.431,500,15,653.018294929846,262.261430467469,653.018294929846,13518.3638374184,14019.0256501946,14480.5298136768,53.9894329852311,44.8435036840253,48.5905658429749,-311.506409630051,-150.34817515394,1.49011611938477e-08,1.49011611938477e-08,1.9311847566779,2.49252084477963,2.11705614144075,6.32512212931249,4,15
0.432,500,15,624.396399965588,219.824354128147,624.396399965588,13701.5268910034,14219.0374548596,14084.0780791958,45.7866517077094,43.9480758185726,45.5162764584973,-384.330539404452,-73.7032367348981,1.49011611938477e-08,1.49011611938477e-08,1.96016548929521,1.83372627003701,1.74482556030339,5.15693562371298,4,15
0.433,500,15,509.513839680855,254.471527490987,509.513839680855,14091.0457344569,13945.5810018729,13900.4353776599,41.59899927804,44.4286832228589,43.0716292058351,-609.528776964018,45.7840128589333,1.49011611938477e-08,1.49011611938477e-08,1.89841827378232,0.678155477030134,0.974461585820747,2.12886462985414,4,15
0.434,500,15,282.024465765351,263.07846187212,282.024465765351,14194.3650558591,13528.0602170876,14192.5375333138,46.0178417860822,46.1140665285333,43.5545760756842,-834.706191586369,92.9129992745958,1.49011611938477e-08,1.49011611938477e-08,1.79214988332155,1.49011611938477e-08,0.386373796953981,1.3044182163832,4,15
0.435,500,15,193.639341289404,264.41609826659,193.639341289404,13875.8661593554,13496.4019244792,14575.3867301821,53.6622875298005,47.93073643714,45.8469091980723,-902.904562108657,49.6212740477155,1.49011611938477e-08,1.49011611938477e-08,1.82589245046879,0.11903440358324,1.49011611938477e-08,1.53267266645406,4,15
0.436,500,15,339.379824715846,262.244635145738,339.379824715846,13467.3598115961,13897.6535945318,14493.408208113,61.0975164834699,49.2174118390256,49.2527927467839,-889.119226778317,-19.3861430899751,1.49011611938477e-08,1.49011611938477e-08,1.91690449357177,0.581662761073981,1.49011611938477e-08,2.09114654976857,4,15
0.437,500,15,656.285770040101,-494.306684683367,656.285770040101,13541.3730061058,14225.606045382,14067.9006256285,65.9074008774755,49.7509139712481,52.1008507236789,-810.612312620673,-160.405691853248,1.49011611938477e-08,1.49011611938477e-08,1.95271367921897,1.01043413103533,1.49011611938477e-08,3.1931359523273,4,15
0.438,500,15,651.731356678443,262.002113989087,651.731356678443,13929.987784449,14089.7050844912,13799.2562567386,66.5316962549404,48.9653330835813,53.0430821016384,-656.503209664274,-288.480780167884,1.49011611938477e-08,1.49011611938477e-08,1.92075294776576,1.42787378367652,0.555035744990067,4.43556034878822,4,15
0.439,500,15,612.036919051675,-139.748194635457,612.036919051675,14067.0606748474,13683.1027368909,13985.2434802953,65.3298527896312,46.1708885219271,53.0089288393845,-491.911769505066,-266.550270955599,1.49011611938477e-08,1.49011611938477e-08,1.82604236385848,1.73075314176701,1.15114299490311,4.0477198622814,4,15
0.44,500,15,626.979885779834,235.383678782967,626.979885779834,13798.0152745175,13535.7763243829,14414.9762445092,64.3332592955826,41.4293334708897,52.4292138830159,-375.076047676789,-153.298204884505,1.49011611938477e-08,1.49011611938477e-08,1.83448104787424,1.99026045868011,1.78982654330617,3.01834587189832,4,15
0.441,500,15,582.566343388599,103.892210375698,582.566343388599,13366.8367074164,13852.2757495247,14501.1670871412,63.7555189758052,35.8339119281163,51.1526190878462,-341.999809181882,-45.3985659428165,1.49011611938477e-08,1.49011611938477e-08,1.91431129287284,2.22233608646766,2.30868284186749,2.46120119024082,4,15
0.442,500,15,521.058968413774,250.595827479709,521.058968413774,13318.9288758729,14212.0030371038,14124.0349617587,64.2723806391335,31.613104574297,49.4143716334077,-444.860319576851,17.0403070924956,1.49011611938477e-08,1.49011611938477e-08,1.9489218798405,2.16628465125689,3.04750393422468,2.25250507235053,4,15
0.443,500,15,508.530918663208,255.115192811071,508.530918663208,13732.8838814511,14149.0350224286,13745.3394332326,65.4407685558044,31.6636074929548,47.22847741581,-649.596225208072,-65.1859697727035,1.49011611938477e-08,1.49011611938477e-08,1.94182998692599,1.84493097137626,1.19395877933139,2.48651038877521,4,15
0.444,500,15,517.576447698433,252.195793814594,517.576447698433,14095.3062506913,13735.2533944048,13868.3950694057,66.017276716074,36.149444409777,45.1159677624363,-776.999382920364,-305.430743970421,1.49011611938477e-08,1.49011611938477e-08,1.83549486378895,1.65272934804466,1.49011611938477e-08,3.0337809942057,4,15
0.445,500,15,508.998964589248,254.866539886617,508.998964589248,13982.9853595679,13478.4894129933,14334.0924991537,65.1848215149152,41.4732799929897,43.3544055279091,-724.840327974968,-522.854786595352,1.49011611938477e-08,1.49011611938477e-08,1.80152831420455,1.67472512123912,1.49011611938477e-08,2.70722644582094,4,15
0.446,500,15,464.250081645917,259.864320692922,464.250081645917,13568.2915084415,13712.0305506671,14564.761374797,63.1105734235534,45.5303715620278,41.8007139974108,-605.211210626247,-590.67023445057,1.49011611938477e-08,1.49011611938477e-08,1.88624149482088,1.74738474801074,1.49011611938477e-08,2.38965789932131,4,15
0.447,500,15,378.236650119696,261.633915568735,378.236650119696,13399.8771092599,14129.3105625179,14285.2343742291,61.3509349370166,47.8139627014503,41.5463962760488,-517.908873951916,-519.494816334045,1.49011611938477e-08,1.49011611938477e-08,1.94349061495613,1.63921361503731,1.49011611938477e-08,3.4380567477791,4,15
0.448,500,15,258.586955143339,263.431737681419,258.586955143339,13716.4887067114,14199.5883833647,13850.8078672136,61.2762140125542,48.5515167216779,43.1221455787232,-495.955954138664,-367.014820191364,1.49011611938477e-08,1.49011611938477e-08,1.94846794309793,1.39190484109842,1.49011611938477e-08,16.1503208144585,4,15
0.449,500,15,233.806595378157,263.811318686875,233.806595378157,14115.3620283124,13836.713235177,13815.6068914153,62.4583702136818,48.1130997658718,45.8729821826101,-502.204499083149,-228.088550667566,1.49011611938477e-08,1.49011611938477e-08,1.85101130905207,1.33353723045966,0.58419166464448,6.73850124544632,4,15
0.45,500,15,388.900452518827,261.496094768404,388.900452518827,14120.5460522696,13492.7299319176,14224.964416536,62.8157710240954,46.8042500431099,48.7344524752484,-456.109510200847,-168.512352703111,1.49011611938477e-08,1.49011611938477e-08,1.77749512894639,1.60593735977081,1.1183614864434,4.37074142886579,4,15
0.451,500,15,641.37004657656,-521.518381616845,641.37004657656,13759.0440961072,13615.6148267578,14570.0433579407,60.0247106809421,44.8748850767936,49.9898311304249,-361.319208213843,-167.374387662643,1.49011611938477e-08,1.49011611938477e-08,1.85134527165896,2.14834419295519,1.70121637604662,5.08146382685659,4,15
0.452,500,15,652.901436738068,-7880.11404840145,652.901436738068,13516.9540327276,14041.1531660116,14457.9116191894,53.6182483146781,43.1315080499016,48.6904741626954,-304.064817818327,-158.564580567781,1.49011611938477e-08,1.49011611938477e-08,1.93394342325617,2.57227882438241,2.07216924020091,7.08969910727259,4,15
0.453,500,15,623.470767011861,-1364.62310073987,623.470767011861,13723.4317443772,14218.3884003355,14060.7059413265,45.3811440604686,42.3014888342385,45.4658656201711,-384.854891195769,-77.3429454226961,1.49011611938477e-08,1.49011611938477e-08,1.95986479827652,1.83195880500204,1.66932927502906,5.53538555990535,4,15
0.454,500,15,504.250904482622,255.79705872173,504.250904482622,14108.6821739364,13924.0544783343,13903.6454597197,41.4420581031345,42.9150404847297,42.9327948658911,-611.827083487517,44.6828469640363,1.49011611938477e-08,1.49011611938477e-08,1.89135833867225,0.664297774188192,0.931962493974167,2.1680905636455,4,15
0.455,500,15,255.279660151519,263.478662304271,255.279660151519,14183.8204679755,13515.2221004273,14213.9792623123,46.1470113998465,44.7028738315804,43.4739209905529,-828.884376897648,90.7060711483334,1.49011611938477e-08,1.49011611938477e-08,1.78973606367896,1.49011611938477e-08,0.368254480831056,1.33254165063632,4,15
0.456,500,15,168.462061507249,264.792604827297,168.462061507249,13846.6298508626,13514.1016485403,14581.8145433923,53.9097068060679,46.5522194903597,45.9141926159478,-888.576718671288,51.80223695686,1.49011611938477e-08,1.49011611938477e-08,1.8315866105172,0.227308061367483,1.49011611938477e-08,1.5585096037099,4,15
0.457,500,15,329.17739270166,262.400235947726,329.17739270166,13456.273822149,13925.2849686665,14471.3582544695,61.3595960319672,47.8337337067075,49.4385543557837,-872.498808740533,-21.7774128829722,1.49011611938477e-08,1.49011611938477e-08,1.92032516953267,0.640007302407881,1.49011611938477e-08,2.12266099203387,4,15
0.458,500,15,656.560566768466,-8998.76138762013,656.560566768466,13559.6652896951,14233.3305763866,14038.9098923671,66.0097229587809,48.3526437237319,52.2591612900594,-791.081820687619,-168.5406999376,1.49011611938477e-08,1.49011611938477e-08,1.95316856812234,1.07380934670316,1.49011611938477e-08,3.26354911417473,4,15
0.459,500,15,650.795474845089,-7050.11813941791,650.795474845089,13950.0001951424,14071.5457188451,13793.2759911697,66.5351756882192,47.5930290715162,53.1621896235717,-636.569508754123,-295.952774479584,1.49011611938477e-08,1.49011611938477e-08,1.91547882019736,1.49786205308998,0.576985602052647,4.53483783884594,4,15
0.46,500,15,619.410917459502,-303.931576059395,619.410917459502,14059.8127917745,13664.6002688387,14001.520590287,65.4218603172221,44.8654284271873,53.1309536826298,-479.811187560017,-268.317468736818,1.49011611938477e-08,1.49011611938477e-08,1.82274930646181,1.79138048731985,1.16583509053989,4.11184594076189,4,15
0.461,500,15,621.031533378016,-1057.39428071477,621.031533378016,13774.3735576169,13544.2771334136,14428.3606746765,64.4822909926072,40.2095643997396,52.5049800342191,-370.053077298203,-162.367882600533,1.49011611938477e-08,1.49011611938477e-08,1.83851547433968,2.06134051767051,1.79982057615625,3.12439913091231,4,15
0.462,500,15,567.751946737083,174.778170511307,567.751946737083,13352.2697159604,13878.0170089603,14486.9059716898,64.0573059043479,34.8317634630211,51.2504503879938,-341.714347336384,-50.0072438176822,1.49011611938477e-08,1.49011611938477e-08,1.91752991604622,2.28909821436082,2.34399581518017,2.56222147408271,4,15
0.463,500,15,496.439464548796,257.311917282003,496.439464548796,13335.1030526264,14219.3895766746,14093.3975426417,64.8217888885604,31.1208359336438,49.5573163814713,-457.027186335504,9.03671828731798,1.49011611938477e-08,1.49011611938477e-08,1.94987504893881,2.19769408984467,2.9225498557027,2.34805370469419,4,15
0.464,500,15,491.4552182446,257.980353198972,491.4552182446,13759.5851340616,14130.0480491671,13735.4767160433,66.2497834426771,31.8573879430071,47.3824072906582,-668.776961640752,-77.5874105835831,1.49011611938477e-08,1.49011611938477e-08,1.93820877802443,1.83739522305991,1.06324591187535,2.57299879258132,4,15
0.465,500,15,526.289065172021,247.634496484764,526.289065172021,14100.9019774481,13711.9290275177,13888.0577699085,67.0006977934936,36.5663796529916,45.1197205727889,-791.412844651723,-311.848495078337,1.49011611938477e-08,1.49011611938477e-08,1.83005915821551,1.62592307941429,1.49011611938477e-08,3.0666965705558,4,15
0.466,500,15,533.135011998419,243.103340933767,533.135011998419,13959.3802113712,13478.0365050034,14356.0482803742,66.2839619325411,41.8743303699214,43.0645849891922,-741.560644567362,-510.147152537835,1.49011611938477e-08,1.49011611938477e-08,1.8051985698413,1.62734303626286,1.49011611938477e-08,2.75089453310219,4,15
0.467,500,15,499.856676228931,256.766052287708,499.856676228931,13544.5856652319,13735.5854745207,14562.5259459688,64.2927903667112,45.8393213805794,41.2739482184997,-618.098661218744,-575.389090622868,1.49011611938477e-08,1.49011611938477e-08,1.89173845756489,1.66961435990182,1.49011611938477e-08,2.48285157902136,4,15
0.468,500,15,415.08183489023,261.057333158467,415.08183489023,13403.9818938387,14145.408748874,14264.4108202048,62.5700389459934,48.0313937838785,40.9133342805425,-534.343515192659,-497.456795555971,1.49011611938477e-08,1.49011611938477e-08,1.94548351943651,1.52847465466441,1.49011611938477e-08,3.75574852853802,4,15
0.469,500,15,306.27242314043,262.717450812927,306.27242314043,13737.4491026462,14187.3073241268,13841.4250075109,62.5870298014904,48.7020442314505,42.6451128297425,-518.888074830497,-338.955877470403,1.49011611938477e-08,1.49011611938477e-08,1.94727659168012,1.28002005642791,1.49011611938477e-08,23.3073613883046,4,15
0.47,500,15,271.534256109403,263.251992662119,271.534256109403,14122.230380557,13809.2785444649,13837.0518706293,63.9058771756596,48.2405485517432,45.6372617577587,-530.592944363769,-199.997827468493,1.49011611938477e-08,1.49011611938477e-08,1.84596384873469,1.24554261864842,0.591410985509076,5.33999875009676,4,15
0.471,500,15,436.800436197358,260.686187722538,436.800436197358,14100.1210598448,13483.2714051011,14259.4114556385,64.3923026387939,46.9314887816046,48.6257380709758,-489.904989006708,-146.320690985661,1.49011611938477e-08,1.49011611938477e-08,1.78065969126418,1.52920839166649,1.12402600784411,3.80527473212203,4,15
0.472,500,15,661.376255291605,-12294.361205658,661.376255291605,13733.5137132346,13634.8711101949,14590.444660887,61.5803196474806,45.0210191284167,49.6717540115892,-389.46737748525,-148.034112010867,1.49011611938477e-08,1.49011611938477e-08,1.85855411445138,2.0550816359795,1.69719812836632,4.47268391989363,4,15
0.473,500,15,651.727679085351,-7397.39965318614,651.727679085351,13512.6377466392,14062.1581596424,14453.1766394648,55.2410501341534,43.2960005286632,48.1071981133124,-335.103168169687,-134.717055491879,1.49011611938477e-08,1.49011611938477e-08,1.9372055156842,2.41468444087014,2.03673652978152,5.86802960701116,4,15
0.474,500,15,619.619874250301,-934.151810313026,619.619874250301,13741.0958367488,14212.5906293718,14055.9391226653,47.2971035064199,42.4668708021662,44.6580297138604,-422.739890787288,-43.7388565623736,1.49011611938477e-08,1.49011611938477e-08,1.95991729621658,1.6791846922692,1.6346508031422,4.24268206655383,4,15
0.475,500,15,491.495248138447,257.877857651132,491.495248138447,14120.2821157013,13898.7829580268,13925.7404337987,43.8390874793012,43.0320995687511,42.1445796890555,-652.180814337742,82.4735362680833,1.49011611938477e-08,1.49011611938477e-08,1.8861447323995,0.617274877583841,0.939469192851204,1.78851266179651,4,15
0.476,500,15,238.673464759036,263.715034838776,238.673464759036,14171.301454316,13501.5813756452,14255.7321797607,48.4844194532493,44.6897347160039,42.8811035646097,-853.360390529908,127.187101091503,1.49011611938477e-08,1.49011611938477e-08,1.79025334938608,1.49011611938477e-08,0.423307180688973,1.14135568501377,4,15
0.477,500,15,165.709478019644,264.833340755189,165.709478019644,13807.8889403984,13529.4076480973,14600.5916127146,55.9052358224688,46.3765974692304,45.5509902090019,-911.92917801933,87.8806147816735,1.49011611938477e-08,1.49011611938477e-08,1.83922847410441,0.190588768898044,1.49011611938477e-08,1.36690831148374,4,15
0.478,500,15,356.61446431935,261.999411276206,356.61446431935,13439.401651185,13950.7983261002,14465.2926823443,62.9552044733156,47.5003825299094,49.2407900427398,-896.573192483168,11.570291268499,1.49011611938477e-08,1.49011611938477e-08,1.92439127784239,0.606125292882597,1.49011611938477e-08,1.87551620720021,4,15
0.479,500,15,665.239495221931,-15136.1000530231,665.239495221931,13570.8808654046,14236.0282839736,14029.4109197257,67.111437350078,47.8422003219289,52.0812757427847,-814.838899577453,-141.263920030721,1.49011611938477e-08,1.49011611938477e-08,1.95430003459642,1.02555953377581,0.132600821740741,2.86651176876362,4,15
0.48,500,15,649.606151544294,261.572342232351,649.606151544294,13960.9542307659,14049.0348500829,13806.6799358701,67.2072313404692,46.8377788180309,52.9390490108057,-658.500295825154,-270.039715515008,1.49011611938477e-08,1.49011611938477e-08,1.91177336464268,1.42800225204887,0.676785302226764,3.92984073091426,4,15
0.481,500,15,619.792080260348,-186.752571161223,619.792080260348,14047.3738660468,13643.2564983469,14037.1542090934,65.8031309142078,43.8525853339647,52.9508836546244,-505.624131412947,-251.522720667812,1.49011611938477e-08,1.49011611938477e-08,1.82092808728526,1.71801459428884,1.24264879475788,3.64505247642388,4,15
0.482,500,15,620.352011353086,160.640111097954,620.352011353086,13742.75159964,13550.4921290523,14457.8137725503,64.6052628042735,39.0190827049565,52.4842103351236,-384.082243727837,-152.863418423036,1.49011611938477e-08,1.49011611938477e-08,1.84358059980822,2.00137814735573,1.8478794491896,2.96128830076218,4,15
0.483,500,15,566.401233430919,179.109980688236,566.401233430919,13330.534651374,13900.4660357144,14487.0626259224,64.0012096827994,33.4174286324569,51.4979918145114,-354.943613934564,-45.6826410171589,1.49011611938477e-08,1.49011611938477e-08,1.92094589927223,2.22919631581893,2.35612506799571,2.51395660719821,4,15
0.484,500,15,508.098496206862,255.087468739861,508.098496206862,13343.0905782524,14229.1071063465,14076.9832826282,64.6380699150189,29.4284626690669,50.0223534150701,-471.261360565174,9.77593383726678,1.49011611938477e-08,1.49011611938477e-08,1.95093112414236,2.13215409864302,2.76424392948651,2.33105727326042,4,15
0.485,500,15,512.521142663585,254.028962365659,512.521142663585,13782.6105508907,14112.3398197821,13735.5672480133,65.8663989028773,29.9492656958849,47.9153685049111,-673.411949429378,-86.2491462013508,1.49011611938477e-08,1.49011611938477e-08,1.93427043972506,1.80698619512009,1.04385160848595,2.59086983448999,4,15
0.486,500,15,529.606430798367,245.895019565725,529.606430798367,14106.9341944529,13687.8153109616,13917.6338152697,66.2755218275694,34.5912288077107,45.6085048669652,-772.459790821313,-315.369810185315,1.49011611938477e-08,1.49011611938477e-08,1.82340450840377,1.64967266146649,1.49011611938477e-08,3.14809857416025,4,15
0.487,500,15,526.036222055555,248.010105233286,526.036222055555,13943.4077463401,13480.2726228367,14386.8866047948,65.1173661105591,39.7233692803637,43.473082503148,-704.51622420159,-520.115823843304,1.49011611938477e-08,1.49011611938477e-08,1.80733603943563,1.69987470374739,1.49011611938477e-08,2.79203309808479,4,15
0.488,500,15,480.410134720452,258.982654269651,480.410134720452,13528.5245984267,13760.158161319,14561.7124227964,62.7578687007916,43.4525955091254,41.7286015295877,-577.495218782612,-571.890825228031,1.49011611938477e-08,1.49011611938477e-08,1.89589898134034,1.77046889857441,1.49011611938477e-08,2.55144599325986,4,15
0.489,500,15,385.70474632206,261.518481929136,385.70474632206,13414.9916922371,14160.7347937653,14237.2424036486,60.9885451237625,45.431825499282,41.6263802120401,-502.94753628351,-483.715510354985,1.49011611938477e-08,1.49011611938477e-08,1.94672822222235,1.62915688309337,1.49011611938477e-08,4.0254280592231,4,15
0.49,500,15,263.933523892659,263.352522774358,263.933523892659,13767.6374300813,14175.1185974782,13825.0617401172,61.1352944477673,45.9965723563244,43.4500358848661,-499.751710048933,-324.968798087934,1.49011611938477e-08,1.49011611938477e-08,1.94412325846622,1.35807395437729,0.08522758897453,28.3752991615006,4,15
0.491,500,15,242.72072355838,263.687784421664,242.72072355838,14139.31947777,13785.3561517548,13851.0093256607,62.5699756711186,45.5298670214166,46.3902770497703,-517.545416952207,-199.726138586472,1.49011611938477e-08,1.49011611938477e-08,1.83751674649716,1.3096847756418,0.641433814325321,5.50113914471826,4,15
0.492,500,15,421.741339641196,260.962984754116,421.741339641196,14090.604228617,13479.0822946083,14283.8812422619,63.0339253601802,44.2565514123264,49.1941765621717,-476.048904075191,-151.737379827106,1.49011611938477e-08,1.49011611938477e-08,1.78056668248094,1.59357092493984,1.13601661147746,4.09314802284501,4,15
0.493,500,15,663.967518559896,-14265.6670229137,663.967518559896,13716.3608752215,13657.3729366008,14590.5650014685,60.1636930846793,42.3986934463532,50.1082738632249,-378.098142124267,-158.511351810225,1.49011611938477e-08,1.49011611938477e-08,1.86343552952066,2.12213490240381,1.66333843618574,4.9827077571599,4,15
0.494,500,15,651.88316956502,-7462.69674018395,651.88316956502,13517.7612714208,14083.1028542397,14426.58073715,53.7480200042216,40.7513924915486,48.4362811995556,-330.221987024774,-145.785544143306,1.49011611938477e-08,1.49011611938477e-08,1.93952416710765,2.44969890863079,1.93411501077662,6.76900440011304,4,15
0.495,500,15,619.430066532559,-918.065704004488,619.430066532559,13767.2561438749,14208.9555633535,14030.9759861689,45.887861970138,40.0920905149686,44.9070397840602,-423.7966249744,-53.4532496480834,1.49011611938477e-08,1.49011611938477e-08,1.95887021465902,1.64318485211754,1.51612208543468,4.67326419357814,4,15
0.496,500,15,489.100334101144,258.149008699362,489.100334101144,14139.1556363074,13876.4428897371,13927.7778835158,42.8507381097322,40.8633800424222,42.4164325952656,-637.544517570936,65.5292420638406,1.49011611938477e-08,1.49011611938477e-08,1.87807393807608,0.589578888510835,0.870292304709174,1.89483245466524,4,15
0.497,500,15,240.840679821715,263.682862224492,240.840679821715,14162.6368029849,13491.5930824645,14274.5099421132,47.8925210664534,42.6937864229717,43.1944103080068,-837.724367946357,110.730079166275,1.49011611938477e-08,1.49011611938477e-08,1.78788150429228,1.49011611938477e-08,0.381544541521975,1.23238213073595,4,15
0.498,500,15,168.33311225972,264.793422080215,168.33311225972,13782.7478375686,13550.1280064554,14598.7636936239,55.3410689000599,44.4664873578658,45.8236957448727,-884.056537118281,72.5073188283746,1.49011611938477e-08,1.49011611938477e-08,1.84432202200795,0.307494709342151,1.49011611938477e-08,1.46185051057349,4,15
0.499,500,15,354.527176228385,262.030515621389,354.527176228385,13437.0284097901,13978.418285932,14438.2466948735,62.3568028526639,45.6503396000202,49.3781503604725,-863.80415381328,-5.12013773103538,1.49011611938477e-08,1.49011611938477e-08,1.92694842414727,0.691415380625722,1.49011611938477e-08,1.99369129597312,4,15
0.5,500,15,662.367656672605,-12876.6505276894,662.367656672605,13596.3445563785,14242.2589836559,14000.4547522433,66.3534647569833,46.0674299766215,51.9651918681595,-778.425351822029,-158.303164685021,1.49011611938477e-08,1.49011611938477e-08,1.95397861376392,1.11713382329056,0.133309014539534,3.04664039387987,4,15
0.501,500,15,647.466520184656,-5897.7894543465,647.466520184656,13982.9495839201,14031.2364224668,13802.8945773334,66.4215240672769,45.185191975021,52.676151007499,-633.230640058544,-274.976785317023,1.49011611938477e-08,1.49011611938477e-08,1.90543592027033,1.52265185410091,0.676054603533852,4.12252885891065,4,15
0.502,500,15,620.374247487764,-243.998276876752,620.374247487764,14039.5986208262,13628.6841339477,14052.2202513052,65.2500211109903,42.366774722997,52.6857529536029,-485.464298335781,-246.752699443003,1.49011611938477e-08,1.49011611938477e-08,1.81816548240587,1.79039082703057,1.24014580041168,3.68596937892182,4,15
0.503,500,15,621.75159949132,-1144.3000005175,621.75159949132,13715.1938366126,13563.8319868883,14462.3236764697,64.2925659733206,37.7427522873767,52.1518763312535,-378.414902187514,-142.957545176554,1.49011611938477e-08,1.49011611938477e-08,1.84818820985175,2.05085761222224,1.8405439519398,2.92159953857492,4,15
0.504,500,15,570.8306882195,162.399147138473,570.8306882195,13315.1608758219,13927.2382173934,14462.8557844309,63.9058554719689,32.5642988636646,51.0331945375591,-364.819786144369,-39.8911882438668,1.49011611938477e-08,1.49011611938477e-08,1.92394433050648,2.2455909584668,2.37992098613507,2.46870187075904,4,15
0.505,500,15,507.872108183272,255.193602184666,507.872108183272,13359.3791682637,14235.4744395482,14040.1499245597,64.6868351971542,29.3864912433224,49.425408991283,-493.418672596889,2.18005505993584,1.49011611938477e-08,1.49011611938477e-08,1.95203848703317,2.12106909065351,2.61424960937385,2.31857314433137,4,15
0.506,500,15,500.482531041572,256.673518048762,500.482531041572,13806.8193538074,14092.0986545932,13723.5048470313,65.960232131514,30.8959390014977,47.2907553764141,-687.227759519513,-101.4768197003,1.49011611938477e-08,1.49011611938477e-08,1.93034821173202,1.79861930967716,0.936510800543003,2.60833862412436,4,15
0.507,500,15,523.507893785511,249.552517254675,523.507893785511,14106.0134554078,13665.5541069193,13934.5193483589,66.3225946372378,36.0056989055521,45.0697443944882,-783.308202359107,-344.927391028163,1.49011611938477e-08,1.49011611938477e-08,1.81940164098115,1.65222678003757,1.49011611938477e-08,3.05549209785677,4,15
0.508,500,15,524.031218517535,249.137857641618,524.031218517535,13912.7956806688,13482.4724034929,14401.4492321698,65.1347742469384,41.2878881936123,43.0443614838511,-707.50883431347,-541.68592989709,1.49011611938477e-08,1.49011611938477e-08,1.81215611886455,1.70276256392082,1.49011611938477e-08,2.6282633568263,4,15
0.509,500,15,482.825881310241,258.822493351717,482.825881310241,13501.9465304886,13784.006832235,14550.3439383419,62.7553186129363,45.063205265388,41.3994359841167,-580.549121772781,-583.346044023967,1.49011611938477e-08,1.49011611938477e-08,1.90092058732089,1.76164174312223,1.49011611938477e-08,2.45308512087699,4,15
0.51,500,15,388.073550111737,261.489609118922,388.073550111737,13417.7837943434,14174.1608398388,14208.0649520696,60.9575616718193,47.0674057489922,41.3172081392717,-506.941415031,-487.470082817963,1.49011611938477e-08,1.49011611938477e-08,1.94819239954913,1.60124261939744,1.49011611938477e-08,3.98999936000194,4,15
0.511,500,15,274.251074473115,263.198032765655,274.251074473115,13787.2047398781,14159.641828706,13809.1442992935,61.1111322026877,47.6300107511731,43.2004927709453,-503.114935208203,-332.108784136379,1.49011611938477e-08,1.49011611938477e-08,1.94143806273499,1.32681667569872,0.154758674304482,27.1577463243526,4,15
0.512,500,15,266.700272175086,263.324183184079,266.700272175086,14143.4455390497,13758.4343162662,13866.1132999055,62.5151650968602,47.1633697959788,46.1876590271305,-518.784808126157,-199.391064272265,1.49011611938477e-08,1.49011611938477e-08,1.83131474092577,1.29301696024301,0.676714442699531,5.29146837934119,4,15
0.513,500,15,457.726970858218,260.161998082202,457.726970858218,14069.1230766412,13473.4120251311,14308.0151781209,62.8462593828452,45.9016458469124,48.9786848218153,-472.375119512268,-153.394425162757,1.49011611938477e-08,1.49011611938477e-08,1.7832209686101,1.59077956732702,1.1845918657304,4.02437180624136,4,15
0.514,500,15,661.399432628519,264.669888761243,661.399432628519,13691.5503791981,13678.0954421766,14594.5819208513,59.6789039583672,44.0609964455081,49.7279109492363,-373.973202870085,-158.422304134671,1.49011611938477e-08,1.49011611938477e-08,1.86968952492757,2.11715394265554,1.72910430991942,4.91110160201533,4,15
0.515,500,15,649.699953572788,261.572870182219,649.699953572788,13516.7365522909,14100.4330457726,14406.1288040295,53.0649370797236,42.4733022754234,47.9435410747367,-335.293538775144,-138.881146334632,1.49011611938477e-08,1.49011611938477e-08,1.94213481428726,2.38854575601286,1.98255184293989,6.43657889884552,4,15
0.516,500,15,612.247634919575,-39.7736762070206,612.247634919575,13786.1191633971,14197.3911614685,14012.8256909688,45.2998237476207,41.8760456440224,44.4678998950582,-434.882211774054,-45.8074781176802,1.49011611938477e-08,1.49011611938477e-08,1.95784361853145,1.52292240913875,1.51024823212663,4.16743244409738,4,15
0.517,500,15,466.558031079261,259.736867304089,466.558031079261,14148.6636828981,13846.9550097949,13937.4507054077,42.9038263161867,42.7073053136132,42.2668802465624,-667.495041171389,76.4946383031777,1.49011611938477e-08,1.49011611938477e-08,1.8713341595031,0.498829952039276,0.847846854577947,1.72019245487276,4,15
0.518,500,15,220.406727048313,263.99991378328,220.406727048313,14149.3007333884,13477.4306887668,14301.6249451952,48.4045889384656,44.5239969435909,43.2797016984959,-862.405079436147,111.989722178995,1.49011611938477e-08,1.49011611938477e-08,1.78770364858071,1.49011611938477e-08,0.348535837786016,1.17995207942609,4,15
0.519,500,15,173.83431603802,264.716146664805,173.83431603802,13753.1031218274,13564.7041874563,14606.2136501725,55.9233863315263,46.2341896416634,45.9672699781171,-900.365949106942,67.2032566885502,1.49011611938477e-08,1.49011611938477e-08,1.85008425085743,0.266226609432732,1.49011611938477e-08,1.46497874717183,4,15
0.52,500,15,405.708074145924,261.232872114531,405.708074145924,13431.6821346551,14000.1715329834,14422.0455289765,62.8657742875629,47.3666323130101,49.5292667703397,-874.48269468859,-16.9192373880641,1.49011611938477e-08,1.49011611938477e-08,1.9298633799304,0.673556973981352,1.49011611938477e-08,2.04041155069263,4,15
0.521,500,15,664.233072497949,-14395.4122033659,664.233072497949,13616.5074957866,14239.503783567,13984.0052267367,66.6003355165686,47.6739052770207,52.0097370682715,-788.385107234082,-161.603620572495,1.49011611938477e-08,1.49011611938477e-08,1.95413508365889,1.0948846054776,0.162768511942765,3.10868164941084,4,15
0.522,500,15,645.318812190779,-5253.57862557525,645.318812190779,13999.1089515829,14006.0109801503,13811.762599835,66.4650511023083,46.5721772966207,52.6320969273234,-630.722244061519,-273.069554866483,1.49011611938477e-08,1.49011611938477e-08,1.89990448487036,1.48626729685111,0.7159481031435,4.07278581003417,4,15
0.523,500,15,621.029514161226,-249.275006798097,621.029514161226,14032.065326915,13610.5212630469,14083.488395228,65.2111477595595,43.4252950355112,52.6163995107434,-481.026885383174,-231.187320475122,1.49011611938477e-08,1.49011611938477e-08,1.81591060977033,1.75068973382881,1.30010390821809,3.50544808493883,4,15
0.524,500,15,621.604003208147,-1124.6213294204,621.604003208147,13689.4947104159,13574.1508761215,14482.2743397482,64.1803561676547,38.5446985968183,52.0041179099566,-374.303225905125,-125.284582942201,1.49011611938477e-08,1.49011611938477e-08,1.85268009842866,2.01656165149461,1.89405459221954,2.78278269232977,4,15
0.525,500,15,567.281755442842,175.882193358787,567.281755442842,13303.8477581574,13950.3994489686,14454.3919183674,63.753553690401,33.1450435670456,50.8237371502511,-366.564207106284,-22.8168475283744,1.49011611938477e-08,1.49011611938477e-08,1.92652266778269,2.20346559567269,2.42275696747726,2.36347108819822,4,15
0.526,500,15,514.392291408519,253.23257905634,514.392291408519,13377.9619778462,14242.2504485372,14022.0567240444,64.5017427642196,29.7519336172848,49.1467260553264,-492.323082428525,15.1493074711314,1.49011611938477e-08,1.49011611938477e-08,1.9527909671807,2.06415742918657,2.65388264708419,2.23858199564487,4,15
0.527,500,15,522.278844131394,250.256277743861,522.278844131394,13833.7383849451,14071.9227495655,13728.0394691215,65.6788749759022,31.0600079530663,46.9366498182818,-693.824849822285,-101.268390796849,1.49011611938477e-08,1.49011611938477e-08,1.92548533423651,1.7542798718201,0.916038036743289,2.56864272630895,4,15
0.528,500,15,528.245968391876,246.771335507497,528.245968391876,14109.6194586672,13643.1129170682,13966.8067259376,65.9261387145623,36.0511329606217,44.7172256597425,-778.577894412431,-350.391835118362,1.49011611938477e-08,1.49011611938477e-08,1.81421180068187,1.62712805335857,1.49011611938477e-08,3.07562044334823,4,15
0.529,500,15,515.55762288564,252.847968910545,515.55762288564,13894.2093454256,13488.1264331188,14430.151646579,64.6372178866376,41.1771220282829,42.7353757427938,-695.156043982475,-539.705803885973,1.49011611938477e-08,1.49011611938477e-08,1.81574037785916,1.68775597545883,1.49011611938477e-08,2.67082821806321,4,15
0.53,500,15,462.013574466261,259.949052200625,462.013574466261,13485.4989080166,13809.4438196081,14546.7228199875,62.302700686158,44.7952027619806,41.2394776142145,-570.823736554706,-570.672743669302,1.49011611938477e-08,1.49011611938477e-08,1.90500673346498,1.74073078719742,1.49011611938477e-08,2.57061291724947,4,15
0.531,500,15,360.233508062168,261.905532471884,360.233508062168,13430.1261626866,14187.5540627685,14183.7529968108,60.7361075001315,46.6721680921698,41.4230233021794,-505.192520474359,-476.224194371595,1.49011611938477e-08,1.49011611938477e-08,1.94928594766143,1.57795829607917,1.49011611938477e-08,4.4577580602858,4,15
0.532,500,15,248.053082188147,263.595985564036,248.053082188147,13814.4934539653,14145.8848325017,13800.0260371545,61.0581726721614,47.1480659278885,43.4627555268679,-501.895999138312,-315.611009203705,1.49011611938477e-08,1.49011611938477e-08,1.93766275468254,1.32752474214306,0.208433892201331,24.9679454348176,4,15
0.533,500,15,252.994319299691,263.534059248205,252.994319299691,14153.9119603803,13736.322303666,13886.9479184725,62.4140407372672,46.5922658028682,46.4873701306682,-511.795621039359,-190.613168877529,1.49011611938477e-08,1.49011611938477e-08,1.8242273350388,1.32293903865496,0.715652192368281,5.00377326409563,4,15
0.534,500,15,453.352244407167,260.280684928765,453.352244407167,14054.2740443469,13474.0406962829,14336.1013209585,62.4395681182589,45.2202615707206,49.1802619138501,-455.941414867035,-150.739215749668,1.49011611938477e-08,1.49011611938477e-08,1.78520871380378,1.64405344240574,1.23475609621412,4.0097413385814,4,15
0.535,500,15,658.846107925331,263.902366497033,658.846107925331,13671.7159099066,13703.3446128332,14596.6841793857,58.9383770302377,43.3122716774151,49.8257190359772,-357.260887117547,-156.490463604678,1.49011611938477e-08,1.49011611938477e-08,1.87517937240192,2.18022966862381,1.78270676150619,4.97747940718946,4,15
0.536,500,15,649.020383011612,261.443609575674,649.020383011612,13521.1801525354,14120.1153544947,14383.664085399,52.0207656791885,41.723048290005,47.9519965069222,-325.266060981877,-136.599818192487,1.49011611938477e-08,1.49011611938477e-08,1.9444331584202,2.40932192247526,2.00861602226274,6.45830854423246,4,15
0.537,500,15,608.93534534132,-72.9312374190359,608.93534534132,13809.1368622394,14190.0565073166,13994.3109998518,44.2566271677814,41.2218367906851,44.5133103778884,-438.036950664503,-38.0756886280441,1.49011611938477e-08,1.49011611938477e-08,1.95630398233197,1.46669823415107,1.47966496306441,4.01809942174386,4,15
0.538,500,15,456.147683012119,260.127014327061,456.147683012119,14161.7824605673,13823.4143944266,13946.3226738804,42.3721333349738,42.1966582265559,42.5286648038703,-674.816276658087,77.6435146979989,1.49011611938477e-08,1.49011611938477e-08,1.86368679473226,0.453516125767602,0.805081572083424,1.69527281208031,4,15
0.539,500,15,208.965729778795,264.170982901789,208.965729778795,14135.0781608703,13469.7069241,14323.844657616,48.3274822363348,44.1486409634285,43.6673603256364,-861.4019160171,102.742981589272,1.49011611938477e-08,1.49011611938477e-08,1.78713979967219,1.49011611938477e-08,0.288103625648499,1.2239275528304,4,15
0.54,500,15,180.934064024175,264.604174531306,180.934064024175,13725.7363673928,13586.7890383375,14604.2016204024,55.9314556462465,45.9300273707765,46.3141470061074,-890.475862756377,55.4599185205696,1.49011611938477e-08,1.49011611938477e-08,1.85572606814769,0.320365116969839,1.49011611938477e-08,1.53214625697,4,15
0.541,500,15,412.410927012035,261.134803596472,412.410927012035,13429.8436174287,14025.6249455768,14396.6862374686,62.8351814598421,47.1020052039641,49.7663007776642,-862.058616574374,-26.2661696949171,1.49011611938477e-08,1.49011611938477e-08,1.93234327608995,0.721394873976121,1.49011611938477e-08,2.1418201614408,4,15
0.542,500,15,664.241988380878,-14453.9895715588,664.241988380878,13639.9280070811,14241.3933933295,13960.7406008281,66.3834223634335,47.4243507656568,52.0393487819065,-767.182024247771,-176.888935159981,1.49011611938477e-08,1.49011611938477e-08,1.95365573465332,1.14666790707053,0.119182057312316,3.24997513306237,4,15
0.543,500,15,643.086989762764,-4654.08783765029,643.086989762764,14014.8976341134,13985.6525337932,13814.2830209861,66.176641431065,46.3444833653035,52.5461985697556,-608.687687404726,-277.355777173752,1.49011611938477e-08,1.49011611938477e-08,1.89391189368434,1.53560019564212,0.717921774344333,4.16097989286656,4,15
0.544,500,15,621.854664362207,-258.716324288212,621.854664362207,14019.8286282096,13597.3367949621,14101.8376685908,65.069562703493,43.2452032623151,52.5405152490479,-467.87467983595,-222.082794030786,1.49011611938477e-08,1.49011611938477e-08,1.81474682024138,1.78388572864422,1.31478734153623,3.44405144502403,4,15
0.545,500,15,623.165298473033,205.810078913299,623.165298473033,13660.9730265489,13589.5894490993,14487.1892906351,64.1500561200693,38.4349498964622,51.8710565884234,-370.564963258791,-111.274029632689,1.49011611938477e-08,1.49011611938477e-08,1.85786603268382,2.03872551537729,1.91099189779958,2.68938660739919,4,15
0.546,500,15,572.277822461432,156.079124167664,572.277822461432,13291.615312856,13975.6029242654,14430.5792822487,63.8319378779,33.3119992955593,50.5897268365604,-371.961799170091,-16.3613807619986,1.49011611938477e-08,1.49011611938477e-08,1.9292341092113,2.20443112275591,2.48463573856982,2.29033009107922,4,15
0.547,500,15,516.316125615969,252.544569681979,516.316125615969,13396.9371321082,14244.7802934957,13989.1839547238,64.6561929959009,30.5428606798577,48.8194542772823,-513.379732095417,12.9960930841417,1.49011611938477e-08,1.49011611938477e-08,1.95382109308229,2.04477100911838,2.57240174125811,2.2079396862153,4,15
0.548,500,15,499.722064234351,256.910370830787,499.722064234351,13857.1594293732,14049.1160749591,13722.0391875575,65.8821257183487,32.5575905570483,46.610298967883,-718.291328555019,-120.456401348698,1.49011611938477e-08,1.49011611938477e-08,1.9209172013312,1.73311203883535,0.823002945489237,2.56678507589111,4,15
0.549,500,15,520.438842967213,250.999148316766,520.438842967213,14105.9382429661,13621.7162068823,13987.3765006261,66.1309364097685,37.8364575227133,44.4566829073195,-794.507220625286,-374.43293180255,1.49011611938477e-08,1.49011611938477e-08,1.81122739190922,1.60919169393965,1.49011611938477e-08,2.97704881761468,4,15
0.55,500,15,511.403356173814,254.19414970888,511.403356173814,13863.3696895385,13493.1417674393,14444.5097531958,64.8696629207405,43.0557768476972,42.5284472479591,-706.377578906964,-557.336068652278,1.49011611938477e-08,1.49011611938477e-08,1.82115149749923,1.66259601605286,1.49011611938477e-08,2.53676372664167,4,15
0.551,500,15,462.407201394663,259.934347319137,462.407201394663,13462.2021564654,13833.1544003593,14532.7449460389,62.5997443168032,46.7066795378411,41.106455159503,-588.409210113466,-582.106553428598,1.49011611938477e-08,1.49011611938477e-08,1.90957739111942,1.69691386146826,1.49011611938477e-08,2.49948344481632,4,15
0.552,500,15,369.909634540134,261.766852187675,369.909634540134,13436.1148820882,14197.5917468762,14153.5738422071,61.1238202424013,48.6000693624937,41.3598400844493,-518.164346409437,-479.308653501372,1.49011611938477e-08,1.49011611938477e-08,1.95050125090244,1.52218769874461,1.49011611938477e-08,4.48087573838012,4,15
0.553,500,15,253.101012888795,263.512395463359,253.101012888795,13834.2720685481,14127.8206836638,13786.6165687332,61.479636636381,49.0517545004028,43.4706627136738,-512.331087316561,-316.254864252358,1.49011611938477e-08,1.49011611938477e-08,1.93415368058973,1.28956422439024,0.205984433125387,21.4228307990684,4,15
0.554,500,15,273.537180797119,263.221952227531,273.537180797119,14155.5785076768,13710.8391163834,13903.8620595367,62.7252096691204,48.4542732261773,46.5358082813843,-514.024851501255,-193.123056769269,1.49011611938477e-08,1.49011611938477e-08,1.81876053088756,1.31343593510031,0.743975097564241,4.86479543971029,4,15
0.555,500,15,487.078654759665,258.595098274443,487.078654759665,14030.1697708863,13472.3554677538,14357.3223575332,62.4840941235892,47.0318362493782,49.1927988557012,-450.139826015253,-154.549131595066,1.49011611938477e-08,1.49011611938477e-08,1.78903734634397,1.65555975096175,1.28889041053842,3.97770016519283,4,15
0.556,500,15,660.726961221054,264.464644290669,660.726961221054,13647.4131114843,13725.9036842264,14595.4193172719,58.5814103137826,45.1020103929068,49.6927739311987,-355.309951385137,-157.697523199186,1.49011611938477e-08,1.49011611938477e-08,1.88125770375975,2.19367254339636,1.8621660607374,4.94304730150328,4,15
0.557,500,15,646.948784898165,261.079708140278,646.948784898165,13522.0600114152,14135.2934633257,14359.6653531195,51.3982682139282,43.5597345459176,47.7317679396674,-329.398688336421,-131.427281747677,1.49011611938477e-08,1.49011611938477e-08,1.94680039959986,2.36539976903329,2.06463668327016,6.20080302291376,4,15
0.558,500,15,602.021011621263,-44.8081164119178,602.021011621263,13827.5661750917,14176.3182750719,13976.1747033954,43.7229675872206,43.1287370468144,44.3787756435881,-458.464216162735,-27.3139038543657,1.49011611938477e-08,1.49011611938477e-08,1.95467800017209,1.36758477635011,1.46685815315836,3.68074162784938,4,15
0.559,500,15,435.495695741372,260.659134989836,435.495695741372,14167.9129545464,13794.7141308825,13956.7728877083,42.4807953693861,44.1687035493377,42.672889946424,-703.700281398708,82.8690205844287,1.49011611938477e-08,1.49011611938477e-08,1.85715390025812,0.369258948047306,0.774229538646809,1.58018410213731,4,15
0.56,500,15,198.41804919564,264.328620167035,198.41804919564,14118.2342456177,13459.4481503362,14348.4015245938,48.8122139749967,46.1188591488148,43.9618499590724,-883.015384054846,97.5118895861954,1.49011611938477e-08,1.49011611938477e-08,1.78810723896592,1.49011611938477e-08,0.223286786337843,1.20721751770966,4,15
0.561,500,15,194.411961118042,264.414793662703,194.411961118042,13696.2453840005,13604.8206029984,14607.0036588506,56.4763411556582,47.873638434334,46.5746179722194,-904.844157434144,46.2659690110364,1.49011611938477e-08,1.49011611938477e-08,1.86145594101266,0.295799315798818,1.49011611938477e-08,1.569592303441,4,15
0.562,500,15,445.444932350883,260.487160670251,445.444932350883,13426.7396239139,14046.4658184709,14376.9368137689,63.3046604950459,49.0157451530593,49.956482497638,-869.818446313048,-44.1429838689801,1.49011611938477e-08,1.49011611938477e-08,1.93490516199295,0.712654219329394,1.49011611938477e-08,2.22803434460154,4,15
0.563,500,15,663.079654722218,265.373704646729,663.079654722218,13660.6782733913,14236.1787144782,13943.3774988947,66.62250382589,49.2428571571032,52.0835575368416,-766.196161450924,-192.581022019183,1.49011611938477e-08,1.49011611938477e-08,1.95321008276159,1.13468183151466,0.133348988039252,3.35484484542775,4,15
0.564,500,15,640.579927783784,259.939903638534,640.579927783784,14028.7983263741,13960.7323481214,13823.7414713963,66.2561717338,47.9411875190064,52.5092665122629,-600.448291009211,-277.494577408974,1.49011611938477e-08,1.49011611938477e-08,1.88787754427856,1.51398253607641,0.75719772532685,4.13401896051963,4,15
0.565,500,15,625.634418088513,-238.365092731125,625.634418088513,14015.8143695607,13582.8477394773,14138.763871772,65.0568081215665,44.516660443242,52.4466135084803,-455.849564103613,-209.964365445429,1.49011611938477e-08,1.49011611938477e-08,1.81293559468236,1.76765020914966,1.37696494738006,3.31505878943606,4,15
0.566,500,15,616.869011436902,72.9057873123126,616.869011436902,13640.6843549093,13603.9253571329,14507.8989319038,64.0478216306599,39.4711049020262,51.6592129116861,-358.955574503883,-103.200830501906,1.49011611938477e-08,1.49011611938477e-08,1.86214357798878,2.04361842992424,1.95510105839175,2.62014728936952,4,15
0.567,500,15,555.172866872777,211.478844119499,555.172866872777,13288.9004020995,13999.3541262762,14422.9191583494,63.7578298569055,34.1743731931285,50.3271150735876,-363.276228125768,-1.03618774150366,1.49011611938477e-08,1.49011611938477e-08,1.93123669811072,2.20930923135023,2.52216305993674,2.24089368305422,4,15
0.568,500,15,504.529944380803,255.981169828671,504.529944380803,13422.9827100207,14248.9661621075,13975.8106712794,64.6921708242749,31.2346980165417,48.5101389696515,-513.550784955121,27.9869499657664,1.49011611938477e-08,1.49011611938477e-08,1.95416743111693,2.01942870422779,2.65033265737089,2.16173074603501,4,15
0.569,500,15,511.406053964492,254.151799050646,511.406053964492,13886.3521774852,14028.8055329246,13734.541170085,65.9870166189826,33.0074805127225,46.1874420283322,-719.832796656153,-109.281467501997,1.49011611938477e-08,1.49011611938477e-08,1.91487181320902,1.69311738076767,0.813838731751904,2.53915674242944,4,15
0.57,500,15,530.286837309915,245.404630696395,530.286837309915,14109.0666605271,13603.3417793027,14024.6984191848,66.3046097791958,38.0722716391693,43.8580401803676,-791.330661488994,-360.887573531492,1.49011611938477e-08,1.49011611938477e-08,1.80669630634326,1.56284935043285,1.49011611938477e-08,3.05778228039626,4,15
0.571,500,15,522.545468323073,249.894733030003,522.545468323073,13846.5503727677,13504.05484764,14474.5077117029,65.1038926198378,43.0777855708744,41.7282784846382,-707.817407421825,-529.251086943987,1.49011611938477e-08,1.49011611938477e-08,1.82517993864008,1.60382778695995,1.49011611938477e-08,2.70217733076397,4,15
0.572,500,15,471.215441386244,259.544466697094,471.215441386244,13452.6106635944,13860.6784991644,14532.622991762,62.9734506446284,46.54178060611,40.215889739704,-587.189362761048,-550.766264970567,1.49011611938477e-08,1.49011611938477e-08,1.91323260701943,1.61331893522633,1.49011611938477e-08,2.75944773349189,4,15
0.573,500,15,366.702923752161,261.814908819539,366.702923752161,13455.3931244244,14209.6008874771,14138.8719382399,61.7174166162404,48.2849944102726,40.5884814560823,-522.353241596531,-443.155032617349,1.49011611938477e-08,1.49011611938477e-08,1.95159770239405,1.42747361145961,1.49011611938477e-08,5.56715953955041,4,15
0.574,500,15,263.279204755161,263.367826641308,263.279204755161,13862.1165266709,14112.3638681587,13791.2297157528,62.2451412489077,48.6183352649567,42.9127425056178,-519.997659361905,-279.857149356416,1.49011611938477e-08,1.49011611938477e-08,1.93008589337955,1.22416801946009,0.229625502423469,12.3860454351623,4,15
0.575,500,15,284.258749533629,263.061539714472,284.258749533629,14162.5085859774,13689.8623024795,13937.1792486625,63.5318402231008,47.9000462678856,46.1694203281463,-519.864787613559,-161.895389719805,1.49011611938477e-08,1.49011611938477e-08,1.8132811125782,1.28313749806671,0.775681409107059,4.05211196684526,4,15
0.576,500,15,499.104316854244,257.12516132162,499.104316854244,14013.7571953781,13476.5904975342,14395.1192532693,63.1365642301518,46.3511178543384,48.8433216405679,-455.350821133015,-129.178600361703,1.49011611938477e-08,1.49011611938477e-08,1.79268505481627,1.64435079071261,1.33375132596674,3.53144134711855,4,15
0.577,500,15,659.530630945125,263.995957394067,659.530630945125,13629.899605158,13752.9403541321,14606.5730191249,59.0997248448484,44.3302171964766,49.259719055456,-355.653651912831,-132.901474297715,1.49011611938477e-08,1.49011611938477e-08,1.88681823752098,2.17411059407367,1.91163118239669,4.37800164574299,4,15
0.578,500,15,646.414310743382,260.990061068365,646.414310743382,13530.2235644665,14152.9561118272,14348.9835294056,51.8417156252561,42.7173079977238,47.2160335988581,-336.422512022823,-102.265917246694,1.49011611938477e-08,1.49011611938477e-08,1.94887227281705,2.2882531957043,2.0988518538461,5.17416305007776,4,15
0.579,500,15,598.237336644869,-10.8727459118418,598.237336644869,13851.364649545,14165.9120711318,13973.2959418584,44.4300152610604,42.2784436581523,43.921032329018,-475.481828140417,4.99657799905374,1.49011611938477e-08,1.49011611938477e-08,1.95254501139146,1.29187955734978,1.46356990678551,3.06112624492708,4,15
0.58,500,15,425.852359396098,260.84717659222,425.852359396098,14178.4678754402,13771.8208167409,13981.8577291512,43.6218424645804,43.337018244786,42.4413419440736,-722.166680569702,108.613603735947,1.49011611938477e-08,1.49011611938477e-08,1.85049057259326,0.343843525051757,0.765956022117168,1.41998684861998,4,15
0.581,500,15,190.959441687258,264.440040928136,190.959441687258,14102.3239498186,13455.8015207696,14383.2968753939,50.0161333594004,45.3063123655066,43.881658341415,-887.201344461026,115.86368028198,1.49011611938477e-08,1.49011611938477e-08,1.78948689100004,1.49011611938477e-08,0.229305228000542,1.14982359667077,4,15
0.582,500,15,205.654173104819,264.234347679499,205.654173104819,13663.5696663491,13629.1799975512,14607.6965697624,57.5475681088371,47.0318244036706,46.610767653115,-908.759474569844,63.3016472020981,1.49011611938477e-08,1.49011611938477e-08,1.86796154611823,0.320431809549737,1.49011611938477e-08,1.49125046654292,4,15
0.583,500,15,464.899536530934,259.926401972267,464.899536530934,13422.7904204854,14070.5003426205,14356.3031607825,64.1046421937168,48.12798607848,49.9801840361298,-872.02586437784,-31.2875838150354,1.49011611938477e-08,1.49011611938477e-08,1.93739272342125,0.726726759197444,1.49011611938477e-08,2.11631029965995,4,15
0.584,500,15,662.348113643676,265.099651335191,662.348113643676,13678.9619564867,14234.2352228821,13930.0283835851,67.0282948758514,48.2884493925873,51.9532692570523,-766.009853727307,-182.151139775197,1.49011611938477e-08,1.49011611938477e-08,1.95274600260885,1.14080867679907,0.235890140446211,3.14892714952271,4,15
0.585,500,15,637.883736094495,259.064423191615,637.883736094495,14035.1131080003,13936.9920480668,13836.2846661809,66.4339280669102,46.9577820060318,52.2966318515282,-602.072867389293,-263.998383778606,1.49011611938477e-08,1.49011611938477e-08,1.88284758040803,1.50748429046747,0.795320900197123,3.82827250627957,4,15
0.586,500,15,627.106202819184,-324.494080609182,627.106202819184,13997.6593097024,13570.0101471179,14165.2524238613,65.2208497976802,43.561055686379,52.3066612126111,-469.286660741992,-201.299130428878,1.49011611938477e-08,1.49011611938477e-08,1.8136125398774,1.75077250190592,1.40591674062208,3.10459814734361,4,15
0.587,500,15,618.731140159328,129.307650217916,618.731140159328,13608.3102567694,13619.7202528597,14517.3170077409,64.1629599855741,38.5409311529307,51.6228083633699,-370.359869959272,-92.08002397472,1.49011611938477e-08,1.49011611938477e-08,1.86797455875426,2.02150124069671,1.97689111480489,2.50416235256292,4,15
0.588,500,15,561.89821441465,194.227024710437,561.89821441465,13275.1624849492,14021.4739587627,14402.2506706717,63.8586955054201,33.402891542632,50.3895894631715,-382.881458558849,4.84611345101015,1.49011611938477e-08,1.49011611938477e-08,1.93378766950756,2.17063031374166,2.57976594289634,2.18053301755878,4,15
0.589,500,15,510.716537492882,254.361588983667,510.716537492882,13439.6148274039,14247.3423268333,13947.9458758086,64.7742741485694,30.9059396207679,48.6347260754017,-541.404707823479,21.3876930301177,1.49011611938477e-08,1.49011611938477e-08,1.9550779623735,1.97408735633304,2.4381312315858,2.14665611832056,4,15
0.59,500,15,505.782099438983,255.752235723408,505.782099438983,13905.5622465412,14003.2531589729,13733.7347870631,66.0086461752597,33.2463276147489,46.375155630307,-744.065681243021,-132.681067042273,1.49011611938477e-08,1.49011611938477e-08,1.9096853566005,1.66897322788304,0.726631703380692,2.55953007440081,4,15
0.591,500,15,524.792391382636,248.83489797459,524.792391382636,14102.7904076344,13583.0905662426,14048.1253978455,66.1411774967744,38.5555111003557,44.0881803377004,-800.393702815686,-377.329510505869,1.49011611938477e-08,1.49011611938477e-08,1.80423798898016,1.56688862221509,1.49011611938477e-08,2.99482325884966,4,15
0.592,500,15,513.782297382981,253.451693159626,513.782297382981,13817.5920075741,13511.9046363596,14488.3207613849,64.7189975654234,43.6079951918256,41.9583313694412,-704.5711481716,-551.051024268672,1.49011611938477e-08,1.49011611938477e-08,1.83053866704149,1.6245955256115,1.49011611938477e-08,2.57710013879074,4,15
0.593,500,15,460.392696151875,260.007599005458,460.392696151875,13434.387825736,13883.6604719108,14514.9861219773,62.4437363945755,47.0412823773896,40.5476764791244,-583.626902490508,-561.621900415974,1.49011611938477e-08,1.49011611938477e-08,1.91709721861109,1.63292823123803,1.49011611938477e-08,2.68461459686656,4,15
0.594,500,15,361.53713368409,261.88532275618,361.53713368409,13466.7866173722,14215.27341289,14106.4277739426,61.192348765218,48.7484130696686,41.049704306187,-522.491277507959,-446.360373318483,1.49011611938477e-08,1.49011611938477e-08,1.9524615052496,1.43677064895947,1.49011611938477e-08,5.53558770970078,4,15
0.595,500,15,252.322262791309,263.531765606625,252.322262791309,13885.1060743314,14091.2726831486,13778.4950527835,61.7547459853415,49.0498714271146,43.3859878918688,-522.304488726396,-282.751243658866,1.49011611938477e-08,1.49011611938477e-08,1.9252906953682,1.23213171533869,0.276804560509162,12.6393898216135,4,15
0.596,500,15,288.577275593927,263.00697637104,288.577275593927,14165.0847769567,13664.9190910021,13953.4526573837,62.9730941079023,48.3298764131742,46.561548613469,-519.749675359955,-173.838877683077,1.49011611938477e-08,1.49011611938477e-08,1.80768628438844,1.30011284150683,0.802494328879499,4.21585115629274,4,15
0.597,500,15,521.298059775885,251.050354022107,521.298059775885,13991.1394153099,13477.4814786158,14410.7613495017,62.3980335010593,46.794386501213,49.098984723881,-449.475853641471,-141.532332492923,1.49011611938477e-08,1.49011611938477e-08,1.79649543812925,1.67099270952076,1.35952647151893,3.73293693798049,4,15
0.598,500,15,660.01678509313,264.229219624338,660.01678509313,13610.5340052899,13775.7100331645,14597.477784454,58.0910613599073,44.8266359190833,49.3465026443095,-352.240760006858,-144.691319982957,1.49011611938477e-08,1.49011611938477e-08,1.89199790293227,2.1948775358861,1.92554131729888,4.69198074880622,4,15
0.599,500,15,644.660125415827,260.700140335892,644.660125415827,13537.1277051089,14165.0754338739,14319.5329227715,50.66074271928,43.3322724253268,47.1719675757059,-342.654953554742,-109.550588976804,1.49011611938477e-08,1.49011611938477e-08,1.95075538965952,2.24667764677755,2.05382948187745,5.49519633911499,4,15
0.6,500,15,592.43413988705,36.2619954300129,592.43413988705,13873.2201833959,14149.7316301738,13953.5968312747,43.4108926274374,43.0209619054014,43.9079026465189,-492.789051905191,1.06330566087542,1.49011611938477e-08,1.49011611938477e-08,1.94976369693691,1.20774409196267,1.39747884065105,3.05841799775324,4,15
0.601,500,15,409.178670246938,261.138597844079,409.178670246938,14185.1631899148,13744.0288525776,13991.0866680033,43.2507143840769,44.1850070701706,42.6322057148563,-727.452389961093,96.3208777520915,1.49011611938477e-08,1.49011611938477e-08,1.84338208848971,0.268294019127301,0.723450999798691,1.41274851185861,4,15
0.602,500,15,185.45330473819,264.522574721826,185.45330473819,14085.6564722728,13449.5888705307,14402.1017203225,49.9517846584736,46.1672667667461,44.1602518780709,-891.959777567713,99.7985260475158,1.49011611938477e-08,1.49011611938477e-08,1.79067074550333,1.49011611938477e-08,0.172036699146582,1.19388829025851,4,15
0.603,500,15,218.868307316471,264.050595852983,218.868307316471,13639.3772205681,13650.4033525756,14604.0822485244,57.4997517343716,47.8764960159326,46.8459937601928,-904.933168029707,43.5936610782806,1.49011611938477e-08,1.49011611938477e-08,1.87295588517527,0.344693713423801,1.49011611938477e-08,1.57917999100737,4,15
0.604,500,15,486.397656844461,258.688796398874,486.397656844461,13426.0957731766,14090.2862371989,14331.7146005572,63.9570600929147,48.952641825542,50.1043667258374,-861.878690316193,-55.1065080885945,1.49011611938477e-08,1.49011611938477e-08,1.93939345343513,0.753522651427319,1.49011611938477e-08,2.26204097623786,4,15
0.605,500,15,660.5971149758,-11870.2833307249,660.5971149758,13703.9101496715,14227.0407656742,13910.6917037402,66.6720251063488,49.0614795680792,51.8985464200668,-749.230707233939,-201.186445695212,1.49011611938477e-08,1.49011611938477e-08,1.95133318219503,1.16609332013905,0.265701784923518,3.33828640851063,4,15
0.606,500,15,634.840343447961,-2938.66708549752,634.840343447961,14049.6036853276,13913.8959958439,13845.1756497015,66.0033712690695,47.5727529968818,52.1729097561471,-590.665851093136,-265.995766272502,1.49011611938477e-08,1.49011611938477e-08,1.87619617378707,1.52525236925251,0.835264234878043,3.89886579559277,4,15
0.607,500,15,629.30983811598,-353.032446774661,629.30983811598,13987.2534225857,13559.9181861992,14195.2268973247,64.8346231417182,43.9472099927844,52.1436026636764,-452.159557305376,-189.928806873404,1.49011611938477e-08,1.49011611938477e-08,1.81275580473642,1.76329543792084,1.45818077856605,3.03817488713974,4,15
0.608,500,15,618.834333824339,129.29458031893,618.834333824339,13583.2251649385,13637.9499698221,14526.7106004346,63.8323099864047,38.8074071447251,51.336729067898,-360.08785655203,-78.0667875248796,1.49011611938477e-08,1.49011611938477e-08,1.87249363969735,2.02714930362742,2.00127617425198,2.42777044515123,4,15
0.609,500,15,561.65507781789,194.979570517143,561.65507781789,13270.11278803,14044.634163384,14384.1952986985,63.5935313825195,33.6536683675171,49.9741999387118,-382.532554592396,16.2343493170581,1.49011611938477e-08,1.49011611938477e-08,1.93563625248694,2.15846852971407,2.61180153230037,2.11557487782908,4,15
0.61,500,15,519.206866316603,251.60891811414,519.206866316603,13462.0955701749,14247.2611145647,13927.4534963557,64.5439711969445,31.2182040927429,48.0988732242472,-548.199629711091,24.2100718273648,1.49011611938477e-08,1.49011611938477e-08,1.95531247574184,1.94658631396012,2.43207625496476,2.10000268809176,4,15
0.611,500,15,512.743342009912,253.722183475917,512.743342009912,13928.719063493,13981.4883224119,13742.6212243872,65.6979783530813,33.5764180292841,45.7737879324909,-737.617297802166,-129.217368030119,1.49011611938477e-08,1.49011611938477e-08,1.90338246441659,1.65360854090117,0.711298209553668,2.54302450174923,4,15
0.612,500,15,524.686113349702,248.499535575472,524.686113349702,14097.9387198731,13567.5292086755,14079.5515323946,65.7460095228856,38.8227984670405,43.5282998027422,-789.859539638005,-386.012176065013,1.49011611938477e-08,1.49011611938477e-08,1.80138077237116,1.56486765339733,1.49011611938477e-08,2.98854325112597,4,15
0.613,500,15,507.561964201998,255.211288639427,507.561964201998,13793.8855187382,13526.052539312,14507.8733477227,64.2742555062068,43.7369711049486,41.5084181754099,-689.186558042175,-548.888651497804,1.49011611938477e-08,1.49011611938477e-08,1.83550856034794,1.62765735658732,1.49011611938477e-08,2.59876547218862,4,15
0.614,500,15,445.981626202965,260.449995970778,445.981626202965,13421.926627031,13911.145350138,14504.4632123354,62.0602813963233,47.0349580314537,40.2339252105854,-571.644616642496,-549.402697060811,1.49011611938477e-08,1.49011611938477e-08,1.92042817415984,1.62963997115328,1.49011611938477e-08,2.80787158060995,4,15
0.615,500,15,339.331783634637,262.226276546449,339.331783634637,13484.1697361684,14224.4975251222,14084.0301646495,60.946176819353,48.6352024744127,40.8875923806311,-515.218017366528,-428.564145401946,1.49011611938477e-08,1.49011611938477e-08,1.95318367093083,1.42995593297355,1.49011611938477e-08,6.33244284071858,4,15
0.616,500,15,243.036200884041,263.664674767331,243.036200884041,13909.7276233897,14073.8634164677,13777.8296263046,61.6020027889597,48.866997491677,43.3357808807644,-515.691320485101,-273.047771624489,1.49011611938477e-08,1.49011611938477e-08,1.92001538811689,1.23859593745405,0.328039281611814,10.1780508090492,4,15
0.617,500,15,290.563704153543,262.967147844539,290.563704153543,14168.1012854877,13646.2395167574,13980.4663136974,62.7656059589761,48.0792913039791,46.5541674942888,-509.416051397829,-161.737100012942,1.49011611938477e-08,1.49011611938477e-08,1.80244505413026,1.32486449961852,0.849232753015072,3.96011715096745,4,15
0.618,500,15,527.139218654522,248.274030056826,527.139218654522,13973.009284272,13486.0985468579,14438.6751514006,61.9122681753512,46.4690232027189,48.9857937709726,-432.861870657343,-133.498264952069,1.49011611938477e-08,1.49011611938477e-08,1.80043251948203,1.71170118431731,1.42113569489252,3.62783576377059,4,15
0.619,500,15,659.02490301445,-10907.7089168297,659.02490301445,13595.3324995612,13803.9324482833,14596.4988991312,57.3322182155713,44.4676642060609,49.1066268416385,-338.034671919525,-135.569149169486,1.49011611938477e-08,1.49011611938477e-08,1.89695172701972,2.23218622134161,1.99654433197098,4.56526526665087,4,15
0.62,500,15,642.85990512488,-4585.88980507827,642.85990512488,13548.5283828535,14180.5197284259,14299.3824172615,49.6894606008205,42.9725600621825,46.8675528960981,-338.82954688148,-94.8714372831129,1.49011611938477e-08,1.49011611938477e-08,1.95248571910651,2.21483571893019,2.095099921476,5.13384838369313,4,15
0.621,500,15,583.861481187909,95.3742277364393,583.861481187909,13897.2639021315,14135.9182898551,13944.0800085483,42.6655973338496,42.7382416197127,43.736614722332,-490.274902944785,11.4418665655004,1.49011611938477e-08,1.49011611938477e-08,1.94646721081637,1.13285931695513,1.37712622219444,2.79007547422751,4,15
0.622,500,15,388.927861924636,261.460932340764,388.927861924636,14192.7542053128,13720.7897635105,14009.6481276751,43.1167801199926,44.0108019609253,42.7190792645672,-739.690044475023,104.836253369508,1.49011611938477e-08,1.49011611938477e-08,1.83650811181603,0.183177301720726,0.687209166862069,1.34394753706893,4,15
0.623,500,15,191.156397821386,264.443322435763,191.156397821386,14069.1875569887,13448.5867263736,14428.3157405457,50.1133931934367,46.0824804141877,44.3223599801466,-894.731812720369,97.6338744587828,1.49011611938477e-08,1.49011611938477e-08,1.79228577108281,1.49011611938477e-08,0.0211352357090821,1.20288689655044,4,15
0.624,500,15,227.677146847344,263.918598200412,227.677146847344,13617.9640261018,13675.3149203673,14600.9279411059,57.7085940079705,47.8178121030325,47.0115936328112,-900.946310079006,39.2619656895831,1.49011611938477e-08,1.49011611938477e-08,1.87816672498976,0.367901477599692,1.49011611938477e-08,1.60751048694265,4,15
0.625,500,15,520.740815756613,251.598575178216,520.740815756613,13433.5433193035,14111.7130790925,14307.9798421926,64.0402205346308,48.894431800939,50.1745723907586,-852.468712028786,-63.267566662931,1.49011611938477e-08,1.49011611938477e-08,1.94127552651989,0.77880416908372,1.49011611938477e-08,2.31621896417193,4,15
0.626,500,15,660.047872795215,-11554.9872762156,660.047872795215,13729.6925783261,14221.6880119377,13897.1086536942,66.5014700807778,48.9447522816198,51.814450462218,-742.578781429014,-199.776464922206,1.49011611938477e-08,1.49011611938477e-08,1.94991268245227,1.18884409461101,0.264704282646165,3.387498976755,4,15
0.627,500,15,631.286505339831,-2381.34883227265,631.286505339831,14059.0652171396,13889.2898575557,13857.5175200837,65.7534672595688,47.4167229556821,52.0234050418249,-578.089201973669,-259.997974427371,1.49011611938477e-08,1.49011611938477e-08,1.8702225489054,1.53791471546624,0.847649127931055,3.84964890086945,4,15
0.628,500,15,631.486081800448,-407.673128297815,631.486081800448,13972.7118897581,13550.6238206868,14217.9579481434,64.6956926326389,43.7971582441662,52.0177057959584,-447.743647434709,-175.028078044537,1.49011611938477e-08,1.49011611938477e-08,1.81348549443413,1.76360506629377,1.47732226948666,2.92658412629377,4,15
0.629,500,15,620.31486647409,-963.836509899413,620.31486647409,13557.1381565165,13656.5999154743,14529.4724415415,63.7658413807224,38.708468372979,51.1742505122146,-364.726915789902,-61.397511053201,1.49011611938477e-08,1.49011611938477e-08,1.87761549681372,2.01521602334538,2.02264335867545,2.32561354191965,4,15
0.63,500,15,565.993860847305,180.238831071689,565.993860847305,13266.3643314068,14065.9140912623,14358.2249845924,63.5891265124538,33.8048830322661,49.7385922993477,-399.049488080772,27.0869535454965,1.49011611938477e-08,1.49011611938477e-08,1.93760924702988,2.12337252868256,2.70890181155462,2.04413439122648,4,15
0.631,500,15,514.046403400024,253.313858718888,514.046403400024,13486.679694061,14243.3443231084,13900.8888875028,64.5513312248937,31.9157195484553,47.804453729628,-563.704856551448,23.4902210505513,1.49011611938477e-08,1.49011611938477e-08,1.95573335486978,1.90159767339069,2.2476711673197,2.07439287164096,4,15
0.632,500,15,511.348249605718,254.335567947601,511.348249605718,13948.9244174703,13954.4797257564,13745.5757586657,65.6921780518926,34.8402049456148,45.5113510047407,-762.586452173325,-151.052071695753,1.49011611938477e-08,1.49011611938477e-08,1.89750194072579,1.61896796274417,0.615358462570097,2.54909283446868,4,15
0.633,500,15,517.422572354813,252.223872664743,517.422572354813,14088.7001898383,13548.4933021504,14103.3134340043,65.6810268487341,40.2803593975987,43.376733864701,-803.476015382866,-410.852990249255,1.49011611938477e-08,1.49011611938477e-08,1.80000311639456,1.54026121938249,1.49011611938477e-08,2.89772157414865,4,15
0.634,500,15,495.893424211512,257.405062854279,495.893424211512,13764.1045455588,13535.8035918107,14518.1809882622,64.1900193357867,45.241661917675,41.4409504013375,-698.033769840083,-566.114564171037,1.49011611938477e-08,1.49011611938477e-08,1.84116230531283,1.59963505219303,1.49011611938477e-08,2.48229336944462,4,15
0.635,500,15,434.125308360096,260.700824552215,434.125308360096,13405.9956177713,13932.9065001785,14483.0853120913,62.0514870649392,48.5396064279553,40.3512351536409,-582.613028091613,-557.275714763266,1.49011611938477e-08,1.49011611938477e-08,1.92377438636315,1.58728782811184,1.49011611938477e-08,2.7554476032698,4,15
0.636,500,15,330.241752991145,262.355177432293,330.241752991145,13497.7232945869,14226.2980824096,14051.9965809367,61.0586579178578,50.1338467417751,41.1706589988313,-528.511164672012,-439.840248272801,1.49011611938477e-08,1.49011611938477e-08,1.95371807652142,1.3880457099629,1.49011611938477e-08,6.38193950100694,4,15
0.637,500,15,236.944685174784,263.761798672634,236.944685174784,13930.2739811212,14050.6043887715,13768.7161215766,61.7265332197563,50.3349496435033,43.6906522711209,-524.116379897043,-278.031710738418,1.49011611938477e-08,1.49011611938477e-08,1.91447487214279,1.22255920902646,0.33818549168244,10.0364413185589,4,15
0.638,500,15,300.821934310813,262.818440634149,300.821934310813,14165.2956376907,13623.3481897352,13998.2754026634,62.6991350674028,49.5010464213927,46.9030447629501,-507.400811250014,-170.815018032571,1.49011611938477e-08,1.49011611938477e-08,1.79816331611967,1.33673072668144,0.879257875064405,4.04318278979218,4,15
0.639,500,15,540.354237829714,237.244486856272,540.354237829714,13946.0240860121,13490.5665787382,14451.067451067,61.522072587103,47.839601056245,49.2724224997882,-423.867323864187,-143.991295993305,1.49011611938477e-08,1.49011611938477e-08,1.80546078799249,1.74256358750106,1.47223577386482,3.7539952574837,4,15
0.64,500,15,658.633749246031,-10699.7500457895,658.633749246031,13574.855380732,13827.3273503004,14582.9604776982,56.6013008824977,45.8474175454679,49.3356499080372,-332.93266500118,-143.459070747537,1.49011611938477e-08,1.49011611938477e-08,1.90207990692096,2.25832003902443,2.05934575697697,4.73676140642439,4,15
0.641,500,15,641.221015779851,-4192.91884294148,641.221015779851,13554.7650013636,14189.2696984771,14267.3607032802,48.7380841038051,44.4485339501095,47.0782811692703,-341.915787902225,-102.461240009037,1.49011611938477e-08,1.49011611938477e-08,1.95425179887377,2.17564119163577,2.09719290499659,5.24432905723942,4,15
0.642,500,15,578.059775805573,128.140761096472,578.059775805573,13915.4787879435,14117.3060208484,13925.4642104838,41.9240263344448,44.344875698673,44.088730645218,-511.246295023864,8.34845579954621,1.49011611938477e-08,1.49011611938477e-08,1.94316808090879,1.05992181035757,1.32530162673029,2.75551678916518,4,15
0.643,500,15,373.021575354046,261.702814511231,373.021575354046,14193.0351829419,13693.7191745521,14019.8700395127,43.0357554315933,45.7443278351589,43.2783782499004,-762.162924040162,92.0638705306802,1.49011611938477e-08,1.49011611938477e-08,1.83050629168707,0.0446436854635277,0.63326856856867,1.3502735711134,4,15
0.644,500,15,173.361114312252,264.71598274924,173.361114312252,14045.8759527,13445.3684022557,14443.7234232647,50.3586045197191,47.8740025291884,44.8966770204183,-906.006078002383,75.3866499817325,1.49011611938477e-08,1.49011611938477e-08,1.79503385408354,1.49011611938477e-08,1.49011611938477e-08,1.2709047776871,4,15
0.645,500,15,232.13295285535,263.83785455365,232.13295285535,13591.804426435,13697.8031146553,14592.9177577027,58.0113124252737,49.6542350726921,47.4331406936289,-904.568381841138,11.4895817545702,1.49011611938477e-08,1.49011611938477e-08,1.88328768621077,0.388679077098103,1.49011611938477e-08,1.72955105080096,4,15
0.646,500,15,524.475903782312,249.881460537206,524.475903782312,13435.9236077811,14128.5899868052,14280.3883144958,64.2778506921535,50.7406155008964,50.4233809825199,-852.269529187892,-88.1544275725067,1.49011611938477e-08,1.49011611938477e-08,1.94310509988181,0.802494742033296,1.49011611938477e-08,2.510435501433,4,15
0.647,500,15,659.017653542816,263.911063947714,659.017653542816,13751.5216581633,14211.2248310778,13877.719934961,66.630047562235,50.7422105989633,51.9131458541335,-727.67644953676,-226.234357909761,1.49011611938477e-08,1.49011611938477e-08,1.94788849927934,1.2165688688605,0.260091675570045,3.63362099736021,4,15
0.648,500,15,628.95050768873,245.785574366977,628.95050768873,14068.12862895,13867.0348605174,13866.5960279092,65.8348427078456,49.0132602355455,52.0671765146631,-554.903702732939,-267.516291374817,1.49011611938477e-08,1.49011611938477e-08,1.86391751519194,1.56731683990248,0.884829140128439,3.93909976388332,4,15
0.649,500,15,633.353858669163,254.17764648688,633.353858669163,13956.8589920432,13544.0122066598,14245.4735637174,64.7636241362282,45.1447433080027,51.991407295632,-422.947829033474,-169.369444025462,1.49011611938477e-08,1.49011611938477e-08,1.81383873020583,1.79999439681716,1.53155661205989,2.88993977780016,4,15
0.65,500,15,619.236602064226,137.651790630957,619.236602064226,13531.0052747072,13677.4566559026,14533.7407892644,63.8410075405503,39.933432533011,51.0205333099813,-345.179535852365,-52.2918077556052,1.49011611938477e-08,1.49011611938477e-08,1.88216517914954,2.0571493542636,2.02892079785393,2.28039249555074,4,15
0.651,500,15,561.120756696296,196.142453565129,561.120756696296,13263.294688564,14087.5362833988,14336.6356036471,63.7216697999175,35.0505262138274,49.474542815962,-384.164856517666,31.4482565073395,1.49011611938477e-08,1.49011611938477e-08,1.93923581522022,2.15761780202695,2.7545644184947,2.01038141618838,4,15
0.652,500,15,522.654181555001,249.860366671754,522.654181555001,13509.5294375055,14239.1437117439,13880.5812210701,64.757708935174,33.23556047849,47.4474890958938,-563.868416160883,23.6811259018858,1.49011611938477e-08,1.49011611938477e-08,1.95557439142936,1.91297786500377,2.31529040873099,2.05676265762786,4,15
0.653,500,15,503.783910609471,256.156097669202,503.783910609471,13968.9955962553,13931.5442459318,13756.4574078278,65.8902549990556,36.1037171192162,45.1076653906929,-760.870067621248,-160.569020776383,1.49011611938477e-08,1.49011611938477e-08,1.89072853138959,1.62514946273075,0.603643437053864,2.5548594340232,4,15
0.654,500,15,514.359266115318,253.326476984454,514.359266115318,14079.8281085533,13535.5972520561,14133.3664214714,65.8912469594938,41.4087072006296,42.9436860984483,-794.711624880305,-419.66447973032,1.49011611938477e-08,1.49011611938477e-08,1.79817434569825,1.54590399751652,1.49011611938477e-08,2.88269366168685,4,15
0.655,500,15,494.164651475124,257.639904345756,494.164651475124,13738.8623421463,13552.6668785304,14532.5977833529,64.4458926553523,46.2121515805172,41.0056832071473,-687.840177061978,-565.575413754738,1.49011611938477e-08,1.49011611938477e-08,1.84637205469216,1.59997463323627,1.49011611938477e-08,2.4797777931446,4,15
0.656,500,15,434.86677474722,260.685517090693,434.86677474722,13396.2235572709,13959.7117464822,14469.1273635328,62.4293197476089,49.3844156642741,39.9268237974767,-579.988940646558,-553.014981830414,1.49011611938477e-08,1.49011611938477e-08,1.92668474712241,1.57496686316432,1.49011611938477e-08,2.83768565669791,4,15
0.657,500,15,326.061322082334,262.42494109577,326.061322082334,13516.7101341715,14232.5655723032,14030.484592555,61.5831180634167,50.8758465501765,40.82428872088,-523.588297113144,-426.856066412224,1.49011611938477e-08,1.49011611938477e-08,1.95418047692784,1.37447099702492,1.49011611938477e-08,7.22066355716988,4,15
0.658,500,15,240.20935410244,263.709877246967,240.20935410244,13952.3026332812,14030.9854441821,13771.709789242,62.3097742955331,50.981640799023,43.4390939370338,-517.118310987295,-264.498769315368,1.49011611938477e-08,1.49011611938477e-08,1.90852771074914,1.22972962592683,0.360356356676893,8.48219250888887,4,15
0.659,500,15,311.012323386511,262.665967882728,311.012323386511,14164.0676069905,13606.3603286516,14027.2030522363,63.1772514064608,50.038193795668,46.7127851861466,-493.66132949393,-160.36000080591,1.49011611938477e-08,1.49011611938477e-08,1.79402772868606,1.36901850334555,0.924349926032731,3.79219816147379,4,15
0.66,500,15,560.407817195597,202.336622810393,560.407817195597,13925.5269321431,13502.5500385587,14476.9822689,61.6846140182856,48.2452949241492,49.0092769666148,-403.645446301461,-134.961908278702,1.49011611938477e-08,1.49011611938477e-08,1.81013294279069,1.79835948022901,1.54769812822646,3.6096024080884,4,15
0.661,500,15,657.764164958473,263.508094451029,657.764164958473,13561.3026728445,13855.7993146189,14578.974348994,56.4548611597645,46.1527269740801,48.9691136448171,-318.11966558586,-132.350773304697,1.49011611938477e-08,1.49011611938477e-08,1.90661231368227,2.32009072786184,2.16592230804458,4.53171599690379,4,15
0.662,500,15,639.033489548853,259.466712038334,639.033489548853,13568.2493749334,14202.238309298,14247.806545042,48.4054683179657,44.6823671227742,46.6938407238801,-335.35791247232,-84.358834423315,1.49011611938477e-08,1.49011611938477e-08,1.95565848445682,2.17094410239899,2.1867239724441,4.78115329026773,4,15
0.663,500,15,568.273193674684,171.711763715856,568.273193674684,13938.0318508528,14101.2571342511,13920.8809070984,41.813203288344,44.5721681990181,43.8593629635193,-518.754818830762,28.8068163806839,1.49011611938477e-08,1.49011611938477e-08,1.93906933925062,1.01253788876063,1.33299125426059,2.47962530849142,4,15
0.664,500,15,353.825573726362,262.003798832223,353.825573726362,14196.3524602908,13671.9927585892,14042.899494709,43.3760879271783,45.9812547794891,43.2831197451177,-774.145187297927,105.524275352371,1.49011611938477e-08,1.49011611938477e-08,1.82453231684121,1.49011611938477e-08,0.615769576278151,1.26925022892575,4,15
0.665,500,15,176.254510074207,264.659824353263,176.254510074207,14026.5962061161,13448.5306611334,14471.0765089538,50.8318486860052,48.1070253981595,44.9738627995576,-910.327442341875,79.6372630839164,1.49011611938477e-08,1.49011611938477e-08,1.79784256232631,1.49011611938477e-08,1.49011611938477e-08,1.25909620505129,4,15
0.666,500,15,256.588278198623,263.485671360643,256.588278198623,13571.7989981862,13724.6872023206,14590.0822307758,58.4828695563712,49.8627957620253,47.5580416409141,-905.976108452358,17.5500876666489,1.49011611938477e-08,1.49011611938477e-08,1.88836384851583,0.396679184632249,1.49011611938477e-08,1.72538062808055,4,15
0.667,500,15,565.419277479591,188.644449193719,565.419277479591,13445.3375008639,14148.2912315745,14259.3423853802,64.5224708343459,50.8978159245266,50.4606113350851,-848.043741420707,-89.4995873053975,1.49011611938477e-08,1.49011611938477e-08,1.94484782784064,0.810872726874847,1.49011611938477e-08,2.50996548712112,4,15
0.668,500,15,657.748641331001,263.529370760882,657.748641331001,13775.7757763063,14202.6938649475,13869.6129611471,66.5166694605343,50.7721779825794,51.7956951972196,-719.418737413778,-223.427200218674,1.49011611938477e-08,1.49011611938477e-08,1.9459674815237,1.215594235959,0.303253423162901,3.57170916514706,4,15
0.669,500,15,623.815115278499,216.797265344761,623.815115278499,14072.2491925924,13841.6953811038,13884.0284903844,65.5867607959077,48.9457350723137,51.9021989076536,-549.268350245676,-254.240951062087,1.49011611938477e-08,1.49011611938477e-08,1.85848913606582,1.55158133604679,0.918897701475263,3.75980391957742,4,15
0.67,500,15,636.840412239144,-3238.20687554375,636.840412239144,13946.0453482634,13537.8274256828,14277.0518633114,64.5164794504526,45.003312453391,51.8131701921493,-420.670141200596,-151.569842413256,1.49011611938477e-08,1.49011611938477e-08,1.81534800902233,1.78335400959153,1.56765571395281,2.75313349332447,4,15
0.671,500,15,616.509176917352,-526.032651464142,616.509176917352,13511.1717273672,13698.0988264777,14541.8239268138,63.5985535765122,39.7643153288825,50.8160861157445,-349.121454418203,-39.8782557142563,1.49011611938477e-08,1.49011611938477e-08,1.88694399153752,2.04020690838448,2.05590203673077,2.19239990491889,4,15
0.672,500,15,551.821723789536,218.153109652572,551.821723789536,13267.9829262149,14107.9840626066,14317.1169466745,63.552352396872,35.011655659625,49.2492657218509,-396.805554398877,46.3238954565323,1.49011611938477e-08,1.49011611938477e-08,1.94083630697686,2.11999420527251,2.86235886979808,1.95133718148871,4,15
0.673,500,15,500.042216868407,256.732453120028,500.042216868407,13539.5068708503,14233.9247783749,13864.5886560867,64.6847330176309,33.5438371903213,47.1985243937275,-586.362537340734,29.1299996980761,1.49011611938477e-08,1.49011611938477e-08,1.9553030534604,1.85474062554493,2.14459375988427,2.02379908963531,4,15
0.674,500,15,510.830795418135,254.486474387739,510.830795418135,13989.0086143983,13905.4655241613,13770.179495467,65.9423520733977,36.7807635628528,44.799664233706,-784.263768626833,-163.589126931823,1.49011611938477e-08,1.49011611938477e-08,1.88435290685635,1.56181114649841,0.516783409789257,2.5364911483357,4,15
0.675,500,15,521.588940397893,250.451327591807,521.588940397893,14070.2841264884,13521.0976618189,14164.3968952452,66.0176314384713,42.1964049779265,42.5294211105242,-811.783123244766,-419.212426177337,1.49011611938477e-08,1.49011611938477e-08,1.79770455332678,1.47740204903659,1.49011611938477e-08,2.88884218831492,4,15
0.676,500,15,504.825844039184,255.83794644505,504.825844039184,13713.8223826111,13567.3103762831,14548.0037367143,64.6283671284272,46.9986879502377,40.4291255329629,-709.42433264534,-553.574896240804,1.49011611938477e-08,1.49011611938477e-08,1.85207137597944,1.51440447818186,1.49011611938477e-08,2.53827243073285,4,15
0.677,500,15,443.241376834883,260.501004225164,443.241376834883,13388.5160517807,13982.3718876348,14454.5312252027,62.7162516233126,50.1277128014222,39.3896759317388,-597.580019285584,-535.771176241083,1.49011611938477e-08,1.49011611938477e-08,1.92964666877185,1.46426875910006,1.49011611938477e-08,3.03293948393391,4,15
0.678,500,15,332.463097032157,262.321154605801,332.463097032157,13536.4173717144,14232.0100361943,14010.5724388257,61.9938738285232,51.5709420356545,40.461357849191,-543.903035773356,-404.872063012527,1.49011611938477e-08,1.49011611938477e-08,1.95463098427245,1.26270627994481,1.49011611938477e-08,8.92417894299512,4,15
0.679,500,15,249.480953950916,263.573880099844,249.480953950916,13972.9851626756,14006.9159715628,13777.5526990354,62.7880113558692,51.6276085678952,43.2944353486906,-538.210452525853,-242.816653006509,1.49011611938477e-08,1.49011611938477e-08,1.90308364436296,1.14792347571532,0.381449015926398,6.67043902602354,4,15
0.68,500,15,334.603407952798,262.317989980909,334.603407952798,14158.1462885213,13585.4635620128,14057.2441156436,63.6055503000009,50.6381225458981,46.7047702860625,-510.616430889481,-143.511132731985,1.49011611938477e-08,1.49011611938477e-08,1.79171739940168,1.31371492775994,0.950717535233569,3.42671463949759,4,15
0.681,500,15,579.930470905068,126.025990021347,579.930470905068,13898.0205765352,13510.0350108285,14498.2723697534,61.9880435412683,48.8201304641272,49.0147861341163,-423.244479938948,-122.010295195539,1.49011611938477e-08,1.49011611938477e-08,1.81637484010125,1.74583186189735,1.58068294239394,3.35006528265128,4,15
0.682,500,15,656.834463903707,-9694.00789230291,656.834463903707,13544.1057812658,13879.1529983702,14573.9962735868,56.6433257954605,46.759108461525,48.9128344571923,-336.061653113131,-118.491621407351,1.49011611938477e-08,1.49011611938477e-08,1.91154140906642,2.23095982986652,2.18772731580036,4.15032944878607,4,15
0.683,500,15,638.072165961648,-3522.55772963558,638.072165961648,13577.7587201241,14207.3183365264,14227.2325769547,48.6327080382001,45.3695920307604,46.6047540615971,-363.723962128573,-66.7061702955977,1.49011611938477e-08,1.49011611938477e-08,1.95724861497952,2.01727655566772,2.13722612840436,4.19711305690857,4,15
0.684,500,15,562.183286226471,191.657270450671,562.183286226471,13956.5810444581,14080.7212679899,13917.0376809768,42.534373428157,45.366270493258,43.8992517021384,-556.157445947545,44.830885131258,1.49011611938477e-08,1.49011611938477e-08,1.93531823135907,0.925218040673308,1.27845715508511,2.20929581460976,4,15
0.685,500,15,341.073388463524,262.183850589379,341.073388463524,14194.4198249792,13646.8187322325,14066.6509226013,44.6148098696084,46.8611348264396,43.5048848426969,-806.245655626272,110.707446331854,1.49011611938477e-08,1.49011611938477e-08,1.81999349523996,1.49011611938477e-08,0.581284740689469,1.19261798465617,4,15
0.686,500,15,172.974160592235,264.715251048511,172.974160592235,14001.8822698418,13449.3116328792,14495.172059564,52.0420510089583,48.9935566217515,45.2071418811179,-925.709154290077,80.3460701855089,1.49011611938477e-08,1.49011611938477e-08,1.80215954340529,1.49011611938477e-08,1.49011611938477e-08,1.2453936529232,4,15
0.687,500,15,268.23089450475,263.3098939509,268.23089450475,13543.4530548361,13748.46385649,14585.2628108782,59.5556176140356,50.7354559412987,47.7601528879764,-918.770400485077,13.2679327741154,1.49011611938477e-08,1.49011611938477e-08,1.89387406020281,0.406781088470438,1.49011611938477e-08,1.71147193954043,4,15
0.688,500,15,572.659347254153,162.062500495346,572.659347254153,13445.4788347456,14162.3656957168,14236.3608182698,65.3264690197237,51.7322656438561,50.5270589599127,-855.660843557841,-97.0970583493845,1.49011611938477e-08,1.49011611938477e-08,1.94664629401002,0.815186970654,1.49011611938477e-08,2.4819142875767,4,15
0.689,500,15,656.563048531384,263.1856332822,656.563048531384,13791.703094855,14189.3491395608,13858.6853435431,67.0611069147312,51.537710410472,51.7174421276473,-720.014467033553,-227.826537205115,1.49011611938477e-08,1.49011611938477e-08,1.94379597302644,1.2142606002447,0.356051403421509,3.46409033411849,4,15
0.69,500,15,620.34634432435,176.328898217405,620.34634432435,14072.8971627131,13818.9181643897,13900.7970618642,65.973687469493,49.5263534083173,51.8000170116243,-545.287474691265,-247.08853409581,1.49011611938477e-08,1.49011611938477e-08,1.85360604067781,1.54406017631966,0.970907694703804,3.53601169771513,4,15
0.691,500,15,636.756571798663,258.082851308437,636.756571798663,13922.7519351097,13533.033214139,14306.8955673605,64.78639049359,45.3998926736985,51.7515748802468,-420.129354085023,-147.788655619482,1.49011611938477e-08,1.49011611938477e-08,1.81764065100913,1.78437966628568,1.61480724364631,2.61900378846058,4,15
0.692,500,15,616.361660703432,59.5894242556122,616.361660703432,13481.3868905973,13719.1722806475,14546.3103130878,63.7731061047218,40.0609380138013,50.8135263936934,-345.359271196864,-31.7793226131705,1.49011611938477e-08,1.49011611938477e-08,1.89192608860639,2.04600969830581,2.05715259774075,2.12056828938635,4,15
0.693,500,15,551.885003629241,218.372879152005,551.885003629241,13262.8611813512,14125.3072745973,14295.293424631,63.716068923284,35.348964176162,49.3085437518316,-401.91070262924,50.9394610338108,1.49011611938477e-08,1.49011611938477e-08,1.94251777940757,2.11685327245134,2.91141942763503,1.91286863763354,4,15
0.694,500,15,516.107983440063,252.576505503882,516.107983440063,13559.4660977609,14224.6197234662,13846.2279996765,64.8481487816822,34.0101115427198,47.276585436929,-598.263930413287,24.0981933017975,1.49011611938477e-08,1.49011611938477e-08,1.95493558645549,1.84335488372298,2.10014260385517,2.01081535394352,4,15
0.695,500,15,507.787056633671,255.270510100647,507.787056633671,14005.3557057336,13880.3937085767,13783.6396520751,65.9614279707745,37.269485162407,44.8841758476305,-786.654157993187,-181.757286703022,1.49011611938477e-08,1.49011611938477e-08,1.87746902926407,1.57166201365277,0.495793294101591,2.55614771568067,4,15
0.696,500,15,515.380314956288,252.972044776902,515.380314956288,14059.1332592069,13510.6186899781,14193.8436806591,65.8346236373475,42.6134899149705,42.5863310886406,-802.1577655896,-427.908262674765,1.49011611938477e-08,1.49011611938477e-08,1.79694961094216,1.51190518504255,1.49011611938477e-08,2.85321445522783,4,15
0.697,500,15,492.14535649597,257.891219724592,492.14535649597,13689.3087772644,13586.2543786997,14557.8644981249,64.2450070404744,47.287333710257,40.4994265756147,-689.639843067189,-563.596130267784,1.49011611938477e-08,1.49011611938477e-08,1.85735729676911,1.56367517622182,1.49011611938477e-08,2.48668716463553,4,15
0.698,500,15,427.953011589396,260.821110768577,427.953011589396,13382.6260255388,14007.2644076815,14434.8471756165,62.2594296313696,50.2956000592413,39.4915528365592,-579.612553279638,-536.032168788927,1.49011611938477e-08,1.49011611938477e-08,1.93211986883743,1.51129249347966,1.49011611938477e-08,3.04740826264116,4,15
0.699,500,15,320.416555477353,262.508868051408,320.416555477353,13558.6351146633,14234.3995150537,13986.2477507244,61.5909235024797,51.6476767016057,40.6243748784372,-529.571571006395,-398.82396293577,1.49011611938477e-08,1.49011611938477e-08,1.95461638344615,1.3011586638723,1.49011611938477e-08,9.65185298073332,4,15
0.7,800,15,244.387574642585,263.66918975764,244.387574642585,13995.6509264927,13984.9790503208,13779.9093366846,62.422173994578,51.632823453481,43.4358074334208,-523.918278783995,-237.408813834167,1.49011611938477e-08,1.49011611938477e-08,1.89604514034534,1.18805936432488,0.421181657028427,6.49356042758539,4,15
0.701,800,15,332.297967020938,265.515170844953,332.297967020938,14157.0302928183,13570.4060670797,14083.224918595,63.1495688348629,50.5845509268429,46.7878108118368,-494.993765503645,-144.940329559519,1.49011611938477e-08,1.49011611938477e-08,1.78798503521325,1.36468411214688,0.99408624070729,3.44152709450938,4,15
0.702,800,15,592.953027279863,46.0579528827934,592.953027279863,13879.632529585,13524.795077728,14516.8888900478,61.2489527435844,48.6991785030259,48.9511080709863,-400.666860376399,-122.519230219567,1.49011611938477e-08,1.49011611938477e-08,1.82093545322481,1.81360540327883,1.64001891712763,3.42229285575261,4,15
0.703,800,15,656.283547969383,-9636.76623312745,656.283547969383,13536.3894126399,13906.827324248,14561.9988850796,55.6311051260154,46.6099498761892,48.7303321012448,-318.27926370503,-116.848562660067,1.49011611938477e-08,1.49011611938477e-08,1.91533728981242,2.29751665739953,2.25570866262017,4.25304965837987,4,15
0.704,800,15,635.359335402394,270.357097133079,635.359335402394,13596.8374643514,14216.936341261,14202.7459002911,47.471963862594,45.23786501529,46.3911386386925,-357.526508076838,-59.6592715216884,1.49011611938477e-08,1.49011611938477e-08,1.95822897006358,2.00397411014405,2.15643220131807,4.15704780082188,4,15
0.705,800,15,554.257004903017,226.546628865568,554.257004903017,13981.4595726653,14061.6581644324,13910.5715535576,41.6614418285418,45.301685448845,43.8418238488779,-561.401887373873,51.9448666336037,1.49011611938477e-08,1.49011611938477e-08,1.92987794209706,0.86979019331566,1.24745364069045,2.12626262575453,4,15
0.706,800,15,338.631092149845,281.099917221712,338.631092149845,14198.3355867421,13626.3287191607,14086.7453126946,44.3042366260389,46.8579320018629,43.6573882934981,-800.37708006971,109.778687867951,1.49011611938477e-08,1.49011611938477e-08,1.81390014013613,1.49011611938477e-08,0.544323437017643,1.18789518232383,4,15
0.707,800,15,170.228003769873,286.973616139985,170.228003769873,13984.9108375679,13456.0174731128,14515.9446316497,51.902675258471,49.0147126703126,45.3711959837219,-919.467023462576,72.4715323164809,1.49011611938477e-08,1.49011611938477e-08,1.80495291681909,1.49011611938477e-08,1.49011611938477e-08,1.29491367679107,4,15
0.708,800,15,287.12649624991,288.262059309264,287.12649624991,13530.4527463333,13775.9758260138,14576.2103884535,59.4640935440368,50.7502152269211,47.9440148687987,-907.379463999997,3.67179388689836,1.49011611938477e-08,1.49011611938477e-08,1.89804414498717,0.437235382976365,1.49011611938477e-08,1.78686639650869,4,15
0.709,800,15,597.477531869073,20.809755427388,597.477531869073,13461.9467415603,14179.8344921946,14211.898864662,65.0641477828515,51.7149594740765,50.594631080085,-838.894417395726,-109.396636922968,1.49011611938477e-08,1.49011611938477e-08,1.94795491252636,0.846558122563684,1.49011611938477e-08,2.59930676513396,4,15
0.71,800,15,653.934372380857,-8935.59237773899,653.934372380857,13819.7313378116,14177.8390646745,13849.4499187358,66.5397022422577,51.4150507997162,51.6467778094506,-698.963536181682,-233.208202361084,1.49011611938477e-08,1.49011611938477e-08,1.94068603475763,1.24213992014523,0.381675273403099,3.57678264198537,4,15
0.711,800,15,614.837880166025,-551.276057968977,614.837880166025,14077.0770232883,13794.0146825821,13916.7387771242,65.4322481599544,49.3453470119363,51.6969239642829,-536.096635632982,-242.720028166792,1.49011611938477e-08,1.49011611938477e-08,1.84772998879641,1.56123090759564,0.999384126630785,3.52384463916018,4,15
0.712,800,15,638.649409831251,297.205931054508,638.649409831251,13903.978019132,13530.8206598228,14327.5408247525,64.3763626113976,45.1759679138327,51.6277277969953,-411.339196693861,-132.069827451607,1.49011611938477e-08,1.49011611938477e-08,1.81975373734897,1.79083439103191,1.64298658103568,2.54420929158999,4,15
0.713,800,15,617.349476382755,170.464906798255,617.349476382755,13459.0599052456,13742.2564844344,14542.2685864847,63.470231122543,39.875643909704,50.5985872803179,-347.658413624796,-15.7689713379982,1.49011611938477e-08,1.49011611938477e-08,1.89632688449086,2.03567369110967,2.07653770131771,2.04699064710789,4,15
0.714,800,15,554.411766605736,252.124818332259,554.411766605736,13267.8979463152,14145.1654515689,14267.3485470402,63.4809695065187,35.3646798129106,48.976330695593,-415.877411327256,59.4401417016454,1.49011611938477e-08,1.49011611938477e-08,1.94393778114933,2.0820326627119,3.02946104477427,1.86109027959612,4,15
0.715,800,15,506.85411442865,301.764326252005,506.85411442865,13586.5268297872,14215.7553676246,13825.852710743,64.6088377790133,34.4645449848372,46.8733287146025,-618.795368100491,15.7032576626928,1.49011611938477e-08,1.49011611938477e-08,1.95412083540683,1.80560688497945,1.93499679283213,1.99860871470719,4,15
0.716,800,15,512.284757761151,302.987307221674,512.284757761151,14019.267075949,13853.1692523468,13794.4369265775,65.7041800596563,38.1951580519965,44.5319648568609,-796.725717739996,-191.032114356503,1.49011611938477e-08,1.49011611938477e-08,1.87105055307486,1.54423350019147,0.414916552354477,2.56574288515579,4,15
0.717,800,15,512.28471779667,306.227698333158,512.28471779667,14042.6027686999,13498.1404595986,14218.5641195703,65.5477733296172,43.7060186343381,42.4053691542112,-807.737775254116,-448.802125635357,1.49011611938477e-08,1.49011611938477e-08,1.79749517723211,1.49039783425287,1.49011611938477e-08,2.77581608459851,4,15
0.718,800,15,483.716765948778,314.709104507575,483.716765948778,13660.0807945171,13602.4608140123,14563.1438213807,63.9769113245066,48.4201465118769,40.4759459814877,-692.720745122482,-574.773257696127,1.49011611938477e-08,1.49011611938477e-08,1.86297957784542,1.53670826930409,1.49011611938477e-08,2.42354526408665,4,15
0.719,800,15,413.553815048619,320.574459474125,413.553815048619,13373.8471605706,14027.7800034627,14410.4513351479,62.0997577675662,51.4208625060994,39.7305505130488,-585.41162789377,-538.090853272728,1.49011611938477e-08,1.49011611938477e-08,1.93451157003619,1.47393009300132,1.49011611938477e-08,3.07922873790354,4,15
0.72,800,15,307.158951643743,325.723272302072,307.158951643743,13576.8419881846,14229.5882770922,13959.3332233782,61.541989774048,52.7498183788295,41.0671259302903,-536.582194252373,-396.748325583453,1.49011611938477e-08,1.49011611938477e-08,1.95433629581758,1.27033124704541,1.49011611938477e-08,10.3711903694994,4,15
0.721,800,15,239.330211942733,330.151536444508,239.330211942733,14012.3121285014,13959.1797307919,13780.5684881596,62.3893764944329,52.7045811609807,44.0108390779612,-528.530303990298,-243.646817487159,1.49011611938477e-08,1.49011611938477e-08,1.88934724279429,1.17975716313526,0.461067306007995,6.25441952246558,4,15
0.722,800,15,361.313418598798,331.023639854462,361.313418598798,14146.9097270908,13551.9878683805,14106.0505119533,62.9563884578815,51.6175521622754,47.3819701326057,-491.592931506818,-147.998496306299,1.49011611938477e-08,1.49011611938477e-08,1.78579529459035,1.37667350252467,1.03955823714512,3.44777813003285,4,15
0.723,800,15,616.389612796726,-151.383609785468,616.389612796726,13851.8559568959,13534.8863865399,14528.6617050317,60.7432242570408,49.7223823952924,49.4226724256571,-393.260618086243,-127.512143414814,1.49011611938477e-08,1.49011611938477e-08,1.82680661552491,1.83416329930414,1.69845620208752,3.48172410010998,4,15
0.724,800,15,652.301316750741,338.780741763623,652.301316750741,13523.0577282756,13928.9246635573,14547.4748711598,54.7857715715473,47.6930115554716,49.0649815578776,-317.030004232236,-118.600227874941,1.49011611938477e-08,1.49011611938477e-08,1.91943425458307,2.29213173269461,2.31077603685731,4.31071060717102,4,15
0.725,800,15,629.807135819708,332.946874050889,629.807135819708,13609.9983380697,14218.0538664852,14175.5878541492,46.4786281111382,46.4447066626088,46.6942808613388,-370.610953240577,-55.8286473216028,1.49011611938477e-08,1.49011611938477e-08,1.95929796314861,1.91228969589599,2.12334494703205,4.06898918268744,4,15
0.726,800,15,539.481384507202,312.863740874034,539.481384507202,14000.3071762358,14038.0422994377,13903.0398993758,41.1390511859135,46.6718246769954,44.3171513228401,-573.545379068582,49.2533466447666,1.49011611938477e-08,1.49011611938477e-08,1.92469624945563,0.781495172536617,1.18900881512914,2.03742398753747,4,15
0.727,800,15,299.620263616304,347.895928975324,299.620263616304,14194.6030824986,13601.4146167909,14105.4383459318,44.4895589031596,48.3715759756098,44.3046210435091,-823.969026975872,101.686977756547,1.49011611938477e-08,1.49011611938477e-08,1.80918721204466,1.49011611938477e-08,0.485481206473326,1.18491635331609,4,15
0.728,800,15,170.392205452566,353.660161706206,170.392205452566,13960.17069802,13458.4457600342,14531.3682153569,52.3602864162844,50.5698509635807,46.0174678188249,-931.241716081792,56.9042317724893,1.49011611938477e-08,1.49011611938477e-08,1.80907972917664,1.49011611938477e-08,1.49011611938477e-08,1.35263224333009,4,15
0.729,800,15,310.403784452129,354.047842523998,310.403784452129,13511.926994725,13798.8503777936,14565.4901314421,59.9656496069288,52.3158842625482,48.502886287735,-912.608798128432,-15.7028259195013,1.49011611938477e-08,1.49011611938477e-08,1.90241560271774,0.447029202137349,1.49011611938477e-08,1.88790204872745,4,15
0.73,800,15,625.434877582906,-256.446018749172,625.434877582906,13472.6227885957,14188.7234364539,14185.9052058984,65.4282145065333,53.2566169495174,50.9942281692564,-836.768759467291,-130.763033968716,1.49011611938477e-08,1.49011611938477e-08,1.94921658689184,0.85823924921742,1.49011611938477e-08,2.75085760127337,4,15
0.731,800,15,649.889855249741,-8308.38915470065,649.889855249741,13841.8880861937,14160.5661725414,13840.2395618469,66.746752478843,52.895571503623,51.9049822851418,-698.80912213139,-242.004380914778,1.49011611938477e-08,1.49011611938477e-08,1.93733860827548,1.24905021951941,0.381650726642441,3.70678109975363,4,15
0.732,800,15,607.658307275112,-185.297271230462,607.658307275112,14080.7202691995,13771.8520703936,13934.4731222408,65.6120528012032,50.615935737807,51.9203753820597,-524.860160556099,-237.224381433923,1.49011611938477e-08,1.49011611938477e-08,1.84275239291046,1.56118213313992,1.02866232518987,3.46484549608422,4,15
0.733,800,15,635.875139062896,362.843475915587,635.875139062896,13883.2681568327,13528.9496315655,14353.5675596419,64.581242411818,46.26050829013,51.7695772645109,-401.685290373634,-117.808910148089,1.49011611938477e-08,1.49011611938477e-08,1.8222998617957,1.79252971688875,1.67502108901712,2.45682284039111,4,15
0.734,800,15,613.643217022786,227.474770231432,613.643217022786,13436.5642833801,13764.5545323888,14542.2503370391,63.6984200907928,40.8713360926343,50.632681649514,-345.062168041096,-0.179252925653878,1.49011611938477e-08,1.49011611938477e-08,1.90056005833807,2.03233340705645,2.08216216339095,1.97389168198254,4,15
0.735,800,15,555.736782194256,307.428899851811,555.736782194256,13273.0180804753,14159.4614855786,14244.0042092059,63.7618064847699,36.4238294229608,48.9098198786508,-424.703033112668,70.7628524336338,1.49011611938477e-08,1.49011611938477e-08,1.94528210047615,2.05936888760011,3.13792260697776,1.80835961714264,4,15
0.736,800,15,524.104946729082,358.538417207552,524.104946729082,13614.0279764996,14203.569179211,13813.0028331011,64.9148481579141,35.5868984651937,46.7153020023077,-622.932814379328,23.6488120399312,1.49011611938477e-08,1.49011611938477e-08,1.95287784806066,1.77122851168198,1.86683279537219,1.96648396906478,4,15
0.737,800,15,516.748413888826,365.728783184734,516.748413888826,14036.6584869,13828.1177710399,13814.6971188536,65.9220380934408,39.2066080492911,44.3277133905869,-804.691142678976,-199.88423086842,1.49011611938477e-08,1.49011611938477e-08,1.8641073657804,1.52311106509854,0.35651711701489,2.55978595952031,4,15
0.738,800,15,516.280395784707,368.886418582168,516.280395784707,14030.9649631281,13490.3180374222,14251.077439777,65.6734388029185,44.5701631554028,42.1612523672457,-804.565444318364,-456.337765687569,1.49011611938477e-08,1.49011611938477e-08,1.7979546047584,1.47949375517145,1.49011611938477e-08,2.76749625038761,4,15
0.739,800,15,485.05434827137,379.786907964502,485.05434827137,13637.213639796,13622.9420085495,14573.2864636625,64.0643014182586,49.1225270318483,40.3085175511545,-686.741023711965,-572.055104396891,1.49011611938477e-08,1.49011611938477e-08,1.86834260048607,1.52501018625073,1.49011611938477e-08,2.45433270793665,4,15
0.74,800,15,412.664555483847,386.317554911565,412.664555483847,13371.8412054264,14050.9529529368,14392.6489208764,62.3216483680041,51.9888931358877,39.7893087983404,-583.052499598793,-526.053739173701,1.49011611938477e-08,1.49011611938477e-08,1.9366464932416,1.45593047270888,1.49011611938477e-08,3.27898580419523,4,15
0.741,800,15,300.619236615914,391.986063646735,300.619236615914,13600.6344993854,14228.2402164657,13942.0983846,61.9469491519949,53.2019244268527,41.3881553100401,-538.185181093182,-387.354958804372,1.49011611938477e-08,1.49011611938477e-08,1.95384167302477,1.26143080438774,1.49011611938477e-08,13.5092060712465,4,15
0.742,800,15,242.516317617387,396.46050000571,242.516317617387,14031.802223171,13935.4663224471,13792.2721210522,62.8665183297837,53.0374069330357,44.4781792372177,-527.626786242356,-226.229460262705,1.49011611938477e-08,1.49011611938477e-08,1.88224133625165,1.19205215330259,0.480396856144749,5.50554693734485,4,15
0.743,800,15,368.230052261264,396.795157323532,368.230052261264,14140.6429253585,13538.9392069834,14137.8552548688,63.3370744702375,51.8195919578634,47.928694312295,-484.967158768652,-134.006753177969,1.49011611938477e-08,1.49011611938477e-08,1.78402836617949,1.4060100444051,1.07979666259973,3.25563061362341,4,15
0.744,800,15,636.9228455134,-405.312135169674,636.9228455134,13830.0359185736,13551.7796833368,14548.7607946297,60.8390796714062,49.7800392237134,49.9576039259277,-382.578244728961,-114.576538405898,1.49011611938477e-08,1.49011611938477e-08,1.83246598821337,1.87406003566199,1.76203513752222,3.33618575538499,4,15
0.745,800,15,649.683930995289,405.289963019694,649.683930995289,13514.7370171079,13955.3039616874,14537.0769147698,54.6366125396382,47.6669503825538,49.5797684792732,-311.336140218605,-103.801457209141,1.49011611938477e-08,1.49011611938477e-08,1.92321101428736,2.31410104927281,2.39206051453004,4.07911504062115,4,15
0.746,800,15,626.882729181288,398.231227580664,626.882729181288,13627.7744583409,14223.8064413732,14155.7614984544,46.2394566188363,46.398493917754,47.2722839555818,-368.928146929993,-42.8669402733019,1.49011611938477e-08,1.49011611938477e-08,1.96024697658169,1.86498654490359,2.15280296011576,3.72153500498335,4,15
0.747,800,15,536.8894582576,377.880583155031,536.8894582576,14021.1741450817,14017.5002750231,13903.8995682153,41.1872493159306,46.6535695119083,45.1019146141044,-588.041149320192,63.2642828855527,1.49011611938477e-08,1.49011611938477e-08,1.91910728276563,0.739204728453677,1.16677049710579,1.90088221102909,4,15
0.748,800,15,317.421250957906,413.62232161217,317.421250957906,14192.3113480497,13583.129441348,14131.238105743,44.8597152881051,48.3782813134574,45.2396633382301,-834.404508611053,105.203709535551,1.49011611938477e-08,1.49011611938477e-08,1.80499744713151,1.49011611938477e-08,0.455365015619814,1.17171564711337,4,15
0.749,800,15,194.179947162335,419.733149385337,194.179947162335,13938.032441815,13469.1361625598,14553.4694914726,52.6142989361553,50.571034553411,46.843628835489,-928.983695346075,52.8697297489684,1.49011611938477e-08,1.49011611938477e-08,1.81348005153588,1.49011611938477e-08,1.49011611938477e-08,1.38833812100537,4,15
0.75,800,15,347.518026180074,419.237831081822,347.518026180074,13497.890591475,13827.7424390372,14558.4635343329,60.081790461239,52.311218968794,49.2210031922566,-905.118066068655,-20.58413492117,1.49011611938477e-08,1.49011611938477e-08,1.90667410139257,0.485037504319895,1.49011611938477e-08,1.93430530059672,4,15
0.751,800,15,652.082363551402,-10335.0859749363,652.082363551402,13487.2807163418,14205.2402121495,14168.9880558888,65.1545617264002,53.2433616445399,51.3776154804811,-829.54049550512,-126.481361008785,1.49011611938477e-08,1.49011611938477e-08,1.95042960968338,0.883956811596419,1.49011611938477e-08,2.76764925788791,4,15
0.752,800,15,644.678653892742,-7132.68863609605,644.678653892742,13864.8264788167,14146.9537531886,13839.8413263464,66.1196438144777,52.8052595414703,52.0455335148441,-683.681160501932,-230.921870815179,1.49011611938477e-08,1.49011611938477e-08,1.93372928830143,1.25748702866595,0.431998270747934,3.56847265846472,4,15
0.753,800,15,597.387166131072,89.8603406343088,597.387166131072,14078.1683958003,13748.7084514159,13958.4358838291,64.9427472852075,50.4979644632882,52.067038303146,-517.040923985341,-210.407734100699,1.49011611938477e-08,1.49011611938477e-08,1.83807527347638,1.54564367073095,1.07460606329558,3.17566663284251,4,15
0.754,800,15,637.628745044129,-4789.39539012761,637.628745044129,13864.7249212524,13531.559465976,14382.7827790792,63.953309179427,46.1078918360454,51.9075789088941,-399.098841304435,-86.3965163826934,1.49011611938477e-08,1.49011611938477e-08,1.82550010161426,1.76961284375428,1.70457018840223,2.25467600581829,4,15
0.755,800,15,613.464900109213,-786.841763856227,613.464900109213,13418.5277791674,13790.0750743842,14544.4458242453,63.1360430463584,40.7691577443236,50.7108370451678,-351.49061632252,30.369567211043,1.49011611938477e-08,1.49011611938477e-08,1.90479305500605,1.99283598466879,2.07271507097678,1.82398729819858,4,15
0.756,800,15,548.865569045385,365.743239475192,548.865569045385,13283.108537234,14178.5430015258,14224.5308275932,63.2946763267698,36.5385573115666,48.8845695424183,-434.397924142771,93.6839305582718,1.49011611938477e-08,1.49011611938477e-08,1.94664778282678,1.99208639896576,3.25534448222509,1.69220978851913,4,15
0.757,800,15,511.004278007406,407.77281059203,511.004278007406,13641.9792957597,14192.9129251128,13803.6846812183,64.51257890105,36.1459674908163,46.5744103943668,-648.098362379567,32.6198431891074,1.49011611938477e-08,1.49011611938477e-08,1.95148802140766,1.70266499989284,1.76316272809099,1.8838187627116,4,15
0.758,800,15,507.753351358632,408.887538071361,507.753351358632,14048.7662257892,13803.035685698,13835.9907322194,65.5574521461442,40.1985214718592,44.078712814015,-825.845030400289,-204.146248711059,1.49011611938477e-08,1.49011611938477e-08,1.85813933712109,1.46714630549118,0.289743963712859,2.50194416263365,4,15
0.759,800,15,513.914247679746,406.607592172592,513.914247679746,14014.4650718011,13483.861589309,14282.6566051796,65.2626585157743,45.6994755102253,41.8106439717623,-815.597939920918,-458.738371292856,1.49011611938477e-08,1.49011611938477e-08,1.79972070652298,1.43024139024256,1.49011611938477e-08,2.7428409173005,4,15
0.76,800,15,489.852564219295,413.23335143309,489.852564219295,13612.9073149211,13644.1788470346,14583.4305870503,63.5756176660023,50.2739852335098,39.7943886002175,-693.76519503558,-566.270908211374,1.49011611938477e-08,1.49011611938477e-08,1.87394538676051,1.46782389235987,1.49011611938477e-08,2.48404249736281,4,15
0.761,800,15,417.454108856544,417.479649858438,417.454108856544,13370.6427863407,14072.5513984574,14375.7212846722,61.8210646908014,53.1236700724337,39.2661665179451,-594.419929466075,-517.490011248982,1.49011611938477e-08,1.49011611938477e-08,1.93877823039566,1.38081390386412,1.49011611938477e-08,3.49082411378831,4,15
0.762,800,15,303.754307545841,420.250792763954,303.754307545841,13623.5424761093,14223.3671942761,13927.7576341582,61.4841673390439,54.3117586966522,40.9745946234067,-546.626471856112,-366.797570692367,1.49011611938477e-08,1.49011611938477e-08,1.9533146160603,1.18247582017909,1.49011611938477e-08,17.8383846312692,4,15
0.763,800,15,250.793791385679,421.54091054537,250.793791385679,14048.0296072528,13911.7485081881,13806.9053005038,62.4490291240258,54.1248793474911,44.2680208825407,-535.843349627359,-202.329356154223,1.49011611938477e-08,1.49011611938477e-08,1.876049656638,1.12751629733208,0.528317966022522,4.60631242033909,4,15
0.764,800,15,397.346849177814,418.019218528324,397.346849177814,14129.4314813525,13525.9530586298,14171.6081912837,62.877354929105,52.8922835439388,47.8548033330639,-490.055204342697,-111.456157114653,1.49011611938477e-08,1.49011611938477e-08,1.78372749730763,1.35347500529779,1.1360368252761,2.91191464142595,4,15
0.765,800,15,650.780992700874,-9681.06079035695,650.780992700874,13803.8702268682,13567.5759591616,14568.2189992831,60.2574170723698,50.8773455355381,49.8884844036774,-387.580259288431,-93.2834184121326,1.49011611938477e-08,1.49011611938477e-08,1.8389798369957,1.81080701580454,1.83630010883066,3.00753947949644,4,15
0.766,800,15,648.305602269359,-8684.30837446239,648.305602269359,13506.1916855822,13979.2648176694,14529.5478694578,53.926413199047,48.8435163139206,49.4861797792864,-324.17060993814,-81.5252129679487,1.49011611938477e-08,1.49011611938477e-08,1.92700529052737,2.19477791761617,2.47282542702956,3.57030756421726,4,15
0.767,800,15,624.154542730043,-2147.85691995741,624.154542730043,13644.8924290995,14223.5913616218,14137.5159158374,45.6419059687203,47.6597184856914,47.2974153346349,-394.329764675341,-15.9768333456018,1.49011611938477e-08,1.49011611938477e-08,1.96097377810507,1.68918146605414,2.15057372397722,3.11361266734113,4,15
0.768,800,15,526.139035040631,398.360286870692,526.139035040631,14040.5706173829,13993.1224004237,13906.9291978905,41.3847774275829,48.0005627935805,45.4996452072318,-622.603761377866,81.292995483963,1.49011611938477e-08,1.49011611938477e-08,1.91318120941965,0.641408141266422,1.13247019556322,1.6584366943987,4,15
0.769,800,15,283.254174104426,420.732985579512,283.254174104426,14187.1420272107,13561.8960395906,14158.1369780981,45.6693012496335,49.7949035069813,45.8457304833683,-861.799289789672,106.305585443437,1.49011611938477e-08,1.49011611938477e-08,1.80142541441032,1.49011611938477e-08,0.41379380082693,1.12077436723694,4,15
0.77,800,15,187.160569265639,423.053374702075,187.160569265639,13911.0974112369,13476.7009846853,14570.9669399272,53.481582612664,51.9895423661223,47.3763667171029,-941.446316397867,44.2754427228113,1.49011611938477e-08,1.49011611938477e-08,1.81864579943367,1.49011611938477e-08,1.49011611938477e-08,1.4151815498164,4,15
0.771,800,15,377.958612893937,418.503245733364,377.958612893937,13478.2643751743,13852.2868531797,14547.0716936122,60.918978237674,53.7039751622329,49.7195605378702,-916.302586645453,-27.3313791573487,1.49011611938477e-08,1.49011611938477e-08,1.91102706388035,0.493680484058035,1.49011611938477e-08,1.97887313039033,4,15
0.772,800,15,661.288256754261,429.505600591535,661.288256754261,13496.1403785307,14211.3732875209,14143.2193841049,65.7877024786664,54.5510793650919,51.7904090165018,-832.627928120745,-140.548000532224,1.49011611938477e-08,1.49011611938477e-08,1.95158858980356,0.890561839351747,1.49011611938477e-08,2.83140680608693,4,15
0.773,800,15,643.450555321044,418.964266588637,643.450555321044,13881.7245387877,14128.663751492,13833.8910448225,66.5628485166701,53.9834750062897,52.3872445982999,-680.595350452657,-239.502761709858,1.49011611938477e-08,1.49011611938477e-08,1.93020985891613,1.2595288184405,0.459540090972839,3.58732629063782,4,15
0.774,800,15,590.654372710471,151.920059200776,590.654372710471,14074.112961149,13727.5284898075,13977.0333099447,65.3084117187375,51.4234980590302,52.4005998773991,-510.864551347847,-206.132152824495,1.49011611938477e-08,1.49011611938477e-08,1.83435682378352,1.54472948116821,1.11625961246085,3.09479658172306,4,15
0.775,800,15,635.903576236129,-4332.5889493893,635.903576236129,13837.7749965996,13532.9184303928,14403.6919020113,64.2528049353042,46.8414839594154,52.21116814718,-392.158658776001,-78.6029603323656,1.49011611938477e-08,1.49011611938477e-08,1.82924347320272,1.77721479052809,1.73708061562866,2.20579362675258,4,15
0.776,800,15,609.466484309387,-402.034444508894,609.466484309387,13394.3842648615,13813.0610236879,14538.6778163511,63.3944563957488,41.40032098741,51.0051227217963,-349.483896725496,32.3830019519933,1.49011611938477e-08,1.49011611938477e-08,1.90891596294555,2.00109640121755,2.08289680421587,1.79976635271769,4,15
0.777,800,15,554.899333503437,351.325436301568,554.899333503437,13288.2075261825,14188.9568430176,14196.290178912,63.5811989346186,37.2532613347999,49.1744335039183,-444.45327968936,95.7021408435901,1.49011611938477e-08,1.49011611938477e-08,1.94799010735034,1.98593423309105,3.40548404075883,1.68998971161271,4,15
0.778,800,15,526.704672924706,398.300379386117,526.704672924706,13667.9955306026,14177.4263534964,13789.2013633263,64.8012473198787,36.9742184694128,46.8426822791604,-664.726815176965,22.1000792055839,1.49011611938477e-08,1.49011611938477e-08,1.94958273779703,1.68960061278944,1.65815568596314,1.90867166797763,4,15
0.779,800,15,518.557469461424,404.329992320162,518.557469461424,14061.8251984768,13777.2471845764,13853.9184608848,65.7105175428247,40.9678856123138,44.3390238753875,-831.612256790695,-226.473002259376,1.49011611938477e-08,1.49011611938477e-08,1.85134099874029,1.47175512413713,0.180363611428118,2.54569416075188,4,15
0.78,800,15,512.082630765022,407.395646259635,512.082630765022,13998.8375927224,13478.4186797978,14308.4343989654,65.261643668126,46.3471841265122,42.029451347148,-808.5048583534,-479.370809363724,1.49011611938477e-08,1.49011611938477e-08,1.80111438090087,1.45071330547914,1.49011611938477e-08,2.68676855505202,4,15
0.781,800,15,476.292509804602,414.840460927984,476.292509804602,13589.5400929571,13665.5070655177,14583.7353590115,63.4892202645442,50.7674949114258,40.0631443202686,-690.475156384196,-575.656575823873,1.49011611938477e-08,1.49011611938477e-08,1.87908106210933,1.49262786902007,1.49011611938477e-08,2.42534139243427,4,15
0.782,800,15,397.818915901485,417.972150533286,397.818915901485,13371.664202681,14092.3102169456,14348.5935957115,61.8010673400314,53.4847750278836,39.6650408518812,-588.201363047421,-518.967102576556,1.49011611938477e-08,1.49011611938477e-08,1.94059512017587,1.40160298823171,1.49011611938477e-08,3.5061731602931,4,15
0.783,800,15,286.066949292507,420.673787343171,286.066949292507,13648.9296749645,14216.8097412012,13904.6726642063,61.572017426353,54.5654520587143,41.464625880985,-543.157828931052,-363.65938337353,1.49011611938477e-08,1.49011611938477e-08,1.95217871120732,1.20515770936415,1.49011611938477e-08,19.5397463149914,4,15
0.784,800,15,239.836611100924,421.78728895659,239.836611100924,14066.9329566087,13886.2327341813,13814.0408901857,62.5370174804192,54.2873505383558,44.7370283409701,-529.5799509544,-201.757479217657,1.49011611938477e-08,1.49011611938477e-08,1.86832161279143,1.16293532385015,0.541996957467595,4.62948018402681,4,15
0.785,800,15,395.145179177261,418.084110346774,395.145179177261,14122.0286758937,13514.4699064768,14195.7880549269,62.8084646352113,52.962732935158,48.2815731918964,-477.274611961809,-114.648128744371,1.49011611938477e-08,1.49011611938477e-08,1.78252542930561,1.40464873167381,1.16564295917663,2.98183298831531,4,15
0.786,800,15,658.520742151665,424.845854610045,658.520742151665,13783.5548533653,13585.6879132554,14576.2930479215,59.8739211866924,50.8439969981367,50.2368481996663,-377.592497009303,-97.2285570256782,1.49011611938477e-08,1.49011611938477e-08,1.8444565845742,1.87807479052555,1.8833325206905,3.11742973336412,4,15
0.787,800,15,647.693576865727,420.524556803876,647.693576865727,13502.9382040119,14003.2801830421,14508.6864930978,53.2652520453312,48.768280887677,49.7827918878097,-315.717192456735,-83.0116923113242,1.49011611938477e-08,1.49011611938477e-08,1.93018267020599,2.24926055391309,2.51829598734029,3.70689606831941,4,15
0.788,800,15,622.179326210657,401.088756969848,622.179326210657,13666.2705163642,14224.9981352194,14111.2268831688,44.9053241053694,47.6312443063473,47.6079347701904,-398.2394924556,-14.2142604387549,1.49011611938477e-08,1.49011611938477e-08,1.96133608835976,1.66603638420527,2.10638385935884,3.16074793432186,4,15
0.789,800,15,518.862129387066,403.433941565688,518.862129387066,14061.2478740705,13971.0110113918,13904.6254850122,40.98729246787,48.0800071795986,45.9103373711914,-634.220089488185,80.3702802722581,1.49011611938477e-08,1.49011611938477e-08,1.90666788694414,0.602558133397242,1.07540750326251,1.66291970153095,4,15
0.79,800,15,290.913598970323,420.552001092796,290.913598970323,14184.123142371,13545.6542869225,14179.6614146169,45.6695300226956,49.9591015645008,46.3363215166144,-867.852202653846,97.8889825656821,1.49011611938477e-08,1.49011611938477e-08,1.79779573313587,1.49011611938477e-08,0.348484625576617,1.16142542497832,4,15
0.791,800,15,206.522948908629,422.589916181922,206.522948908629,13888.9633142846,13490.2790143597,14584.4252411794,53.4625446277094,52.1897754024054,47.7651106772812,-935.945579346086,35.5773745036987,1.49011611938477e-08,1.49011611938477e-08,1.82327973194347,1.49011611938477e-08,1.49011611938477e-08,1.49054596710486,4,15
0.792,800,15,397.669536716437,418.038144734446,397.669536716437,13469.3433569417,13880.6367707447,14532.543745174,60.8397727750994,53.9193777267753,50.0185787692623,-905.642750823089,-41.0297913696505,1.49011611938477e-08,1.49011611938477e-08,1.91459929464223,0.52923955895464,1.49011611938477e-08,2.08120115266935,4,15
0.793,800,15,657.487187493379,-14291.2928326224,657.487187493379,13516.077188792,14224.4563321631,14120.9943287145,65.4301560145139,54.7573387313817,51.8415694684219,-815.675319164126,-152.290322895587,1.49011611938477e-08,1.49011611938477e-08,1.95239070063108,0.921651167433221,1.49011611938477e-08,2.94280754552299,4,15
0.794,800,15,640.914558776268,-5792.35802467504,640.914558776268,13906.1344310793,14112.4750617213,13830.8193050301,65.9769306792974,54.1041385607865,52.2907315336024,-658.674350703679,-238.897218087983,1.49011611938477e-08,1.49011611938477e-08,1.92545142449944,1.2849794537534,0.489289729507759,3.60159886115624,4,15
0.795,800,15,582.600091544438,214.580568151247,582.600091544438,14070.419714329,13706.4261737984,13997.3005453144,64.7442879897516,51.4997670684461,52.334116893933,-494.457839809204,-189.684524945004,1.49011611938477e-08,1.49011611938477e-08,1.8298829773557,1.55613242111037,1.15390088586588,2.96018145227994,4,15
0.796,800,15,638.562933048251,417.480882820338,638.562933048251,13812.4856072198,13538.8681075259,14421.3074984529,63.7970128531445,46.8836400310026,52.1254071854891,-388.450426660224,-63.0216161101172,1.49011611938477e-08,1.49011611938477e-08,1.83292477509696,1.77777494853125,1.74986816564697,2.0802327481051,4,15
0.797,800,15,614.540187212178,-951.427873492812,614.540187212178,13374.4783425085,13839.3331064937,14529.1217929869,63.0250141657964,41.5285246055234,50.8409617081018,-351.96469137136,52.2085575834744,1.49011611938477e-08,1.49011611938477e-08,1.91267001360454,1.98375068158945,2.0647127032427,1.69909272633008,4,15
0.798,800,15,549.565174655882,364.648127028659,549.565174655882,13297.9869942337,14205.4590314486,14169.2080490259,63.2550394454356,37.6348186390812,48.9068287673968,-457.88689144631,105.479740460475,1.49011611938477e-08,1.49011611938477e-08,1.94925677434898,1.94974264330726,3.54277935234746,1.61754864974361,4,15
0.799,800,15,509.131659774929,408.460929403636,509.131659774929,13691.7573146188,14162.9451072046,13776.5566170359,64.4466423435469,37.8130711763164,46.5379096316671,-682.007689790296,12.7988681125706,1.49011611938477e-08,1.49011611938477e-08,1.94743724374772,1.66034848881068,1.57009360034119,1.87627054151884,4,15
0.8,800,15,500.673071089267,411.184955192326,500.673071089267,14067.086585275,13751.8948907332,13871.8814478236,65.302714089367,42.1778824131763,44.1263901181434,-836.926654765209,-234.118546536003,1.49011611938477e-08,1.49011611938477e-08,1.84566417220713,1.45696841340172,0.0519125455433763,2.52374125924334,4,15
0.801,800,15,494.450782534389,412.481143948911,494.450782534389,13975.2785786101,13474.4152864988,14332.435469454,64.8078462933348,47.6448642117696,41.9629683274979,-812.709492999298,-487.945939171033,1.49011611938477e-08,1.49011611938477e-08,1.80370854994146,1.44308752064114,1.49011611938477e-08,2.59744369289537,4,15
0.802,800,15,459.977299928525,415.959744786201,459.977299928525,13561.0971683677,13687.645622081,14582.188326718,63.029024102043,52.0699569518061,40.0658040603264,-688.137525959977,-583.912164962151,1.49011611938477e-08,1.49011611938477e-08,1.88438324682824,1.48056568454641,1.49011611938477e-08,2.37096501637521,4,15
0.803,800,15,387.511718083507,418.228756271742,387.511718083507,13368.8723306898,14111.192619198,14321.4051248487,61.400367553018,54.7653774596964,39.7188251145664,-587.241521981302,-520.108821513125,1.49011611938477e-08,1.49011611938477e-08,1.94234430617394,1.38162116555453,1.49011611938477e-08,3.53740362618758,4,15
0.804,800,15,276.856201725552,420.894423983765,276.856201725552,13668.7265917494,14208.4377658208,13882.6770212516,61.2078967204841,55.8142208963515,41.5157500789721,-540.715350245692,-362.718024844954,1.49011611938477e-08,1.49011611938477e-08,1.95079782471576,1.19245951680132,1.49011611938477e-08,19.9903432355648,4,15
0.805,800,15,249.817439391757,421.564235697419,249.817439391757,14077.4329062261,13861.420218504,13821.8206103318,62.1009561472039,55.5019930098838,44.7818257244507,-522.677181481348,-209.691512980987,1.49011611938477e-08,1.49011611938477e-08,1.86132105072816,1.1690684291826,0.594140212816745,4.49252808446832,4,15
0.806,800,15,418.009321179615,417.503491595278,418.009321179615,14105.6952462686,13504.6811597587,14220.1126663989,62.1106779688605,54.1452544479896,48.2302333872788,-464.915277243787,-122.056118634816,1.49011611938477e-08,1.49011611938477e-08,1.78254484609816,1.43019712657003,1.2302658022093,2.97023293423134,4,15
0.807,800,15,653.584859085572,423.169389237554,653.584859085572,13755.4581946633,13604.0663817787,14583.4301171529,58.8092928268463,52.0286810639083,49.9925594198654,-358.962459962084,-102.798221398115,1.49011611938477e-08,1.49011611938477e-08,1.85045424694158,1.91145021212343,1.96904594749209,3.13107067956105,4,15
0.808,800,15,646.052015929711,419.859832376146,646.052015929711,13494.8263893586,14025.2022049575,14488.3629494214,51.8672663913202,49.9995165181858,49.4182228140017,-305.871581264889,-84.0139600807571,1.49011611938477e-08,1.49011611938477e-08,1.93329295189158,2.24968769940247,2.61992699430272,3.66881617142656,4,15
0.809,800,15,617.170380243518,370.368451757538,617.170380243518,13682.486642619,14221.0973050547,14084.461504991,43.4653940809436,48.9470697508602,47.2898944409091,-404.856262996363,-9.84495591508646,1.49011611938477e-08,1.49011611938477e-08,1.96129185223181,1.57962215213303,2.10843604711573,2.98869001992851,4,15
0.81,800,15,500.6150191462,410.928036369817,500.6150191462,14075.4122866286,13943.9667978759,13902.6401186808,40.2620229921923,49.5115822861862,45.8512090573606,-639.07260887025,76.1810165904923,1.49011611938477e-08,1.49011611938477e-08,1.8996814076398,0.516439076493658,1.0363156478758,1.56298823472843,4,15
0.811,800,15,266.033159149465,421.147114458577,266.033159149465,14174.3684107617,13525.8147875104,14199.7981258637,45.6778659320152,51.4789180893675,46.4377525803248,-874.178063427081,85.9853596567282,1.49011611938477e-08,1.49011611938477e-08,1.79448397070704,1.49011611938477e-08,0.282170163968836,1.17088992532627,4,15
0.812,800,15,202.218304868311,422.715052172845,202.218304868311,13860.2461707783,13500.0693441458,14591.6218894087,53.7089573433393,53.7168106406465,47.8225543945051,-939.208904495605,14.4539100629425,1.49011611938477e-08,1.49011611938477e-08,1.82824939549195,1.49011611938477e-08,1.49011611938477e-08,1.57668965449401,4,15
0.813,800,15,419.292438590773,417.456920322138,419.292438590773,13456.5211989714,13903.5025979538,14513.6345069513,61.1327759244866,55.4151989529819,50.0385136843372,-902.978665565657,-65.8237037370219,1.49011611938477e-08,1.49011611938477e-08,1.91806452842222,0.54084312272525,1.49011611938477e-08,2.23257542403506,4,15
0.814,800,15,657.599752157032,426.051693780376,657.599752157032,13531.7998338145,14226.7062498799,14092.1844993239,65.5896380183992,56.1666485502851,51.7915618815235,-806.473601471327,-178.299021663496,1.49011611938477e-08,1.49011611938477e-08,1.95307772574185,0.934734472751738,1.49011611938477e-08,3.17623821970578,4,15
0.815,800,15,639.784007750027,417.860412515815,639.784007750027,13925.6128561088,14091.6321178277,13824.9437077289,66.047867041634,55.3893860169867,52.1808034463651,-644.024426978063,-255.030570894241,1.49011611938477e-08,1.49011611938477e-08,1.92085972673635,1.2954087174705,0.502131023216568,3.80880461289793,4,15
0.816,800,15,584.062784540858,210.466824777429,584.062784540858,14065.4904028763,13685.5798877009,14013.628057165,64.8459584241418,52.5406132938814,52.1787385760434,-486.439074577489,-195.931065239048,1.49011611938477e-08,1.49011611938477e-08,1.82628973661357,1.56322342332017,1.18523536578367,2.97779498049908,4,15
0.817,800,15,634.962616133164,416.495920734937,634.962616133164,13792.1983790209,13543.2070476153,14438.9781410803,63.8587743115431,47.7753603315818,51.7573706980141,-372.924362601419,-58.0458799582051,1.49011611938477e-08,1.49011611938477e-08,1.83628629844804,1.80058280370323,1.7731064386798,2.08184793784678,4,15
0.818,800,15,605.33297787694,60.1664672369013,605.33297787694,13363.3391329377,13862.1609535192,14521.1193362195,63.1216247846291,42.3828871598397,50.3224871841565,-343.675858641627,58.4957052231492,1.49011611938477e-08,1.49011611938477e-08,1.91574698522359,2.01027243350414,2.09089241045365,1.70143335852042,4,15
0.819,800,15,544.354264984967,375.032644625748,544.354264984967,13318.0181278534,14213.4050767776,14144.8036691576,63.5017198072073,38.6434344872131,48.3109891477467,-463.599704793187,109.743170341783,1.49011611938477e-08,1.49011611938477e-08,1.95023293788983,1.94914319516552,3.78232383801702,1.62620639877986,4,15
0.82,800,15,515.838799825484,405.560045654869,515.838799825484,13727.6525781205,14146.1641730353,13772.0908325668,64.8795189006962,38.9093947174949,45.8782877428636,-697.157240961799,13.382203609707,1.49011611938477e-08,1.49011611938477e-08,1.94414926308294,1.6239284360529,1.44087756493649,1.88654211211301,4,15
0.821,800,15,517.396304552649,404.979396428768,517.396304552649,14082.4778209107,13727.3422106308,13898.9028453637,65.8909125051275,43.1922102635829,43.3562323502493,-850.572915423027,-232.12051084223,1.49011611938477e-08,1.49011611938477e-08,1.8391004868738,1.40226693089126,1.49011611938477e-08,2.54281098843305,4,15
0.822,800,15,514.964677317351,406.100953450412,514.964677317351,13961.8671488562,13472.6105344007,14363.3667301263,65.5611114032016,48.5372680192329,41.0351280142123,-824.159932156285,-476.582510662328,1.49011611938477e-08,1.49011611938477e-08,1.80603155293162,1.36891590035605,1.49011611938477e-08,2.67384644213713,4,15
0.823,800,15,480.833151012414,414.395545869534,480.833151012414,13544.2443987118,13710.8579201709,14587.0357045933,63.9890041842425,52.8267731454599,39.1396735670383,-702.296459417715,-561.428744350547,1.49011611938477e-08,1.49011611938477e-08,1.889293536888,1.37989403952097,1.49011611938477e-08,2.53295897184905,4,15
0.824,800,15,400.613376688468,417.901189223548,400.613376688468,13378.7936244218,14129.1481613694,14304.5518153825,62.5990020655289,55.4033914592075,39.0150070642321,-605.335766958532,-490.29908981646,1.49011611938477e-08,1.49011611938477e-08,1.94402844080872,1.26441042897611,1.49011611938477e-08,4.10526498537216,4,15
0.825,800,15,288.870463337381,420.606064928027,288.870463337381,13698.1814664155,14199.2611563584,13875.3473205414,62.5750570829098,56.3492911388013,41.1627003254486,-561.129551033944,-328.953611822281,1.49011611938477e-08,1.49011611938477e-08,1.94932653142171,1.09616930593314,1.49011611938477e-08,17.6598742235295,4,15
0.826,800,15,255.665754511465,421.413780898676,255.665754511465,14094.891599438,13836.490296196,13845.4595474243,63.4914553035879,55.9230044859731,44.7236988025804,-540.900425284303,-178.268411782924,1.49011611938477e-08,1.49011611938477e-08,1.85482105506559,1.11398386753463,0.601014008226041,3.75994877580834,4,15
0.827,800,15,435.10395474401,417.003656007319,435.10395474401,14095.4327465536,13496.755096301,14256.6782133761,63.3658094150912,54.4308376743003,48.3445201695405,-477.176633189834,-95.3462373219522,1.49011611938477e-08,1.49011611938477e-08,1.78391986320686,1.40166927181123,1.26152213561935,2.67641222371975,4,15
0.828,800,15,656.012576268609,-13178.9967405478,656.012576268609,13733.7772654964,13624.870702119,14600.6980025036,59.8853094180255,52.1880023298322,50.1493340987084,-369.248831574186,-77.6417369939779,1.49011611938477e-08,1.49011611938477e-08,1.8570842386476,1.88544827348853,2.02202855375613,2.85616638680001,4,15
0.829,800,15,646.156676445257,-7720.94502289829,646.156676445257,13493.0328591447,14048.7357578214,14478.744752556,52.8583137098675,50.1050209385903,49.5500525621458,-322.061753924943,-57.0916642622187,1.49011611938477e-08,1.49011611938477e-08,1.9365037957963,2.18761196288736,2.67418356130102,3.28216485436769,4,15
0.83,800,15,615.377916015897,-1034.82495553339,615.377916015897,13703.7075106968,14220.0738105916,14073.2161434173,44.6539498244393,49.0704251022648,47.4369046301928,-431.409332571379,19.1868418131049,1.49011611938477e-08,1.49011611938477e-08,1.96160152417532,1.49922779601961,2.08311259004054,2.62088591953817,4,15
0.831,800,15,495.353231209236,412.093885374146,495.353231209236,14092.2043459819,13921.9933497223,13917.2245254551,41.8156033172224,49.6787386588241,46.0805375329953,-669.488130281011,100.684911903067,1.49011611938477e-08,1.49011611938477e-08,1.89402363913445,0.492067169667103,1.00834194607246,1.41604773904864,4,15
0.832,800,15,272.201661272046,420.99928830403,272.201661272046,14165.4365589434,13513.381000743,14234.9066756971,47.2257633657264,51.6703117152512,46.7091538372458,-896.479346816438,102.374752179307,1.49011611938477e-08,1.49011611938477e-08,1.79368996402174,1.49011611938477e-08,0.250853171175356,1.10415560400406,4,15
0.833,800,15,219.701983550849,422.274297714173,219.701983550849,13828.4123955538,13517.6099125379,14610.3376246113,54.9564262466859,53.9006571465837,48.018020255868,-949.882284442099,27.8666261814185,1.49011611938477e-08,1.49011611938477e-08,1.83496178421491,1.49011611938477e-08,1.49011611938477e-08,1.50470549215081,4,15
0.834,800,15,444.243178361898,416.721657671072,444.243178361898,13441.6780749777,13932.7377357716,14504.9350545374,62.1251520396855,55.5790219123058,50.1986421908384,-911.998364478898,-52.2674948125833,1.49011611938477e-08,1.49011611938477e-08,1.92194739365379,0.542579307726388,1.49011611938477e-08,2.1000176766312,4,15
0.835,800,15,656.741082019468,425.468811247312,656.741082019468,13545.2140488906,14237.1038797344,14078.6725315562,66.1583804236085,56.2710326497014,51.7527883173266,-810.591156935953,-163.551180378163,1.49011611938477e-08,1.49011611938477e-08,1.95392684786726,0.926857469338476,1.49011611938477e-08,2.91225930593131,4,15
0.836,800,15,636.855205759961,417.081044893804,636.855205759961,13940.6892779933,14072.7438646406,13831.8747031085,66.2637973125821,55.3806971518894,52.0436455605506,-652.187965894247,-233.055013903149,1.49011611938477e-08,1.49011611938477e-08,1.91623926926812,1.27825060542973,0.572410926920087,3.38087077121859,4,15
0.837,800,15,586.361136805335,193.188187681723,586.361136805335,14053.7441327116,13666.684104892,14042.6493157204,64.9114548474162,52.4759097784458,52.1831693019685,-486.774624114359,-169.42697547136,1.49011611938477e-08,1.49011611938477e-08,1.82371745304915,1.53953810649341,1.24632542272002,2.64765425570666,4,15
0.838,800,15,636.129845862096,-4448.83692722796,636.129845862096,13760.9594472965,13552.2721715102,14462.6909266712,63.7893754711353,47.6374079714921,51.8919811568173,-373.293474452347,-36.0313621813372,1.49011611938477e-08,1.49011611938477e-08,1.84126130568893,1.78196795025429,1.77882522253469,1.91708565042172,4,15
0.839,800,15,607.555015751759,-263.879051428176,607.555015751759,13340.129062924,13888.7643885036,14516.1188277165,62.967828574287,42.2603539801544,50.5995500256437,-349.306727444934,75.2540330758964,1.49011611938477e-08,1.49011611938477e-08,1.9195150425937,1.98617329065371,2.04871972493404,1.60374714578303,4,15
0.84,800,15,546.139592611075,371.872460874871,546.139592611075,13324.3072726602,14225.8573757086,14121.9412385934,63.3055514432551,38.643936148149,48.6718205446839,-477.286809268847,117.751929802966,1.49011611938477e-08,1.49011611938477e-08,1.95160700823327,1.91533904469645,3.85006050959397,1.56370091760451,4,15
0.841,800,15,506.787083818176,409.46349039929,506.787083818176,13745.9644505952,14127.5865333467,13764.6292857779,64.596100542087,39.248722758872,46.2725121178974,-700.23300668702,12.4654461824356,1.49011611938477e-08,1.49011611938477e-08,1.94129873034892,1.60762576130624,1.40503009852123,1.86813546586041,4,15
0.842,800,15,501.916279027457,410.867754235357,501.916279027457,14083.6336929874,13702.7675391089,13920.586559757,65.4215552657765,43.7645454507898,43.7680263620147,-851.239464482895,-258.082962728381,1.49011611938477e-08,1.49011611938477e-08,1.8335436420266,1.41736853044466,1.49011611938477e-08,2.54581143484085,4,15
0.843,800,15,496.177317876387,412.141829403031,496.177317876387,13937.8125590457,13472.8336052611,14387.2830742804,64.8377578531181,49.1272807468037,41.4192467663966,-809.158215810965,-500.512344327972,1.49011611938477e-08,1.49011611938477e-08,1.80893541478294,1.41002081499859,1.49011611938477e-08,2.58237684671721,4,15
0.844,800,15,458.85726119613,416.016499986618,458.85726119613,13519.7935581794,13734.8056013679,14582.9177103841,63.0302026176504,53.3487755964703,39.4412394834246,-682.597275208186,-575.359378047845,1.49011611938477e-08,1.49011611938477e-08,1.89397330852869,1.4312802597067,1.49011611938477e-08,2.44001991865443,4,15
0.845,800,15,380.44567066277,418.400990772389,380.44567066277,13381.4774497503,14145.6116852063,14275.4066897968,61.5641210111932,55.8497170857455,39.2850580732976,-587.39923773059,-495.81118359262,1.49011611938477e-08,1.49011611938477e-08,1.94545913349425,1.31012611908759,1.49011611938477e-08,4.03345502565564,4,15
0.846,800,15,271.192592819278,421.0351580665,271.192592819278,13720.9025270458,14187.7754274042,13855.1095356918,61.5473077832265,56.7318505543971,41.3410189389604,-546.069838734188,-339.833685683278,1.49011611938477e-08,1.49011611938477e-08,1.94703003156469,1.13257604352046,1.49011611938477e-08,18.7152345726065,4,15
0.847,800,15,259.891140074162,421.312648396103,259.891140074162,14105.2652041068,13811.4709389475,13855.2557532543,62.449545407533,56.277007218351,44.8227326350089,-523.460366319096,-181.67407698626,1.49011611938477e-08,1.49011611938477e-08,1.84733043764227,1.14883425264959,0.655143503663224,3.79854598366162,4,15
0.848,800,15,455.043519086136,416.270262627294,455.043519086136,14080.0010189036,13490.4055086324,14279.5872058326,62.1721488347726,54.7768820971265,48.3069684421074,-455.749063107721,-102.428570000205,1.49011611938477e-08,1.49011611938477e-08,1.7843046516622,1.44395858687169,1.31734399371393,2.73201098013562,4,15
0.849,800,15,655.19782436786,424.366510415438,655.19782436786,13711.5579982582,13645.6724984485,14604.1439717226,58.3896656574252,52.5549838263593,49.9082598334525,-348.697052407635,-85.3402867919986,1.49011611938477e-08,1.49011611938477e-08,1.86234756466535,1.93169478905767,2.08494132077517,2.93849766228604,4,15
0.85,800,15,644.297935705658,419.224430169222,644.297935705658,13492.8702327738,14068.9018879815,14454.908927542,51.1093329945594,50.5167647826772,49.2211311770419,-311.615805848468,-60.686872453424,1.49011611938477e-08,1.49011611938477e-08,1.93896788524944,2.19410372047362,2.72678936043842,3.33852809438267,4,15
0.851,800,15,611.276849911514,279.23311112717,611.276849911514,13726.0592295284,14213.5748985809,14047.1099561092,42.9685066508834,49.5619221485687,47.191232908253,-425.562909102228,14.1559035607253,1.49011611938477e-08,1.49011611938477e-08,1.96073215040663,1.42118619972792,2.03532493414726,2.55902629786393,4,15
0.852,800,15,478.743015535616,414.539928706423,478.743015535616,14108.5591032602,13894.6505172071,13918.0521349745,40.8481541110372,50.2693745031791,46.0711115394435,-681.616917760775,94.9016320976218,1.49011611938477e-08,1.49011611938477e-08,1.88602065830844,0.406055780518087,0.956296561440368,1.37905272924001,4,15
0.853,800,15,249.193830761136,421.54722828434,249.193830761136,14157.1038478398,13497.2742171566,14254.6709199025,46.9043880520709,52.315848639334,46.8343558565554,-901.112241681195,85.590897973344,1.49011611938477e-08,1.49011611938477e-08,1.79074381931886,1.49011611938477e-08,0.152220244191715,1.15451563434835,4,15
0.854,800,15,227.422379871558,422.111949764598,227.422379871558,13802.1906983306,13531.6889403011,14610.977274156,54.834132876212,54.5414463627009,48.1222223855815,-943.352861675812,6.57436998080694,1.49011611938477e-08,1.49011611938477e-08,1.83984436904341,1.49011611938477e-08,1.49011611938477e-08,1.62068606787211,4,15
0.855,800,15,455.961649650261,416.220876550125,455.961649650261,13436.1690127862,13955.773706757,14481.1136277079,62.0239050687029,56.1799758488595,50.3025175311979,-900.17812617242,-76.0821565763278,1.49011611938477e-08,1.49011611938477e-08,1.92479695705513,0.571407676728754,1.49011611938477e-08,2.28134629296773,4,15
0.856,800,15,653.668487404518,423.266036257635,653.668487404518,13567.0371151857,14237.6407681686,14049.4025173687,65.9044120631218,56.7952726230576,51.7927331526445,-800.879980928609,-182.18997655765,1.49011611938477e-08,1.49011611938477e-08,1.95412018969258,0.956615461814547,1.49011611938477e-08,3.17805125416559,4,15
0.857,800,15,635.225375375145,416.641324714167,635.225375375145,13960.8316780062,14051.5406888028,13828.4542013354,65.9502901156015,55.7875324206734,52.031297056115,-633.589736445225,-246.482123217841,1.49011611938477e-08,1.49011611938477e-08,1.91104560495932,1.30396537050782,0.584561094296735,3.60390685912591,4,15
0.858,800,15,588.631002838779,175.115048599764,588.631002838779,14046.1410057547,13647.7915016445,14058.535339328,64.712177841076,52.6691363666274,52.1212049160427,-473.179575277007,-166.755395120998,1.49011611938477e-08,1.49011611938477e-08,1.82095325345883,1.55576728355297,1.27099517641395,2.6822857707081,4,15
0.859,800,15,635.867752333069,416.771078125274,635.867752333069,13735.0210112758,13560.3039685512,14471.4479041747,63.70390569745,47.7405688582679,51.6984380944663,-367.37256735961,-27.7559349997457,1.49011611938477e-08,1.49011611938477e-08,1.8454691596629,1.79249146656854,1.80062206108125,1.90707193297921,4,15
0.86,800,15,606.919203396361,69.8382655436835,606.919203396361,13326.447081979,13911.5797331116,14497.3705002881,62.9764081607596,42.3934464457152,50.2718768055652,-354.743661173753,81.2559821810991,1.49011611938477e-08,1.49011611938477e-08,1.92244155609715,1.98260693429007,2.10950213768353,1.59292184285263,4,15
0.861,800,15,542.881208112587,377.675981700078,542.881208112587,13342.23014446,14231.5340693244,14090.8795600657,63.4063984500361,39.0439345512343,48.2538404410201,-485.238890113837,116.07441047357,1.49011611938477e-08,1.49011611938477e-08,1.95262302049758,1.8893699754549,4.07049468545581,1.56921739440268,4,15
0.862,800,15,513.956602497642,406.429529221972,513.956602497642,13776.5480382941,14108.8276796856,13756.7897442435,64.7302699166038,39.8908895609775,45.8410444598177,-721.819429715915,-2.22874943288335,1.49011611938477e-08,1.49011611938477e-08,1.93754609836718,1.5754525160613,1.24909633899665,1.89342122962948,4,15
0.863,800,15,508.334076140804,408.639620494293,508.334076140804,14090.5664961262,13679.3516992204,13943.1452764226,65.5345119076215,44.495736819533,43.4292493927363,-862.664101418913,-276.194221670837,1.49011611938477e-08,1.49011611938477e-08,1.82845430694923,1.39002909537151,1.49011611938477e-08,2.55837922041641,4,15
0.864,800,15,498.768280118028,411.578853144197,498.768280118028,13915.9247021704,13473.7770416482,14409.3101339644,64.9716776405796,49.8242715717745,41.2171952328803,-813.537765885247,-509.252022032332,1.49011611938477e-08,1.49011611938477e-08,1.81273857674138,1.38029065776113,1.49011611938477e-08,2.5550998612331,4,15
0.865,800,15,454.285976345236,416.234776027809,454.285976345236,13497.7525946943,13758.3888247627,14576.1767712245,63.2852377724255,53.9618043718159,39.5101424055104,-688.848873107628,-571.866382231062,1.49011611938477e-08,1.49011611938477e-08,1.89880011460717,1.39118219147166,1.49011611938477e-08,2.48870404797052,4,15
0.866,800,15,367.24973240834,418.735519920737,367.24973240834,13388.2356560815,14160.3502334897,14248.1737892829,62.0028858666446,56.3762193276459,39.6568650017811,-600.698538203407,-491.761306540538,1.49011611938477e-08,1.49011611938477e-08,1.94686141222004,1.26768933393859,1.49011611938477e-08,4.3613973864196,4,15
0.867,800,15,264.083466901531,421.198678719628,264.083466901531,13746.0614413913,14174.6204328781,13839.8705951134,62.1025366214514,57.1800794535467,41.9326720366911,-556.924239296118,-327.398751213849,1.49011611938477e-08,1.49011611938477e-08,1.94458539163568,1.11041793070206,1.49011611938477e-08,14.9616737407094,4,15
0.868,800,15,257.694263580036,421.375974045193,257.694263580036,14116.4827701736,13785.638970972,13871.1872894655,62.9332598960071,56.6425354017446,45.455868248106,-528.894176411874,-175.208523801111,1.49011611938477e-08,1.49011611938477e-08,1.84057663659701,1.15464748699511,0.67774911627835,3.66126160202473,4,15
0.869,800,15,456.710619783155,416.210060835254,456.710619783155,14063.9006183834,13484.2894488488,14304.6202778138,62.3993386677785,55.0615037317932,48.8844217975394,-453.540126726103,-101.927495033334,1.49011611938477e-08,1.49011611938477e-08,1.78615199457348,1.46918830909338,1.35422394416619,2.73346985314615,4,15
0.87,800,15,655.813194758264,424.821837237595,655.813194758264,13686.833957555,13666.5611951099,14605.8059766764,58.3517493058963,52.7873961011458,50.4349932082039,-346.690096289635,-85.77373724434,1.49011611938477e-08,1.49011611938477e-08,1.86854888578996,1.9605151950882,2.13677187864586,2.96796734432715,4,15
0.871,800,15,643.933557718978,419.101102082351,643.933557718978,13490.5477531768,14088.6326096641,14431.5347065692,50.8540009003399,50.7728798278221,49.6821663785073,-316.065215983638,-61.6902707547074,1.49011611938477e-08,1.49011611938477e-08,1.94174242397968,2.1866954614582,2.75133323879064,3.34664352624141,4,15
0.872,800,15,608.319697617575,191.013348505408,608.319697617575,13744.6696797109,14206.5694889836,14025.0856760933,42.7830009045382,49.9070971579479,47.6665568896877,-443.272907711145,17.2263950840291,1.49011611938477e-08,1.49011611938477e-08,1.96030982581052,1.36761760871525,1.96197816359227,2.51111948979524,4,15
0.873,800,15,466.635033926204,415.528621922339,466.635033926204,14119.4113506761,13869.593594475,13923.2718431312,41.1006183144118,50.731054748128,46.6345693595806,-702.44074371089,92.692416247261,1.49011611938477e-08,1.49011611938477e-08,1.8796567616224,0.371006130056321,0.905431418491678,1.36093629848296,4,15
0.874,800,15,251.972636802824,421.480579584343,251.972636802824,14142.6845214448,13485.7857112721,14278.023009149,47.4046869052801,52.8637168113977,47.4200213727907,-912.129208357877,76.0178573728978,1.49011611938477e-08,1.49011611938477e-08,1.79039645140545,1.49011611938477e-08,1.49011611938477e-08,1.17934525015809,4,15
0.875,800,15,233.832796956048,421.935990351845,233.832796956048,13771.7608476755,13549.8419630923,14618.0490449639,55.2090532769945,55.0992278785055,48.5935044182626,-943.050556520896,-4.9358908683266,1.49011611938477e-08,1.49011611938477e-08,1.84584584093481,0.116815732123349,1.49011611938477e-08,1.67360277869858,4,15
0.876,800,15,497.077289776712,412.338690979968,497.077289776712,13428.0786568587,13982.3542558427,14463.1582542227,62.1997880349221,56.730815908472,50.6041820727686,-898.080978319781,-83.6926566975008,1.49011611938477e-08,1.49011611938477e-08,1.927855168721,0.599582190392417,1.49011611938477e-08,2.35432537987921,4,15
0.877,800,15,654.836895319049,-12424.6763376954,654.836895319049,13586.0841070037,14242.3903064506,14030.0701972471,65.748213066205,57.2821474224954,51.8622809600217,-789.234198249717,-189.731882725398,1.49011611938477e-08,1.49011611938477e-08,1.95435682144488,0.974847842874567,1.49011611938477e-08,3.21203800916696,4,15
0.878,800,15,631.291811204946,-3354.20635122175,631.291811204946,13977.8127232702,14029.8004069905,13832.1480753627,65.5745359515532,56.1600910825418,52.0119595065799,-618.788222086488,-240.652614910024,1.49011611938477e-08,1.49011611938477e-08,1.90521197471818,1.31152687409375,0.627664270240554,3.48983367313131,4,15
0.879,800,15,590.898695158944,156.300823168492,590.898695158944,14035.5873782816,13630.728376019,14083.242976545,64.3577818349009,52.9616041429106,52.2011877472806,-463.9343058449,-148.583504500278,1.49011611938477e-08,1.49011611938477e-08,1.81849289346069,1.55073876124448,1.31510542648065,2.51558970696439,4,15
0.88,800,15,635.225113982205,416.561814916736,635.225113982205,13705.7473090743,13571.6488232847,14487.4340958995,63.3674676669403,47.9567305489536,51.745414709376,-363.484079857485,-9.54097896575704,1.49011611938477e-08,1.49011611938477e-08,1.8501593044789,1.78172829593876,1.79931540073605,1.79819366649311,4,15
0.881,800,15,605.718319535619,125.140492216519,605.718319535619,13309.2908054366,13937.5987005322,14485.2696366371,62.6603537958952,42.6322827623015,50.2814068300742,-356.507605200895,91.2653486769128,1.49011611938477e-08,1.49011611938477e-08,1.92543766092393,1.95788490386629,2.09615720952783,1.51573973583649,4,15
0.882,800,15,546.306291358688,371.445975662371,546.306291358688,13354.7768664763,14240.0402508327,14066.0142057881,63.0771511973892,39.3752846639088,48.2097926815331,-497.754000008551,120.022985704283,1.49011611938477e-08,1.49011611938477e-08,1.95372972620828,1.85454281349246,4.14828915062198,1.51712716812898,4,15
0.883,800,15,513.067370345612,407.123413256613,513.067370345612,13796.5739338469,14087.3960980922,13752.8850391561,64.3056542643816,40.4498336678336,45.7920239007703,-732.99462960061,-17.0283370364292,1.49011611938477e-08,1.49011611938477e-08,1.93357393729053,1.55788583529723,1.20435242341089,1.88048731844167,4,15
0.884,800,15,496.466257362094,412.114615822123,496.466257362094,14088.0814790475,13655.4954005266,13967.0694723255,64.9741650999335,45.1708606873709,43.4688320485071,-860.328683594082,-300.750659366671,1.49011611938477e-08,1.49011611938477e-08,1.82362026002053,1.39506287560084,1.49011611938477e-08,2.54774501705724,4,15
0.885,800,15,479.359629857792,414.567314083402,479.359629857792,13889.1327545412,13477.1524772008,14430.8827901259,64.2813342423862,50.4695897795092,41.3638576724949,-800.53716839475,-526.608440350247,1.49011611938477e-08,1.49011611938477e-08,1.81652230543659,1.40026369190065,1.49011611938477e-08,2.48288173732836,4,15
0.886,800,15,435.013580987817,416.956927403108,435.013580987817,13473.9383753664,13782.8820612195,14568.8154045466,62.5193033451713,54.5243902198662,39.6830676292091,-680.831416068984,-580.062624633785,1.49011611938477e-08,1.49011611938477e-08,1.90312105416045,1.41387898890172,1.49011611938477e-08,2.45078558083162,4,15
0.887,800,15,350.277528361722,419.129760121496,350.277528361722,13393.4748410125,14173.8873042938,14219.826875567,61.2524449801835,56.8454759915712,39.795053698519,-588.874393461336,-492.221252201137,1.49011611938477e-08,1.49011611938477e-08,1.94811206898865,1.28704201428697,1.49011611938477e-08,4.42699994781777,4,15
0.888,800,15,250.184195001737,421.532127921045,250.184195001737,13767.618470393,14159.9705547616,13824.4884187583,61.3806519676198,57.5619087401322,41.9826524068852,-545.310212813289,-326.420956678946,1.49011611938477e-08,1.49011611938477e-08,1.94152893485602,1.13204726212299,1.49011611938477e-08,14.2616253527372,4,15
0.889,800,15,256.703165783214,421.404912605601,256.703165783214,14122.1897430805,13760.476981222,13885.7214826894,62.1619141054463,56.9570880870117,45.4392178562625,-513.716077615155,-177.226414294758,1.49011611938477e-08,1.49011611938477e-08,1.83360675038937,1.18422297339248,0.728714686475983,3.61462491518309,4,15
0.89,800,15,472.655541377394,415.261236223032,472.655541377394,14045.0387866134,13481.2654635201,14328.7047009106,61.395631263213,55.3112379078649,48.7437867796917,-432.686623313855,-107.21216607198,1.49011611938477e-08,1.49011611938477e-08,1.78791764509028,1.50969433524845,1.41257582741065,2.74355216072978,4,15
0.891,800,15,654.294725603342,423.830315286495,654.294725603342,13664.085589175,13688.9146198368,14607.6913874796,56.9551105929844,53.0125712074606,50.0920093257489,-330.919219440535,-91.3297862145468,1.49011611938477e-08,1.49011611938477e-08,1.87390772181109,2.00153592735051,2.20205538450605,2.99849865668712,4,15
0.892,800,15,641.870935154066,418.439433469793,641.870935154066,13491.5044395532,14106.5323868671,14407.0797912549,49.170003013942,51.0163519981267,49.2628002474777,-306.645361784475,-62.1084364187516,1.49011611938477e-08,1.49011611938477e-08,1.94395896020122,2.17655764952517,2.81024480018056,3.32101353895504,4,15
0.893,800,15,602.991662250811,71.9049614995861,602.991662250811,13766.1043677909,14197.3114682155,14002.3890378379,41.2310435676871,50.2251087099792,47.3502258351472,-449.383307695498,19.7929084587454,1.49011611938477e-08,1.49011611938477e-08,1.95880594479522,1.28160009729234,1.91986514309309,2.39016222330314,4,15
0.894,800,15,449.441799876976,416.405012683172,449.441799876976,14131.7673831487,13842.4446610993,13928.5104663937,40.3586239730191,51.1514346980112,46.5520107016302,-715.161257165107,87.8828668086106,1.49011611938477e-08,1.49011611938477e-08,1.87168133468674,0.272425670064123,0.857252464095446,1.31359057714654,4,15
0.895,800,15,231.766593063584,421.985785623769,231.766593063584,14130.2542085368,13473.5472793023,14299.046466012,47.2400941469081,53.3189576644131,47.4466612015456,-915.182877932925,60.5252819312326,1.49011611938477e-08,1.49011611938477e-08,1.78888624654573,1.49011611938477e-08,1.49011611938477e-08,1.2296226559475,4,15
0.896,800,15,239.806004246343,421.793271048352,239.806004246343,13744.0317195937,13567.6363472945,14616.048705775,55.1952497002456,55.5549025556635,48.5920273747781,-937.085178729837,-19.9483794702006,1.49011611938477e-08,1.49011611938477e-08,1.85112593884811,0.16615244535743,1.49011611938477e-08,1.78637810974143,4,15
0.897,800,15,505.045003147388,410.474238190055,505.045003147388,13424.2744231074,14005.4805650041,14438.522119232,62.1836693306388,57.1585372757234,50.5879909017597,-885.339670985075,-104.836831722515,1.49011611938477e-08,1.49011611938477e-08,1.9304818309287,0.629152785717244,1.49011611938477e-08,2.53339759804616,4,15
0.898,800,15,653.587226049177,-11574.483883656,653.587226049177,13608.3601835224,14241.3506163986,14003.7568333186,65.5963791138822,57.6624331331097,51.7683575281475,-771.088138257478,-209.691819230736,1.49011611938477e-08,1.49011611938477e-08,1.95421443007583,1.00546689993693,1.49011611938477e-08,3.45345375836291,4,15
0.899,800,15,629.611075057168,-3037.23504234459,629.611075057168,13993.940888119,14007.5378709883,13832.5293791706,65.4110705473412,56.4725584773913,51.8649187635817,-599.586060926153,-248.391312665293,1.49011611938477e-08,1.49011611938477e-08,1.89976566967597,1.33753059250999,0.64546388007516,3.64051555220679,4,15
0.9,800,15,593.173524872478,136.3938601009,593.173524872478,14024.0026952402,13614.5670839537,14100.436062495,64.328700255502,53.1367468775169,52.0115972849001,-451.03377990608,-142.323645843655,1.49011611938477e-08,1.49011611938477e-08,1.81683767241556,1.56809542901228,1.34206116409326,2.50984866351877,4,15
0.901,800,15,636.385430045229,-4476.86494537158,636.385430045229,13679.0834718519,13583.6533525388,14493.659579835,63.4174600796714,48.0873247549104,51.4412128572244,-360.560723422052,-6.47747373023435,1.49011611938477e-08,1.49011611938477e-08,1.85481686480706,1.79643493280795,1.81126673951088,1.77618163211192,4,15
0.902,800,15,608.179576910869,-212.639565180159,608.179576910869,13298.9200284969,13960.4059625388,14463.7843164509,62.7823376775738,42.8478003460419,49.8800889661064,-361.354439079874,97.4270123048475,1.49011611938477e-08,1.49011611938477e-08,1.92803724984568,1.96138348810005,2.1511722401067,1.50222881070849,4,15
0.903,800,15,541.5045907283,380.907809948984,541.5045907283,13376.0598022904,14244.0096512148,14036.4629869827,63.2844700813341,39.9156300280199,47.7727244845649,-515.716536395044,116.792473096894,1.49011611938477e-08,1.49011611938477e-08,1.95467488706236,1.83651418036843,4.29234709652973,1.52307246898103,4,15
0.904,800,15,507.754784023363,408.917550410461,507.754784023363,13826.2497825825,14067.6181824394,13749.0553095476,64.5593844492893,41.2815432579283,45.3974781641434,-753.761651755782,-31.7252958957454,1.49011611938477e-08,1.49011611938477e-08,1.92910979798765,1.53095263805835,1.06821880720709,1.90561263155426,4,15
0.905,800,15,493.281566808143,412.722096744065,493.281566808143,14092.017139017,13634.8919357671,13991.4688194701,65.2306133572237,46.1365245170311,43.2121106265777,-871.402608255653,-316.662757314132,1.49011611938477e-08,1.49011611938477e-08,1.81955253252819,1.36927329364443,1.49011611938477e-08,2.55295833502521,4,15
0.906,800,15,480.705024644886,414.4273944868,480.705024644886,13866.0524844899,13482.5447538827,14451.0288483839,64.5727648828635,51.4266729817862,41.2511218677389,-811.635634416044,-525.809633514617,1.49011611938477e-08,1.49011611938477e-08,1.82101450323352,1.36947205524137,1.49011611938477e-08,2.46586929632647,4,15
0.907,800,15,436.53841088254,416.90742183901,436.53841088254,13455.0152896416,13808.1621058053,14558.9441453757,62.9463797445225,55.418262624587,39.8430294438731,-687.997566051841,-575.102159805708,1.49011611938477e-08,1.49011611938477e-08,1.90750106679292,1.3710337253697,1.49011611938477e-08,2.5187203396668,4,15
0.908,800,15,349.038819825451,419.173519370874,349.038819825451,13403.9582918995,14187.1085357208,14192.4730403179,61.8677759937694,57.664523789753,40.2487498298511,-598.836344128375,-480.593469081366,1.49011611938477e-08,1.49011611938477e-08,1.94929308094598,1.24376684740561,1.49011611938477e-08,4.84580988097786,4,15
0.909,800,15,244.520085218823,421.667420157082,244.520085218823,13793.3132800439,14145.0806335055,13812.6644589317,62.0853665371386,58.3051675970049,42.636368795143,-554.677718188854,-314.072397176167,1.49011611938477e-08,1.49011611938477e-08,1.9382525599287,1.11169839701188,1.49011611938477e-08,11.6040918783243,4,15
0.91,800,15,264.277822404358,421.218283818739,264.277822404358,14130.8856709354,13736.6409701444,13904.5560286507,62.7537417141231,57.6182249114977,46.1255639611342,-516.282158979159,-170.82775528818,1.49011611938477e-08,1.49011611938477e-08,1.82744741758771,1.19330218753756,0.757154262225853,3.49463390888701,4,15
0.911,800,15,483.067014300357,414.349387577123,483.067014300357,14026.2564817728,13479.3944249316,14352.4849573928,61.6963658879282,55.907332501535,49.35982351358,-433.55095262955,-107.907080827087,1.49011611938477e-08,1.49011611938477e-08,1.79077466702331,1.53990323797629,1.45889655765884,2.74666783926897,4,15
0.912,800,15,654.627239033737,424.071440824895,654.627239033737,13640.8389587374,13711.849219605,14606.1475002131,56.9972264911588,53.5955839770515,50.6496036851777,-327.782638456846,-91.0365971867639,1.49011611938477e-08,1.49011611938477e-08,1.87986760833331,2.03534608134095,2.26809916694276,3.02424999636413,4,15
0.913,800,15,641.171934861173,418.231998090736,641.171934861173,13492.768711065,14124.0303609243,14382.8074637968,48.9964576512319,51.6558995067493,49.7479756727244,-313.231106545863,-59.2830553494993,1.49011611938477e-08,1.49011611938477e-08,1.94641800417673,2.16854255187693,2.84481777368275,3.31180114430174,4,15
0.914,800,15,598.383895677499,82.9657632668275,598.383895677499,13785.9840293362,14186.0809046283,13982.4237926676,41.1927317157979,50.974608936745,47.8743548701748,-469.351810733542,23.5192522003062,1.49011611938477e-08,1.49011611938477e-08,1.95763458241183,1.22943296191653,1.84321877305285,2.33709223297229,4,15
0.915,800,15,435.759470172014,416.909605960525,435.759470172014,14140.350925129,13815.3437072263,13937.2248927394,40.7893980122803,52.0350486510756,47.16269394238,-739.044067549563,84.5064033477131,1.49011611938477e-08,1.49011611938477e-08,1.86514768499228,0.226196883413842,0.795870985952812,1.30235374693366,4,15
0.916,800,15,224.499445614544,422.137500554338,224.499445614544,14113.4801246159,13463.2977440261,14322.5578006001,47.9120200726221,54.3093750150792,48.048856051394,-924.921625172381,52.6662439737805,1.49011611938477e-08,1.49011611938477e-08,1.78947299737559,1.49011611938477e-08,1.49011611938477e-08,1.26399898799578,4,15
0.917,800,15,255.735950666635,421.433561097987,255.735950666635,13713.9235306967,13586.0553999509,14618.7558781379,55.79748155937,56.5558309416956,49.0846714670287,-942.808929309822,-33.5080941090587,1.49011611938477e-08,1.49011611938477e-08,1.85706115404424,0.204965105879524,1.49011611938477e-08,1.85466795361261,4,15
0.918,800,15,541.287033945385,383.758006107517,541.287033945385,13419.6324969442,14028.5044124015,14417.4851551864,62.5915573919154,58.1428998937713,50.9123338657804,-885.332872797633,-119.597373209936,1.49011611938477e-08,1.49011611938477e-08,1.93311822011923,0.647360279450592,1.49011611938477e-08,2.62940315417333,4,15
0.919,800,15,652.941888422796,423.095983917813,652.941888422796,13629.0885290115,14239.8126893172,13983.7776671019,65.7082446145375,58.5561197711946,51.9094972448284,-764.670483567219,-219.66291155077,1.49011611938477e-08,1.49011611938477e-08,1.95389074221569,1.01621007957601,1.49011611938477e-08,3.51699782013732,4,15
0.92,800,15,625.602855901001,409.636709039386,625.602855901001,14009.3329600393,13982.8145787207,13837.9368144563,65.3334995750314,57.2246792330941,51.9534550805804,-588.94870791573,-245.869734354734,1.49011611938477e-08,1.49011611938477e-08,1.89340000519353,1.34138273690858,0.674608186897321,3.56075591364838,4,15
0.921,800,15,607.64401647158,-11.1999540583375,607.64401647158,14015.3788813284,13598.1011399022,14129.1791798025,64.2481761017756,53.7677867583545,52.1501743138086,-448.967741625044,-137.872228703444,1.49011611938477e-08,1.49011611938477e-08,1.81489283436459,1.56679532067692,1.37506587432534,2.40022671830298,4,15
0.922,800,15,632.6832872113,415.72022004996,632.6832872113,13655.7122690767,13595.8339734928,14511.2115290647,63.2585911899761,48.6314397815695,51.3812486404305,-352.938059735787,3.740175650889,1.49011611938477e-08,1.49011611938477e-08,1.85919865086305,1.80418385468527,1.81343945968414,1.72703380248309,4,15
0.923,800,15,596.041532045567,104.465256404474,596.041532045567,13291.4136860046,13984.3036406732,14454.1528756021,62.6608532450814,43.3945135180518,49.7013991871709,-360.826668934162,106.324000751882,1.49011611938477e-08,1.49011611938477e-08,1.93032234259646,1.9612195659513,2.17598011223721,1.47225374455748,4,15
0.924,800,15,537.666767121014,386.691355149671,537.666767121014,13397.5868797768,14247.1677581223,14017.578928065,63.2646846746442,40.4951539575742,47.4933614971412,-523.944265044088,121.53682980817,1.49011611938477e-08,1.49011611938477e-08,1.95533653700058,1.81305425266397,4.26619658197415,1.50079400967197,4,15
0.925,800,15,512.665517117513,406.993408618999,512.665517117513,13850.2150208419,14043.2817459769,13754.6632503684,64.6197755264182,41.9541896536427,44.9900341746064,-752.57955571121,-23.5078183693284,1.49011611938477e-08,1.49011611938477e-08,1.92363866765255,1.50024183558704,1.02220371583173,1.89802803882249,4,15
0.926,800,15,503.564379365048,410.410667640752,503.564379365048,14090.8972546968,13612.2066051936,14022.6114512029,65.3469703602792,46.75419060217,42.5979486835682,-872.617095164117,-306.111243475178,1.49011611938477e-08,1.49011611938477e-08,1.81487265944224,1.33841081318131,1.49011611938477e-08,2.56800639123521,4,15
0.927,800,15,491.356800120533,413.019076725599,491.356800120533,13843.8384776349,13488.7928936932,14476.83555042,64.7045523967099,51.9097754753762,40.4016622251883,-808.204035672856,-519.175793349701,1.49011611938477e-08,1.49011611938477e-08,1.82491000714644,1.3342394559645,1.49011611938477e-08,2.52293612108552,4,15
0.928,800,15,447.564014140461,416.516092163067,447.564014140461,13440.2212713114,13832.7101136228,14557.4415851071,63.0881308016864,55.7499105474848,38.772212631356,-685.039000406007,-558.805430198443,1.49011611938477e-08,1.49011611938477e-08,1.91125816120991,1.32156953556996,1.49011611938477e-08,2.65059525757882,4,15
0.929,800,15,357.053182435997,418.965678807802,357.053182435997,13418.2354902878,14197.2044092049,14175.5283015834,62.0670529809171,57.8583210257125,39.1399121714845,-598.582137957281,-457.483223296433,1.49011611938477e-08,1.49011611938477e-08,1.95049995728216,1.18224613516445,1.49011611938477e-08,5.65818876039137,4,15
0.93,800,15,259.36984145887,421.323629544601,259.36984145887,13817.7575068773,14127.0365932974,13813.3246371968,62.3739852106392,58.3618543788501,41.6581641954,-559.056838333553,-295.689749354771,1.49011611938477e-08,1.49011611938477e-08,1.93473869526614,1.05838286069389,1.49011611938477e-08,8.30628463681837,4,15
0.931,800,15,280.93678213943,420.82541413203,280.93678213943,14134.9870953234,13711.3744562045,13934.2961822929,63.1162074186061,57.542916916872,45.3580948605805,-523.621666487297,-149.845833666723,1.49011611938477e-08,1.49011611938477e-08,1.82186006245742,1.15643294319858,0.79366787163239,3.02108390461227,4,15
0.932,800,15,508.851950414366,409.101949228902,508.851950414366,14007.2121310099,13478.920606961,14388.2517617447,62.0010200930331,55.6870828445676,48.6821400418586,-436.020076537185,-84.5218335250407,1.49011611938477e-08,1.49011611938477e-08,1.79420550390897,1.51053021864117,1.50142871493875,2.46418169590638,4,15
0.933,800,15,652.581678293811,422.887221691399,652.581678293811,13621.3723992332,13735.3961599267,14618.8638116813,57.1352875872345,53.2658464530072,49.8760099563647,-331.222101304703,-68.2357139737126,1.49011611938477e-08,1.49011611938477e-08,1.88531976399218,1.99012388322242,2.30545015565056,2.71936886851915,4,15
0.934,800,15,640.233186194542,417.962921514891,640.233186194542,13498.3233509143,14139.5018789928,14370.9099612131,49.1332237509856,51.2536433603176,48.9373026550058,-325.19288093928,-32.6437637510806,1.49011611938477e-08,1.49011611938477e-08,1.94843568322465,2.06270447342268,2.86453589586049,2.8828585499884,4,15
0.935,800,15,593.761587906214,123.960240738753,593.761587906214,13809.3421084528,14174.586175386,13977.5897752653,41.7130239753412,50.5430519243781,47.1518964790052,-479.826322681831,47.0581586268729,1.49011611938477e-08,1.49011611938477e-08,1.95570050898579,1.13390082906437,1.82128056648651,1.98511504394445,4,15
0.936,800,15,425.64018272609,417.213077031302,425.64018272609,14151.0427522178,13789.7080859405,13960.8010256441,41.8462838866857,51.5867403900956,46.6178856988656,-748.813845885932,104.81553337728,1.49011611938477e-08,1.49011611938477e-08,1.85821969359398,0.147270163248744,0.787229443180376,1.15325136042442,4,15
0.937,800,15,232.300100135465,421.951043057483,232.300100135465,14099.2033853495,13455.902331348,14357.759139059,48.9268642500522,53.7791137897445,47.5796088652564,-935.151589784328,65.4026191564472,1.49011611938477e-08,1.49011611938477e-08,1.79015383916717,1.49011611938477e-08,1.49011611938477e-08,1.19797286924047,4,15
0.938,800,15,278.430055906268,420.890824640546,278.430055906268,13680.4861473949,13608.2285359814,14621.4820258526,56.6248183590976,55.9625176149972,48.7093457839923,-944.746787985701,-19.9885045602254,1.49011611938477e-08,1.49011611938477e-08,1.86344126638332,0.213530210717616,1.49011611938477e-08,1.76053119364355,4,15
0.939,800,15,558.908177729797,343.574985028729,558.908177729797,13413.8665325226,14052.1706543927,14400.4081088112,63.1163382448094,57.4889755319662,50.5615938893262,-885.435729135677,-106.127905898032,1.49011611938477e-08,1.49011611938477e-08,1.93569537436498,0.646869819951089,1.49011611938477e-08,2.46474890264318,4,15
0.94,800,15,651.502827168394,422.298146777547,651.502827168394,13647.5895824863,14238.0956729513,13970.8116027979,65.8666741004823,57.8479464386681,51.4724427022887,-763.011229825376,-204.633000775768,1.49011611938477e-08,1.49011611938477e-08,1.95358499810974,1.00720999941422,1.49011611938477e-08,3.22753972220732,4,15
0.941,800,15,622.376514591577,401.71691711289,622.376514591577,14017.6854297929,13960.5459535737,13852.0551776702,65.3145473993872,56.4564386179041,51.5049898286195,-598.110112958164,-225.97524317497,1.49011611938477e-08,1.49011611938477e-08,1.88866202017556,1.31879657931352,0.741879997428388,3.19752403392818,4,15
0.942,800,15,606.209402008079,5.21606241670116,606.209402008079,13999.3365826254,13585.7515658499,14158.2049620335,64.1973918425622,52.8943142171556,51.8539544022881,-453.710870076319,-112.651757794802,1.49011611938477e-08,1.49011611938477e-08,1.81510701138233,1.53833807539289,1.42633051338627,2.18811870233351,4,15
0.943,800,15,634.724326989135,-4070.69514415333,634.724326989135,13625.3116607867,13612.1260601093,14524.1511784957,63.126267847453,47.7209732582683,51.2645924477386,-360.819556819932,24.8704002162808,1.49011611938477e-08,1.49011611938477e-08,1.8648846010791,1.77545258140486,1.81402552566176,1.61325275338413,4,15
0.944,800,15,601.532341075044,34.3952628416851,601.532341075044,13278.7636966271,14007.3948702472,14436.9993973737,62.4831491192868,42.5765185195973,49.7508510878416,-377.236066747444,120.703606198133,1.49011611938477e-08,1.49011611938477e-08,1.9330143560182,1.92102273141499,2.20447261525829,1.40488527454652,4,15
0.945,800,15,539.808587979195,382.99648338915,539.808587979195,13415.0937472739,14249.6802106497,13993.3882850604,63.0987978766088,40.0345607110025,47.6676937363267,-551.169630036687,124.162771500021,1.49011611938477e-08,1.49011611938477e-08,1.95642412547543,1.76225833866465,4.20578097694337,1.46561538436297,4,15
0.946,800,15,500.738523815939,411.206500366922,500.738523815939,13874.1615838716,14023.1976076366,13756.4570626746,64.4104864980323,41.8865020968968,45.2620884321843,-778.076187024338,-36.0062593281666,1.49011611938477e-08,1.49011611938477e-08,1.91904139847008,1.46629018693258,0.922818555080524,1.88982091441392,4,15
0.947,800,15,495.384335595493,412.328269070265,495.384335595493,14090.1468081574,13595.6961410173,14050.0268414754,64.957668385319,46.9746989336362,42.9964206521654,-880.420388718252,-325.532890807741,1.49011611938477e-08,1.49011611938477e-08,1.81214703667995,1.33191721146981,1.49011611938477e-08,2.55152172680562,4,15
0.948,800,15,480.53660418195,414.443679890238,480.53660418195,13819.3198541911,13500.0255070633,14495.8186864133,64.0874793121738,52.2170225549591,40.8812360154832,-802.602882098432,-531.242860761701,1.49011611938477e-08,1.49011611938477e-08,1.83010660138537,1.34450978337293,1.49011611938477e-08,2.4764248565711,4,15
0.949,800,15,432.543026482383,417.033232948003,432.543026482383,13424.1137095363,13860.4616961002,14544.1254813406,62.345457156618,56.0539826773707,39.4648571628637,-677.827785154289,-558.773937113859,1.49011611938477e-08,1.49011611938477e-08,1.91521556323976,1.33209896170385,1.49011611938477e-08,2.6805990065211,4,15
0.95,800,15,345.29952833592,419.248160543293,345.29952833592,13432.1017386936,14209.4901005832,14146.2418762315,61.3480713113515,58.1386284345865,40.0575092095804,-593.924273112834,-449.32191607264,1.49011611938477e-08,1.49011611938477e-08,1.95143576513695,1.1885559863432,1.49011611938477e-08,6.04179660235617,4,15
0.951,800,15,237.787990714747,421.826592478019,237.787990714747,13844.5587814006,14111.9015946711,13802.3978542512,61.6808798054923,58.6315360619917,42.631356002039,-555.653025938449,-286.395695681363,1.49011611938477e-08,1.49011611938477e-08,1.93049544306859,1.06765600948355,1.49011611938477e-08,7.75907042052281,4,15
0.952,800,15,278.157980843602,420.886008645918,278.157980843602,14142.7679695553,13691.1502931986,13952.8871259403,62.3215469451792,57.8312402753911,46.2360599239243,-516.328818922839,-146.150387563795,1.49011611938477e-08,1.49011611938477e-08,1.81611232046251,1.17585162708859,0.842023394723626,3.02988229368217,4,15
0.953,800,15,515.455640086361,406.575520645585,515.455640086361,13988.5062982049,13482.9884348523,14407.4739131009,60.9786518007948,56.0389163613595,49.4046418358127,-425.209842519713,-86.7727587103236,1.49011611938477e-08,1.49011611938477e-08,1.79761868851664,1.53959261895684,1.56042072105431,2.52519760640832,4,15
0.954,800,15,653.59667164312,423.437290638512,653.59667164312,13602.4415510152,13761.4400103472,14610.4790765133,55.936794909766,53.7506450199475,50.5150861901317,-325.734968358198,-71.447847516046,1.49011611938477e-08,1.49011611938477e-08,1.89071437696647,2.0110104748172,2.38300433902591,2.79529289952652,4,15
0.955,800,15,639.086144363945,417.648710968674,639.086144363945,13505.4610064312,14156.4731671052,14341.6075749021,47.7982098933563,51.9169243422329,49.5326125320076,-331.517776163403,-33.9302841157698,1.49011611938477e-08,1.49011611938477e-08,1.95051979190908,2.02530225276789,2.87358474341218,2.91925892481574,4,15
0.956,800,15,589.99621922431,157.973892529627,589.99621922431,13832.5733213798,14162.0062758697,13955.3849130397,40.7037408847382,51.3955308528703,47.8740817249064,-498.292268112731,44.1237127941147,1.49011611938477e-08,1.49011611938477e-08,1.95346370912482,1.06034866640734,1.7220612762422,1.96882737763264,4,15
0.957,800,15,411.41310304911,417.60929908216,411.41310304911,14159.5434308768,13763.5337123259,13967.8554014787,41.5395491267207,52.607618074998,47.4758322217931,-768.493816160415,92.0330945446382,1.49011611938477e-08,1.49011611938477e-08,1.85122646630213,1.49011611938477e-08,0.712005059193602,1.17648620999158,4,15
0.958,800,15,211.126498102652,422.457386168291,211.126498102652,14082.5662639753,13450.0540069023,14375.7667191765,49.0418107575878,54.91857891068,48.4193293488093,-942.826284190226,43.4554574943283,1.49011611938477e-08,1.49011611938477e-08,1.7911923935182,1.49011611938477e-08,1.49011611938477e-08,1.28682158203351,4,15
0.959,800,15,284.557148877096,420.744159850921,284.557148877096,13654.4264171416,13629.3002481991,14616.1945863811,56.8030749786963,57.1020999985218,49.4313612261464,-942.832651058884,-44.7369872493665,1.49011611938477e-08,1.49011611938477e-08,1.86879467500783,0.267000414872409,1.49011611938477e-08,1.91956315959995,4,15
0.96,800,15,574.247712259204,274.367870742811,574.247712259204,13415.2687727483,14073.1095568882,14372.0073861832,63.2269355159226,58.5790982583811,51.1599367159567,-876.786893117792,-133.503409493006,1.49011611938477e-08,1.49011611938477e-08,1.93788618907934,0.684830558253874,1.49011611938477e-08,2.71480632167079,4,15
0.961,800,15,649.797309923282,421.90367306394,649.797309923282,13672.5227981199,14232.9862391036,13945.6854210996,65.8073350654373,58.806361032578,51.9651590948109,-755.642719467305,-224.39673847028,1.49011611938477e-08,1.49011611938477e-08,1.95255791016089,1.04381417024414,1.49011611938477e-08,3.53323057165927,4,15
0.962,800,15,619.649574330565,387.135983907024,619.649574330565,14033.6022624912,13935.8588092729,13854.1484709918,65.173466088742,57.2409776786146,51.9609099228779,-578.957702585482,-237.580149351292,1.49011611938477e-08,1.49011611938477e-08,1.88175597914354,1.35484099389652,0.7547891023637,3.38024074695874,4,15
0.963,800,15,613.878009396124,-84.7809699777878,613.878009396124,13987.4825335014,13572.2028066356,14180.4330144872,64.1451777724731,53.5286686826355,52.2338326154298,-438.980243068912,-113.650749702259,1.49011611938477e-08,1.49011611938477e-08,1.81391439211176,1.56986734794531,1.4498443322185,2.23355541384416,4,15
0.964,800,15,633.041027890703,-3688.33353867095,633.041027890703,13598.3479055776,13626.8660648352,14529.3551218577,63.1460525548181,48.2608175919688,51.4102451485711,-352.584363746374,24.4389622470042,1.49011611938477e-08,1.49011611938477e-08,1.86936149485477,1.80349368709824,1.83403664767687,1.63958484144025,4,15
0.965,800,15,595.944071759733,106.964446607167,595.944071759733,13270.5850861397,14029.4919815214,14414.8322525385,62.59008198575,43.1073454406245,49.7107353556161,-378.662717036226,117.16887538361,1.49011611938477e-08,1.49011611938477e-08,1.93493250804394,1.93615365127584,2.28592388490419,1.43006505665813,4,15
0.966,800,15,542.450897448514,378.34673794703,542.450897448514,13435.4546146245,14247.84160033,13965.818837663,63.2354656771104,40.5675621040217,47.4934663885543,-547.431071850373,115.377157646595,1.49011611938477e-08,1.49011611938477e-08,1.95678896658732,1.76430796409103,3.99497675083464,1.50205452490585,4,15
0.967,800,15,506.737266138225,409.255491785868,506.737266138225,13894.060470625,13996.1474424664,13757.1514657267,64.4960381621513,42.4726653446474,45.0378590931344,-782.123605668286,-61.6333199031729,1.49011611938477e-08,1.49011611938477e-08,1.91274140375354,1.47201670717061,0.859357671631047,1.9565693560419,4,15
0.968,800,15,498.282497580958,411.720251768035,498.282497580958,14082.2590364443,13573.7113228206,14073.9271806279,64.9967574704693,47.4366679436372,42.7739373048795,-872.908576586135,-350.904406177598,1.49011611938477e-08,1.49011611938477e-08,1.80842864866799,1.34396559215319,1.49011611938477e-08,2.57742265204883,4,15
0.969,800,15,474.858553258841,414.979161167044,474.858553258841,13791.4155461323,13507.7097873692,14509.6961324206,64.1246804846528,52.5026429724011,40.6874104076558,-790.320135506632,-544.624263442003,1.49011611938477e-08,1.49011611938477e-08,1.83454200482465,1.35818494331795,1.49011611938477e-08,2.43291151381307,4,15
0.97,800,15,421.504117822494,417.356033061177,421.504117822494,13406.4452917818,13883.249601806,14528.9923149887,62.4490871548971,56.1612986265373,39.2542183695381,-668.439085196243,-562.191406576199,1.49011611938477e-08,1.49011611938477e-08,1.91855593142016,1.34122199350517,1.49011611938477e-08,2.67260661352157,4,15
0.971,800,15,324.456232014831,419.75450261737,324.456232014831,13444.3991592594,14215.0215599983,14117.9794008468,61.5550694642561,58.0883581209056,39.8300779204949,-590.582582680741,-455.649751240852,1.49011611938477e-08,1.49011611938477e-08,1.95233745816937,1.19768157718957,1.49011611938477e-08,6.28637136781195,4,15
0.972,800,15,242.40149352174,421.729299331894,242.40149352174,13864.7659948297,14089.9792446222,13794.4492199155,61.954931502138,58.4306712269145,42.4098091356338,-549.938126587214,-284.753429188738,1.49011611938477e-08,1.49011611938477e-08,1.92575128694291,1.08859399512473,1.49011611938477e-08,7.39182907084717,4,15
0.973,800,15,286.297092799975,420.691115445174,286.297092799975,14141.7548317777,13665.8905978527,13973.0218067039,62.548640201102,57.4850515491707,46.0339507127211,-506.94075570308,-148.303111847433,1.49011611938477e-08,1.49011611938477e-08,1.81047815848519,1.21166095750917,0.876087257815158,3.00037651161126,4,15
0.974,800,15,525.893199695286,400.349350150466,525.893199695286,13966.0868808117,13484.5181480303,14429.8459044423,60.9550196596229,55.5310481606394,49.1313017468336,-410.407239141021,-91.4561050174254,1.49011611938477e-08,1.49011611938477e-08,1.8011707605563,1.58939627471796,1.59766432955355,2.54827038604252,4,15
0.975,800,15,652.586096585175,-10954.7792323625,652.586096585175,13582.7673659489,13784.6377183975,14607.3565445471,55.5674608414228,53.1216018679206,50.0896690945076,-312.910258246176,-75.5325304428651,1.49011611938477e-08,1.49011611938477e-08,1.89551955650893,2.06227189028143,2.41209849337657,2.84657360225001,4,15
0.976,800,15,637.381048987869,-4743.55069082012,637.381048987869,13511.9665718374,14168.1874061623,14316.7966568892,47.212986054701,51.2346474047899,49.0114187014786,-324.174151563114,-37.2236626097558,1.49011611938477e-08,1.49011611938477e-08,1.95217967357342,2.02487075409414,2.86094099581347,2.9331670582592,4,15
0.977,800,15,581.307556852927,224.206860680828,581.307556852927,13853.8886264846,14147.3542705308,13942.0901539981,40.2939876575957,50.7621774610201,47.3442363920595,-506.378372311295,46.6346701410212,1.49011611938477e-08,1.49011611938477e-08,1.95051170410534,1.01460331321512,1.66905214954,1.91782198554743,4,15
0.978,800,15,391.692229632877,418.106337487304,391.692229632877,14165.3348541662,13738.2434561274,13983.1816890331,41.6323443644478,52.0475289675594,47.044268322162,-777.049708745291,90.6623673217892,1.49011611938477e-08,1.49011611938477e-08,1.84417444543678,1.49011611938477e-08,0.681947974966528,1.16205777245812,4,15
0.979,800,15,227.43387591466,422.089484244037,227.43387591466,14064.3188802027,13446.0042734146,14400.0473691929,49.235013615308,54.3510643676053,48.033864170324,-939.597246988209,37.5287307896222,1.49011611938477e-08,1.49011611938477e-08,1.79239652487109,1.49011611938477e-08,1.49011611938477e-08,1.310110955418,4,15
0.98,800,15,310.0384183636,420.133944785392,310.0384183636,13628.6280537018,13653.7432232715,14613.040792731,56.926327216145,56.556646909812,49.091578994672,-932.111879431502,-48.662154013135,1.49011611938477e-08,1.49011611938477e-08,1.87416656478195,0.301864156704572,1.49011611938477e-08,1.93965287539892,4,15
0.981,800,15,603.514137165735,40.2893555818117,603.514137165735,13417.5827409709,14094.6935420721,14348.867140475,63.1076158830218,58.0406057045662,50.7452985202186,-867.073770385551,-131.758686232287,1.49011611938477e-08,1.49011611938477e-08,1.93985090508402,0.707621050144011,1.49011611938477e-08,2.71915136395015,4,15
0.982,800,15,649.202752588677,-9136.37414815244,649.202752588677,13695.2965409899,14228.0255598954,13931.1441976756,65.4233485080829,58.2669623066366,51.4294193783156,-738.494297898052,-222.494419550987,1.49011611938477e-08,1.49011611938477e-08,1.95144825296541,1.05994876183742,1.49011611938477e-08,3.46216487091543,4,15
0.983,800,15,614.067110032313,-913.948007614368,614.067110032313,14041.99037174,13912.555946592,13866.6694750583,64.732281203195,56.6931786598813,51.4093495831122,-566.117206157164,-222.534789538542,1.49011611938477e-08,1.49011611938477e-08,1.87621725860621,1.35590735274016,0.798237921597148,3.18629015044159,4,15
0.984,800,15,612.796073066191,-71.2057428800616,612.796073066191,13972.1549082037,13563.4754743476,14204.706848537,63.8034468666812,52.9317415202098,51.8067789210233,-434.550380296516,-90.6038022137465,1.49011611938477e-08,1.49011611938477e-08,1.81450586629958,1.55984107307942,1.48200458068449,2.07787621748864,4,15
0.985,800,15,632.71561097865,-3654.67492486395,632.71561097865,13570.8765650832,13646.3510003241,14534.8033977134,62.8489447036577,47.7255000765434,51.0774535523406,-356.502425487257,45.875072506497,1.49011611938477e-08,1.49011611938477e-08,1.87465588333071,1.78473298247333,1.81833604025656,1.53393535513048,4,15
0.986,800,15,597.853614819344,84.6030907614611,597.853614819344,13264.3324509524,14052.4392845196,14392.193283541,62.325014756559,42.8093397766826,49.4473876203174,-388.613074718122,128.322008537988,1.49011611938477e-08,1.49011611938477e-08,1.93714673482548,1.90111309365588,2.33634290587222,1.35896804115284,4,15
0.987,800,15,536.62661731873,387.505027694188,536.62661731873,13457.5838887713,14248.016942761,13941.6898864633,63.0132107307752,40.7800750942728,47.3066266800822,-573.873107942816,115.385978530832,1.49011611938477e-08,1.49011611938477e-08,1.95756322256653,1.7181113991087,3.78726353241052,1.46318239490564,4,15
0.988,800,15,501.986643979347,410.870190836471,501.986643979347,13916.4003170213,13974.4841976549,13761.6740785149,64.259113718358,43.1661517173987,44.9923627062589,-806.440175421196,-77.1681742433762,1.49011611938477e-08,1.49011611938477e-08,1.90763546776317,1.43704094512492,0.759334750805636,1.94278866966968,4,15
0.989,800,15,485.249923449773,413.91951779967,485.249923449773,14076.4095777447,13558.6777127062,14100.8278100003,64.6703579406471,48.4354091821357,42.9626725926348,-882.885678857836,-369.213036334143,1.49011611938477e-08,1.49011611938477e-08,1.80696242843705,1.32436495495725,1.49011611938477e-08,2.53551844926695,4,15
0.99,800,15,462.000183009804,415.857494368899,462.000183009804,13763.5937217327,13521.1627506145,14524.4902293073,63.724716521441,53.5973480491416,41.0709027812084,-792.34782635878,-553.657694715405,1.49011611938477e-08,1.49011611938477e-08,1.84023192657316,1.34288456854943,1.49011611938477e-08,2.38741940290312,4,15
0.991,800,15,407.829270230921,417.721943298135,407.829270230921,13391.3502955723,13910.0811749286,14512.3125152627,62.0712286524221,57.2742400708413,39.9101260745324,-676.075309641635,-563.611971814058,1.49011611938477e-08,1.49011611938477e-08,1.92204533651691,1.32014931569966,1.49011611938477e-08,2.72233312170203,4,15
0.992,800,15,316.573711703869,419.936253297453,316.573711703869,13459.4623329372,14223.4186113308,14089.4187340744,61.2517620246555,59.1991345620228,40.6937464370468,-593.569134471476,-447.833086331939,1.49011611938477e-08,1.49011611938477e-08,1.95302409434229,1.17688534907281,1.49011611938477e-08,6.81283096347064,4,15
0.993,800,15,228.302983542984,422.066933252578,228.302983542984,13889.1080840218,14072.4628318903,13787.5520390212,61.6444984286857,59.5426192556931,43.3354662759934,-550.006244756904,-277.137038808067,1.49011611938477e-08,1.49011611938477e-08,1.92077255081327,1.0827058939891,0.172907908355554,6.80239252450459,4,15
0.994,800,15,292.478529833292,420.55952610849,292.478529833292,14144.144854252,13647.0201020741,13993.9183406002,62.0450507376502,58.6090894541009,46.8876196780343,-498.869015639172,-145.67776093709,1.49011611938477e-08,1.49011611938477e-08,1.80588855727078,1.22535966585378,0.927974222464008,2.96821864125192,4,15
0.995,800,15,542.7851202101,380.891804504839,542.7851202101,13943.1614940769,13491.8306064636,14447.7939956545,60.123754397038,56.6987670885052,49.8196879036144,-397.438872051623,-93.2826870889447,1.49011611938477e-08,1.49011611938477e-08,1.80571687516044,1.61673943391343,1.67116908132389,2.57030666976628,4,15
0.996,800,15,651.993322405569,422.546703486096,651.993322405569,13564.0403912018,13810.9870136177,14596.6926243813,54.4638828813081,54.41040931612,50.6726190972373,-308.359132989513,-77.349130394952,1.49011611938477e-08,1.49011611938477e-08,1.90069968832118,2.07877780449151,2.51922707177195,2.86193556781365,4,15
0.997,800,15,635.351435098838,416.651153236555,635.351435098838,13520.1578395966,14181.6610844519,14287.345091855,45.9495172093011,52.6765039395417,49.5791493091494,-330.258731275059,-34.4958325530976,1.49011611938477e-08,1.49011611938477e-08,1.95401000054136,1.97368224056991,2.91153666433865,2.87531668014519,4,15
0.998,800,15,574.923201439966,264.309744087168,574.923201439966,13875.2641793843,14131.2495985593,13923.7759813142,39.4502608399698,52.3694211239143,48.0783934719651,-527.42213319513,47.4736624472952,1.49011611938477e-08,1.49011611938477e-08,1.94746761610114,0.934027606991485,1.59588826179689,1.83891180915967,4,15
0.999,800,15,375.205209681124,418.509805574356,375.205209681124,14169.9423463682,13712.2705519052,13994.5651581011,41.5793758989542,53.8055332457891,47.9207584395565,-800.249808206982,80.0756727374489,1.49011611938477e-08,1.49011611938477e-08,1.83769912517179,1.49011611938477e-08,0.610630084465962,1.16380981599947,4,15
1,400,15,200.45071226335,422.719082642455,200.45071226335,14044.6081449589,13442.9800498739,14418.5567806454,49.5914374313469,56.2088797945249,48.8573301363988,-951.146816396895,16.6305549328142,1.49011611938477e-08,1.49011611938477e-08,1.7945398349091,1.49011611938477e-08,1.49011611938477e-08,1.39459911092614,4,15
1.001,400,15,312.707215652419,416.922003768343,312.707215652419,13603.9753454785,13675.4254903315,14606.5040741087,57.3693023650288,58.3974392947167,49.7622048274285,-937.36721783911,-69.5547436907755,1.49011611938477e-08,1.49011611938477e-08,1.87935602910874,0.32557689519897,1.49011611938477e-08,2.10785432135044,4,15
1.002,400,15,616.464938518024,-114.265231336125,616.464938518024,13421.3621972774,14112.4687189057,14321.8574065647,63.4668390259085,59.812710479396,51.2576589421818,-862.870161126047,-158.959020846578,1.49011611938477e-08,1.49011611938477e-08,1.94183078206826,0.728667076656364,1.49011611938477e-08,2.98558244119051,4,15
1.003,400,15,648.472495750907,411.195832314552,648.472495750907,13720.4166257401,14219.2629198437,13909.9613249919,65.6114031424157,59.8834678919867,51.8277471117416,-726.244277458909,-244.450225054314,1.49011611938477e-08,1.49011611938477e-08,1.94977082352619,1.07932629285147,1.49011611938477e-08,3.7554302329157,4,15
1.004,400,15,612.277384339149,284.760551003464,612.277384339149,14054.6526227576,13888.0901044546,13873.554479082,64.8419214915921,58.0896960507289,51.7647774223912,-548.731877436891,-230.019123498559,1.49011611938477e-08,1.49011611938477e-08,1.86957545711867,1.37515117288288,0.81829646026557,3.30187625522467,4,15
1.005,400,15,628.779233018542,-289.015388933664,628.779233018542,13964.3756871027,13552.5566318711,14236.0378169668,63.9228825873552,54.1434985474581,51.9809281693789,-418.078115995609,-89.4346460775675,1.49011611938477e-08,1.49011611938477e-08,1.81400996124354,1.58335146881265,1.5096707802317,2.099482587694,4,15
1.006,400,15,631.393593014748,-3211.94171891353,631.393593014748,13551.2894583969,13663.1431278384,14544.7264866102,62.9395895005572,48.8028117292426,50.9204487415775,-343.633698262277,41.9199185049228,1.49011611938477e-08,1.49011611938477e-08,1.87878675541311,1.81863190133666,1.82873166242093,1.55522194480972,4,15
1.007,400,15,591.854620269915,130.367466736141,591.854620269915,13266.7111757114,14072.4844177598,14375.4505459856,62.5022238373108,43.8381431437128,49.0619327705831,-382.792956071267,130.614614750369,1.49011611938477e-08,1.49011611938477e-08,1.93860274851834,1.92490444640775,2.40524299425912,1.37831097139872,4,15
1.008,400,15,531.594269872544,370.388694641981,531.594269872544,13487.0595117034,14242.2322744008,13923.8676985836,63.3150754921854,41.7459102989483,46.7564109968407,-577.151573027947,114.258087056508,1.49011611938477e-08,1.49011611938477e-08,1.95734208531703,1.71229632222668,3.63150556450726,1.4835432189324,4,15
1.009,400,15,492.946439908439,384.826681635098,492.946439908439,13941.2152806064,13946.795770177,13774.2274707052,64.6731181960617,44.0661820673128,44.2759116119232,-810.801661861413,-83.3711079737033,1.49011611938477e-08,1.49011611938477e-08,1.90019455121583,1.41264226875071,0.706332628162325,1.97682319607653,4,15
1.01,400,15,487.33299421677,382.520503032822,487.33299421677,14071.6950702738,13539.8962228178,14133.268562081,65.2206697785093,49.1078804801824,41.9991351130393,-883.359890629786,-369.204823347015,1.49011611938477e-08,1.49011611938477e-08,1.80380845191835,1.28621931294156,1.49011611938477e-08,2.59018371440187,4,15
1.011,400,15,474.759454412783,380.755808353828,474.759454412783,13741.9957334452,13532.3342191949,14543.1829099266,64.4217226946124,54.0420542347919,39.8560217778141,-799.260804463388,-537.352598822518,1.49011611938477e-08,1.49011611938477e-08,1.84468548291749,1.2879251095142,1.49011611938477e-08,2.47722436107297,4,15
1.012,400,15,424.708034255019,379.746592249962,424.708034255019,13383.3764804825,13933.0023405607,14502.9755446452,62.9453124967922,57.5134078755018,38.5343338681319,-680.313756673059,-543.979170897484,1.49011611938477e-08,1.49011611938477e-08,1.92493389954065,1.24617993942421,1.49011611938477e-08,2.9245903555082,4,15
1.013,400,15,329.618954824269,378.75983727026,329.618954824269,13479.8697309585,14226.2901256497,14072.0040242546,62.282459993413,59.257409396425,39.3488731116215,-600.669145044306,-424.467811233901,1.49011611938477e-08,1.49011611938477e-08,1.95380057154394,1.10324504632101,1.49011611938477e-08,8.5266712040112,4,15
1.014,400,15,240.945089510282,377.492337379461,240.945089510282,13911.6101716852,14048.6281319326,13793.6793503152,62.7573337532223,59.4258602649707,42.1873223251075,-558.2277041189,-253.484950099502,1.49011611938477e-08,1.49011611938477e-08,1.9155857121665,1.03446007798573,0.204277726113792,5.42391627655706,4,15
1.015,400,15,303.41531162148,373.031651520328,303.41531162148,14142.9207081823,13623.9207128089,14026.313722588,63.1246867647403,58.3182120975888,45.9597849764141,-504.272631074807,-125.79160774958,1.49011611938477e-08,1.49011611938477e-08,1.80181241405256,1.20415046506311,0.955101632828043,2.66007825207292,4,15
1.016,400,15,556.941523763211,305.266730972234,556.941523763211,13920.6550196044,13497.2955974302,14477.4658017747,61.0267851554651,56.2040471414535,48.9744721484572,-404.655527948609,-77.1537016485859,1.49011611938477e-08,1.49011611938477e-08,1.81053357816034,1.60945147054897,1.70281217802038,2.37489979505056,4,15
1.017,400,15,654.115904069933,-10566.5430275829,654.115904069933,13547.4999357078,13835.3464982364,14599.429341366,55.1875370752282,53.7441153067069,49.7758847029498,-311.63785812583,-60.166168617308,1.49011611938477e-08,1.49011611938477e-08,1.90540702586606,2.06288276163698,2.54185290183371,2.65342743026465,4,15
1.018,400,15,636.78086963351,360.067324355441,636.78086963351,13530.2150356511,14191.8485292606,14271.6750047215,46.6589308171572,51.9003593929059,48.6271680931634,-342.023511564757,-14.1585031326714,1.49011611938477e-08,1.49011611938477e-08,1.955542741204,1.91186416099628,2.90420382481435,2.60716464414123,4,15
1.019,400,15,570.902266888172,239.599749348238,570.902266888172,13897.0010315044,14115.511027235,13923.1273406245,40.4836126456961,51.5687138228095,47.1412503741424,-546.724748965703,68.0071922460477,1.49011611938477e-08,1.49011611938477e-08,1.94400936843918,0.894611517669288,1.5747329201805,1.65097486987914,4,15
1.02,400,15,360.588912778277,356.075811190296,360.588912778277,14172.9504258023,13689.2290405825,14021.8132145914,42.8335459365432,52.9947870368851,47.0711080296352,-815.747960479868,95.1612108265871,1.49011611938477e-08,1.49011611938477e-08,1.83195125039687,1.49011611938477e-08,0.610409530717826,1.07832206864188,4,15
1.021,400,15,229.354868916513,355.628445374358,229.354868916513,14023.9940827377,13443.971195885,14450.9881984441,50.5752210896924,55.3351960082443,48.0246371094911,-950.891885048675,32.0309161014612,1.49011611938477e-08,1.49011611938477e-08,1.79746738942265,1.49011611938477e-08,1.49011611938477e-08,1.33136074065774,4,15
1.022,400,15,350.437166817787,350.044972375511,350.437166817787,13574.2775661909,13702.3981186034,14604.9570064388,58.1111344041053,57.5005631655455,49.0827785923032,-935.477060416062,-54.6848817065307,1.49011611938477e-08,1.49011611938477e-08,1.88518002392942,0.338963324395448,1.49011611938477e-08,1.96746850695032,4,15
1.023,400,15,636.551494267831,-418.110426200448,636.551494267831,13420.8791878748,14132.3946713466,14300.7284532514,63.8020976171588,58.8589319960994,50.5899759901168,-860.279024121888,-143.674100831816,1.49011611938477e-08,1.49011611938477e-08,1.94369838591102,0.729540556441144,1.49011611938477e-08,2.7347180632816,4,15
1.024,400,15,649.278728971204,344.192118054428,649.278728971204,13736.9325178329,14210.8512762123,13901.2385401596,65.5633308732128,58.8734010214539,51.1021289940147,-723.494495289728,-226.786202065563,1.49011611938477e-08,1.49011611938477e-08,1.94840149478813,1.06937941489772,1.49011611938477e-08,3.36006023370953,4,15
1.025,400,15,606.238374390906,-96.5244728701829,606.238374390906,14054.0707261545,13863.6083681608,13891.4023852432,64.6218430076638,57.0406753043716,51.0979276172556,-550.761312814261,-206.655705357727,1.49011611938477e-08,1.49011611938477e-08,1.8648360389822,1.35017953935981,0.883164903677996,2.92726252219747,4,15
1.026,400,15,628.761671795434,-320.564596196288,628.761671795434,13942.5616529655,13546.6565118845,14263.4993003486,63.6498841107225,53.0119946704544,51.5603371998008,-429.369875886203,-74.5499255395921,1.49011611938477e-08,1.49011611938477e-08,1.81623677700542,1.55594083742844,1.54935474962861,1.91416606068358,4,15
1.027,400,15,633.571548384926,329.898902286709,633.571548384926,13519.5962786035,13684.6348261344,14550.2825232127,62.5794003706275,47.6903858820897,50.7737804530111,-353.926571115338,58.1732814802304,1.49011611938477e-08,1.49011611938477e-08,1.88450477371273,1.78743500556031,1.81793265715799,1.45426813980659,4,15
1.028,400,15,590.520948288635,96.7823843891925,590.520948288635,13257.5764777943,14094.1850299093,14353.2740996129,62.0829263517303,42.9048090213831,49.1559072481605,-402.172886684206,138.358553441592,1.49011611938477e-08,1.49011611938477e-08,1.94076046753971,1.88218481756767,2.47159437584606,1.32139384392633,4,15
1.029,400,15,526.650195962527,310.973001996657,526.650195962527,13503.9968640388,14239.4354120195,13901.9169331768,62.8930978109228,41.2514164623064,47.0455072731602,-605.211706188724,108.69364381171,1.49011611938477e-08,1.49011611938477e-08,1.95794238128819,1.66723146323921,3.31049230428356,1.45878603549467,4,15
1.03,400,15,499.292964337956,318.825012882228,499.292964337956,13955.7162316332,13923.879975644,13780.9779328079,64.1844873645591,44.0104187254255,44.740446893647,-832.161389032764,-104.067050179252,1.49011611938477e-08,1.49011611938477e-08,1.89503677308235,1.39013274815135,0.625602430446409,1.97597619990207,4,15
1.031,400,15,480.386115002592,318.120971072728,480.386115002592,14059.3774059626,13527.3594039279,14159.273890904,64.5423590595751,49.3136339670862,42.6101199662279,-888.216266497976,-379.832044615279,1.49011611938477e-08,1.49011611938477e-08,1.80343077070473,1.29130758386646,1.49011611938477e-08,2.54413417879953,4,15
1.032,400,15,455.29601646983,316.351905536863,455.29601646983,13712.3028856363,13549.1125033804,14553.794846306,63.5335034256383,54.3148964875251,40.5271191484421,-792.248112155984,-551.726190723469,1.49011611938477e-08,1.49011611938477e-08,1.85056856818133,1.30849273281028,1.49011611938477e-08,2.40380787333726,4,15
1.033,400,15,398.531105233588,314.592153545028,398.531105233588,13370.7834158297,13959.0034547937,14481.5381783475,61.9228363012279,57.7844718744056,39.3036784506607,-672.585267377381,-547.346471103924,1.49011611938477e-08,1.49011611938477e-08,1.92797789902161,1.26663572813194,1.49011611938477e-08,2.91130014791156,4,15
1.034,400,15,301.847333975763,313.180363125809,301.847333975763,13497.2457191647,14230.726361966,14041.5477793376,61.2316856822707,59.5187586359279,40.1422706578413,-594.652559486071,-421.53956434329,1.49011611938477e-08,1.49011611938477e-08,1.95426237258299,1.11683619567855,1.49011611938477e-08,8.6881735622292,4,15
1.035,400,15,225.181641109772,311.412203583782,225.181641109772,13935.3973450976,14028.9326368728,13787.3920923528,61.6698979123591,59.7047361412128,42.8645195331103,-551.428189959195,-252.066892586658,1.49011611938477e-08,1.49011611938477e-08,1.90980038680951,1.04775507658209,0.288888788669092,5.39688328977631,4,15
1.036,400,15,303.591570853692,306.874323807267,303.591570853692,14142.7884145509,13606.3004253766,14045.6073478629,61.8732380390605,58.6446214640728,46.4314195548457,-496.405655562891,-134.728835499148,1.49011611938477e-08,1.49011611938477e-08,1.7978530796919,1.22536084151516,1.00368742160638,2.72252869571384,4,15
1.037,400,15,553.681288545557,254.041574521726,553.681288545557,13898.1676602716,13507.3138432178,14489.3246563718,59.4991749095657,56.6159328481741,49.2137432750391,-390.586445313116,-86.2391167788224,1.49011611938477e-08,1.49011611938477e-08,1.81539175842846,1.63752433373644,1.76515618623438,2.46275935330825,4,15
1.038,400,15,655.452199564988,301.324585330654,655.452199564988,13533.3124442749,13861.2921604265,14581.7110809367,53.4271438912988,54.3062760790246,49.9005793777416,-305.366289316144,-68.0806755945178,1.49011611938477e-08,1.49011611938477e-08,1.90991373281997,2.07285717643541,2.62889290354798,2.74707718179394,4,15
1.039,400,15,636.020085275737,293.154042372761,636.020085275737,13543.1321846891,14201.430241492,14238.4799758959,44.8350390867099,52.6776063475335,48.7220100358968,-350.832098298087,-18.4443798240004,1.49011611938477e-08,1.49011611938477e-08,1.956947591146,1.84258306950557,2.84754912786223,2.633021720572,4,15
1.04,400,15,560.595644385405,223.312230959538,560.595644385405,13919.548305841,14096.0948043722,13905.0944674134,39.2549619174995,52.6035994516009,47.3678318071847,-569.269503559326,61.0425816286811,1.49011611938477e-08,1.49011611938477e-08,1.93982042844724,0.800781068924957,1.4521517470895,1.61913962521416,4,15
1.041,400,15,341.895701225296,290.448736507087,341.895701225296,14176.9431061434,13663.733408903,14033.117561273,42.5499266831051,54.2570100696891,47.4176217856134,-825.88549961364,78.9496605697673,1.49011611938477e-08,1.49011611938477e-08,1.82557321211865,1.49011611938477e-08,0.506372749073341,1.10552271168855,4,15
1.042,400,15,197.682483232753,289.694293035182,197.682483232753,14005.4811941434,13443.8740705824,14465.7747506614,50.6880305769227,56.7338104057605,48.2943923487727,-958.805211279352,5.80470583176015,1.49011611938477e-08,1.49011611938477e-08,1.79998994987085,1.49011611938477e-08,1.49011611938477e-08,1.43932601604678,4,15
1.043,400,15,343.105315324737,284.194372270349,343.105315324737,13555.6735635319,13725.144332719,14593.7473610026,58.3522637031657,58.9169670343762,49.2310914474523,-934.592699261952,-83.9567154040714,1.49011611938477e-08,1.49011611938477e-08,1.88976111804839,0.363295792163272,1.49011611938477e-08,2.16920185380267,4,15
1.044,400,15,639.972967738376,-485.855331642568,639.972967738376,13431.2834279888,14147.5130890993,14270.4474061273,64.0216362653288,60.2500511073931,50.6027606209228,-851.044012215092,-174.748169876082,1.49011611938477e-08,1.49011611938477e-08,1.94531652162652,0.755830623383202,1.49011611938477e-08,3.04944166530221,4,15
1.045,400,15,650.974418074375,277.710828324426,650.974418074375,13765.1156102377,14199.3068488937,13879.9693943542,65.7000734116795,60.1603401123979,51.0342436403612,-705.210212363427,-252.452086440553,1.49011611938477e-08,1.49011611938477e-08,1.94579216704299,1.10060522110689,1.49011611938477e-08,3.71266616440116,4,15
1.046,400,15,605.50296051946,-63.5007239900212,605.50296051946,14065.8607037633,13839.8859608524,13898.0472403193,64.7408950068292,58.150652494912,50.9954281895266,-536.24929833486,-222.379893492059,1.49011611938477e-08,1.49011611938477e-08,1.85816565533766,1.38552915486269,0.889068818199526,3.08022374920413,4,15
1.047,400,15,637.745524688296,-467.828431059927,637.745524688296,13927.6108356647,13539.0663951265,14285.4791503994,63.8562080566189,54.0168492834754,51.3116964853562,-410.635470137845,-76.6705645468241,1.49011611938477e-08,1.49011611938477e-08,1.81672480115192,1.59371187912199,1.56186507823137,1.95280173389579,4,15
1.048,400,15,636.67652840584,-3282.30139424514,636.67652840584,13497.097030035,13703.3436352893,14548.7124764278,62.8554564182944,48.6752398949569,50.3006679478651,-342.703020992863,56.5750859684293,1.49011611938477e-08,1.49011611938477e-08,1.88858229482843,1.82613428369238,1.83200281112122,1.4755639563916,4,15
1.049,400,15,592.548604142442,37.5933734562117,592.548604142442,13260.0841819456,14111.7294783946,14326.5040256221,62.4520882534046,43.9864425935348,48.5114037542958,-401.832963188242,133.102691273237,1.49011611938477e-08,1.49011611938477e-08,1.94210864575086,1.90829248195351,2.59866008119932,1.34379396997663,4,15
1.05,400,15,534.779586505754,241.330305475823,534.779586505754,13532.524891761,14229.7975533245,13878.8954644575,63.2864871786954,42.4217456591261,46.3145226277612,-611.479943860028,93.0784007725349,1.49011611938477e-08,1.49011611938477e-08,1.95738749154477,1.67601587243669,3.05980009385255,1.49678658075309,4,15
1.051,400,15,476.874835216375,256.083047805556,476.874835216375,13977.0633377808,13895.7676343087,13790.6249102293,64.5322409932271,45.1888505005276,44.0489495510039,-824.847314964319,-114.605413898167,1.49011611938477e-08,1.49011611938477e-08,1.88742487231421,1.39534457580701,0.561106924040396,2.04276849618418,4,15
1.052,400,15,467.600392170759,253.486104377016,467.600392170759,14049.4797721043,13511.8813661556,14185.2871674102,64.9034951603332,50.303830515242,42.0405823518719,-880.279364572964,-399.097477400302,1.49011611938477e-08,1.49011611938477e-08,1.80171055085559,1.29350960798551,1.49011611938477e-08,2.5583207186308,4,15
1.053,400,15,442.810313820698,251.126681500448,442.810313820698,13686.5353160623,13563.0449785667,14561.1562064551,63.9976173839878,55.0879680608546,40.1088774165118,-783.69555953405,-557.297264845589,1.49011611938477e-08,1.49011611938477e-08,1.85542941667909,1.30329578855371,1.49011611938477e-08,2.39422585987389,4,15
1.054,400,15,388.798472499178,248.915257683376,388.798472499178,13361.908667936,13981.2981085591,14460.4313306807,62.585791290346,58.3584859348805,38.9753070402286,-668.536491520682,-544.678724670248,1.49011611938477e-08,1.49011611938477e-08,1.93045877530741,1.25433294279154,1.49011611938477e-08,2.97417720295923,4,15
1.055,400,15,294.981886887681,247.111813469755,294.981886887681,13517.1136102976,14231.2555293508,14014.2982157558,62.0508370072336,59.9206529339441,39.8392695351543,-592.042301456554,-417.891487555182,1.49011611938477e-08,1.49011611938477e-08,1.95448038391045,1.11605170315277,1.49011611938477e-08,9.39610518902711,4,15
1.056,400,15,213.365637280331,245.092030351026,213.365637280331,13956.2859305085,14004.9412764711,13785.8951084433,62.4791137966215,59.9353983899285,42.5528116982428,-546.399057573793,-261.326610723266,1.49011611938477e-08,1.49011611938477e-08,1.90319391391843,1.07733551069564,0.305601099296515,5.26450199349247,4,15
1.057,400,15,294.476024620989,240.824979799349,294.476024620989,14139.5227873375,13587.551169126,14068.3325429194,62.4270811423521,58.6946491011696,46.0629710602184,-478.957260093548,-142.564655818063,1.49011611938477e-08,1.49011611938477e-08,1.79383511296792,1.28558106738426,1.03596368248852,2.75964182421977,4,15
1.058,400,15,548.790542092008,203.088896833977,548.790542092008,13873.7413862897,13517.6607518032,14503.6422875547,59.6382001844673,56.4760507176059,48.7592258740381,-366.419353860507,-95.5543855799339,1.49011611938477e-08,1.49011611938477e-08,1.82006881968683,1.72518531609623,1.80838871404947,2.54216516276996,4,15
1.059,400,15,657.71015936559,234.640298281715,657.71015936559,13518.3157127548,13886.7328627027,14566.7998580441,53.1997462556971,54.0260063741124,49.3842093030433,-285.797241428919,-76.1017893350828,1.49011611938477e-08,1.49011611938477e-08,1.91394991404365,2.17396227080614,2.68358894236854,2.86011687323615,4,15
1.06,400,15,636.819838238617,226.355055321647,636.819838238617,13554.9420229769,14209.7078418374,14208.2469855574,44.3606212597008,52.3374522909137,48.1580664645884,-343.171811598772,-23.3770111991187,1.49011611938477e-08,1.49011611938477e-08,1.95809286450642,1.89069557551318,2.87162036124092,2.71549635748256,4,15
1.061,400,15,553.627635460067,182.637399876414,553.627635460067,13939.1621166082,14078.00141208,13893.351023704,38.9219467521251,52.2882781767674,46.826139853773,-558.033345499939,52.7983777613486,1.49011611938477e-08,1.49011611938477e-08,1.93514307840626,0.792885903375895,1.40947556549598,1.63743930460681,4,15
1.062,400,15,326.838745114453,224.626474323736,326.838745114453,14175.5953919046,13642.1174947904,14048.4332422808,42.5939020845801,53.9972430994471,46.9491317278097,-827.720553100082,68.4271268808606,1.49011611938477e-08,1.49011611938477e-08,1.81975073319006,1.49011611938477e-08,0.462396776887943,1.14449452014673,4,15
1.063,400,15,211.57606126395,222.94235018325,211.57606126395,13982.3599847411,13448.5547633018,14483.3843162766,50.8093893987102,56.4781352980357,47.8188439501021,-950.321461229155,-8.93732255750538,1.49011611938477e-08,1.49011611938477e-08,1.80303943325722,1.49011611938477e-08,1.49011611938477e-08,1.51492887807975,4,15
1.064,400,15,363.889253862893,217.886260681241,363.889253862893,13534.3383202195,13752.9137937406,14581.8945185558,58.4031479360565,58.6693476265813,48.7935166643139,-921.345561893848,-96.767999191317,1.49011611938477e-08,1.49011611938477e-08,1.89449726814614,0.404898453940893,1.49011611938477e-08,2.2589377565014,4,15
1.065,400,15,656.386802722874,-769.358196655275,656.386802722874,13438.9733265607,14164.4798725174,14239.7573819902,63.8442835735261,59.9565181439322,50.1295317516889,-834.608958614068,-188.211362149806,1.49011611938477e-08,1.49011611938477e-08,1.94674369714004,0.788574620720981,1.49011611938477e-08,3.16441870203585,4,15
1.066,400,15,651.866495773141,211.262502604374,651.866495773141,13785.8413911599,14186.7157669655,13863.910374717,65.2973321789547,59.8003135356123,50.4967692686104,-695.066439094975,-258.930488739776,1.49011611938477e-08,1.49011611938477e-08,1.94325942674376,1.12895116546538,1.49011611938477e-08,3.78579487220899,4,15
1.067,400,15,598.221665909266,-44.2586525445163,598.221665909266,14065.7142445545,13814.5561972612,13908.3111916372,64.3158499215296,57.7448190528969,50.4764789825102,-522.1036886695,-219.953643527905,1.49011611938477e-08,1.49011611938477e-08,1.85271611662475,1.40267470352413,0.920337711362786,3.03642274242942,4,15
1.068,400,15,642.915767704073,-4021.39170005853,642.915767704073,13912.7170304123,13535.4673910721,14308.3754934959,63.4362485218343,53.5410196244186,50.7626802564095,-400.677158358469,-70.5530431266163,1.49011611938477e-08,1.49011611938477e-08,1.81860333947539,1.61159581035929,1.58387421282081,1.91609155253219,4,15
1.069,400,15,635.305103587283,-2670.15423153774,635.305103587283,13475.6836978627,13725.7084117918,14547.7332894166,62.4457157560277,48.2683775619402,49.709790836921,-339.504287633547,60.3872193779863,1.49011611938477e-08,1.49011611938477e-08,1.89316353390514,1.84367396959599,1.84012070818438,1.45945891611112,4,15
1.07,400,15,577.605160525437,90.3434282155463,577.605160525437,13264.0751258494,14131.2087904688,14301.7203919103,62.1332750285769,43.8229279067825,47.9222262008497,-410.349256753904,132.549807085383,1.49011611938477e-08,1.49011611938477e-08,1.94360143105456,1.90951206333767,2.76309127223747,1.34269643645825,4,15
1.071,400,15,507.406613529932,203.748837215135,507.406613529932,13558.3368811297,14223.4499610938,13860.6630712885,63.1653083244974,42.696001297434,45.7606034985875,-618.310195746172,93.1810709936734,1.49011611938477e-08,1.49011611938477e-08,1.95689948386768,1.64702813315025,2.69960818861443,1.50415984371724,4,15
1.072,400,15,493.974980247802,205.955543509112,493.974980247802,13992.139908734,13871.325134819,13802.4664378163,64.6209929889553,45.8136170949365,43.5057194015149,-845.524871954054,-122.92122666242,1.49011611938477e-08,1.49011611938477e-08,1.88151527063414,1.34943394685585,0.451821658879264,2.04025717383124,4,15
1.073,400,15,480.449166425867,207.133645271294,480.449166425867,14035.0952734772,13500.8703871493,14212.6603535957,65.1638587743132,51.0846583479159,41.4382692850345,-895.836077095279,-398.797723495768,1.49011611938477e-08,1.49011611938477e-08,1.80220346290227,1.23636525477453,1.49011611938477e-08,2.55150475464325,4,15
1.074,400,15,460.597355087644,207.998008856327,460.597355087644,13659.5053408816,13581.0446741297,14572.5320950268,64.4006424675694,55.8821586580323,39.3748196118812,-798.200040017893,-545.897822714123,1.49011611938477e-08,1.49011611938477e-08,1.86124528414114,1.2308149249618,1.49011611938477e-08,2.45619295194906,4,15
1.075,400,15,404.524750162604,209.00609818746,404.524750162604,13356.1404771039,14005.0619605126,14445.840390071,63.0846616176051,59.1200227623126,38.1998197280026,-684.103948381086,-525.163673673655,1.49011611938477e-08,1.49011611938477e-08,1.9331832941096,1.16458743604424,1.49011611938477e-08,3.2062142762455,4,15
1.076,400,15,303.768448584121,210.23186107532,303.768448584121,13538.0267636778,14230.7191002044,13997.8373803401,62.6004674477485,60.6354485175481,39.1530168271144,-611.312961089177,-400.539448596719,1.49011611938477e-08,1.49011611938477e-08,1.95491178034178,1.02178693393943,1.49011611938477e-08,11.5994703848145,4,15
1.077,400,15,236.185733819054,211.046191723129,236.185733819054,13975.8606730783,13981.2927356197,13796.0855948829,63.0530236225146,60.6066489487475,42.0734076773699,-563.339868857371,-233.950177674142,1.49011611938477e-08,1.49011611938477e-08,1.89788279084554,1.00067082333889,0.345288917087011,4.27210331539899,4,15
1.078,400,15,332.095579542288,209.911047540713,332.095579542288,14131.9487924397,13569.1457428462,14101.4784288068,62.9574060299411,59.3291405196694,45.7303186994621,-494.14152809248,-118.8001835641,1.49011611938477e-08,1.49011611938477e-08,1.79241528088977,1.22754781815527,1.07307917520532,2.45812337830939,4,15
1.079,400,15,580.474923572028,83.0629240733797,580.474923572028,13848.0520594866,13528.34402122,14527.7579791268,60.0391036001738,57.0816170223994,48.3795069006323,-380.423777078047,-75.8883369329639,1.49011611938477e-08,1.49011611938477e-08,1.82649695974315,1.66695539351451,1.86040190744702,2.31812645075548,4,15
1.08,400,15,657.619878594358,210.151870887799,657.619878594358,13504.6213352232,13910.7610864991,14563.7484615679,53.5408882537453,54.6701284828619,48.8724393678836,-305.373958153528,-54.8435091921175,1.49011611938477e-08,1.49011611938477e-08,1.91840964761822,2.07846764594996,2.74794187745119,2.57753612931974,4,15
1.081,400,15,633.976723703326,200.707088318864,633.976723703326,13568.1658275873,14214.5823245772,14193.2802284451,44.9372795445133,53.0565924853002,47.5881274698377,-366.963346759908,-1.19996007378823,1.49011611938477e-08,1.49011611938477e-08,1.95939739106008,1.73657548780808,2.80590864188652,2.34784799088591,4,15
1.082,400,15,540.227223001993,185.877964920057,540.227223001993,13958.7459032523,14056.5974029018,13897.6765658999,40.1767497469272,53.1009839906631,46.3282873896643,-598.681578719241,78.3694440380537,1.49011611938477e-08,1.49011611938477e-08,1.93101608270128,0.704051218476752,1.35319555785129,1.38965636685407,4,15
1.083,400,15,317.365997769895,210.062351235183,317.365997769895,14175.11472164,13618.9743039432,14080.5422682179,44.2584580151886,54.8411448951989,46.5649160204884,-863.808731050867,86.2919890264298,1.49011611938477e-08,1.49011611938477e-08,1.81579662437951,1.49011611938477e-08,0.432400657165748,1.01782457977096,4,15
1.084,400,15,194.449464960903,211.546166135524,194.449464960903,13959.8541705719,13452.6090865814,14513.5574499105,52.3145296999868,57.2742231921298,47.421003285805,-971.648295802286,3.76800925663321,1.49011611938477e-08,1.49011611938477e-08,1.8078556845042,1.49011611938477e-08,1.49011611938477e-08,1.41736063679663,4,15
1.085,400,15,378.884206952858,209.353819946428,378.884206952858,13510.4555371666,13777.3707151794,14581.0136209012,59.8240889465288,59.352468014688,48.538248168173,-939.208366225575,-83.9915939395624,1.49011611938477e-08,1.49011611938477e-08,1.89982083148459,0.376204413054312,1.49011611938477e-08,2.11245048875776,4,15
1.086,400,15,658.865683871637,-9369.50498348492,658.865683871637,13443.7436922896,14177.3397903086,14221.8547746766,65.0003796408784,60.5151737814774,49.8828452338654,-854.526134084488,-172.476784331301,1.49011611938477e-08,1.49011611938477e-08,1.94853011385434,0.76140430657616,1.49011611938477e-08,2.93396522728486,4,15
1.087,400,15,650.752549191891,209.00839216246,650.752549191891,13805.2952711363,14174.0424708982,13859.1855096795,66.1655891855712,60.1846535307878,50.230980891139,-703.544425974916,-247.6455497165,1.49011611938477e-08,1.49011611938477e-08,1.94095474919221,1.09917589430028,0.156396666818649,3.4655415399978,4,15
1.088,400,15,594.792324138905,-17.0098861899071,594.792324138905,14066.9246237701,13792.1319985918,13929.9766224762,64.9682979840572,57.8903453213494,50.2636738032958,-525.593434417122,-204.771753550358,1.49011611938477e-08,1.49011611938477e-08,1.84825004270891,1.37689121212427,0.983223686745654,2.79571356540964,4,15
1.089,400,15,650.806188162234,-39.3119713260385,650.806188162234,13890.2392368738,13531.9970255754,14340.1039120106,63.9241007160555,53.5142304890851,50.604673732939,-400.981840460576,-59.6603180245441,1.49011611938477e-08,1.49011611938477e-08,1.82140617982147,1.60107028124047,1.62387675776072,1.83594518032082,4,15
1.09,400,15,634.83086692297,-2638.40079990496,634.83086692297,13449.4854475046,13747.0116003742,14553.6534429818,62.7742580390465,48.0851225060541,49.6503874622792,-340.932534920645,61.1658804572456,1.49011611938477e-08,1.49011611938477e-08,1.89787539350837,1.84301573715145,1.8478729376735,1.43710815610894,4,15
1.091,400,15,581.662004162463,70.9417531241394,581.662004162463,13264.0897294297,14147.036573,14280.5942917534,62.4008391785438,43.57320095647,47.975602421055,-411.081692047548,133.267846987518,1.49011611938477e-08,1.49011611938477e-08,1.94512633374657,1.90039369874994,2.84282298314426,1.3439658835567,4,15
1.092,400,15,523.417780013796,198.484748447765,523.417780013796,13583.3778390554,14211.7043716353,13844.7619856632,63.355423231916,42.432021840759,45.8864300888464,-631.071426902621,84.8017207395896,1.49011611938477e-08,1.49011611938477e-08,1.9561010426915,1.63425655599887,2.53937712386654,1.52874188050623,4,15
1.093,400,15,477.84187926935,207.297764158175,477.84187926935,14010.2505204526,13844.5952798742,13818.7970042027,64.6383055142035,45.5692534385132,43.6762576595218,-847.212842415091,-145.07259923632,1.49011611938477e-08,1.49011611938477e-08,1.87400254120482,1.35749006173295,0.407339167829905,2.10587308079902,4,15
1.094,400,15,467.942683702978,207.751011591865,467.942683702978,14025.1397149021,13491.1730647861,14242.2269911912,64.9543132945904,50.7520266645009,41.6215597138539,-880.010483793495,-420.146592372191,1.49011611938477e-08,1.49011611938477e-08,1.80147253963699,1.26717543645034,1.49011611938477e-08,2.57842587984394,4,15
1.095,400,15,442.034375001454,208.44126135797,442.034375001454,13637.2112438109,13600.26914357,14579.2902990601,63.9853840005701,55.4140372793558,39.6146043954968,-775.189332529741,-555.256108866451,1.49011611938477e-08,1.49011611938477e-08,1.86611217992032,1.27303329043399,1.49011611938477e-08,2.44730109446211,4,15
1.096,400,15,384.395273822789,209.260041712575,384.395273822789,13353.2959349203,14028.1799107831,14421.5748253189,62.6394273934445,58.5042596205413,38.5846479826539,-668.607324424652,-529.056546790195,1.49011611938477e-08,1.49011611938477e-08,1.93528986862866,1.20605547474107,1.49011611938477e-08,3.27476070622963,4,15
1.097,400,15,293.20684631909,210.358290187267,293.20684631909,13562.6014851905,14229.9298666014,13970.2417882516,62.232174071977,59.898578072578,39.6639068192923,-595.051953078225,-396.79676010413,1.49011611938477e-08,1.49011611938477e-08,1.95456280572242,1.06743978031097,1.49011611938477e-08,12.5260008329801,4,15
1.098,400,15,218.085271174757,211.263546944049,218.085271174757,13998.5650665179,13957.7271102372,13796.3592984328,62.6941857208498,59.7710518754601,42.5542863344938,-547.584477461685,-234.812909972347,1.49011611938477e-08,1.49011611938477e-08,1.89032723221702,1.05697424983553,0.403247979861964,4.41224009088903,4,15
1.099,400,15,317.362895058691,210.087807443963,317.362895058691,14129.7250060508,13554.4597462846,14123.2327734746,62.4349753415582,58.4256193524034,46.0977899911216,-473.736212754652,-127.070124358415,1.49011611938477e-08,1.49011611938477e-08,1.78899268580278,1.29784539961428,1.11517197683408,2.59939468710401,4,15
1.1,400,15,576.590893464617,101.460119548078,576.590893464617,13826.8981405711,13542.8197766897,14537.5299279,59.2462978551392,56.1487364806328,48.6073395859124,-358.877357421433,-88.0236892810506,1.49011611938477e-08,1.49011611938477e-08,1.83106742500493,1.75328590612152,1.90069735662935,2.4969541620691,4,15
1.101,400,15,657.323879613744,210.096583333082,657.323879613744,13497.0249444239,13936.3938477415,14543.9391244055,52.472281997119,53.7466791879723,48.9981250582516,-291.390480114203,-69.0354914165816,1.49011611938477e-08,1.49011611938477e-08,1.92184233443423,2.16400677553417,2.78267968372135,2.80943603323232,4,15
1.102,400,15,633.617673960642,-2440.21602605708,633.617673960642,13587.0774962732,14220.6661538158,14161.2894962652,43.7007592317084,52.2229154219624,47.6410106783556,-362.915430417937,-12.3405248315397,1.49011611938477e-08,1.49011611938477e-08,1.96018711803513,1.75145316472027,2.71562192440508,2.54008580511594,4,15
1.103,400,15,536.895882263237,189.246634466565,536.895882263237,13982.0326022888,14036.441954419,13886.5795240529,39.2193787903405,52.407569333268,46.4125961281168,-601.152801366038,64.890004991493,1.49011611938477e-08,1.49011611938477e-08,1.92507935230137,0.678368570868554,1.27457303491642,1.48534432149827,4,15
1.104,400,15,305.754072728798,210.204490429098,305.754072728798,14174.6478582651,13598.9339175522,14094.9208624005,43.7793751047792,54.2895800964221,46.6971495522493,-860.172060743014,66.6647911792493,1.49011611938477e-08,1.49011611938477e-08,1.81012201582961,1.49011611938477e-08,0.363685450622419,1.11615854310843,4,15
1.105,400,15,225.961081310013,211.174754720606,225.961081310013,13939.3809278764,13460.8879228443,14526.8003125916,51.9483381176875,56.795116136869,47.5042655459402,-954.988615526651,-18.3658948768184,1.49011611938477e-08,1.49011611938477e-08,1.81101702923385,1.49011611938477e-08,1.49011611938477e-08,1.55296110637157,4,15
1.106,400,15,397.111383105209,209.11718747815,397.111383105209,13496.5990264853,13805.1143392039,14565.6970884047,59.3809472701262,58.9093263031314,48.6052378458897,-920.546255805056,-99.4116168293804,1.49011611938477e-08,1.49011611938477e-08,1.90373792671327,0.439238430590115,1.49011611938477e-08,2.28614682417621,4,15
1.107,400,15,669.738453577405,-17452.1552625212,669.738453577405,13458.7260980027,14191.9176619294,14191.6646335529,64.2976547684359,60.0566463613744,49.8258278636043,-829.482387090624,-190.657318237367,1.49011611938477e-08,1.49011611938477e-08,1.94953760649521,0.812082192336686,1.49011611938477e-08,3.15380344923243,4,15
1.108,400,15,648.161878294272,-5478.94159435658,648.161878294272,13829.5898656668,14158.0177004292,13845.9025789829,65.2549640494515,59.6952118049159,50.0740048283338,-677.838470700175,-256.096785570796,1.49011611938477e-08,1.49011611938477e-08,1.93719663792263,1.14120715325639,0.189296501068083,3.62065730352487,4,15
1.109,400,15,585.681010694153,46.6943959658915,585.681010694153,14067.6417122499,13767.3635758974,13942.8660691981,64.1298154165151,57.395460813558,50.1368326977301,-508.851095572693,-198.298455762435,1.49011611938477e-08,1.49011611938477e-08,1.84263832814133,1.40115228669206,1.0033150413679,2.77468999905326,4,15
1.11,400,15,647.565389222174,208.473532946429,647.565389222174,13867.753592946,13531.4853317995,14355.9880533309,63.277327237713,52.9990157307736,50.4944176848168,-400.14657334526,-53.7984286443649,1.49011611938477e-08,1.49011611938477e-08,1.82405644768837,1.60985732294789,1.63555662557526,1.77902658022385,4,15
1.111,400,15,636.92052152521,-2937.45378848424,636.92052152521,13425.3826993417,13770.3585225383,14543.7831673338,62.2857806027443,47.7040545947718,49.5023194488629,-347.435866154661,71.5657992187298,1.49011611938477e-08,1.49011611938477e-08,1.90218690090255,1.8313928077234,1.86847790037405,1.38815399133,4,15
1.112,400,15,579.130432124796,84.216141926873,579.130432124796,13267.2373471203,14163.9147661599,14250.0293205528,62.0150077557246,43.5027788476917,47.7814369782473,-430.1870502276,133.939514221486,1.49011611938477e-08,1.49011611938477e-08,1.94655378573227,1.86718440279304,3.07397961119312,1.31472929213362,4,15
1.113,400,15,514.228735973627,202.181486548256,514.228735973627,13604.8966654804,14200.3187695701,13824.1732042436,63.0329379221139,42.8644197400968,45.711110811822,-657.085780440931,69.8972208294009,1.49011611938477e-08,1.49011611938477e-08,1.95521095635164,1.59776636785303,2.220968155965,1.52589702536432,4,15
1.114,400,15,481.969241289991,206.990288411797,481.969241289991,14017.67562447,13818.1327667002,13829.0403896796,64.3308291963521,46.4026576755235,43.6251496112632,-866.226931185787,-170.351132617313,1.49011611938477e-08,1.49011611938477e-08,1.86843581875813,1.33149803703069,0.291719129476857,2.10735826855188,4,15
1.115,400,15,469.020657336553,207.707568865389,469.020657336553,14002.9067086371,13481.3044261376,14264.4936259335,64.6372737829277,51.7286338219647,41.7392237320696,-887.747771007566,-439.82676484755,1.49011611938477e-08,1.49011611938477e-08,1.80320221520886,1.24847141196924,1.49011611938477e-08,2.50750519007134,4,15
1.116,400,15,437.928337603701,208.516738983899,437.928337603701,13605.3322458881,13618.6683750697,14581.6929353371,63.6824463749581,56.3878266736224,39.8443930819193,-786.204438967829,-561.824411265895,1.49011611938477e-08,1.49011611938477e-08,1.87195017335753,1.25406794089009,1.49011611938477e-08,2.39294313314365,4,15
1.117,400,15,373.617914295318,209.391964764183,373.617914295318,13344.8329712205,14048.6536006769,14397.5036032589,62.3726945722182,59.4390268203261,38.9164529833279,-674.44600754651,-529.168752421832,1.49011611938477e-08,1.49011611938477e-08,1.93754840620952,1.18332775025058,1.49011611938477e-08,3.31597199112194,4,15
1.118,400,15,279.440595358617,210.52604413864,279.440595358617,13580.1171543455,14224.6284926023,13946.7804039613,62.0016138194643,60.7837612614917,40.0554734749954,-601.158410732765,-391.388052283903,1.49011611938477e-08,1.49011611938477e-08,1.95429795117586,1.04633633355484,1.49011611938477e-08,12.9091196690368,4,15
1.119,400,15,221.425627428624,211.224164400583,221.425627428624,14012.8001154428,13932.3009204619,13801.1518820981,62.4443703910168,60.623523442322,42.9900341894011,-550.980828622482,-228.847421527868,1.49011611938477e-08,1.49011611938477e-08,1.88409758499024,1.04591565042125,0.445581425012996,4.12992350240995,4,15
1.12,400,15,347.22680349421,209.731862040765,347.22680349421,14116.803639978,13538.4525196597,14148.6241027686,62.0430796948402,59.2477354364865,46.4989989834003,-471.984781754396,-124.068499649222,1.49011611938477e-08,1.49011611938477e-08,1.78803408062654,1.29599927502127,1.15960582414733,2.51749508561722,4,15
1.121,400,15,595.551320669053,-13.4214657099351,595.551320669053,13798.8660618143,13556.05329268,14550.0754559229,58.5755115456224,56.9328615808802,48.8637036883046,-361.141274966683,-87.4401930164348,1.49011611938477e-08,1.49011611938477e-08,1.83731836500326,1.74890438193279,1.96201178761602,2.43755701043921,4,15
1.122,400,15,656.009956980743,-8300.99353427152,656.009956980743,13484.1007873515,13959.3996068747,14529.08240142,51.5637363953176,54.576057971603,49.1224620132528,-295.528294410246,-64.6755554457317,1.49011611938477e-08,1.49011611938477e-08,1.92565510556258,2.12069735066079,2.86176997988124,2.70175325580303,4,15
1.123,400,15,628.852440398213,183.031981974301,628.852440398213,13600.2565099115,14221.4823670136,14136.6185569242,42.8841438355715,53.1476723765088,47.7812516685431,-381.586915160641,-3.64005909684303,1.49011611938477e-08,1.49011611938477e-08,1.96105023464375,1.63783234427723,2.65697232945292,2.34502288943269,4,15
1.124,400,15,519.502719140797,200.016673353634,519.502719140797,13998.4660501887,14012.4378095954,13883.2141181865,39.1333734284002,53.460044730282,46.7150297356016,-629.679219410188,69.7343007689248,1.49011611938477e-08,1.49011611938477e-08,1.91968805484429,0.592649850716645,1.21439446341387,1.35119162293383,4,15
1.125,400,15,283.822594596491,210.462739169437,283.822594596491,14169.9803229059,13576.9882219763,14118.2708266524,44.3138112574999,55.4157857849993,47.1036882301372,-882.528087576136,60.8218059269242,1.49011611938477e-08,1.49011611938477e-08,1.80618026405399,1.49011611938477e-08,0.304167506666208,1.09205031422567,4,15
1.126,400,15,201.145359059002,211.465935780223,201.145359059002,13913.9037811488,13467.5769703432,14544.2998331208,52.5232931279559,57.9261786834258,47.8071844230492,-963.195500838219,-24.8920896709198,1.49011611938477e-08,1.49011611938477e-08,1.81575802117791,1.49011611938477e-08,1.49011611938477e-08,1.59178616922491,4,15
1.127,400,15,427.293287611693,208.72004767174,427.293287611693,13479.4052894252,13829.8997805581,14555.8180054256,59.930084969563,59.9979366599304,48.8273451321093,-921.706945366643,-112.6640704878,1.49011611938477e-08,1.49011611938477e-08,1.90804009045244,0.450951476974909,1.49011611938477e-08,2.37163845502086,4,15
1.128,400,15,664.582947198235,211.823210809706,664.582947198235,13471.071926974,14201.4259251624,14167.9180266328,64.673890838423,61.0728982885161,49.9123782986932,-824.038226326913,-203.200862561982,1.49011611938477e-08,1.49011611938477e-08,1.95082131896352,0.820448388380171,1.49011611938477e-08,3.26316418316934,4,15
1.129,400,15,646.668857136627,208.463621091285,646.668857136627,13852.0672262356,14143.4432737998,13840.0972284987,65.4945796242047,60.5718716539396,50.0828030696505,-665.99317844579,-260.329781518984,1.49011611938477e-08,1.49011611938477e-08,1.93382121881079,1.14698319710398,0.260406796915997,3.65229017657537,4,15
1.13,400,15,578.280604824837,86.0608537918465,578.280604824837,14068.5630900225,13746.7096048226,13961.7558278947,64.3340950639204,58.0497098302861,50.137203021318,-495.349299341668,-188.950119034763,1.49011611938477e-08,1.49011611938477e-08,1.83813799315061,1.40649685255984,1.05156673908639,2.69731691795845,4,15
1.131,400,15,656.157880766306,-8344.52184645394,656.157880766306,13846.2965377551,13532.3977976739,14380.6396033682,63.4757386779831,53.5098232542805,50.4063715125829,-388.563382944488,-42.0641995288113,1.49011611938477e-08,1.49011611938477e-08,1.82690720486334,1.62154088102178,1.65645580477602,1.73387092682338,4,15
1.132,400,15,632.352557620328,-2268.14494242496,632.352557620328,13404.9882123914,13793.9155791709,14542.2669955547,62.4736711450646,48.1338217440483,49.3306136681854,-341.921553367336,81.3737889286483,1.49011611938477e-08,1.49011611938477e-08,1.90608618254494,1.84372016680626,1.85598254025331,1.36340768801725,4,15
1.133,400,15,584.293592355713,56.2473326966206,584.293592355713,13275.8989188126,14177.9275160932,14224.9630165746,62.2356198618922,43.9809529056227,47.5586325054862,-435.361199795733,138.295555784849,1.49011611938477e-08,1.49011611938477e-08,1.94781709886781,1.86486960057421,3.18066092273873,1.30577722756627,4,15
1.134,400,15,526.123244887925,197.456006788758,526.123244887925,13635.767442544,14187.2292249969,13811.1918654727,63.2270568812246,43.4160030608643,45.468801425318,-667.144581815223,61.2988871873435,1.49011611938477e-08,1.49011611938477e-08,1.95345415976381,1.5879371156466,2.1084853893394,1.54199033293619,4,15
1.135,400,15,475.93534712521,207.396707040077,475.93534712521,14036.1734900977,13792.4922555261,13849.2762866273,64.3873137633019,46.9602258643183,43.4471328828993,-865.251239937951,-190.895333474903,1.49011611938477e-08,1.49011611938477e-08,1.86084228604485,1.33563105477842,0.222298333485393,2.1619424179076,4,15
1.136,400,15,454.24054991001,208.177337759512,454.24054991001,13991.0855214447,13474.9211703052,14293.5013925202,64.5628452460453,52.1556585795525,41.6628818951057,-877.536107797062,-446.089353381699,1.49011611938477e-08,1.49011611938477e-08,1.80349780817634,1.26475692365134,1.49011611938477e-08,2.5171101340042,4,15
1.137,400,15,418.39325682969,208.821531646774,418.39325682969,13583.8611827906,13639.8759436405,14584.961707676,63.5540278224811,56.6556226823738,39.9381904030009,-769.708815943241,-566.672964878438,1.49011611938477e-08,1.49011611938477e-08,1.8766583101743,1.27304390379445,1.49011611938477e-08,2.4007438647143,4,15
1.138,400,15,354.687836747867,209.621059460514,354.687836747867,13346.5375631794,14070.1971907654,14372.1478905371,62.3314863044892,59.5551973177387,39.2139366837635,-661.329332720574,-525.348651214396,1.49011611938477e-08,1.49011611938477e-08,1.93929412187913,1.20078316974795,1.49011611938477e-08,3.43912084478596,4,15
1.139,400,15,258.641615728558,210.768884428306,258.641615728558,13607.4745047674,14220.6619954387,13922.8788875974,62.0624084844731,60.7793189952436,40.4894252768994,-589.585265150153,-385.943309925531,1.49011611938477e-08,1.49011611938477e-08,1.95330223913528,1.07522404540993,1.49011611938477e-08,14.2418476378912,4,15
1.14,400,15,206.122576175327,211.4060944758,206.122576175327,14034.7919094998,13908.5214864296,13806.9239220265,62.4558530101051,60.5141361291134,43.4121251189191,-535.301907106491,-228.700186057621,1.49011611938477e-08,1.49011611938477e-08,1.87603546380409,1.09569578327443,0.485735761593239,4.1782122379779,4,15
1.141,400,15,331.116750058867,209.922741845698,331.116750058867,14112.133854599,13527.1940467713,14172.2380227289,61.7978940227419,59.045291005322,46.8440920659782,-454.183859447698,-132.785685785235,1.49011611938477e-08,1.49011611938477e-08,1.78578392524207,1.36792772795374,1.20505457828771,2.61620350574472,4,15
1.142,400,15,587.663856032627,41.8402155165342,587.663856032627,13777.1116111108,13574.0316029586,14556.9343187322,58.0188371623628,56.6739397402636,49.1495026670198,-337.026902326137,-94.8730742795717,1.49011611938477e-08,1.49011611938477e-08,1.84232289993985,1.84123429434862,2.01358677107691,2.57123878883534,4,15
1.143,400,15,655.698287234659,209.787588181129,655.698287234659,13479.0349765101,13984.6233593102,14506.3097881366,50.7045139473088,54.2853714516313,49.4007956843015,-279.308627020643,-71.91254528788,1.49011611938477e-08,1.49011611938477e-08,1.92879521433088,2.21261745864877,2.93545011022864,2.87128829528484,4,15
1.144,400,15,628.424855584289,180.881484601617,628.424855584289,13620.7129693503,14225.0785800394,14105.1444269823,41.8908338118689,52.9169088837182,48.087058129465,-377.796350955418,-10.6536916093358,1.49011611938477e-08,1.49011611938477e-08,1.96149298463222,1.65708019792734,2.61975106223627,2.47837574880912,4,15
1.145,400,15,517.226813179023,200.860563736568,517.226813179023,14019.4766471093,13991.0189826422,13875.342820659,38.4241109906012,53.3376046731253,47.1004476039618,-632.975495667942,57.3130995586861,1.49011611938477e-08,1.49011611938477e-08,1.91312299141441,0.577427606779091,1.14909009185462,1.4352709143226,4,15
1.146,400,15,279.346406257412,210.512259944637,279.346406257412,14165.292439667,13559.4522775921,14133.9523284994,44.03470278225,55.4295308535051,47.5095024122451,-870.918787746235,42.96561289838,1.49011611938477e-08,1.49011611938477e-08,1.80168043268642,1.49011611938477e-08,0.19668277640987,1.20240999262531,4,15
1.147,400,15,232.115361064356,211.095198221279,232.115361064356,13890.6400803414,13479.5220292082,14554.3090064459,52.3382704678436,58.0196664935772,48.100857835895,-949.139697455845,-49.7971530386114,1.49011611938477e-08,1.49011611938477e-08,1.81976776849534,1.49011611938477e-08,1.49011611938477e-08,1.76006254913217,4,15
1.148,400,15,437.501814490979,208.557070692683,437.501814490979,13466.9625332011,13857.5640841168,14537.0147154591,59.6491092281426,60.1060730809542,49.0720505557523,-903.079844042004,-135.688359172929,1.49011611938477e-08,1.49011611938477e-08,1.91169425147568,0.50920154656632,1.49011611938477e-08,2.60179003531935,4,15
1.149,400,15,664.95913019267,-13354.4990441101,664.95913019267,13487.0454633619,14213.1603252423,14137.8936154875,64.0980611721969,61.1316730821683,50.0129787370071,-801.855113709676,-223.736702212224,1.49011611938477e-08,1.49011611938477e-08,1.95163026615991,0.868021739765262,1.49011611938477e-08,3.54642637361925,4,15
1.15,400,15,643.687582613355,208.00893318387,643.687582613355,13874.0317311341,14124.4208873179,13828.2833829331,64.7088496368093,60.5717746528718,50.0996680333709,-642.861321698924,-269.932180181716,1.49011611938477e-08,1.49011611938477e-08,1.92919166972067,1.18566259271683,0.272278650911768,3.82946701866621,4,15
1.151,400,15,566.698833774923,132.878449923668,566.698833774923,14064.9728185975,13723.0013837495,13974.8871441901,63.6126347678241,58.0142627762009,50.2165738895983,-487.100408712068,-191.171784516311,1.49011611938477e-08,1.49011611938477e-08,1.83317975024457,1.42876099142533,1.07091318206111,2.67579793204401,4,15
1.152,400,15,650.938309275863,208.977934347929,650.938309275863,13825.162988646,13534.8769238064,14397.6804047509,62.8359639845741,53.4431589361054,50.3452796949149,-379.550663889925,-32.6207801644938,1.49011611938477e-08,1.49011611938477e-08,1.83002376916603,1.63688825658417,1.66611145726516,1.69635964168347,4,15
1.153,400,15,634.883432587396,-2613.65169807307,634.883432587396,13387.134797859,13817.8590368454,14532.7974698872,61.9375087122811,48.1915165275319,49.1358164314451,-343.457017086024,88.7861673997127,1.49011611938477e-08,1.49011611938477e-08,1.90984123262988,1.84607607210159,1.88082037472899,1.33392628198625,4,15
1.154,400,15,570.751949380165,119.457818980835,570.751949380165,13286.39231139,14191.7944952432,14197.8378233812,61.8438792061769,44.3324804585003,47.2702931946238,-449.587397994729,139.460553670091,1.49011611938477e-08,1.49011611938477e-08,1.94901626464498,1.84322742757684,3.47113014957425,1.28887915478356,4,15
1.155,400,15,509.730078945399,203.235666132088,509.730078945399,13659.8912186076,14171.5207410355,13797.7178105121,63.023577557611,44.2197029440924,45.140677045537,-690.513812133284,52.8081831705256,1.49011611938477e-08,1.49011611938477e-08,1.95157693095361,1.54602823788375,1.86612329570637,1.53711927240945,4,15
1.156,400,15,468.890376404728,207.688765210376,468.890376404728,14042.0244715395,13765.6560438207,13865.886556469,64.3713681798854,48.0367904805138,43.0608412569785,-881.344483107523,-186.811867631696,1.49011611938477e-08,1.49011611938477e-08,1.85527690007082,1.28470468732097,1.49011611938477e-08,2.14159147385539,4,15
1.157,400,15,463.295309085717,207.91734831464,463.295309085717,13968.6013326948,13468.027002904,14318.6527818314,64.7046222379469,53.2851893402627,41.1623507718162,-894.678800918226,-448.105044728687,1.49011611938477e-08,1.49011611938477e-08,1.80596008640854,1.20479447584333,1.49011611938477e-08,2.49006005160173,4,15
1.158,400,15,440.526619091317,208.469468650316,440.526619091317,13557.2466664047,13659.8716188872,14589.4596674451,63.8078300557905,57.7404462736099,39.2598678126623,-786.257497729131,-558.752719292267,1.49011611938477e-08,1.49011611938477e-08,1.88218211082152,1.20033423553339,1.49011611938477e-08,2.43524692301933,4,15
1.159,400,15,381.843968038018,209.298332145482,381.843968038018,13345.6652333139,14088.3123544958,14354.6648454326,62.644365532924,60.5748560829714,38.4433016348019,-678.373440236124,-509.887633963688,1.49011611938477e-08,1.49011611938477e-08,1.94134212111547,1.11482714990622,1.49011611938477e-08,3.68505303477352,4,15
1.16,400,15,279.884110445431,210.520211445616,279.884110445431,13628.3729554245,14211.9850954828,13911.2831893041,62.414552645878,61.7262484157667,39.8104440708731,-607.254391734453,-363.112618221332,1.49011611938477e-08,1.49011611938477e-08,1.95280145691687,0.98767874669826,1.49011611938477e-08,13.3872023591188,4,15
1.161,400,15,232.828686421884,211.089569865317,232.828686421884,14046.2142804275,13881.7893007405,13824.522875938,62.8525823445112,61.4002560901155,42.9991665482697,-556.550093891115,-208.253119395568,1.49011611938477e-08,1.49011611938477e-08,1.87056296268722,1.02093567988848,0.514492604567089,3.45566335281243,4,15
1.162,400,15,373.741591490905,209.404088844477,373.741591490905,14095.9272080305,13513.7722701168,14207.3272542486,62.1832170761162,59.8629893439034,46.6212176768666,-471.225008592913,-106.216337351767,1.49011611938477e-08,1.49011611938477e-08,1.78701095132342,1.30085829454541,1.24287597805953,2.28623637981913,4,15
1.163,400,15,626.349952746006,-333.932693380701,626.349952746006,13749.9450518088,13589.7282417145,14577.5798172953,58.2776945937482,57.3923855585701,48.9066423311491,-353.952136543909,-69.3586330601266,1.49011611938477e-08,1.49011611938477e-08,1.8492777437648,1.75929274910737,2.06876887271616,2.26535746495095,4,15
1.164,400,15,654.636738042475,-7719.24663843277,654.636738042475,13470.2996940819,14006.9251139141,14501.2100212408,50.8916616789599,54.9885998723592,49.0452535983112,-303.016428997989,-43.0785336000696,1.49011611938477e-08,1.49011611938477e-08,1.93232953349245,2.07110709696025,2.99953072575875,2.46166646112908,4,15
1.165,400,15,624.367936306052,145.330028653282,624.367936306052,13637.0731489919,14223.3486125687,14094.1816906696,42.4328450080244,53.6449927921611,47.7584019899966,-414.126169987886,22.3067884658751,1.49011611938477e-08,1.49011611938477e-08,1.96210493333906,1.48210037733059,2.56220086624172,2.0205600743159,4,15
1.166,400,15,502.983479924616,204.538722330319,502.983479924616,14035.2513692931,13966.3076783036,13888.3976527865,39.7744461437843,54.1141356427931,46.9297249639746,-660.496759163679,83.6383031911258,1.49011611938477e-08,1.49011611938477e-08,1.90773134304623,0.487220310639358,1.12010822146612,1.17373875586091,4,15
1.167,400,15,270.288488694348,210.628778742094,270.288488694348,14158.8756400682,13541.0991318278,14170.9740745314,45.6202412734545,56.1771620739801,47.4275587162243,-903.132308294505,60.8550590174451,1.49011611938477e-08,1.49011611938477e-08,1.79968479269507,1.49011611938477e-08,0.185761901161106,1.07288733770057,4,15
1.168,400,15,220.264080460882,211.247970362278,220.264080460882,13862.8150868824,13490.6043091509,14579.4493747457,53.6496062839122,58.6906178308968,47.9157437195622,-965.722773953505,-36.7180532380757,1.49011611938477e-08,1.49011611938477e-08,1.82591864907827,1.49011611938477e-08,1.49011611938477e-08,1.64342050339823,4,15
1.169,400,15,467.526842865943,207.799525564421,467.526842865943,13448.3116950382,13883.4503675376,14532.2204091662,60.8486530450033,60.686224802105,48.984653271425,-916.619232843444,-122.222345960549,1.49011611938477e-08,1.49011611938477e-08,1.91608264645741,0.487706974565514,1.49011611938477e-08,2.41199912258575,4,15
1.17,400,15,663.834878280625,-12559.8322394445,663.834878280625,13497.2456723155,14220.6356169479,14121.2913940384,65.0433258351068,61.5969812661856,49.9074812287064,-811.451999853763,-210.81225370819,1.49011611938477e-08,1.49011611938477e-08,1.95287753275783,0.844095199330506,1.49011611938477e-08,3.24341958005809,4,15
1.171,400,15,641.928541837326,-3916.29681124355,641.928541837326,13890.5938427048,14109.3377180343,13832.9216911392,65.4352740156523,60.8501839070592,49.9751745345401,-655.827590221739,-253.782895484102,1.49011611938477e-08,1.49011611938477e-08,1.9260057991522,1.15915817640458,0.387295114315672,3.44526485604082,4,15
1.172,400,15,557.162556039621,158.920553500608,557.162556039621,14058.0317404136,13704.2646670831,14001.95435405,64.1833326499368,58.0360244725039,50.1522596478563,-487.37998261991,-169.733390554352,1.49011611938477e-08,1.49011611938477e-08,1.83047526465038,1.40776544616623,1.14329144918513,2.44033064774008,4,15
1.173,400,15,652.16217360038,209.175599027328,652.16217360038,13798.6119426359,13540.307179107,14424.7661025182,63.2195171788932,53.3066611611928,50.3637326299897,-376.574048629878,-16.101102591904,1.49011611938477e-08,1.49011611938477e-08,1.83435741065781,1.63288115437923,1.68376677026788,1.61325659483354,4,15
1.174,400,15,628.42351391908,176.473616982758,628.42351391908,13365.7124218814,13843.0593201946,14532.2316651081,62.1817450872341,47.9485092384807,49.2870928943334,-343.401649671948,100.680470495338,1.49011611938477e-08,1.49011611938477e-08,1.91381106107604,1.84866458237248,1.84956647950299,1.30224673776706,4,15
1.175,400,15,577.904939172851,88.7118632798465,577.904939172851,13294.7983830424,14203.995619689,14174.7790759405,62.0601296157925,44.1430974540582,47.5457736073181,-459.772453136359,145.45843587403,1.49011611938477e-08,1.49011611938477e-08,1.95038197005015,1.83298641948066,3.57883803448265,1.28257828904849,4,15
1.176,400,15,516.01024848677,201.400960532648,516.01024848677,13688.7586609245,14157.5140102349,13788.8822916309,63.1833892948919,44.1422151921651,45.4833211483281,-691.308591155153,54.5118875106204,1.49011611938477e-08,1.49011611938477e-08,1.94925176955065,1.53516235002989,1.77599408233366,1.56003421849298,4,15
1.177,400,15,475.77108722882,207.404347152294,475.77108722882,14056.8065954556,13741.9381938199,13888.9216893241,64.3371518147801,48.0429997630458,43.4474400604782,-881.178750644887,-208.40146127532,1.49011611938477e-08,1.49011611938477e-08,1.84819228003463,1.29852321223153,1.49011611938477e-08,2.20685765141477,4,15
1.178,400,15,452.640371971597,208.216723425814,452.640371971597,13955.2251243985,13466.6585937892,14346.4980401098,64.4175182409844,53.2319990952456,41.5384178254615,-877.334719479812,-468.43798308159,1.49011611938477e-08,1.49011611938477e-08,1.80727565421565,1.24134280928461,1.49011611938477e-08,2.49082431930128,4,15
1.179,400,15,414.896436909965,208.870004271554,414.896436909965,13537.9886625389,13684.3068025981,14588.4509599591,63.3283130318293,57.5833558599117,39.7116063490484,-763.573902305048,-567.566870565666,1.49011611938477e-08,1.49011611938477e-08,1.88672932702465,1.24484497306433,1.49011611938477e-08,2.41881980884632,4,15
1.18,400,15,346.276999719569,209.721958238327,346.276999719569,13351.9362338443,14108.8934758736,14324.8221416796,62.1558321516019,60.3114416639548,39.0878140345765,-658.408900881845,-509.658012318909,1.49011611938477e-08,1.49011611938477e-08,1.94283063605918,1.15697501513574,1.49011611938477e-08,3.75748627266295,4,15
1.181,400,15,248.629356893794,210.888361338754,248.629356893794,13658.1719483089,14205.3698936413,13886.7062727877,61.9846390176066,61.391599391073,40.5770145315336,-592.375088067859,-369.61137638053,1.49011611938477e-08,1.49011611938477e-08,1.95104420214105,1.03474212804069,1.49011611938477e-08,14.5451089237577,4,15
1.182,400,15,208.890129710983,211.37281760042,208.890129710983,14068.1262682398,13858.5655264814,13830.7380972141,62.3609418697359,61.0261356632672,43.7006642901167,-536.166512404176,-211.705011666344,1.49011611938477e-08,1.49011611938477e-08,1.86210007166371,1.08130624442672,0.562423773332414,3.65347333037293,4,15
1.183,400,15,360.610265813809,209.568110819376,360.610265813809,14090.7387155741,13506.0228745056,14228.2948821503,61.4558563552942,59.4776481622798,47.1826728778406,-445.462845327891,-116.145463071809,1.49011611938477e-08,1.49011611938477e-08,1.78551257738364,1.37961603399756,1.29178748318449,2.46057560263178,4,15
1.184,400,15,615.436454635537,-203.706009486618,615.436454635537,13731.0129058905,13610.6864091161,14578.4123736166,57.3013190159977,57.050898084411,49.3665705689129,-330.068300413423,-82.1704908322487,1.49011611938477e-08,1.49011611938477e-08,1.85419062280095,1.85714867350485,2.12651541145031,2.47402742679819,4,15
1.185,400,15,654.121322303641,209.513824424319,654.121322303641,13470.8123486746,14030.8150076328,14473.0291071636,49.667008952094,54.7055747862137,49.4751255504091,-288.824082920499,-55.9395253281885,1.49011611938477e-08,1.49011611938477e-08,1.93503563242991,2.16261779180603,3.07256494154564,2.71555565066287,4,15
1.186,400,15,620.766057389804,112.270933272694,620.766057389804,13661.6196949203,14223.6492353345,14061.7327012364,41.1566243807968,53.5195305558266,48.1900530292694,-402.147960886664,5.46181871308549,1.49011611938477e-08,1.49011611938477e-08,1.96202783420559,1.48959030993789,2.45646087897033,2.21852754397533,4,15
1.187,400,15,492.627825065325,205.989695781529,492.627825065325,14056.5311763896,13943.4182343073,13881.6830264642,38.8882799989785,54.1823301892921,47.4099083336124,-664.82302447491,65.5292927784602,1.49011611938477e-08,1.49011611938477e-08,1.90043049074958,0.462498176163187,1.03168961173516,1.29758802402975,4,15
1.188,400,15,257.704549914966,210.781307051187,257.704549914966,14153.3198314044,13525.4393165553,14185.9843234646,45.2465730806244,56.450349300668,47.9019605481776,-900.74245576623,34.7340595089563,1.49011611938477e-08,1.49011611938477e-08,1.79594514771379,1.49011611938477e-08,1.49011611938477e-08,1.21093404187818,4,15
1.189,400,15,238.982875381767,211.023855916292,238.982875381767,13839.6435350547,13504.8782998167,14583.6531019054,53.4306473743732,59.0820640847122,48.2889328023108,-952.004215354875,-65.0488300194849,1.49011611938477e-08,1.49011611938477e-08,1.83024149475402,1.49011611938477e-08,1.49011611938477e-08,1.84617299267861,4,15
1.19,400,15,480.887960163447,207.209692595461,480.887960163447,13441.1080206764,13910.1094068543,14509.9483895517,60.5517272982164,61.1039710156453,49.2740513692684,-898.38511264216,-149.101392290659,1.49011611938477e-08,1.49011611938477e-08,1.91916370988277,0.541937269352228,1.49011611938477e-08,2.69354171184832,4,15
1.191,400,15,662.67368643441,211.340328265169,662.67368643441,13518.0139626084,14228.7902912701,14091.676642201,64.4719004268544,61.9737609229754,50.0278148477283,-795.383483813957,-230.213545451251,1.49011611938477e-08,1.49011611938477e-08,1.95328935143759,0.890381911136422,1.49011611938477e-08,3.57891556908764,4,15
1.192,400,15,638.22066243142,206.015662029606,638.22066243142,13913.6090371203,14087.5269882745,13823.8593379878,64.6853613722133,61.1669602659815,50.0267494895594,-631.335931836544,-264.789330276775,1.49011611938477e-08,1.49011611938477e-08,1.92031584749988,1.19776953698874,0.382580971527975,3.64264177845005,4,15
1.193,400,15,545.157567560976,179.960294905393,545.157567560976,14053.6043581919,13681.9464025562,14016.384814624,63.5443460361123,58.3117039996363,50.2797348874995,-471.176883028181,-164.741488457073,1.49011611938477e-08,1.49011611938477e-08,1.8259727226005,1.43109221539836,1.15509551527533,2.42632578879921,4,15
1.194,400,15,652.476377234414,-6853.21846198815,652.476377234414,13771.1099878908,13545.0532762728,14435.0209333231,62.7765758355557,53.5704380982532,50.4166867964555,-371.053517392075,-5.55428711544436,1.49011611938477e-08,1.49011611938477e-08,1.83807022442088,1.64139182692977,1.68699862297402,1.56543444048636,4,15
1.195,400,15,633.658320497336,-2471.89931222563,633.658320497336,13345.5141138473,13866.3678177276,14514.9768053718,61.8913637032321,48.3651290471807,49.2430505574594,-350.768038785375,107.158665209498,1.49011611938477e-08,1.49011611938477e-08,1.91722406685279,1.83770022596277,1.89016782227917,1.26058362652047,4,15
1.196,400,15,567.7099905383,131.904908901361,567.7099905383,13304.038646656,14213.1239390241,14142.1804498253,61.8517411635999,44.8738880022614,47.4347183714375,-468.633268921263,141.300917011457,1.49011611938477e-08,1.49011611938477e-08,1.95160972930735,1.80496633555222,3.93555235205242,1.2617555133892,4,15
1.197,400,15,503.454429814082,204.525240278657,503.454429814082,13708.2240491936,14136.1647394517,13773.5838489902,63.0132704399002,45.3397452157856,45.4125765009162,-715.215036023143,32.3598037504547,1.49011611938477e-08,1.49011611938477e-08,1.94671243426712,1.50781619885332,1.58148433433074,1.57023743764779,4,15
1.198,400,15,462.460715577959,207.947905309426,462.460715577959,14055.8040327915,13713.0879962515,13903.417041058,64.1754750722661,49.4648346302449,43.5100402506778,-897.098029367985,-238.42501513759,1.49011611938477e-08,1.49011611938477e-08,1.84306739419913,1.27872682294856,1.49011611938477e-08,2.20210028368325,4,15
1.199,400,15,444.094270402399,208.403690449527,444.094270402399,13926.2471782791,13460.5329244398,14365.2554401247,64.2864793481123,54.6512748244224,41.7470442383426,-885.316407916429,-490.731887606388,1.49011611938477e-08,1.49011611938477e-08,1.81052673185081,1.22421547256222,1.49011611938477e-08,2.39432632696964,4,15
1.2,400,15,409.76110542432,208.939449181607,409.76110542432,13507.7297314645,13703.1903794643,14582.4066431754,63.2532570565314,58.9286060814554,40.0011754946059,-771.015939293773,-578.963321453313,1.49011611938477e-08,1.49011611938477e-08,1.89188171688069,1.22561938202155,1.49011611938477e-08,2.34360428212579,4,15
1.201,400,15,346.224108534603,209.722581094929,346.224108534603,13349.1098304178,14122.3803764226,14296.8505220997,62.1421233255485,61.5780936453511,39.39758964689,-671.193300954689,-519.679681060438,1.49011611938477e-08,1.49011611938477e-08,1.94446449349685,1.1359922703549,1.49011611938477e-08,3.75125874726118,4,15
1.202,400,15,249.169074548289,210.887744567258,249.169074548289,13676.0731626683,14192.2761558113,13866.9821414334,62.0085894895573,62.578277491181,40.8975925886464,-599.410494277683,-369.73295978797,1.49011611938477e-08,1.49011611938477e-08,1.94952940100996,1.02074770627431,1.49011611938477e-08,13.4453681894729,4,15
1.203,400,15,225.954524221298,211.175216425604,225.954524221298,14074.8231064852,13831.1069975941,13840.8980068315,62.3320099423668,62.1450376435469,44.0761722149404,-537.734479812964,-210.67923232961,1.49011611938477e-08,1.49011611938477e-08,1.85586942919122,1.07999048392336,0.593604635798286,3.47840617935039,4,15
1.204,400,15,391.942085595875,209.18739219718,391.942085595875,14070.5075529305,13495.8995128382,14252.7431418858,61.2144661561979,60.5032003093678,47.5176016782893,-440.299157149937,-116.085310734472,1.49011611938477e-08,1.49011611938477e-08,1.78700425014842,1.38730935382892,1.33669932238757,2.38449907238185,4,15
1.205,400,15,636.299251763045,-468.397958251781,636.299251763045,13703.0285656751,13628.394988373,14585.1360977026,56.6736536458863,57.9535361815418,49.5482173495813,-323.940030100114,-80.8363857228728,1.49011611938477e-08,1.49011611938477e-08,1.86051089315342,1.85906327078813,2.19024671241124,2.39893624300007,4,15
1.206,400,15,652.114892867517,209.195650273364,652.114892867517,13463.7454225667,14051.3156335344,14454.5008202034,48.7177204243901,55.5951225706322,49.5155752447514,-290.080693849346,-52.2294007368811,1.49011611938477e-08,1.49011611938477e-08,1.93794910907685,2.1145513091338,3.16201072588708,2.57001262536641,4,15
1.207,400,15,616.372934599383,-38.1818054986773,616.372934599383,13678.1640790685,14218.0993508764,14039.777736857,40.3794275320383,54.4520543013973,48.2861475325939,-420.224329092242,15.233293532652,1.49011611938477e-08,1.49011611938477e-08,1.96188554752692,1.38119592977976,2.40351336986282,2.00592608901695,4,15
1.208,400,15,474.653522273738,207.404087565687,474.653522273738,14069.1968964767,13916.9460180121,13885.9565407509,38.9394289097461,55.2019690181008,47.6746604168699,-690.537238974129,69.3685593670571,1.49011611938477e-08,1.49011611938477e-08,1.89380661790132,0.376782245152757,0.987742942204632,1.1810148149444,4,15
1.209,400,15,248.792155056529,210.885816476818,248.792155056529,14143.4590065686,13509.3009665371,14211.5875952249,45.7632980873702,57.4863835310574,48.2222203455058,-917.168253519859,28.0599940571054,1.49011611938477e-08,1.49011611938477e-08,1.79398350588341,1.49011611938477e-08,1.49011611938477e-08,1.20596372864566,4,15
1.21,400,15,246.122672107616,210.938391456002,246.122672107616,13811.518046198,13518.6373695603,14594.6400217426,53.9019800241087,60.0959633095862,48.4597532675614,-954.797856227988,-75.7593904776812,1.49011611938477e-08,1.49011611938477e-08,1.83587730026069,1.49011611938477e-08,1.49011611938477e-08,1.8972678931388,4,15
1.211,400,15,498.744139376863,205.484421293036,498.744139376863,13430.6283369432,13934.8262604918,14494.1560823522,60.9508821198853,62.0653308137439,49.3685189669103,-899.348168887075,-156.468014929107,1.49011611938477e-08,1.49011611938477e-08,1.92256650896345,0.550704102323154,1.49011611938477e-08,2.78891203920806,4,15
1.212,400,15,661.256961510993,211.198325886853,661.256961510993,13536.2075356652,14233.2399529205,14069.0522304445,64.6981259516462,62.8460118688708,50.016578376167,-786.783687510662,-239.6067968128,1.49011611938477e-08,1.49011611938477e-08,1.95398799050661,0.895723584858726,1.49011611938477e-08,3.67992348306105,4,15
1.213,400,15,636.180410155299,204.127390381605,636.180410155299,13933.3058478687,14070.8456990102,13825.7877007883,64.8275010141209,61.8621057128488,49.9372578032645,-617.667831657567,-262.548046973375,1.49011611938477e-08,1.49011611938477e-08,1.91602353341096,1.19918229201932,0.440774843487194,3.60719448080836,4,15
1.214,400,15,539.981044594561,188.006374873008,539.981044594561,14046.6153056895,13664.6292928885,14038.5639715415,63.7026487758977,58.7663365231192,50.1665386577726,-458.197156167264,-149.73418696788,1.49011611938477e-08,1.49011611938477e-08,1.823258476907,1.43262599178785,1.20603672078248,2.32908154670744,4,15
1.215,400,15,653.95994044635,-7446.10919027708,653.95994044635,13746.707721341,13553.9877506125,14453.1733023558,62.9032295904154,53.9047867451458,50.2261804613243,-364.123673096988,2.49756805228913,1.49011611938477e-08,1.49011611938477e-08,1.84218343327177,1.65137373360355,1.68829040112004,1.51664457012507,4,15
1.216,400,15,630.065037254162,186.520330230797,630.065037254162,13331.488308426,13891.7824420683,14505.8980029471,62.0070722201676,48.6695870308017,49.0041793263632,-345.213973411735,114.901538154482,1.49011611938477e-08,1.49011611938477e-08,1.92036429314546,1.84665606599066,1.86963606861645,1.23456744530914,4,15
1.217,400,15,574.814537696249,102.787414961472,574.814537696249,13321.3510532215,14223.590774175,14117.2651374085,62.0066367349163,45.306574503706,47.1834445503088,-476.857591856836,146.063116845601,1.49011611938477e-08,1.49011611938477e-08,1.9527422232432,1.79643751567756,4.16780089564251,1.25435585062445,4,15
1.218,400,15,511.30116132819,202.811170518962,511.30116132819,13741.6117308325,14121.3463554048,13768.5718969923,63.1314114429851,45.8393170049925,45.177706220294,-725.712907261282,24.3533168372259,1.49011611938477e-08,1.49011611938477e-08,1.94325086717449,1.49469027194177,1.49389324330148,1.58831468118734,4,15
1.219,400,15,468.538627624049,207.729072694644,468.538627624049,14068.829267069,13690.886952836,13929.3929619076,64.1666209780825,49.9800545728668,43.3723531427762,-895.138477336624,-255.508909385896,1.49011611938477e-08,1.49011611938477e-08,1.83655814383802,1.27871525630326,1.49011611938477e-08,2.25131593793636,4,15
1.22,400,15,434.532145782397,208.577053952952,434.532145782397,13910.2969526296,13462.5135272074,14391.4669394425,64.1778463496723,55.0587229272505,41.7098911073566,-872.780685628898,-501.672586538759,1.49011611938477e-08,1.49011611938477e-08,1.81287428540101,1.23261563521073,1.49011611938477e-08,2.40200916187621,4,15
1.221,400,15,388.795908725946,209.207585312236,388.795908725946,13489.764770099,13728.732427711,14578.4554282356,63.1448736932592,59.2050448910871,40.1575737979148,-763.858984536322,-578.436839219497,1.49011611938477e-08,1.49011611938477e-08,1.8961567754028,1.23286136118006,1.49011611938477e-08,2.38422188943803,4,15
1.222,400,15,314.708876953306,210.100495984271,314.708876953306,13359.1685150796,14140.5400474268,14268.329956959,62.1574684090915,61.7297422667978,39.807833472199,-661.137245836974,-512.250679990771,1.49011611938477e-08,1.49011611938477e-08,1.94573797708875,1.14382012700002,1.49011611938477e-08,3.97850628157904,4,15
1.223,400,15,222.107229220429,211.211824026672,222.107229220429,13706.718204372,14182.5999906838,13848.2752505868,62.0982180354743,62.6358464864614,41.4583418512071,-589.328462344004,-362.566423140016,1.49011611938477e-08,1.49011611938477e-08,1.94697993705402,1.04506870984201,1.49011611938477e-08,13.4032367755479,4,15
1.224,400,15,200.590116492306,211.476326730845,200.590116492306,14093.4473296588,13807.7258786728,13853.4814288505,62.2960449226171,62.1193762061599,44.5905289209103,-521.33273796788,-210.593724309588,1.49011611938477e-08,1.49011611938477e-08,1.84768473480479,1.12910431553676,0.633011593399409,3.54305111064555,4,15
1.225,400,15,374.129012180871,209.404140108624,374.129012180871,14061.2273804022,13491.0114140906,14275.5085271172,60.8601427276362,60.406030386965,47.9284563800231,-416.835841442168,-121.994323737819,1.49011611938477e-08,1.49011611938477e-08,1.78696264387163,1.46076821154184,1.385902633431,2.49640538268633,4,15
1.226,400,15,625.084988584271,-318.256566625346,625.084988584271,13682.531195493,13650.794865492,14583.6692878388,56.05174660152,57.8436897869329,49.9400322095837,-307.448941960346,-89.7831590113203,1.49011611938477e-08,1.49011611938477e-08,1.86573901416058,1.95050762371282,2.24810516418955,2.54430494852409,4,15
1.227,400,15,652.172703368988,209.205108409856,652.172703368988,13464.5346175579,14073.2098265319,14424.7869766257,47.8627047300039,55.4923457946713,49.9565604073172,-279.130777542021,-60.2891793121171,1.49011611938477e-08,1.49011611938477e-08,1.94045721655847,2.19446635284711,3.25031727013675,2.74547770710487,4,15
1.228,400,15,613.082265948348,-258.773115873522,613.082265948348,13701.2710329338,14215.0228248901,14010.1296488614,39.5109612221729,54.4691796002034,48.776453210887,-421.831485942192,5.50744272609829,1.49011611938477e-08,1.49011611938477e-08,1.96135641452972,1.38609411594003,2.31849296971776,2.13841133212475,4,15
1.229,400,15,463.942361635856,207.852014727785,463.942361635856,14085.4477584402,13893.2893607576,13883.4648634143,38.4417506187894,55.3766347109635,48.2226964560448,-696.319730873689,51.7109021475089,1.49011611938477e-08,1.49011611938477e-08,1.88644462640029,0.369944029704527,0.912464012698178,1.2847558872726,4,15
1.23,400,15,243.432351938416,210.960676238894,243.432351938416,14132.2422423759,13496.7816189568,14228.1802428198,45.6368570426737,57.8401516018167,48.7329646404388,-914.414248706391,1.25348324305418,1.49011611938477e-08,1.49011611938477e-08,1.79181437734715,1.49011611938477e-08,1.49011611938477e-08,1.34432649506054,4,15
1.231,400,15,258.946823903205,210.784820207865,258.946823903205,13784.104327744,13535.9997804091,14595.2052856992,53.8441463604723,60.54172838009,48.8503306597316,-943.536821954187,-99.3462497735497,1.49011611938477e-08,1.49011611938477e-08,1.84095562367383,0.180799772122037,1.49011611938477e-08,2.12123750698983,4,15
1.232,400,15,523.70045584648,199.309403562024,523.70045584648,13423.1038327957,13960.9891712239,14469.2081431218,60.7404499825101,62.5178546691048,49.6450646894145,-881.808691917351,-183.431713653565,1.49011611938477e-08,1.49011611938477e-08,1.92544404567204,0.606695378566259,1.49011611938477e-08,3.10673790437658,4,15
1.233,400,15,660.620073298639,210.823422467364,660.620073298639,13556.045251571,14238.2511368761,14039.7664871668,64.2068875330793,63.2491026150018,50.1273874641202,-764.063555706879,-261.733306899541,1.49011611938477e-08,1.49011611938477e-08,1.9540618129439,0.944403553613855,1.49011611938477e-08,4.02793770486728,4,15
1.234,400,15,631.76529229208,195.729056438987,631.76529229208,13952.0388542439,14047.4993294743,13818.9250717252,64.1726841769683,62.2165695502059,50.0171150830772,-593.152613259684,-272.307450139128,1.49011611938477e-08,1.49011611938477e-08,1.90969387858799,1.24188628926891,0.453309033157301,3.76521816445615,4,15
1.235,400,15,557.620979993026,161.366592398146,557.620979993026,14037.2334699759,13645.3339774934,14053.2974925995,63.1560011460317,59.1040100234225,50.3623683085904,-447.484975704698,-154.402972022765,1.49011611938477e-08,1.49011611938477e-08,1.81988283468041,1.46200547618039,1.22512146707581,2.30263046822424,4,15
1.236,400,15,649.405068399147,-5896.56583010511,649.405068399147,13721.5888967778,13562.7362000331,14464.3406654995,62.3956987305595,54.2482476851345,50.1790314688847,-352.771712013919,8.20665933638465,1.49011611938477e-08,1.49011611938477e-08,1.84615957395214,1.67645499488962,1.68425488583566,1.48807992713381,4,15
1.237,400,15,626.498189954638,-1531.54388469839,626.498189954638,13318.2889698045,13916.4410071165,14490.656863979,61.5890898851124,49.1622789336726,48.7842337162606,-344.305572038348,117.791430294714,1.49011611938477e-08,1.49011611938477e-08,1.92324760918443,1.85987863466659,1.89965439655932,1.21365325877843,4,15
1.238,400,15,562.083080431244,147.331181513499,562.083080431244,13337.4654196937,14229.8716087971,14089.2912808125,61.7331810418483,46.0980527025092,46.8630393703311,-488.255103654824,141.984522335974,1.49011611938477e-08,1.49011611938477e-08,1.95376208693336,1.78604073544699,4.53892434695131,1.24584695554088,4,15
1.239,400,15,498.816127267939,205.380317758586,498.816127267939,13764.1547163972,14098.4978692829,13761.4133216828,63.0367119531097,47.0457435349501,44.8202799995641,-744.288568107781,9.89422443280714,1.49011611938477e-08,1.49011611938477e-08,1.93950916570508,1.46549107943819,1.35220751365522,1.59386048616366,4,15
1.24,400,15,463.404641666165,207.917182811376,463.404641666165,14068.1069318103,13664.8768578928,13950.5143089625,64.2299252691697,51.3056685731383,42.9387046573518,-909.710747763014,-269.424500296787,1.49011611938477e-08,1.49011611938477e-08,1.83168319206543,1.24076458493222,1.49011611938477e-08,2.23250405604143,4,15
1.241,400,15,445.349630744054,208.378434161544,445.349630744054,13884.7353115724,13462.2099804625,14413.4807728698,64.3710159538106,56.3419464282351,41.1617774867764,-887.892112850824,-496.783609113714,1.49011611938477e-08,1.49011611938477e-08,1.81655368632225,1.18651685852686,1.49011611938477e-08,2.37028099833411,4,15
1.242,400,15,409.766552758313,208.939206600408,409.766552758313,13468.1669380996,13750.9683606144,14576.5660010926,63.4115474832684,60.3921591065353,39.4560859770234,-774.160030211824,-572.100551907092,1.49011611938477e-08,1.49011611938477e-08,1.90076918974959,1.17581186512782,1.49011611938477e-08,2.4066464989104,4,15
1.243,400,15,342.01579975039,209.772788485757,342.01579975039,13366.0758133233,14153.6053054163,14249.2841758745,62.4539415901862,62.8181739430782,39.0051434005145,-671.763938725635,-498.328832470484,1.49011611938477e-08,1.49011611938477e-08,1.94726702903648,1.07490461082187,1.49011611938477e-08,4.28517580042455,4,15
1.244,400,15,243.433461245053,210.955252224366,243.433461245053,13729.0569185133,14168.1126880657,13842.2894296416,62.4373378807438,63.6240765376157,40.7631003571367,-600.654804094661,-340.655097821982,1.49011611938477e-08,1.49011611938477e-08,1.94504630788846,0.976085854567145,1.49011611938477e-08,10.1302768640814,4,15
1.245,400,15,231.368251148424,211.105121072249,231.368251148424,14099.829567835,13781.5493503555,13877.2899675457,62.6862219612365,63.019697902864,44.1831292785935,-533.162656158051,-183.195077571857,1.49011611938477e-08,1.49011611938477e-08,1.84239924730795,1.0705369316438,0.662140469826784,2.99396373914213,4,15
1.246,400,15,420.756910509125,208.806693396676,420.756910509125,14041.2212813941,13485.7533589394,14310.0649100656,61.2306792298948,61.1908564919298,47.7004969643306,-433.987388330415,-97.1007423805733,1.49011611938477e-08,1.49011611938477e-08,1.79014472404741,1.40613416221637,1.42928018717438,2.18264495063634,4,15
1.247,400,15,660.227541232401,-820.159547020137,660.227541232401,13658.8492380895,13672.2445958775,14599.5131931987,56.2666185643829,58.4962974875747,49.6700994481639,-319.524123984234,-61.9553123530698,1.49011611938477e-08,1.49011611938477e-08,1.87216935260739,1.87822561318542,2.30589792554477,2.22728433937533,4,15
1.248,400,15,650.483243800182,-6189.98548396947,650.483243800182,13464.508270111,14093.4727823761,14417.2660030594,48.0067037394224,56.1059865033384,49.5765741938622,-299.478350178658,-28.1989722573065,1.49011611938477e-08,1.49011611938477e-08,1.94307792418161,2.05502367964848,3.32475030974642,2.31999689216418,4,15
1.249,400,15,610.322167196495,-171.853580034221,610.322167196495,13722.7226707703,14208.0209682038,14003.1967012629,40.1426167423593,55.070999656627,48.4763017125999,-454.887352262489,40.0349187970405,1.49011611938477e-08,1.49011611938477e-08,1.96077192781114,1.24327910773737,2.28321152585394,1.72682971156205,4,15
1.25,400,15,453.727020110689,208.161994857943,453.727020110689,14098.848388326,13867.3030588998,13904.7207029969,39.7795932421912,55.968524135693,48.0721616893256,-732.940795120564,79.1689683964856,1.49011611938477e-08,1.49011611938477e-08,1.88011846014093,0.274751406014656,0.893805486248662,1.06622647764073,4,15
1.251,400,15,234.76282023446,211.053600644861,234.76282023446,14121.7545610899,13484.7303602509,14266.4680611442,47.0222627755373,58.3526277441019,48.6142275804041,-933.254724051039,23.7964363913872,1.49011611938477e-08,1.49011611938477e-08,1.79165917998965,1.49011611938477e-08,1.49011611938477e-08,1.22746668893222,4,15
1.252,400,15,274.836694446124,210.593378719105,274.836694446124,13752.0790578538,13553.7091730223,14608.9999105346,54.9738924143681,60.9492886138311,48.6694820152115,-956.534740965905,-83.4525671720993,1.49011611938477e-08,1.49011611938477e-08,1.84770533112219,0.124600377471724,1.49011611938477e-08,1.97227397848952,4,15
1.253,400,15,539.238489384797,189.27196392351,539.238489384797,13412.5407306091,13985.7714322406,14458.1167304029,61.6829631247411,62.8110844935641,49.5539620145649,-892.601122171956,-166.966798489278,1.49011611938477e-08,1.49011611938477e-08,1.92876955867043,0.582295075845153,1.49011611938477e-08,2.84781489195672,4,15
1.254,400,15,659.055697483991,210.448789331348,659.055697483991,13572.5733738064,14240.6695133588,14026.1684080825,64.8494522524814,63.4008310178613,50.0290881060393,-772.487030456762,-244.434479034455,1.49011611938477e-08,1.49011611938477e-08,1.95464128312626,0.914537449286547,1.49011611938477e-08,3.62207771062936,4,15
1.255,400,15,629.752456098604,-1919.74104688992,629.752456098604,13965.7181284603,14028.8940049443,13831.1431541481,64.6075486977842,62.1457677429296,49.9085137083099,-598.759702176383,-248.219976822334,1.49011611938477e-08,1.49011611938477e-08,1.90570738520104,1.20529689819572,0.540113911354026,3.3246477987789,4,15
1.256,400,15,559.249480736253,157.689594002168,559.249480736253,14024.0652261724,13629.293795202,14083.670504948,63.4917481041745,58.7783367225562,50.3551152364091,-452.887739031325,-127.079881079532,1.49011611938477e-08,1.49011611938477e-08,1.81889189951034,1.42852325411773,1.28839942163128,2.08817876053197,4,15
1.257,400,15,651.76017562612,209.138260781419,651.76017562612,13692.9077069103,13574.6355588088,14485.0174625715,62.5717048532454,53.7863758976067,50.3134782626849,-357.023085875085,29.5780275277013,1.49011611938477e-08,1.49011611938477e-08,1.85147195728101,1.65502348498512,1.6874465337866,1.40283970261724,4,15
1.258,400,15,628.567087737008,178.71973871652,628.567087737008,13302.7343131533,13940.6707578236,14481.6917354793,61.6639026338916,48.6491456276435,49.0870545953999,-353.824438806241,133.438001078517,1.49011611938477e-08,1.49011611938477e-08,1.9264095275158,1.83646949168663,1.89339561995802,1.17439421943482,4,15
1.259,400,15,564.636132141036,139.952278148488,564.636132141036,13352.8436325641,14237.4163031152,14066.9090696919,61.795430145089,45.7146856531549,47.295973019656,-508.539139609646,149.191725709344,1.49011611938477e-08,1.49011611938477e-08,1.95498555477633,1.74784937893071,4.81599470708999,1.23262313511131,4,15
1.26,400,15,498.555185533639,205.319440219196,498.555185533639,13792.0547097265,14080.8611768278,13760.2822322314,63.0259151359203,46.7993762372311,45.3234811877366,-764.041263228881,1.88162137878602,1.49011611938477e-08,1.49011611938477e-08,1.93561370672724,1.43827628225594,1.25577715718818,1.60961648194466,4,15
1.261,400,15,455.860340332232,208.117501288094,455.860340332232,14074.8860718652,13643.8371557958,13978.0850944487,64.0263416677367,51.2081800851577,43.4969288840214,-910.220020282665,-274.562395397236,1.49011611938477e-08,1.49011611938477e-08,1.82645908924809,1.24208665181151,1.49011611938477e-08,2.27731972684339,4,15
1.262,400,15,428.58882316493,208.662477996067,428.58882316493,13865.1424925315,13467.4369891826,14437.2929067516,63.9449588419871,56.2424984314746,41.7030253127748,-876.69853627461,-512.924503523874,1.49011611938477e-08,1.49011611938477e-08,1.82000356886009,1.20752798438533,1.49011611938477e-08,2.36070459144238,4,15
1.263,400,15,384.14799418498,209.269077863736,384.14799418498,13450.821428151,13776.9124777173,14567.798637428,62.8447513437177,60.2309523261938,40.0767401656679,-759.685311118389,-576.881975091407,1.49011611938477e-08,1.49011611938477e-08,1.90489656019801,1.20069263457639,1.49011611938477e-08,2.42119127589311,4,15
1.264,400,15,310.562928375425,210.156749953142,310.562928375425,13377.7303403761,14168.2968949835,14217.0041171961,61.9148478035684,62.5835343219641,39.8254200861712,-659.865018034533,-495.706207249197,1.49011611938477e-08,1.49011611938477e-08,1.94837651833494,1.09952766592268,1.49011611938477e-08,4.44500367636501,4,15
1.265,400,15,218.073239844445,211.259649786878,218.073239844445,13758.5741692824,14154.6494713922,13823.5061878497,61.9306237759437,63.345874767954,41.6633788934505,-589.55070400915,-338.456494818288,1.49011611938477e-08,1.49011611938477e-08,1.94167386281854,1.00958763781036,1.49011611938477e-08,10.3150277132751,4,15
1.266,400,15,215.286886900558,211.303068555946,215.286886900558,14114.1186050564,13757.5192232458,13889.4198542238,62.0616739702708,62.7218322276272,44.9595293192071,-522.102555756192,-194.746961676731,1.49011611938477e-08,1.49011611938477e-08,1.83469889522408,1.11892196636902,0.708493503142757,3.15352572351697,4,15
1.267,400,15,405.267927844817,209.018529751105,405.267927844817,14028.3688731344,13482.8360762014,14328.6020134556,60.3327801205053,60.8995743171467,48.3022560256523,-414.455577069566,-108.9075790766,1.49011611938477e-08,1.49011611938477e-08,1.79123522502984,1.47052020922257,1.4788804648941,2.34662391837788,4,15
1.268,400,15,650.620816539564,-18.327248895991,650.620816539564,13639.7519183542,13694.7189119388,14592.2410272592,55.1244712946436,58.2792903638528,50.1914028794697,-304.362915408545,-76.1653547464312,1.49011611938477e-08,1.49011611938477e-08,1.87727584176473,1.95009452079435,2.37269813970242,2.42190750150859,4,15
1.269,400,15,650.057497334325,-6051.69342797467,650.057497334325,13468.380351275,14111.7344977927,14383.5533900883,46.6913016059715,56.0074940905226,50.0905350040993,-295.859935219456,-42.7122756051598,1.49011611938477e-08,1.49011611938477e-08,1.94528182950628,2.09675094759716,3.36419892855603,2.536277592578,4,15
1.27,400,15,605.601974604168,-109.0019411395,605.601974604168,13746.7499982972,14200.0822631324,13973.4399928724,38.94581045848,55.1793740824197,49.0107690769805,-462.958940298795,23.7733608799561,1.49011611938477e-08,1.49011611938477e-08,1.95951040541667,1.21550032440089,2.12654356099235,1.8723070191584,4,15
1.271,400,15,438.058913136382,208.499846489349,438.058913136382,14112.9001322033,13842.0499265871,13903.2841328672,39.1573592851692,56.2912960142322,48.6583731698568,-727.898637402984,55.8085866416445,1.49011611938477e-08,1.49011611938477e-08,1.8724737708219,0.244978330134195,0.806107557933546,1.18252037278413,4,15
1.272,400,15,247.372088796557,210.913504961789,247.372088796557,14109.1192240996,13474.4998362966,14281.9244667966,46.8025006364089,58.8695078449377,49.1542941519058,-930.425361763966,-7.55044350351379,1.49011611938477e-08,1.49011611938477e-08,1.79044395869912,1.49011611938477e-08,1.49011611938477e-08,1.38564931479908,4,15
1.273,400,15,285.202444019877,210.469298133084,285.202444019877,13725.1223016881,13572.5617279764,14604.7870917526,54.8237800164193,61.5547950393584,49.0937840650388,-942.442609718799,-115.360570400084,1.49011611938477e-08,1.49011611938477e-08,1.85273821195039,0.239385715250164,1.49011611938477e-08,2.23474814839661,4,15
1.274,400,15,560.83112294772,155.443811504304,560.83112294772,13409.5351695291,14009.7989372652,14429.4419740727,61.4026260736989,63.4210777009825,49.8372608605115,-873.073154085625,-197.962088612095,1.49011611938477e-08,1.49011611938477e-08,1.9311689124177,0.638401059514893,1.49011611938477e-08,3.2349289998338,4,15
1.275,400,15,658.589275691505,-9528.32402830593,658.589275691505,13595.9587067002,14241.3529678037,13996.4345072974,64.3801541788883,63.9638512313923,50.166510108405,-746.538932806494,-270.231085247125,1.49011611938477e-08,1.49011611938477e-08,1.95420287589978,0.96777788676229,1.49011611938477e-08,4.0569381030763,4,15
1.276,400,15,624.714229757927,151.893597013382,624.714229757927,13984.613557976,14004.7036191516,13826.4437250345,64.0502072638048,62.6538131078999,50.0220801300446,-579.15498562142,-264.92421715659,1.49011611938477e-08,1.49011611938477e-08,1.89867721621462,1.25687797662724,0.554493980399439,3.54368575267617,4,15
1.277,400,15,565.854103568964,140.072619826472,565.854103568964,14014.1657026415,13613.1648711918,14098.6146294063,63.0756183274803,59.2362384918966,50.5158478102784,-431.590960524964,-126.751175768494,1.49011611938477e-08,1.49011611938477e-08,1.81625254675792,1.47078287425181,1.30712455766717,2.10479179491173,4,15
1.278,400,15,649.288699379147,208.764306792798,649.288699379147,13664.6488804626,13586.4648062217,14489.61438242,62.288664920835,54.2349025546371,50.275800877495,-344.835067303521,32.3157918147632,1.49011611938477e-08,1.49011611938477e-08,1.85575348186623,1.68822896849015,1.67929630224968,1.39137007839359,4,15
1.279,400,15,622.93780148247,-1127.20444822452,622.93780148247,13289.1690330959,13965.3884482948,14459.7020094612,61.4929694064739,49.2237725640784,48.9001336363354,-353.313472829081,131.429135924072,1.49011611938477e-08,1.49011611938477e-08,1.9289311977849,1.85695188941229,1.92835648356408,1.16698088836672,4,15
1.28,400,15,558.836770841332,156.838779409993,558.836770841332,13368.1443803877,14239.9536211188,14035.0899173683,61.7053250414891,46.5475257058454,47.0394110003175,-518.639149099326,136.133642465332,1.49011611938477e-08,1.49011611938477e-08,1.95591758310779,1.75320119344751,5.08753949714797,1.24282706452315,4,15
1.281,400,15,500.957970552331,205.067057357522,500.957970552331,13811.5284680316,14056.1978772318,13752.7801021074,62.9854150404209,47.9646568103815,45.1041280752181,-764.022321392565,-12.8986774389048,1.49011611938477e-08,1.49011611938477e-08,1.93101069700433,1.43765731165695,1.15371205301217,1.64452926245951,4,15
1.282,400,15,458.789410196242,208.057396535705,458.789410196242,14069.1765344407,13619.7645766019,13997.4329279002,64.0061549882875,52.4077703741528,43.3591346150737,-913.025437449711,-302.372470662158,1.49011611938477e-08,1.49011611938477e-08,1.82220927605227,1.24239827373736,1.49011611938477e-08,2.26997055848344,4,15
1.283,400,15,431.000905826516,208.634862422361,431.000905826516,13836.0674333251,13471.1055974482,14453.0115555029,63.9551314860562,57.3501010774252,41.6657210262094,-873.273517896001,-529.439321694676,1.49011611938477e-08,1.49011611938477e-08,1.82425193633528,1.20813688718722,1.49011611938477e-08,2.28165889040441,4,15
1.284,400,15,387.743560920319,209.220337401701,387.743560920319,13428.1013937122,13800.3736716644,14557.2314863427,62.892821592395,61.2089413262063,40.1023939586725,-756.687102396158,-582.350387564128,1.49011611938477e-08,1.49011611938477e-08,1.90900728595016,1.19846871012031,1.49011611938477e-08,2.37867464782756,4,15
1.285,400,15,312.502448373207,210.126367227435,312.502448373207,13384.6937540886,14179.1020123188,14190.505222633,62.0140567207574,63.4345666984025,39.8734990708208,-658.246232102945,-493.784529368845,1.49011611938477e-08,1.49011611938477e-08,1.94958126083631,1.09443055371542,1.49011611938477e-08,4.56711324597364,4,15
1.286,400,15,219.707793521572,211.239267915123,219.707793521572,13778.6785947679,14137.7779346009,13812.7369105712,62.0795114083098,64.0760051606841,41.791864097382,-591.250479609785,-339.84699649713,1.49011611938477e-08,1.49011611938477e-08,1.9385610665418,1.00933747820324,1.49011611938477e-08,9.14708585464763,4,15
1.287,400,15,228.150929719983,211.14906931124,228.150929719983,14116.6835321872,13732.088984502,13908.4530960572,62.1973671576701,63.3439367586002,45.2072115905213,-518.55913125651,-185.94455745433,1.49011611938477e-08,1.49011611938477e-08,1.8289528069374,1.1279032937868,0.742760997246669,2.96083298993519,4,15
1.288,400,15,436.670199239745,208.561218602203,436.670199239745,14005.6186814337,13481.1570042046,14354.507853885,60.3314836312298,61.390590565414,48.5600374585473,-408.142470785142,-101.317105573372,1.49011611938477e-08,1.49011611938477e-08,1.79450508511871,1.48580181179812,1.52409635141905,2.24226989929849,4,15
1.289,400,15,668.582739417112,209.834676109042,668.582739417112,13615.608521585,13717.8123048787,14595.820978405,54.8893499689428,58.6439203159213,50.3499452151769,-300.448688699948,-68.0515315206277,1.49011611938477e-08,1.49011611938477e-08,1.88301224117502,1.95633894013569,2.42470894836441,2.31410806915181,4,15
1.29,400,15,648.165142288518,-5469.60922867339,648.165142288518,13469.6990263957,14129.4280843636,14364.662124592,46.2834004244619,56.3303661836818,50.1485534683421,-301.98954295572,-30.5769750346316,1.49011611938477e-08,1.49011611938477e-08,1.94746948065187,2.04809078769227,3.42970425316478,2.36021023296774,4,15
1.291,400,15,601.78538601561,-74.3879742809878,601.78538601561,13766.9491546355,14189.6142379836,13959.4229015145,38.8697314835346,55.5016749298987,49.1368984734491,-469.186102257252,34.0841355484775,1.49011611938477e-08,1.49011611938477e-08,1.95807524526997,1.13748821220458,2.0799572302327,1.68323688439285,4,15
1.292,400,15,423.190656758348,208.736801279121,423.190656758348,14121.6293273255,13815.3193373695,13918.49451196,39.6711469235311,56.6205950024618,48.8965043212227,-750.170762753979,63.4405661152731,1.49011611938477e-08,1.49011611938477e-08,1.86565704785316,0.159346642845058,0.774711679947361,1.09702236108606,4,15
1.293,400,15,233.152622614373,211.081759612436,233.152622614373,14093.4121472049,13465.3198033698,14310.1385782412,47.4725770707165,59.1363821960028,49.4137914933005,-942.17463032858,-7.10518944807337,1.49011611938477e-08,1.49011611938477e-08,1.79095137981974,1.49011611938477e-08,1.49011611938477e-08,1.37296837810077,4,15
1.294,400,15,313.482335171939,210.141170046334,313.482335171939,13696.652343714,13592.5742380228,14609.7512886943,55.3274674819767,61.726554260068,49.3099868678849,-944.247703397216,-114.606280804682,1.49011611938477e-08,1.49011611938477e-08,1.85884281359839,0.249435627552917,1.49011611938477e-08,2.2264616256487,4,15
1.295,400,15,585.477271691633,56.5406574838338,585.477271691633,13406.0807662116,14032.9330895472,14412.7999936168,61.6430869263145,63.4944032808989,49.9870976692641,-870.671971652043,-196.25141087368,1.49011611938477e-08,1.49011611938477e-08,1.93386483424263,0.642190705444056,1.49011611938477e-08,3.1996682014212,4,15
1.296,400,15,656.616904225377,-8577.47293489186,656.616904225377,13617.3343887209,14240.7236409389,13981.9864633414,64.2979167816299,63.9115694935713,50.2153905343011,-750.281814868129,-260.560204738708,1.49011611938477e-08,1.49011611938477e-08,1.95419945636339,0.959365699094638,1.49011611938477e-08,3.90740247539987,4,15
1.297,400,15,620.737589312841,92.6697398298549,620.737589312841,13998.5196259038,13984.0369748451,13838.6644380628,63.8419317019766,62.4121529760446,50.0353285086576,-576.488728482294,-244.403564760431,1.49011611938477e-08,1.49011611938477e-08,1.8939389955024,1.23338969210339,0.615941649728393,3.26561901654923,4,15
1.298,400,15,563.882458032097,145.886699178725,563.882458032097,14000.778429886,13598.9776237837,14127.0050198252,62.9326963248059,58.7972857518048,50.6216026217467,-435.173272351374,-98.3101502702475,1.49011611938477e-08,1.49011611938477e-08,1.81572603262091,1.43902442550414,1.35502365791171,1.93648737381324,4,15
1.299,400,15,652.511688416541,-6895.61545088475,652.511688416541,13637.2217680567,13600.9588449475,14504.1474804453,62.1436916488558,53.7087344411508,50.4576666738518,-353.038174504151,57.2936783725933,1.49011611938477e-08,1.49011611938477e-08,1.86101875722093,1.65448569866036,1.68471257016871,1.30302642202967,4,15
1.3,400,15,628.75802040422,-1814.54114284322,628.75802040422,13278.6302751336,13988.2806145437,14444.7759364796,61.3503940967476,48.715178036122,49.1526028016709,-370.190702477543,149.718517439868,1.49011611938477e-08,1.49011611938477e-08,1.93158160853487,1.81035620488869,1.96298684856467,1.11282311060691,4,15
1.301,400,15,560.755365777639,152.148486704575,560.755365777639,13388.3456999356,14244.7635913722,14012.3912910547,61.573419771039,46.2435219847878,47.3542882254062,-533.764633501194,146.289455271441,1.49011611938477e-08,1.49011611938477e-08,1.95696657046926,1.69402032514579,5.29527459428455,1.21534137179002,4,15
1.302,400,15,490.052498106217,206.324708163871,490.052498106217,13838.7786313037,14036.3972674111,13755.0441621247,62.7600837956146,47.8359981110339,45.4955164501161,-787.890163819237,-22.8636882081954,1.49011611938477e-08,1.49011611938477e-08,1.9264268941982,1.39838669643713,1.04441977413712,1.6472988929635,4,15
1.303,400,15,439.812202149151,208.485978241817,439.812202149151,14070.9835799247,13600.2736836434,14026.1031938524,63.5939436008714,52.4495580187314,43.9123281627738,-919.412005771685,-321.828437126597,1.49011611938477e-08,1.49011611938477e-08,1.81844584036963,1.2320284021534,1.49011611938477e-08,2.2891593478477,4,15
1.304,400,15,407.126334293894,208.975555116683,407.126334293894,13812.963755123,13479.2936999528,14473.8147188452,63.3747053151543,57.4157936653957,42.348024844614,-867.192380682988,-541.762050301422,1.49011611938477e-08,1.49011611938477e-08,1.82871597178643,1.21398597196539,1.49011611938477e-08,2.2735189168089,4,15
1.305,400,15,360.269363000643,209.555547966883,360.269363000643,13411.5411084606,13826.3363264759,14544.98466532,62.2479064672548,61.2392806151764,40.9623929310787,-749.314559230511,-583.165202612199,1.49011611938477e-08,1.49011611938477e-08,1.91285209205894,1.20687487239293,1.49011611938477e-08,2.42712515965095,4,15
1.306,400,15,286.731384193929,210.438504235156,286.731384193929,13398.2291451457,14190.948395881,14158.9269072583,61.4291753180695,63.4160306870309,40.9056575321962,-656.620322697538,-495.782616211517,1.49011611938477e-08,1.49011611938477e-08,1.95052556418062,1.10624520424838,1.49011611938477e-08,4.82477048278889,4,15
1.307,400,15,190.983632381218,211.583829770927,190.983632381218,13807.3074005674,14122.2582526215,13798.2427275457,61.4995063359154,64.0258427056114,42.8171153369146,-583.505092441835,-337.269569690342,1.49011611938477e-08,1.49011611938477e-08,1.93439182348388,1.03520182787072,1.49011611938477e-08,8.96237883805754,4,15
1.308,400,15,213.548949703679,211.3238131605,213.548949703679,14126.6647530835,13709.8372157317,13923.7503352549,61.4274741638691,63.2757395967107,46.0455241818588,-503.243950419414,-191.524807903877,1.49011611938477e-08,1.49011611938477e-08,1.82221593202993,1.17182218740046,0.794262742666974,3.08299536283865,4,15
1.309,400,15,420.850398090248,208.807765353857,420.850398090248,13988.8925992224,13482.5273687281,14371.3840131631,59.1991169143639,61.324708923133,49.2080944735305,-387.402321343601,-112.481174769867,1.49011611938477e-08,1.49011611938477e-08,1.79694403300686,1.5454667426866,1.58375580125003,2.38168224199071,4,15
1.31,400,15,652.536683483632,-6722.17822067717,652.536683483632,13596.6151016821,13742.0195697439,14584.6961846544,53.4061573450472,58.6740537808457,50.919719594217,-284.876936089128,-80.9748073336352,1.49011611938477e-08,1.49011611938477e-08,1.88805848227874,2.01652170154294,2.50670845830351,2.47743523587802,4,15
1.311,400,15,647.440028468235,-5261.52281301657,647.440028468235,13474.8706173491,14145.653929053,14328.4999571123,44.6082155152438,56.528739942225,50.7422807560143,-294.648702764478,-46.81922211751,1.49011611938477e-08,1.49011611938477e-08,1.94946163324736,2.06545218576498,3.47999012580934,2.52274694943708,4,15
1.312,400,15,595.659831754754,-23.1229370982023,595.659831754754,13790.0057022547,14178.2952531187,13929.8742697696,37.4604752408534,55.9499620325384,49.8165984640192,-478.621779092428,16.4731451394,1.49011611938477e-08,1.49011611938477e-08,1.95596633226121,1.09597745845286,1.93717096650405,1.78615142148605,4,15
1.313,400,15,411.275042217873,208.915571962374,411.275042217873,14131.5639160573,13789.6821418538,13918.0196092948,39.0277526959667,57.3225508461159,49.6471510315246,-759.116940003661,34.2161338034647,1.49011611938477e-08,1.49011611938477e-08,1.8579516213126,0.126409051422713,0.68221371006886,1.21914442938489,4,15
1.314,400,15,236.788012914811,211.029089377486,236.788012914811,14077.6627076265,13458.3182327086,14323.3927854914,47.215543161169,60.0493172777207,50.056747126736,-936.784412281462,-46.3931788622246,1.49011611938477e-08,1.49011611938477e-08,1.79072507356762,1.49011611938477e-08,1.49011611938477e-08,1.58041859981966,4,15
1.315,400,15,318.498042621002,210.070190833923,318.498042621002,13669.6801479738,13613.5700098818,14600.0479787574,55.1224936638719,62.7413051275875,49.7561174005253,-927.505128891033,-155.060719629871,1.49011611938477e-08,1.49011611938477e-08,1.86382558689538,0.338947874796427,1.49011611938477e-08,2.60742850504177,4,15
1.316,400,15,600.940427591689,-56.4842248927162,600.940427591689,13405.5179925965,14055.2999185409,14379.2460982276,61.3397171360994,64.5318360606759,50.2403643960024,-852.542448601929,-232.097994812228,1.49011611938477e-08,1.49011611938477e-08,1.93592259603738,0.70581146323752,1.49011611938477e-08,3.7892459167465,4,15
1.317,400,15,655.773026332989,-8210.44932957292,655.773026332989,13641.3393135748,14237.9882479846,13950.3455979864,63.8812216453619,64.9180499286929,50.3204220352523,-719.235925278912,-294.300310245653,1.49011611938477e-08,1.49011611938477e-08,1.95313267812464,1.02375969532153,1.49011611938477e-08,4.56131390496659,4,15
1.318,400,15,615.100769315148,-392.643590909387,615.100769315148,14014.5668028801,13959.6298474124,13833.7444395468,63.393371762956,63.3704439700614,50.112166896539,-541.858373848064,-263.679589630568,1.49011611938477e-08,1.49011611938477e-08,1.88645293406567,1.29893007408085,0.622632238119735,3.57336903212683,4,15
1.319,400,15,590.121320988956,23.8257231810892,590.121320988956,13991.3925626336,13585.8675054367,14143.5576161675,62.6218631100769,59.7300857323683,50.6576424208497,-407.213429006721,-104.140037763481,1.49011611938477e-08,1.49011611938477e-08,1.81368389420922,1.49863431123349,1.36667194628497,1.98870703268828,4,15
1.32,400,15,648.22062767927,208.63441677098,648.22062767927,13615.0205905983,13616.0855421186,14508.6681611328,61.8391110881599,54.6680855482549,50.0441435500781,-330.250688360189,52.1773251428602,1.49011611938477e-08,1.49011611938477e-08,1.86495760444668,1.71643566522587,1.66660651987544,1.32557296280362,4,15
1.321,400,15,615.281925079583,-69.2025504290954,615.281925079583,13275.2491210501,14012.8856002454,14424.1679172521,61.1439840893873,49.8216372828213,48.4336040793923,-353.174346544076,140.196299354256,1.49011611938477e-08,1.49011611938477e-08,1.93347042384834,1.86477163064689,1.99824530659751,1.13065687723671,4,15
1.322,400,15,552.689447620587,169.551401268698,552.689447620587,13412.7442193208,14243.7819000782,13986.2095543377,61.5545060258976,47.5773246272489,46.4605291390235,-532.988700607558,135.146208660138,1.49011611938477e-08,1.49011611938477e-08,1.95742343193292,1.71764445912814,5.38327178408968,1.2367051005612,4,15
1.323,400,15,491.705833891172,206.164435156858,491.705833891172,13862.7902303502,14010.5920017837,13756.5250589559,62.9641241461784,49.4029199967273,44.5052619767934,-793.265064201982,-38.5925009672483,1.49011611938477e-08,1.49011611938477e-08,1.92038332618833,1.38806101121734,0.966850431037865,1.67345135984604,4,15
1.324,400,15,458.034749120635,208.079223494015,458.034749120635,14066.4989473512,13578.4974434852,14051.7291462833,64.0361932260355,53.952414466762,42.7626975785633,-923.81978433851,-329.381957387939,1.49011611938477e-08,1.49011611938477e-08,1.8144203006503,1.19732806414048,1.49011611938477e-08,2.28562893374365,4,15
1.325,400,15,433.048795113326,208.601808466865,433.048795113326,13788.0475648569,13486.675471505,14492.5074035092,64.0369031068303,58.7785592412723,41.0358595876036,-872.152376724429,-535.813616448107,1.49011611938477e-08,1.49011611938477e-08,1.83297326356694,1.16044225461915,1.49011611938477e-08,2.2827708387185,4,15
1.326,400,15,390.536269696698,209.185497410928,390.536269696698,13397.3873619016,13850.5446201606,14539.4446787314,63.0678068097249,62.4435564379751,39.4847160896742,-761.778628623991,-570.613000143063,1.49011611938477e-08,1.49011611938477e-08,1.91635562192895,1.1364111326608,1.49011611938477e-08,2.50954976061746,4,15
1.327,400,15,310.600132663486,210.148785672545,310.600132663486,13413.4245297392,14199.0975274476,14143.3336842663,62.338679203616,64.4665454453313,39.3910665925185,-664.101495891625,-474.563046455448,1.49011611938477e-08,1.49011611938477e-08,1.95169072912306,1.02580311797928,1.49011611938477e-08,5.57396355430692,4,15
1.328,400,15,223.790656034113,211.196160647708,223.790656034113,13829.3139896731,14102.6333333983,13802.4386678416,62.4825204697571,64.9146394914029,41.5555156900131,-592.37057726577,-307.982069508511,1.49011611938477e-08,1.49011611938477e-08,1.9308291296123,0.963239344332329,1.49011611938477e-08,6.46631425916102,4,15
1.329,400,15,247.96082561916,210.91639946827,247.96082561916,14127.4428469095,13684.8458302586,13956.771400185,62.4667069275186,63.9963434688834,45.1654033968129,-513.332219758456,-158.085035709157,1.49011611938477e-08,1.49011611938477e-08,1.8177411852554,1.11664781882531,0.826173114763151,2.56390585818319,4,15
1.33,400,15,467.063505366645,207.827004216885,467.063505366645,13965.6070234892,13483.5096215224,14407.5768243775,60.2278034534205,61.850970223988,48.5468336773613,-397.238409657681,-79.6871799239414,1.49011611938477e-08,1.49011611938477e-08,1.80154311078772,1.49643507534482,1.62394055136996,2.04429431825088,4,15
1.331,400,15,660.812448002798,-10664.1950206214,660.812448002798,13575.8974014151,13765.8535515454,14598.7519732132,54.4028705737381,59.018407927742,50.245061662747,-300.493534197703,-49.0531073313976,1.49011611938477e-08,1.49011611938477e-08,1.89365985197932,1.9506822000779,2.54038772264894,2.12555286810666,4,15
1.332,400,15,645.912649647741,-4847.43916390152,645.912649647741,13480.9086210817,14159.957729504,14322.1711790526,45.6800863309988,56.747234395041,49.9929956313581,-315.983174663755,-9.03013718593319,1.49011611938477e-08,1.49011611938477e-08,1.95141015462668,1.93876176979901,3.52936982087128,2.08909399118907,4,15
1.333,400,15,587.137888865503,36.7166152054191,587.137888865503,13811.923203601,14164.1635664866,13933.3312159291,39.0235214555109,56.0796037691601,49.1154303491386,-511.351829540747,55.949742795108,1.49011611938477e-08,1.49011611938477e-08,1.95400134960793,1.00072716479809,1.92798912432611,1.42923052949906,4,15
1.334,400,15,393.912802483062,209.13025695712,393.912802483062,14139.0297990639,13762.9878907049,13950.9419222402,40.9042739891217,57.3761340711965,49.0317645151969,-793.583814704509,67.5543302634049,1.49011611938477e-08,1.49011611938477e-08,1.85202881908557,1.49011611938477e-08,0.681397454179166,1.01308123063164,4,15
1.335,400,15,231.633829813498,211.099928018647,231.633829813498,14060.0152842112,13451.9370946864,14364.9535995457,48.8967675998341,59.9664390884767,49.4648800794594,-960.494144713211,-19.020001668279,1.49011611938477e-08,1.49011611938477e-08,1.79300110704079,1.49011611938477e-08,1.49011611938477e-08,1.40106317509518,4,15
1.336,400,15,343.324319690808,209.773494364783,343.324319690808,13635.9189498816,13635.2598515922,14608.2016532544,56.548992786278,62.5055873558842,49.312028607438,-947.968280747396,-120.523665774626,1.49011611938477e-08,1.49011611938477e-08,1.87063734262532,0.290778329134758,1.49011611938477e-08,2.27156928788853,4,15
1.337,400,15,621.291265503311,-269.582693316529,621.291265503311,13399.7940128701,14075.5620953467,14367.1350498364,62.4367262184447,64.1480629498419,49.9353474490198,-869.977664073574,-201.000837304652,1.49011611938477e-08,1.49011611938477e-08,1.93850130056267,0.664643711633388,1.49011611938477e-08,3.20638598573,4,15
1.338,400,15,654.104337541843,209.519070657802,654.104337541843,13658.3634347833,14232.4434339485,13944.4902058864,64.5967319814381,64.3783713072434,50.0597143153469,-736.947346890114,-262.201988549151,1.49011611938477e-08,1.49011611938477e-08,1.95290441495549,0.972372712769082,1.49011611938477e-08,3.759582646095,4,15
1.339,400,15,610.21548399737,-131.027717381823,610.21548399737,14020.3139452295,13935.5485081848,13855.2832485161,63.8767057573134,62.6259672424236,49.9229369268431,-560.911130644691,-227.900475852363,1.49011611938477e-08,1.49011611938477e-08,1.88233137075052,1.23681934147997,0.706404217795992,2.98127352625016,4,15
1.34,400,15,586.850070029198,45.234409206008,586.850070029198,13973.3826343725,13573.025971531,14179.5458080468,62.9858556808777,58.7706964664234,50.6941205499146,-426.834809050071,-72.3177171066892,1.49011611938477e-08,1.49011611938477e-08,1.81485985843754,1.44115577819609,1.42369092411488,1.77001028169025,4,15
1.341,400,15,649.979989342219,-6061.60514021775,649.979989342219,13584.0477594221,13631.924497028,14526.4248538852,62.0203305877451,53.579432066333,50.3810952527057,-350.524324736832,69.1217390943243,1.49011611938477e-08,1.49011611938477e-08,1.87093693849935,1.66665173599569,1.68157827723404,1.23462662654305,4,15
1.342,400,15,620.227065879633,-859.281654329425,620.227065879633,13262.7757843927,14032.9178392397,14410.5886706407,61.2065369598287,48.7068709333242,49.0569625883577,-377.2469231716,156.118554392595,1.49011611938477e-08,1.49011611938477e-08,1.93605018458655,1.8067430655526,2.05902060531446,1.08855849022749,4,15
1.343,400,15,554.455973235642,165.286813806492,554.455973235642,13429.4426366374,14244.6035092137,13966.6791299054,61.5743984101812,46.6267539577761,47.2756638131309,-566.282698444757,140.082107381586,1.49011611938477e-08,1.49011611938477e-08,1.95839207617926,1.65235865305282,5.12120664398509,1.22255832006079,4,15
1.344,400,15,483.213049770928,206.957297260145,483.213049770928,13884.1362246476,13988.3914618958,13762.332056683,62.8594413067291,48.6188237849545,45.4043670576629,-820.258089548867,-50.4635612250487,1.49011611938477e-08,1.49011611938477e-08,1.91541183331935,1.35241207037518,0.868145190414543,1.68795919824848,4,15
1.345,400,15,442.617182336073,208.433417802733,442.617182336073,14064.1897607716,13561.3703357973,14081.466782288,63.6515658504668,53.3419924475808,43.7150977939255,-928.315940001756,-351.233807490816,1.49011611938477e-08,1.49011611938477e-08,1.81172060983129,1.20264159180044,1.49011611938477e-08,2.31236437237708,4,15
1.346,400,15,410.774702162301,208.927111159612,410.774702162301,13764.8491377127,13498.4475151683,14511.3298162985,63.3309203892884,58.1969229899827,41.9611952847172,-866.015238498821,-545.430090149609,1.49011611938477e-08,1.49011611938477e-08,1.83785231977032,1.19159523221985,1.49011611938477e-08,2.26896908906125,4,15
1.347,400,15,361.862822040444,209.536054615689,361.862822040444,13384.6552721435,13876.5037309982,14523.6685706241,62.1511435007043,61.8309797178716,40.5099056408962,-747.315733533651,-574.17971568971,1.49011611938477e-08,1.49011611938477e-08,1.91979348831095,1.17268147704187,1.49011611938477e-08,2.54403762834158,4,15
1.348,400,15,281.815795016596,210.493510791345,281.815795016596,13430.5858362362,14207.684163486,14110.1916120041,61.4168021613982,63.8167035514859,40.6083989462396,-652.593415501353,-471.172649952795,1.49011611938477e-08,1.49011611938477e-08,1.95240446798832,1.06198030197969,1.49011611938477e-08,5.80457974597095,4,15
1.349,400,15,188.588550163092,211.617583351487,188.588550163092,13858.4683795797,14084.9695046928,13789.6077222244,61.5568500949691,64.2581891563219,42.7574856952304,-581.365451491553,-306.74919865328,1.49011611938477e-08,1.49011611938477e-08,1.92570129754424,1.00494989921875,1.49011611938477e-08,6.68258541023695,4,15
1.35,400,15,230.13712867619,211.12517295872,230.13712867619,14135.3416504988,13664.4779235957,13972.2245645053,61.3880840369057,63.3561581084036,46.1575296539823,-497.882986729368,-164.968738846699,1.49011611938477e-08,1.49011611938477e-08,1.81175613343852,1.16756543028811,0.874620120163539,2.73377611278733,4,15
1.351,400,15,456.789487634755,208.146881874667,456.789487634755,13948.6546737188,13488.844889849,14421.3992768302,58.8542977118041,61.2515999392628,49.3110361936318,-385.788744242741,-95.1625855024619,1.49011611938477e-08,1.49011611938477e-08,1.80466301508705,1.55746917748938,1.67956638093238,2.21986537910902,4,15
1.352,400,15,659.028929077463,210.39066362199,659.028929077463,13561.4015247949,13791.4860531102,14583.6112774736,52.7106618985998,58.5562686885829,50.8807193735742,-288.882985158449,-64.6001356730116,1.49011611938477e-08,1.49011611938477e-08,1.89826910080438,2.00721879163234,2.62830358644201,2.32983965527649,4,15
1.353,400,15,644.757584163318,208.177981193796,644.757584163318,13492.1138976323,14174.1772215025,14285.3887487291,43.8513391639245,56.5137635402113,50.5901603693544,-317.26957429545,-25.0523725424789,1.49011611938477e-08,1.49011611938477e-08,1.9531035637364,1.93947961026809,3.48280398805041,2.28634335662813,4,15
1.354,400,15,584.76828607233,51.5337829699855,584.76828607233,13838.0256977178,14150.1896552023,13907.2362753857,37.5409237311689,56.1393398241128,49.7515863769906,-522.983365146302,36.0690994995688,1.49011611938477e-08,1.49011611938477e-08,1.95091871243006,0.948955671273532,1.75491155406113,1.55183142923298,4,15
1.355,400,15,393.649717321051,209.13629641539,393.649717321051,14148.9951831195,13738.0880372335,13954.6103522251,40.1913744841764,57.7029932634487,49.7101549593927,-801.505947472003,38.4621562966808,1.49011611938477e-08,1.49011611938477e-08,1.84440590479139,1.49011611938477e-08,0.577972874932698,1.14453460325559,4,15
1.356,400,15,229.217869067369,211.13087022382,229.217869067369,14045.1027872447,13449.0104242605,14379.0132238713,48.5338478774885,60.5202375187861,50.0411203787746,-950.032188107439,-48.8884682019299,1.49011611938477e-08,1.49011611938477e-08,1.79361778241861,1.49011611938477e-08,1.49011611938477e-08,1.60319051573306,4,15
1.357,400,15,339.639162343569,209.816478544703,339.639162343569,13614.2168268795,13658.5673550134,14597.5950839249,56.241715502294,63.1681133351515,49.7330137035025,-930.180059889468,-155.964759836574,1.49011611938477e-08,1.49011611938477e-08,1.87523718419907,0.368890121564392,1.49011611938477e-08,2.62891566875577,4,15
1.358,400,15,619.928758452989,-253.433731284124,619.928758452989,13406.196539932,14096.6362877727,14334.0990127468,62.0658453559985,64.8401019426121,50.1969656633129,-845.266577425916,-235.831022810907,1.49011611938477e-08,1.49011611938477e-08,1.94020260838068,0.728267986742731,1.49011611938477e-08,3.75050878727936,4,15
1.359,400,15,653.154123327419,-7146.27483114979,653.154123327419,13687.036560989,14228.0618991225,13916.8460487745,64.1539190377748,65.0340037929061,50.2056785119373,-703.974417992852,-290.766482917098,1.49011611938477e-08,1.49011611938477e-08,1.95113845095155,1.0405291071642,1.49011611938477e-08,4.33326247606072,4,15
1.36,400,15,607.877244334507,-129.037527001809,607.877244334507,14037.2476204383,13912.3373109897,13855.0772620981,63.4332136546567,63.2351990013466,50.0502978207032,-533.36927949837,-248.365359775196,1.49011611938477e-08,1.49011611938477e-08,1.8746137151581,1.30900643042031,0.716331694983881,3.23023393761218,4,15
1.361,400,15,612.489896448473,-172.631924413056,612.489896448473,13966.7964319269,13563.1387006863,14201.465451358,62.6663613640895,59.3845230770652,50.6803796490071,-402.321911464331,-85.3017133116285,1.49011611938477e-08,1.49011611938477e-08,1.81347362466456,1.50881504643119,1.42987127109905,1.82693562449657,4,15
1.362,400,15,646.264290130808,208.374942482019,646.264290130808,13565.0725763877,13649.6712327102,14530.0124051505,61.7566503296233,54.2741602297391,49.9141333532689,-327.592586067092,65.1614007961258,1.49011611938477e-08,1.49011611938477e-08,1.87476162883476,1.73494347157714,1.66256129788706,1.26538954432205,4,15
1.363,400,15,611.142511629809,-160.975873068079,611.142511629809,13265.0156137527,14056.072972449,14388.7189482965,61.1062013512668,49.6099106445663,48.2609473595629,-366.175279966584,150.434132913759,1.49011611938477e-08,1.49011611938477e-08,1.93757024207413,1.86246771456247,2.11609467754527,1.11315475105328,4,15
1.364,400,15,540.4383971156,185.922849469444,540.4383971156,13458.5783468743,14240.2221117156,13942.710061483,61.7093963644775,47.8236181272424,46.2769718065323,-566.866805391467,129.229424187071,1.49011611938477e-08,1.49011611938477e-08,1.95841353659162,1.67291337496863,4.86828757866549,1.25059679817718,4,15
1.365,400,15,480.645370978045,207.083449194497,480.645370978045,13909.0296544993,13961.9945701203,13768.3896908711,63.2234801629161,50.0570329361369,44.2662370261734,-824.158326501689,-65.4078341518856,1.49011611938477e-08,1.49011611938477e-08,1.90836075740628,1.34220488270635,0.801082139804205,1.72141903422997,4,15
1.366,400,15,462.817000626391,207.922219007538,462.817000626391,14058.7405893102,13542.4785308907,14108.9017945553,64.244973959213,54.7083477996841,42.3759205194189,-929.467063565013,-343.046968345532,1.49011611938477e-08,1.49011611938477e-08,1.80837222225023,1.17007953076696,1.49011611938477e-08,2.32180088474654,4,15
1.367,400,15,438.710344274037,208.504504405755,438.710344274037,13741.5012472644,13509.4193721604,14527.827098742,64.1281928644757,59.4219593550967,40.4550844963967,-867.820928227579,-537.345452778233,1.49011611938477e-08,1.49011611938477e-08,1.84231322979259,1.1404777774014,1.49011611938477e-08,2.29785726599915,4,15
1.368,400,15,393.488102570731,209.14825416519,393.488102570731,13375.0348457666,13901.0103853723,14515.6720370854,63.0976992053077,62.8973442338227,38.8681057435566,-751.06210053384,-557.305703576731,1.49011611938477e-08,1.49011611938477e-08,1.92283922655476,1.10374762893407,1.49011611938477e-08,2.66538837434669,4,15
1.369,400,15,306.275746334011,210.206804979391,306.275746334011,13449.6625906775,14213.2426080092,14095.0920271598,62.4550986749693,64.7309268825044,38.99961015495,-657.487899022045,-447.343552963316,1.49011611938477e-08,1.49011611938477e-08,1.95332902927789,0.984117584125347,1.49011611938477e-08,7.03058661156887,4,15
1.37,400,15,226.968925073082,211.151876714358,226.968925073082,13880.2389344653,14063.4058181872,13797.0900709496,62.6790476990696,65.0146972102179,41.4791201299413,-588.641454627719,-275.705368907763,1.49011611938477e-08,1.49011611938477e-08,1.92126873228021,0.939198747065084,1.49011611938477e-08,5.03723149786546,4,15
1.371,400,15,267.523852023402,210.677727068421,267.523852023402,14133.7909182807,13641.2495934632,14007.2244114314,62.5689032479337,63.9530844607019,45.2839862134984,-511.870279761182,-137.128672622743,1.49011611938477e-08,1.49011611938477e-08,1.807883935742,1.12069797329682,0.907407366470293,2.31433619728162,4,15
1.372,400,15,500.573051405341,205.308721503511,500.573051405341,13924.5801778567,13493.4362246459,14455.582859135,60.0344252090368,61.6731296706881,48.641843678763,-394.853230200429,-63.5126102734315,1.49011611938477e-08,1.49011611938477e-08,1.80975948776995,1.5178345114943,1.71778527516939,1.93365631169854,4,15
1.373,400,15,660.630486057173,-10586.943085839,660.630486057173,13543.3702346775,13816.3565032847,14593.8195669,53.8931092949816,58.797652694513,50.194060738383,-301.309648255419,-32.6401404700456,1.49011611938477e-08,1.49011611938477e-08,1.90337106205336,1.95224801037592,2.661398559079,2.02858771862048,4,15
1.374,400,15,643.495255261647,-4255.20044121231,643.495255261647,13501.6822815485,14186.4514727685,14277.6318882261,45.169471067783,56.6120992516545,49.8517526031251,-338.709472627801,11.0885380395904,1.49011611938477e-08,1.49011611938477e-08,1.95480161329228,1.83431832142848,3.52479996150573,1.93135876898056,4,15
1.375,400,15,576.826880181798,93.5352240794421,576.826880181798,13860.1136682613,14134.69233858,13913.4155167651,39.2915129966445,56.1255912692603,49.044985673432,-553.6891880476,73.3928901896761,1.49011611938477e-08,1.49011611938477e-08,1.9482352051432,0.882556384344796,1.75407581130506,1.27773579735766,4,15
1.376,400,15,365.812507432408,209.475658893646,365.812507432408,14153.5042075761,13713.1591723963,13989.5512234228,42.0734601965475,57.5914888211116,49.0710569425938,-819.328360896596,72.8026466465386,1.49011611938477e-08,1.49011611938477e-08,1.83904602978371,1.49011611938477e-08,0.586810336666805,0.977601390279089,4,15
1.377,400,15,228.297092776039,211.139934295091,228.297092776039,14024.7830639275,13447.1445533114,14418.4132422226,50.1389605678553,60.2478881066917,49.4258844542031,-969.541828373933,-21.1332859177435,1.49011611938477e-08,1.49011611938477e-08,1.79694180683619,1.49011611938477e-08,1.49011611938477e-08,1.43255414069506,4,15
1.378,400,15,383.377715407453,209.297862127071,383.377715407453,13582.6853391267,13682.8978928209,14603.106126687,57.6128474190541,62.7208483532729,49.356076403667,-946.281499590826,-123.938894234884,1.49011611938477e-08,1.49011611938477e-08,1.88169139448921,0.33134054974542,1.49011611938477e-08,2.28463068067165,4,15
1.379,400,15,650.58827983028,-679.553507262071,650.58827983028,13403.5379971278,14115.5604062076,14320.7068581857,63.0228851479364,64.2195336408761,49.9422856248423,-861.744504946197,-202.970711154452,1.49011611938477e-08,1.49011611938477e-08,1.94243722513491,0.689785723991321,1.49011611938477e-08,3.15926067397551,4,15
1.38,400,15,651.091948142706,209.054811944315,651.091948142706,13703.7712696419,14219.2772818815,13913.3237438906,64.6893187813132,64.2404597199746,49.9933667915209,-721.73926116589,-256.533429090895,1.49011611938477e-08,1.49011611938477e-08,1.95037753286076,0.989529010423816,1.49011611938477e-08,3.55905866481845,4,15
1.381,400,15,597.916635257502,-41.7649306631324,597.916635257502,14038.8962004599,13887.3321243284,13879.4231445903,63.73997164857,62.2256429031928,49.9349261569905,-553.830431071128,-210.671454008972,1.49011611938477e-08,1.49011611938477e-08,1.8706028701793,1.24505756048645,0.801454461424864,2.70452821811773,4,15
1.382,400,15,607.960232973247,-125.382137775324,607.960232973247,13946.9353813426,13553.9453478368,14238.3290765546,62.8461309457384,58.1492784964518,50.8145096844505,-423.527646332222,-52.9596545203758,1.49011611938477e-08,1.49011611938477e-08,1.81567449262636,1.44900770803049,1.48582155705918,1.63012021144682,4,15
1.383,400,15,644.191029674038,-4445.7210632363,644.191029674038,13533.6289276368,13668.4653167617,14545.1562015518,61.7695852076643,52.9014970362061,50.3716964647883,-348.789091380925,88.3817333534775,1.49011611938477e-08,1.49011611938477e-08,1.88076587547519,1.67710886062389,1.67982945795229,1.1770045016437,4,15
1.384,400,15,611.643030065349,-118.282106757866,611.643030065349,13254.3395129207,14075.2901435029,14372.8593017162,61.0033166164455,48.218188291398,49.0181522561331,-394.018208040819,165.554889005092,1.49011611938477e-08,1.49011611938477e-08,1.93988073716327,1.79288396058488,2.1976955420353,1.07029611139441,4,15
1.385,400,15,541.365983611387,185.022402073093,541.365983611387,13475.1761052975,14237.5807464722,13924.2584069055,61.5490081880628,46.6200151197207,47.2327472706502,-602.643998021399,131.551929412546,1.49011611938477e-08,1.49011611938477e-08,1.95913854413884,1.60273916936738,4.34480879035058,1.23643213725952,4,15
1.386,400,15,483.430177695914,206.941011281176,483.430177695914,13927.0122216246,13937.9370501597,13777.2988585852,62.8957207373409,49.0648624511345,45.3322136106823,-840.603913549893,-67.2233151013119,1.49011611938477e-08,1.49011611938477e-08,1.90297442214092,1.31000824974932,0.710274882314984,1.74037993896855,4,15
1.387,400,15,444.21928357141,208.401964745171,444.21928357141,14051.9650596056,13527.6058756537,14138.6144744143,63.5874643679557,53.910541503989,43.5262537212277,-932.207970441825,-368.160256325311,1.49011611938477e-08,1.49011611938477e-08,1.80682854616772,1.18240336251191,1.49011611938477e-08,2.34002045155616,4,15
1.388,400,15,412.111882777071,208.909000523675,412.111882777071,13716.6977049222,13523.9979517741,14542.846273627,63.1083951982584,58.6643514369453,41.6019374716486,-854.183177592416,-555.250525797724,1.49011611938477e-08,1.49011611938477e-08,1.84754746540143,1.18019056623441,1.49011611938477e-08,2.26799185042596,4,15
1.389,400,15,359.122562210258,209.568849208189,359.122562210258,13364.4996563628,13926.144846638,14495.6224458382,61.8511819528499,62.120049781935,40.1494095578844,-735.364047197534,-562.746384316781,1.49011611938477e-08,1.49011611938477e-08,1.92584508148368,1.14917523344962,1.49011611938477e-08,2.68456348356312,4,15
1.39,400,15,274.253233632735,210.583584413531,274.253233632735,13469.0750869395,14218.0750319163,14061.7400341673,61.1933678424668,63.9285522482131,40.4475405196594,-645.042177941317,-446.395489154787,1.49011611938477e-08,1.49011611938477e-08,1.95377005077945,1.02919656289889,1.49011611938477e-08,7.19135397167808,4,15
1.391,400,15,193.211097944066,211.561989414536,193.211097944066,13908.4240758173,14043.0008067614,13786.7885748794,61.3971652124697,64.2264096712622,42.8314027101512,-580.09447759333,-286.143332368143,1.49011611938477e-08,1.49011611938477e-08,1.91521179394444,0.98526029342958,1.49011611938477e-08,5.35489892712602,4,15
1.392,400,15,254.943199758251,210.835209079634,254.943199758251,14138.4310123077,13621.5534423096,14023.2252550906,61.1282341080495,63.2087071283275,46.3529150262607,-496.235816305729,-147.760330585053,1.49011611938477e-08,1.49011611938477e-08,1.8026363083545,1.17127952900887,0.956178165051139,2.50617651392744,4,15
1.393,400,15,493.076799382069,206.207157437696,493.076799382069,13906.8624948928,13501.1837692058,14466.0773795626,58.2956039597179,60.9854123599517,49.4237096336118,-377.857849552769,-80.5467540088722,1.49011611938477e-08,1.49011611938477e-08,1.81344799581926,1.57420567360202,1.77445766177271,2.12557690095989,4,15
1.394,400,15,659.626273912576,-10038.8527165036,659.626273912576,13532.252653116,13841.3861352648,14575.2345807295,51.8035546459934,58.2816668482956,50.7906921221024,-291.503136361385,-51.6550333550261,1.49011611938477e-08,1.49011611938477e-08,1.90749635898637,1.99538865892119,2.75406355984296,2.24483280022897,4,15
1.395,400,15,641.541731022311,207.49121690736,641.541731022311,13516.8586911198,14196.7235198608,14239.907465327,42.9645842567484,56.3703145910468,50.3719812240497,-342.160044916482,-7.6865186133853,1.49011611938477e-08,1.49011611938477e-08,1.9561568314789,1.80644875949307,3.37891577690276,2.11801902102979,4,15
1.396,400,15,571.979907972131,114.218906059812,571.979907972131,13887.0241463777,14116.6361017757,13889.7135944012,37.5922127713714,56.202318643432,49.6117657167624,-552.056503129809,48.3780106769851,1.49011611938477e-08,1.49011611938477e-08,1.94392681594236,0.814642821955053,1.58111569633751,1.3861940275767,4,15
1.397,400,15,364.559796528522,209.490506964407,364.559796528522,14162.0157263986,13688.0307788227,13995.6056270819,41.253907358346,57.9419605849908,49.6826716866975,-825.989420345476,41.1507552839263,1.49011611938477e-08,1.49011611938477e-08,1.83144107286425,1.49011611938477e-08,0.479575038958184,1.11358285310911,4,15
1.398,400,15,234.118559668335,211.070224453757,234.118559668335,14009.9049206282,13446.7834659417,14430.7167870452,49.6533374573084,60.7935480034705,49.9303430940683,-959.087549947656,-58.3189294465703,1.49011611938477e-08,1.49011611938477e-08,1.79815136149724,1.49011611938477e-08,1.49011611938477e-08,1.65305305580003,4,15
1.399,400,15,362.411285986103,209.553060546473,362.411285986103,13565.7226725752,13706.413384783,14588.6817843544,57.1936928040083,63.3400530976023,49.7349428568884,-926.001250467592,-160.432400041675,1.49011611938477e-08,1.49011611938477e-08,1.88581688904692,0.402822812619438,1.49011611938477e-08,2.67012167028604,4,15
1.4,400,15,647.163505742536,-1278.636977403,647.163505742536,13415.4166952176,14133.3385733377,14285.6251655806,62.6012215890747,64.8457448113813,50.2081660946094,-834.562815723979,-239.50382282573,1.49011611938477e-08,1.49011611938477e-08,1.9438636101425,0.755060674027173,1.49011611938477e-08,3.7507299438966,4,15
1.401,400,15,650.322418923368,208.947530294563,650.322418923368,13734.9806686496,14211.651928678,13887.0801613147,64.2426575710169,64.8057907320781,50.1704791945532,-695.315731998815,-286.602810820201,1.49011611938477e-08,1.49011611938477e-08,1.94782602391075,1.06205008941056,1.49011611938477e-08,4.17889566619989,4,15
1.402,400,15,597.071051480151,-34.9362874646687,597.071051480151,14054.4686104885,13864.4324798232,13880.6890355768,63.3325403452662,62.7125362716792,50.0683319453911,-516.328102452498,-228.048812906546,1.49011611938477e-08,1.49011611938477e-08,1.86296330734985,1.32300807653923,0.812081334054816,2.9830654614861,4,15
1.403,400,15,622.820536649037,-291.621676655457,622.820536649037,13933.511193134,13546.7071911207,14254.0674232166,62.628530890517,58.6288982533951,50.7512916910283,-394.404881773494,-59.9811401343623,1.49011611938477e-08,1.49011611938477e-08,1.81543127994524,1.52057923654103,1.49217866805941,1.71248716784659,4,15
1.404,400,15,646.540825665658,-4994.73849241205,646.540825665658,13511.2672887733,13687.8492563342,14539.0947525129,61.7139844021807,53.4501900440557,49.9696617225814,-330.767937081336,81.9644791833617,1.49011611938477e-08,1.49011611938477e-08,1.88467265836521,1.74268986531203,1.678826196998,1.22196768938759,4,15
1.405,400,15,612.069754632382,-172.443255711077,612.069754632382,13255.9727609861,14095.4124698862,14342.3505082992,61.1205743157986,48.9605665221073,48.3486618871382,-388.783878851853,154.175690006225,1.49011611938477e-08,1.49011611938477e-08,1.94125049186511,1.84466037308924,2.3043908886848,1.11147033687846,4,15
1.406,400,15,537.553682360076,189.386751466799,537.553682360076,13502.9147041263,14229.9801746372,13896.0182631564,61.7819775846303,47.6185939063723,46.4314289187246,-592.24621857871,115.160100713659,1.49011611938477e-08,1.49011611938477e-08,1.9587688979954,1.63373424193163,3.93041013969061,1.29300288193475,4,15
1.407,400,15,468.944284762908,207.686545856973,468.944284762908,13947.8427301216,13910.5539705863,13781.0447481223,63.171097488637,50.2557232009068,44.5380952842693,-840.08167120745,-99.0744796515706,1.49011611938477e-08,1.49011611938477e-08,1.8954942193435,1.32867823662342,0.640202190670958,1.81798476479268,4,15
1.408,400,15,440.743174302676,208.462333284608,440.743174302676,14040.7826043984,13511.1018000602,14160.559252917,63.9290185036253,55.0075302349671,42.7970832170025,-923.689962727399,-392.704591054336,1.49011611938477e-08,1.49011611938477e-08,1.80465922965186,1.19203131254553,1.49011611938477e-08,2.33734987719784,4,15
1.409,400,15,416.247580171352,208.85253138567,416.247580171352,13689.7948578742,13537.4996927213,14548.9004767915,63.5541553074996,59.6125342943323,41.0098959308272,-844.487909911245,-564.902414189204,1.49011611938477e-08,1.49011611938477e-08,1.85236860660501,1.18153914788288,1.49011611938477e-08,2.21866531873295,4,15
1.41,400,15,366.903536582796,209.482285844797,366.903536582796,13353.7071134935,13949.6818466139,14475.3017401731,62.4313326521102,62.9026914804303,39.6415472160705,-728.677896705452,-563.293439446913,1.49011611938477e-08,1.49011611938477e-08,1.92847817129211,1.1429234128631,1.49011611938477e-08,2.68496349123717,4,15
1.411,400,15,278.964775519025,210.533454860069,278.964775519025,13487.1011010121,14220.5187205048,14035.7017431071,61.8796509986248,64.5572765376702,40.0192597851513,-643.398072619598,-450.050376936765,1.49011611938477e-08,1.49011611938477e-08,1.95420783095653,1.02501771573045,1.49011611938477e-08,7.69538093452013,4,15
1.412,400,15,201.057480852317,211.464940445847,201.057480852317,13927.6454675724,14020.2244259753,13785.5937122976,62.1260214596504,64.7031168146604,42.5746490283275,-573.876294157533,-279.829566055247,1.49011611938477e-08,1.49011611938477e-08,1.90944150932072,0.997385893423962,1.49011611938477e-08,4.99803456207728,4,15
1.413,400,15,267.294104055711,210.682301404799,267.294104055711,14133.2916678367,13601.447823731,14047.6425731027,61.7750757523857,63.5320404526696,46.2432088934224,-486.376037209914,-142.856506878483,1.49011611938477e-08,1.49011611938477e-08,1.79886986818313,1.20245936307866,0.993027064591597,2.4288537317804,4,15
1.414,400,15,512.668745901718,202.934825208297,512.668745901718,13879.9479195274,13509.7612740164,14484.6264930143,58.761742872313,61.1595650578147,49.3515388385748,-366.05698996494,-77.1891813795265,1.49011611938477e-08,1.49011611938477e-08,1.81843404429914,1.62007098748881,1.81616429893335,2.09375722311921,4,15
1.415,400,15,659.632738459722,210.582470680979,659.632738459722,13514.4471889666,13866.7883141271,14566.9368616973,52.1242311618224,58.3212155420713,50.6838634753157,-285.19773036691,-47.7468371402979,1.49011611938477e-08,1.49011611938477e-08,1.91190660183178,2.04039725056712,2.80062548111687,2.21864084127807,4,15
1.416,400,15,640.301297382006,-3574.90265257348,640.301297382006,13527.0011360744,14206.4502686542,14216.9498195627,43.2106604165063,56.3378268003195,50.2182184714718,-339.490409460897,-3.99408638434866,1.49011611938477e-08,1.49011611938477e-08,1.95757237338227,1.80534196139267,3.40441496391966,2.06421482268825,4,15
1.417,400,15,562.822486229959,145.00687720836,562.822486229959,13906.2746509811,14099.1272049511,13883.9431313392,38.0594899969039,56.1541216795952,49.4656234470157,-566.071373232949,55.4872902475293,1.49011611938477e-08,1.49011611938477e-08,1.94016884297854,0.793401194079827,1.54456795052957,1.33337565535366,4,15
1.418,400,15,334.175846996675,209.864909589894,334.175846996675,14161.0521329821,13664.5939010372,14017.6978118654,41.9468844305346,57.9085630074957,49.5736221896985,-839.185520170005,43.0674998886864,1.49011611938477e-08,1.49011611938477e-08,1.8260898154419,1.49011611938477e-08,0.450175104223542,1.09864617127073,4,15
1.419,400,15,221.9785407868,211.2175443658,221.9785407868,13985.2100233149,13448.5193293343,14454.3187103812,50.3373037312879,60.7192176788482,49.8203239957247,-962.590095400356,-59.1201158181663,1.49011611938477e-08,1.49011611938477e-08,1.80164712358006,1.49011611938477e-08,1.49011611938477e-08,1.65184524676275,4,15
1.42,400,15,411.791275230535,208.92537506613,411.791275230535,13541.0490947715,13732.1944627795,14584.5335017068,57.7458344926542,63.1842389202734,49.725609387282,-925.334034874779,-157.937145855814,1.49011611938477e-08,1.49011611938477e-08,1.8911336720541,0.4185579224194,1.49011611938477e-08,2.62630334525681,4,15
1.421,400,15,672.130766135721,-490.527134316257,672.130766135721,13419.7584235178,14150.0601422127,14263.4495994512,62.7861528546267,64.590819203283,50.1585977624616,-837.727811177815,-231.252986469848,1.49011611938477e-08,1.49011611938477e-08,1.94556107024993,0.759651587454818,1.49011611938477e-08,3.61470631158862,4,15
1.422,400,15,647.798582393913,-5372.22763002184,647.798582393913,13754.604613773,14199.2966364074,13877.8005092469,64.1107389941929,64.4356996185087,50.0842772574029,-692.419492076788,-275.657260227605,1.49011611938477e-08,1.49011611938477e-08,1.94595569480855,1.05366260271294,1.49011611938477e-08,3.89772206643673,4,15
1.423,400,15,583.717337890232,57.2050211217464,583.717337890232,14055.34767308,13838.8806462934,13899.0364487302,63.1343889036008,62.2051528650126,50.0415893692541,-518.730063275992,-205.934537612043,1.49011611938477e-08,1.49011611938477e-08,1.85820171832471,1.29826405756536,0.864765910172043,2.71601405182444,4,15
1.424,400,15,630.794098855042,-392.921849205877,630.794098855042,13919.571059514,13540.9502275686,14288.2043400731,62.3969536841629,57.9686698735198,50.7615939416393,-399.644326503693,-37.3858832695434,1.49011611938477e-08,1.49011611938477e-08,1.81744037563103,1.49533673749232,1.52419247598918,1.59315775733404,4,15
1.425,400,15,643.307264110343,-4173.25950359885,643.307264110343,13488.5690250926,13708.9890260059,14549.0767181372,61.417657262999,52.7651318057197,49.9996040934901,-339.627926273183,99.675875902078,1.49011611938477e-08,1.49011611938477e-08,1.8897047929586,1.71570810265795,1.68667237425583,1.1598567484319,4,15
1.426,400,15,600.453749402036,-62.9142614719873,600.453749402036,13257.1491703776,14114.1036366605,14324.7695986043,60.8471468195764,48.408998269391,48.4328127910407,-400.291825580685,165.327008373988,1.49011611938477e-08,1.49011611938477e-08,1.94298080676996,1.80005206569877,2.4289251273718,1.0753258840372,4,15
1.427,400,15,526.02140317438,197.136059835779,526.02140317438,13527.6033354426,14223.911375221,13881.9927374557,61.6376384890664,47.3836446100741,46.5425232415949,-621.498021212608,119.621142302854,1.49011611938477e-08,1.49011611938477e-08,1.95869556899439,1.57012085590975,3.43846383650267,1.27068862911515,4,15
1.428,400,15,484.529676256122,206.861620923106,484.529676256122,13966.9023090821,13885.6400822535,13796.6143216122,63.0870098192966,50.2528126529966,44.6207224147397,-865.730193675771,-103.403924613467,1.49011611938477e-08,1.49011611938477e-08,1.88944610715414,1.27421239641849,0.543731416451415,1.80598745756671,4,15
1.429,400,15,449.746589650493,208.285340566036,449.746589650493,14033.0205472033,13498.9023341165,14193.5010123326,63.7833249588838,55.1283677853542,42.8067049872477,-935.278142671543,-396.390356021028,1.49011611938477e-08,1.49011611938477e-08,1.80412944856204,1.15299167780046,1.49011611938477e-08,2.35323680567564,4,15
1.43,400,15,419.23304835105,208.810520669209,419.23304835105,13667.6630364965,13554.5124968205,14565.9223388093,63.3083611608245,59.7249122738987,40.8942388624033,-848.008499207325,-559.022942574439,1.49011611938477e-08,1.49011611938477e-08,1.8576806934678,1.14695738785433,1.49011611938477e-08,2.27814488606775,4,15
1.431,400,15,363.115955028303,209.520264830111,363.115955028303,13350.8069243443,13973.8467483551,14462.5567530667,62.1290312388194,62.9673737876379,39.5609871193774,-737.066717534771,-550.715303550942,1.49011611938477e-08,1.49011611938477e-08,1.93111268474491,1.10004163007212,1.49011611938477e-08,2.885911356255,4,15
1.432,400,15,269.590349748771,210.638804067503,269.590349748771,13512.1841624306,14221.9575645775,14017.3304632225,61.6051626636186,64.5733480967238,40.1084286583184,-648.701687702722,-426.417689580221,1.49011611938477e-08,1.49011611938477e-08,1.95454127200166,0.976980472250862,1.49011611938477e-08,9.54899598999324,4,15
1.433,400,15,199.252869502885,211.489402621684,199.252869502885,13954.6489606014,13997.6197153186,13792.9710428535,61.8667887585066,64.6963462751895,42.8060224602923,-580.50905946498,-254.558157093691,1.49011611938477e-08,1.49011611938477e-08,1.9034732267671,0.957260496203305,0.172827218722385,4.28731905155831,4,15
1.434,400,15,279.308632549361,210.543848968351,279.308632549361,14134.2079992025,13583.011674393,14078.8344645477,61.4444633784856,63.5160803123325,46.5184956619044,-491.960718267081,-122.090688348161,1.49011611938477e-08,1.49011611938477e-08,1.79581377343094,1.17304316370347,1.03350476048761,2.26060463265636,4,15
1.435,400,15,528.05490816883,196.935289968495,528.05490816883,13861.9614175094,13520.3051755419,14507.1779601054,58.2668336745443,61.1073054710257,49.5684079977147,-371.752294583739,-60.8897638427569,1.49011611938477e-08,1.49011611938477e-08,1.82367629161203,1.59017897738878,1.87170152232997,1.99117847982093,4,15
1.436,400,15,659.022406713682,210.444978431461,659.022406713682,13506.5365050599,13892.1694553108,14561.9790258438,51.4401732869764,58.3378306442115,50.7916930373081,-297.980503617835,-33.7735654304265,1.49011611938477e-08,1.49011611938477e-08,1.91604892789939,1.97913937240227,2.88895761648731,2.10365175310293,4,15
1.437,400,15,637.979772569322,206.190548106472,637.979772569322,13545.6314506945,14214.0628960546,14195.7906730812,42.6965675881458,56.5032626972267,50.3095816433785,-362.457979203378,12.5500872852099,1.49011611938477e-08,1.49011611938477e-08,1.95878703193533,1.67913051147305,3.29022786824882,1.9052131052807,4,15
1.438,400,15,556.353593873302,160.346166227002,556.353593873302,13933.1667000626,14079.4879910575,13880.766879758,38.2131230724551,56.4842637427571,49.646456040867,-596.499024001608,66.7821885190234,1.49011611938477e-08,1.49011611938477e-08,1.93552648606827,0.705231267052924,1.4470768292089,1.22006040780573,4,15
1.439,400,15,339.418970594492,209.803189119073,339.418970594492,14167.4412504202,13641.9813193744,14043.1675764798,42.6275086318537,58.3427778670201,49.8053047516332,-861.617544930145,44.3857815769786,1.49011611938477e-08,1.49011611938477e-08,1.820409918297,1.49011611938477e-08,0.388503268201558,1.07617531396083,4,15
1.44,400,15,237.468440723204,211.030205885056,237.468440723204,13969.2693696309,13452.8182980604,14481.1502469106,50.9235542667599,61.1832840599963,49.9288137729143,-967.45934335506,-63.2797622898355,1.49011611938477e-08,1.49011611938477e-08,1.80490007830706,1.49011611938477e-08,1.49011611938477e-08,1.67541540558057,4,15
1.441,400,15,403.880481738692,209.040630936684,403.880481738692,13521.7629655343,13757.8474040988,14578.5186277685,58.2724076563439,63.6037715532424,49.8807912694949,-928.073050218757,-156.087997516712,1.49011611938477e-08,1.49011611938477e-08,1.89591410907683,0.431400760255828,1.49011611938477e-08,2.64593001080664,4,15
1.442,400,15,660.4636038383,210.617291471979,660.4636038383,13429.2292566005,14166.0107831096,14238.5724734977,63.1910255472831,64.9248657390052,50.332870775236,-833.229913948869,-234.353981942642,1.49011611938477e-08,1.49011611938477e-08,1.9471016743479,0.774582188137248,1.49011611938477e-08,3.63258583508482,4,15
1.443,400,15,646.736226663937,208.47189337672,646.736226663937,13780.207943235,14190.0998384482,13865.3068170531,64.3562491469994,64.6242657137049,50.2511188549888,-681.437388305234,-276.714666325825,1.49011611938477e-08,1.49011611938477e-08,1.94336198858143,1.07410148270538,1.49011611938477e-08,3.87780398790378,4,15
1.444,400,15,581.039653167067,71.9924747829682,581.039653167067,14062.4818579854,13817.2172245288,13912.9962327749,63.2513524243328,62.2158332057551,50.2510378425659,-503.84141490069,-201.3855077386,1.49011611938477e-08,1.49011611938477e-08,1.85234139009789,1.32669248416659,0.91365564071664,2.68438094306433,4,15
1.445,400,15,640.965381854106,-536.891265943925,640.965381854106,13900.1192330692,13537.592609818,14312.3165429835,62.4882928770217,57.8973282821495,50.9232405345181,-386.878929615549,-32.9358282606579,1.49011611938477e-08,1.49011611938477e-08,1.81927861957707,1.52897171089246,1.54660152933933,1.59312594894137,4,15
1.446,400,15,644.890301654542,-4570.98913984429,644.890301654542,13463.6514717936,13730.6421124197,14547.8594369686,61.4901028664135,52.6664512819337,50.0976234247457,-332.78608078255,95.2179070809363,1.49011611938477e-08,1.49011611938477e-08,1.89418381916803,1.75116097025381,1.68109855925793,1.17788623362393,4,15
1.447,400,15,601.977595879457,-76.3571948647885,601.977595879457,13257.4525196348,14131.6344011738,14297.5589208262,60.9720426564643,48.4035737854579,48.4904072386849,-403.312309237112,160.868255565919,1.49011611938477e-08,1.49011611938477e-08,1.94445565926151,1.82391935040157,2.52344030604284,1.10702470238989,4,15
1.448,400,15,531.719021610337,193.61698593466,531.719021610337,13553.3644062683,14213.8730383076,13858.7701875258,61.7850341378635,47.563244350346,46.5956998316898,-631.336726527126,102.036251339715,1.49011611938477e-08,1.49011611938477e-08,1.95802207119013,1.58336106543204,3.14247808386837,1.32620450796922,4,15
1.449,400,15,455.470000555262,208.151047324952,455.470000555262,13985.0048753554,13858.5299866745,13805.3353619498,63.1598910243807,50.6098549472036,44.7028714295975,-867.303430315877,-135.518422316654,1.49011611938477e-08,1.49011611938477e-08,1.88186886519182,1.29573884639166,0.48080359645474,1.89410865830514,4,15
1.45,400,15,435.516294649683,208.561793276623,435.516294649683,14019.8329146012,13486.3444984545,14216.7013058335,63.7677439740673,55.4637049340937,42.8801486683736,-923.130686592321,-426.337215593487,1.49011611938477e-08,1.49011611938477e-08,1.80298080430993,1.18420337004709,1.49011611938477e-08,2.34735925429265,4,15
1.451,400,15,406.883322025962,208.978463160868,406.883322025962,13641.9267542902,13571.5116242735,14568.3116462771,63.2127917122179,59.9865102380127,40.9829029124182,-836.583123150831,-573.594488111781,1.49011611938477e-08,1.49011611938477e-08,1.86258483518521,1.18193227219615,1.49011611938477e-08,2.19978067569673,4,15
1.452,400,15,355.011542208998,209.618104989441,355.011542208998,13343.485780385,13996.6569253457,14435.8286461584,62.0337923723513,63.1234838822881,39.6550221521649,-720.932417667619,-559.86834693065,1.49011611938477e-08,1.49011611938477e-08,1.93339440517049,1.13111316875787,1.49011611938477e-08,2.81283652636717,4,15
1.453,400,15,270.118306131852,210.63894805786,270.118306131852,13532.6604404845,14221.3320089392,13986.5725989778,61.5591657214615,64.6338524975626,40.2285508650865,-633.876181014141,-431.626264365871,1.49011611938477e-08,1.49011611938477e-08,1.95450945746659,1.00853174850784,1.49011611938477e-08,9.44024125004191,4,15
1.454,400,15,193.500908340785,211.558506112542,193.500908340785,13974.185989286,13973.9223501015,13789.2983297678,61.8256743180717,64.6708011406992,42.9546258945159,-564.643818862325,-260.063058047283,1.49011611938477e-08,1.49011611938477e-08,1.89666612809227,0.998799890633635,0.262298377280831,4.45447768876242,4,15
1.455,400,15,282.076194704958,210.504342809039,282.076194704958,14127.9818125847,13565.7349848399,14098.1883121196,61.288891292295,63.4143196278295,46.6383520494006,-472.555040162954,-131.446725303931,1.49011611938477e-08,1.49011611938477e-08,1.79248420108575,1.22970478775875,1.08013240438505,2.36299847899964,4,15
1.456,400,15,539.840143033255,188.417029447665,539.840143033255,13836.3269776312,13531.9831308084,14517.010377337,57.894742529243,60.9848710643142,49.595649155165,-357.834449758366,-74.7783712071403,1.49011611938477e-08,1.49011611938477e-08,1.82845771599275,1.66257588092124,1.92099092205415,2.11136262348588,4,15
1.457,400,15,658.337130407777,210.303020331688,658.337130407777,13494.0749271226,13916.7313070712,14543.6426124988,50.8677334080866,58.2139011903185,50.7227472348877,-285.695435389021,-45.7026966159481,1.49011611938477e-08,1.49011611938477e-08,1.91975153844071,2.05125607396721,2.95629635359347,2.24774730395576,4,15
1.458,400,15,636.240907005185,204.189628124684,636.240907005185,13560.6213753066,14220.1758328193,14165.8895086755,42.0185892639276,56.4515562714647,50.1566933453052,-362.786623932805,3.26657890040833,1.49011611938477e-08,1.49011611938477e-08,1.95980942804081,1.69028050893424,3.20760735654223,2.01903708328237,4,15
1.459,400,15,546.866747296224,177.788720241355,546.866747296224,13953.6800017109,14058.2536053111,13870.5944754688,37.8586849811176,56.5620803385039,49.4859748162398,-605.960301474549,56.8539127418368,1.49011611938477e-08,1.49011611938477e-08,1.9303923957807,0.67883731705402,1.36604602285358,1.28269132419464,4,15
1.46,400,15,315.348290288195,210.091783726515,315.348290288195,14165.7008406012,13618.8822596593,14059.5971738164,42.7372703703489,58.5619676948808,49.6712377431351,-868.01618981851,29.0319277054499,1.49011611938477e-08,1.49011611938477e-08,1.81488730057121,1.49011611938477e-08,0.313075612679603,1.15106506735703,4,15
1.461,400,15,233.461152792314,211.089465541854,233.461152792314,13945.6834105188,13456.9593640447,14495.7015100463,51.1969736021459,61.4598106624208,49.7796248440583,-963.090092156143,-74.2627846509131,1.49011611938477e-08,1.49011611938477e-08,1.80825661397785,1.49011611938477e-08,1.49011611938477e-08,1.78933474541743,4,15
1.462,400,15,428.82514355341,208.682302601218,428.82514355341,13503.1155401024,13783.0645226133,14566.277630238,58.5228396122077,63.8596234840978,49.8095238150414,-919.728317789093,-170.094926894416,1.49011611938477e-08,1.49011611938477e-08,1.90028253181619,0.461782641782666,1.49011611938477e-08,2.80002637612261,4,15
1.463,400,15,664.788113279957,212.330954705569,664.788113279957,13439.800108233,14179.5440994086,14209.9326890482,63.1967096367095,65.1308985066009,50.2061625439702,-821.299645507245,-246.922373804809,1.49011611938477e-08,1.49011611938477e-08,1.94835441515878,0.798135740388409,1.49011611938477e-08,3.80490900175781,4,15
1.464,400,15,644.372353529707,208.126918243271,644.372353529707,13802.2274061446,14173.7605419109,13852.2626948467,64.1648695893519,64.7546761752294,50.0796488064832,-666.617325811896,-281.770016520485,1.49011611938477e-08,1.49011611938477e-08,1.94027940120736,1.09202608938961,1.49011611938477e-08,3.94178941899247,4,15
1.465,400,15,569.54463707194,124.16815531762,569.54463707194,14062.9447649303,13791.6482662799,13927.1955080925,63.0932107420562,62.2608194280597,50.1066412211584,-493.63118192867,-192.771339555423,1.49011611938477e-08,1.49011611938477e-08,1.8470947681142,1.33366101525149,0.945208926897318,2.60630510312817,4,15
1.466,400,15,642.520829625916,-212.999444129733,642.520829625916,13878.4589128595,13534.7193281844,14332.7412997557,62.4178127016612,57.843468414625,50.7950428686616,-387.398362220938,-27.7830758068743,1.49011611938477e-08,1.49011611938477e-08,1.82179376115866,1.53246722800133,1.56099922703354,1.53265685687136,4,15
1.467,400,15,644.13291609003,208.023245010337,644.13291609003,13438.6578248527,13752.9173395976,14543.6298207541,61.4743054470989,52.6563538157586,49.9893949464422,-337.008806807083,104.981837515245,1.49011611938477e-08,1.49011611938477e-08,1.89874481924514,1.74753108739818,1.68704315856953,1.13960000547992,4,15
1.468,400,15,593.532840703972,-6.9082055765171,593.532840703972,13258.9750825755,14148.134929365,14270.1922580041,60.9993279122557,48.6112827415756,48.4323964711273,-419.432900057786,162.128766731489,1.49011611938477e-08,1.49011611938477e-08,1.94599504165969,1.80548196248311,2.70463463357925,1.09132399265446,4,15
1.469,400,15,518.883639771999,200.636656911983,518.883639771999,13574.9695424421,14203.2814667705,13839.5070121229,61.8787922842632,48.1484404102951,46.6158296038457,-656.811256710339,90.5938125678742,1.49011611938477e-08,1.49011611938477e-08,1.95743054699798,1.55285984804467,2.74419417597485,1.3326261061597,4,15
1.47,400,15,476.185895707803,207.340128059894,476.185895707803,13996.4334837957,13831.8950716182,13816.98895206,63.252932385576,51.4211877761366,44.838863504915,-886.905518327087,-156.698794578094,1.49011611938477e-08,1.49011611938477e-08,1.8759407215851,1.27189195990818,0.370533942850456,1.90930257743681,4,15
1.471,400,15,440.175313139386,208.478759048502,440.175313139386,14003.5435758133,13475.9143538677,14242.188743379,63.8010084638869,56.342515438155,43.1649483197976,-932.228321719427,-432.303067500897,1.49011611938477e-08,1.49011611938477e-08,1.80382639135339,1.17062714871464,1.49011611938477e-08,2.31715973477817,4,15
1.472,400,15,403.206244860217,209.026074225561,403.206244860217,13613.8357390541,13589.6963209073,14574.7261213828,63.2106554796036,60.8191460098883,41.393740559112,-838.581851252633,-580.653682410224,1.49011611938477e-08,1.49011611938477e-08,1.86813781719565,1.17086284495241,1.49011611938477e-08,2.18306178262769,4,15
1.473,400,15,341.590595202323,209.779242858746,341.590595202323,13337.5410765191,14018.4402580431,14413.7665019778,62.067667172535,63.8830879059388,40.275190991224,-724.103788092546,-556.762910604039,1.49011611938477e-08,1.49011611938477e-08,1.93566785763827,1.11708224398568,1.49011611938477e-08,2.90454069721775,4,15
1.474,400,15,247.583439755947,210.908499477137,247.583439755947,13553.6888198356,14218.6922541835,13962.9171548577,61.6613495673755,65.3222626535444,41.0493436028287,-638.007680794975,-422.474016737703,1.49011611938477e-08,1.49011611938477e-08,1.95431451388836,0.999248341045722,1.49011611938477e-08,10.5429946169381,4,15
1.475,400,15,193.47300822958,211.558519457175,193.47300822958,13993.5876158073,13949.2604117662,13793.074744832,61.9101280998955,65.3079484075256,43.8571362591423,-566.1648907676,-251.253367931452,1.49011611938477e-08,1.49011611938477e-08,1.8901165475162,1.00360966410132,0.304631915848448,4.2008695032363,4,15
1.476,400,15,304.222506448317,210.245330800307,304.222506448317,14120.8858349869,13549.3071482393,14123.9186474477,61.201266727549,63.9922034684104,47.4816171494134,-474.493322653456,-131.251238651189,1.49011611938477e-08,1.49011611938477e-08,1.79048125692703,1.24730231004772,1.11936571854943,2.32837058887633,4,15
1.477,400,15,554.604345631417,168.197737195877,554.604345631417,13813.3269115978,13545.0438866079,14530.5472614401,57.5018631342669,61.4548466159512,50.296984292177,-352.308307706539,-72.4158825230597,1.49011611938477e-08,1.49011611938477e-08,1.83420377799477,1.68425246053718,1.98049158740065,2.10410120345282,4,15
1.478,400,15,657.421424423742,210.114766607426,657.421424423742,13484.1039491599,13941.1843263572,14529.8603907412,50.1614431999297,58.7078301368655,51.2656929949405,-286.85807120582,-42.3061683393965,1.49011611938477e-08,1.49011611938477e-08,1.9235319488297,2.04663710575896,3.05411322569037,2.2235454023441,4,15
1.479,400,15,632.049821182656,195.955031485783,632.049821182656,13577.1370759428,14223.9333904131,14139.919972279,41.3725311774432,57.0471672393674,50.6707597396708,-377.132238456002,9.08610645780648,1.49011611938477e-08,1.49011611938477e-08,1.96072140568183,1.61864411315572,3.12750476892159,1.94079805163122,4,15
1.48,400,15,532.799341984766,192.666176506077,532.799341984766,13974.723231826,14036.3942682436,13865.8317005457,37.7791364939665,57.2761682009006,50.0765768107729,-629.258104747722,58.7930617581208,1.49011611938477e-08,1.49011611938477e-08,1.92509186210866,0.613982209804744,1.29071239203739,1.22143252438512,4,15
1.481,400,15,316.791654889385,210.074312599413,316.791654889385,14165.1242392369,13597.5117366747,14082.2666753947,43.1667654560957,59.3401337443949,50.3047977309698,-875.840368181219,26.9416836681483,1.49011611938477e-08,1.49011611938477e-08,1.8102518308117,1.49011611938477e-08,0.229587665362214,1.16751729770994,4,15
1.482,400,15,236.680810047876,211.039679573198,236.680810047876,13924.6587358649,13463.8564781855,14516.0199996658,51.6101480546949,62.2311422443128,50.2991037317024,-966.848638167463,-84.7366300556485,1.49011611938477e-08,1.49011611938477e-08,1.81240518948949,1.49011611938477e-08,1.49011611938477e-08,1.86197197346949,4,15
1.483,400,15,438.772091158465,208.534068721064,438.772091158465,13488.0577153592,13808.9361762307,14557.1522267845,58.8694020467778,64.5768572963213,50.2546884405186,-916.703555222834,-180.247032516554,1.49011611938477e-08,1.49011611938477e-08,1.90453136388589,0.481345974903999,1.49011611938477e-08,2.92866887358118,4,15
1.484,400,15,663.043044721668,211.397618541823,663.043044721668,13454.0350140562,14191.8053146871,14185.3047547394,63.4238352985574,65.7566671098184,50.5713408356851,-812.64525975955,-256.597008320783,1.49011611938477e-08,1.49011611938477e-08,1.94965812956891,0.817818282460922,1.49011611938477e-08,3.98167626760596,4,15
1.485,400,15,643.163400219364,207.9067460632,643.163400219364,13829.0545305824,14162.4026988673,13843.8837415726,64.2707108507329,65.2129706920497,50.3803337339557,-650.956110881489,-284.787020339808,1.49011611938477e-08,1.49011611938477e-08,1.9369721994242,1.11453665852487,1.49011611938477e-08,4.02883129539531,4,15
1.486,400,15,565.473337440985,136.794038814681,565.473337440985,14067.6028296136,13770.5428387192,13943.9620944393,63.147306906689,62.5144759622488,50.4011140034339,-483.176771419852,-193.48346296526,1.49011611938477e-08,1.49011611938477e-08,1.84176417033473,1.36059892509804,0.994168664334927,2.58678745961332,4,15
1.487,400,15,656.125738107505,-789.629538047196,656.125738107505,13864.6942494424,13534.8059897828,14360.7093008537,62.4025396559032,58.0025561858294,50.8376561769383,-369.999669209286,-19.6144675948721,1.49011611938477e-08,1.49011611938477e-08,1.82390153258794,1.56780289143394,1.57424248368642,1.53437950091422,4,15
1.488,400,15,639.750274865578,-3500.46018342124,639.750274865578,13423.8144851742,13776.3445347997,14545.2796698767,61.4423441309601,52.7871905947984,49.7810056098553,-325.112340805267,111.770385647897,1.49011611938477e-08,1.49011611938477e-08,1.90250863409274,1.78619534315418,1.67069678316398,1.15226001562556,4,15
1.489,400,15,590.652090615175,15.8438741255288,590.652090615175,13271.7808939926,14164.2800112712,14248.2884585612,61.0985266615795,48.8372936391185,48.0268514037908,-419.37092484592,166.789365034856,1.49011611938477e-08,1.49011611938477e-08,1.9471237219054,1.82396943316222,2.8123819011679,1.10867365707007,4,15
1.49,400,15,517.293661795607,200.95463448159,517.293661795607,13610.2833170203,14192.5904082599,13827.4571564752,62.1198291785463,48.494275840133,46.0530197743792,-664.434354982044,87.325897078808,1.49011611938477e-08,1.49011611938477e-08,1.95565476238492,1.54489313066906,2.55333635904813,1.36001950289605,4,15
1.491,400,15,456.518519441029,208.12366792805,456.518519441029,14017.904062317,13806.7466204763,13837.0499620835,63.5759975678118,51.8495155592574,44.0937879656369,-882.503303787553,-150.812482859283,1.49011611938477e-08,1.49011611938477e-08,1.86793030865576,1.25656509160183,0.294473332825935,1.9559816164852,4,15
1.492,400,15,439.808923879394,208.486359818918,439.808923879394,13993.1545388002,13468.5945907373,14272.6687654832,64.2048079741136,56.7153384458047,42.1696077438979,-928.268782332094,-434.890649178842,1.49011611938477e-08,1.49011611938477e-08,1.80355870367866,1.14838358883593,1.49011611938477e-08,2.35895589193506,4,15
1.493,400,15,414.766480012787,208.872716045777,414.766480012787,13594.8724128337,13610.7418544731,14582.6770110972,63.6695592446504,61.1018016807104,40.2267428678512,-832.653614955041,-570.961813236693,1.49011611938477e-08,1.49011611938477e-08,1.87288503620559,1.13751194701845,1.49011611938477e-08,2.24768187830554,4,15
1.494,400,15,361.71053545724,209.536925784872,361.71053545724,13340.1291759668,14041.4206052273,14395.576706905,62.616410099614,64.0510376237273,39.0659990231111,-719.933951848338,-539.401231109881,1.49011611938477e-08,1.49011611938477e-08,1.9376902611013,1.06975857790435,1.49011611938477e-08,3.11567627253123,4,15
1.495,400,15,276.116652518508,210.560058896759,276.116652518508,13580.5762358811,14216.0990069,13946.1938652107,62.2924172046374,65.3817580327427,39.9935931621981,-635.532785177305,-401.076074856167,1.49011611938477e-08,1.49011611938477e-08,1.9539797941352,0.953578303244438,1.49011611938477e-08,12.688344554673,4,15
1.496,400,15,205.357926297184,211.415931340129,205.357926297184,14013.8461762844,13925.7769778121,13805.4930562522,62.5749164683595,65.254199568398,43.0766082866801,-568.991068540384,-237.032309351114,1.49011611938477e-08,1.49011611938477e-08,1.88352958316636,0.977468432379086,0.360426873488684,3.68219833078181,4,15
1.497,400,15,316.763161816434,210.09540410988,316.763161816434,14113.3849397561,13535.8512851376,14155.2662685844,61.8172591298612,63.8346526742086,46.9209705336194,-473.158049551044,-112.963013154912,1.49011611938477e-08,1.49011611938477e-08,1.78921114980145,1.2414478160182,1.16345210043063,2.1718852804432,4,15
1.498,400,15,580.568314848025,82.4308857405184,580.568314848025,13788.76613678,13560.7180839176,14549.173404702,58.0326388432682,61.260909844633,49.8062252707616,-352.127204652697,-58.1366180156644,1.49011611938477e-08,1.49011611938477e-08,1.8399274142096,1.68808094761134,2.02559889940225,2.01061356545004,4,15
1.499,400,15,657.08250942176,210.049715653708,657.08250942176,13476.0180649125,13966.2504020658,14520.7287100161,50.6574947502752,58.4812762681949,50.7469967203669,-293.603223606789,-28.3602405412757,1.49011611938477e-08,1.49011611938477e-08,1.92708469933437,2.03585811776423,3.11399201989484,2.13186249191565,4,15
1.5,400,15,632.265254874729,196.860446737051,632.265254874729,13595.5419497592,14228.1145682076,14122.6205147218,41.9993895583384,56.8456205819692,50.1119035329211,-394.838872893937,24.7979804893663,1.49011611938477e-08,1.49011611938477e-08,1.96160740045259,1.56448037972159,3.05152570555358,1.83382210999846,4,15
