Time,Irradiance,Temp,Vpv,Ipv,Vdc,Vrms_1,Vrms_2,Vrms_3,Irms_1,Irms_2,Irms_3,Pac,Q,THDv_1,THDv_2,THDv_3,THDi_1,THDi_2,THDi_3,ScenarioID,SetTemp
0,1000,55,480.050409520308,540.78978654062,480.050409520308,120,120,120,120,120,120,0,0,1.49011611938477e-08,1.49011611938477e-08,1.49011611938477e-08,1.49011611938477e-08,1.49011611938477e-08,1.49011611938477e-08,22,55
0.001,1000,55,486.495640385935,469.874035337645,486.495640385935,120,120,120,120,120,120,0,0,1.49011611938477e-08,1.49011611938477e-08,1.49011611938477e-08,1.49011611938477e-08,1.49011611938477e-08,1.49011611938477e-08,22,55
0.002,1000,55,470.906239023618,497.112490133798,470.906239023618,120,120,120,120,120,120,0,0,1.49011611938477e-08,1.49011611938477e-08,1.49011611938477e-08,1.49011611938477e-08,1.49011611938477e-08,1.49011611938477e-08,22,55
0.003,1000,55,436.238720034222,521.435095632613,436.238720034222,120,120,120,120,120,120,0,0,1.49011611938477e-08,1.49011611938477e-08,1.49011611938477e-08,1.49011611938477e-08,1.49011611938477e-08,1.49011611938477e-08,22,55
0.004,1000,55,410.718227206151,526.485281611545,410.718227206151,120,120,120,120,120,120,0,0,1.49011611938477e-08,1.49011611938477e-08,1.49011611938477e-08,1.49011611938477e-08,1.49011611938477e-08,1.49011611938477e-08,22,55
0.005,1000,55,387.973681412687,528.522867676448,387.973681412687,120,120,120,120,120,120,0,0,1.49011611938477e-08,1.49011611938477e-08,1.49011611938477e-08,1.49011611938477e-08,1.49011611938477e-08,1.49011611938477e-08,22,55
0.006,1000,55,380.092912208277,528.961247422523,380.092912208277,120,120,120,120,120,120,0,0,1.49011611938477e-08,1.49011611938477e-08,1.49011611938477e-08,1.49011611938477e-08,1.49011611938477e-08,1.49011611938477e-08,22,55
0.007,1000,55,440.341901451903,520.071945317895,440.341901451903,120,120,120,120,120,120,0,0,1.49011611938477e-08,1.49011611938477e-08,1.49011611938477e-08,1.49011611938477e-08,1.49011611938477e-08,1.49011611938477e-08,22,55
0.008,1000,55,441.526521116673,519.509800813761,441.526521116673,120,120,120,120,120,120,0,0,1.49011611938477e-08,1.49011611938477e-08,1.49011611938477e-08,1.49011611938477e-08,1.49011611938477e-08,1.49011611938477e-08,22,55
0.009,1000,55,454.671883193301,512.803416210773,454.671883193301,120,120,120,120,120,120,0,0,1.49011611938477e-08,1.49011611938477e-08,1.49011611938477e-08,1.49011611938477e-08,1.49011611938477e-08,1.49011611938477e-08,22,55
0.01,1000,55,456.045764648367,511.83724476481,456.045764648367,120,120,120,120,120,120,0,0,1.49011611938477e-08,1.49011611938477e-08,1.49011611938477e-08,1.49011611938477e-08,1.49011611938477e-08,1.49011611938477e-08,22,55
0.011,1000,55,429.089110240934,523.364455524251,429.089110240934,120,120,120,120,120,120,0,0,1.49011611938477e-08,1.49011611938477e-08,1.49011611938477e-08,1.49011611938477e-08,1.49011611938477e-08,1.49011611938477e-08,22,55
0.012,1000,55,381.138735793349,528.911515511974,381.138735793349,120,120,120,120,120,120,0,0,1.49011611938477e-08,1.49011611938477e-08,1.49011611938477e-08,1.49011611938477e-08,1.49011611938477e-08,1.49011611938477e-08,22,55
0.013,1000,55,279.531137700378,532.465679348883,279.531137700378,120,120,120,120,120,120,0,0,1.49011611938477e-08,1.49011611938477e-08,1.49011611938477e-08,1.49011611938477e-08,1.49011611938477e-08,1.49011611938477e-08,22,55
0.014,1000,55,247.836271173055,533.431314476367,247.836271173055,120,120,120,120,120,120,0,0,1.49011611938477e-08,1.49011611938477e-08,1.49011611938477e-08,1.49011611938477e-08,1.49011611938477e-08,1.49011611938477e-08,22,55
0.015,1000,55,271.34893692726,532.744856854482,271.34893692726,120,120,120,120,120,120,0,0,1.49011611938477e-08,1.49011611938477e-08,1.49011611938477e-08,1.49011611938477e-08,1.49011611938477e-08,1.49011611938477e-08,22,55
0.016,1000,55,273.521064878218,532.690435609053,273.521064878218,120,120,120,120,120,120,0,0,1.49011611938477e-08,1.49011611938477e-08,1.49011611938477e-08,1.49011611938477e-08,1.49011611938477e-08,1.49011611938477e-08,22,55
0.017,1000,55,407.248270092724,526.935030749025,407.248270092724,13648.8870091487,13842.309406014,14471.9372067519,54.3008813484269,67.8476278811325,15.8035286021594,-665.01662503226,-392.74478124468,1.49011611938477e-08,1.49011611938477e-08,1.8914018287013,1.49011611938477e-08,1.49011611938477e-08,0.560773403949983,22,55
0.018,1000,55,448.034046050459,516.686884699112,448.034046050459,13674.6234042934,14195.4388433652,14081.9190027321,56.85508598648,70.0356642201371,15.807737774568,-561.71757146351,-428.454141306182,1.49011611938477e-08,1.49011611938477e-08,1.93879649970971,1.49011611938477e-08,1.49011611938477e-08,0.592890806534412,22,55
0.019,1000,55,412.258886597546,526.309288771681,412.258886597546,14105.8431641417,14120.2567437001,13767.3240874762,58.2060039253761,70.7570644343102,15.6769684083635,-374.032918753729,-453.258108317261,1.49011611938477e-08,1.49011611938477e-08,1.90090954304333,0.279235988065772,1.49011611938477e-08,0.924631391390031,22,55
0.02,1000,55,308.564640521806,531.590125244118,308.564640521806,14402.7420611106,13720.7623358504,13939.2592749483,58.5833361329759,70.0306279398248,15.4794662108374,-119.493377317011,-416.260296521397,1.49011611938477e-08,1.49011611938477e-08,1.77535836249193,1.23200835555272,0.731632243746465,1.39103448269717,22,55
0.021,1000,55,251.921873084954,533.303374883629,251.921873084954,14195.0175331613,13519.9840081754,14350.8287766161,58.4920710305343,68.1496310797233,14.1351795454481,69.8656856185534,-292.817698280023,1.49011611938477e-08,1.49011611938477e-08,1.77064796803607,2.04353762094634,1.68742645010301,2.39851134956626,22,55
0.022,1000,55,224.902702355001,534.110849657472,224.902702355001,13783.0529764695,13787.4716624205,14478.6728295859,57.7565718870515,66.2270302466382,12.8275319953209,123.036851765064,-165.547621827684,1.49011611938477e-08,1.49011611938477e-08,1.87220307446295,2.71833345408462,2.74430698177895,4.40718697030391,22,55
0.023,1000,55,163.308522927193,535.945320232817,163.308522927193,13689.5729759758,14168.1586901376,14140.6227654581,56.9171955987558,65.684275150421,13.4844643704018,3.1857689956417,-112.498148532612,1.49011611938477e-08,1.49011611938477e-08,1.93528933209504,8.20962677768428,7.56436747007942,2.87149268087948,22,55
0.024,1000,55,49.0868857501271,539.357772028457,49.0868857501271,14041.8703855369,14166.7217038572,13735.8517880459,57.9409407371381,67.6581696276277,14.5001088393535,-272.624618721972,-168.262682342006,1.49011611938477e-08,1.49011611938477e-08,1.92162285404619,2.55162147866616,1.16192954634315,0.921742936003746,22,55
0.025,1000,55,18.1072565360103,540.326428300387,18.1072565360103,14369.39060667,13763.1074324009,13779.3229700428,60.8032064088339,71.6723848020958,15.2352917094573,-569.059015599524,-318.969171867648,1.49011611938477e-08,1.49011611938477e-08,1.80087786126474,0.512482286866422,1.49011611938477e-08,1.49011611938477e-08,22,55
0.026,1000,55,69.2649411146528,538.794626030742,69.2649411146528,14233.6312997235,13450.1103588164,14182.9622209891,65.0482888559535,76.3481498510812,15.3795121011168,-742.443992586907,-459.020232278103,1.49011611938477e-08,1.49011611938477e-08,1.75449686578753,1.49011611938477e-08,1.49011611938477e-08,1.49011611938477e-08,22,55
0.027,1000,55,219.218857739142,534.329334949428,219.218857739142,13777.0933070158,13629.9330983249,14411.1881240381,69.7268649724129,80.401663536367,15.3040613502017,-787.707485453843,-546.342991035226,1.49011611938477e-08,1.49011611938477e-08,1.84795487331326,1.49011611938477e-08,1.49011611938477e-08,1.49011611938477e-08,22,55
0.028,1000,55,426.208577269828,524.222571762232,426.208577269828,13550.9751795526,14072.2397062666,14183.0533941427,73.1353257931465,83.013326176953,15.2789465473453,-715.139354824742,-614.901317239493,1.49011611938477e-08,1.49011611938477e-08,1.92693155869505,1.49011611938477e-08,1.49011611938477e-08,1.49011611938477e-08,22,55
0.029,1000,55,555.838341735687,1.82675924103842,555.838341735687,13813.0181204341,14228.6948403866,13769.8819381604,74.0734796191953,83.8164888298744,15.2467275112932,-530.588890325499,-652.192074899314,1.49011611938477e-08,1.49011611938477e-08,1.93761124499022,1.49011611938477e-08,1.49011611938477e-08,1.49011611938477e-08,22,55
0.03,1000,55,551.985392183521,45.1714439252175,551.985392183521,14184.3870722345,13928.2178371727,13680.4292003215,72.6310072178981,82.7111654034714,17.2909577980073,-287.671449452247,-575.351247253596,1.49011611938477e-08,1.49011611938477e-08,1.84767457699128,0.684307171056787,1.49011611938477e-08,0.896964813762239,22,55
0.031,1000,55,587.993276119573,-5702.58000616336,587.993276119573,14198.7433565953,13556.2361948147,14054.9382784119,70.1998597914335,79.9137168922255,20.0550369019718,-86.532260081134,-427.909736461326,1.49011611938477e-08,1.49011611938477e-08,1.76773082923787,1.57925415683008,1.17946597961463,3.32881998949804,22,55
0.032,1000,55,584.57659115236,-4833.85854064345,584.57659115236,13824.3839886677,13618.7841784899,14425.4980868443,67.254176440678,76.2053283471875,21.0607233088941,40.6218355730592,-294.296690861091,1.49011611938477e-08,1.49011611938477e-08,1.83524334883862,2.13749938833464,2.17280436784002,5.28570837024495,22,55
0.033,1000,55,563.947549073109,-1336.36316725863,563.947549073109,13529.4207449342,14038.3099795759,14350.2073016559,63.4354729474844,72.6381932974554,21.4427105532402,51.331358833088,-212.053627578927,1.49011611938477e-08,1.49011611938477e-08,1.92289879899769,2.80448043735624,3.59957455607211,4.07644861888825,22,55
0.034,1000,55,510.454604158393,383.597113454813,510.454604158393,13690.9892112899,14268.1407557726,13925.3026704455,60.9131452126577,70.4072781103871,21.4630722243418,-105.918595789063,-151.968494880615,1.49011611938477e-08,1.49011611938477e-08,1.94975097383044,5.19439372324199,6.10601363408442,3.73650721034825,22,55
0.035,1000,55,437.47762409279,520.823794175867,437.47762409279,14092.3505595479,14013.5242458021,13728.6165572111,61.1803952800941,70.3376699297342,21.4828460077286,-403.568047891991,-144.125589858187,1.49011611938477e-08,1.49011611938477e-08,1.88989260984803,1.94001516139966,1.34261924845667,3.96821848128208,22,55
0.036,1000,55,329.175996135881,530.936875132201,329.175996135881,14175.5932824694,13577.9222645731,14011.3390869035,63.8664212415539,72.0529847425282,21.6521548636501,-689.383173600983,-189.489974780007,1.49011611938477e-08,1.49011611938477e-08,1.78784284125755,0.583602087808658,1.49011611938477e-08,4.46037931733266,22,55
0.037,1000,55,301.339220104066,531.850147738767,301.339220104066,13797.0277508689,13508.5541512015,14388.759321149,68.4667277432711,74.3544309374176,22.5600909251082,-874.715201302833,-254.601146636145,1.49011611938477e-08,1.49011611938477e-08,1.82279421841803,1.49011611938477e-08,1.49011611938477e-08,3.5153037499135,22,55
0.038,1000,55,515.99654758716,360.772821698558,515.99654758716,13400.8154043986,13896.9304451432,14408.2486753229,72.7390584640982,75.9490853067421,23.9578292155352,-897.033566875041,-342.71529696219,1.49011611938477e-08,1.49011611938477e-08,1.91301670136388,1.49011611938477e-08,1.49011611938477e-08,3.25260407548762,22,55
0.039,1000,55,580.326550235059,-3851.4214859011,580.326550235059,13448.2508056765,14245.636654159,14052.8199939916,74.6769329385539,76.0406533986997,24.1920461510398,-774.765556526589,-429.195524368284,1.49011611938477e-08,1.49011611938477e-08,1.95195096446281,0.317008415271786,1.49011611938477e-08,3.4917490509147,22,55
0.04,1000,55,572.009364443652,-2440.01506652409,572.009364443652,13866.3862567228,14146.5470254245,13764.4067878748,74.7361821142347,74.3481222413123,23.2771925966018,-532.745082427438,-448.88407870644,1.49011611938477e-08,1.49011611938477e-08,1.92781894823441,0.785258052488658,0.324930653956073,3.66412405958105,22,55
0.041,1000,55,494.076487507889,448.516159400109,494.076487507889,14151.9322983635,13735.2075443386,13976.9916013007,73.352820238088,70.7444970467817,22.1987153977309,-251.861500619292,-374.761393308019,1.49011611938477e-08,1.49011611938477e-08,1.81731290358191,1.2797210610568,1.15861390262645,2.81885184259451,22,55
0.042,1000,55,381.264283662953,528.873460445545,381.264283662953,13955.9566628681,13555.9058114734,14429.3843199817,71.1168717402325,65.72568353607,21.7596761282272,8.14964674002075,-250.03201223739,1.49011611938477e-08,1.49011611938477e-08,1.81017741485482,1.75930647688906,1.28808352861138,2.40163342747681,22,55
0.043,1000,55,272.833974779844,532.68973363711,272.833974779844,13556.6946466486,13843.1567850296,14559.0979201268,67.9580940030166,60.5190098869341,21.8671926126614,118.087929501298,-116.149691086029,1.49011611938477e-08,1.49011611938477e-08,1.89737791292756,2.2355742531868,1.0536190706957,2.27216327818447,22,55
0.044,1000,55,249.393196467476,533.381462087029,249.393196467476,13496.5416147953,14216.000452118,14215.3469789064,64.598936714487,56.9736316305639,21.8890652336825,13.7713500235295,-10.4807701393367,1.49011611938477e-08,1.49011611938477e-08,1.94641174973756,3.85490035901313,1.96529633891076,2.30765498091098,22,55
0.045,1000,55,237.108741852312,533.762596859976,237.108741852312,13882.5068380197,14192.3922502176,13826.4473806673,62.8444894038367,56.2821856854582,22.1879966209662,-279.47994583947,11.5336367500419,1.49011611938477e-08,1.49011611938477e-08,1.93778860660045,2.70105855639575,3.56332922377977,2.74890577101354,22,55
0.046,1000,55,155.172828976002,536.216636492714,155.172828976002,14225.7894911298,13779.3491188289,13889.62950249,64.5574533255908,58.5768366895635,22.0543644376166,-589.555515587393,-92.6167860217502,1.49011611938477e-08,1.49011611938477e-08,1.82133695139052,1.04950703537494,0.100520396352337,3.80336451168984,22,55
0.047,1000,55,157.864157830946,536.125014416976,157.864157830946,14114.0320121755,13490.7796116873,14311.8297850099,68.7773031170208,62.4415145264564,19.46572647766,-757.793021785519,-275.346930568932,1.49011611938477e-08,1.49011611938477e-08,1.77517529334077,0.401308355882493,1.49011611938477e-08,3.70457401177631,22,55
0.048,1000,55,296.42692475946,532.011204291465,296.42692475946,13672.2478454428,13696.4989608066,14519.3825700736,73.2070367593109,66.0620581111726,16.7401428773821,-758.733466565899,-390.360788679289,1.49011611938477e-08,1.49011611938477e-08,1.86667205476388,1.49011611938477e-08,1.49011611938477e-08,2.33778161605055,22,55
0.049,1000,55,506.273126085944,407.635670620479,506.273126085944,13471.2973650326,14121.0102052044,14251.2984478708,76.3156908651873,68.4915897871116,15.5591969449585,-670.577552161405,-447.530152508728,1.49011611938477e-08,1.49011611938477e-08,1.93683443708606,1.49011611938477e-08,1.49011611938477e-08,1.84767282957637,22,55
0.05,1000,55,576.616859651311,-3207.27926145936,576.616859651311,13752.665937988,14231.2701523132,13818.7291630465,77.2405756890261,69.5154752547412,15.4156484849264,-527.601266583588,-465.312185207649,1.49011611938477e-08,1.49011611938477e-08,1.94469972979718,1.49011611938477e-08,1.49011611938477e-08,2.38163795957244,22,55
0.051,1000,55,520.068392980513,329.361546099529,520.068392980513,14117.4184942217,13903.7365902177,13747.8626860177,76.3433811912166,69.1297500060673,17.8988951287045,-371.017160474666,-411.509304573123,1.49011611938477e-08,1.49011611938477e-08,1.85476429459042,0.781381383664928,0.217777087839697,5.95133336134003,22,55
0.052,1000,55,591.630187223008,531.977322882754,591.630187223008,14116.1843944271,13549.5830355716,14142.1941968498,74.3376176725819,67.1492604403128,21.9428005972022,-215.734582753283,-313.167647625416,1.49011611938477e-08,1.49011611938477e-08,1.78023233895619,1.58708590654924,1.26466591429386,4.22539354230723,22,55
0.053,1000,55,590.830456085469,531.885511169695,590.830456085469,13757.1221772735,13645.5089050031,14508.8834887364,70.3951578727508,63.9847482481643,23.3540595994165,-81.5586406303278,-247.701025042794,1.49011611938477e-08,1.49011611938477e-08,1.84791406518021,2.38417632847071,2.14209493957549,4.02136035338826,22,55
0.054,1000,55,576.275632782403,525.20752394058,576.275632782403,13485.0290241641,14073.432412962,14408.5040114039,64.4897036751903,60.6348425954517,22.6776055324734,-37.0009344890141,-191.272630835193,1.49011611938477e-08,1.49011611938477e-08,1.92970346874039,3.26091897342951,3.29196721582717,4.62947029189737,22,55
0.055,1000,55,536.211160134766,202.375715278978,536.211160134766,13672.2441673119,14289.2111026299,13983.9013528289,59.392270422097,58.1199714830377,21.4389557887105,-150.195930113214,-106.565319216815,1.49011611938477e-08,1.49011611938477e-08,1.95437087254606,3.94040050722985,4.95417234510596,4.6622053321223,22,55
0.056,1000,55,443.004101498766,518.729653153615,443.004101498766,14072.5618535874,14020.6545459872,13796.4167620465,58.4997023878815,57.1381335783867,21.7572588962308,-384.501048946896,-39.1064675333277,1.49011611938477e-08,1.49011611938477e-08,1.89159117560785,1.78919709854806,2.02003178467159,2.89085609922065,22,55
0.057,1000,55,381.882297457199,528.834959703252,381.882297457199,14168.1128767718,13594.1301437423,14103.4033978933,61.2138087438452,57.6294480741607,23.1942012224021,-636.435290180686,-47.3392931966026,1.49011611938477e-08,1.49011611938477e-08,1.78872992805761,0.800538024020126,0.811539771728486,2.06414781316272,22,55
0.058,1000,55,356.999090348872,530.028615760689,356.999090348872,13752.8540064004,13560.9339814089,14444.3706733278,65.6328235392986,58.8878780316428,25.7360808312703,-785.458054585812,-83.6922179146935,1.49011611938477e-08,1.49011611938477e-08,1.83439293274179,0.355195944214722,0.171316034127952,1.66876024349018,22,55
0.059,1000,55,546.911420436307,105.286880124678,546.911420436307,13354.0149828514,13957.6866928745,14398.9748335706,69.7189169445457,59.7828110320159,28.8178451326778,-817.459631963019,-160.221171980147,1.49011611938477e-08,1.49011611938477e-08,1.92050946995688,0.397267979284229,1.49011611938477e-08,1.79859449961706,22,55
0.06,1000,55,598.717375409325,-9950.28954510466,598.717375409325,13423.8093854381,14286.7878362373,14022.8840509141,71.0024060406872,59.4182899091431,30.4308852891332,-734.915663977796,-279.535145010645,1.49011611938477e-08,1.49011611938477e-08,1.9550251427995,0.689624420937117,0.399191899665024,2.20782972129278,22,55
0.061,1000,55,576.376793257368,525.365411991316,576.376793257368,13818.6955471464,14148.5988013388,13763.5123751118,70.1359704635326,57.4634963947765,30.6434677341328,-575.658594462773,-341.233617435208,1.49011611938477e-08,1.49011611938477e-08,1.93177089798225,1.00323975240336,0.952693559931625,2.35578758596076,22,55
0.062,1000,55,555.170672496332,207.432417220939,555.170672496332,14040.9744304856,13730.9315739432,13990.4407936729,68.3069853314101,53.9139265653089,30.4329988815041,-379.982058045171,-301.24447099974,1.49011611938477e-08,1.49011611938477e-08,1.83105163127249,1.34180069184098,1.58634552772178,2.04668222758456,22,55
0.063,1000,55,521.487559313257,318.822132697637,521.487559313257,13823.5989467946,13581.465828566,14448.5917395804,65.0567606700169,48.5532327975888,30.4616762371539,-177.886626382682,-231.454887977265,1.49011611938477e-08,1.49011611938477e-08,1.82998159218759,1.75930253130777,1.83894003931932,2.00475083136387,22,55
0.064,1000,55,453.328958663411,513.517409618665,453.328958663411,13431.8845116922,13896.6348543794,14578.2175620259,60.4073511961872,42.1281227891177,30.9055557278742,-62.9549734329567,-133.761917519617,1.49011611938477e-08,1.49011611938477e-08,1.91027291187944,2.22174412632794,1.66012724382779,2.12482828830278,22,55
0.065,1000,55,434.349895610673,522.085375806524,434.349895610673,13395.5909488106,14253.334863408,14223.1633564009,56.0445131728512,36.5112291502025,31.101830818034,-126.481172127418,-18.8871725258434,1.49011611938477e-08,1.49011611938477e-08,1.95031471789973,2.77028953559133,2.30472868259772,2.04753735652035,22,55
0.066,1000,55,446.429346352728,517.591793315582,446.429346352728,13806.5545117162,14202.6954361694,13845.3843455179,53.8307147478114,33.8283275170381,31.0622003502301,-341.184816235218,31.2944127591543,1.49011611938477e-08,1.49011611938477e-08,1.94242059301672,1.99299396030465,3.69776487529891,1.984177463552,22,55
0.067,1000,55,435.296808955845,521.510756895644,435.296808955845,14148.5151900498,13785.0485505616,13939.5697884361,54.8512372879334,34.700618762493,30.7796232808431,-582.193453496777,-44.5321093473048,1.49011611938477e-08,1.49011611938477e-08,1.83061173703237,1.15684770159571,0.790970394636881,2.26089591163674,22,55
0.068,1000,55,425.893607466941,524.138427693986,425.893607466941,14027.4101270201,13519.4380607349,14378.1547821696,57.7525233983334,37.710282912328,28.5950854847136,-680.143208978016,-195.77714311745,1.49011611938477e-08,1.49011611938477e-08,1.79123251587908,0.81241387989475,1.49011611938477e-08,2.89587322834743,22,55
0.069,1000,55,544.545650576782,129.340978753218,544.545650576782,13594.0526007984,13750.9858508853,14573.7961120696,60.1120435156024,40.7259545682785,26.2058201394067,-645.716266502194,-281.626930841145,1.49011611938477e-08,1.49011611938477e-08,1.88126179922729,0.659689585581276,1.49011611938477e-08,3.36415725857769,22,55
0.07,1000,55,579.838092090518,527.824602878299,579.838092090518,13422.3960620767,14165.247674171,14299.9040325067,61.0579068394222,42.5280205651552,25.0346151303639,-579.320635750845,-290.762971928325,1.49011611938477e-08,1.49011611938477e-08,1.94299926294064,0.543828893011681,1.49011611938477e-08,3.6620223182725,22,55
0.071,1000,55,530.66014107798,249.744750309603,530.66014107798,13721.7353129927,14237.5662060348,13877.3577173784,61.1380703631948,43.0895372434842,25.4061377773471,-531.231571098228,-249.936990498135,1.49011611938477e-08,1.49011611938477e-08,1.94994699188656,0.54075783459484,0.202197673853181,2.98396916533874,22,55
0.072,1000,55,487.886253155759,467.519718654695,487.886253155759,14098.2868670602,13874.6407167334,13835.5580280987,61.1547070106446,42.7494918363723,27.7692412828121,-496.921705910153,-187.816049033848,1.49011611938477e-08,1.49011611938477e-08,1.8571277392372,0.825543372787516,0.699295776677664,2.1461131015273,22,55
0.073,1000,55,583.288005174511,-4459.47591431601,583.288005174511,14086.7951345042,13528.592826397,14248.200434033,60.199052956709,41.5217755934579,29.4731583512093,-421.777275103679,-171.103705457156,1.49011611938477e-08,1.49011611938477e-08,1.78595066546708,1.27864269046076,1.21774328312244,2.15248400372951,22,55
0.074,1000,55,593.90765153834,-7669.81212469495,593.90765153834,13708.1238886038,13653.4296246588,14594.1547005376,57.1253049202282,39.4951161172501,29.1792819744885,-311.155679048048,-171.863703923507,1.49011611938477e-08,1.49011611938477e-08,1.85691962473664,1.83448127266907,1.82574302786908,2.62833518911943,22,55
0.075,1000,55,579.964751513075,-3805.02830220399,579.964751513075,13461.7589558019,14085.5685359283,14476.9910371527,51.1364051928948,37.10266366881,26.6471941105271,-244.089311390171,-139.18423530425,1.49011611938477e-08,1.49011611938477e-08,1.93397039184786,2.26463943620377,2.36617868822531,3.06884521400894,22,55
0.076,1000,55,557.311999652769,-609.016417569242,557.311999652769,13682.04647956,14283.469646004,14054.9823191913,44.8983734558408,35.3231611363598,23.1958118080283,-286.132489884433,-51.6490759191291,1.49011611938477e-08,1.49011611938477e-08,1.95676325163397,1.90427833539138,2.46375700247579,2.11423710934356,22,55
0.077,1000,55,481.461046496978,479.252918815117,481.461046496978,14093.6150974406,14009.5660854128,13889.4375076464,42.8124025986603,34.6201051714793,22.3875466467539,-427.204143966236,51.8618610786409,1.49011611938477e-08,1.49011611938477e-08,1.88908462334162,1.10693759712201,1.96327997770942,1.06609711886761,22,55
0.078,1000,55,406.806630177128,526.986750455701,406.806630177128,14171.8533580171,13601.6335012147,14206.128810533,45.3714193045567,34.7350165863554,25.1198511941977,-569.876417625873,100.058361456149,1.49011611938477e-08,1.49011611938477e-08,1.790755973991,0.653092085829686,1.50880451326624,0.745951232942686,22,55
0.079,1000,55,442.222461503644,519.407809524818,442.222461503644,13771.5178094833,13597.2074817799,14534.1952832963,49.8261803610791,35.1534673645374,29.2440936251685,-635.703853110872,95.1447764481306,1.49011611938477e-08,1.49011611938477e-08,1.84013396113483,0.542413568771163,1.31477232362227,0.815145971789223,22,55
0.08,1000,55,604.771389785268,-12876.3013898205,604.771389785268,13394.5988787431,13998.3624773036,14445.6330299463,53.8706498692543,35.3126018570435,33.6563245306447,-654.057744797219,46.8141080254872,1.49011611938477e-08,1.49011611938477e-08,1.92403883923335,0.679011639837314,1.2911336371205,1.12903475783364,22,55
0.081,1000,55,598.359830864581,-9615.27981935244,598.359830864581,13490.1572757786,14297.7051650566,14037.8031844977,54.9816350120242,35.2664701805648,35.6527682673874,-645.673998820237,-58.3572793137575,1.49011611938477e-08,1.49011611938477e-08,1.95590970787926,0.888613365014061,1.31977386381475,1.6002822608462,22,55
0.082,1000,55,569.14248805878,-2078.17576232894,569.14248805878,13875.4278978911,14131.7948021798,13796.832002764,54.0958009171107,34.7193899721976,36.0579229320802,-603.397284030672,-161.091542328098,1.49011611938477e-08,1.49011611938477e-08,1.92689157458626,1.07038566617482,1.46183539056714,1.97477940068711,22,55
0.083,1000,55,549.988869284502,67.7221722524017,549.988869284502,14026.7142087972,13711.1467702883,14028.1862985199,53.6526636109652,33.332298016851,36.1381352480038,-548.276008127105,-171.608614038802,1.49011611938477e-08,1.49011611938477e-08,1.83146649727542,1.20290980442455,1.76673157158646,1.86904819087272,22,55
0.084,1000,55,571.28643712689,-2384.88421092016,571.28643712689,13764.4987160228,13589.9193656756,14477.144177209,52.4424521499752,31.3432644599301,36.137120570142,-448.842339412084,-162.338236706291,1.49011611938477e-08,1.49011611938477e-08,1.83875349824363,1.41883171445541,2.18154432478757,1.86015225762292,22,55
0.085,1000,55,562.951657361181,-1283.38619269469,562.951657361181,13371.9945438397,13931.3565058462,14579.2527044393,49.3089344981447,28.228976545024,36.2294965384812,-351.219869550934,-118.212250563176,1.49011611938477e-08,1.49011611938477e-08,1.91672483476392,1.65117838116212,2.49299741663163,1.95789624421673,22,55
0.086,1000,55,531.111714672664,247.614187275428,531.111714672664,13349.2620430234,14286.3229754043,14214.7058318016,46.447819299207,24.7147853930651,36.7753748289065,-349.302188643413,-35.3444176410015,1.49011611938477e-08,1.49011611938477e-08,1.95138974922321,1.65330640472396,2.58334039850426,1.81979199666351,22,55
0.087,1000,55,557.268712507631,-15.2993343965838,557.268712507631,13773.9717970552,14209.8756496028,13848.7781784323,45.8859512925647,22.1986302670877,37.1601585840053,-452.203202027351,15.7820910560472,1.49011611938477e-08,1.49011611938477e-08,1.94140537559723,1.38564608583971,2.2165274765327,1.61705026300735,22,55
0.088,1000,55,565.94602351911,-1588.20691990603,565.94602351911,14122.741742428,13790.605025012,13981.3679127069,46.2537629914154,21.7357338247883,36.387206682737,-529.107166174146,-54.9727249349838,1.49011611938477e-08,1.49011611938477e-08,1.83105047513182,1.24805582494996,1.44785563981362,1.748634148485,22,55
0.089,1000,55,566.894223213431,-1718.7580718687,566.894223213431,13974.0683326564,13553.0282981546,14426.8339735462,45.7366587421557,22.506329272462,34.2697037010711,-497.546514559311,-161.296425556973,1.49011611938477e-08,1.49011611938477e-08,1.80469078817235,1.30289572310487,1.13949436027992,2.14574817006012,22,55
0.09,1000,55,563.812992915091,470.824386306486,563.812992915091,13554.4747667634,13805.4790844225,14610.9188117154,44.1327470327532,23.0303928518326,32.5727241927084,-424.909880712975,-186.37181422344,1.49011611938477e-08,1.49011611938477e-08,1.89235715107668,1.39929007204607,1.23688592791082,2.50142753265767,22,55
0.091,1000,55,522.593697606238,310.546783586253,522.593697606238,13409.2973342899,14209.4108133885,14315.2591233582,42.7761915400034,22.7871507488825,32.0491457972184,-409.008094453657,-139.806911379057,1.49011611938477e-08,1.49011611938477e-08,1.94654524270795,1.35523162830542,1.32364459777897,2.49308792367718,22,55
0.092,1000,55,412.964426088526,526.206439410858,412.964426088526,13729.7466963501,14244.4757576502,13899.635943692,43.6477247649377,22.818969546937,32.8225213540405,-485.940359389031,-58.1865844116251,1.49011611938477e-08,1.49011611938477e-08,1.95164275515446,1.1131311662305,1.17598167583169,1.96109181676767,22,55
0.093,1000,55,377.419077302818,529.115135240744,377.419077302818,14097.4448288902,13857.6978171099,13895.327537629,46.7575719258558,23.7312872822401,34.3877367477046,-606.363012402342,-14.4780942994672,1.49011611938477e-08,1.49011611938477e-08,1.85831857546417,0.913034787062445,0.92571298427777,1.6017304795605,22,55
0.094,1000,55,467.809571326223,501.951178195688,467.809571326223,14058.3975330667,13519.064706517,14322.077337313,50.1039925675078,25.8175236361059,35.0651666736569,-648.515601813504,-62.9748821948221,1.49011611938477e-08,1.49011611938477e-08,1.79140329072945,0.9563179461863,0.791154409973683,1.73913551325721,22,55
0.095,1000,55,603.415972500055,538.31555375463,603.415972500055,13670.5334204978,13672.7819431111,14645.3007288218,51.2416891000667,28.2605029007364,33.6720623401195,-576.852139121534,-128.973600842486,1.49011611938477e-08,1.49011611938477e-08,1.8648707202095,1.16045321880563,0.858917248646967,2.22608135685303,22,55
0.096,1000,55,593.547735254526,532.993284914442,593.547735254526,13440.5072156984,14105.3514004491,14501.3752686921,49.0842694300801,29.7585654111447,29.9405379545119,-487.070879933938,-134.951806792373,1.49011611938477e-08,1.49011611938477e-08,1.93774352721233,1.25909700200299,0.994211134622088,2.47332422124424,22,55
0.097,1000,55,565.639665396112,492.678168566647,565.639665396112,13687.7730554847,14281.8685402319,14082.1473005251,45.8734293006101,30.5408602065175,25.0278585715294,-446.313699493544,-55.208080819017,1.49011611938477e-08,1.49011611938477e-08,1.95828382148384,1.00152831070916,1.13470698268831,1.50279480745234,22,55
0.098,1000,55,530.671545035792,249.5705515139,530.671545035792,14106.7526983919,13994.6475186304,13946.4883699553,44.8648042722519,30.8408459791553,23.008425457765,-455.086294867496,59.7942007398521,1.49011611938477e-08,1.49011611938477e-08,1.88613203573243,0.68715394830868,1.35452849898332,0.525657349230304,22,55
0.099,1000,55,435.370014082314,521.703524888953,435.370014082314,14169.1189988979,13605.6812522006,14267.9767917596,45.5461248305652,30.506204075066,25.6283571447373,-461.152093841941,149.549609693343,1.49011611938477e-08,1.49011611938477e-08,1.79250276269876,0.67582633193591,1.7140569854148,1.49011611938477e-08,22,55
0.1,1000,55,510.799797482069,387.487123176285,510.799797482069,13792.6209862973,13629.9138487671,14593.7400855179,46.3935694179194,29.3562829932387,30.6752203364244,-435.149934788888,184.462817292016,1.49011611938477e-08,1.49011611938477e-08,1.84477513631754,0.919706451404543,2.17303873108135,0.496625970388853,22,55
0.101,1000,55,602.486246613669,537.711517307045,602.486246613669,13450.1536647881,14035.476700206,14489.6060949863,46.9825011842154,27.4923601495153,35.1703862931388,-435.53174677758,180.842513399382,1.49011611938477e-08,1.49011611938477e-08,1.92700296829756,1.1647981096635,2.81134797861888,0.886369452427474,22,55
0.102,1000,55,591.220842299528,532.105877997319,591.220842299528,13573.0240815498,14300.117400797,14059.6828992234,47.0989207980354,27.0204553295262,37.2634267655512,-504.943437623163,114.89230503946,1.49011611938477e-08,1.49011611938477e-08,1.95644472348273,1.26491756263974,2.85078852580006,1.33871542900686,22,55
0.103,1000,55,545.380529181075,132.402040231345,545.380529181075,13969.9680481054,14102.0803387916,13819.8736089278,47.4141626437727,29.0523581225457,37.1408947817002,-613.120749938468,-0.259324806938132,1.49011611938477e-08,1.49011611938477e-08,1.91595918390282,1.17362597729103,1.61148797211132,1.7988864618649,22,55
0.104,1000,55,482.41385539931,478.402249077638,482.41385539931,14078.7167229958,13681.6069812723,14064.6729534327,49.8949207215083,32.4007023641712,36.9525353982455,-697.581485271254,-78.1973735686732,1.49011611938477e-08,1.49011611938477e-08,1.82172841939965,0.986814112764179,1.02650938968802,1.93148090384751,22,55
0.105,1000,55,577.18493020288,-332.215007409581,577.18493020288,13763.8589994451,13586.1411856285,14488.2406930474,52.8054267936703,36.2367382340398,36.9452693646327,-697.85495844036,-124.674630325956,1.49011611938477e-08,1.49011611938477e-08,1.84095750755406,0.916681670209714,0.837346865181562,1.97548441163524,22,55
0.106,1000,55,584.316176494807,529.663362168287,584.316176494807,13360.451647486,13945.9845722223,14544.4571928007,54.241703367319,39.0262726893037,36.9734779860622,-643.302884965367,-126.463862282527,1.49011611938477e-08,1.49011611938477e-08,1.91976319245401,0.949233576947858,0.812391057729369,2.01495439586333,22,55
0.107,1000,55,556.466669461439,336.27560230403,556.466669461439,13361.6807734931,14294.2688630642,14159.508110866,54.5127587943865,40.4455603014797,37.3532915093769,-602.045385438704,-93.3964736552766,1.49011611938477e-08,1.49011611938477e-08,1.95180104140811,0.976292393365392,0.76634190338028,1.8727180774813,22,55
0.108,1000,55,571.074898834711,514.993179896495,571.074898834711,13789.8383589606,14197.6456278474,13819.1027466686,54.3331450255539,40.9124487379363,37.7978628221267,-586.566415263515,-75.7696114625912,1.49011611938477e-08,1.49011611938477e-08,1.93777568080168,1.02324746681588,0.77150009373882,1.65146704204256,22,55
0.109,1000,55,569.657947722685,510.764062547757,569.657947722685,14115.0049200015,13777.3575711661,13988.2544471875,52.8211848087987,40.7323394784502,36.9031663543797,-508.983138025712,-140.725976962971,1.49011611938477e-08,1.49011611938477e-08,1.82992994105019,1.24105690041326,1.0816226747344,1.76087693510789,22,55
0.11,1000,55,557.986494681387,372.872902428442,557.986494681387,13945.5469726163,13567.327021731,14444.1286931514,49.5319203266144,39.9971114449891,35.3503712736291,-366.691691925986,-194.986605615933,1.49011611938477e-08,1.49011611938477e-08,1.81334759423588,1.60009708488469,1.6329581143555,2.14415376558539,22,55
0.111,1000,55,523.302820474279,306.097451235017,523.302820474279,13538.5130679711,13840.0640144265,14616.302223298,44.6630392843003,38.3172367606993,34.0099558702254,-255.986680320679,-173.048855949227,1.49011611938477e-08,1.49011611938477e-08,1.89913593900337,1.98883211552075,2.33343829587807,2.58619464224082,22,55
0.112,1000,55,427.074167877732,523.686512258265,427.074167877732,13425.3598465859,14229.2295249836,14298.6896799013,40.9664390280239,36.3698545546593,33.6741757498731,-267.905102327674,-77.6719886179262,1.49011611938477e-08,1.49011611938477e-08,1.94845618939148,2.06969414084945,2.96555114726559,2.57162255065133,22,55
0.113,1000,55,272.530792944914,532.682150151543,272.530792944914,13769.9443032701,14233.8184271074,13888.8010576978,41.985910836901,36.0182857803775,34.3756887629722,-438.339082711943,27.4367450004271,1.49011611938477e-08,1.49011611938477e-08,1.95004713735272,1.38281773820454,1.96109007046375,2.01259527347478,22,55
0.114,1000,55,188.461716873687,535.214413561893,188.461716873687,14118.4845760149,13829.5236168439,13915.469562355,46.7627129115427,37.4875582619726,35.5139343934577,-669.988233977159,51.5006702936392,1.49011611938477e-08,1.49011611938477e-08,1.85284195848564,0.798397586594752,0.83980970221999,1.67729855165671,22,55
0.115,1000,55,293.312536550671,532.09432243178,293.312536550671,14038.1471178794,13507.4438655569,14340.5847245052,52.9424746017456,40.0606119075346,36.3380709036711,-802.388090089219,-21.7646439191589,1.49011611938477e-08,1.49011611938477e-08,1.79561851416394,0.583534112992122,1.49011611938477e-08,1.76310267951817,22,55
0.116,1000,55,538.486266272049,192.481241739189,538.486266272049,13647.7039098804,13682.4126825417,14642.5895130897,57.6601983460528,42.6702728735774,35.0364076520901,-778.818415651073,-117.799222647375,1.49011611938477e-08,1.49011611938477e-08,1.87087776000676,0.637646359498025,1.49011611938477e-08,2.25559049329053,22,55
0.117,1000,55,600.237762209585,-10508.8758458176,600.237762209585,13434.047374003,14115.0958578808,14463.6329697882,59.3176290943911,44.2670157564453,31.2490596866484,-684.387407292345,-162.471555658154,1.49011611938477e-08,1.49011611938477e-08,1.94080826998263,0.663575310740687,1.49011611938477e-08,2.56680284193901,22,55
0.118,1000,55,577.630771582098,-3383.2774233678,577.630771582098,13691.1063659696,14256.2660283486,14046.1775795495,59.2072323212822,44.6533992780135,26.7296642261526,-603.334327994882,-118.476582924261,1.49011611938477e-08,1.49011611938477e-08,1.95893163371199,0.488351116705975,0.345915090097183,1.69817901077602,22,55
0.119,1000,55,532.759054881062,232.271493597988,532.759054881062,14093.0221551659,13946.3508545314,13936.4569161433,59.1660678739616,43.9660189694188,24.7829998321462,-544.862791336449,-18.4365310380554,1.49011611938477e-08,1.49011611938477e-08,1.88233123697822,0.417178167931177,0.83645979168069,0.709685370754036,22,55
0.12,1000,55,441.395699797743,519.633961026621,441.395699797743,14125.83389807,13569.8132629204,14274.2550890921,59.1026545122978,42.1638137048165,27.2076804585179,-482.704175147456,76.8506010916155,1.49011611938477e-08,1.49011611938477e-08,1.79522476835574,0.729716758325625,1.38374463476164,0.398660566726189,22,55
0.121,1000,55,519.360837076439,339.543964470563,519.360837076439,13749.8816513468,13625.2342674619,14602.7753407725,58.0099566746092,39.2667950306168,31.51423978127,-407.753777077378,120.121058303614,1.49011611938477e-08,1.49011611938477e-08,1.85133402485106,1.17520900415005,1.91427051204442,0.686765918933209,22,55
0.122,1000,55,602.497967459925,-11752.0975680195,602.497967459925,13425.9799889759,14044.6404505435,14473.1097140819,56.8651590219806,35.4000059242348,35.4598239575232,-382.437539032306,128.932137729258,1.49011611938477e-08,1.49011611938477e-08,1.93038054490119,1.56903965051929,2.50103801810191,1.06706493436133,22,55
0.123,1000,55,590.970168411425,-6698.46548465715,590.970168411425,13577.2773922165,14288.1266583708,14035.7739030887,56.0379417170258,32.6487068014419,37.3406093340187,-453.622300455003,83.1586739746083,1.49011611938477e-08,1.49011611938477e-08,1.95708013799413,1.70762610943158,2.94064623645312,1.514517539247,22,55
0.124,1000,55,547.939208990948,31.6327102360285,547.939208990948,13981.2803323979,14057.9695110748,13811.3872698167,56.1538758241812,32.394017472764,37.0723376259595,-587.819762568635,-15.0961087443477,1.49011611938477e-08,1.49011611938477e-08,1.90819587433664,1.52103228457146,1.41134173701038,1.9614690456177,22,55
0.125,1000,55,517.211352499442,348.196041906549,517.211352499442,14068.3445218446,13643.1505101272,14075.2971228185,58.1619641587839,34.2086840588003,36.6719332337852,-700.827050005017,-99.1807836510718,1.49011611938477e-08,1.49011611938477e-08,1.81625562302084,1.21527663127543,0.60368113506937,2.12107502214715,22,55
0.126,1000,55,580.900532709887,-3927.56024160922,580.900532709887,13729.9007610816,13576.0006156686,14483.1884677891,60.1901352004734,36.7628311340596,36.6613576817228,-725.202920696526,-144.388807101574,1.49011611938477e-08,1.49011611938477e-08,1.84501678188325,1.05857514157486,0.072818069421871,2.16083534653716,22,55
0.127,1000,55,577.869138716026,-3418.88725108714,577.869138716026,13328.8009021357,13949.5525197208,14497.5230851678,61.1614789862593,38.6145920055675,36.6704605497772,-699.816392159867,-146.897414633952,1.49011611938477e-08,1.49011611938477e-08,1.92294560868342,1.04070358000488,1.49011611938477e-08,2.13688564605192,22,55
0.128,1000,55,555.808611028684,-376.648784011838,555.808611028684,13360.5183986358,14281.3975780438,14097.0214000501,61.1414616194788,39.3688289810846,36.8111948806992,-681.784903375656,-132.064198245947,1.49011611938477e-08,1.49011611938477e-08,1.9525523977931,1.07375997281112,1.49011611938477e-08,1.9900262013193,22,55
0.129,1000,55,565.373504223647,-1539.39443953582,565.373504223647,13808.5282506634,14156.6034400529,13779.1764042965,60.234703459658,39.1972759572629,36.527670241307,-651.656505942429,-169.432378792033,1.49011611938477e-08,1.49011611938477e-08,1.93338696114073,1.18317632447855,0.381586607695541,1.93717634557865,22,55
0.13,1000,55,556.225889066079,-301.508656277283,556.225889066079,14101.3120714442,13734.9946917308,13979.4345486813,57.6292673721966,38.2057551171273,35.6223554115874,-531.589005631912,-265.480476738399,1.49011611938477e-08,1.49011611938477e-08,1.8252985250883,1.45593849250762,0.9729238844274,2.28311265365969,22,55
0.131,1000,55,541.678464573246,153.552663900168,541.678464573246,13898.8849659559,13551.5326768627,14433.0609578447,53.060125235013,36.4299017633131,34.4678976452305,-364.193191697475,-316.738511480196,1.49011611938477e-08,1.49011611938477e-08,1.8168320530067,1.83300616158383,1.59300106145351,2.89280955954245,22,55
0.132,1000,55,507.012200371036,400.042669192315,507.012200371036,13493.7837574282,13850.331212757,14589.3725595124,46.4045243258173,33.7254918323554,33.1906653746361,-225.896462399632,-290.988016430425,1.49011611938477e-08,1.49011611938477e-08,1.90281511370012,2.17899500199997,2.2215034821011,3.72393520576185,22,55
0.133,1000,55,420.050477408555,525.078405206914,420.050477408555,13411.4491594507,14235.3492384059,14264.5600273132,39.9015680597574,30.6514069188775,32.6059376133444,-214.559293527004,-181.72048611137,1.49011611938477e-08,1.49011611938477e-08,1.94955731816395,2.30386660751109,2.64879266576782,4.45287679281607,22,55
0.134,1000,55,292.842934479232,532.069017676037,292.842934479232,13773.6767621842,14215.171070309,13867.7660500117,38.3143823938208,28.8282387640365,33.5037786236827,-361.257504209664,-43.6032462461851,1.49011611938477e-08,1.49011611938477e-08,1.94664542324699,1.53151430679451,2.12465940153091,2.88486392750814,22,55
0.135,1000,55,243.361816583534,533.575261201396,243.361816583534,14116.4136181006,13804.5272815402,13921.2046375766,42.0995079725953,29.1374705216931,35.2222655080356,-568.512392749633,12.0218078508996,1.49011611938477e-08,1.49011611938477e-08,1.84236377073533,0.891021189632573,1.21032075621616,2.04534754514933,22,55
0.136,1000,55,359.949316505592,529.913499670447,359.949316505592,14022.5668429694,13508.0233424912,14355.9099294014,47.6406680606401,30.7127228781394,36.6860884928244,-676.678939355681,-32.6668739397254,1.49011611938477e-08,1.49011611938477e-08,1.79304817267635,0.725324705572473,0.74504516912074,2.00924243033991,22,55
0.137,1000,55,601.418877551824,418.592795508863,601.418877551824,13633.2053064647,13709.1331997685,14639.0736594264,51.0784876720404,32.3193168538711,35.8695654020109,-648.073262136924,-115.407003362884,1.49011611938477e-08,1.49011611938477e-08,1.87403810645564,0.816564683317507,0.617763866546592,2.4895226393864,22,55
0.138,1000,55,597.311197801866,534.761131985797,597.311197801866,13446.4093316652,14133.0919572049,14433.2046174603,51.3166072074741,33.1156082539889,32.8556602360126,-574.990118251869,-146.165662546347,1.49011611938477e-08,1.49011611938477e-08,1.94260270950149,0.832283725201394,0.685312918012591,2.77245679651073,22,55
0.139,1000,55,572.090691198873,519.003355376339,572.090691198873,13721.1748631535,14238.5872326999,14019.3025684239,50.2136741200843,33.1079158673254,29.1962940422608,-545.578928386562,-96.2732910539452,1.49011611938477e-08,1.49011611938477e-08,1.95740526081025,0.576065388972189,0.811115712026507,1.81897845338252,22,55
0.14,1000,55,482.007200597445,478.383041150082,482.007200597445,14095.8429498022,13900.7206211142,13936.4778594264,50.473452104102,32.4920047093453,27.9661797900297,-567.34586072931,-1.26888308347558,1.49011611938477e-08,1.49011611938477e-08,1.87413029410114,0.369844492461218,1.00052308982262,0.815984875951072,22,55
0.141,1000,55,407.590493570715,526.922524702756,407.590493570715,14107.5857863426,13534.0133590624,14301.3152493715,52.1470218683895,31.0991909161214,30.2392611972874,-569.307956185269,59.8434832626872,1.49011611938477e-08,1.49011611938477e-08,1.79191805012043,0.618377569149776,1.28907775212473,0.624531394625789,22,55
0.142,1000,55,470.696530398649,498.108677230589,470.696530398649,13706.8900833891,13619.5852699311,14609.6527650885,53.1823138450492,28.8477561202323,33.3728366637755,-512.08105771239,70.6387443340415,1.49011611938477e-08,1.49011611938477e-08,1.85451277704203,0.994033739711287,1.62422257401778,0.910782540170679,22,55
0.143,1000,55,602.440831711249,537.155749765551,602.440831711249,13399.8231105401,14048.6597378536,14447.5744500988,54.7195967816802,25.8352027014995,36.8408985680242,-476.608148466397,50.487773885132,1.49011611938477e-08,1.49011611938477e-08,1.93176972001127,1.36503077515996,1.85897425821905,1.33610651372954,22,55
0.144,1000,55,595.684277990954,533.965699570509,595.684277990954,13578.8746509991,14273.7049143391,14009.4596759728,55.4785347678445,23.5608131061607,38.4261305596853,-490.822409689098,-13.6856361954309,1.49011611938477e-08,1.49011611938477e-08,1.95586347828163,1.60824786396774,1.77186337135365,1.83993722132627,22,55
0.145,1000,55,561.077960315261,-1092.88975589032,561.077960315261,13973.0779321423,14025.3044625454,13817.4747446791,55.5613641934187,22.9939469370451,38.2810798136429,-536.269045066458,-98.2718288076236,1.49011611938477e-08,1.49011611938477e-08,1.90141712346915,1.63468947819431,1.3581184887369,2.27991612884265,22,55
0.146,1000,55,562.369418680445,-76.0148783977991,562.369418680445,14030.9365909409,13622.5706169202,14104.0671280812,56.4879239770197,23.7046417076557,38.4533454746221,-580.907316487524,-119.113602109766,1.49011611938477e-08,1.49011611938477e-08,1.81505016840078,1.46630808436415,1.12658204624667,2.167760568387,22,55
0.147,1000,55,580.516588887762,-3936.07642681929,580.516588887762,13700.1490640683,13584.0668982465,14508.9269918988,56.975569563009,24.0012416934707,38.4515786803068,-569.253825795495,-107.965289480572,1.49011611938477e-08,1.49011611938477e-08,1.85002087533573,1.42126074553882,1.13691600920585,2.00895039522201,22,55
0.148,1000,55,560.237092949985,-938.267524771429,560.237092949985,13323.0740640678,13961.9253388578,14495.4542173071,56.9684391936082,23.3637384296884,38.3046284917547,-555.320612859963,-69.1568596756745,1.49011611938477e-08,1.49011611938477e-08,1.92563626815089,1.44655456372268,1.16828644005168,1.89383620072279,22,55
0.149,1000,55,550.86490971941,56.6456717603151,550.86490971941,13399.8353477061,14254.6123671606,14059.1234654016,57.0456067422328,22.8936037708366,37.8804325911427,-607.996978550924,-56.6285570665005,1.49011611938477e-08,1.49011611938477e-08,1.95400060468826,1.41583688119588,1.01911516934387,1.84772443757961,22,55
0.15,1000,55,523.811129186411,302.382939163586,523.811129186411,13863.5251738959,14094.077756221,13759.1616197675,56.6709180710532,24.5153163090914,37.2131120291409,-669.979634117778,-176.687463959398,1.49011611938477e-08,1.49011611938477e-08,1.92538585294347,1.43464228552198,0.811668793609687,2.25475485914437,22,55
0.151,1000,55,495.473421125463,445.647701166037,495.473421125463,14117.0009233778,13671.7148858438,13979.7501999456,54.9852820024496,27.6305756186395,36.5900441635841,-629.889397406116,-350.454143280747,1.49011611938477e-08,1.49011611938477e-08,1.81440373510695,1.5883161823723,0.796988840011427,2.9607236923112,22,55
0.152,1000,55,458.440510330212,509.784853654912,458.440510330212,13874.1899190858,13515.0255184074,14414.8699155205,51.8244119160684,30.5283229879189,35.436162687469,-499.813937091897,-461.713913752605,1.49011611938477e-08,1.49011611938477e-08,1.81541002442267,1.81455694483191,0.958022439923864,3.05756280529457,22,55
0.153,1000,55,446.113200966352,517.608872431962,446.113200966352,13464.1525378885,13837.8497119085,14532.9926014242,47.1516798932712,32.3772427326245,33.831616415074,-369.68273564649,-468.12238973756,1.49011611938477e-08,1.49011611938477e-08,1.90419922488665,1.97487915121157,1.19843336984473,3.13101024617728,22,55
0.154,1000,55,416.200525165392,525.746142151048,416.200525165392,13408.2739676373,14219.468105497,14180.6565519924,42.6475095631642,33.0279501006695,33.1887173325236,-313.445143670688,-382.812057806387,1.49011611938477e-08,1.49011611938477e-08,1.94934291609423,1.87249916365359,1.37688476143092,5.11180316553078,22,55
0.155,1000,55,344.477369277796,530.430755495418,344.477369277796,13786.7931397792,14183.2389306433,13799.3085301478,41.090776159213,33.1594705474578,34.4820578877604,-352.560908903934,-248.031366330447,1.49011611938477e-08,1.49011611938477e-08,1.93963048339332,1.44187914970526,1.41598568201155,8.25755690517697,22,55
0.156,1000,55,351.038400467118,530.226877888914,351.038400467118,14122.9847485963,13771.3789802364,13882.6700147497,42.5383224059113,33.1673828321648,36.8133807085782,-423.400806969762,-162.686639749428,1.49011611938477e-08,1.49011611938477e-08,1.82832513338956,1.17047135354384,1.40758753790197,3.92170704851419,22,55
0.157,1000,55,501.152600552484,429.66357987439,501.152600552484,14021.3610440971,13502.6489483623,14334.6500678872,44.0060652874941,33.1305243546977,38.4203217438774,-430.943637314139,-165.80735117399,1.49011611938477e-08,1.49011611938477e-08,1.78708509920465,1.28709880784899,1.49177209605878,3.58627363724986,22,55
0.158,1000,55,599.789948952593,-10282.2901169414,599.789948952593,13625.4906103156,13728.9590779338,14591.1328327641,42.6269144168497,32.9474398321982,37.7568253597496,-367.644712222853,-202.223588915108,1.49011611938477e-08,1.49011611938477e-08,1.87601188196055,1.56713161295867,1.66973644538449,4.57468981269621,22,55
0.159,1000,55,585.602972589884,-5119.64244023382,585.602972589884,13466.9499495352,14143.6523057232,14365.5916285756,38.3616026971742,32.6300483067458,35.2572484581246,-333.269747654512,-194.871403819048,1.49011611938477e-08,1.49011611938477e-08,1.94364333606896,1.61562545712775,1.75807286663945,5.61486650729926,22,55
0.16,1000,55,543.019052409186,136.109074926066,543.019052409186,13759.7998150789,14214.0040489828,13956.7708016886,34.0757663870708,32.79161335487,32.0870893672319,-404.079614927452,-116.347119847006,1.49011611938477e-08,1.49011611938477e-08,1.95381155068941,1.02975085633842,1.51725571549944,3.29016616376036,22,55
0.161,1000,55,409.244820733685,526.652174286079,409.244820733685,14123.271521877,13853.852944525,13905.1513848586,35.6817744847099,33.877502446368,31.2665863018707,-546.179491779701,-33.0062108566738,1.49011611938477e-08,1.49011611938477e-08,1.86068120051519,0.458969586521203,1.14419883366197,1.43699515077579,22,55
0.162,1000,55,354.280605758625,530.084463191357,354.280605758625,14116.8817165583,13500.1945842642,14295.8888986101,41.313854883663,35.5686252897304,32.6390078347625,-641.235494716962,-19.4655952824165,1.49011611938477e-08,1.49011611938477e-08,1.78290753962361,0.426517482485238,0.901271302706555,1.21950894157106,22,55
0.163,1000,55,343.290784570803,530.492205097502,343.290784570803,13689.6508471117,13614.3263988398,14570.6963450207,46.949510307738,36.9467291653943,34.8169190474102,-624.988954519718,-52.5155585049738,1.49011611938477e-08,1.49011611938477e-08,1.85385391219942,0.697521401868511,0.803581938634474,1.60404538093269,22,55
0.164,1000,55,518.36926336515,344.632780921739,518.36926336515,13395.8635591359,14051.0437235594,14373.2606800862,52.8685706482556,37.8294834424216,37.9782665509987,-585.935424349525,-113.29431328551,1.49011611938477e-08,1.49011611938477e-08,1.93137612980819,1.04960610475229,0.753314171771984,2.26903977286785,22,55
0.165,1000,55,601.474298507704,537.150531563357,601.474298507704,13600.6323821525,14261.1557619207,13938.6344395918,55.9197440996793,38.3195571921689,39.6669041902208,-523.275346789467,-217.422414494795,1.49011611938477e-08,1.49011611938477e-08,1.95278725528367,1.41148874101828,0.761529299747821,3.27334346573415,22,55
0.166,1000,55,574.354591732808,523.131202215993,574.354591732808,13971.6507075215,14007.8567830297,13795.8225819196,56.2388216652954,38.1047604327143,39.8875542581842,-447.530972998657,-264.185474723581,1.49011611938477e-08,1.49011611938477e-08,1.89564908913663,1.63770693181886,0.9878968112865,3.70801003063994,22,55
0.167,1000,55,573.24577473191,519.637722312616,573.24577473191,14008.600454649,13616.7881925266,14104.3812920476,56.3176098061157,36.5587956186778,39.6451737578787,-396.470773314956,-189.621258171748,1.49011611938477e-08,1.49011611938477e-08,1.81317206713181,1.67112172172651,1.42053733341909,2.64729507904961,22,55
0.168,1000,55,566.756950788809,497.361843167659,566.756950788809,13680.3724810769,13606.3022049406,14504.7537394983,55.9150579745053,33.4874175668746,38.9492095323605,-333.642042640369,-102.187943208995,1.49011611938477e-08,1.49011611938477e-08,1.85288952232845,1.83207104399321,1.87073232146427,2.06253143558558,22,55
0.169,1000,55,531.539938949328,243.917311310129,531.539938949328,13334.2892682212,13985.5309804298,14468.6560848174,55.2431808503851,29.6229626555968,38.3959727909304,-325.893125043443,-23.2168834373748,1.49011611938477e-08,1.49011611938477e-08,1.9271657709923,2.01689062495819,2.33834680001788,1.85155401274764,22,55
0.17,1000,55,499.773066481392,430.157542559666,499.773066481392,13442.6607435082,14252.1733427612,14025.8344177525,55.3731428400832,27.6163878444328,37.7498163800922,-448.986551366434,0.452750401339916,1.49011611938477e-08,1.49011611938477e-08,1.95453247053286,1.90217029245241,2.64150593228227,1.8830691333062,22,55
0.171,1000,55,477.727442650149,486.527361587693,477.727442650149,13912.661787974,14057.8340085812,13751.0375858649,56.0380785475836,30.0717490655943,37.189640172572,-622.677200653598,-121.690459674378,1.49011611938477e-08,1.49011611938477e-08,1.91743633360603,1.63169827321916,1.02217320330132,2.45502045293547,22,55
0.172,1000,55,414.946578617674,525.990919464252,414.946578617674,14145.4265664087,13626.7098442041,13997.4559718508,56.253208974193,35.5353916457629,36.6943131096377,-696.451022359375,-358.096962230352,1.49011611938477e-08,1.49011611938477e-08,1.80324688890548,1.52573690255233,0.231877155667509,3.04810756180516,22,55
0.173,1000,55,381.799693881887,528.857037586792,381.799693881887,13876.9176779185,13496.5910519052,14421.8409911392,55.9653813383112,41.1664596843214,35.3079302473791,-639.313364679876,-518.351344588186,1.49011611938477e-08,1.49011611938477e-08,1.81400421112485,1.51332484805035,1.49011611938477e-08,2.49037268132082,22,55
0.174,1000,55,377.956399026553,529.090885035997,377.956399026553,13466.0180787139,13835.9773326087,14492.4087109321,55.0057682750383,45.284280688861,33.6719013315773,-537.209918356823,-551.594061754849,1.49011611938477e-08,1.49011611938477e-08,1.90556169450731,1.49150043590317,1.49011611938477e-08,2.30633301796284,22,55
0.175,1000,55,370.084535760674,529.449040745179,370.084535760674,13438.4927143947,14205.6993920053,14112.4197088791,54.1072657939992,47.6366044571633,33.2957290599976,-460.092850807227,-494.56477970957,1.49011611938477e-08,1.49011611938477e-08,1.94885845703207,1.35186411260347,0.318420079672952,3.32620816695509,22,55
0.176,1000,55,333.960006985998,530.804411463837,333.960006985998,13831.6948118919,14147.7789758798,13746.2888335609,53.9640461918945,48.6493826982527,34.6565223555382,-418.879009458981,-394.099044010715,1.49011611938477e-08,1.49011611938477e-08,1.93152450701262,1.22770744083976,0.622074789576009,9.74609398596049,22,55
0.177,1000,55,363.141218956316,529.755776060747,363.141218956316,14154.6447680208,13733.2839028385,13861.2698204878,54.0267210011187,48.6035251066636,36.9708908128512,-375.825638866395,-304.505487289393,1.49011611938477e-08,1.49011611938477e-08,1.81476516996237,1.36714775317933,1.02118720035587,8.29462265493347,22,55
0.178,1000,55,503.108331019926,420.726080353401,503.108331019926,14019.8275210519,13492.8423328116,14312.6795862804,52.4673147406803,47.6263431760754,38.5080559079097,-291.97880448097,-276.562021194648,1.49011611938477e-08,1.49011611938477e-08,1.78581080316866,1.80290248639271,1.55713443826498,6.57341621496192,22,55
0.179,1000,55,594.611780274843,533.360051424135,594.611780274843,13618.9899905044,13745.4720073775,14542.1048126182,48.3449940318947,46.0927857916635,38.4298565924189,-203.988918000786,-271.199412214179,1.49011611938477e-08,1.49011611938477e-08,1.87943229788814,2.35739571253663,2.18265569067796,7.46914001495456,22,55
0.18,1000,55,578.986873888148,527.386551580561,578.986873888148,13489.5102405989,14155.9032651868,14302.8000345921,41.2861491041615,44.755889646729,36.3358806016209,-191.862379836924,-236.471488448941,1.49011611938477e-08,1.49011611938477e-08,1.94483208210122,2.67917142932741,2.5332388641799,9.15185810297225,22,55
0.181,1000,55,522.042570862832,313.771512356984,522.042570862832,13798.4218487829,14200.667634749,13907.8922940252,34.4284502430805,44.4142324907294,33.2787870624903,-313.800865864206,-141.231511947444,1.49011611938477e-08,1.49011611938477e-08,1.95094476917662,1.60943038172199,1.87952199853319,7.33490960163696,22,55
0.182,1000,55,379.948498880872,528.952439672965,379.948498880872,14150.5884993698,13820.5124766567,13887.4215497014,35.3721238054605,45.5271445093144,32.3936287306264,-541.62383996748,-49.9058757622148,1.49011611938477e-08,1.49011611938477e-08,1.85042728867317,0.54011343897277,1.05239927202381,2.20074370981622,22,55
0.183,1000,55,298.44285658138,531.913684994526,298.44285658138,14114.6453554875,13482.6941714139,14291.9250658092,42.4003745021895,47.7443369215612,33.5865214444501,-697.720866681631,-57.9655097398811,1.49011611938477e-08,1.49011611938477e-08,1.77978723957425,0.193148132153356,0.536144916972418,1.76355210663153,22,55
0.184,1000,55,240.638346439111,533.656445903518,240.638346439111,13670.3151941172,13625.0768252991,14538.5049458067,50.3386229989122,49.9169615078468,35.7822822809163,-716.064897076646,-114.321745201685,1.49011611938477e-08,1.49011611938477e-08,1.85706627212547,0.464345625502571,0.15849068215475,2.26233358034552,22,55
0.185,1000,55,450.42273345046,516.353355744166,450.42273345046,13401.7425540762,14062.7613867693,14315.9743573332,57.5330275070549,51.3412259711178,39.1459448213127,-675.299995844225,-204.564194099895,1.49011611938477e-08,1.49011611938477e-08,1.93271249319074,0.85220115583049,1.49011611938477e-08,3.29550080000062,22,55
0.186,1000,55,604.083377116177,538.893347527445,604.083377116177,13631.7943285766,14257.4702563578,13892.67453346,60.9433797895115,51.7143642710645,41.1876842024649,-571.752758809546,-328.676853995466,1.49011611938477e-08,1.49011611938477e-08,1.95167619089723,1.27816546279319,0.407104881840188,4.88369781693129,22,55
0.187,1000,55,580.582388712712,528.309855836828,580.582388712712,13999.1410521712,13986.2849098153,13775.3216982739,61.0253711315922,50.5488185951803,41.4540554901482,-413.169358791479,-376.119766473628,1.49011611938477e-08,1.49011611938477e-08,1.88669987375557,1.62432866617317,0.924252776385687,5.42578400452265,22,55
0.188,1000,55,567.128258738444,497.180161780539,567.128258738444,14001.5517935077,13603.0827060005,14101.329010021,60.5130702504346,47.5501963847879,40.6816825335949,-294.035920796515,-269.538799460131,1.49011611938477e-08,1.49011611938477e-08,1.80974401142247,1.81699460558584,1.50712154982417,3.60112502230391,22,55
0.189,1000,55,553.49337872586,216.311437017252,553.49337872586,13656.7047854529,13619.9007797513,14486.9724832764,59.6790701803656,43.0061121908529,39.3562007431013,-203.69969073529,-146.119795461581,1.49011611938477e-08,1.49011611938477e-08,1.85614922690953,2.1058246395858,1.81921897717075,2.52997491152543,22,55
0.19,1000,55,507.08645752175,400.243791486727,507.08645752175,13328.1983035006,14005.9422448863,14423.6855884793,58.6980881951025,38.1773588702483,38.5008175381751,-205.000925714905,-49.4799484353362,1.49011611938477e-08,1.49011611938477e-08,1.92881547094651,2.44892855259615,2.14219475740289,2.18822294522597,22,55
0.191,1000,55,477.28807264091,487.647774183556,477.28807264091,13466.4053907889,14252.7066158791,13980.1860074922,58.7525480787331,35.7550439941618,37.7548370040711,-352.150555256306,-19.0937946818156,1.49011611938477e-08,1.49011611938477e-08,1.95449095567581,2.35439741725246,4.02514757380617,2.21543686373078,22,55
0.192,1000,55,461.186545131728,507.893699808507,461.186545131728,13939.5016840342,14038.4885218239,13735.281342291,59.5465643967754,37.3428174293126,37.2103368835831,-575.845985121507,-139.288994737254,1.49011611938477e-08,1.49011611938477e-08,1.91037359525359,1.86379517101545,1.10251570854353,2.78486080682945,22,55
0.193,1000,55,415.704255245972,525.782252353112,415.704255245972,14153.6910551648,13607.6080818186,14011.3991243437,60.1866934836186,41.6391692242013,36.7971117265123,-685.096394054735,-376.425416259245,1.49011611938477e-08,1.49011611938477e-08,1.79681347230426,1.60647401363736,1.49011611938477e-08,2.96908100805721,22,55
0.194,1000,55,371.321359424937,529.406891126844,371.321359424937,13867.0334511913,13503.830728991,14429.7919625974,60.5084572847695,46.2987400371133,35.6785439539847,-653.41869916868,-539.581855998336,1.49011611938477e-08,1.49011611938477e-08,1.81650427557402,1.50856822045764,1.49011611938477e-08,2.24156554396818,22,55
0.195,1000,55,378.311086602436,529.070139003265,378.311086602436,13469.8359573118,13857.179650898,14470.8805760298,60.2163372353831,49.7666215934642,34.4611463004753,-566.652366414311,-570.517338813862,1.49011611938477e-08,1.49011611938477e-08,1.90850990009593,1.44502268266116,1.49011611938477e-08,2.10429857730369,22,55
0.196,1000,55,366.173900426671,529.618159179572,366.173900426671,13472.1900449023,14209.6808048935,14075.7813193606,59.8075882324841,51.6685241011775,34.5009141822335,-498.44319624866,-515.884653785778,1.49011611938477e-08,1.49011611938477e-08,1.94919778049782,1.32012117308809,1.49011611938477e-08,3.08495174506374,22,55
0.197,1000,55,337.446432780565,530.687296684655,337.446432780565,13879.8007393009,14125.0739823472,13727.8004026831,59.8478386543919,52.2848524288211,36.1521537081849,-448.678333780914,-412.176000722101,1.49011611938477e-08,1.49011611938477e-08,1.9252058024352,1.28023521148131,1.49011611938477e-08,8.89888475582916,22,55
0.198,1000,55,373.77865090951,529.306530846436,373.77865090951,14181.1382699225,13705.8575032559,13871.5666134626,59.6532774951541,51.8288845643143,38.5954862290016,-386.238672437734,-324.724336042977,1.49011611938477e-08,1.49011611938477e-08,1.80606160631538,1.51892804405543,0.781387157795973,11.2304184636331,22,55
0.199,1000,55,534.391456095072,225.465362877762,534.391456095072,14016.022004611,13492.4953218853,14327.5080283423,57.6757651456957,50.2974045444729,40.2019469185828,-284.933033315817,-291.836955158242,1.49011611938477e-08,1.49011611938477e-08,1.78746846777549,2.06067694474654,1.43044952524686,8.22497515271918,22,55
0.2,1000,55,596.688381181643,-8846.61854304791,596.688381181643,13621.7527879865,13769.8076374652,14533.927206944,52.9892922062435,48.0566031333727,40.1603912578064,-188.038989357924,-279.225915561016,1.49011611938477e-08,1.49011611938477e-08,1.88373448387659,2.76010996035046,2.16994105741936,8.73992307124412,22,55
0.201,1000,55,579.637560226822,-3770.74485108755,579.637560226822,13521.233112735,14172.4487556552,14277.5562888071,44.9721995562041,46.0013486621062,37.9961068694245,-174.80605028249,-238.412054508863,1.49011611938477e-08,1.49011611938477e-08,1.94640472078432,3.23633975638505,2.58246869045167,10.4527796948366,22,55
0.202,1000,55,523.854699801173,301.177373498519,523.854699801173,13845.3186634286,14194.2294243828,13896.7822580002,36.9567838534536,45.1521781680785,34.6846952367888,-309.80085922001,-125.409425458337,1.49011611938477e-08,1.49011611938477e-08,1.94843021859989,1.82426572783077,1.85628476043845,9.10686738486955,22,55
0.203,1000,55,369.019963660781,529.477065813061,369.019963660781,14179.8007755635,13801.6120785309,13905.8899972091,36.607959332842,45.8302654680268,33.6051866429059,-550.693520353885,-19.874595215251,1.49011611938477e-08,1.49011611938477e-08,1.84345121626888,0.564597467848562,1.01243829062158,2.2405907455799,22,55
0.204,1000,55,265.747630247766,532.876904255471,265.747630247766,14113.5288860879,13482.2842303195,14320.3223948647,43.3319343437952,47.7401290692615,34.9781348178819,-720.094976663472,-21.6719440754347,1.49011611938477e-08,1.49011611938477e-08,1.78094639305634,0.101318749786232,0.480396076405254,1.71983379114413,22,55
0.205,1000,55,238.812030972906,533.710453440622,238.812030972906,13658.7086173553,13652.8201074634,14542.6315769083,51.4888457918765,49.7185844485571,37.5571244002858,-749.75203238692,-79.6982816173105,1.49011611938477e-08,1.49011611938477e-08,1.8626516978179,0.432074849608267,1.49011611938477e-08,2.15953756775654,22,55
0.206,1000,55,448.68094364519,516.887763303624,448.68094364519,13416.6930150692,14089.6102482846,14298.172721991,58.4604897342726,50.8702024131029,41.1581492961683,-714.76130008256,-175.287668874655,1.49011611938477e-08,1.49011611938477e-08,1.93510925456865,0.836793857796404,1.49011611938477e-08,3.19104478809007,22,55
0.207,1000,55,603.705881199482,-12438.2272366153,603.705881199482,13669.2782359719,14258.5915092681,13881.121555481,61.43905820775,50.7686452076476,43.3651332017864,-598.691288824615,-317.868570206687,1.49011611938477e-08,1.49011611938477e-08,1.95113779495232,1.28199918362936,0.510843553122854,4.89456326046142,22,55
0.208,1000,55,580.489558419596,-3953.26350836724,580.489558419596,14023.8497047048,13963.1374088912,13788.8385553904,61.0955127380181,48.9414645336702,43.6935221900582,-425.241980862745,-369.816664262327,1.49011611938477e-08,1.49011611938477e-08,1.88022372501224,1.66020408676673,1.01962324844927,5.55677476964058,22,55
0.209,1000,55,565.947618373717,488.689771119555,565.947618373717,14000.5238546878,13589.4450366743,14133.0438375111,60.3139027628428,45.3220621459869,42.9820206826872,-294.844834243386,-269.337895453293,1.49011611938477e-08,1.49011611938477e-08,1.80810944964299,1.88639497624697,1.59032155262597,3.8483547921574,22,55
0.21,1000,55,549.874888888585,92.8672722739558,549.874888888585,13628.0549346675,13633.78192498,14495.7757168633,59.4812459762687,40.2932958451307,41.6230389092122,-206.825721044563,-147.283713915756,1.49011611938477e-08,1.49011611938477e-08,1.86131008990544,2.17669822682709,1.88306373237138,2.74292386014821,22,55
0.211,1000,55,495.918531130311,443.681698696003,495.918531130311,13312.2538131608,14026.8394302943,14400.2224334135,58.7682720758235,35.256179923025,40.6431721435953,-215.205026921991,-56.7256970020017,1.49011611938477e-08,1.49011611938477e-08,1.93116676777148,2.48469565453644,2.23869580705498,2.3539448219543,22,55
0.212,1000,55,462.66758485094,506.688452945604,462.66758485094,13477.2173131131,14251.3812451494,13950.134132028,59.1720673724154,33.2019747009266,39.7651857049712,-374.754475251506,-32.6414193031358,1.49011611938477e-08,1.49011611938477e-08,1.95449494889612,2.3451137536282,3.63177143595117,2.3835458591873,22,55
0.213,1000,55,462.681389456463,506.013233721816,462.681389456463,13952.9814927111,14014.9003230617,13731.3874044622,60.15879859964,35.2876055136038,38.9437203708362,-590.167835700239,-164.5462750661,1.49011611938477e-08,1.49011611938477e-08,1.90390531249719,1.88249352003097,1.05637230522236,2.9408356683094,22,55
0.214,1000,55,433.409891799768,522.167014475586,433.409891799768,14149.0207142182,13587.3116721561,14038.2845451404,60.6705581021243,39.7296149589393,38.2330961214564,-677.778438038648,-402.130526923418,1.49011611938477e-08,1.49011611938477e-08,1.79302123892103,1.6731972116927,1.49011611938477e-08,2.98798282802813,22,55
0.215,1000,55,394.514080799817,528.055524793654,394.514080799817,13851.809847875,13512.613408541,14456.0801097708,60.4424588517431,44.2707287424333,37.3134833570123,-623.884701397443,-557.577202285045,1.49011611938477e-08,1.49011611938477e-08,1.82107693265113,1.64382971566843,1.49011611938477e-08,2.24495643258021,22,55
0.216,1000,55,386.642197781914,528.592256988533,386.642197781914,13468.3043907099,13879.7189419552,14471.071789344,59.479637371617,47.5117032882813,36.7690517134334,-535.666778553058,-571.159287283393,1.49011611938477e-08,1.49011611938477e-08,1.91212372216397,1.61820343823735,1.49011611938477e-08,2.24057935581702,22,55
0.217,1000,55,348.57196548511,530.300356294613,348.57196548511,13500.301374165,14214.3669688086,14063.9710826457,58.7767602982667,49.2168026152746,37.5900499459575,-476.194362892669,-489.262583650167,1.49011611938477e-08,1.49011611938477e-08,1.9497165675495,1.46945775154357,1.49011611938477e-08,3.70065896509705,22,55
0.218,1000,55,307.853265187313,531.611798191523,307.853265187313,13915.8661844849,14101.0387855445,13735.586594032,59.0609702955365,49.7620806912212,39.9168628887148,-454.995576472948,-362.325122172567,1.49011611938477e-08,1.49011611938477e-08,1.91975462607777,1.35388842694006,0.228096809737454,18.1120266411809,22,55
0.219,1000,55,346.104842238955,530.405714469763,346.104842238955,14197.0931848084,13676.9487169092,13908.6840704909,59.4691905676354,49.3640015220546,42.8672799034713,-423.001400610985,-267.406663784544,1.49011611938477e-08,1.49011611938477e-08,1.79969572017295,1.51475802050069,0.78108333257828,8.91374444216477,22,55
0.22,1000,55,526.531995855742,291.34839806222,526.531995855742,14012.6074010134,13489.6144362457,14361.8976695844,58.2082041853526,47.9793837045574,44.9196791397149,-340.648573145974,-239.944197534984,1.49011611938477e-08,1.49011611938477e-08,1.7904288939345,2.00177235699837,1.36920253888915,7.07454417049339,22,55
0.221,1000,55,600.365686921205,536.35521744072,600.365686921205,13622.4142451757,13787.8792498183,14542.1292094573,54.0410739982262,45.8877396649791,45.2352089385279,-254.061547883416,-236.977405931955,1.49011611938477e-08,1.49011611938477e-08,1.88860599744018,2.69031979190013,2.01776293052203,9.00879227263577,22,55
0.222,1000,55,586.435442195352,530.40738810751,586.435442195352,13547.9903058706,14181.8622210737,14266.0846368599,46.3592107932724,43.9916720249508,43.3441553738064,-240.318344558552,-204.28545514373,1.49011611938477e-08,1.49011611938477e-08,1.94871522256376,2.98024762141408,2.24755591838868,12.9168048953033,22,55
0.223,1000,55,541.744252053643,151.552531753137,541.744252053643,13886.1422700124,14177.2747326739,13898.2279359194,38.5651238216094,43.3824488006612,40.1679067754881,-372.013743514367,-101.200590100492,1.49011611938477e-08,1.49011611938477e-08,1.94666771450789,1.63506946912623,1.58180892728763,7.1579517409798,22,55
0.224,1000,55,385.539825192551,528.595159831772,385.539825192551,14202.6644956447,13775.3610187216,13933.4110799294,37.8775222423004,44.2250830914433,38.8613909874546,-597.63041985306,-3.68864202604181,1.49011611938477e-08,1.49011611938477e-08,1.83819058707978,0.556383123223625,0.881397315666387,2.27617247838199,22,55
0.225,1000,55,260.47878982148,533.049284025538,260.47878982148,14104.857982928,13476.5476058588,14351.9046305331,44.1732399704753,46.137947569023,39.9824692014059,-749.20947170382,-2.9143630722044,1.49011611938477e-08,1.49011611938477e-08,1.78422432758243,0.242767279288763,0.399156747043039,1.74909965329043,22,55
0.226,1000,55,199.823475934533,534.879641462591,199.823475934533,13643.5145273748,13673.380609017,14547.6653303127,51.9914861051985,48.053294054108,42.3375192203496,-771.43588923394,-51.9318825482989,1.49011611938477e-08,1.49011611938477e-08,1.86903590555089,0.526266508513629,1.49011611938477e-08,2.13430068379908,22,55
0.227,1000,55,447.804542548876,517.64578941694,447.804542548876,13429.1177590141,14108.8401248285,14279.9166635064,58.639458125718,49.1282410803146,45.589559357841,-734.641556155263,-152.002799605074,1.49011611938477e-08,1.49011611938477e-08,1.93732732457396,0.922163713262848,1.49011611938477e-08,3.11944525435734,22,55
0.228,1000,55,603.761543609689,538.680367152819,603.761543609689,13704.2174282995,14258.0539814259,13872.0236120569,61.3130500732586,48.9156709656319,47.5654787277322,-617.763319517059,-296.189180133485,1.49011611938477e-08,1.49011611938477e-08,1.95009322765585,1.37351605675443,0.484205622148423,4.79200137539266,22,55
0.229,1000,55,578.71287339498,527.305128095059,578.71287339498,14047.8559989309,13942.6889626474,13805.5277523028,60.7539876904182,46.8954133775289,47.866957458421,-444.401751875269,-346.088852135968,1.49011611938477e-08,1.49011611938477e-08,1.87415980799127,1.76126467196101,1.00578157047004,5.47246611610784,22,55
0.23,1000,55,566.68284754506,493.729819178586,566.68284754506,13999.159958305,13578.9289398819,14167.0981111202,59.9161932473528,43.1846903640343,47.3126974471513,-316.808777435832,-250.083721856331,1.49011611938477e-08,1.49011611938477e-08,1.8078664102446,1.98443368687146,1.58610231009667,3.91302160873564,22,55
0.231,1000,55,548.771056717919,90.6804766249885,548.771056717919,13597.8736791144,13651.0681563141,14501.1935485298,59.2204387817098,38.2099345499814,46.026832169071,-240.473881017765,-136.721261372413,1.49011611938477e-08,1.49011611938477e-08,1.86753262559823,2.25223225233102,1.94005182091899,2.86894135668908,22,55
0.232,1000,55,502.865995148975,418.422210019015,502.865995148975,13294.6899873274,14050.1144393345,14368.1151496829,58.9445653228572,33.3857220083727,44.7773962141022,-261.338846923698,-45.112030268674,1.49011611938477e-08,1.49011611938477e-08,1.93376708334484,2.47452336010185,2.41709057695083,2.45535455157699,22,55
0.233,1000,55,481.337035073417,481.387976266097,481.337035073417,13489.340366656,14254.5313292788,13911.4815134864,59.7004203374222,31.557600336721,43.4029169742378,-423.777186038162,-39.935251711075,1.49011611938477e-08,1.49011611938477e-08,1.95461882622483,2.29037295414152,3.10186158281261,2.48666697574429,22,55
0.234,1000,55,471.235453998359,497.193548752052,471.235453998359,13965.4152472762,13994.8432992265,13721.6099270264,60.6014756659679,33.8410689086563,41.9694407507418,-615.696725307727,-200.895609780847,1.49011611938477e-08,1.49011611938477e-08,1.89795555647007,1.94320385609556,0.935240076554543,3.00919329300099,22,55
0.235,1000,55,456.2524437354,511.625048154134,456.2524437354,14134.9466415568,13574.0949424809,14053.103346207,60.657819573128,38.3387131412772,40.5832453202597,-666.297927518033,-452.224949531764,1.49011611938477e-08,1.49011611938477e-08,1.79153596581356,1.84415989967271,1.49011611938477e-08,2.77245252712304,22,55
0.236,1000,55,398.279505452015,527.758921151732,398.279505452015,13828.7379527853,13528.1113628445,14473.7779244029,59.5848755461306,42.7444286570012,39.31005205086,-586.763450000223,-602.882798250326,1.49011611938477e-08,1.49011611938477e-08,1.82681787771446,1.93026416721741,1.49011611938477e-08,2.00425493103247,22,55
0.237,1000,55,335.260448713093,530.746039610122,335.260448713093,13460.3200983902,13908.8826156995,14463.0253809351,57.6965839244163,45.7965734653863,38.6138863985798,-481.740397963427,-607.108027744165,1.49011611938477e-08,1.49011611938477e-08,1.91594644205628,1.97811917986684,1.49011611938477e-08,2.01581272148303,22,55
0.238,1000,55,280.999637381528,532.422591910497,280.999637381528,13523.1953113553,14224.9349069554,14042.1680891881,56.5637744023778,47.3364811311008,39.2922991074942,-427.924046943507,-502.476825370332,1.49011611938477e-08,1.49011611938477e-08,1.95060180541163,1.78430203788717,1.49011611938477e-08,3.40604024088726,22,55
0.239,1000,55,229.809189615588,533.980500578063,229.809189615588,13950.7463385761,14085.1538438766,13734.9282445625,56.9538467882447,47.764135018444,41.4910350340644,-421.439164551557,-352.496883129047,1.49011611938477e-08,1.49011611938477e-08,1.91414980493766,1.53498070910417,0.280911745587304,19.1371149103615,22,55
0.24,1000,55,280.209886166241,532.487059864341,280.209886166241,14209.1926251489,13659.0509225611,13934.5416772612,57.8329158335834,47.2776542924724,44.4904627797638,-406.805760112904,-242.687981955996,1.49011611938477e-08,1.49011611938477e-08,1.7938148573001,1.60117617472365,0.805444008219303,8.95953984617994,22,55
0.241,1000,55,491.063567711004,461.075323969344,491.063567711004,14005.9019284274,13497.1401245194,14386.5957715983,57.1530435816787,45.8994801797724,46.8664200468327,-342.510452024917,-211.378859474575,1.49011611938477e-08,1.49011611938477e-08,1.79290509628998,2.04835488665355,1.37533606077273,6.8770041570883,22,55
0.242,1000,55,602.447086286535,-11713.7905786559,602.447086286535,13624.411205989,13813.5756497285,14540.2841543631,53.2576055853947,43.8291515742954,47.488233567015,-258.971833921157,-210.755819034812,1.49011611938477e-08,1.49011611938477e-08,1.89253795497686,2.72936505166785,1.98312269036079,9.27159271367662,22,55
0.243,1000,55,588.379373290472,-5886.39530292617,588.379373290472,13577.2076057177,14195.3134991395,14246.5924109358,45.7365688405717,42.0355021936017,45.8552696552574,-254.46806964671,-181.808097115745,1.49011611938477e-08,1.49011611938477e-08,1.95026396468263,2.91378958451611,2.10980540348947,14.2756004486282,22,55
0.244,1000,55,546.302292325834,124.558179027372,546.302292325834,13927.805202593,14162.4672284838,13891.2684137454,38.2503011398205,41.6678446838576,42.9254856922752,-393.345546769716,-85.7101065480566,1.49011611938477e-08,1.49011611938477e-08,1.94286225715097,1.52835284549562,1.41241501290012,6.9241914167082,22,55
0.245,1000,55,396.620532365426,527.815473022249,396.620532365426,14225.5326347995,13750.8421592459,13954.8377605637,37.8805129893327,42.7835808029474,41.6655086889354,-615.318401720173,1.06785374086742,1.49011611938477e-08,1.49011611938477e-08,1.8303220786753,0.515705854853159,0.741763002756108,2.39356216002271,22,55
0.246,1000,55,239.84465059028,533.679542616791,239.84465059028,14101.2224975036,13475.4853936927,14377.2673082504,44.2859786186588,44.7931785572221,42.7275548208957,-750.631903912791,0.00973848814395101,1.49011611938477e-08,1.49011611938477e-08,1.78527786555345,0.287908487116086,0.21725823891665,1.88414799336772,22,55
0.247,1000,55,200.847031937639,534.849273917353,200.847031937639,13636.4369710119,13698.0575154997,14547.3897695644,52.0457755986014,46.681205254551,45.016891698787,-769.599048807678,-50.4869954773288,1.49011611938477e-08,1.49011611938477e-08,1.87372919318331,0.589109209098898,1.49011611938477e-08,2.29557121063183,22,55
0.248,1000,55,439.088844536624,521.078651080478,439.088844536624,13449.9308117781,14130.7947003879,14257.881914554,58.4806055593228,47.7113851962256,48.0552428020781,-728.508674806104,-153.624522831848,1.49011611938477e-08,1.49011611938477e-08,1.93899896930844,0.994647593635524,1.49011611938477e-08,3.38022394355178,22,55
0.249,1000,55,603.002183753515,538.126361881276,603.002183753515,13744.8844357912,14247.2889634778,13853.0671715358,61.047396447987,47.5263001688988,49.8871860442482,-609.189991707188,-298.293800703612,1.49011611938477e-08,1.49011611938477e-08,1.94760166911881,1.46623094417426,0.36910368158078,5.24687996209176,22,55
0.25,1000,55,577.118558629198,526.139785544585,577.118558629198,14073.6997938935,13914.9972198984,13814.08040201,60.5125360183604,45.6178428603287,50.149386115963,-441.329239662871,-342.472590736946,1.49011611938477e-08,1.49011611938477e-08,1.86612815647792,1.86254088591919,0.932837758882451,5.95093959176183,22,55
0.251,1000,55,566.657457502739,493.906939716038,566.657457502739,14000.7395742196,13568.0180245286,14191.1898001164,59.7523242189709,41.9984247044305,49.6087412729855,-326.430526473323,-250.981260370608,1.49011611938477e-08,1.49011611938477e-08,1.80659805427817,2.08187704890288,1.54033314831015,4.24493809084448,22,55
0.252,1000,55,546.960992375693,100.642665340006,546.960992375693,13581.6317328039,13668.2470331523,14499.64455216,59.1950386169113,37.211645815788,48.3136147658326,-254.321395844968,-133.902809074306,1.49011611938477e-08,1.49011611938477e-08,1.87198185072845,2.33897190878612,1.99077218924888,3.11154706712429,22,55
0.253,1000,55,491.588131183097,456.264927864672,491.588131183097,13292.0701620327,14071.7681761663,14329.1140357465,59.2797286527065,32.6871966942939,46.6526339524066,-291.295426045019,-47.008591830336,1.49011611938477e-08,1.49011611938477e-08,1.93549686138556,2.49292302293869,2.62291097676141,2.61073685322845,22,55
0.254,1000,55,466.307634133732,502.692834055058,466.307634133732,13511.7006028752,14250.8755591887,13872.725237479,60.2614214753445,31.3225756916301,44.8173378630494,-460.637781128253,-58.5533820310243,1.49011611938477e-08,1.49011611938477e-08,1.95408279173859,2.26804898338405,2.53757847761815,2.63416388123433,22,55
0.255,1000,55,468.461540790553,500.632406015241,468.461540790553,13981.2801656006,13968.3871606229,13713.2730110898,61.1877548201674,34.0832588564793,43.0281094004331,-643.734912944336,-235.808911374765,1.49011611938477e-08,1.49011611938477e-08,1.89154692770173,1.94468790505268,0.748474183124185,3.06381312748221,22,55
0.256,1000,55,468.119794442374,500.788650392204,468.119794442374,14120.6253944524,13555.1899245349,14066.82307404,61.1553730724704,38.8062729063259,41.3952082709471,-681.630053248746,-475.009243272262,1.49011611938477e-08,1.49011611938477e-08,1.79047098276417,1.86298646839242,1.49011611938477e-08,2.6092569614843,22,55
0.257,1000,55,439.427152479487,520.253334583712,439.427152479487,13799.1575950552,13538.3209138676,14478.9516669676,59.8861904612575,43.2139836591303,39.9073288702741,-591.19971472614,-627.034142155592,1.49011611938477e-08,1.49011611938477e-08,1.83307766032791,1.95917456407801,1.49011611938477e-08,1.88765679196228,22,55
0.258,1000,55,384.277271371698,528.747680978383,384.277271371698,13446.0582155863,13931.0654698109,14447.1549322464,57.7699072439259,46.1677519591357,38.9406788853906,-484.875934188756,-622.470493658779,1.49011611938477e-08,1.49011611938477e-08,1.9198877466326,2.00254799846232,1.49011611938477e-08,1.92031111987588,22,55
0.259,1000,55,295.992295128529,531.97881372596,295.992295128529,13536.4146191193,14227.3051919145,14019.3717927884,56.5742785023556,47.5927560280794,39.5141911495849,-434.683194824955,-504.320189780548,1.49011611938477e-08,1.49011611938477e-08,1.95161366975089,1.77486538491207,1.49011611938477e-08,3.38318607241462,22,55
0.26,1000,55,222.110508903126,534.199417801724,222.110508903126,13968.0717546854,14059.5643487272,13735.0722696825,57.1477232090024,47.8633079985629,41.7725192734519,-436.595436378481,-340.767796818979,1.49011611938477e-08,1.49011611938477e-08,1.90958181950803,1.49020575087439,0.248544220285317,27.0747361231961,22,55
0.261,1000,55,272.614770959957,532.717035291832,272.614770959957,14203.7447292274,13633.0501508944,13961.8609913057,58.3331121772297,47.2004643950046,44.9372470054085,-430.562920945038,-227.961301503415,1.49011611938477e-08,1.49011611938477e-08,1.79078163508072,1.54019874764402,0.803504757422659,7.42672914092421,22,55
0.262,1000,55,495.961879519708,448.064001331154,495.961879519708,13979.475835966,13496.728096083,14412.1078595417,57.9426059518732,45.7211991632343,47.550447460559,-367.650656534978,-191.87827342025,1.49011611938477e-08,1.49011611938477e-08,1.79813814248153,1.96408351291555,1.36914281779924,5.91057827886006,22,55
0.263,1000,55,603.145393109823,-12107.8345250485,603.145393109823,13606.0902394819,13832.7028210793,14540.072663896,54.2120456487505,43.6339254922877,48.3212092115455,-288.001456041632,-192.557715204305,1.49011611938477e-08,1.49011611938477e-08,1.89786569627948,2.59295259233801,1.93887751889859,7.929058492332,22,55
0.264,1000,55,589.21775078774,-6137.67335104613,589.21775078774,13584.9375926244,14201.160858308,14227.955727748,47.0566387974548,41.9588928788186,46.7898533302403,-290.652889127611,-164.773377704297,1.49011611938477e-08,1.49011611938477e-08,1.9521813638467,2.67798842613798,1.99315828881785,11.4394969450245,22,55
0.265,1000,55,547.242410578455,63.9139068236586,547.242410578455,13946.2623568793,14139.0091432977,13887.302735427,40.0647931161682,41.6843872211192,43.9953804477491,-435.550231147507,-71.7639040883861,1.49011611938477e-08,1.49011611938477e-08,1.93994768699611,1.41987498995935,1.31646743762628,5.64340296221182,22,55
0.266,1000,55,397.380687699049,527.763553425427,397.380687699049,14224.9481047557,13718.7732644762,13978.8913823651,39.8659820447457,42.8632002707717,42.8015905575172,-644.07025284901,5.30232010337807,1.49011611938477e-08,1.49011611938477e-08,1.82532176720066,0.502399003733167,0.682383498593303,2.23871650601287,22,55
0.267,1000,55,221.554638490074,534.20216367879,221.554638490074,14073.6784522558,13466.9553541079,14402.8080083646,46.0669266436817,44.8678082123854,43.878065212643,-779.181560255055,1.30745573558331,1.49011611938477e-08,1.49011611938477e-08,1.78929202599546,0.313821682398105,0.133468588213112,1.83710987492599,22,55
0.268,1000,55,184.559448114794,535.361591312049,184.559448114794,13607.335301638,13713.7045075329,14545.1750597599,53.5015433227862,46.6541734803825,46.184007411625,-793.099346650924,-48.9307499704419,1.49011611938477e-08,1.49011611938477e-08,1.87985878550923,0.604505017517583,1.49011611938477e-08,2.24865245158047,22,55
0.269,1000,55,460.401379452901,509.885456030251,460.401379452901,13449.343317875,14141.9523545109,14234.631383225,59.6134499986179,47.6076031383225,49.1538631003995,-749.123891477572,-156.045610549555,1.49011611938477e-08,1.49011611938477e-08,1.94115855685379,1.00451428062305,1.49011611938477e-08,3.31592108462218,22,55
0.27,1000,55,602.413731991575,537.765826951695,602.413731991575,13762.8047664582,14234.2360380447,13840.2040703382,61.8564730178724,47.3271936791841,50.8581287263264,-626.611371287544,-300.576415383819,1.49011611938477e-08,1.49011611938477e-08,1.94627797964266,1.46406813820227,0.378096036345597,5.0644830893299,22,55
0.271,1000,55,574.591362258403,523.475494157314,574.591362258403,14077.1847998287,13885.9461349463,13827.040141341,61.1599070318796,45.3032802218096,51.0786632602677,-466.127124506365,-341.238124087092,1.49011611938477e-08,1.49011611938477e-08,1.86112003580628,1.84629192013362,0.938404340030167,5.65559759589608,22,55
0.272,1000,55,568.05985463536,502.323685446314,568.05985463536,13981.7444561025,13554.3966248312,14217.3423953341,60.3183783354866,41.537147061529,50.6070151971529,-342.410828229172,-247.66305109629,1.49011611938477e-08,1.49011611938477e-08,1.80822541298887,2.06949542945877,1.54833956649922,4.11497114827371,22,55
0.273,1000,55,547.343702532169,96.802653136563,547.343702532169,13552.0941767648,13682.6335231574,14504.446639669,59.688446014286,36.5901041151439,49.4222328799472,-272.038158161306,-132.287454022647,1.49011611938477e-08,1.49011611938477e-08,1.87761240444087,2.32994625851869,2.0292163376271,3.09650392332522,22,55
0.274,1000,55,500.889858425797,425.66354279514,500.889858425797,13283.2247557221,14089.4855503115,14302.9201598756,59.7658956628798,32.0328596205543,47.8240063001601,-316.150241477804,-49.6131229617773,1.49011611938477e-08,1.49011611938477e-08,1.93759492992651,2.46395981124517,2.71069457725352,2.64064513570691,22,55
0.275,1000,55,482.441501661456,478.536361608734,482.441501661456,13532.9077144573,14246.281139518,13844.3445141907,60.6819947285096,30.6556536032569,45.9137932192298,-486.870523527458,-73.3563482177643,1.49011611938477e-08,1.49011611938477e-08,1.95392343266009,2.23845060126259,2.23722227260038,2.6886640549094,22,55
0.276,1000,55,479.332913767267,484.84937432726,479.332913767267,13998.5401989383,13943.3539950978,13715.4826224722,61.4018980175293,33.5212013471722,43.9815425380401,-648.878875740991,-254.508377045834,1.49011611938477e-08,1.49011611938477e-08,1.88475063966645,1.96927579653362,0.659589817359662,3.07467915530021,22,55
0.277,1000,55,467.111022272246,501.889193877361,467.111022272246,14109.3033402922,13541.9553813792,14088.5275728663,61.0577380212882,38.3162019180593,42.2591322574746,-669.862776360584,-507.509790841942,1.49011611938477e-08,1.49011611938477e-08,1.78929687373838,1.94136422867333,1.49011611938477e-08,2.48808192155589,22,55
0.278,1000,55,433.673685424067,522.101644136741,433.673685424067,13770.9849829751,13553.9685572399,14486.72631858,59.4094105755549,42.6340021520908,40.6310738241535,-566.427455492815,-649.74341117944,1.49011611938477e-08,1.49011611938477e-08,1.83880706553656,2.07793870526188,1.49011611938477e-08,1.79587447513144,22,55
0.279,1000,55,373.244598221545,529.28936702822,373.244598221545,13433.0833580713,13956.9615489482,14426.0857426883,56.9820534462574,45.4238968289975,39.4652547870976,-460.181400893892,-634.9799820325,1.49011611938477e-08,1.49011611938477e-08,1.92323505821928,2.13975449394348,1.49011611938477e-08,1.84851732084574,22,55
0.28,1000,55,280.606190489756,532.429034396211,280.606190489756,13552.431412758,14231.5461724405,13989.7932332842,55.7038431896844,46.7019371169363,39.8698951857672,-416.372370487586,-508.125205380877,1.49011611938477e-08,1.49011611938477e-08,1.95216674305107,1.89112337397963,1.49011611938477e-08,3.28587841276812,22,55
0.281,1000,55,210.120814060732,534.563526970146,210.120814060732,13988.1708391334,14037.3758695458,13729.5723332116,56.3903906902552,46.8468373243228,41.9787095635815,-425.427457148789,-348.633271814561,1.49011611938477e-08,1.49011611938477e-08,1.90359567987859,1.560376624744,0.271658266008331,24.0735404706787,22,55
0.282,1000,55,274.707635196924,532.654342095317,274.707635196924,14198.7020146519,13611.7654193306,13981.9394008826,57.7636078895019,46.0941849348451,45.0443990459866,-425.212897165257,-230.518531939208,1.49011611938477e-08,1.49011611938477e-08,1.78658594345056,1.58908879132965,0.811936950700277,7.79580217364996,22,55
0.283,1000,55,505.800582971017,410.384311453201,505.800582971017,13955.8611984797,13504.1049985297,14427.8536234533,57.4792230977993,44.5306490134022,47.6038211810412,-363.781416024769,-197.06838761843,1.49011611938477e-08,1.49011611938477e-08,1.80294646937112,2.0090131199713,1.36768685446665,6.21581895693998,22,55
0.284,1000,55,600.516506772314,536.672372819183,600.516506772314,13592.5158425117,13855.9449154207,14530.9613903312,53.6177222170292,42.4427815261556,48.1962403999214,-286.7646694958,-198.804010548302,1.49011611938477e-08,1.49011611938477e-08,1.90235857341629,2.6250435694518,1.89862098993625,8.56876997408312,22,55
0.285,1000,55,587.753274380411,530.847799814414,587.753274380411,13598.0142095481,14208.8740499139,14203.2323130395,46.4237651196574,40.8428867525826,46.499224245751,-296.601802351312,-167.022782405202,1.49011611938477e-08,1.49011611938477e-08,1.95349155772525,2.6267684932343,1.8982266065667,12.433555876848,22,55
0.286,1000,55,541.488264910116,154.224024384681,541.488264910116,13969.1700453408,14118.9393297679,13877.775230639,39.6981628077603,40.6588521000158,43.6871532512201,-438.002332983411,-75.7966953477672,1.49011611938477e-08,1.49011611938477e-08,1.93541499709712,1.34166369164848,1.23999388806228,5.4525416700826,22,55
0.287,1000,55,383.626301600228,528.707514017148,383.626301600228,14228.3619164474,13692.5038397414,13996.8158132091,39.9927978944364,41.8948615947326,42.6390760504296,-654.718909049808,4.51868839139505,1.49011611938477e-08,1.49011611938477e-08,1.81877889378262,0.467017424550905,0.638423873574397,2.18179374071466,22,55
0.288,1000,55,203.913166612964,534.730294700903,203.913166612964,14053.7825702413,13465.2609391284,14422.9208202816,46.3979421706203,43.8548734589697,43.8976033698747,-779.348594461335,-1.95751345742324,1.49011611938477e-08,1.49011611938477e-08,1.79188988906269,0.335725889067293,0.0845051693282269,1.85629383206951,22,55
0.289,1000,55,200.447921031288,534.874466594139,200.447921031288,13587.9255722511,13735.66820225,14539.0630906028,53.7676009456891,45.4804597395963,46.4300662168546,-789.059479416009,-52.7830715627813,1.49011611938477e-08,1.49011611938477e-08,1.88482344680618,0.636994998793136,1.49011611938477e-08,2.31077516880439,22,55
0.29,1000,55,470.556650221197,500.000806147365,470.556650221197,13458.5819075251,14157.3551467945,14208.7874314868,59.679910275917,46.313113443708,49.4935035522504,-742.592603976965,-165.141202067544,1.49011611938477e-08,1.49011611938477e-08,1.94296389712039,1.04283912492184,1.49011611938477e-08,3.46358558209103,22,55
0.291,1000,55,601.809342606686,-11373.6185633748,601.809342606686,13788.434615426,14216.8886039222,13822.4190803217,61.7809682088802,46.0036980831632,51.1867015742082,-627.699289537927,-304.352941623297,1.49011611938477e-08,1.49011611938477e-08,1.94375716675581,1.50469041891885,0.402548470946415,5.28615241477408,22,55
0.292,1000,55,572.850606226671,520.682256438996,572.850606226671,14085.3487565996,13855.4963943082,13837.5514296009,61.1204824287852,44.0018181267887,51.3833845754845,-466.056615838928,-344.115157552057,1.49011611938477e-08,1.49011611938477e-08,1.85473393124188,1.87303172130455,0.942508684661723,5.82075836332647,22,55
0.293,1000,55,567.736766463882,500.843057486832,567.736766463882,13965.4264461488,13543.9040063742,14240.2782601652,60.3826295370793,40.1762864301077,50.8347279013315,-349.641922050265,-247.588196789047,1.49011611938477e-08,1.49011611938477e-08,1.80945173774306,2.0833306829726,1.54748514172357,4.22039236791358,22,55
0.294,1000,55,545.072501714061,118.682540452922,545.072501714061,13527.703714665,13699.4838430617,14504.2352642735,59.8360813355335,35.1685640658496,49.5875149812375,-287.188796306893,-133.476943938085,1.49011611938477e-08,1.49011611938477e-08,1.88245539087269,2.32814876476902,2.0645367954875,3.17293561043193,22,55
0.295,1000,55,490.804838738542,459.360531269086,490.804838738542,13282.6085825691,14106.5939350939,14278.7547701031,60.0080411552988,30.6324598295894,47.952732299639,-339.340640801197,-54.4086739042366,1.49011611938477e-08,1.49011611938477e-08,1.93919631565615,2.42932171791793,2.73609319144392,2.70657289957903,22,55
0.296,1000,55,469.624291323929,498.878091485005,469.624291323929,13554.5383698691,14236.1870045169,13823.2366727909,60.9932324327055,29.5074637993678,46.0075068364234,-503.228143533523,-79.9870174117193,1.49011611938477e-08,1.49011611938477e-08,1.95322433402179,2.18193945640789,1.90552271582024,2.75335724741494,22,55
0.297,1000,55,480.456462221871,482.889176305017,480.456462221871,14013.5132006991,13915.2075496607,13724.6156681132,61.7345819654928,32.7407886937166,44.0164370643881,-668.261331460923,-270.473893870261,1.49011611938477e-08,1.49011611938477e-08,1.87806112794134,1.9197561020168,0.558708883407423,3.10679116920357,22,55
0.298,1000,55,481.157031880722,481.188082752215,481.157031880722,14096.5254181768,13526.3186576887,14115.9925375389,61.3341802983337,37.7266205250198,42.2319981159088,-676.999760874395,-514.986324811664,1.49011611938477e-08,1.49011611938477e-08,1.78884802073058,1.89870511449794,1.49011611938477e-08,2.50966548646958,22,55
0.299,1000,55,454.936654689739,512.421051521998,454.936654689739,13744.6117023205,13568.0245154978,14499.660672539,59.5543242226008,42.0578589654277,40.5883503410833,-567.896594242021,-643.119169351133,1.49011611938477e-08,1.49011611938477e-08,1.84489422029049,2.03066093213583,1.49011611938477e-08,1.8555203933101,22,55
0.3,1000,55,398.193762045422,527.741861820019,398.193762045422,13423.2662712927,13978.6597528999,14411.1686587449,57.0901470433667,44.7664537653142,39.4994331799889,-464.811845757816,-618.006631084821,1.49011611938477e-08,1.49011611938477e-08,1.92654069005312,2.06701191225139,1.49011611938477e-08,1.97473813818013,22,55
0.301,1000,55,304.836386001407,531.705616249884,304.836386001407,13568.9408879219,14230.7465125691,13969.4160599983,55.934842285022,45.9481930761948,40.0679681971123,-428.420483952652,-493.306136383137,1.49011611938477e-08,1.49011611938477e-08,1.9526888139276,1.79522343270563,1.49011611938477e-08,3.7303505182564,22,55
0.302,1000,55,233.007986054393,533.884247698796,233.007986054393,14004.9898471424,14010.1879476267,13734.5948574472,56.7983041748369,46.0069226840349,42.2856391964377,-444.953643544098,-327.390047295599,1.49011611938477e-08,1.49011611938477e-08,1.89796199810079,1.48380158836054,0.329346037525533,57.7819184777588,22,55
0.303,1000,55,301.302715736907,531.838003340125,301.302715736907,14190.7362660159,13587.8764105192,14011.8128013916,58.3065354723416,45.202913802039,45.3522411365936,-447.810833692067,-218.82438839756,1.49011611938477e-08,1.49011611938477e-08,1.78402233803519,1.53345019632748,0.828326621060587,6.80412547581459,22,55
0.304,1000,55,546.229201715799,115.772092888021,546.229201715799,13929.7733242583,13508.3741379598,14453.0136279799,57.964115514442,43.6577839147566,47.7236556589943,-383.651871020174,-194.200229561023,1.49011611938477e-08,1.49011611938477e-08,1.80864699229742,1.95196865872732,1.35369349730073,5.92147199889448,22,55
0.305,1000,55,601.83808210711,537.340575007486,601.83808210711,13576.2400540071,13876.4181808644,14530.7164595209,53.940359690072,41.6697372359175,47.9834200098043,-307.346283021447,-196.878871844766,1.49011611938477e-08,1.49011611938477e-08,1.90711198721111,2.52231342119145,1.82695241212885,8.32068972672348,22,55
0.306,1000,55,585.893624839294,530.237546835028,585.893624839294,13608.2264605872,14212.5006188444,14188.2547094626,46.8392084884702,40.2592366291967,45.955525097158,-318.648842283756,-162.910286386764,1.49011611938477e-08,1.49011611938477e-08,1.95490680801915,2.42943491772609,1.78200381135598,11.2935761575964,22,55
0.307,1000,55,535.90079758001,205.118413942664,535.90079758001,13987.1027142436,14093.5425234598,13879.5108723628,40.5092419327943,40.1853403667364,42.9906065565211,-469.586969963537,-61.535783542587,1.49011611938477e-08,1.49011611938477e-08,1.93116213173278,1.21776282106689,1.17620354686153,4.54279145634106,22,55
0.308,1000,55,366.978637799652,529.542783492557,366.978637799652,14225.8556406602,13662.5073979023,14026.1080128709,41.2358607528381,41.4529222482117,42.0215468175582,-683.153879165054,19.5886562090879,1.49011611938477e-08,1.49011611938477e-08,1.81371645682965,0.406009362259357,0.624838410915859,1.93949906586963,22,55
0.309,1000,55,179.049510087618,535.47419663374,179.049510087618,14028.542670289,13461.4684829664,14451.5828493651,47.6790062386735,43.3202077944466,43.5008037623854,-797.434938016176,13.0743264738177,1.49011611938477e-08,1.49011611938477e-08,1.7960064815853,0.309557713929136,0.170746492342609,1.70900651249459,22,55
0.31,1000,55,193.97862293284,535.080223657383,193.97862293284,13565.0768896494,13754.4208987484,14539.0990217172,54.8625373537962,44.7966781323136,46.261578491121,-803.166405504237,-36.9574791423113,1.49011611938477e-08,1.49011611938477e-08,1.89017423857262,0.622418556408249,1.49011611938477e-08,2.1482137717364,22,55
0.311,1000,55,483.082254961736,479.597576884133,483.082254961736,13465.246650982,14167.8680130323,14190.2069176481,60.5826894040993,45.5430448337584,49.4569947304559,-758.97827115108,-147.118099099322,1.49011611938477e-08,1.49011611938477e-08,1.9448527211492,1.02996455671892,1.49011611938477e-08,3.25090935171297,22,55
0.312,1000,55,601.350673531396,537.082595625118,601.350673531396,13809.5676584811,14201.2570068597,13816.7802150814,62.4584892738571,45.1616892845608,51.1581427979774,-638.841171988871,-296.716386798875,1.49011611938477e-08,1.49011611938477e-08,1.94181366100718,1.48315307829941,0.461039558943058,4.986761802376,22,55
0.313,1000,55,571.146454718602,517.093885807338,571.146454718602,14088.716847045,13827.0982354633,13857.0916888899,61.681458953979,43.0784597099749,51.3607882121275,-478.174588983865,-335.298248827502,1.49011611938477e-08,1.49011611938477e-08,1.84970763106746,1.84305020027639,0.972769386503628,5.50885252513955,22,55
0.314,1000,55,567.625462767135,500.473145327693,567.625462767135,13946.3976084854,13534.1735242592,14268.4717280368,60.868118419949,39.1784753854631,50.8774483588419,-361.202506951214,-243.401122561149,1.49011611938477e-08,1.49011611938477e-08,1.81149062677717,2.06404116683247,1.56387510310642,4.12660007745448,22,55
0.315,1000,55,543.116065631813,138.252662066999,543.116065631813,13502.6145069591,13716.2014147087,14508.6608509453,60.2749203858039,34.0740177773563,49.7456628838688,-301.066950539885,-132.80233730533,1.49011611938477e-08,1.49011611938477e-08,1.88733478246696,2.31271406623444,2.08790580406287,3.18413778257792,22,55
0.316,1000,55,495.122418510142,445.765010496473,495.122418510142,13283.0128415839,14124.0620889565,14255.7803028084,60.4365298705575,29.4681520897903,48.2050282114985,-352.49334909964,-59.652755955504,1.49011611938477e-08,1.49011611938477e-08,1.94075714296549,2.39628005200702,2.69625955571295,2.74643236841641,22,55
0.317,1000,55,484.498508798679,474.227482290463,484.498508798679,13582.8995662255,14229.8340362554,13804.5955593252,61.3404997865434,28.2819932421638,46.2919229126691,-520.885974693021,-91.4367781926706,1.49011611938477e-08,1.49011611938477e-08,1.95227328925365,2.14954786107627,1.71166662187367,2.81151611660237,22,55
0.318,1000,55,491.896221763907,456.472572021438,491.896221763907,14032.8924466671,13890.1264285209,13737.7828535317,61.9094304092761,31.606790716237,44.3032687859323,-670.251372049828,-290.295916271488,1.49011611938477e-08,1.49011611938477e-08,1.87061818243096,1.92346746811214,0.503171961090438,3.15781209682018,22,55
0.319,1000,55,480.9800903069,481.47351094552,480.9800903069,14087.9559613773,13516.3715795596,14145.1828020873,61.2606048940222,36.6184205012193,42.5546722249215,-659.578418539638,-528.417553097439,1.49011611938477e-08,1.49011611938477e-08,1.78806638308474,1.93883636259541,1.49011611938477e-08,2.50921397789078,22,55
0.32,1000,55,446.337065500215,517.343857930016,446.337065500215,13721.6544967839,13587.0536430264,14510.4729352168,59.2071838631076,40.8337972911309,40.9301995619216,-542.613350443813,-643.398087422776,1.49011611938477e-08,1.49011611938477e-08,1.85030027291739,2.09317419881141,1.49011611938477e-08,1.87759194952619,22,55
0.321,1000,55,379.518775876857,528.973559283038,379.518775876857,13416.9068884473,14004.5377801965,14390.170607136,56.6696477200034,43.381197176086,39.9886889869034,-447.295025984472,-612.392764718867,1.49011611938477e-08,1.49011611938477e-08,1.92927074144108,2.1312830847185,1.49011611938477e-08,2.0585223885799,22,55
0.322,1000,55,280.729043487155,532.43712461521,280.729043487155,13590.5183578577,14232.7557917969,13943.1282505583,55.6425362735697,44.4413172965137,40.6900368601959,-415.499680929751,-479.58583547947,1.49011611938477e-08,1.49011611938477e-08,1.9526394999008,1.84834682603509,1.49011611938477e-08,4.00389482674478,22,55
0.323,1000,55,215.756601882442,534.40058543441,215.756601882442,14026.9420478307,13988.2586012737,13734.693618521,56.638121457545,44.4267386557616,42.8936969984362,-438.329613629959,-319.562858376204,1.49011611938477e-08,1.49011611938477e-08,1.89090169877521,1.53428362071279,0.386515219667465,62.9998107661677,22,55
0.324,1000,55,307.900397947405,531.65673362734,307.900397947405,14186.2151083564,13570.7481131345,14035.1242908245,58.1626181403006,43.5994556065152,45.8236507820913,-440.561108441426,-222.49861356289,1.49011611938477e-08,1.49011611938477e-08,1.78031318292855,1.59547576253135,0.852330092326092,7.20145650757549,22,55
0.325,1000,55,542.801394454191,150.744324185494,542.801394454191,13907.6215851525,13520.2382027139,14467.9500723415,57.6833244809183,42.0442468026861,47.9935759818401,-373.697834437666,-205.189726089679,1.49011611938477e-08,1.49011611938477e-08,1.81352576599054,2.03195889695099,1.35709502440404,6.56409099264374,22,55
0.326,1000,55,600.533772600247,-10648.3474484759,600.533772600247,13564.9205401015,13901.82602668,14516.894859335,53.4575529347946,40.1414872717752,47.9738129032568,-301.882726583943,-210.354123100675,1.49011611938477e-08,1.49011611938477e-08,1.91113471228283,2.60741611335997,1.78580635128358,9.68420396165167,22,55
0.327,1000,55,584.494945400728,-4845.915797166,584.494945400728,13623.7884685147,14219.1495475899,14161.5069374523,46.2700395662242,38.8511177873291,45.6903564800591,-317.248058313092,-171.918607494046,1.49011611938477e-08,1.49011611938477e-08,1.95587354106414,2.44499890794944,1.69925506086279,13.7817146766952,22,55
0.328,1000,55,529.520460088233,258.825166591339,529.520460088233,14008.9102600994,14073.6066740275,13871.6085578664,40.1152916382086,38.9075215012715,42.577307192853,-473.349620336396,-65.4223194141873,1.49011611938477e-08,1.49011611938477e-08,1.92577336605481,1.1829276282228,1.11524335828921,4.67163565976945,22,55
0.329,1000,55,353.08266247131,530.093777685059,353.08266247131,14226.020364692,13640.3128940604,14044.0767579455,41.2232890641685,40.2565182050283,41.6615534858447,-683.221409336727,16.1561554746964,1.49011611938477e-08,1.49011611938477e-08,1.80798037920015,0.395796963960316,0.594631492219325,1.95318567902891,22,55
0.33,1000,55,177.604372036571,535.541947183831,177.604372036571,14006.8323813056,13466.1818709756,14468.0773998678,47.7740008534473,42.0946704557873,43.2789007213101,-787.112468500875,9.72931467114434,1.49011611938477e-08,1.49011611938477e-08,1.7994278230402,0.347566245600185,0.174159549553846,1.74298472704738,22,55
0.331,1000,55,221.446411952191,534.246835380658,221.446411952191,13548.111712385,13780.2177633386,14528.346827227,54.8884140014857,43.4691723402855,46.2018039815457,-790.94901205481,-36.5850493756104,1.49011611938477e-08,1.49011611938477e-08,1.89472262006692,0.662087408060207,1.49011611938477e-08,2.19821823981235,22,55
0.332,1000,55,516.174103885524,360.854833399766,516.174103885524,13477.64582531,14183.3950878324,14163.4198440488,60.3675513922436,44.1572831481361,49.3534337169711,-743.790489509001,-154.307203377028,1.49011611938477e-08,1.49011611938477e-08,1.94623588726841,1.07309465311491,1.49011611938477e-08,3.34572326948285,22,55
0.333,1000,55,599.985195453901,536.254526259487,599.985195453901,13834.7328706833,14184.730056926,13802.8996715726,62.0280071120685,43.8096230827354,50.9093774476365,-624.857277818865,-300.981158065558,1.49011611938477e-08,1.49011611938477e-08,1.93831213361074,1.52171925240428,0.483297188528377,5.07631602131799,22,55
0.334,1000,55,567.463238725802,503.827948573065,567.463238725802,14093.5079187954,13801.2786385179,13871.2133231288,61.2738889597221,41.8159517322807,51.0600142107008,-473.684782681205,-330.025963833672,1.49011611938477e-08,1.49011611938477e-08,1.84381841228653,1.8590332010837,0.981270446367251,5.46762486476873,22,55
0.335,1000,55,569.457067645636,509.125848786403,569.457067645636,13926.3729321173,13530.5994581384,14290.4193840723,60.5725041342598,37.9347412533414,50.5514396499886,-365.647997041528,-234.55097207668,1.49011611938477e-08,1.49011611938477e-08,1.81383969433882,2.06179781981253,1.56640548282325,4.03728104114231,22,55
0.336,1000,55,544.682277626596,122.526787933282,544.682277626596,13478.6012684031,13738.4969128824,14505.9433382096,60.0551230468615,32.8845724544981,49.3781442571191,-315.023025094885,-131.158518395143,1.49011611938477e-08,1.49011611938477e-08,1.89213139529945,2.28838516661737,2.09851958643172,3.11642729553721,22,55
0.337,1000,55,493.632981722433,450.349701608733,493.632981722433,13285.1001002185,14140.9468892516,14230.2367944832,60.2911642740797,28.4726518664645,47.8085056416407,-374.526403361353,-58.3144440042934,1.49011611938477e-08,1.49011611938477e-08,1.94229628424641,2.34070277438832,2.64462624003922,2.70538308869989,22,55
0.338,1000,55,480.828144432408,482.326381600214,480.828144432408,13605.0581913989,14217.7821548444,13786.3901496433,61.2394909220147,27.7404749567171,45.8832892602116,-546.674486151379,-100.231015641126,1.49011611938477e-08,1.49011611938477e-08,1.95132099049618,2.08391311255794,1.51672950575019,2.78812507937428,22,55
0.339,1000,55,491.687025128609,457.117673568277,491.687025128609,14045.4512499088,13863.5257880927,13750.9844126199,61.798661462223,31.4900606858325,43.9232061108443,-688.222041051859,-304.565446258411,1.49011611938477e-08,1.49011611938477e-08,1.8643815253379,1.87017838567236,0.424079715588937,3.10844718316507,22,55
0.34,1000,55,487.398660620384,467.725053277913,487.398660620384,14071.6955879482,13505.6698553794,14172.7486222889,61.083476649444,36.6710638371435,42.2409808532237,-666.379494640108,-534.823117096275,1.49011611938477e-08,1.49011611938477e-08,1.78926004255559,1.89297993585063,1.49011611938477e-08,2.48450124995855,22,55
0.341,1000,55,456.358440169764,511.403596256812,456.358440169764,13693.5923303149,13605.1184810553,14519.7238097145,58.9392565624273,40.8975447255807,40.7122453290586,-552.460311598121,-635.743754560444,1.49011611938477e-08,1.49011611938477e-08,1.85668396225232,2.03950195027121,1.49011611938477e-08,1.91494556703077,22,55
0.342,1000,55,392.158884208872,528.201617829183,392.158884208872,13409.0984359979,14026.8779815549,14372.6636957637,56.4015172937737,43.3968303115383,39.8855537410144,-454.122432320578,-597.294177210718,1.49011611938477e-08,1.49011611938477e-08,1.93215160291053,2.05184735916429,1.49011611938477e-08,2.18104412032536,22,55
0.343,1000,55,293.085271876792,532.049074088119,293.085271876792,13608.5046862519,14230.356407534,13923.8104292479,55.4783792463218,44.3987729463894,40.7229872828503,-427.764045926945,-458.952520594413,1.49011611938477e-08,1.49011611938477e-08,1.95268492195149,1.75179904697348,1.49011611938477e-08,4.56325784389918,22,55
0.344,1000,55,235.845833703992,533.791289378514,235.845833703992,14041.8114672866,13961.3615078817,13742.984094756,56.5928467635273,44.3381248327176,42.9991116690463,-454.757281065404,-301.418708726777,1.49011611938477e-08,1.49011611938477e-08,1.88475922727017,1.46244023390644,0.430289180029783,36.1726886904782,22,55
0.345,1000,55,326.74257883839,531.068538573265,326.74257883839,14176.1783972809,13551.9501313639,14065.5790258528,58.1614092192557,43.4882130417163,45.9374947396975,-455.932277999792,-211.723361425498,1.49011611938477e-08,1.49011611938477e-08,1.77897237002924,1.54432256393937,0.879709733683339,6.35250617932368,22,55
0.346,1000,55,581.8438667926,-339.073565968888,581.8438667926,13881.1327583268,13530.5033847568,14490.1156081578,57.5072218106205,41.9644258659882,47.9081116770822,-389.838730009029,-199.840009589918,1.49011611938477e-08,1.49011611938477e-08,1.81987841237892,1.97777741157105,1.37126768965879,6.15292204734808,22,55
0.347,1000,55,600.001642300364,-10406.1369615685,600.001642300364,13551.8969000126,13924.3189630385,14512.5069046347,53.0405387413556,40.1670737226853,47.5946070838842,-316.016446522009,-203.620736616586,1.49011611938477e-08,1.49011611938477e-08,1.91555237594686,2.49899738200511,1.76591703240577,9.05487030942892,22,55
0.348,1000,55,581.675919399213,-4196.69003842968,581.675919399213,13637.0701295429,14221.2985768849,14145.6152149855,45.8399563306986,39.0412441917364,45.059939063395,-339.932669717027,-157.688215736411,1.49011611938477e-08,1.49011611938477e-08,1.95700134298876,2.23618527767607,1.64360834176112,11.2492473275481,22,55
0.349,1000,55,520.562554212042,323.433922444866,520.562554212042,14027.0171568673,14047.8554115937,13874.3185550943,40.1521523652424,39.1990960100429,41.9940157492903,-504.866812118954,-47.1916441981504,1.49011611938477e-08,1.49011611938477e-08,1.92064876936503,1.04433827614042,1.07252415769055,3.84161310419323,22,55
0.35,1000,55,330.986348615585,530.855820165956,330.986348615585,14222.0354036495,13613.8799564524,14072.9123311442,41.8934380097705,40.5934509332814,41.3208973990245,-712.146810522984,29.5255400123977,1.49011611938477e-08,1.49011611938477e-08,1.80363948230135,0.302527585271405,0.573696133817652,1.74582092253114,22,55
0.351,1000,55,147.521948940974,536.4296380685,147.521948940974,13982.1699919947,13466.9695350068,14493.0659694332,48.630086601959,42.3739838994531,43.160573525172,-804.423633195019,20.2952731956327,1.49011611938477e-08,1.49011611938477e-08,1.80404043885863,0.309157898713534,0.172477796850258,1.65063987013932,22,55
0.352,1000,55,216.091458873667,534.424339531083,216.091458873667,13529.9409313027,13801.6960988808,14525.2148241024,55.6926437099381,43.6513738800017,46.2600638965934,-804.660565030417,-30.7760276434277,1.49011611938477e-08,1.49011611938477e-08,1.89954502064496,0.645939698704263,1.49011611938477e-08,2.13162197952835,22,55
0.353,1000,55,520.056884646382,337.457703065236,520.056884646382,13489.3301676726,14192.8694166841,14144.200865947,61.097032785539,44.2808853646604,49.5168963542635,-753.152312908702,-154.421438525132,1.49011611938477e-08,1.49011611938477e-08,1.94787035359559,1.06373178841322,1.49011611938477e-08,3.29217202986884,22,55
0.354,1000,55,599.733614644113,-10289.9268627994,599.733614644113,13856.9424618893,14167.4379858395,13799.168264142,62.6236098088514,43.8384603754813,51.0839370568965,-629.71600633244,-301.114404101572,1.49011611938477e-08,1.49011611938477e-08,1.93559376596547,1.50934353411883,0.512610515376047,5.00387160746543,22,55
0.355,1000,55,566.140968405489,-1689.27428345088,566.140968405489,14094.7330729139,13774.3057753947,13891.5256423801,61.8006204558007,41.7048293347327,51.2198262672854,-476.880905625618,-324.710996215507,1.49011611938477e-08,1.49011611938477e-08,1.83899851687211,1.84440576445772,1.00764411180835,5.35171306439817,22,55
0.356,1000,55,564.518720724433,-1442.75774895084,564.518720724433,13910.7424069237,13525.4065956938,14319.4016334919,61.0092080552713,37.7147123744824,50.6983949341322,-368.828165143343,-237.64957801396,1.49011611938477e-08,1.49011611938477e-08,1.81602649514597,2.07510022616207,1.59009077957456,4.08633360777532,22,55
0.357,1000,55,531.717107923752,242.155417071351,531.717107923752,13462.4006588335,13757.7077860308,14509.8609212975,60.4921905268943,32.5616764777493,49.5827668280637,-314.848227042427,-129.062961779274,1.49011611938477e-08,1.49011611938477e-08,1.89613343726386,2.31807475963285,2.12181005905122,3.20538496185456,22,55
0.358,1000,55,478.909370877968,484.895197693221,478.909370877968,13297.2264416358,14158.6847709339,14210.6358372667,60.8002742858661,28.0669358928388,48.0747485589941,-380.361551592238,-56.4521010314506,1.49011611938477e-08,1.49011611938477e-08,1.94337464418786,2.3534666409866,2.59892163791131,2.78732014429532,22,55
0.359,1000,55,475.39586663916,490.997946829382,475.39586663916,13640.3862366981,14210.073566866,13776.2413401615,61.7954511478631,27.2063002968545,46.1414169779542,-553.252581207348,-100.675976487723,1.49011611938477e-08,1.49011611938477e-08,1.94920107453789,2.07345246966803,1.4226822279838,2.87179040901232,22,55
0.36,1000,55,492.653027701367,452.886576883973,492.653027701367,14065.6286680111,13839.0430813695,13772.8361471444,62.3729560555652,30.9542650708994,44.0745589132052,-687.081999552517,-304.451567086114,1.49011611938477e-08,1.49011611938477e-08,1.85649700641442,1.85557619006729,0.382562158907707,3.23581539765628,22,55
0.361,1000,55,499.312831561292,431.572280471223,499.312831561292,14063.9538183742,13498.746958148,14207.1885134971,61.6208329508346,36.0629669052091,42.2235672863256,-661.418790979238,-515.694140139513,1.49011611938477e-08,1.49011611938477e-08,1.78901093044059,1.87709275213391,1.49011611938477e-08,2.62245844088719,22,55
0.362,1000,55,473.658141941251,494.194005162459,473.658141941251,13675.715353804,13626.4037233727,14533.8188324847,59.4167265755488,40.1364807950903,40.5050916577861,-541.262746333934,-614.659466984345,1.49011611938477e-08,1.49011611938477e-08,1.86177982106224,2.01183553806342,1.49011611938477e-08,2.04304304138153,22,55
0.363,1000,55,407.272100164535,526.923973776103,407.272100164535,13410.6117165657,14051.127602362,14357.7699784182,57.0100774895766,42.4734168430158,39.7452996312058,-448.568930155913,-568.379360874272,1.49011611938477e-08,1.49011611938477e-08,1.93451274529724,1.99353638363402,1.49011611938477e-08,2.40525602184057,22,55
0.364,1000,55,300.843762771757,531.82441991503,300.843762771757,13634.5224424189,14228.4543906855,13909.1771489728,56.3175745082163,43.3544554551369,40.7405773873402,-429.740205879448,-427.832136821618,1.49011611938477e-08,1.49011611938477e-08,1.95230386896644,1.68228978405753,1.49011611938477e-08,5.56420248862896,22,55
0.365,1000,55,240.399392513254,533.672920014523,240.399392513254,14062.1709618433,13937.6720151866,13756.5942580676,57.6262201782943,43.2054278639624,43.1509424811563,-462.645364784425,-275.573473621948,1.49011611938477e-08,1.49011611938477e-08,1.87781662958322,1.42679861034597,0.46378066602266,18.3959335496403,22,55
0.366,1000,55,343.209594320965,530.517647070719,343.209594320965,14168.1262308131,13536.8283708308,14099.1151399109,59.2633113072927,42.306375343937,46.1128923134151,-464.776390569279,-198.210236329914,1.49011611938477e-08,1.49011611938477e-08,1.77717218263939,1.54060008721758,0.900416993850674,5.68087555488849,22,55
0.367,1000,55,589.742783482439,-230.034183465565,589.742783482439,13857.7100844358,13544.7178484714,14511.3093398621,58.5482756804369,40.7388731832817,48.009751998225,-393.905521167104,-190.703167473591,1.49011611938477e-08,1.49011611938477e-08,1.82563152110806,1.99114561084365,1.37891780615235,5.83970508946003,22,55
0.368,1000,55,599.944582332628,536.162881350643,599.944582332628,13541.8472956769,13949.1845303549,14504.7935678775,54.0642767408259,38.974139242979,47.5201070754612,-321.305545116547,-196.390028938476,1.49011611938477e-08,1.49011611938477e-08,1.91939464823483,2.5053140406915,1.74420381598399,8.72206535511819,22,55
0.369,1000,55,581.568397901399,528.70606695181,581.568397901399,13653.1713085404,14224.3241583422,14128.3915052828,46.9718005600553,37.8793071369693,44.8253037515969,-350.333718040568,-146.966159659251,1.49011611938477e-08,1.49011611938477e-08,1.95778540577657,2.20161739284131,1.6013147105369,9.95621548337154,22,55
0.37,1000,55,518.381078742948,337.384892253789,518.381078742948,14045.8703730286,14026.316184262,13879.0393923323,41.5324345599338,38.0813348766201,41.6499988611399,-518.136222020541,-33.6514221207172,1.49011611938477e-08,1.49011611938477e-08,1.91512008757198,1.03965306399275,1.0502789004176,3.4939675777345,22,55
0.371,1000,55,326.169298872547,531.011458979537,326.169298872547,14217.0397525489,13593.7313148513,14101.410065419,43.3418660300551,39.4720740574966,41.0200066184511,-711.360639305182,40.0988716043442,1.49011611938477e-08,1.49011611938477e-08,1.79980376248713,0.349814997860661,0.58129439305394,1.66775199047049,22,55
0.372,1000,55,182.651123074514,535.390987743887,182.651123074514,13954.3195188757,13475.3955954312,14514.0905489915,49.7668922462716,41.1649087983775,42.939823729858,-801.730868854636,32.1144030766026,1.49011611938477e-08,1.49011611938477e-08,1.80925811357522,0.363083295782395,0.250433694076952,1.59492734822918,22,55
0.373,1000,55,255.509790528268,533.243452636327,255.509790528268,13508.2444439435,13828.4889938008,14516.9826908411,56.542183286836,42.3553698537263,46.0957632657403,-803.261963656984,-17.3935581239024,1.49011611938477e-08,1.49011611938477e-08,1.90433382754683,0.671109451564319,1.49011611938477e-08,2.02015011483305,22,55
0.374,1000,55,569.273388055606,-160.460573917599,569.273388055606,13496.3219052988,14205.8920123251,14123.7468030224,61.4212700541003,42.9407646549628,49.0918738028127,-751.824989083963,-143.396929699835,1.49011611938477e-08,1.49011611938477e-08,1.94913499715868,1.0735043383122,0.191725135513679,3.06026224562035,22,55
0.375,1000,55,597.093802947395,534.68410032788,597.093802947395,13872.9994934058,14149.2889484526,13795.4143381595,62.5082261487283,42.5379273903271,50.3487822800404,-631.807582034668,-285.84057579066,1.49011611938477e-08,1.49011611938477e-08,1.9319631748818,1.49252605623398,0.574245452837009,4.52188699322547,22,55
0.376,1000,55,558.831769294068,417.041843192779,558.831769294068,14089.500976339,13750.6672097804,13914.5813606568,61.5588329903996,40.4730881495932,50.4418429718064,-494.396672598531,-306.254204237574,1.49011611938477e-08,1.49011611938477e-08,1.83491642584028,1.7939827354339,1.04633935367387,4.71678681393449,22,55
0.377,1000,55,569.776833599889,511.131394748864,569.776833599889,13881.945104594,13526.2848379993,14344.6753128059,60.7376198525039,36.4607734774839,50.0363634846896,-384.537971408126,-216.754561710332,1.49011611938477e-08,1.49011611938477e-08,1.82035464000964,2.01082828982079,1.61675459997228,3.6299692193965,22,55
0.378,1000,55,541.183250871701,157.137285447756,541.183250871701,13433.3200986729,13781.959583733,14508.5065465936,60.1636654220719,31.3318344908468,49.0246626942163,-336.499417300306,-113.109268461138,1.49011611938477e-08,1.49011611938477e-08,1.90135188883671,2.23457394672526,2.13468331125558,2.92225842111727,22,55
0.379,1000,55,491.679012917572,456.957403727014,491.679012917572,13295.5667717645,14172.2745943678,14186.0515135038,60.4536069475851,27.0678855065319,47.5902204161648,-410.206857667282,-48.1615263364835,1.49011611938477e-08,1.49011611938477e-08,1.94518644910715,2.24881302286101,2.54068368300336,2.60221644164338,22,55
0.38,1000,55,486.686524092168,470.433535582567,486.686524092168,13657.591887978,14194.0894645219,13761.4577869159,61.4220787337039,26.8360426376435,45.709942285494,-586.878323919702,-107.681827477515,1.49011611938477e-08,1.49011611938477e-08,1.94829727679166,1.98357241775667,1.29152143516351,2.74083716277888,22,55
0.381,1000,55,497.885699742542,437.893552299242,497.885699742542,14072.9971990433,13813.0684221703,13789.2194226436,61.8574887029909,31.1053791806294,43.726965083337,-706.299271997021,-311.264708992965,1.49011611938477e-08,1.49011611938477e-08,1.8511838804536,1.80663125222185,0.330712047763273,3.09534472644799,22,55
0.382,1000,55,493.851376964658,450.281226764117,493.851376964658,14043.5495095903,13492.1685405362,14233.7274723744,60.839016463114,36.4342646992814,41.9784378737714,-666.41178797669,-533.084438891754,1.49011611938477e-08,1.49011611938477e-08,1.79173643683751,1.86183097991541,1.49011611938477e-08,2.50672960527032,22,55
0.383,1000,55,461.339277532495,507.402757580798,461.339277532495,13646.2484510559,13647.4824000002,14538.0715616031,58.3298755979401,40.5459527010541,40.3628783891168,-539.29886796956,-621.252440534689,1.49011611938477e-08,1.49011611938477e-08,1.8682390228651,2.00940726578377,1.49011611938477e-08,2.00533688583845,22,55
0.384,1000,55,392.119369874373,528.201758020497,392.119369874373,13404.8941498201,14072.4635562,14334.8459298643,55.7182709559452,42.8700370317633,39.6748611807348,-448.159102049419,-564.850426913992,1.49011611938477e-08,1.49011611938477e-08,1.93694702380333,1.98039936920092,1.49011611938477e-08,2.44926122932175,22,55
0.385,1000,55,290.873457481453,532.130096336075,290.873457481453,13654.0673354448,14223.5670466916,13887.7183332524,54.986274030784,43.7345648564436,40.7274023269831,-433.950877625882,-417.407941836896,1.49011611938477e-08,1.49011611938477e-08,1.95169066668859,1.64525605932487,1.49011611938477e-08,6.03498188027405,22,55
0.386,1000,55,237.629500939325,533.736647349766,237.629500939325,14076.5609545788,13911.7152994588,13764.5487032695,56.3336224842551,43.5944957335632,43.1322213236546,-467.470705550943,-272.352970290312,1.49011611938477e-08,1.49011611938477e-08,1.87108447701711,1.3877075890796,0.514687835453,14.8112570287352,22,55
0.387,1000,55,355.78149378239,530.081622102491,355.78149378239,14157.8705375301,13522.8533218433,14126.1199808404,57.95234329165,42.7291592861574,46.0830004946139,-469.07082795429,-192.905442044375,1.49011611938477e-08,1.49011611938477e-08,1.77655353209225,1.50538804249698,0.939479651662608,5.40846313997373,22,55
0.388,1000,55,607.284338177564,-15031.5018549935,607.284338177564,13833.6823402574,13559.89047597,14526.3408552269,57.0028045463809,41.2445425513082,47.7908791228123,-395.923174789736,-188.24108701938,1.49011611938477e-08,1.49011611938477e-08,1.83201231534678,1.94433223548747,1.41188726467776,5.70088195695353,22,55
0.389,1000,55,598.488966211291,-9669.45031637878,598.488966211291,13534.6780896758,13972.4913954435,14492.8312722578,52.2533976221276,39.6368005986291,47.0923135999899,-329.529778034293,-190.480034651453,1.49011611938477e-08,1.49011611938477e-08,1.92329159985602,2.39340444971345,1.74804646361346,8.37079774920931,22,55
0.39,1000,55,577.710921212827,-3409.21980394649,577.710921212827,13671.4225939943,14224.1038351212,14107.1165949856,45.0896541947373,38.7408108827099,44.2886755456332,-371.159058909647,-133.965715059984,1.49011611938477e-08,1.49011611938477e-08,1.95845511881201,1.98233460788915,1.55523423598752,8.577033659252,22,55
0.391,1000,55,505.630634061061,404.842139126199,505.630634061061,14066.0349661628,13999.4945619781,13877.8958736961,40.2974217168817,39.1052463168233,41.4221860212228,-538.899036103573,-28.141894536784,1.49011611938477e-08,1.49011611938477e-08,1.90880047654584,0.877613893932471,0.991489871880556,3.0790466256222,22,55
0.392,1000,55,301.710534502332,531.77166313797,301.710534502332,14214.3457451466,13570.6256406169,14124.7868349641,43.0286361563033,40.605365256386,41.1738018374736,-739.257651340279,39.8677276579261,1.49011611938477e-08,1.49011611938477e-08,1.79571304971511,0.20831968937963,0.521655293606528,1.57874729985783,22,55
0.393,1000,55,161.648417562322,536.026858696817,161.648417562322,13931.4187823606,13480.5975087999,14529.5607607732,49.8216805158193,42.3029957975041,43.2456587780495,-816.742344346245,22.9549715165095,1.49011611938477e-08,1.49011611938477e-08,1.81389095119659,0.321671080931838,0.127338774535213,1.62185182125063,22,55
0.394,1000,55,273.588247963093,532.695295030363,273.588247963093,13497.350280793,13851.2421147485,14505.4733570342,56.7374376128583,43.4720589277323,46.5042666329905,-811.252384073974,-32.7941086763895,1.49011611938477e-08,1.49011611938477e-08,1.9083522760987,0.666295963008687,1.49011611938477e-08,2.12939301105025,22,55
0.395,1000,55,580.593451083849,-314.192163795669,580.593451083849,13515.0976336736,14213.4100036605,14100.1061318736,61.6665438833749,44.0282862907104,49.554410673253,-752.164835413735,-163.363868774181,1.49011611938477e-08,1.49011611938477e-08,1.95033917388555,1.08279656919417,0.0300345202664834,3.29054360044245,22,55
0.396,1000,55,596.584869008572,534.42995816002,596.584869008572,13898.1939019732,14130.5188731813,13790.5789477429,62.7162740534956,43.5014134449536,50.8078911514329,-632.255289755156,-294.740081573469,1.49011611938477e-08,1.49011611938477e-08,1.92815308488371,1.50475691580523,0.55878715597589,4.82670516115492,22,55
0.397,1000,55,557.249233282604,384.17808079243,557.249233282604,14090.1886630929,13725.9692163672,13932.740045648,61.7884148296304,41.2283204182722,50.8485699663201,-484.776967374552,-305.825287003101,1.49011611938477e-08,1.49011611938477e-08,1.83023105332585,1.80573009627652,1.05795459748468,4.8664706424984,22,55
0.398,1000,55,567.309842703234,500.225568098402,567.309842703234,13860.8447078826,13525.8947921607,14364.0442315191,60.9960456723718,37.0680751733917,50.3233423540582,-376.302691438536,-210.790275210641,1.49011611938477e-08,1.49011611938477e-08,1.82327127249192,2.03030917907335,1.64300986319075,3.68505007301325,22,55
0.399,1000,55,535.94758519779,205.848259029542,535.94758519779,13416.5606836143,13803.5077044307,14502.0356141909,60.4783522999419,31.8381525214664,49.1940750653495,-334.958886937889,-105.415268585577,1.49011611938477e-08,1.49011611938477e-08,1.90500548034724,2.25100130378476,2.17165095754253,2.94153815594956,22,55
0.4,1000,55,487.066934520682,468.828705633225,487.066934520682,13309.3682469412,14188.6383371946,14160.6480241202,60.8073451742054,27.5319817543929,47.6522221645127,-416.348522487594,-44.3762184944128,1.49011611938477e-08,1.49011611938477e-08,1.94615473027351,2.24427069360566,2.54097734801126,2.62092153440869,22,55
0.401,1000,55,483.569991193397,476.111404309122,483.569991193397,13691.789359328,14183.7778136137,13749.9312558398,61.7284648140802,27.171183062092,45.6863549389089,-583.649428176698,-105.529552173339,1.49011611938477e-08,1.49011611938477e-08,1.94554923065957,1.97355872658186,1.23331394331725,2.78379286380018,22,55
0.402,1000,55,494.466574735963,448.961593156786,494.466574735963,14088.5871218674,13788.3685352986,13810.0632975766,62.0970888626829,31.3660322989561,43.6995515911094,-702.880247237717,-321.830778719217,1.49011611938477e-08,1.49011611938477e-08,1.84386660400736,1.80485387125731,0.264708976858321,3.14599504804994,22,55
0.403,1000,55,492.541678237887,454.10480232122,492.541678237887,14030.6448065427,13487.324332817,14263.4726101812,61.0410400280456,36.5519101487904,41.9817285996335,-654.928587943858,-536.39726683227,1.49011611938477e-08,1.49011611938477e-08,1.79271144296773,1.8636838093149,1.49011611938477e-08,2.52684892440843,22,55
0.404,1000,55,459.452680279645,509.000815110098,459.452680279645,13625.6211048555,13669.4492238385,14543.5045923207,58.5849101269813,40.5065112649057,40.3868579087252,-529.023391953058,-614.692655332151,1.49011611938477e-08,1.49011611938477e-08,1.87330244308074,2.00182357686,1.49011611938477e-08,2.05098190389124,22,55
0.405,1000,55,389.143277097058,528.40400865431,389.143277097058,13406.2386829549,14093.8814609797,14312.15860405,56.2691876808643,42.6987074687678,39.9016384282999,-444.531945698371,-551.72276360809,1.49011611938477e-08,1.49011611938477e-08,1.93889379536417,1.95655820347528,1.49011611938477e-08,2.5956131004813,22,55
0.406,1000,55,276.363607480435,532.565138388166,276.363607480435,13678.9096354909,14218.2108042256,13868.0576465596,55.8213067363157,43.4572652556408,41.0921295826735,-433.120328044271,-412.912573706546,1.49011611938477e-08,1.49011611938477e-08,1.95042369940732,1.6359564358777,1.49011611938477e-08,6.84624059696893,22,55
0.407,1000,55,237.907487740904,533.747158705059,237.907487740904,14093.8521382249,13887.8936484253,13774.2575105007,57.2528657735182,43.2071620951014,43.5372114844197,-464.98740710551,-266.786419679695,1.49011611938477e-08,1.49011611938477e-08,1.86331647357948,1.42139430375908,0.532353548194094,13.0712335384539,22,55
0.408,1000,55,362.792960348905,529.799491222218,362.792960348905,14147.715503494,13511.665325645,14153.6230961688,58.6739438770734,42.2199402758908,46.3840950055207,-456.672549048746,-196.487151521087,1.49011611938477e-08,1.49011611938477e-08,1.77516994382083,1.57621545961868,0.970833909959802,5.51006236714654,22,55
0.409,1000,55,601.570952819332,-11018.4208025489,601.570952819332,13810.2504662502,13577.6687885002,14537.4037986605,57.3634076909254,40.6030431532289,47.9336510282705,-377.372247352586,-195.149117143904,1.49011611938477e-08,1.49011611938477e-08,1.83749253956086,2.04805255437905,1.45011006373215,6.05448945332438,22,55
0.41,1000,55,598.056589195835,-9464.20962521583,598.056589195835,13527.6849323412,13996.8623807501,14474.9129230375,52.3227210488521,38.9465599094045,47.0561246453266,-313.923774544301,-196.243216456685,1.49011611938477e-08,1.49011611938477e-08,1.92653841468383,2.50856303398969,1.77447012622505,9.16682725137165,22,55
0.411,1000,55,576.429595501494,-3181.4563283808,576.429595501494,13689.5076413311,14225.32239868,14083.1251614286,44.986773323013,38.040678191846,44.1280169482,-358.075272396106,-139.656402248416,1.49011611938477e-08,1.49011611938477e-08,1.95864715398076,2.0238145545608,1.549966231888,9.08118747029231,22,55
0.412,1000,55,499.549643331108,429.450844258032,499.549643331108,14083.6994701442,13977.4866017198,13877.9017908093,40.2968826328426,38.4497616119805,41.2394450059537,-538.285548310955,-26.5499301017937,1.49011611938477e-08,1.49011611938477e-08,1.90207231420256,0.875863419842528,0.9759268877793,3.05621343457055,22,55
0.413,1000,55,294.894434630389,532.001815475738,294.894434630389,14206.5216291948,13553.3275349701,14146.9932348927,43.2513282696345,39.9952155543267,41.0815615811848,-736.195958522421,38.3033756055748,1.49011611938477e-08,1.49011611938477e-08,1.79204159312667,0.240048114389899,0.513503807301352,1.59196765260767,22,55
0.414,1000,55,174.803370091436,535.607665189666,174.803370091436,13903.8342565673,13493.0000327362,14541.1260593771,50.0084196532051,41.6790916446931,43.2015410373488,-806.111927276969,18.9400333308221,1.49011611938477e-08,1.49011611938477e-08,1.81889603489523,0.365809815950955,0.151538983167243,1.65777822592449,22,55
0.415,1000,55,302.730986334533,531.817849271968,302.730986334533,13483.6879787396,13878.6706474395,14489.5536330459,56.8317518590908,42.8316025947937,46.4506472096575,-798.508430006493,-38.9435750390766,1.49011611938477e-08,1.49011611938477e-08,1.91212134721511,0.70433718583086,1.49011611938477e-08,2.17349640032208,22,55
0.416,1000,55,614.61393528244,-863.72165931489,614.61393528244,13530.5701931524,14224.1308227417,14075.4831568834,61.4165295147325,43.3808761526775,49.2394745539633,-740.947277671819,-162.942244071891,1.49011611938477e-08,1.49011611938477e-08,1.95102494255602,1.11731125800028,0.168255901255849,3.33164875169109,22,55
0.417,1000,55,594.196194699416,533.31844194899,594.196194699416,13919.0384539003,14112.365214915,13786.2263083419,62.1970701767589,42.8833371296178,50.2490620041192,-616.88661292425,-293.817317441914,1.49011611938477e-08,1.49011611938477e-08,1.92324382168414,1.52525708389655,0.594231232258334,4.76479724062585,22,55
0.418,1000,55,551.797682844231,167.339793400505,551.797682844231,14085.7906081054,13705.6565827709,13953.2158823151,61.2928755835711,40.6347290004011,50.2516224396013,-478.199630362767,-291.333497145101,1.49011611938477e-08,1.49011611938477e-08,1.8261962913321,1.79826801983215,1.09105990227399,4.59344423693507,22,55
0.419,1000,55,571.531010804936,516.870103847918,571.531010804936,13833.9300720335,13531.5130853499,14382.5982567413,60.5752620629301,36.4427472642881,49.728090845788,-377.49002251192,-190.793265275429,1.49011611938477e-08,1.49011611938477e-08,1.82750358465991,2.00592105671317,1.67604162976154,3.40224435187211,22,55
0.42,1000,55,542.273238926127,146.573412374846,542.273238926127,13394.0873772152,13829.7397361773,14493.5200557405,60.0950551689136,31.2787292817569,48.552287574417,-345.759042098329,-88.1291963168316,1.49011611938477e-08,1.49011611938477e-08,1.90928296476557,2.20474373348856,2.20088216590224,2.72906307863951,22,55
0.421,1000,55,499.538958752167,431.821700494186,499.538958752167,13316.6282411771,14200.1019023191,14132.4737681228,60.4622750470542,27.3108682331126,46.9532140015775,-430.236180362372,-36.3039786732519,1.49011611938477e-08,1.49011611938477e-08,1.94765409383866,2.1764101927896,2.52893476105688,2.47376187292819,22,55
0.422,1000,55,490.752886903973,458.802939184547,490.752886903973,13713.8902854656,14166.1410242407,13737.8707845684,61.3987112725863,27.637922570925,44.9822351387282,-610.221377892137,-112.810173468332,1.49011611938477e-08,1.49011611938477e-08,1.94357390784569,1.90993254587416,1.14145749146894,2.68185247067458,22,55
0.423,1000,55,498.419991126798,435.912967366634,498.419991126798,14095.1193662477,13763.6765332097,13829.1547877427,61.7033157902969,32.2436463767373,43.0775156390159,-720.60774566728,-338.582978445551,1.49011611938477e-08,1.49011611938477e-08,1.83870074293515,1.76087733203141,0.194777496607327,3.01448097063831,22,55
0.424,1000,55,487.50925961182,467.389451433757,487.50925961182,14007.6025563754,13484.0316124137,14288.0979462912,60.5477366742493,37.5690425262279,41.489622874093,-662.482318000771,-548.280441391175,1.49011611938477e-08,1.49011611938477e-08,1.79628265393683,1.8293353615853,1.49011611938477e-08,2.42461832123499,22,55
0.425,1000,55,448.945697341292,515.99767281237,448.945697341292,13596.6216050132,13692.2335792565,14543.2451358551,58.0339798319648,41.5464589606107,40.0583323993501,-535.391467723397,-615.98028629327,1.49011611938477e-08,1.49011611938477e-08,1.87942797253679,1.95934446160701,1.49011611938477e-08,2.03239413788167,22,55
0.426,1000,55,373.319617480479,529.279681246629,373.319617480479,13403.7874698157,14113.198366036,14287.6589197123,55.7144724047012,43.7414885829247,39.685600758715,-455.579038609701,-550.931682227679,1.49011611938477e-08,1.49011611938477e-08,1.94094742232209,1.89338984940127,1.49011611938477e-08,2.67812659410164,22,55
0.427,1000,55,279.360770888031,532.475088749671,279.360770888031,13699.069524419,14210.2232132704,13849.5274634906,55.315646070376,44.4916136399015,40.9806838531631,-443.922724806291,-401.61888988493,1.49011611938477e-08,1.49011611938477e-08,1.94919747966157,1.56864708859525,0.0662712827369885,7.74736527467926,22,55
0.428,1000,55,240.461813023629,533.661042781721,240.461813023629,14105.2834966465,13861.9865857663,13786.2563752936,56.7481974001908,44.2360867244957,43.4722163354536,-473.800419761469,-257.697606197763,1.49011611938477e-08,1.49011611938477e-08,1.8566751181014,1.37697988503743,0.565922255793278,10.7291345086824,22,55
0.429,1000,55,386.678153198085,528.664758743035,386.678153198085,14133.022695161,13500.9080819065,14181.2357639187,58.0487339944796,43.2442999567469,46.3318571376189,-459.662341456784,-191.286479878811,1.49011611938477e-08,1.49011611938477e-08,1.77593900758825,1.54867527184964,1.01288274450715,5.16787644634106,22,55
0.43,1000,55,602.217372881708,537.202281647683,602.217372881708,13784.0242092173,13595.7707098792,14549.0975612503,56.4216765874615,41.6502438883069,47.7124486198919,-377.324355984985,-191.050300914524,1.49011611938477e-08,1.49011611938477e-08,1.84427185618442,2.01565006462994,1.50282467783056,5.77367687705399,22,55
0.431,1000,55,595.99928557443,534.076613146588,595.99928557443,13521.0062271097,14019.6415749685,14460.1785880029,51.103712669627,40.0828476664128,46.6796305925135,-321.138274584545,-188.886865812623,1.49011611938477e-08,1.49011611938477e-08,1.93012794491277,2.41797955110749,1.81225665402647,8.438461457858,22,55
0.432,1000,55,571.897676148082,518.437921864986,571.897676148082,13706.9641776292,14221.9956032815,14062.4379318321,43.7008487483205,39.295521184328,43.7156001970433,-377.255241435591,-124.354042262642,1.49011611938477e-08,1.49011611938477e-08,1.95891262227705,1.8459372942563,1.53806769607132,7.49517609535153,22,55
0.433,1000,55,484.249363932441,473.265906186806,484.249363932441,14099.6519134874,13950.5772779067,13880.4086973175,39.6468772232712,39.8121268859086,41.1587960730879,-568.182631416032,-14.8511323377805,1.49011611938477e-08,1.49011611938477e-08,1.8955626205918,0.752666266573805,0.940627411283146,2.68756921118984,22,55
0.434,1000,55,278.050716144679,532.510663829371,278.050716144679,14198.9464585945,13533.8677803988,14172.094314998,43.3242122129332,41.4187576327139,41.320599572859,-762.049711084365,37.9964555499734,1.49011611938477e-08,1.49011611938477e-08,1.78950899604615,0.089371773845099,0.467749746380149,1.5122056191592,22,55
0.435,1000,55,181.156267004073,535.442359918715,181.156267004073,13876.5184165034,13502.3028249314,14553.6818595126,50.2803659047249,43.0901107670645,43.510486988108,-820.70622671211,9.882703753065,1.49011611938477e-08,1.49011611938477e-08,1.82433463705876,0.338325184174888,1.49011611938477e-08,1.68284902758414,22,55
0.436,1000,55,328.893515238598,530.996289805631,328.893515238598,13472.9380339639,13902.5006374755,14476.3684129581,57.1454721470217,44.2329172950476,46.7769167865624,-808.733216090325,-49.4817660302292,1.49011611938477e-08,1.49011611938477e-08,1.9159022028709,0.699633140156429,1.49011611938477e-08,2.27322695785861,22,55
0.437,1000,55,606.635047567706,-14215.5563118488,606.635047567706,13548.4608355663,14228.8640738407,14054.2608942698,61.6291837906714,44.7269942397563,49.5217684512113,-742.304802651464,-180.444484180924,1.49011611938477e-08,1.49011611938477e-08,1.95197072154593,1.11641399619886,0.0936217886424739,3.518008275248,22,55
0.438,1000,55,592.933959434466,-7385.71600425111,592.933959434466,13939.9360600541,14091.6967091608,13786.1909212061,62.2987746161213,44.0650555176373,50.4714709866237,-611.032957785926,-301.426961876188,1.49011611938477e-08,1.49011611938477e-08,1.91884745685361,1.51850243697568,0.603555611346836,4.93071257490612,22,55
0.439,1000,55,554.991315945551,-72.5019220430249,554.991315945551,14081.5976997669,13683.1536529369,13975.1074292014,61.3659217585796,41.557693948943,50.4159837907222,-470.050751814492,-283.967645559544,1.49011611938477e-08,1.49011611938477e-08,1.82237782115557,1.78745906316948,1.12605631118379,4.54574552040318,22,55
0.44,1000,55,570.206972614822,-2193.85249074641,570.206972614822,13809.5331275957,13535.325683268,14401.9706899313,60.6300328110285,37.1740568152525,49.7874827866218,-370.052965681843,-179.438923972403,1.49011611938477e-08,1.49011611938477e-08,1.83121160335919,2.00286115904639,1.72241510801299,3.33266700625522,22,55
0.441,1000,55,539.885324004916,169.358795674891,539.885324004916,13377.8873532133,13852.551241473,14485.8502762483,60.1563714390695,31.8730062451323,48.5174748805496,-342.844443423556,-80.986425884935,1.49011611938477e-08,1.49011611938477e-08,1.91268950266565,2.19893185978986,2.2490025948178,2.67404924901254,22,55
0.442,1000,55,497.384222635046,438.816874609518,497.384222635046,13331.1967032974,14213.7413247364,14108.9832872569,60.5271306250096,27.8323450561261,46.8311208598281,-435.849910960998,-29.7377279976954,1.49011611938477e-08,1.49011611938477e-08,1.94861437711798,2.15459912780649,2.56289503772106,2.44096064628391,22,55
0.443,1000,55,488.233305108829,466.56900295271,488.233305108829,13744.8430428669,14152.3405587774,13730.9821533794,61.4100021962089,28.0323412858675,44.7895906102822,-615.875964855852,-116.483630238162,1.49011611938477e-08,1.49011611938477e-08,1.94018979394833,1.88911403531601,1.10822402936203,2.68308092857652,22,55
0.444,1000,55,492.563658538971,454.471970666788,492.563658538971,14105.4418776238,13739.0474504277,13853.3597882357,61.6491963307977,32.5771020205902,42.892677140271,-717.139110285753,-348.158326649247,1.49011611938477e-08,1.49011611938477e-08,1.83206503306187,1.75137839252871,0.104301239467582,3.03287323742437,22,55
0.445,1000,55,482.207601751126,479.00619601118,482.207601751126,13991.1246703704,13482.3025292449,14317.1223147056,60.4520356693727,37.7728774605735,41.3241697130056,-652.118620268576,-551.391973463785,1.49011611938477e-08,1.49011611938477e-08,1.79834178288128,1.82525041123732,1.49011611938477e-08,2.42856008945428,22,55
0.446,1000,55,442.306722271497,519.100997974928,442.306722271497,13576.1171564322,13715.5396686965,14544.6582216892,57.9774580799304,41.6105818600435,39.9206831379543,-532.378570431366,-610.348409816632,1.49011611938477e-08,1.49011611938477e-08,1.88432004416664,1.94740916935804,1.49011611938477e-08,2.0715891464269,22,55
0.447,1000,55,365.683744080426,529.62090254606,365.683744080426,13408.3583954728,14132.011303653,14263.4482184508,55.9059624870426,43.6890279447471,39.7327145356629,-452.64860826212,-538.72302695474,1.49011611938477e-08,1.49011611938477e-08,1.94258342926042,1.86890372986178,1.49011611938477e-08,2.83310673777061,22,55
0.448,1000,55,255.009781244661,533.205979242603,255.009781244661,13724.712713487,14201.8727678641,13832.5836046393,55.7210604844027,44.3507692800413,41.1516057721939,-443.874142508359,-389.662459841183,1.49011611938477e-08,1.49011611938477e-08,1.94717033802809,1.5596675242703,0.0751547414967592,8.97956845159854,22,55
0.449,1000,55,237.164052405979,533.759805309983,237.164052405979,14119.8752196097,13838.5703870895,13799.3186811549,57.1822460501841,44.0032338453228,43.7081399740491,-469.503460309305,-251.716248573969,1.49011611938477e-08,1.49011611938477e-08,1.84905268104906,1.40426538663685,0.591925328478953,9.72495476135212,22,55
0.45,1000,55,396.564338881485,528.001711771113,396.564338881485,14121.0809450456,13494.1419896753,14208.9614607327,58.2376109112039,42.8936245975749,46.5074825299891,-445.250953359541,-191.70890069955,1.49011611938477e-08,1.49011611938477e-08,1.77594674762557,1.607753279658,1.05427180391656,5.17320493666625,22,55
0.451,1000,55,604.574349942239,-12924.2847292239,604.574349942239,13761.5718717766,13617.2000263266,14557.1972170049,56.2322731501092,41.1855200372535,47.7712705543734,-363.433491459059,-192.382611527364,1.49011611938477e-08,1.49011611938477e-08,1.85002931872769,2.09886393510161,1.55444120412036,5.95784079168257,22,55
0.452,1000,55,595.801795403663,-8481.40537113199,595.801795403663,13518.4673174319,14042.8378994908,14439.7954195596,50.5858777621921,39.5822313914258,46.617271328588,-308.002864581901,-188.382755811701,1.49011611938477e-08,1.49011611938477e-08,1.93307101561325,2.49081103568037,1.84995621975544,8.80117714547228,22,55
0.453,1000,55,570.396441937971,-2244.22108593654,570.396441937971,13727.8354766733,14221.0493465331,14039.6015711303,43.0545760630681,38.8320226968966,43.6253869038291,-375.533011756861,-119.469593047831,1.49011611938477e-08,1.49011611938477e-08,1.95862821056861,1.82992723574339,1.52513736650188,7.44509136233017,22,55
0.454,1000,55,477.539513773608,486.486108735062,477.539513773608,14116.5230148438,13927.8130850532,13883.3288795594,39.3027141004832,39.4602471271526,41.1687140231551,-573.959113625196,-11.4292092805656,1.49011611938477e-08,1.49011611938477e-08,1.88840138197214,0.720173095093004,0.907018585061573,2.63394928575744,22,55
0.455,1000,55,265.520197060451,532.887775152467,265.520197060451,14189.0369627871,13519.6447117477,14194.4302268837,43.3825348138532,41.1800344564655,41.4524209387735,-764.398853765673,34.5282585560941,1.49011611938477e-08,1.49011611938477e-08,1.78700733164603,0.0915256848738173,0.426676571273646,1.53284726418874,22,55
0.456,1000,55,182.675275247403,535.395463472539,182.675275247403,13848.7345911494,13518.5820783535,14561.4836022108,50.4303530596338,42.9094445235876,43.6440130190018,-815.21247340348,4.85987151587865,1.49011611938477e-08,1.49011611938477e-08,1.82987740843814,0.369934808753924,1.49011611938477e-08,1.73672369777868,22,55
0.457,1000,55,341.568736805666,530.585248057696,341.568736805666,13463.2703053374,13929.6381627801,14457.2197037664,57.3034684327319,44.0952057446419,46.8585495033883,-799.388879494938,-60.0000975142538,1.49011611938477e-08,1.49011611938477e-08,1.91928486002617,0.734512795305718,1.49011611938477e-08,2.35350338504656,22,55
0.458,1000,55,606.86742013359,-14439.8045396863,606.86742013359,13567.4750761282,14236.8541096021,14029.1498931187,61.582757299464,44.6113170826178,49.3875573758174,-727.263649861987,-192.140169191473,1.49011611938477e-08,1.49011611938477e-08,1.95233681310976,1.15475690107092,0.053981462766518,3.62532417183011,22,55
0.459,1000,55,590.789206890098,-6642.21233673527,590.789206890098,13960.6914406282,14073.5148383343,13783.8801951359,62.1116670250696,43.9673085970356,50.1822633512333,-593.260631580275,-304.493813871602,1.49011611938477e-08,1.49011611938477e-08,1.91341566532449,1.55366081342149,0.611970993211102,4.96757727409512,22,55
0.46,1000,55,560.879391501109,-521.41844563659,560.879391501109,14075.5561984635,13665.3891412725,13995.1902035464,61.2453976117018,41.4678919098365,50.1070110893035,-458.202317569982,-273.559649601673,1.49011611938477e-08,1.49011611938477e-08,1.81913609776988,1.80671493605506,1.14818900240446,4.38864866677138,22,55
0.461,1000,55,567.859023405513,-1883.5405866398,567.859023405513,13787.2493000597,13544.7983706734,14418.792964857,60.5273980978214,37.0809979513227,49.4136491713779,-364.104908441603,-171.044646812693,1.49011611938477e-08,1.49011611938477e-08,1.8354148176841,2.03000903250142,1.75254095613031,3.2130329748916,22,55
0.462,1000,55,533.668772158141,226.646795180536,533.668772158141,13365.3462990552,13879.3804496357,14475.7409288597,60.1346404134075,31.9337211500178,48.0944077320056,-341.740579707356,-67.5678011020542,1.49011611938477e-08,1.49011611938477e-08,1.91611302791854,2.22074818750803,2.29260092631487,2.59261168828105,22,55
0.463,1000,55,484.127227431219,474.812302174102,484.127227431219,13349.4934106969,14222.6390643332,14083.1141017649,60.6717156451365,28.3697979868775,46.3753499150901,-447.686422257933,-21.1137918864577,1.49011611938477e-08,1.49011611938477e-08,1.94975560144164,2.14647937233703,2.57640044009877,2.39028579799395,22,55
0.464,1000,55,478.696020653623,485.412483859105,478.696020653623,13773.5495249913,14133.6438942136,13725.9191065235,61.7582161082815,29.2607400491444,44.3078591863698,-637.632807628278,-116.002781119781,1.49011611938477e-08,1.49011611938477e-08,1.93680917971908,1.84823887169324,1.02832977872267,2.64885523911518,22,55
0.465,1000,55,500.520232430351,426.181164127008,500.520232430351,14113.105911487,13715.6962610458,13878.0883734556,62.1531692035597,34.0867041430077,42.3094356492292,-738.029472651772,-347.731391724762,1.49011611938477e-08,1.49011611938477e-08,1.82689668401397,1.69087344052974,1.49011611938477e-08,3.00110694149076,22,55
0.466,1000,55,498.255644323882,435.968076977703,498.255644323882,13969.8092951462,13482.0613537689,14343.9760500909,61.0750499891362,39.3539418047636,40.5713666235666,-677.204179970461,-537.030806238868,1.49011611938477e-08,1.49011611938477e-08,1.80217938964855,1.74024500646966,1.49011611938477e-08,2.4497339935189,22,55
0.467,1000,55,463.713854540086,505.173896651299,463.713854540086,13553.7856844532,13739.3642307985,14546.5183862046,58.7367520179587,43.1999645168174,39.0654027512861,-553.430990867569,-594.940792822085,1.49011611938477e-08,1.49011611938477e-08,1.88981586767411,1.82414356266601,1.49011611938477e-08,2.14624801875807,22,55
0.468,1000,55,387.48032261864,528.54102055587,387.48032261864,13413.7460049459,14148.6694337446,14245.6502784597,56.785399929387,45.2773799629737,38.8858889971702,-475.322580878571,-517.118040447438,1.49011611938477e-08,1.49011611938477e-08,1.9444315172155,1.70386005684743,1.49011611938477e-08,3.09386137657566,22,55
0.469,1000,55,291.066113631052,532.119400477382,291.066113631052,13747.6746145816,14190.0759357116,13825.7223470549,56.714680570432,45.9089055524353,40.4855252138881,-467.988258796291,-362.618524610347,1.49011611938477e-08,1.49011611938477e-08,1.94556922528266,1.40580646472293,1.49011611938477e-08,13.2837994045848,22,55
0.47,1000,55,265.864132731906,532.909418817466,265.864132731906,14128.7345450615,13811.4590943791,13823.2899509066,58.2419802086073,45.5173391329487,43.2689933049626,-492.584424416249,-224.534301839973,1.49011611938477e-08,1.49011611938477e-08,1.84332733747286,1.29763532708929,0.607264285703425,6.91281502170173,22,55
0.471,1000,55,434.889727436405,522.277982360057,434.889727436405,14102.8794418005,13485.1682485509,14245.104729896,59.2669181624356,44.3616620680398,46.2220549596958,-467.503519807862,-168.445210544012,1.49011611938477e-08,1.49011611938477e-08,1.77853986955389,1.52790980388646,1.09048373435316,4.3084688287891,22,55
0.472,1000,55,604.28115693496,-12742.3061042515,604.28115693496,13735.4902113532,13636.4867064418,14575.5963954445,57.0871084802696,42.631381309808,47.3914489987644,-379.520624372804,-169.141334651401,1.49011611938477e-08,1.49011611938477e-08,1.85711211778988,2.01039641500746,1.60939695425372,4.98908689649715,22,55
0.473,1000,55,594.755955802445,-8056.04262253177,594.755955802445,13514.1444334681,14063.3698510714,14432.6183744743,51.3863245482769,41.0404439627424,46.1472331189669,-328.975743766604,-160.699003995501,1.49011611938477e-08,1.49011611938477e-08,1.93633183112869,2.3446227210719,1.90154861301526,6.80596945424687,22,55
0.474,1000,55,567.280411440712,-1825.99615845363,567.280411440712,13745.7912383588,14213.5353558454,14030.7878047306,44.0306846327856,40.2870029794486,43.1666961684705,-407.348517158976,-85.6577237581441,1.49011611938477e-08,1.49011611938477e-08,1.95850991847081,1.66867536821553,1.54398831198185,5.20001275322624,22,55
0.475,1000,55,466.657397737766,501.598639879299,466.657397737766,14128.8126920377,13900.1947361572,13900.7159604528,40.817209464396,40.8813378236486,40.9656327309072,-612.720112309879,18.79532066299,1.49011611938477e-08,1.49011611938477e-08,1.88245557565971,0.654599417729754,0.914131779852856,2.14139441977134,22,55
0.476,1000,55,250.275669365481,533.321092373674,250.275669365481,14176.9758477337,13503.378271521,14231.2497748448,45.0617039287044,42.513867605,41.4810955988312,-790.995239864559,55.615144691674,1.49011611938477e-08,1.49011611938477e-08,1.78674269300966,1.49011611938477e-08,0.439765589292119,1.36229765491591,22,55
0.477,1000,55,191.875390477139,535.119915690356,191.875390477139,13811.6472109506,13531.1691216076,14575.8581607104,51.9383341341999,44.1288838450425,43.7708636839177,-840.201152715839,20.4209179350754,1.49011611938477e-08,1.49011611938477e-08,1.83692282796111,0.340166138198518,1.49011611938477e-08,1.6148011651308,22,55
0.478,1000,55,379.203464742761,529.116268433809,379.203464742761,13447.6706930336,13953.3101513176,14447.4453997187,58.5581841428991,45.2196865367999,47.0261693860483,-823.097972725124,-49.0035991115998,1.49011611938477e-08,1.49011611938477e-08,1.92315239856821,0.70211094572976,1.49011611938477e-08,2.2108415068907,22,55
0.479,1000,55,607.274383608116,-14800.1786882587,607.274383608116,13579.3782622439,14237.7722810695,14015.7461937912,62.4464190122306,45.5995180157015,49.4757315256341,-747.384497756225,-184.116789833426,1.49011611938477e-08,1.49011611938477e-08,1.95323022774677,1.10767451960739,0.214885217023199,3.37108073734667,22,55
0.48,1000,55,589.233061555091,531.377955549316,589.233061555091,13972.5855164246,14049.5019184476,13793.3291625116,62.6426397392409,44.7225365116421,50.191342816413,-608.147685216134,-291.77620735118,1.49011611938477e-08,1.49011611938477e-08,1.90912790176569,1.48679891351705,0.680397090192546,4.51865547679561,22,55
0.481,1000,55,561.452033688226,193.148641080804,561.452033688226,14064.1076579427,13643.8018273454,14026.9370393942,61.5580470660334,41.9098457325672,50.1351349728406,-473.768189503571,-261.640600506932,1.49011611938477e-08,1.49011611938477e-08,1.81693222837809,1.73950723651989,1.22018979245268,3.96025686223498,22,55
0.482,1000,55,567.821652735803,503.326937297445,567.821652735803,13756.5676280821,13551.0114188277,14443.9602291866,60.6367071625239,37.2553272921082,49.5122483808246,-368.889442441532,-159.091751994634,1.49011611938477e-08,1.49011611938477e-08,1.84035248647825,1.97974768172647,1.81348870242898,3.02691008209778,22,55
0.483,1000,55,533.173249931654,229.645992588459,533.173249931654,13345.0408548745,13901.8711305291,14472.0500084085,60.1060984093843,31.8270983293875,48.3147982915399,-347.251781071378,-58.2275080422065,1.49011611938477e-08,1.49011611938477e-08,1.91956437911251,2.17484133341798,2.32468134537556,2.50555737453564,22,55
0.484,1000,55,491.87981651756,455.842237255665,491.87981651756,13359.2112667884,14232.3331734835,14064.1808081621,60.5539133442512,27.9542979028364,46.6728513277702,-456.873872906468,-15.9336724707007,1.49011611938477e-08,1.49011611938477e-08,1.95080462691457,2.095942954063,2.56985074400322,2.34081940734519,22,55
0.485,1000,55,491.308197079077,458.585496398365,491.308197079077,13797.2807427852,14115.7953778326,13724.5154571917,61.4967007132695,28.5734791078613,44.594840784776,-642.122148274495,-121.833319865184,1.49011611938477e-08,1.49011611938477e-08,1.93284471394643,1.82130306871326,1.01656987829554,2.64344547342964,22,55
0.486,1000,55,496.751821121871,441.54699873656,496.751821121871,14118.0461926517,13691.8431278991,13906.0273055945,61.6622956426397,33.2901072193409,42.559956149644,-726.290754670501,-349.286646672403,1.49011611938477e-08,1.49011611938477e-08,1.82071754016005,1.70314022745984,1.49011611938477e-08,3.03351183604082,22,55
0.487,1000,55,487.472970668583,467.429941476722,487.472970668583,13951.9027606583,13484.5405023981,14372.7536950142,60.2841681062948,38.3916486587257,40.750291662121,-652.115221299659,-545.860633325373,1.49011611938477e-08,1.49011611938477e-08,1.80483737484597,1.78703275946119,1.49011611938477e-08,2.44757747326265,22,55
0.488,1000,55,446.184438181152,517.377900819528,446.184438181152,13535.3024890984,13764.2936515062,14544.2220164753,57.72093170472,42.0412233815393,39.2277050848003,-526.975726362167,-593.068077990166,1.49011611938477e-08,1.49011611938477e-08,1.89426546170878,1.8874177784543,1.49011611938477e-08,2.17347665297269,22,55
0.489,1000,55,364.020738597088,529.688768553621,364.020738597088,13422.6323312692,14164.8909607748,14219.222926175,55.8117935428031,43.9480458213481,39.1907707007786,-455.931285772345,-507.454974912558,1.49011611938477e-08,1.49011611938477e-08,1.94578892131652,1.76637888706455,1.49011611938477e-08,3.23799044372919,22,55
0.49,1000,55,257.745012758259,533.126902452145,257.745012758259,13775.2556993206,14178.8567090874,13810.1169290425,55.8678568961356,44.4822614212343,40.8276617656027,-455.507561632088,-352.487620861485,1.49011611938477e-08,1.49011611938477e-08,1.94258879477764,1.45719987985985,0.186703412401459,15.3767605675223,22,55
0.491,1000,55,248.044306051822,533.454014635339,248.044306051822,14142.8003944571,13788.3688807887,13837.829224011,57.4547226280397,44.0406051456535,43.5791563178035,-480.105799702196,-225.664329274842,1.49011611938477e-08,1.49011611938477e-08,1.83544810113236,1.34930836428861,0.649082357894478,6.9071375765154,22,55
0.492,1000,55,431.026886237592,523.175843586651,431.026886237592,14091.1895121613,13481.9132081828,14270.663948791,58.3410161555278,42.8443175656222,46.3964255252396,-450.456649507396,-171.895272774911,1.49011611938477e-08,1.49011611938477e-08,1.77900812654156,1.58970482263444,1.12115614077867,4.50922750069301,22,55
0.493,1000,55,604.961605391247,-13220.8817596574,604.961605391247,13716.766882871,13659.8314928817,14578.1348152492,55.9375476416357,41.0921164354294,47.4374675972082,-362.386837633317,-175.208423838724,1.49011611938477e-08,1.49011611938477e-08,1.86234822896867,2.08036811907334,1.62255796502364,5.38152913986503,22,55
0.494,1000,55,594.205889021994,-7845.43212948688,594.205889021994,13517.9128991651,14084.7357207817,14408.4037055377,50.0142798633402,39.5316951716167,46.0734729449306,-318.549340240468,-165.199681510142,1.49011611938477e-08,1.49011611938477e-08,1.93874009419323,2.38262328187906,1.87389940610109,7.50864525956164,22,55
0.495,1000,55,565.450607382386,-1599.0637233268,565.450607382386,13770.8331814451,14209.5370851269,14007.7205860267,42.663066875009,38.8970749986723,43.0623077753178,-406.275730946479,-87.4176964137117,1.49011611938477e-08,1.49011611938477e-08,1.9573770381789,1.62149608259336,1.47850070731387,5.45224652489286,22,55
0.496,1000,55,459.712916273703,508.330664344549,459.712916273703,14146.4857004447,13877.1429572001,13904.6620496976,39.9141157870593,39.664028949132,40.9804135262156,-602.496693905844,9.89890893300465,1.49011611938477e-08,1.49011611938477e-08,1.87441765368822,0.608411464336369,0.858413477279786,2.18369638735947,22,55
0.497,1000,55,242.301287162598,533.560249200195,242.301287162598,14167.4433351448,13492.6300018372,14251.7938837505,44.6494433737623,41.4514373860249,41.6097774304472,-783.440892330417,44.3037700929361,1.49011611938477e-08,1.49011611938477e-08,1.78458078905782,1.49011611938477e-08,0.390162664223813,1.43345486665802,22,55
0.498,1000,55,191.993848088908,535.11488414962,191.993848088908,13786.3826180515,13551.1117317942,14576.6146831716,51.6386011966374,43.1464027713766,43.8909787536853,-822.781957101386,7.48160207534933,1.49011611938477e-08,1.49011611938477e-08,1.84217080279641,0.395716034649226,1.49011611938477e-08,1.71080477610742,22,55
0.499,1000,55,374.922111016487,529.323134731268,374.922111016487,13444.7346008614,13979.9677390531,14422.6126828495,58.2890625241222,44.2950094070975,47.0745441794246,-800.633797306885,-64.7259590553876,1.49011611938477e-08,1.49011611938477e-08,1.92584909882065,0.762761884113524,1.49011611938477e-08,2.34938882154349,22,55
0.5,1000,55,605.993719469968,-13878.7020439064,605.993719469968,13604.0354943346,14242.7250417726,13988.2500339754,62.0586870275921,44.7243527652605,49.3467993583857,-719.95891469763,-200.448217932949,1.49011611938477e-08,1.49011611938477e-08,1.95298831454762,1.17830491819605,0.189374623896235,3.5906841747237,22,55
0.501,1000,55,587.268009383064,-5579.23673472998,587.268009383064,13993.9355062013,14030.5724718582,13791.1265304832,62.2302148784521,43.9186307374081,49.9566283202191,-588.404038022039,-297.251395185739,1.49011611938477e-08,1.49011611938477e-08,1.90290910928561,1.56023300865479,0.676342749949587,4.73518139713961,22,55
0.502,1000,55,563.036710521099,-283.134312986272,563.036710521099,14056.4044606301,13628.2959835577,14043.7422508416,61.3265026939926,41.1985207956408,49.8833242349213,-456.25486873488,-256.348749088265,1.49011611938477e-08,1.49011611938477e-08,1.8142859709658,1.79437429345075,1.22352981618633,3.97873291268312,22,55
0.503,1000,55,568.548964295696,-1976.66195541037,568.548964295696,13730.0838285802,13563.5510048457,14450.5928046837,60.56796588234,36.6671239475538,49.1843932600017,-362.272896262645,-148.323147676373,1.49011611938477e-08,1.49011611938477e-08,1.84501906013606,2.01951128582059,1.82014887136682,2.96615218969928,22,55
0.504,1000,55,535.654452029129,208.365496528326,535.654452029129,13331.4033506031,13927.9564971781,14450.3803885958,60.1850917028373,31.5600489022124,47.8773238795985,-353.711208603596,-50.8796609252833,1.49011611938477e-08,1.49011611938477e-08,1.92263569538061,2.19181105426378,2.35989142697574,2.45051469478793,22,55
0.505,1000,55,489.395610644615,463.073093994007,489.395610644615,13377.2122442021,14238.027542256,14029.6377579631,60.7360799111883,28.369712722493,46.1466183055226,-475.270378664052,-20.7378523564099,1.49011611938477e-08,1.49011611938477e-08,1.95188808460019,2.08915803922629,2.47993215691055,2.322341412021,22,55
0.506,1000,55,477.565405034114,487.230368897966,477.565405034114,13823.1080927716,14094.6996653247,13714.4550677181,61.729891675693,29.836869729097,44.0873108483598,-655.133830333672,-132.421811813165,1.49011611938477e-08,1.49011611938477e-08,1.92868498732937,1.80889609979827,0.920544805084995,2.64949503323644,22,55
0.507,1000,55,489.246036109836,463.539270145262,489.246036109836,14119.2234735803,13669.137937197,13924.6475576752,61.8863621395047,34.9121648094066,42.1590684527086,-738.834457535822,-373.860873295858,1.49011611938477e-08,1.49011611938477e-08,1.81647855730809,1.69329036416533,1.49011611938477e-08,2.92344863927534,22,55
0.508,1000,55,484.890378302147,473.40349667414,484.890378302147,13923.3493840016,13486.3407239416,14388.7444536471,60.5354875463977,40.1177630803444,40.465107910671,-659.298105094175,-562.994257860711,1.49011611938477e-08,1.49011611938477e-08,1.80951811564863,1.7693338432606,1.49011611938477e-08,2.32082686814901,22,55
0.509,1000,55,448.723205477406,516.260696897735,448.723205477406,13510.3216455007,13787.7449677872,14533.3668353174,58.052182182731,43.7981774086753,39.0739302110832,-535.742922603171,-600.90465471573,1.49011611938477e-08,1.49011611938477e-08,1.89927919698543,1.84921004443958,1.49011611938477e-08,2.11633733125633,22,55
0.51,1000,55,367.018244666842,529.584111116514,367.018244666842,13426.5841455646,14178.0469780119,14189.6762691887,56.2318587807725,45.7262190602807,39.1215107148473,-465.979419552087,-509.118163838479,1.49011611938477e-08,1.49011611938477e-08,1.94721369525752,1.70840002581535,1.49011611938477e-08,3.25754863425955,22,55
0.511,1000,55,268.097748865845,532.815837014865,268.097748865845,13795.6202420294,14163.2809636918,13793.86786237,56.3470903223422,46.2466049177805,40.8511966196063,-463.444449868407,-359.461595770521,1.49011611938477e-08,1.49011611938477e-08,1.93973132066518,1.41235696298038,0.185388632406643,16.7321506335859,22,55
0.512,1000,55,270.459760210891,532.77117659306,270.459760210891,14147.694612988,13761.8301850138,13852.4708788025,57.8661504195362,45.7752188784382,43.6598138040203,-483.245364875858,-226.631226664758,1.49011611938477e-08,1.49011611938477e-08,1.82914957651033,1.33624026305459,0.675056619452365,6.59980946563817,22,55
0.513,1000,55,464.828560321284,505.824370030229,464.828560321284,14070.1206758127,13476.504954245,14294.0870557946,58.5277570611486,44.5436753347701,46.4512792331466,-445.825849615258,-175.504767812727,1.49011611938477e-08,1.49011611938477e-08,1.78165204742805,1.60125720192657,1.16880274054441,4.47012067723621,22,55
0.514,1000,55,603.850186831927,538.64840780793,603.850186831927,13691.501329784,13680.7379471988,14580.5042673078,55.7395048583228,42.7701084979913,47.3164345459059,-355.713137607695,-177.455983204003,1.49011611938477e-08,1.49011611938477e-08,1.86862919295388,2.09970888490599,1.69223682947725,5.37852049685834,22,55
0.515,1000,55,592.32492393118,532.496383826534,592.32492393118,13516.5315416646,14102.3763343019,14386.24328924,49.5527843488116,41.2392267754627,45.8462265124551,-320.217090537276,-161.603243512738,1.49011611938477e-08,1.49011611938477e-08,1.94138340945445,2.36071178150911,1.93115632790469,7.29854908909678,22,55
0.516,1000,55,559.968790673569,431.352577452821,559.968790673569,13789.5194351471,14198.446683123,13988.0994192157,42.1846102061096,40.6448899383337,42.8637719554558,-413.782131307754,-82.9222459783958,1.49011611938477e-08,1.49011611938477e-08,1.95630121546669,1.53157841333235,1.47972196536546,4.96058763648022,22,55
0.517,1000,55,441.688517923312,519.11887179051,441.688517923312,14155.6474345174,13848.4564051947,13913.0967881945,39.9398089140855,41.4619391126362,40.996971470335,-627.830114784073,17.2902381210577,1.49011611938477e-08,1.49011611938477e-08,1.86767789254885,0.536538038953943,0.838423272625918,2.01471288183186,22,55
0.518,1000,55,227.243254836192,534.032999151713,227.243254836192,14153.340242639,13479.1937814006,14277.5355078425,45.0691478135677,43.2366063218378,41.8014200031481,-804.776712987927,43.4783633523615,1.49011611938477e-08,1.49011611938477e-08,1.7845125144409,1.49011611938477e-08,0.356682789194534,1.39217628148489,22,55
0.519,1000,55,196.459570800353,534.99214670335,196.459570800353,13756.3243360791,13566.5396103945,14583.1140908163,52.1395166594642,44.889668752319,44.1071185047312,-837.181200604758,0.630822266967067,1.49011611938477e-08,1.49011611938477e-08,1.84802128015863,0.369514582727542,1.49011611938477e-08,1.72956594433899,22,55
0.52,1000,55,422.664343797131,524.939771086798,422.664343797131,13438.7206350878,14002.6897672834,14405.5997188015,58.7125428485309,46.0038528742357,47.2496322575446,-809.970342838994,-77.4390669552153,1.49011611938477e-08,1.49011611938477e-08,1.92881115424102,0.748138730703237,1.49011611938477e-08,2.41911299380414,22,55
0.521,1000,55,605.924480264884,-13880.1946602606,605.924480264884,13623.6907882802,14240.9288734115,13971.0328891575,62.2302824534636,46.3347297813186,49.3890624393461,-728.299576249473,-205.090547612974,1.49011611938477e-08,1.49011611938477e-08,1.95310543478826,1.15747400610297,0.206027750456092,3.676900126716,22,55
0.522,1000,55,585.073052823117,-4998.84370407343,585.073052823117,14009.8469523431,14006.1320574982,13799.1173499249,62.2279645765176,45.3182521683191,49.906615068684,-584.352580090398,-295.853743383519,1.49011611938477e-08,1.49011611938477e-08,1.89726177129824,1.52670952582367,0.716304797006677,4.68244786810542,22,55
0.523,1000,55,564.318113640256,-273.268304723359,564.318113640256,14048.3981356394,13610.9279784312,14074.1360650051,61.2496416032587,42.270863751576,49.7943594312572,-449.579276256669,-241.66222065497,1.49011611938477e-08,1.49011611938477e-08,1.81204310502197,1.75995892678187,1.28621714418591,3.76555152640072,22,55
0.524,1000,55,568.17143897104,-1924.52802706757,568.17143897104,13704.0535282558,13574.6369104795,14469.7432360512,60.4181016304399,37.4902762903552,49.0108715770636,-355.548913502063,-131.946833215144,1.49011611938477e-08,1.49011611938477e-08,1.84959848656062,1.99339317830537,1.87782657649989,2.81888667298903,22,55
0.525,1000,55,531.446194415986,243.91686596802,531.446194415986,13319.870576647,13951.9220890542,14441.3231450265,59.9931060745397,32.1763397314881,47.6438489872807,-352.252544949415,-35.6573651298884,1.49011611938477e-08,1.49011611938477e-08,1.92533310039383,2.16257499424516,2.40639625113609,2.34787705726069,22,55
0.526,1000,55,492.608007914981,453.619275156023,492.608007914981,13395.6217696581,14245.5579010883,14011.134294797,60.524418011706,28.7973942375085,45.8527518547374,-471.215052934554,-8.80956984587643,1.49011611938477e-08,1.49011611938477e-08,1.95264210640939,2.04733299987369,2.54427055317794,2.24747926187136,22,55
0.527,1000,55,494.804741346826,448.271685773076,494.804741346826,13849.5235708357,14075.5819245678,13718.5287478235,61.4495759553643,30.0744893201096,43.73137648118,-658.457921841951,-132.513043886556,1.49011611938477e-08,1.49011611938477e-08,1.92374816916461,1.77524263466335,0.91067356282091,2.61602162300446,22,55
0.528,1000,55,492.365908311039,454.97381386365,492.365908311039,14121.9456324034,13647.48024392,13956.1596257852,61.5248983940621,35.0247293736369,41.7934896695178,-732.192802096674,-378.170797190917,1.49011611938477e-08,1.49011611938477e-08,1.81133709705749,1.67492613461984,1.49011611938477e-08,2.94064490798082,22,55
0.529,1000,55,478.062257501705,486.620048210646,478.062257501705,13904.0677840171,13492.7313234632,14416.6734117812,60.1001162553396,40.0689272431164,40.0969288001242,-646.507270269046,-559.856492560678,1.49011611938477e-08,1.49011611938477e-08,1.81319886536522,1.75867836746524,1.49011611938477e-08,2.35207480572739,22,55
0.53,1000,55,432.300802766035,522.451833050926,432.300802766035,13493.2891755421,13813.8842358698,14529.241833277,57.6762578257269,43.5924564337882,38.7934526318115,-525.90830332392,-588.030556867521,1.49011611938477e-08,1.49011611938477e-08,1.90346271381455,1.83167336375672,1.49011611938477e-08,2.20482914426124,22,55
0.531,1000,55,345.081008097888,530.400981819224,345.081008097888,13438.6194275429,14192.0463768782,14166.2383597512,56.0747900660584,45.3943400067526,39.0351127450678,-463.54019696774,-497.873150980875,1.49011611938477e-08,1.49011611938477e-08,1.94836715779668,1.68505892253433,1.49011611938477e-08,3.57203766865274,22,55
0.532,1000,55,249.73826596543,533.378425506471,249.73826596543,13822.2786528644,14149.921468077,13785.5564538683,56.3555135939514,45.8274399102681,40.8904613321877,-461.744058926358,-342.477567710196,1.49011611938477e-08,1.49011611938477e-08,1.93601584506128,1.40807908811164,0.228429383848558,24.3694861778663,22,55
0.533,1000,55,263.987673942173,532.975815221867,263.987673942173,14157.0364324742,13739.7010310532,13873.8222566327,57.8617733856616,45.2682503431481,43.7463809723537,-477.152416452919,-216.424853604146,1.49011611938477e-08,1.49011611938477e-08,1.8222461706268,1.36038670914643,0.711841013790107,6.03985576493839,22,55
0.534,1000,55,465.645291529254,504.634346655924,465.645291529254,14054.816796019,13477.1193980315,14323.1604984433,58.2505175217203,43.9321281481568,46.4455475319788,-431.037301062638,-171.472262912092,1.49011611938477e-08,1.49011611938477e-08,1.78375356524267,1.64867244963365,1.21672201503588,4.38828812530241,22,55
0.535,1000,55,601.195929011069,537.10941079369,601.195929011069,13671.6559841519,13706.1274766185,14584.0694060258,55.1401343685032,42.0882885901666,47.1875012227964,-340.213643071902,-174.225416004089,1.49011611938477e-08,1.49011611938477e-08,1.87417342362318,2.15529937453138,1.74389254836742,5.3809716582366,22,55
0.536,1000,55,591.393930736524,532.133263895372,591.393930736524,13521.1871542391,14122.0924278548,14365.1024631687,48.6647813444369,40.5314934665092,45.6202947341647,-310.718668530384,-157.291719088977,1.49011611938477e-08,1.49011611938477e-08,1.94365375430069,2.37386343581454,1.95978146315903,7.19512315216154,22,55
0.537,1000,55,556.483310558325,380.580353100948,556.483310558325,13812.8928728505,14191.2244307787,13971.1776748932,41.3364488144387,40.0043190489962,42.6740672855313,-416.596187599717,-73.2406663045446,1.49011611938477e-08,1.49011611938477e-08,1.95460843190755,1.47228672288818,1.45803996589249,4.64420108999382,22,55
0.538,1000,55,430.662659978646,522.704464043685,430.662659978646,14168.3782543761,13824.903163984,13923.9737929125,39.5807956225155,40.9292975927323,41.0032924165978,-634.879293644328,21.9563156837505,1.49011611938477e-08,1.49011611938477e-08,1.86009745516282,0.490769714323853,0.804635126876447,1.94044494140689,22,55
0.539,1000,55,214.136163637274,534.425499553552,214.136163637274,14138.7691153845,13471.4765226721,14301.4013541301,45.1340761839198,42.8003341798988,41.9577968899563,-804.904145487047,39.5475839001894,1.49011611938477e-08,1.49011611938477e-08,1.78414847819681,1.49011611938477e-08,0.313152052655867,1.41449521046465,22,55
0.54,1000,55,204.466253101243,534.741404261382,204.466253101243,13729.3346497396,13588.5798739116,14583.2082756801,52.2691042710805,44.4867626152463,44.2838277298065,-829.631332552369,-5.35497843758472,1.49011611938477e-08,1.49011611938477e-08,1.85381163287387,0.40584186624143,1.49011611938477e-08,1.77890162293313,22,55
0.541,1000,55,429.911619044412,523.617937444116,429.911619044412,13436.9188194251,14027.9210645176,14382.0828982009,58.7868547820577,45.6122860928063,47.3810192012543,-800.676620769313,-81.3838055339943,1.49011611938477e-08,1.49011611938477e-08,1.93140398891651,0.787408173409692,1.49011611938477e-08,2.50525245261074,22,55
0.542,1000,55,604.819398969481,539.401612667419,604.819398969481,13647.075803823,14242.2292060226,13948.9717338283,62.1041726342108,45.9333041136038,49.368706615029,-711.733251511507,-214.642272397573,1.49011611938477e-08,1.49011611938477e-08,1.95266355173654,1.19914751992015,0.201367272507159,3.79240715349104,22,55
0.543,1000,55,582.92171670327,529.259535330246,582.92171670327,14025.7271696711,13985.3106169945,13803.168271114,62.0235621218217,44.9137633435066,49.8031664764716,-567.87094706202,-296.447159924996,1.49011611938477e-08,1.49011611938477e-08,1.89134451381243,1.56329501134637,0.725106890235289,4.72486440893634,22,55
0.544,1000,55,565.700978806021,-104.494866611327,565.700978806021,14036.4297257503,13597.0082129685,14093.9953397989,61.165529238679,41.8971631487477,49.6955997173655,-441.450190228673,-231.708255458838,1.49011611938477e-08,1.49011611938477e-08,1.81093337836917,1.77999269389936,1.3026546212632,3.6713817103199,22,55
0.545,1000,55,569.430311481149,510.657305510621,569.430311481149,13676.0842330904,13589.3857248051,14476.3119955899,60.4131730735719,37.157491567986,48.8761454015376,-355.397928119599,-118.973566906289,1.49011611938477e-08,1.49011611938477e-08,1.85485894715906,2.00389729307074,1.89819663851614,2.72212567751318,22,55
0.546,1000,55,535.519738201559,209.063694551334,535.519738201559,13308.2675759852,13976.6717031309,14419.171573958,60.0659492537971,32.0637049588551,47.4539202798057,-359.571700325129,-30.3010935369364,1.49011611938477e-08,1.49011611938477e-08,1.92813691604362,2.1547397124563,2.46341139734812,2.28218632361339,22,55
0.547,1000,55,495.310902569552,445.379257911961,495.310902569552,13415.1994488913,14247.8991956894,13979.5063415227,60.6440649094985,29.2179190406196,45.6252564342032,-492.194134250104,-12.0985589727575,1.49011611938477e-08,1.49011611938477e-08,1.95361472023609,2.02271966336639,2.43496067333794,2.22461194779681,22,55
0.548,1000,55,474.675615815174,492.659677775085,474.675615815174,13873.8721764469,14052.7518898279,13713.3923745866,61.5858204787827,31.1270247859628,43.5493204832595,-680.982118247493,-151.677439029051,1.49011611938477e-08,1.49011611938477e-08,1.91892517666727,1.75220918072807,0.816444772687446,2.61517442726082,22,55
0.549,1000,55,484.99033023211,473.538799050415,484.99033023211,14119.8748760583,13626.5054568488,13977.5355261738,61.6254418777363,36.324964024356,41.7129232539284,-744.796945787642,-400.91223294293,1.49011611938477e-08,1.49011611938477e-08,1.80814013597658,1.65912303368603,1.49011611938477e-08,2.83692881263195,22,55
0.55,1000,55,473.079815526139,494.341195634898,473.079815526139,13874.8310188542,13498.1428659852,14431.5368819976,60.1893576469118,41.4316843875496,40.0977036994709,-653.734920240654,-575.359268187878,1.49011611938477e-08,1.49011611938477e-08,1.81850603217291,1.73932601182922,1.49011611938477e-08,2.24850290132684,22,55
0.551,1000,55,430.605631434324,522.901236850655,430.605631434324,13471.5735938074,13837.9391751056,14515.2333808258,57.8182248525705,44.9572794354146,38.9147644140466,-539.662218073334,-596.888872484267,1.49011611938477e-08,1.49011611938477e-08,1.90802708382479,1.79608273484731,1.49011611938477e-08,2.16665952289131,22,55
0.552,1000,55,351.199808128116,530.201734672681,351.199808128116,13446.2197917664,14202.3280173513,14135.6287059925,56.3208400659022,46.752090952673,39.2604011772856,-474.123704527212,-498.767239782833,1.49011611938477e-08,1.49011611938477e-08,1.9495522618832,1.6371937792209,1.49011611938477e-08,3.62255321752855,22,55
0.553,1000,55,249.468947475411,533.370148334876,249.468947475411,13843.2936171115,14131.9706668905,13771.544493679,56.6620059393298,47.1493732006725,41.1801008506383,-471.635042424631,-342.105266387175,1.49011611938477e-08,1.49011611938477e-08,1.93232713066848,1.37677941717407,0.227994606544259,24.59035576814,22,55
0.554,1000,55,277.627067467652,532.55551267399,277.627067467652,14160.3518713871,13714.5921650171,13890.008260914,58.0762219747809,46.5521433295846,44.0555943889991,-480.14231629246,-219.410362392446,1.49011611938477e-08,1.49011611938477e-08,1.81655875546695,1.35777343197202,0.734939479074864,5.9405061789751,22,55
0.555,1000,55,492.2750610687,458.751899574236,492.2750610687,14031.8815277374,13475.7616510436,14343.1285704899,58.2105054662758,45.1731118628936,46.698637005003,-426.452634537116,-177.18485730883,1.49011611938477e-08,1.49011611938477e-08,1.78741964922756,1.66748200401692,1.25864878798035,4.43963943620011,22,55
0.556,1000,55,602.929738603464,538.046747460032,602.929738603464,13647.9982670247,13728.9717195092,14580.3354601926,54.7263729262933,43.3183403071465,47.2976643793405,-339.174902933463,-178.731423496574,1.49011611938477e-08,1.49011611938477e-08,1.88017484975806,2.17763155152952,1.79995181639383,5.48811830875015,22,55
0.557,1000,55,589.845374329028,531.563039400288,589.845374329028,13522.8995883662,14137.6754301315,14338.7294364808,48.0069325691148,41.82497273011,45.6442574839363,-314.950540819886,-157.311150341212,1.49011611938477e-08,1.49011611938477e-08,1.94601016721107,2.34646609902435,1.98437361297065,7.19566610553996,22,55
0.558,1000,55,552.421092265816,234.09726511631,552.421092265816,13832.3471131839,14178.0181800161,13950.891505195,40.7324774779378,41.3850024809134,42.7535260205521,-434.624230051386,-69.3497904062392,1.49011611938477e-08,1.49011611938477e-08,1.95284329385659,1.38793239583049,1.42630857743689,4.43654535225248,22,55
0.559,1000,55,415.757784646479,525.712664097604,415.757784646479,14174.9319965194,13797.0027378205,13932.4664890137,39.5398189381175,42.3995596302835,41.2820486643908,-658.599738561641,20.8989170130468,1.49011611938477e-08,1.49011611938477e-08,1.85347413085162,0.426332362180947,0.765592404468634,1.86721906086725,22,55
0.56,1000,55,208.992022647032,534.578609304518,208.992022647032,14122.0997179827,13461.9527885995,14323.8789186596,45.4131249728493,44.2955321389986,42.3227997138053,-820.596127402939,29.9800562638429,1.49011611938477e-08,1.49011611938477e-08,1.78507747493766,1.49011611938477e-08,0.248502604295174,1.42764346604984,22,55
0.561,1000,55,219.321560123584,534.321391807716,219.321560123584,13700.4177675379,13607.4551269739,14584.369901108,52.5945356247627,45.9785390063356,44.5867760886106,-838.402086288468,-17.7832510281178,1.49011611938477e-08,1.49011611938477e-08,1.85951884575546,0.40374933691118,1.49011611938477e-08,1.85366833600753,22,55
0.562,1000,55,461.570889879249,508.394232509082,461.570889879249,13434.1420694149,14049.6990479695,14360.810364574,59.0249416471724,47.1012091183404,47.5560782165511,-803.100004865718,-101.063573891976,1.49011611938477e-08,1.49011611938477e-08,1.93394105058327,0.792284882034641,1.49011611938477e-08,2.64402310620303,22,55
0.563,1000,55,604.063125420954,-12687.5678768442,604.063125420954,13668.2519183462,14238.0753275888,13930.230913222,62.1263693225977,47.3571039932548,49.3621862475814,-706.384630736851,-230.752159266627,1.49011611938477e-08,1.49011611938477e-08,1.95209987009005,1.19996637878686,0.202072632216324,3.95914785709123,22,55
0.564,1000,55,580.051125835492,-3865.97403511827,580.051125835492,14039.7512072157,13961.0687403143,13811.2314814471,61.9194910445163,46.1593590600234,49.6941254717392,-556.837227089907,-296.567562151046,1.49011611938477e-08,1.49011611938477e-08,1.88512663084456,1.55347961190942,0.758779948837214,4.71580874312777,22,55
0.565,1000,55,568.930337235969,-1975.86609734489,568.930337235969,14031.3555980235,13583.1771136454,14128.6181442774,61.0101033631474,42.8677021009148,49.5235628691572,-428.502199272439,-219.513926035492,1.49011611938477e-08,1.49011611938477e-08,1.80914585626028,1.77209088872492,1.35900092382392,3.51890842057518,22,55
0.566,1000,55,564.938330194378,-1510.83024802201,564.938330194378,13654.8151334686,13604.3706500837,14494.8550049443,60.192628084989,37.952501264828,48.5720300638352,-344.14750970596,-111.169554779103,1.49011611938477e-08,1.49011611938477e-08,1.85927077441033,2.01240447446615,1.94094988957904,2.63774071262232,22,55
0.567,1000,55,523.351842174845,306.680851217192,523.351842174845,13304.6370175513,14001.05328858,14409.77867331,59.8734902572764,32.7626266970675,47.0729453477839,-351.953239754478,-16.7060673809603,1.49011611938477e-08,1.49011611938477e-08,1.93028404205445,2.16137254403874,2.50612611180238,2.22437028590654,22,55
0.568,1000,55,486.662235329548,470.031113062907,486.662235329548,13440.0996096457,14252.4468529841,13964.77599024,60.5610246747821,29.8607319270839,45.1757481453732,-492.910541345455,0.275955623768897,1.49011611938477e-08,1.49011611938477e-08,1.95397494549685,2.00178620466249,2.4940503556718,2.17407141683587,22,55
0.569,1000,55,486.86554551537,468.431827492704,486.86554551537,13901.4653808371,14032.6306870177,13724.6862107083,61.5815160122281,31.6655880253288,42.9844026705069,-682.856025931708,-143.106577683816,1.49011611938477e-08,1.49011611938477e-08,1.91295553973897,1.71629986667411,0.808994361268559,2.58907108576601,22,55
0.57,1000,55,496.474560318983,442.434778341627,496.474560318983,14121.4194523928,13608.0196833297,14013.6932532044,61.6889121918079,36.740527225556,40.9816554631738,-741.954259345987,-389.779990066604,1.49011611938477e-08,1.49011611938477e-08,1.80380142952587,1.61630010746866,1.49011611938477e-08,2.91367603675111,22,55
0.571,1000,55,485.245244338223,472.58538934998,485.245244338223,13856.4551787976,13508.7878547164,14460.7456685777,60.3092568862418,41.688130867825,39.1833000603906,-655.582647589092,-550.352529005669,1.49011611938477e-08,1.49011611938477e-08,1.82269658441626,1.68415220495809,1.49011611938477e-08,2.37190721096962,22,55
0.572,1000,55,439.885789311544,520.022172275907,439.885789311544,13460.9242159747,13865.2737397808,14514.9601692063,58.0571999372642,45.0682174977876,37.9150341859268,-538.387697123503,-568.749433111804,1.49011611938477e-08,1.49011611938477e-08,1.91176305369492,1.71630482244693,1.49011611938477e-08,2.35555537990908,22,55
0.573,1000,55,348.754016714811,530.288367600315,348.754016714811,13464.7931478174,14214.1713296795,14121.8437550664,56.7400453470556,46.7452915674108,38.3561279248574,-477.243747643787,-465.183755641249,1.49011611938477e-08,1.49011611938477e-08,1.95064590158468,1.53918453425587,1.49011611938477e-08,4.31584785842648,22,55
0.574,1000,55,259.895473429648,533.073100406131,259.895473429648,13870.4923736303,14116.2566412264,13777.0461854399,57.2468411169779,47.0499964842241,40.4908425622456,-477.924904164573,-306.220628491165,1.49011611938477e-08,1.49011611938477e-08,1.92821822939263,1.30057185382048,0.263632471006833,24.7051512800766,22,55
0.575,1000,55,288.947631069959,532.213795394838,288.947631069959,14166.2098403516,13693.227163836,13923.9650974987,58.7412747511467,46.3524155431568,43.5895600325672,-485.627472543177,-186.549248031497,1.49011611938477e-08,1.49011611938477e-08,1.81115482518926,1.31486103345098,0.774076074621097,4.68942379887862,22,55
0.576,1000,55,504.662556936997,415.210534534431,504.662556936997,14015.0793127726,13479.7022714063,14381.5777994103,58.764080009201,44.866430381979,46.303204013026,-431.706752907684,-149.213866620458,1.49011611938477e-08,1.49011611938477e-08,1.79114654893368,1.64256173493515,1.31238130624446,3.81062614498771,22,55
0.577,1000,55,601.632882658119,537.080404973877,601.632882658119,13630.2993776209,13755.6942859031,14591.9871860789,55.1718731691185,42.9370248770357,46.8673273043285,-340.413395306989,-150.849270556418,1.49011611938477e-08,1.49011611938477e-08,1.88578071768698,2.14146835004756,1.86258475985311,4.68352129490275,22,55
0.578,1000,55,589.396468123359,531.405159519395,589.396468123359,13531.1171326629,14154.7158244067,14328.2621363581,48.402568819194,41.3819866685146,45.1907611778627,-323.057929537242,-125.738304859611,1.49011611938477e-08,1.49011611938477e-08,1.94809746863912,2.25234356834402,2.03405535572047,5.70572975516772,22,55
0.579,1000,55,549.15822375769,156.86763337867,549.15822375769,13856.3101718925,14166.9412677602,13948.4362275462,41.4307051754951,40.9412478987645,42.4140532534508,-452.78453159429,-36.232730643636,1.49011611938477e-08,1.49011611938477e-08,1.95061213777961,1.30131475176434,1.43207464710715,3.49396800752149,22,55
0.58,1000,55,407.040274125155,526.825319596151,407.040274125155,14185.2062166778,13773.2684541714,13958.1482841519,40.670022590029,41.9751915420507,41.1663499040328,-678.746940141447,46.5554438055945,1.49011611938477e-08,1.49011611938477e-08,1.8468232910496,0.395183972433896,0.759446962201103,1.64025523480798,22,55
0.581,1000,55,203.003287720414,534.757821791752,203.003287720414,14105.8386861938,13457.4761756437,14359.0170652342,46.6123740461446,43.8805269757506,42.3413794790886,-827.848956226932,47.9376317780774,1.49011611938477e-08,1.49011611938477e-08,1.78656848496214,1.49011611938477e-08,0.25042125713725,1.34813024970537,22,55
0.582,1000,55,233.14502757889,533.88319901178,233.14502757889,13668.623062842,13631.0464007111,14586.6854853479,53.6704151348643,45.5314261377187,44.69650313305,-845.0146931137,-1.8313330867521,1.49011611938477e-08,1.49011611938477e-08,1.86605515377932,0.416139797358457,1.49011611938477e-08,1.75150592227074,22,55
0.583,1000,55,482.399091791424,482.093981689514,482.399091791424,13430.606636984,14072.9900807649,14341.5903431672,59.8400366703842,46.6048563372399,47.6482014453125,-807.773393173364,-88.7053095792035,1.49011611938477e-08,1.49011611938477e-08,1.93647736446812,0.798612043684655,1.49011611938477e-08,2.49290637200192,22,55
0.584,1000,55,602.913930520523,538.084583478421,602.913930520523,13687.2459420494,14235.1563440148,13917.2028943898,62.5713168614817,46.7901119765009,49.3176405969459,-708.855802549616,-219.779700834177,1.49011611938477e-08,1.49011611938477e-08,1.95153825852157,1.19662127152244,0.272513164891935,3.67553586829856,22,55
0.585,1000,55,577.294539175623,526.299231868491,577.294539175623,14047.3124477203,13937.0233335742,13824.3730685265,62.1527104141346,45.5440403827712,49.5957119274457,-560.345837935613,-282.583587743136,1.49011611938477e-08,1.49011611938477e-08,1.87989226669191,1.53776116539841,0.794708796641027,4.31979550023041,22,55
0.586,1000,55,571.502321648743,515.337673632599,571.502321648743,14014.1436676897,13570.1396659689,14155.5814959206,61.2163522845779,42.2437924148526,49.5085971832313,-441.576996983694,-210.542359764894,1.49011611938477e-08,1.49011611938477e-08,1.80972500599401,1.74897848618492,1.38997630884785,3.27040144476617,22,55
0.587,1000,55,566.413650241638,496.005410021803,566.413650241638,13623.3389822814,13619.8873405341,14504.4637893178,60.3417267132495,37.3149648602359,48.670200458367,-354.866061482085,-99.2147689537773,1.49011611938477e-08,1.49011611938477e-08,1.86513596513587,1.98731840962634,1.96727887840395,2.51098771419333,22,55
0.588,1000,55,528.315439087644,270.111974188315,528.315439087644,13291.7898294039,14022.9410839141,14389.0981066648,60.0009611579059,32.23833089395,47.2728469133915,-370.213678575044,-9.98757551130631,1.49011611938477e-08,1.49011611938477e-08,1.93292452026058,2.12315298949191,2.5609907675409,2.16030841271258,22,55
0.589,1000,55,489.769970286534,461.360046718818,489.769970286534,13457.4803604664,14250.5654805622,13936.8532975655,60.6663887701714,29.7192902468135,45.4431189147264,-519.225263908172,-5.62927820261843,1.49011611938477e-08,1.49011611938477e-08,1.95482479589133,1.95794434053977,2.31949552992033,2.15863095303065,22,55
0.59,1000,55,478.522429322122,486.51830858963,478.522429322122,13921.425184701,14006.9145539792,13723.7350827392,61.6253643142866,32.0284262249319,43.3203458984285,-706.098658024425,-165.952122870279,1.49011611938477e-08,1.49011611938477e-08,1.90756215072481,1.69244878291439,0.721475786067123,2.6037323339634,22,55
0.591,1000,55,487.449114899958,467.874842843501,487.449114899958,14115.5529425166,13587.8078364022,14036.6787674873,61.5538195598726,37.3058339310772,41.3621756366765,-751.592584849363,-406.179008827657,1.49011611938477e-08,1.49011611938477e-08,1.80128822513521,1.61999528921818,1.49011611938477e-08,2.82129706503627,22,55
0.592,1000,55,474.394222300622,492.432248190906,474.394222300622,13827.7932292209,13516.7044144111,14473.7590489714,59.957450148459,42.2803635674946,39.541489290368,-653.513126689844,-572.215158066816,1.49011611938477e-08,1.49011611938477e-08,1.82808172582902,1.70365040821216,1.49011611938477e-08,2.25026882597644,22,55
0.593,1000,55,428.710210661836,523.363098829443,428.710210661836,13442.8707795649,13888.3279252862,14496.3004349252,57.5756209572003,45.6208996227189,38.3323221651287,-536.419858816755,-580.72011622477,1.49011611938477e-08,1.49011611938477e-08,1.91567978108927,1.73373845227228,1.49011611938477e-08,2.28007476778095,22,55
0.594,1000,55,344.198021173696,530.430459175732,344.198021173696,13476.4083321539,14219.982565969,14088.7043114963,56.2687441939501,47.2570198965285,38.8446109469151,-478.531808154544,-470.47759609536,1.49011611938477e-08,1.49011611938477e-08,1.95150956639965,1.54631480364782,1.49011611938477e-08,4.24189818951133,22,55
0.595,1000,55,249.708338697867,533.378644623017,249.708338697867,13893.1952689164,14095.4073440874,13763.5430868618,56.8082941474336,47.5221928925915,40.9576995132001,-480.646522498355,-311.279582163292,1.49011611938477e-08,1.49011611938477e-08,1.92338632172404,1.30749348248593,0.292863514554737,25.2679089298032,22,55
0.596,1000,55,293.63463253456,532.092637046309,293.63463253456,14168.8807954931,13668.6957148683,13939.3896878715,58.2196561148077,46.8090721295999,43.9713728042952,-484.547987859335,-200.206995203185,1.49011611938477e-08,1.49011611938477e-08,1.80559781428022,1.333227708812,0.797083338380742,4.94474628373908,22,55
0.597,1000,55,526.71880098211,288.906851816961,526.71880098211,13992.485252731,13480.8679794197,14396.5340183587,58.0359317657268,45.3199681039324,46.5470453523491,-424.609854111673,-162.677839876106,1.49011611938477e-08,1.49011611938477e-08,1.79496157427554,1.67300127457258,1.33729231996208,4.07284143314438,22,55
0.598,1000,55,602.10392906123,-11520.4494428129,602.10392906123,13610.9868859465,13778.659797975,14581.699292417,54.1475689227432,43.4305136721686,46.9496979739239,-335.383675008675,-163.776460472589,1.49011611938477e-08,1.49011611938477e-08,1.89097179239337,2.16846566328278,1.87776339065246,5.08866658292331,22,55
0.599,1000,55,587.664895764462,-5680.31931909924,587.664895764462,13538.2296397639,14167.0398166043,14297.6059980434,47.1828418861795,41.9863590234359,45.157289077095,-327.492915220103,-134.727812321302,1.49011611938477e-08,1.49011611938477e-08,1.94995885846838,2.22080436562532,1.99372024123049,6.19665454176763,22,55
0.6,1000,55,544.95305694364,110.049791188981,544.95305694364,13878.5592393364,14150.9081098005,13927.5757055481,40.3573826539699,41.675547264048,42.4202231112837,-468.104463379427,-42.7683208396161,1.49011611938477e-08,1.49011611938477e-08,1.94764589519285,1.22051416945047,1.36527132934904,3.56842520688862,22,55
0.601,1000,55,392.327509331221,528.151197089867,392.327509331221,14191.6067711314,13745.6822091775,13966.4498328411,40.2255026458117,42.8278894954851,41.343973530884,-683.463802637484,32.8070118429825,1.49011611938477e-08,1.49011611938477e-08,1.83971240389784,0.328923397334491,0.711501776436979,1.65489647433694,22,55
0.602,1000,55,195.843675211038,534.975269248958,195.843675211038,14088.5852538868,13451.3806898575,14376.6173010792,46.5038184244866,44.7620995703531,42.5957960313343,-832.324572918234,30.4857911407297,1.49011611938477e-08,1.49011611938477e-08,1.78783847451557,1.49011611938477e-08,0.180291031177463,1.41451482698758,22,55
0.603,1000,55,242.612666434188,533.627279855066,242.612666434188,13644.2990061125,13652.4764816909,14582.1317790655,53.6144603612387,46.4129876586819,44.9076001201632,-841.65075269484,-22.7798895419415,1.49011611938477e-08,1.49011611938477e-08,1.87113506967297,0.438006725149076,1.49011611938477e-08,1.87569740368067,22,55
0.604,1000,55,499.391086200466,437.686070056626,499.391086200466,13433.5942165524,14092.9005659646,14315.950756503,59.7165047239727,47.4814429215541,47.7483528332835,-798.238317213036,-113.421468806247,1.49011611938477e-08,1.49011611938477e-08,1.93850768610092,0.826493119179282,1.49011611938477e-08,2.70069317531116,22,55
0.605,1000,55,601.331354236762,-11095.5843067338,601.331354236762,13711.9713635364,14228.2385200388,13896.8552605757,62.2809966260143,47.6219136562551,49.2593225663355,-692.591245217726,-239.622583500302,1.49011611938477e-08,1.49011611938477e-08,1.95008805613026,1.22437990076546,0.284440278336826,3.94921432834122,22,55
0.606,1000,55,574.365148492717,-2843.43181389777,574.365148492717,14061.4634234143,13914.0382558668,13832.3653396666,61.8100833740015,46.2269777353388,49.4594963318233,-548.270894598805,-286.478200468106,1.49011611938477e-08,1.49011611938477e-08,1.87321342654861,1.55852767121428,0.828653235890624,4.43157082580384,22,55
0.607,1000,55,574.696197548644,-2664.07404943454,574.696197548644,14002.947506003,13560.1259952132,14184.1322400919,60.9206768194737,42.7093458250978,49.3090379256877,-424.188169384119,-200.536771474589,1.49011611938477e-08,1.49011611938477e-08,1.80896373062034,1.76521461825082,1.4397762065849,3.20184512300288,22,55
0.608,1000,55,566.451647029886,-1698.60594872724,566.451647029886,13598.1882628395,13638.3473044739,14513.1194968168,60.0930245205263,37.674409606726,48.3362822554728,-343.725256931053,-86.9810013420574,1.49011611938477e-08,1.49011611938477e-08,1.86976604601226,1.99911529247919,1.99537867411681,2.43685155024098,22,55
0.609,1000,55,527.250883488706,278.420559430644,527.250883488706,13286.9883405641,14046.5174980079,14370.8797101472,59.8079223920084,32.6038007129161,46.8163729817324,-368.212280758348,-0.68495798807678,1.49011611938477e-08,1.49011611938477e-08,1.93487050270531,2.12127329671773,2.60081260590236,2.10170513604099,22,55
0.61,1000,55,495.690297117317,445.453880762324,495.690297117317,13480.1406738654,14250.9351729442,13916.370366522,60.5125803245498,30.1657270919253,44.886534786911,-523.911643959994,-4.09142180689138,1.49011611938477e-08,1.49011611938477e-08,1.95500558292673,1.94055843634347,2.32422329823291,2.11790599563521,22,55
0.611,1000,55,483.183856588607,476.507472244656,483.183856588607,13944.3415736629,13985.7101781516,13732.4408240332,61.4171139174552,32.4884590076332,42.7272260226155,-698.861714964926,-161.894904896163,1.49011611938477e-08,1.49011611938477e-08,1.90121679395084,1.68222846283565,0.708926785385674,2.58910336016833,22,55
0.612,1000,55,487.794669826245,465.540123471795,487.794669826245,14110.5221023989,13572.6306302143,14067.72615711,61.2939991642591,37.6732422666797,40.8102470475702,-741.024628461348,-412.807631939235,1.49011611938477e-08,1.49011611938477e-08,1.79849328026545,1.61907582410974,1.49011611938477e-08,2.80987119649391,22,55
0.613,1000,55,470.673746979619,497.53171764096,470.673746979619,13803.8508929402,13531.0982403289,14492.9941105586,59.6873257448114,42.4884715524966,39.081731204852,-639.5271545239,-568.000288794828,1.49011611938477e-08,1.49011611938477e-08,1.83315096271598,1.70447744014802,1.49011611938477e-08,2.27146676580067,22,55
0.614,1000,55,418.280125829227,525.507121726038,418.280125829227,13430.3877196817,13916.1170150989,14485.6935959593,57.4028647619506,45.6839753860098,37.9957957777419,-526.293080385953,-567.115411526667,1.49011611938477e-08,1.49011611938477e-08,1.9190964985347,1.72621079760868,1.49011611938477e-08,2.38400024064146,22,55
0.615,1000,55,327.66673147628,530.994792857471,327.66673147628,13493.7489421899,14229.4422005628,14066.8863087586,56.2500397833415,47.2065085439517,38.6369977348317,-473.013042281301,-451.738495809873,1.49011611938477e-08,1.49011611938477e-08,1.95224724893632,1.53344071773065,1.49011611938477e-08,4.76139538007718,22,55
0.616,1000,55,245.161093543694,533.502938505731,245.161093543694,13917.3252337244,14077.9870095528,13763.4351838503,56.902950271004,47.3899430871658,40.854042515123,-475.845109567588,-300.556950512696,1.49011611938477e-08,1.49011611938477e-08,1.91814752091121,1.30936841059353,0.328676537009139,17.8682111508285,22,55
0.617,1000,55,299.395310489559,531.896291559508,299.395310489559,14171.0242679501,13649.9245558026,13966.7574253637,58.2876312905873,46.5969216482516,43.9220816391145,-476.854557423221,-187.079318567831,1.49011611938477e-08,1.49011611938477e-08,1.80053670240414,1.35588226719911,0.837694701278171,4.53777894240369,22,55
0.618,1000,55,534.464015918761,228.139440864231,534.464015918761,13973.9517484272,13489.4351766014,14425.1718244703,57.8357024697499,45.0186266006668,46.3924234781678,-410.445997715825,-153.981553038662,1.49011611938477e-08,1.49011611938477e-08,1.79905018869238,1.71294395434623,1.39406213482139,3.91134448504293,22,55
0.619,1000,55,601.014880381595,-10912.5757954805,601.014880381595,13595.3019595389,13807.0683283351,14581.4425378505,53.6766027810527,43.0781695247905,46.6503698967439,-322.655314173143,-154.356517711039,1.49011611938477e-08,1.49011611938477e-08,1.89600157895382,2.20625546371092,1.9442348078388,4.89902083399863,22,55
0.62,1000,55,585.934072139018,-5208.80109816513,585.934072139018,13549.4634461126,14182.6265862917,14278.2952848714,46.5014056928662,41.5987421503537,44.7776783433396,-323.772290599977,-119.886796628928,1.49011611938477e-08,1.49011611938477e-08,1.95167564517817,2.19524230616592,2.03689488203305,5.69520562107222,22,55
0.621,1000,55,537.552715751255,190.33990886482,537.552715751255,13902.4963005293,14137.4439754678,13919.487393526,39.8718738413674,41.3221443677041,42.1378891266696,-465.035872281376,-30.5739169006409,1.49011611938477e-08,1.49011611938477e-08,1.94427140516863,1.15253760099211,1.35557571251088,3.17418251786904,22,55
0.622,1000,55,373.485482337437,529.248562919173,373.485482337437,14198.8962121377,13722.8184423408,13986.5041723856,40.2547487910517,42.533584611072,41.2790422368566,-693.964786390822,44.0279763879281,1.49011611938477e-08,1.49011611938477e-08,1.83293179779585,0.269862690262862,0.687929578779541,1.54536907961831,22,55
0.623,1000,55,202.324151219374,534.790076432226,202.324151219374,14071.6999209923,13450.7343805528,14404.0513327876,46.7629907956526,44.5100541737573,42.625641889122,-834.53025114215,32.8166665305428,1.49011611938477e-08,1.49011611938477e-08,1.7896572763648,1.49011611938477e-08,0.125165142717089,1.4024927959553,22,55
0.624,1000,55,252.626499900708,533.32690222821,252.626499900708,13622.8088790324,13677.7217402269,14580.7310873458,53.8799978995073,46.1531401787896,44.9773294008562,-838.101719130172,-22.33120956156,1.49011611938477e-08,1.49011611938477e-08,1.87649120250394,0.456514924796792,1.49011611938477e-08,1.88243597772307,22,55
0.625,1000,55,533.110685805766,241.09949240809,533.110685805766,13440.7147522094,14114.6186895356,14293.8254981492,59.8177026683841,47.1930219689044,47.7592424732514,-790.361346082162,-116.323638948127,1.49011611938477e-08,1.49011611938477e-08,1.94047580021036,0.847365495651169,1.49011611938477e-08,2.72774612299752,22,55
0.626,1000,55,600.690246894556,536.669867882803,600.690246894556,13737.9677019096,14222.6314416689,13884.1899997443,62.1206281391162,47.254433910053,49.1544582407304,-688.371595119348,-234.640565250982,1.49011611938477e-08,1.49011611938477e-08,1.94866562115966,1.24071073592916,0.309243540951383,3.95405286059867,22,55
0.627,1000,55,570.940047810003,516.45795061662,570.940047810003,14071.4132281609,13889.3756197466,13845.8712532957,61.5631053040882,45.7984885936625,49.3071912716257,-539.351440914569,-278.132843296411,1.49011611938477e-08,1.49011611938477e-08,1.86721586180631,1.56331426388321,0.850407134702337,4.32841324062662,22,55
0.628,1000,55,575.013550324464,522.905412523151,575.013550324464,13995.3778471621,13550.5143046064,14214.3539778972,60.7212137834794,42.2659239166657,49.1284340581974,-420.687911869887,-187.214644434671,1.49011611938477e-08,1.49011611938477e-08,1.80928299705734,1.76422553672443,1.46320439614596,3.09963881991484,22,55
0.629,1000,55,563.261522453651,467.721309938859,563.261522453651,13578.0028450339,13656.6745740867,14522.254332419,59.9253062016931,37.2497107904352,48.1099364453029,-345.295547397041,-73.5082800851302,1.49011611938477e-08,1.49011611938477e-08,1.87462649989604,1.99800306804355,2.02080774079911,2.37671922202715,22,55
0.63,1000,55,520.244394325834,326.046517835957,520.244394325834,13288.8451449901,14068.0395937186,14351.2440494611,59.7326400147005,32.3601524211735,46.5570669195646,-379.512422076624,9.70140781262084,1.49011611938477e-08,1.49011611938477e-08,1.93671964356491,2.10151806991433,2.67446903340555,2.0668120707029,22,55
0.631,1000,55,478.914675630495,484.932751295599,478.914675630495,13509.4704618266,14247.73049944,13896.5106659808,60.5579086968693,30.3575969395215,44.6024061097163,-534.677650697695,2.12711150874344,1.49011611938477e-08,1.49011611938477e-08,1.95504071154133,1.89564967596946,2.14292172149948,2.10748998270448,22,55
0.632,1000,55,481.22273296396,481.681857038441,481.22273296396,13967.7177205504,13959.9179971143,13741.6882705591,61.6086237886747,33.1523028626802,42.3888017450731,-721.777657259685,-166.70819589773,1.49011611938477e-08,1.49011611938477e-08,1.89483483296086,1.62477249696667,0.621153998959234,2.58879597150864,22,55
0.633,1000,55,495.094842173522,446.859248144413,495.094842173522,14104.8243648641,13554.89143432,14097.6324649057,61.5697681446402,38.4983153786747,40.3556555336728,-758.099346705736,-413.565717904634,1.49011611938477e-08,1.49011611938477e-08,1.79678203369022,1.55236036399801,1.49011611938477e-08,2.82042957181537,22,55
0.634,1000,55,485.929499334517,471.00448337125,485.929499334517,13778.9430365223,13542.1851323069,14510.6241311763,60.0233710692952,43.3325370392784,38.4478176504951,-654.629853708062,-559.972765821532,1.49011611938477e-08,1.49011611938477e-08,1.83866050937117,1.61739734311747,1.49011611938477e-08,2.31766946733807,22,55
0.635,1000,55,439.579795354549,520.121779381377,439.579795354549,13419.963873347,13938.9566407803,14473.7146599947,57.8414910685617,46.4946684330841,37.3794702723966,-543.939063887841,-550.77377413217,1.49011611938477e-08,1.49011611938477e-08,1.92254001891775,1.6073932243393,1.49011611938477e-08,2.52120509083396,22,55
0.636,1000,55,348.541582333611,530.275887190021,348.541582333611,13511.47640181,14231.831156152,14046.2754746016,56.8199378827899,47.979825314485,38.1888447422289,-494.632945151517,-437.927461389737,1.49011611938477e-08,1.49011611938477e-08,1.95299657009125,1.40197383602789,1.49011611938477e-08,5.56883144260165,22,55
0.637,1000,55,261.496107659102,533.024139119704,261.496107659102,13939.5081628228,14054.7917698242,13766.1105454871,57.5758435079683,48.1190505582095,40.6402967498551,-498.639216815247,-278.248423121165,1.49011611938477e-08,1.49011611938477e-08,1.91322597142208,1.20839732244072,0.343263071712554,11.4448656770287,22,55
0.638,1000,55,325.600297487858,531.094673369374,325.600297487858,14168.7719145505,13626.5482102443,13995.9324867394,58.9558429897782,47.2855266683057,43.8825277162916,-496.602576383255,-168.834602239568,1.49011611938477e-08,1.49011611938477e-08,1.79721822901705,1.28879792602,0.858993695445932,3.98033533521037,22,55
0.639,1000,55,563.885138746842,-93.0641014831995,563.885138746842,13947.6306315846,13493.4563708653,14449.4470695031,58.415112940096,45.6787269686552,46.3928897653072,-426.588878002975,-140.018876509158,1.49011611938477e-08,1.49011611938477e-08,1.80477660496097,1.65591405908072,1.42126633718543,3.57722386874338,22,55
0.64,1000,55,601.276936865633,-11069.3814097794,601.276936865633,13575.5748592144,13830.2487732773,14579.6296667296,54.1684162350541,43.7579523049344,46.6042790420818,-341.138524784115,-140.249174304208,1.49011611938477e-08,1.49011611938477e-08,1.90141214636845,2.12345791393497,1.96327042295978,4.43373586419843,22,55
0.641,1000,55,585.516678535174,-5101.24934057446,585.516678535174,13556.6625811484,14191.5120530619,14258.4693404897,47.0658212755015,42.3503906180146,44.6990522695351,-346.549550351921,-106.472605053622,1.49011611938477e-08,1.49011611938477e-08,1.95353436249784,2.059039524188,2.00764735966737,4.9111009176541,22,55
0.642,1000,55,536.779580841108,197.243126186009,536.779580841108,13921.8621111941,14119.2486822031,13913.6359115819,40.8376041488881,42.1450033121226,42.1514491112725,-499.457101927864,-14.2500859431262,1.49011611938477e-08,1.49011611938477e-08,1.94121789064447,1.07157220101848,1.31646301676524,2.77752805440618,22,55
0.643,1000,55,368.459694743292,529.473982713165,368.459694743292,14199.3457876382,13696.4884944923,14009.2321759137,41.6198000182245,43.3992858699585,41.4320208809558,-724.860956182477,52.8580753494001,1.49011611938477e-08,1.49011611938477e-08,1.82787402796495,0.24573061598439,0.670095893799863,1.42897951003356,22,55
0.644,1000,55,197.700253353618,534.942390988849,197.700253353618,14047.8318370994,13448.2511092473,14430.9470310118,48.0484309135185,45.3387445894722,42.8215641486944,-852.337840353679,35.3614477519992,1.49011611938477e-08,1.49011611938477e-08,1.79339359100013,1.49011611938477e-08,0.120029422340269,1.35994802912385,22,55
0.645,1000,55,262.220238532966,533.011594997702,262.220238532966,13591.1981942783,13701.1639677071,14580.5700625792,54.98484630897,46.9581590495487,45.1419839329537,-851.505689556055,-21.3520055007736,1.49011611938477e-08,1.49011611938477e-08,1.88255804089314,0.461320827967618,1.49011611938477e-08,1.83035365387288,22,55
0.646,1000,55,539.932339250712,179.811562904706,539.932339250712,13437.150868145,14132.3226869601,14274.0231230207,60.635658318401,47.9646032007934,47.785563393687,-803.563013185514,-112.004084565272,1.49011611938477e-08,1.49011611938477e-08,1.94262832827546,0.844780925943107,1.49011611938477e-08,2.63937925185269,22,55
0.647,1000,55,599.197869479156,535.784376503394,599.197869479156,13753.960780944,14212.7510587228,13872.2708315438,62.6515792331876,47.9639335824394,49.0195920681115,-691.911388430206,-234.016853867976,1.49011611938477e-08,1.49011611938477e-08,1.94711116308203,1.22915960058765,0.378342388725751,3.73789413318127,22,55
0.648,1000,55,567.510468501129,504.035544180773,567.510468501129,14075.4174237588,13866.8823598356,13862.179381067,61.9036606611328,46.3298180950647,49.1304919666941,-537.400341965622,-267.421488095943,1.49011611938477e-08,1.49011611938477e-08,1.86188302460146,1.54466349524607,0.915823328815924,3.95686811747365,22,55
0.649,1000,55,577.444287281444,-3307.53314594381,577.444287281444,13975.2729711207,13543.7244880024,14246.8842829424,60.9082174517813,42.5716010078633,49.0272580158218,-414.262777835588,-173.426380383989,1.49011611938477e-08,1.49011611938477e-08,1.81074114415647,1.75678497243962,1.53231618607161,2.87308831766082,22,55
0.65,1000,55,564.384079526574,-1439.03350680062,564.384079526574,13547.4500385431,13677.3932266133,14531.7241027429,59.9821265148367,37.4093966472672,48.1006127349361,-339.709667161223,-61.733193521766,1.49011611938477e-08,1.49011611938477e-08,1.88004782418771,1.99972435236001,2.04268837623726,2.25696060999933,22,55
0.651,1000,55,521.220959619755,320.498799075133,521.220959619755,13280.296355163,14089.6132449676,14333.0455169153,59.7445411643007,32.4947413821941,46.6351629695013,-375.6497863503,15.4928891754976,1.49011611938477e-08,1.49011611938477e-08,1.93878389374765,2.09958311700122,2.71456164635716,1.99757791108532,22,55
0.652,1000,55,493.1736741358,452.228796662115,493.1736741358,13527.4691163814,14243.3751310137,13876.8394220024,60.564362026999,30.5948183906141,44.7144302550166,-542.807442618127,2.07745316313884,1.49011611938477e-08,1.49011611938477e-08,1.95518594286929,1.88643880776488,2.16515726779403,2.06868863583274,22,55
0.653,1000,55,474.698896917848,492.577367778279,474.698896917848,13985.5617744711,13936.759104186,13751.9958198596,61.4886821706386,33.5035492342865,42.5187722222829,-723.138332239331,-181.152851768507,1.49011611938477e-08,1.49011611938477e-08,1.88827584949577,1.63628064374026,0.617681189280092,2.5872151298294,22,55
0.654,1000,55,485.292135590785,472.831979429757,485.292135590785,14095.8478553249,13542.606037979,14127.1087327458,61.2496757937608,38.8657877898559,40.4692911212991,-744.53631989679,-432.172158512067,1.49011611938477e-08,1.49011611938477e-08,1.79504223036208,1.59078442073898,1.49011611938477e-08,2.76676984030985,22,55
0.655,1000,55,471.361045286225,496.636217555007,471.361045286225,13753.6876822702,13559.7828080041,14523.597038706,59.4837179234197,43.6273253448179,38.559676473959,-633.539137100129,-570.423993765813,1.49011611938477e-08,1.49011611938477e-08,1.84398011622913,1.67362590763654,1.49011611938477e-08,2.25577429679723,22,55
0.656,1000,55,423.965148065776,524.389695424024,423.965148065776,13409.7801082648,13966.2019123124,14455.931875246,57.1989851531751,46.7059786703781,37.5142396349754,-528.309104652753,-556.16529745994,1.49011611938477e-08,1.49011611938477e-08,1.92549391374578,1.66389807043876,1.49011611938477e-08,2.51151079176436,22,55
0.657,1000,55,328.956487935572,530.952094368754,328.956487935572,13530.7385246621,14238.4543960012,14020.318834163,56.1931946135999,48.1264635284461,38.3489714357285,-477.96812355258,-433.286234257657,1.49011611938477e-08,1.49011611938477e-08,1.9533633935065,1.44608878856925,1.49011611938477e-08,5.78111068902194,22,55
0.658,1000,55,250.121034683301,533.359584213139,250.121034683301,13962.2914789415,14035.1403372003,13764.3814529389,56.9872140189428,48.2261983377858,40.7791618170729,-482.941433896808,-272.604227980853,1.49011611938477e-08,1.49011611938477e-08,1.90693473633975,1.24622041631167,0.4006137174265,10.9411729706512,22,55
0.659,1000,55,324.493524572667,531.129772709702,324.493524572667,14169.1188458976,13609.823235714,14020.0812816641,58.3202846000831,47.3656174718203,43.9872181852168,-477.655740930873,-166.542415492411,1.49011611938477e-08,1.49011611938477e-08,1.79259281673347,1.33346800227498,0.911015636497359,3.97382547535642,22,55
0.66,1000,55,571.098564973115,-186.370826594286,571.098564973115,13929.4695726634,13505.4359891149,14470.7998040464,57.5186915329032,45.7368390948687,46.3623706823371,-403.491644358127,-140.110055287679,1.49011611938477e-08,1.49011611938477e-08,1.8089498341114,1.71496326760547,1.48776734789466,3.64438230931629,22,55
0.661,1000,55,600.168388031317,536.305918663269,600.168388031317,13564.5490197659,13858.4401707714,14570.3775834634,52.9880177499775,43.8315896929977,46.4489709634832,-324.701095358629,-139.217206540978,1.49011611938477e-08,1.49011611938477e-08,1.9057244979136,2.18188889737517,2.03820093291528,4.54490301059508,22,55
0.662,1000,55,583.192686738586,529.324482971236,583.192686738586,13572.8722080344,14204.033282012,14233.3520545695,45.6922849525693,42.4610421247827,44.5172640926428,-338.657676907411,-100.020211653732,1.49011611938477e-08,1.49011611938477e-08,1.95483773348161,2.04601972305147,2.04009447554043,4.887442682509,22,55
0.663,1000,55,527.478677751602,274.666438357986,527.478677751602,13947.2055401468,14102.5508300147,13903.2862769157,39.7266428489054,42.3556692835256,42.1223224802104,-504.267050479387,-6.87408385087044,1.49011611938477e-08,1.49011611938477e-08,1.93664701508698,1.00484902365887,1.2882727577364,2.66287368628315,22,55
0.664,1000,55,348.268441603984,530.294213165652,348.268441603984,14205.4197684631,13674.1356718427,14026.516842846,41.1384322074318,43.7064534211257,41.6187656914005,-732.174046343671,53.2314882436005,1.49011611938477e-08,1.49011611938477e-08,1.82115789299555,0.14993168145368,0.628344081470673,1.41201234843848,22,55
0.665,1000,55,195.567139373371,534.979597804065,195.567139373371,14031.624768448,13450.7856374025,14452.6005374188,47.8897874423545,45.7008604437833,43.0588687659126,-850.679457253258,27.2662661604419,1.49011611938477e-08,1.49011611938477e-08,1.79556687339612,1.49011611938477e-08,1.49011611938477e-08,1.41568214380069,22,55
0.666,1000,55,285.01081340671,532.352646390952,285.01081340671,13575.0055511967,13727.0657230202,14573.5749417039,54.9413859061239,47.3259432632485,45.3936849010804,-846.020486741871,-28.6577738245654,1.49011611938477e-08,1.49011611938477e-08,1.88716959581969,0.479966391174981,1.49011611938477e-08,1.92576822283752,22,55
0.667,1000,55,574.641328561724,-234.301773934726,574.641328561724,13450.0533749441,14151.1065900889,14248.231186896,60.4798152224125,48.3068035545623,47.9462044530232,-791.838526427432,-126.036723409347,1.49011611938477e-08,1.49011611938477e-08,1.94418597511037,0.869078987006154,1.49011611938477e-08,2.79714750268406,22,55
0.668,1000,55,598.053111293506,-9481.39406735176,598.053111293506,13781.9827596688,14203.0663597361,13859.268660394,62.2697473621436,48.2085835184585,49.0621650828399,-675.782188315149,-243.355761091594,1.49011611938477e-08,1.49011611938477e-08,1.94477926155476,1.2503707756237,0.371580086191025,3.92404759915582,22,55
0.669,1000,55,563.135535112383,-1334.29772358716,563.135535112383,14082.9401950632,13841.0839241194,13875.3225395052,61.4919856406106,46.4964237817452,49.1247710467597,-523.826932293641,-264.05740818018,1.49011611938477e-08,1.49011611938477e-08,1.85576533104627,1.55447972312933,0.926537330864903,4.00565362175999,22,55
0.67,1000,55,579.934802439788,527.645041300343,579.934802439788,13959.0450952874,13537.1143649845,14268.6799185517,60.6281720942417,42.6747085984843,48.9688809875573,-408.412124902456,-160.889647329806,1.49011611938477e-08,1.49011611938477e-08,1.81209771014412,1.75489989924335,1.55346083552829,2.81158887572236,22,55
0.671,1000,55,565.189997960229,485.864700499798,565.189997960229,13523.8931224063,13697.6559670076,14531.1321240241,59.7963966200932,37.5107753532062,47.9368191415875,-344.373509662806,-53.0869546525081,1.49011611938477e-08,1.49011611938477e-08,1.88481988696617,1.9837995504459,2.07265308559495,2.18803950060304,22,55
0.672,1000,55,520.649718767802,324.150588969344,520.649718767802,13282.1683843974,14109.5577800193,14306.2467521128,59.6192225155096,32.7490164893138,46.3607326557511,-389.652386745439,23.5741508103764,1.49011611938477e-08,1.49011611938477e-08,1.940439702859,2.0619819399076,2.81086750925913,1.94941839508261,22,55
0.673,1000,55,480.382427418058,482.337722981543,480.382427418058,13554.9261551578,14237.156418242,13854.4157545421,60.441201326196,31.1993226834197,44.381767470597,-564.180218029758,-4.0550525641138,1.49011611938477e-08,1.49011611938477e-08,1.95486461098509,1.84176943987487,1.99663473641083,2.05761560182216,22,55
0.674,1000,55,482.585947301072,478.875232972917,482.585947301072,14003.4553053097,13909.5714750887,13760.1689610963,61.362779781855,34.4532261979965,42.2240913466348,-741.472458126782,-200.098836677697,1.49011611938477e-08,1.49011611938477e-08,1.88185803516651,1.59798810073107,0.526411827387234,2.59076439881209,22,55
0.675,1000,55,483.757714996849,476.100616108511,483.757714996849,14083.5814974346,13526.7820337302,14152.6387414657,61.1082032510415,39.8725937623446,40.2951843971128,-753.603983919621,-448.776611124076,1.49011611938477e-08,1.49011611938477e-08,1.79461148269377,1.55626569603042,1.49011611938477e-08,2.69600888816694,22,55
0.676,1000,55,464.65093855846,504.374197548847,464.65093855846,13724.9276676518,13572.9603468873,14532.8822548909,59.3889099576284,44.5990211720382,38.4684874671442,-647.335707728963,-575.282238330107,1.49011611938477e-08,1.49011611938477e-08,1.84971199928993,1.63026975797463,1.49011611938477e-08,2.20934464342042,22,55
0.677,1000,55,410.374032857394,526.515793858495,410.374032857394,13398.2719899542,13987.6417211465,14434.4522182296,57.2615353783577,47.6192420564395,37.6094642126478,-539.368507035547,-555.550807726726,1.49011611938477e-08,1.49011611938477e-08,1.92840788007729,1.60545289827717,1.49011611938477e-08,2.54528561805918,22,55
0.678,1000,55,314.586761767087,531.390647709071,314.586761767087,13547.5764641424,14236.9314888013,13992.388220954,56.4256548347527,48.9844867854998,38.5944654344103,-491.137153809181,-429.350768086507,1.49011611938477e-08,1.49011611938477e-08,1.95357143473344,1.39379259882414,1.49011611938477e-08,6.15456565238943,22,55
0.679,1000,55,244.329694259138,533.538662229154,244.329694259138,13981.9719206951,14010.9347684581,13761.9369047294,57.2629999427681,49.0190156599108,41.1146347413654,-493.18272686072,-271.320129117967,1.49011611938477e-08,1.49011611938477e-08,1.9007997491478,1.22613777685007,0.411406937048925,9.96068510086187,22,55
0.68,1000,55,339.160782675162,530.664513627919,339.160782675162,14163.2922317709,13589.0253716236,14042.0848928552,58.410249481141,48.081612861042,44.3158137004584,-478.043821032072,-170.695894111655,1.49011611938477e-08,1.49011611938477e-08,1.78935250997543,1.34282009234584,0.938689291562161,3.95972414854501,22,55
0.681,1000,55,579.117275351642,-344.253326972312,579.117275351642,13902.1672489652,13512.948480893,14483.9724360301,57.2703921845142,46.3788055229894,46.5869352556153,-402.39154551321,-147.035451001501,1.49011611938477e-08,1.49011611938477e-08,1.81449794391042,1.74006278173468,1.52872710555158,3.71589727655787,22,55
0.682,1000,55,598.71018777988,-9746.69361511794,598.71018777988,13547.395509197,13881.6574699437,14556.7949367114,52.4081815711853,44.4633141369688,46.5742278706323,-322.242806914152,-144.1611219222,1.49011611938477e-08,1.49011611938477e-08,1.910343043323,2.19407754939327,2.07614113586524,4.64673618809052,22,55
0.683,1000,55,581.42697749261,-4142.29690744588,581.42697749261,13582.6188598867,14208.8682451509,14203.8849437429,44.9116339652244,43.1609289737822,44.5972867556132,-347.853975960427,-100.761354316931,1.49011611938477e-08,1.49011611938477e-08,1.95621778794445,1.98919133454841,2.01294509716183,4.88588794369508,22,55
0.684,1000,55,519.540561255893,329.200715449095,519.540561255893,13966.0300328934,14081.8893284511,13890.9724995712,39.2380284158371,43.1844407467214,42.310972947667,-524.812134713167,-8.14649438590383,1.49011611938477e-08,1.49011611938477e-08,1.93224612305121,0.93392863362145,1.23103055596346,2.59134448987539,22,55
0.685,1000,55,330.40815550022,530.872234212256,330.40815550022,14203.4438877187,13648.7664707082,14042.1705732964,41.2377973624198,44.6666395429724,41.9512352492835,-751.478313901582,43.7844015468802,1.49011611938477e-08,1.49011611938477e-08,1.81580402833754,1.49011611938477e-08,0.575595822581359,1.40893494022648,22,55
0.686,1000,55,189.826204524096,535.164854260074,189.826204524096,14006.9242094157,13451.3070294859,14468.8426428442,48.2298974335557,46.712335619454,43.4104134238345,-857.615970364814,14.338391917589,1.49011611938477e-08,1.49011611938477e-08,1.79922313773517,1.49011611938477e-08,1.49011611938477e-08,1.47556343468416,22,55
0.687,1000,55,290.509786278114,532.183571090574,290.509786278114,13552.399179195,13751.0871031801,14564.4347160103,55.3123744513761,48.3735076700504,45.6659361149581,-848.281334750597,-47.6019306505896,1.49011611938477e-08,1.49011611938477e-08,1.89209300633742,0.500299032444169,1.49011611938477e-08,2.03216817924324,22,55
0.688,1000,55,578.248567224091,-285.71105699134,578.248567224091,13456.3507294407,14165.2276049705,14221.2148062063,60.7524320425049,49.3594873394223,48.0813891987479,-787.36889640554,-147.55445701846,1.49011611938477e-08,1.49011611938477e-08,1.94577387906078,0.891881731915627,1.49011611938477e-08,2.96470105850859,22,55
0.689,1000,55,597.003756164438,-9008.90113666827,597.003756164438,13804.0401173101,14189.8952202769,13844.2316347664,62.4388310512175,49.2298520872603,49.0796178501658,-663.492473770078,-259.338219070123,1.49011611938477e-08,1.49011611938477e-08,1.94204025928072,1.27492042331672,0.375487572461128,4.09898780604106,22,55
0.69,1000,55,560.36644812977,-1021.85566653781,560.36644812977,14088.9814874298,13818.9966511532,13888.4947647154,61.6315692514197,47.3607036758992,49.0981288221298,-507.649899738215,-263.997364526486,1.49011611938477e-08,1.49011611938477e-08,1.84999876972639,1.57610778304507,0.957811431795617,3.99113654758917,22,55
0.691,1000,55,580.165418487083,-3830.70400603833,580.165418487083,13939.7563780957,13533.0663176016,14294.285938603,60.7679307797327,43.3806551926494,48.8868174677233,-398.067662550543,-159.020786015688,1.49011611938477e-08,1.49011611938477e-08,1.81373160998316,1.78118011547686,1.59323982858838,2.74807035113981,22,55
0.692,1000,55,564.55573154788,-1476.49302184409,564.55573154788,13498.6850437971,13719.6373606259,14532.0285648935,59.9477329238922,38.1719752235176,47.7811276180726,-334.601182435654,-44.5275290236613,1.49011611938477e-08,1.49011611938477e-08,1.88944325530328,2.01099493335102,2.08285543072468,2.13940030345597,22,55
0.693,1000,55,518.715033814887,337.407309415935,518.715033814887,13282.4112708838,14128.0783123744,14282.405936991,59.8246871008622,33.5275338023771,46.1464823297136,-390.019597632066,28.4968773266199,1.49011611938477e-08,1.49011611938477e-08,1.94199967012613,2.0769805775211,2.88728827773109,1.92032833514337,22,55
0.694,1000,55,491.297258904142,457.033125540147,491.297258904142,13579.4117451988,14228.9750261306,13835.8048779882,60.6913450273737,32.1605966745016,44.1183053426997,-571.759410676466,-8.27749505818954,1.49011611938477e-08,1.49011611938477e-08,1.95416036446293,1.84046063048195,1.96591842723342,2.04904855220494,22,55
0.695,1000,55,477.411595150295,488.282841948564,477.411595150295,14021.5557281856,13885.6030679238,13773.8166681692,61.5569898900441,35.423047033059,41.9623063806037,-742.45146744437,-213.507542872174,1.49011611938477e-08,1.49011611938477e-08,1.87481818850796,1.6025183384103,0.498647159064137,2.59874821681266,22,55
0.696,1000,55,480.601309793613,482.342565209388,480.601309793613,14072.2121346359,13516.586671752,14181.876696052,61.2529656621068,40.7432918415234,40.0344101465767,-748.84194398442,-449.695540013653,1.49011611938477e-08,1.49011611938477e-08,1.79402486805619,1.5673864648828,1.49011611938477e-08,2.66000628775337,22,55
0.697,1000,55,460.741123279235,508.001909594857,460.741123279235,13699.4549837152,13591.9667115623,14542.6430898407,59.5299402818547,45.3282892123913,38.2629034851636,-636.873737552809,-576.639678218941,1.49011611938477e-08,1.49011611938477e-08,1.85520075935543,1.63973798813509,1.49011611938477e-08,2.19841799742524,22,55
0.698,1000,55,407.42767004592,526.856950516496,407.42767004592,13391.7884945599,14012.8110214474,14416.2361099407,57.5015891714076,48.2327864324568,37.4858621248871,-532.196573147095,-548.791924483036,1.49011611938477e-08,1.49011611938477e-08,1.93099267578037,1.60495358147997,1.49011611938477e-08,2.61792860211103,22,55
0.699,1000,55,314.1401294483,531.419251142779,314.1401294483,13568.6723699056,14239.7681368179,13970.6544124111,56.7974345624746,49.5054975497588,38.5691395479106,-486.493381050642,-417.744013793553,1.49011611938477e-08,1.49011611938477e-08,1.95359363167932,1.3919674026296,1.49011611938477e-08,6.88929122030729,22,55
0.7,1000,55,249.425692225155,533.39247521756,249.425692225155,14002.5030355123,13989.2344310464,13766.9649043302,57.6875692229245,49.4515826692314,41.1462103409879,-486.752746673571,-260.606159689131,1.49011611938477e-08,1.49011611938477e-08,1.89410176389773,1.24308777454872,0.433815058916693,8.66625617121104,22,55
0.701,1000,55,342.960170488828,530.537512955289,342.960170488828,14159.5658362248,13574.2345795107,14070.4500099299,58.7235542188413,48.4183939168359,44.3686097476565,-467.893885169736,-166.7544565533,1.49011611938477e-08,1.49011611938477e-08,1.78627328179159,1.38224728328439,0.981371267395066,3.80104009233015,22,55
0.702,1000,55,596.003629499847,-119.02559905203,596.003629499847,13880.8148022824,13527.9796074188,14504.9711041822,57.2673126690151,46.6041008589674,46.5436474213969,-384.240718170429,-141.987520894115,1.49011611938477e-08,1.49011611938477e-08,1.81964856169733,1.80032321659171,1.5970430849783,3.65276810321144,22,55
0.703,1000,55,598.790019256718,535.532184210129,598.790019256718,13536.3521119136,13909.6632259341,14546.4788484032,52.1273591441057,44.6176410668774,46.4430589149062,-307.565581944571,-137.104054908659,1.49011611938477e-08,1.49011611938477e-08,1.91445810590155,2.25522690901075,2.16469706336402,4.55512896494664,22,55
0.704,1000,55,579.717853315884,-3790.22805288089,579.717853315884,13598.6585978662,14218.8080997087,14181.5013961322,44.4761436470598,43.280712030067,44.4511960308916,-343.896465264961,-88.7800286993185,1.49011611938477e-08,1.49011611938477e-08,1.95731767956137,1.98462686586327,2.06571812238639,4.60354688271039,22,55
0.705,1000,55,514.438286958368,360.761902773051,514.438286958368,13987.8093925095,14063.2000733297,13887.1384043665,39.0196684634527,43.3225409822057,42.2967274290513,-532.143498024025,3.75425892949942,1.49011611938477e-08,1.49011611938477e-08,1.92715606653441,0.895235019937718,1.22161614162044,2.41064272936571,22,55
0.706,1000,55,331.023744795438,530.876803754085,331.023744795438,14203.8964993249,13628.5096175158,14064.8161921884,41.4134495369094,44.831717501475,42.1001510098423,-750.096336575909,48.6573858899312,1.49011611938477e-08,1.49011611938477e-08,1.81050455125389,1.49011611938477e-08,0.551702129671741,1.36670854243234,22,55
0.707,1000,55,186.499578343236,535.256302593102,186.499578343236,13986.3876945882,13458.2386081777,14492.1812245002,48.4540987722488,46.8842477362662,43.5497112128135,-856.844757895987,12.2188240600067,1.49011611938477e-08,1.49011611938477e-08,1.80276174938956,1.49011611938477e-08,1.49011611938477e-08,1.49490513201416,22,55
0.708,1000,55,313.482850315941,531.48319878071,313.482850315941,13535.9081653324,13778.7921586967,14558.457381984,55.5124309723309,48.5403157711026,45.7915864054462,-843.235980243917,-51.5700205582463,1.49011611938477e-08,1.49011611938477e-08,1.89669251029966,0.519854107640996,1.49011611938477e-08,2.06819435554102,22,55
0.709,1000,55,598.92065076685,-9717.36793035167,598.92065076685,13469.0633866217,14182.7155297473,14199.8517384202,60.700243041424,49.4893990930357,48.051587459072,-777.604877934883,-152.932885347533,1.49011611938477e-08,1.49011611938477e-08,1.94721285773017,0.909213704580544,1.49011611938477e-08,3.00964569040379,22,55
0.71,1000,55,595.157484508202,-8233.72391895981,595.157484508202,13828.2830056487,14177.8812640324,13837.8261364091,62.0851227738596,49.2436279206462,48.8998539296275,-650.513065573452,-257.356466541984,1.49011611938477e-08,1.49011611938477e-08,1.93914631474007,1.28178471565484,0.412577013926926,4.06479778790165,22,55
0.711,1000,55,555.036751410085,-431.085427369882,555.036751410085,14090.2710545226,13793.330747032,13907.360324736,61.2088399037567,47.2993031505133,48.8911680308992,-505.601965472172,-254.441718106835,1.49011611938477e-08,1.49011611938477e-08,1.84446992680361,1.56692930039128,0.993554773659944,3.80820558454396,22,55
0.712,1000,55,584.372012208984,-4773.4429457712,584.372012208984,13918.6795910113,13530.1566368802,14317.798129921,60.4145114139241,43.2527929419877,48.7047964949087,-395.392660904798,-140.534976012775,1.49011611938477e-08,1.49011611938477e-08,1.81619678671668,1.76266481917607,1.62784135799622,2.59029995674949,22,55
0.713,1000,55,566.962597498102,-1758.74290022328,566.962597498102,13474.3679161996,13742.0494295784,14531.0557713048,59.6299446186385,38.0389712887142,47.5807666155339,-340.118624105388,-27.4939164799479,1.49011611938477e-08,1.49011611938477e-08,1.89414461516768,1.97935212201953,2.10500405850986,2.02565721590246,22,55
0.714,1000,55,521.174557726932,320.567217044966,521.174557726932,13285.2000560295,14147.1156795839,14257.0702133441,59.5203737353841,33.5329255487502,45.9054816481284,-405.042433590431,37.8957435407107,1.49011611938477e-08,1.49011611938477e-08,1.94358640169599,2.02697892113777,2.97037326929313,1.8434410132245,22,55
0.715,1000,55,480.320646096829,483.21939429502,480.320646096829,13604.4334186472,14219.3164706535,13817.267913713,60.3545857261991,32.5351284620599,43.8712531898949,-592.228879305098,-15.1557053839619,1.49011611938477e-08,1.49011611938477e-08,1.95338487081693,1.79344488451789,1.83899832534654,2.0166436062834,22,55
0.716,1000,55,476.448288367592,488.711933915417,476.448288367592,14034.4789346097,13857.8044808703,13785.916644581,61.170369510091,36.2112302029881,41.7939944157202,-752.49948040512,-221.797996298246,1.49011611938477e-08,1.49011611938477e-08,1.86837422602098,1.57209942829003,0.433312332704135,2.58425121089639,22,55
0.717,1000,55,470.242515823602,498.263668763717,470.242515823602,14055.0757551866,13503.7448164523,14207.4834489624,60.7916376197127,41.6531439842771,40.0057345044902,-752.869426154336,-469.994475405617,1.49011611938477e-08,1.49011611938477e-08,1.7945763544817,1.54879621220944,1.49011611938477e-08,2.570156573325,22,55
0.718,1000,55,444.388191923915,518.269886109692,444.388191923915,13669.7575228615,13607.8553269615,14548.1192792609,59.030006325147,46.2484315603572,38.3009478249201,-637.883399710732,-588.06514198913,1.49011611938477e-08,1.49011611938477e-08,1.86086309089352,1.61956174564495,1.49011611938477e-08,2.13411607878217,22,55
0.719,1000,55,385.604808318387,528.632688357754,385.604808318387,13382.4223775068,14032.9583315362,14391.0753181583,57.0651536807719,49.1234965056718,37.657330804195,-535.791625148187,-552.275384960986,1.49011611938477e-08,1.49011611938477e-08,1.93342718176167,1.57545487219778,1.49011611938477e-08,2.61665821723565,22,55
0.72,1000,55,294.66661456226,532.017219364198,294.66661456226,13586.6170148382,14234.4905529547,13942.5915723843,56.4368710251272,50.3624756171012,38.8040040748958,-491.24020293374,-418.713586614867,1.49011611938477e-08,1.49011611938477e-08,1.95328044005589,1.3661766596984,1.49011611938477e-08,7.07269751828144,22,55
0.721,1000,55,239.637899138248,533.68571946642,239.637899138248,14019.2450035422,13962.9003085012,13766.4398199073,57.313120622236,50.2746832971291,41.3862772169518,-488.387835122131,-271.589776723194,1.49011611938477e-08,1.49011611938477e-08,1.88720627779989,1.23755996016523,0.471589253733373,8.5298369633879,22,55
0.722,1000,55,363.000841510562,529.802777347149,363.000841510562,14149.7503063315,13555.2182478121,14092.096679635,58.151929699988,49.204175147798,44.5221916607707,-461.26615291542,-176.173895791962,1.49011611938477e-08,1.49011611938477e-08,1.78378379582417,1.39720221890192,1.02136399264489,3.8886212997144,22,55
0.723,1000,55,596.609486330961,533.81284528034,596.609486330961,13852.9305726382,13537.5870479192,14514.7758135632,56.3444223322415,47.3764337990409,46.5090277133334,-373.040440669499,-153.644230483179,1.49011611938477e-08,1.49011611938477e-08,1.82529239735205,1.82470307773763,1.64416283614785,3.80472991028235,22,55
0.724,1000,55,597.060332297517,534.603137256797,597.060332297517,13522.9523932593,13931.2915934288,14529.4511802406,50.839689224623,45.4318825974214,46.2569749822786,-302.247160886364,-145.547161023989,1.49011611938477e-08,1.49011611938477e-08,1.9184265031715,2.25523901750409,2.20078411756182,4.75472308630877,22,55
0.725,1000,55,576.047334728472,525.048676471728,576.047334728472,13611.8131417291,14219.4154462094,14151.4505952371,43.0086358269341,44.1927273093261,44.224181450323,-352.128405009497,-91.758613024547,1.49011611938477e-08,1.49011611938477e-08,1.95817185439367,1.89758162753028,2.02455250161052,4.6477665040913,22,55
0.726,1000,55,500.098326193769,427.52709116622,500.098326193769,14006.6519793199,14039.2842979407,13876.9299333871,38.0409951684651,44.3809368700701,42.2384275135955,-539.466281529616,-4.48560080823991,1.49011611938477e-08,1.49011611938477e-08,1.92147699555578,0.801491297635987,1.1629120110171,2.33924031489694,22,55
0.727,1000,55,288.947554522805,532.158667053205,288.947554522805,14200.3280612585,13603.6839679472,14080.8922163226,41.2287857184999,46.0186555829349,42.2348003479193,-767.254270555963,35.689159610956,1.49011611938477e-08,1.49011611938477e-08,1.805351144294,1.49011611938477e-08,0.497492313166407,1.37703195066644,22,55
0.728,1000,55,188.4703253655,535.218314019163,188.4703253655,13961.9424964185,13460.8717713891,14504.6819679713,48.6186394493006,48.0983546094436,43.7398637111404,-862.473881844533,-7.04637455297931,1.49011611938477e-08,1.49011611938477e-08,1.80666200499142,1.49011611938477e-08,1.49011611938477e-08,1.58446256805137,22,55
0.729,1000,55,330.21332609339,530.981877315266,330.21332609339,13517.897335127,13801.6878482896,14544.7365254866,55.765258553313,49.7488658484036,45.9619562040831,-842.658709734442,-74.4690103159962,1.49011611938477e-08,1.49011611938477e-08,1.90101091389998,0.535334810765637,1.49011611938477e-08,2.23022348301564,22,55
0.73,1000,55,604.482614075925,538.630227119112,604.482614075925,13480.0345082981,14191.10783518,14170.2453395097,60.8678594806284,50.6536936844735,48.1521022961547,-770.986399966036,-178.243646449291,1.49011611938477e-08,1.49011611938477e-08,1.94848007404231,0.928018648553873,1.49011611938477e-08,3.27769034801139,22,55
0.731,1000,55,594.016317573898,533.234919821326,594.016317573898,13851.2591804933,14160.1301625346,13824.5440244873,62.1581237291661,50.3382484482159,48.9255378788978,-646.3107829003,-273.254918940307,1.49011611938477e-08,1.49011611938477e-08,1.93560600667796,1.29898753523894,0.409468292175655,4.37518257252033,22,55
0.732,1000,55,550.912331906822,210.498924971919,550.912331906822,14094.3874067295,13770.9558724344,13921.0923971388,61.2914814487795,48.1860793387433,48.861636198279,-491.969845453468,-257.103987515982,1.49011611938477e-08,1.49011611938477e-08,1.83925845919373,1.57890211901929,1.01726398038458,3.8832509300193,22,55
0.733,1000,55,582.371781081452,-4299.80661483323,582.371781081452,13898.0954789457,13527.9528795244,14339.650612948,60.5402004862159,43.9607071326835,48.5447147333157,-383.965306896255,-135.122731726671,1.49011611938477e-08,1.49011611938477e-08,1.81859201168874,1.7768236320155,1.66032866352406,2.57553525002359,22,55
0.734,1000,55,564.440295805615,-1464.88432103158,564.440295805615,13452.6784498988,13764.0332105949,14527.6619972963,59.7866683916672,38.661471600021,47.2919780764148,-335.511621893699,-21.4066812607339,1.49011611938477e-08,1.49011611938477e-08,1.89833859540513,1.99154666058042,2.13172195926282,2.00665723024376,22,55
0.735,1000,55,521.308220721847,320.766275953497,521.308220721847,13291.5666799977,14161.190195649,14231.1983188113,59.7302099730183,34.2173122794608,45.5330026391606,-410.751065730712,39.9460739535005,1.49011611938477e-08,1.49011611938477e-08,1.94489751140923,2.02401528644456,3.06936266464605,1.8362257651484,22,55
0.736,1000,55,493.365035867737,452.500336443916,493.365035867737,13632.5889173509,14206.8953064215,13802.4089374688,60.6053761927538,33.3028897221544,43.4551803658027,-593.324425189188,-13.9949112081764,1.49011611938477e-08,1.49011611938477e-08,1.95188825905638,1.7736445279366,1.7425681554056,2.02413876699616,22,55
0.737,1000,55,478.468698946761,486.41567121101,478.468698946761,14051.729794387,13832.6653724503,13803.9753164863,61.387710293116,36.8722228943769,41.3955115366591,-757.397774246547,-232.642193343445,1.49011611938477e-08,1.49011611938477e-08,1.86131004872467,1.55506886822658,0.364951825791009,2.5998770920573,22,55
0.738,1000,55,472.675759546755,495.056812305666,472.675759546755,14043.0967054425,13496.03550846,14237.4875908465,60.9944627293412,42.146184702342,39.6372519052266,-749.28082854085,-474.780442156274,1.49011611938477e-08,1.49011611938477e-08,1.79513886210782,1.53372516955771,1.49011611938477e-08,2.57028422165535,22,55
0.739,1000,55,446.479243275716,517.292947580874,446.479243275716,13646.5925334494,13628.3113628466,14555.6238277635,59.292999848334,46.5450750335557,38.071982135133,-634.284445121743,-580.846483784253,1.49011611938477e-08,1.49011611938477e-08,1.86639237620534,1.59782352778127,1.49011611938477e-08,2.18359894415004,22,55
0.74,1000,55,385.933789129,528.611163614663,385.933789129,13380.9311011381,14056.0518580039,14371.8157681207,57.5258301595835,49.2592828266388,37.6495477684822,-537.326436470579,-536.825417681258,1.49011611938477e-08,1.49011611938477e-08,1.93568042475338,1.54459291880921,1.49011611938477e-08,2.80229725760372,22,55
0.741,1000,55,288.865223088632,532.177816090247,288.865223088632,13610.8085202572,14233.0534686436,13923.8650059689,57.0977375853869,50.3682650619437,39.0035824922646,-497.463865033361,-407.72372043268,1.49011611938477e-08,1.49011611938477e-08,1.95283324604451,1.34440967713932,1.49011611938477e-08,8.65238703400405,22,55
0.742,1000,55,239.053499712261,533.696504575966,239.053499712261,14039.0265014338,13939.3927419812,13776.3858068653,58.0433175940721,50.1640031624496,41.6983638740738,-492.685298086907,-255.841339519015,1.49011611938477e-08,1.49011611938477e-08,1.88024232904502,1.24344301773875,0.478201387587729,7.24174244592483,22,55
0.743,1000,55,361.814273307587,529.851424693319,361.814273307587,14143.7944585305,13542.4322323683,14121.9309910645,58.7573827793952,48.9703130884127,44.8839942462447,-459.095955362019,-166.126199101309,1.49011611938477e-08,1.49011611938477e-08,1.78223661358132,1.42690504624784,1.04821747923379,3.70049032978559,22,55
0.744,1000,55,603.123322624325,537.876784151263,603.123322624325,13830.785991735,13554.632809263,14532.0339014691,56.6476003445295,47.0074074943259,46.8292406066474,-366.114453799573,-146.096761276498,1.49011611938477e-08,1.49011611938477e-08,1.83115414723827,1.87009729707082,1.68828820435895,3.71187838582469,22,55
0.745,1000,55,597.280035923715,534.736119586594,597.280035923715,13514.1243955021,13957.7827907557,14515.7855379758,50.9126229865152,44.9875428485871,46.5332831607065,-299.601801674042,-137.101052542682,1.49011611938477e-08,1.49011611938477e-08,1.9223150559672,2.29007963111212,2.24657229045147,4.61873974399003,22,55
0.746,1000,55,575.584802213062,524.560801624718,575.584802213062,13629.1643595557,14225.764798672,14129.1354948999,42.9981199422141,43.7475403031834,44.4892607600667,-352.443745011264,-84.9153377756301,1.49011611938477e-08,1.49011611938477e-08,1.95912177278312,1.87071288654255,2.01333648745666,4.38195507270641,22,55
0.747,1000,55,498.962955040762,431.613250797503,498.962955040762,14026.770474595,14019.8401622651,13876.0113394839,38.2804575744039,43.9940246821245,42.5969412543741,-553.402176179796,4.2863280703641,1.49011611938477e-08,1.49011611938477e-08,1.9160590568028,0.773894292862197,1.12378787419344,2.2236308175689,22,55
0.748,1000,55,304.513562254647,531.684661514414,304.513562254647,14197.0317130535,13586.2290902445,14104.977248441,41.7015978350513,45.678901797902,42.6794791628243,-777.100290327274,37.8024795027528,1.49011611938477e-08,1.49011611938477e-08,1.80159664834316,1.49011611938477e-08,0.457282424731023,1.36164641522597,22,55
0.749,1000,55,198.642497521232,534.915188793153,198.642497521232,13939.0491214882,13472.2141123498,14525.8003243779,48.9364867863738,47.7700934769735,44.0980937546466,-860.823152030789,-10.2978887157461,1.49011611938477e-08,1.49011611938477e-08,1.81139070379117,0.106319585535336,1.49011611938477e-08,1.61094918924464,22,55
0.75,1000,55,350.124458658401,530.284440614474,350.124458658401,13503.0306765089,13830.9576446318,14536.154513806,55.9348686637645,49.4245189825749,46.2509250682824,-836.641763800163,-77.9122314229728,1.49011611938477e-08,1.49011611938477e-08,1.90546170292988,0.569406877175177,1.49011611938477e-08,2.26067452234721,22,55
0.751,1000,55,608.668767175169,-15894.4197430796,608.668767175169,13494.1014807776,14207.5458579189,14150.1642334091,60.6965733907985,50.3213889503717,48.1926414874082,-765.830255674557,-174.246736646645,1.49011611938477e-08,1.49011611938477e-08,1.94972197246223,0.954121779727028,1.49011611938477e-08,3.27156049873772,22,55
0.752,1000,55,591.317607788131,-6819.98589522011,591.317607788131,13873.6529347012,14147.0753502491,13821.2370522365,61.6929737403128,49.9305289505711,48.7867474803823,-633.717397129442,-264.975158502742,1.49011611938477e-08,1.49011611938477e-08,1.93202649623947,1.31204602385032,0.446426414684555,4.20237257818765,22,55
0.753,1000,55,543.612602372556,127.728383795745,543.612602372556,14091.5079662002,13747.9396417155,13942.1291100793,60.780536748385,47.7518369787334,48.7385282318215,-485.226348616577,-236.946085996534,1.49011611938477e-08,1.49011611938477e-08,1.83455789848398,1.57266403210084,1.05381828348561,3.57873259177169,22,55
0.754,1000,55,585.126177632721,529.913921308603,585.126177632721,13878.5112112985,13530.312318828,14365.9148118517,60.0359516453215,43.5118738478966,48.4291087195936,-381.117495147102,-113.29201419228,1.49011611938477e-08,1.49011611938477e-08,1.8218143606326,1.7679093300956,1.68966263416374,2.40250696963342,22,55
0.755,1000,55,565.013099540479,485.127615062011,565.013099540479,13433.9945416058,13789.4368856915,14527.4723890962,59.3171841830921,38.2887837792281,47.1666279312568,-340.112558750746,-1.89552377891428,1.49011611938477e-08,1.49011611938477e-08,1.90267560516813,1.97254760486713,2.14391387572889,1.89581802493344,22,55
0.756,1000,55,513.429399482808,367.388513133138,513.429399482808,13300.8553812505,14180.230820131,14209.548893368,59.3456540738593,34.1035133228053,45.3762751214355,-417.581595468468,52.7408356855945,1.49011611938477e-08,1.49011611938477e-08,1.94629550669291,1.98221297057471,3.1618205575863,1.75782644509984,22,55
0.757,1000,55,477.978784643127,486.588856044477,477.978784643127,13659.7032725869,14196.3289888983,13790.9235833539,60.3002268835007,33.6664822559056,43.2616829169256,-613.6066402831,-12.5591341409434,1.49011611938477e-08,1.49011611938477e-08,1.95033039818452,1.72449559696678,1.63393233911146,1.97439393440006,22,55
0.758,1000,55,467.775199329608,500.651341797635,467.775199329608,14062.902357901,13807.5549626096,13822.9624602594,61.1401807306668,37.6850364706336,41.1535735110953,-773.555252842325,-240.312825923019,1.49011611938477e-08,1.49011611938477e-08,1.85517281601045,1.51124259585301,0.306329436180122,2.5644136615481,22,55
0.759,1000,55,470.178952209641,498.362756315316,470.178952209641,14025.2188124814,13489.1018282884,14266.6061495476,60.7380127031508,43.0988216591305,39.3089446309392,-757.086077839186,-478.20891213419,1.49011611938477e-08,1.49011611938477e-08,1.79681100658526,1.49162347516004,1.49011611938477e-08,2.54905384027022,22,55
0.76,1000,55,451.684833173516,514.511787572515,451.684833173516,13621.2036872795,13649.1598318104,14563.5963114262,58.9913052930496,47.5286706574144,37.5602769330707,-639.404135916471,-576.239127850166,1.49011611938477e-08,1.49011611938477e-08,1.87197516874981,1.54489812250385,1.49011611938477e-08,2.19953761455933,22,55
0.761,1000,55,393.690256063028,528.136924883549,393.690256063028,13379.2848339239,14077.1975653905,14353.7310093425,57.2057558668282,50.2307357784664,37.0429500958526,-546.507079245606,-530.479646209084,1.49011611938477e-08,1.49011611938477e-08,1.93787445883258,1.47081776005733,1.49011611938477e-08,2.92894286535612,22,55
0.762,1000,55,296.165745273029,531.970100279826,296.165745273029,13633.0128911789,14227.5371547768,13908.2710369996,56.7934573609409,51.3159029201252,38.4193774815873,-503.847451797812,-391.024686949917,1.49011611938477e-08,1.49011611938477e-08,1.95229123567099,1.26324549317017,1.49011611938477e-08,10.6975427753599,22,55
0.763,1000,55,252.950568508571,533.298550856591,252.950568508571,14054.4866937341,13914.7645976789,13789.6691010294,57.772635073424,51.0878050800318,41.2588025044615,-498.973401374279,-236.776268453179,1.49011611938477e-08,1.49011611938477e-08,1.87389714549519,1.17776486116368,0.527787339251619,5.91313047282574,22,55
0.764,1000,55,393.948117508481,528.170106384997,393.948117508481,14131.9997472727,13528.5808602607,14154.3864935701,58.4319472497788,49.8795402975954,44.5335280031043,-462.079327180579,-149.204817063462,1.49011611938477e-08,1.49011611938477e-08,1.78174557949485,1.37764139188239,1.10163766523467,3.32033617950722,22,55
0.765,1000,55,603.94470580042,-12511.7650886936,603.94470580042,13804.1902696839,13569.6708981911,14550.3624544102,56.1848942905397,47.9398284777172,46.4262283425112,-368.485795302912,-130.750367559994,1.49011611938477e-08,1.49011611938477e-08,1.83752252782424,1.81615919293611,1.75369811599016,3.37972808806204,22,55
0.766,1000,55,596.165929148471,-8629.76110229367,596.165929148471,13505.1060825019,13981.1069390474,14506.9316520924,50.3371601383139,45.9850850618514,46.0717350364271,-309.151445827827,-120.454335029159,1.49011611938477e-08,1.49011611938477e-08,1.92601421950564,2.19045531341585,2.3093028939072,4.09451185961367,22,55
0.767,1000,55,572.802405428408,-2592.69455128591,572.802405428408,13646.0200927404,14225.1643895252,14110.5117707292,42.538622277406,44.8168405117087,44.0869254415967,-373.421155357855,-63.1597917980486,1.49011611938477e-08,1.49011611938477e-08,1.95968830336789,1.71327890284031,2.0102247795093,3.67061224425133,22,55
0.768,1000,55,487.439223150685,466.212253105817,487.439223150685,14045.2440446146,13995.2695339996,13879.8917317325,38.5217825019311,45.1416984551492,42.454066269152,-582.969553416644,20.7979886543763,1.49011611938477e-08,1.49011611938477e-08,1.91005418802129,0.682138157397535,1.09983926408921,1.92017170058858,22,55
0.769,1000,55,269.199332343035,532.774674733973,269.199332343035,14191.1097836495,13564.8371408423,14132.5197461995,42.5070540865282,46.8758977465568,42.7291118213045,-801.069987984858,41.9027050480762,1.49011611938477e-08,1.49011611938477e-08,1.79805155183524,1.49011611938477e-08,0.433367051960363,1.28060113970748,22,55
0.77,1000,55,190.34764078917,535.160977605148,190.34764078917,13911.6719823411,13479.5572818951,14543.5000608704,49.82743926247,48.9421158562391,44.1644411305673,-872.244704264845,-13.3964219483999,1.49011611938477e-08,1.49011611938477e-08,1.8166077669972,0.0996201532068068,1.49011611938477e-08,1.60817224637675,22,55
0.771,1000,55,375.342186402326,529.26352882085,375.342186402326,13483.2393831174,13855.2711259708,14524.8659103459,56.8382454545343,50.5484862768166,46.3887401335489,-847.936438796443,-79.2772945292073,1.49011611938477e-08,1.49011611938477e-08,1.90987660636094,0.568178364437655,1.49011611938477e-08,2.26728759424713,22,55
0.772,1000,55,606.973460186143,-14563.867482738,606.973460186143,13502.8692343767,14213.4774603769,14124.2488374152,61.4423460811638,51.3476005013058,48.3378917165792,-770.525639192226,-183.788748712487,1.49011611938477e-08,1.49011611938477e-08,1.9509292325653,0.952441515980166,1.49011611938477e-08,3.29227591868535,22,55
0.773,1000,55,590.549053546027,-6566.17740020729,590.549053546027,13890.6210300057,14127.9339373413,13814.6736868971,62.2822645834511,50.8329640595843,48.9107661052055,-633.051658372407,-272.858577555033,1.49011611938477e-08,1.49011611938477e-08,1.92838536866643,1.30846014218847,0.480248705797641,4.1949999507645,22,55
0.774,1000,55,538.910381968486,177.017368316187,538.910381968486,14087.6149927138,13726.1215120411,13960.3803830932,61.2821993155417,48.4126223390523,48.8470945667004,-480.684939711816,-236.353768878146,1.49011611938477e-08,1.49011611938477e-08,1.83070512153927,1.5712051645982,1.09719462436629,3.51037877174856,22,55
0.775,1000,55,583.055392846367,-4471.12808979994,583.055392846367,13851.9925628692,13531.2889073008,14386.3538467081,60.4385788780296,43.9780875831949,48.5074706680838,-374.206594561728,-111.556304216003,1.49011611938477e-08,1.49011611938477e-08,1.8255230518714,1.78140235148374,1.73093813899739,2.38897767099647,22,55
0.776,1000,55,560.401161314384,-993.996218650531,560.401161314384,13410.430386577,13812.0338701549,14521.3348330909,59.6506929033778,38.6306355011887,47.2658986119459,-336.332410343624,-6.27884851969409,1.49011611938477e-08,1.49011611938477e-08,1.90684696622066,1.99345294557429,2.17374523189094,1.90937442772959,22,55
0.777,1000,55,517.778725905272,343.963570397232,517.778725905272,13306.8038374069,14190.5892047487,14181.0878389904,59.6882958647114,34.4694912755836,45.5202481602904,-424.245437860027,49.0642746406712,1.49011611938477e-08,1.49011611938477e-08,1.94761615534634,1.99256563197683,3.26118627287503,1.79029758379226,22,55
0.778,1000,55,491.678475137278,456.027958300972,491.678475137278,13686.0199311497,14180.5143230066,13776.1351655673,60.6590704330989,34.1213290847273,43.4349694325701,-626.195175668,-25.7912102985282,1.49011611938477e-08,1.49011611938477e-08,1.94816097422069,1.7221575935868,1.53098321927423,2.02961438764815,22,55
0.779,1000,55,478.783385094364,485.852541801604,478.783385094364,14076.0953848843,13781.7603902148,13840.2142978066,61.4119729009597,38.0775664465973,41.338868678369,-776.619687996064,-261.229353569251,1.49011611938477e-08,1.49011611938477e-08,1.84816635123609,1.51932388058291,0.206546042408387,2.61678941611815,22,55
0.78,1000,55,472.049125157869,495.903382118649,472.049125157869,14010.0111610535,13483.7505795194,14291.7268167712,60.89767217651,43.3693776959128,39.4581808060638,-749.096692468231,-495.025174000632,1.49011611938477e-08,1.49011611938477e-08,1.79813005865198,1.5112619746278,1.49011611938477e-08,2.50438040030954,22,55
0.781,1000,55,444.371757245526,518.260234912313,444.371757245526,13598.313574042,13670.5596168154,14563.1901032325,59.1095890043166,47.6383961311331,37.7776681137743,-636.232201974542,-581.700332664959,1.49011611938477e-08,1.49011611938477e-08,1.87716828070172,1.56566820229919,1.49011611938477e-08,2.17341406478868,22,55
0.782,1000,55,380.476955531122,528.921625037307,380.476955531122,13380.9721533702,14097.0084138114,14326.6814644639,57.4255862591553,50.2034334801728,37.4298575946463,-541.67675993002,-528.5885786407,1.49011611938477e-08,1.49011611938477e-08,1.93975634866679,1.48627998465306,1.49011611938477e-08,2.98357472920199,22,55
0.783,1000,55,283.618857866743,532.350050992754,283.618857866743,13658.5426022881,14220.9656271291,13885.3589244747,57.1443096799496,51.1825812807637,38.9403113130013,-502.914914475898,-385.378357813647,1.49011611938477e-08,1.49011611938477e-08,1.95113546992671,1.28111946620075,1.49011611938477e-08,11.6346142952926,22,55
0.784,1000,55,245.43776018864,533.504724828858,245.43776018864,14073.0694781995,13889.2416798684,13796.8431260995,58.1514892594682,50.8715292762872,41.8042921492625,-496.730058967207,-234.591725900698,1.49011611938477e-08,1.49011611938477e-08,1.86626780142575,1.21123390825531,0.539670829285865,5.90549438576387,22,55
0.785,1000,55,394.605228946022,528.149367066801,394.605228946022,14124.3649815705,13517.0191046163,14178.7019824897,58.6736468453369,49.5815801736467,45.0432940558243,-454.000187685663,-152.187658197744,1.49011611938477e-08,1.49011611938477e-08,1.78070498802508,1.42916697168116,1.12394337217319,3.4275210511819,22,55
0.786,1000,55,602.11614592353,-11568.3253502169,602.11614592353,13783.5761175269,13587.7144899573,14558.8381489813,56.1350129559319,47.5534230781025,46.8273330396692,-362.556179518076,-135.818639551793,1.49011611938477e-08,1.49011611938477e-08,1.84311733552173,1.88501696112751,1.78450107147911,3.55768162825143,22,55
0.787,1000,55,595.638858186187,-8426.91929635086,595.638858186187,13501.832309631,14005.1090216618,14486.610526252,50.0340148588972,45.5728565261895,46.3702309087287,-303.853981701072,-123.908356732062,1.49011611938477e-08,1.49011611938477e-08,1.92923476437385,2.25029394175634,2.32129412533779,4.34918132371397,22,55
0.788,1000,55,571.149883422501,-2369.46983972665,571.149883422501,13667.5700412236,14226.706552849,14085.3182132993,42.1616230355297,44.4655596829501,44.3194978445347,-378.324127021776,-63.2330540274982,1.49011611938477e-08,1.49011611938477e-08,1.96003080744659,1.70137170349695,1.95020431967403,3.81745323611384,22,55
0.789,1000,55,481.537305341648,478.829804020832,481.537305341648,14065.6936964407,13973.3812103192,13879.1825409884,38.404817719849,44.9036258658717,42.7016998632892,-593.756964618458,20.3288969641613,1.49011611938477e-08,1.49011611938477e-08,1.90365680184921,0.653609149903017,1.04382713781902,1.94763252610284,22,55
0.79,1000,55,277.519761126185,532.527292410326,277.519761126185,14187.7334673499,13548.7608235842,14155.5395677675,42.6752913047426,46.7237839887091,43.022196385103,-806.451529565538,37.3890846388789,1.49011611938477e-08,1.49011611938477e-08,1.79470671624778,1.49011611938477e-08,0.380865664130733,1.3170877412378,22,55
0.791,1000,55,205.628401268764,534.703604084047,205.628401268764,13889.3613714476,13493.3077780871,14558.9011183407,49.920797883733,48.8304532683083,44.3818346488082,-867.368737982476,-16.6739489704623,1.49011611938477e-08,1.49011611938477e-08,1.82143652448024,0.165283545309046,1.49011611938477e-08,1.66494290787849,22,55
0.792,1000,55,391.330217492399,528.420601357953,391.330217492399,13474.0948808688,13883.5467894901,14511.9957493531,56.834671222393,50.4563063465624,46.53357872421,-838.763492465828,-86.3909115038917,1.49011611938477e-08,1.49011611938477e-08,1.91354901333488,0.598143724446116,1.49011611938477e-08,2.33779703300946,22,55
0.793,1000,55,606.783751935083,541.00845858991,606.783751935083,13522.6088922455,14226.3544395904,14103.2962751825,61.1513548275892,51.2531890058833,48.2529792756215,-756.34695074872,-188.990229160237,1.49011611938477e-08,1.49011611938477e-08,1.95172072120596,0.978637594981399,1.49011611938477e-08,3.35016989094805,22,55
0.794,1000,55,587.778777869089,530.878913145632,587.778777869089,13914.951867186,14111.8796131648,13813.2361937738,61.7625803511679,50.666484986043,48.6818493968098,-615.217005842429,-267.126153539861,1.49011611938477e-08,1.49011611938477e-08,1.92360935967078,1.32727647685898,0.514003243158854,4.11865812252427,22,55
0.795,1000,55,530.951267082733,246.872380410112,530.951267082733,14084.2558903726,13705.018499567,13982.5017982886,60.7678659915109,48.209501929456,48.6494696411841,-468.292842621917,-217.237251939412,1.49011611938477e-08,1.49011611938477e-08,1.82624679627246,1.57498151633877,1.1364791825979,3.28812331301687,22,55
0.796,1000,55,586.12641927971,530.26848929663,586.12641927971,13826.9047302545,13537.1621113806,14405.8359147069,60.0053801484253,43.7550074251819,48.3256398984058,-373.083889445193,-95.2739978009512,1.49011611938477e-08,1.49011611938477e-08,1.82929473218136,1.77525347324911,1.75386626383879,2.22603272149578,22,55
0.797,1000,55,565.198256084117,-1570.53847790999,565.198256084117,13390.6434185677,13838.3895186875,14513.5968029285,59.2835445527472,38.5046443268884,47.0568777551475,-340.478819561231,12.9555944622736,1.49011611938477e-08,1.49011611938477e-08,1.91075253224201,1.97089531015315,2.17301426176231,1.79118412863966,22,55
0.798,1000,55,512.309290635997,374.511694394243,512.309290635997,13316.4074541969,14207.0974389055,14155.5567307652,59.3601973316835,34.6103373099042,45.2574424983281,-437.840567949493,58.5855391282708,1.49011611938477e-08,1.49011611938477e-08,1.94893946176786,1.95225588018823,3.35207611083667,1.70639622132169,22,55
0.799,1000,55,475.151730787266,491.040455190063,475.151730787266,13710.0698017698,14166.5208363546,13764.595862307,60.3009630519296,34.7142913762716,43.1681128463291,-642.104591896845,-33.8870636614579,1.49011611938477e-08,1.49011611938477e-08,1.94588366276046,1.69085369694771,1.46148363274882,1.9865270479546,22,55
0.8,1000,55,462.393100853685,506.825040090404,462.393100853685,14081.9317439051,13756.85804857,13859.1051687284,60.9809924344578,39.0324166500606,41.165591579207,-780.06771361553,-267.547227808424,1.49011611938477e-08,1.49011611938477e-08,1.8423289710199,1.50655318116883,0.152264644423766,2.57653036707476,22,55
0.801,1000,55,457.329733627084,510.855516717887,457.329733627084,13987.1534927295,13480.1906087812,14316.5243150374,60.384615164137,44.4009818756428,39.4034984620831,-750.229603714627,-502.206350130497,1.49011611938477e-08,1.49011611938477e-08,1.80065960863791,1.5093664125142,1.49011611938477e-08,2.4179014701304,22,55
0.802,1000,55,430.365518667682,522.994637843648,430.365518667682,13571.0501905296,13693.1145088451,14562.5745783886,58.5427988819202,48.6521434833487,37.7744085242699,-630.533100614139,-588.130318900416,1.49011611938477e-08,1.49011611938477e-08,1.8824778467636,1.5624615167358,1.49011611938477e-08,2.1292000574026,22,55
0.803,1000,55,370.844280988363,529.398579187387,370.844280988363,13379.4271463953,14116.2511809289,14300.5565625947,56.8866863377047,51.179052896497,37.4782676579279,-537.711094720422,-528.05633248368,1.49011611938477e-08,1.49011611938477e-08,1.94152739297268,1.47535934921732,1.49011611938477e-08,3.0155528512779,22,55
0.804,1000,55,274.038255304296,532.638529540486,274.038255304296,13679.3870219811,14212.5214309258,13864.4040397452,56.64209956058,52.1170405934542,38.9848263763358,-499.028242881912,-382.494505020558,1.49011611938477e-08,1.49011611938477e-08,1.94966074146452,1.27295719389155,1.49011611938477e-08,12.5131176571419,22,55
0.805,1000,55,250.186470961852,533.381300447706,250.186470961852,14084.2789907443,13864.2949635235,13805.5153777193,57.6176037968589,51.7708042019434,41.845241800324,-490.275998428669,-240.012306340535,1.49011611938477e-08,1.49011611938477e-08,1.85914314463265,1.21722520506055,0.587167543762743,5.65739645630979,22,55
0.806,1000,55,413.397404519579,526.382662186992,413.397404519579,14108.90278667,13507.0816784242,14203.6309897978,57.9409220118168,50.4547893734455,45.0023584943652,-444.002423138889,-157.610906004242,1.49011611938477e-08,1.49011611938477e-08,1.78065141351346,1.45091356454424,1.18027480918924,3.4024287107254,22,55
0.807,1000,55,603.973223807957,538.703236235337,603.973223807957,13756.2577902512,13605.9983628297,14566.0059314871,55.1012031718179,48.4293134550802,46.6245568745667,-347.360674301959,-139.80357698229,1.49011611938477e-08,1.49011611938477e-08,1.84909804965814,1.9104675451271,1.85681094955109,3.56631801226986,22,55
0.808,1000,55,594.116599137799,533.241557295475,594.116599137799,13494.5604303039,14026.8786257496,14466.1069835056,48.7294071618428,46.482921159664,46.084316995702,-296.847383316553,-124.063114915639,1.49011611938477e-08,1.49011611938477e-08,1.93234374901057,2.24068853315686,2.39427900729828,4.29728916139865,22,55
0.809,1000,55,566.866062781482,499.922554501111,566.866062781482,13684.7771468181,14222.8964890791,14058.8301638789,40.8480115746424,45.4505016304409,44.0989603206911,-386.083979473918,-59.0960986276176,1.49011611938477e-08,1.49011611938477e-08,1.95992490808045,1.61142666996216,1.93954239749579,3.60213093853903,22,55
0.81,1000,55,466.669741273916,501.600714359633,466.669741273916,14080.621748694,13946.5610791873,13877.800970944,37.7480582473067,45.9973020112115,42.7255748175567,-599.220746547485,16.4196013765226,1.49011611938477e-08,1.49011611938477e-08,1.89662000296552,0.572329640679655,1.00281680792386,1.83236058428758,22,55
0.811,1000,55,257.471423723298,533.129442384983,257.471423723298,14178.3166379182,13529.2080044968,14175.9105530743,42.6837117135554,47.8928218154685,43.2064980432443,-812.494114313563,26.4139652487678,1.49011611938477e-08,1.49011611938477e-08,1.79151100383891,1.49011611938477e-08,0.320583305921139,1.33207003794779,22,55
0.812,1000,55,206.14058396555,534.714514753949,206.14058396555,13861.1021185693,13503.3733423519,14566.152441777,50.1325358864689,49.9937059811654,44.5445181030135,-870.233986089248,-35.7985665603792,1.49011611938477e-08,1.49011611938477e-08,1.8265161889942,0.179735841262718,1.49011611938477e-08,1.77034428566854,22,55
0.813,1000,55,415.412820150231,526.058021062559,415.412820150231,13461.7196706506,13906.8974862388,14493.3829481291,57.0730175079175,51.5912051367007,46.6574876516494,-836.190128650541,-108.997694551227,1.49011611938477e-08,1.49011611938477e-08,1.91709848367135,0.615078398878756,1.49011611938477e-08,2.52441065339315,22,55
0.814,1000,55,605.841225480145,-13817.9424908591,605.841225480145,13538.6880097875,14228.9047511988,14074.7493190174,61.2420375601305,52.3075975219663,48.2968276016806,-748.316165740753,-212.302440611725,1.49011611938477e-08,1.49011611938477e-08,1.9524041188332,0.995201999611867,1.49011611938477e-08,3.63732649266667,22,55
0.815,1000,55,586.555850634281,-5384.12154587018,586.555850634281,13934.7102713534,14090.9181241157,13807.4651376275,61.7667957256018,51.6068415026334,48.661565120031,-603.029316571772,-281.328533436234,1.49011611938477e-08,1.49011611938477e-08,1.91893664218612,1.33942262043675,0.523506421132234,4.3765981007203,22,55
0.816,1000,55,532.388813429499,241.474358414114,532.388813429499,14079.5770835723,13683.9448305953,13999.1732051678,60.8102668144441,48.9250306429938,48.5699745041766,-462.912814196288,-222.634284856631,1.49011611938477e-08,1.49011611938477e-08,1.82265580640583,1.5809393084655,1.16364189857692,3.31080779195787,22,55
0.817,1000,55,582.623743799032,529.04951062674,582.623743799032,13806.2446948494,13541.3965846479,14423.2482045063,60.0137505322675,44.3252726893887,48.0443769640206,-361.555076659999,-90.268151264478,1.49011611938477e-08,1.49011611938477e-08,1.83282584796876,1.79379454913124,1.78334943136922,2.22854879892486,22,55
0.818,1000,55,557.567446673849,356.389630733467,557.567446673849,13378.7384310856,13861.2176610199,14505.0802553956,59.3182948344466,39.0380316616643,46.6331155783026,-335.837439050728,18.5911978183473,1.49011611938477e-08,1.49011611938477e-08,1.91400557136707,1.99099482819553,2.21736387964183,1.79542474141087,22,55
0.819,1000,55,509.540399384601,387.480553454465,509.540399384601,13335.6008683438,14215.1620793454,14130.4614694971,59.5215287154739,35.3062768176872,44.7575187047466,-445.932711548204,61.6404490359313,1.49011611938477e-08,1.49011611938477e-08,1.94993571795067,1.94705570931127,3.47816751001786,1.7183784792731,22,55
0.82,1000,55,482.885132702521,477.349590700821,482.885132702521,13744.5926791982,14149.3312663987,13759.0764284629,60.6210997742512,35.56097640978,42.6022723033308,-658.376911064204,-35.2566796572647,1.49011611938477e-08,1.49011611938477e-08,1.94250961235507,1.6537748383287,1.33512943539678,2.00318906073729,22,55
0.821,1000,55,477.684629057869,487.736502590305,477.684629057869,14096.1087357154,13732.1002140744,13884.9418332907,61.4277332820541,39.8782162237596,40.5096165715843,-793.82255059827,-267.892839954991,1.49011611938477e-08,1.49011611938477e-08,1.8358701948814,1.45414602430133,1.49011611938477e-08,2.60251982785618,22,55
0.822,1000,55,474.095129170743,493.058606582466,474.095129170743,13972.8916757641,13478.0551396797,14346.2942124553,60.9578927123804,45.1803321044516,38.6102880253624,-760.857215527093,-493.802376811607,1.49011611938477e-08,1.49011611938477e-08,1.80308591836492,1.44005809070382,1.49011611938477e-08,2.4800544316908,22,55
0.823,1000,55,447.281240057103,516.895206345862,447.281240057103,13552.9753658525,13715.9876652166,14566.1560434094,59.2987444000556,49.344524742581,36.9900779353789,-643.43598644592,-569.405256692126,1.49011611938477e-08,1.49011611938477e-08,1.88748389323767,1.46737286666223,1.49011611938477e-08,2.25349599767,22,55
0.824,1000,55,381.252021647917,528.878227624942,381.252021647917,13388.3574202046,14133.8798126817,14282.5639938089,57.8536150684359,51.7890934662121,36.8743978001099,-553.992219405454,-502.710499219172,1.49011611938477e-08,1.49011611938477e-08,1.94324564004623,1.36092887465532,1.49011611938477e-08,3.40366043182864,22,55
0.825,1000,55,283.974570940933,532.338105613197,283.974570940933,13707.8292822805,14203.3207262032,13855.8153722319,57.7659405551842,52.6547974020365,38.6842783950651,-516.96081540048,-353.291053320818,1.49011611938477e-08,1.49011611938477e-08,1.94811306980079,1.17538504506751,1.49011611938477e-08,19.0048786641422,22,55
0.826,1000,55,254.853920284316,533.229733564265,254.853920284316,14100.8234925599,13839.5236040969,13827.7309223712,58.7654058064361,52.2222038789733,41.817810576751,-505.540952376028,-212.364494921305,1.49011611938477e-08,1.49011611938477e-08,1.85259010335745,1.1605715990153,0.604556962583041,4.6145373672725,22,55
0.827,1000,55,426.440814427481,524.218500428839,426.440814427481,14097.6060440892,13499.2413524282,14238.6239030961,58.9610801062271,50.7972912084076,45.1554393578015,-453.308748331449,-133.683043316856,1.49011611938477e-08,1.49011611938477e-08,1.78198844768029,1.4225965617199,1.21902543310271,3.04831528216105,22,55
0.828,1000,55,603.09560000317,-12000.9451744047,603.09560000317,13733.4920704475,13626.845260685,14581.4179890162,55.9473353242378,48.6812974647956,46.8357992315207,-355.009241745154,-117.382387509005,1.49011611938477e-08,1.49011611938477e-08,1.85570027509594,1.8871199732931,1.91551975817702,3.24136828455305,22,55
0.829,1000,55,594.403084868559,-7919.74840669801,594.403084868559,13491.9850751438,14050.3415552608,14454.3701656635,49.4854192414872,46.7177444734505,46.2940524292733,-310.33410175786,-100.73512949193,1.49011611938477e-08,1.49011611938477e-08,1.9355673177342,2.18670671592219,2.44955129881344,3.82719683485544,22,55
0.83,1000,55,565.516757198097,-1598.9516813249,565.516757198097,13705.3499297413,14221.5769851755,14045.240469887,41.7825179776594,45.7364390508503,44.3440603354121,-409.426087659464,-34.9630999333168,1.49011611938477e-08,1.49011611938477e-08,1.96015755414627,1.53618180939628,1.92356600940022,3.13887787087859,22,55
0.831,1000,55,462.489521236981,505.709057175201,462.489521236981,14096.4697369833,13924.299050534,13890.2451944381,39.0440158826812,46.3599018677745,43.0531116042759,-625.930565836316,35.3354510881412,1.49011611938477e-08,1.49011611938477e-08,1.89084533375803,0.551340130242695,0.977988262589313,1.66933180143448,22,55
0.832,1000,55,263.552103431645,532.94670798247,263.552103431645,14168.4090905221,13516.4222245058,14208.7350052566,44.0076257088393,48.3081563236326,43.5558728763335,-831.427677391297,37.3217555287345,1.49011611938477e-08,1.49011611938477e-08,1.79065183924621,1.49011611938477e-08,0.292793399011966,1.26958983328223,22,55
0.833,1000,55,220.317035766649,534.263758621619,220.317035766649,13828.9068257863,13520.6045275162,14583.2969905738,51.193500496486,50.4320169411479,44.7853087246419,-878.14499205838,-28.063330021886,1.49011611938477e-08,1.49011611938477e-08,1.83313634819316,0.208572634733965,1.49011611938477e-08,1.70633506348972,22,55
0.834,1000,55,437.293154737948,521.636230779219,437.293154737948,13446.4937128235,13935.6476182154,14483.0707106147,57.9127906329857,52.0348621616815,46.8211731875539,-842.215737941926,-101.160145196605,1.49011611938477e-08,1.49011611938477e-08,1.92095790841186,0.619858811945563,1.49011611938477e-08,2.39443316062917,22,55
0.835,1000,55,604.50661413042,539.180200615677,604.50661413042,13551.7560215815,14238.6792058145,14059.1609604719,61.7075402865002,52.7154114233582,48.2502387567261,-749.455632438475,-202.671084844734,1.49011611938477e-08,1.49011611938477e-08,1.95315605967138,0.990285284024977,1.49011611938477e-08,3.35483881495997,22,55
0.836,1000,55,583.409841883875,529.430425432002,583.409841883875,13949.5165485658,14072.1339075296,13812.7122460519,61.930725396949,51.9217679222733,48.5167950189919,-607.208441295196,-263.986635089166,1.49011611938477e-08,1.49011611938477e-08,1.91412699957196,1.32569711445755,0.58365691779836,3.89059232831831,22,55
0.837,1000,55,534.285700746798,225.360262351335,534.285700746798,14067.7428791453,13665.3116487898,14026.5676781515,60.8511030192642,49.1894180392125,48.5624154321687,-459.703516773031,-199.44475883135,1.49011611938477e-08,1.49011611938477e-08,1.81993476226465,1.56209134018738,1.22451226200417,2.93167419525949,22,55
0.838,1000,55,584.106963797167,-4772.09972980032,584.106963797167,13774.8946215398,13550.7593737044,14445.3190043748,59.9350587895868,44.5223583279201,48.1651761763184,-358.261477034524,-70.2957293696378,1.49011611938477e-08,1.49011611938477e-08,1.83778287088475,1.78179968482793,1.80342451780533,2.04503349840828,22,55
0.839,1000,55,559.442110365983,-906.469973222673,559.442110365983,13355.8340661484,13888.129731288,14498.699423228,59.1597375548506,39.2606588484678,46.8866801240236,-337.604373732259,33.6904121939704,1.49011611938477e-08,1.49011611938477e-08,1.91786763707253,1.97616787615054,2.18512425721908,1.68769849850405,22,55
0.84,1000,55,509.509590718327,388.160160602639,509.509590718327,13342.2088157682,14227.9870211181,14106.6992791871,59.3236128291802,35.6573748900459,45.0925872718264,-455.479789911193,68.2872571105043,1.49011611938477e-08,1.49011611938477e-08,1.9513270584797,1.92402747482439,3.58006052656493,1.64982422195746,22,55
0.841,1000,55,472.746536083545,495.2361832613,472.746536083545,13763.4782668727,14131.445895992,13750.9212344556,60.3495021484435,36.2207598770109,42.9935188490139,-658.769274636741,-36.6921765199219,1.49011611938477e-08,1.49011611938477e-08,1.93952348536914,1.64485441303633,1.31930617816932,1.98090288960175,22,55
0.842,1000,55,462.096376758915,507.08681143465,462.096376758915,14097.2520206667,13707.8161084919,13905.8280829205,61.0008998745121,40.7119922824801,40.9357993532732,-792.642117659084,-292.736106204105,1.49011611938477e-08,1.49011611938477e-08,1.83026584328739,1.47317016445798,1.49011611938477e-08,2.57936564669712,22,55
0.843,1000,55,456.199950161372,511.675046203592,456.199950161372,13948.5697867682,13478.4547064691,14369.3604931705,60.3152803855607,45.9871409009135,39.0122726377532,-746.432487026159,-516.779169698712,1.49011611938477e-08,1.49011611938477e-08,1.8060383914569,1.48306990624282,1.49011611938477e-08,2.36715419297458,22,55
0.844,1000,55,428.743144244728,523.388167816912,428.743144244728,13528.7055716551,13740.0751603168,14561.5612137392,58.4457721472854,50.0597721970306,37.2805073548145,-625.362381199864,-583.767856110482,1.49011611938477e-08,1.49011611938477e-08,1.8922166327043,1.52037063527199,1.49011611938477e-08,2.14969955678283,22,55
0.845,1000,55,364.593227798158,529.66899189329,364.593227798158,13391.4722648951,14150.5166787718,14253.8794890098,56.9298470151468,52.4078396326918,37.076793137747,-537.655768466508,-509.694244082977,1.49011611938477e-08,1.49011611938477e-08,1.94471478484366,1.4086725974673,1.49011611938477e-08,3.29944387440518,22,55
0.846,1000,55,268.816724962252,532.801759440599,268.816724962252,13730.6335635548,14191.6756756321,13835.9901484341,56.8499776108317,53.1923608028109,38.7607312901384,-503.003828820182,-364.884939410093,1.49011611938477e-08,1.49011611938477e-08,1.94576199699526,1.21239742088637,1.49011611938477e-08,19.4033235841619,22,55
0.847,1000,55,261.005913345293,533.045161628365,261.005913345293,14110.8923843064,13814.0281560315,13837.8545641986,57.8533792530383,52.7078813752064,41.8037058588308,-489.85482165389,-216.379049393686,1.49011611938477e-08,1.49011611938477e-08,1.8450853569012,1.1948962042099,0.645645051025161,4.67682567987505,22,55
0.848,1000,55,448.702341018926,516.876512603663,448.702341018926,14082.2340334856,13492.5177994196,14261.9740266964,57.9145673107537,51.2480934191757,45.0123730454636,-433.542434223043,-140.522554905358,1.49011611938477e-08,1.49011611938477e-08,1.78239764765217,1.46382237908649,1.2668796995313,3.10806746362904,22,55
0.849,1000,55,603.746971351956,-12469.7192546455,603.746971351956,13711.6742710685,13647.3491454185,14585.474497743,54.6015364109236,49.1172897349902,46.4913853728256,-335.427035792786,-124.276158333655,1.49011611938477e-08,1.49011611938477e-08,1.86098294348539,1.93140013742077,1.97262324875619,3.33118382419754,22,55
0.85,1000,55,592.325583059563,-7152.60237942467,592.325583059563,13492.3147448557,14070.3356521873,14431.1861190978,47.8882469580167,47.151399972054,45.8702919360107,-299.900286684432,-103.147122090228,1.49011611938477e-08,1.49011611938477e-08,1.93800789293932,2.19210554219708,2.49590020527011,3.88467838138448,22,55
0.851,1000,55,561.458260027226,-1127.06331398209,561.458260027226,13728.3376605361,14215.1222965745,14020.192767588,40.2418182382617,46.2049506108652,44.0098883044775,-403.502652998033,-37.8479082161037,1.49011611938477e-08,1.49011611938477e-08,1.95915805716441,1.45759513220005,1.89073184137976,3.03893153632244,22,55
0.852,1000,55,447.070556692155,516.683726458088,447.070556692155,14113.1864729852,13897.1154056471,13892.3841779575,38.169582351611,46.8862318739876,42.95192513932,-636.928651892275,32.243645119911,1.49011611938477e-08,1.49011611938477e-08,1.88278624382451,0.469866788204177,0.935070509936892,1.60598019358259,22,55
0.853,1000,55,241.569761354986,533.602540905072,241.569761354986,14160.2030039118,13500.4502938904,14229.5148745064,43.7430795384614,48.8469157667959,43.6142685415486,-836.115909036145,24.610185051285,1.49011611938477e-08,1.49011611938477e-08,1.78780962065896,1.49011611938477e-08,0.22771130454858,1.31636186401018,22,55
0.854,1000,55,227.250603136943,534.083126096217,227.250603136943,13803.3641527883,13534.7690269126,14585.2681954253,51.1106026958789,50.9293510316006,44.8572278390628,-873.086999041205,-45.1965565721306,1.49011611938477e-08,1.49011611938477e-08,1.83809556995751,0.229875963600281,1.49011611938477e-08,1.83408836969169,22,55
0.855,1000,55,447.491809583565,517.397475883263,447.491809583565,13441.4691280585,13958.8859265984,14460.2567539709,57.8518618954218,52.4693149212964,46.9242290129054,-832.634204875788,-121.252798881828,1.49011611938477e-08,1.49011611938477e-08,1.92388469615274,0.644907972184695,1.49011611938477e-08,2.60733067452913,22,55
0.856,1000,55,601.649869589622,537.027954197032,601.649869589622,13574.127580223,14239.2468115294,14030.6004692185,61.5120507637863,53.0553365803727,48.3215683200354,-742.023223325078,-218.782263166279,1.49011611938477e-08,1.49011611938477e-08,1.95337735011388,1.01765738291587,1.49011611938477e-08,3.68339041817006,22,55
0.857,1000,55,581.950791933582,528.889876890812,581.950791933582,13970.224997811,14050.6336460856,13809.9516525067,61.6807962492663,52.1308119865257,48.5407010068349,-591.788174042122,-276.072151998529,1.49011611938477e-08,1.49011611938477e-08,1.9088588806425,1.34903749038147,0.601035634768941,4.18246000792448,22,55
0.858,1000,55,537.66152661921,195.136245416694,537.66152661921,14060.8794284711,13646.0265467134,14043.5400008654,60.70420915295,49.171946835538,48.5049260889227,-448.707272230001,-197.177692444504,1.49011611938477e-08,1.49011611938477e-08,1.81710446391771,1.57575067548689,1.25168169878766,2.98752651608567,22,55
0.859,1000,55,583.460400742341,529.379367990721,583.460400742341,13749.5584306587,13558.5015492519,14455.1942363175,59.8832844349553,44.3828893976113,47.9572822616786,-353.898788058273,-63.4364057960894,1.49011611938477e-08,1.49011611938477e-08,1.84202535180934,1.79078854502521,1.83337177731892,2.0475881995349,22,55
0.86,1000,55,558.76198497961,390.533379453054,558.76198497961,13342.7541522004,13910.9529919704,14481.2372649057,59.1885536225599,39.0996896511989,46.5464147906982,-343.19437638706,38.2137520048898,1.49011611938477e-08,1.49011611938477e-08,1.92087357899463,1.97312054836253,2.25357454857888,1.68832028536678,22,55
0.861,1000,55,506.806801315529,400.387756651819,506.806801315529,13360.6546681146,14234.2004160607,14077.185992243,59.4351620299381,35.6909797819849,44.6753007222762,-462.682568550014,66.5931413215729,1.49011611938477e-08,1.49011611938477e-08,1.95228728702324,1.89968563273312,3.60882815155001,1.66462531155506,22,55
0.862,1000,55,479.247221286974,484.196423421381,479.247221286974,13793.8087000984,14112.9054143108,13744.4734278073,60.5071253056644,36.45429886078,42.5554305346187,-677.827843129511,-48.894841073913,1.49011611938477e-08,1.49011611938477e-08,1.93555138305071,1.61194251020746,1.18179983187452,2.00868047213194,22,55
0.863,1000,55,469.946390011564,497.934276412248,469.946390011564,14104.2729411759,13685.0698432364,13929.5294344577,61.1506880407916,41.0310632506646,40.5563183008163,-802.010314191901,-305.991958455448,1.49011611938477e-08,1.49011611938477e-08,1.82511540437458,1.44354619137461,1.49011611938477e-08,2.58911369635765,22,55
0.864,1000,55,462.59745746419,506.468696222345,462.59745746419,13927.1554160293,13480.0705391154,14392.6210248789,60.4844135830459,46.2744774325009,38.7194378867211,-749.242618825031,-520.003476288971,1.49011611938477e-08,1.49011611938477e-08,1.80985562270397,1.44996888469852,1.49011611938477e-08,2.37052659729978,22,55
0.865,1000,55,428.029103409483,523.550386321385,428.029103409483,13507.1764689119,13764.3352256191,14556.0066005264,58.7388533303069,50.260070549753,37.2297727472788,-630.436509152535,-575.205337351053,1.49011611938477e-08,1.49011611938477e-08,1.89713942840753,1.47511720876935,1.49011611938477e-08,2.23163382097388,22,55
0.866,1000,55,357.164873411082,529.986142224998,357.164873411082,13398.6393419394,14165.6264360153,14227.9793365478,57.4146173578874,52.5185454043765,37.3276442900719,-550.047078301548,-500.707920481463,1.49011611938477e-08,1.49011611938477e-08,1.94617233305752,1.3587100331843,1.49011611938477e-08,3.62619799726329,22,55
0.867,1000,55,265.845977051341,532.882890797394,265.845977051341,13755.6052021397,14178.7117464576,13822.2443072459,57.4751808437725,53.2239726149514,39.2573963401624,-514.845703987018,-348.455216475783,1.49011611938477e-08,1.49011611938477e-08,1.9433174822272,1.18208925792916,1.49011611938477e-08,20.6825775678201,22,55
0.868,1000,55,261.790458887533,533.033498791397,261.790458887533,14121.7342604649,13788.4565316174,13855.1884599377,58.4498089660925,52.6640600447768,42.3801328154505,-498.312957739938,-206.42832047573,1.49011611938477e-08,1.49011611938477e-08,1.83846968874662,1.19396129034559,0.669692027923187,4.37183598224469,22,55
0.869,1000,55,452.1304634936,515.241463456701,452.1304634936,14065.7017272699,13486.5400908108,14288.3874480113,58.2989431751801,51.1356804712806,45.5448601691408,-435.39061207156,-137.717199698669,1.49011611938477e-08,1.49011611938477e-08,1.78438445341802,1.48245520752593,1.29833838486504,3.0789058037126,22,55
0.87,1000,55,603.360143195152,538.282931510574,603.360143195152,13686.4584933935,13668.3435056171,14588.4376699311,54.7656878191174,48.9719796442055,46.9554760864444,-337.19995573592,-123.586259242572,1.49011611938477e-08,1.49011611938477e-08,1.86727032377182,1.95188319386208,2.00725923185801,3.34740736106636,22,55
0.871,1000,55,592.114083306497,532.413848071953,592.114083306497,13489.865421119,14090.0805852995,14409.1812154164,47.8813965568185,47.0441342885751,46.2449386096104,-307.125612269853,-103.439091519416,1.49011611938477e-08,1.49011611938477e-08,1.94081166289745,2.17771052095872,2.48894681324842,3.87836434155719,22,55
0.872,1000,55,559.144407481196,415.743834082594,559.144407481196,13746.9231577935,14207.9473069011,13999.8291295542,40.3189347538323,46.1943486004291,44.3578894609303,-421.917261242022,-34.4717153376214,1.49011611938477e-08,1.49011611938477e-08,1.95869870155575,1.40382107217639,1.81646963964093,2.9680475696243,22,55
0.873,1000,55,436.959536334636,520.882234437107,436.959536334636,14123.7393436357,13871.9294348957,13899.4836819833,38.6213791438109,46.9960857299171,43.3466126524878,-657.142790548122,31.8913235215809,1.49011611938477e-08,1.49011611938477e-08,1.87650078375647,0.442588937160634,0.887721465904537,1.57355557191809,22,55
0.874,1000,55,244.808629770169,533.505323433364,244.808629770169,14145.4092704373,13488.8551386048,14254.5560356394,44.36435497479,49.038350460583,44.0305320798766,-846.781646494665,19.0104616735004,1.49011611938477e-08,1.49011611938477e-08,1.78767269116528,1.49011611938477e-08,0.161525993358864,1.32410614030965,22,55
0.875,1000,55,235.340934125714,533.814084479556,235.340934125714,13772.7860983624,13552.8532677699,14593.9395675525,51.5694602329476,51.1320463423919,45.1893910032299,-873.350639248057,-51.7325447329412,1.49011611938477e-08,1.49011611938477e-08,1.84425989096271,0.273222077855474,1.49011611938477e-08,1.86102820002368,22,55
0.876,1000,55,487.356176107396,471.639765647725,487.356176107396,13433.098335675,13985.4004747957,14443.9632764916,58.0741799587025,52.6667605929214,47.1034208684853,-831.625912769059,-123.635201056076,1.49011611938477e-08,1.49011611938477e-08,1.92703556595184,0.669615157561639,1.49011611938477e-08,2.63920465404343,22,55
0.877,1000,55,602.568725374559,537.84872723148,602.568725374559,13593.0373626686,14243.4444830406,14012.3323618987,61.3937486621135,53.2013178458687,48.2797378956436,-733.304608902756,-220.840168150575,1.49011611938477e-08,1.49011611938477e-08,1.95360073016637,1.03106533320616,1.49011611938477e-08,3.64158374858938,22,55
0.878,1000,55,577.913385652509,526.760993966442,577.913385652509,13987.2291156549,14028.0949086265,13814.717859691,61.3536019406559,52.1909989274786,48.4164594339199,-581.612185161269,-266.768266738633,1.49011611938477e-08,1.49011611938477e-08,1.90292794520873,1.34949112415603,0.642388913294512,3.964406176804,22,55
0.879,1000,55,539.542637531141,177.685086755962,539.542637531141,14050.4943577955,13628.4455818112,14069.4475755284,60.388668706923,49.174539153978,48.4858614324396,-444.076040227635,-178.427904541928,1.49011611938477e-08,1.49011611938477e-08,1.81466872658346,1.56317503801792,1.2945374517661,2.7626555520067,22,55
0.88,1000,55,583.329752803407,529.308716518725,583.329752803407,13720.4995158108,13569.3656331293,14472.1722847556,59.5736524958709,44.3282875672671,47.9429942635175,-353.821176372224,-46.3179386713352,1.49011611938477e-08,1.49011611938477e-08,1.84682847447607,1.77299817688696,1.84771102524767,1.92019970862532,22,55
0.881,1000,55,557.4856020004,384.608699060291,557.4856020004,13325.6983839198,13936.4981322388,14469.9005903796,58.8892044454224,39.0787531354989,46.5358325422016,-347.756702772735,46.9934505752812,1.49011611938477e-08,1.49011611938477e-08,1.92400878013574,1.94207081505425,2.26425075685199,1.60432311143759,22,55
0.882,1000,55,509.037487107727,390.323694176959,509.037487107727,13373.331482444,14242.2619527135,14052.5177497803,59.1219221413396,35.7798413598778,44.6447489884195,-476.537619168942,69.1798303016822,1.49011611938477e-08,1.49011611938477e-08,1.95339504399722,1.85960988800605,3.60815134908173,1.60933859017865,22,55
0.883,1000,55,476.325660619033,490.053388317162,476.325660619033,13814.0457986872,14090.96586084,13740.5180849057,60.0974540510723,36.8103501755215,42.5548888293389,-689.127654622018,-64.3653406479903,1.49011611938477e-08,1.49011611938477e-08,1.93140139828804,1.59250298331288,1.1368405724115,1.9956732282376,22,55
0.884,1000,55,456.775909418569,511.349269093714,456.775909418569,14102.008400086,13660.6816281223,13953.2150226722,60.5959856152383,41.5419759848966,40.6491707549975,-799.279392889206,-330.608688211294,1.49011611938477e-08,1.49011611938477e-08,1.82013659507186,1.45028183149669,1.49011611938477e-08,2.56185430204274,22,55
0.885,1000,55,442.887296072141,518.965310393443,442.887296072141,13900.4619795158,13482.9354892686,14413.7368265218,59.7730213249716,46.7739554019985,38.9014900862123,-735.653698289511,-537.618971232366,1.49011611938477e-08,1.49011611938477e-08,1.81361167317144,1.47421858599599,1.49011611938477e-08,2.28986656855762,22,55
0.886,1000,55,409.233317141234,526.671977062107,409.233317141234,13483.5370383364,13788.3454613528,14548.1322586621,57.9171871430745,50.6876903489184,37.4105519638843,-621.281208527188,-584.346526713337,1.49011611938477e-08,1.49011611938477e-08,1.90149495703279,1.50322067837044,1.49011611938477e-08,2.1844569843251,22,55
0.887,1000,55,339.675168251628,530.589584654102,339.675168251628,13404.0388838584,14179.0730773666,14199.5023638975,56.5834529957001,52.8701360822043,37.4545516611973,-537.361263779294,-502.682256781702,1.49011611938477e-08,1.49011611938477e-08,1.94743715116221,1.38268480711647,1.49011611938477e-08,3.63456059006851,22,55
0.888,1000,55,252.159933783631,533.295350515352,252.159933783631,13777.2635159409,14163.7893810288,13806.5900568327,56.6622283499138,53.5026559608602,39.2716089216212,-502.580925067995,-349.230971367767,1.49011611938477e-08,1.49011611938477e-08,1.94015231998195,1.20550373271673,1.49011611938477e-08,21.1140346182519,22,55
0.889,1000,55,260.437202627795,533.081416364764,260.437202627795,14127.2528607878,13762.8853226654,13869.2735289413,57.5963311988172,52.8872527020809,42.3073778629856,-482.985841799014,-210.242237668231,1.49011611938477e-08,1.49011611938477e-08,1.83139015180277,1.2234065134278,0.723176889786806,4.36047544970831,22,55
0.89,1000,55,465.825066475752,504.470354809033,465.825066475752,14047.0348624823,13483.0162608021,14311.9747466526,57.2217344148776,51.3097158701056,45.3410172768854,-414.555568169252,-144.732718560623,1.49011611938477e-08,1.49011611938477e-08,1.78602885560432,1.52205676347152,1.35619337083901,3.12272927902264,22,55
0.891,1000,55,602.584276210371,-11788.476260567,602.584276210371,13664.0787963534,13690.3646543516,14589.7617750639,53.2992732299091,49.1329715603252,46.5482189294146,-321.024284070521,-130.755925852955,1.49011611938477e-08,1.49011611938477e-08,1.87256701872444,1.99085446553143,2.06997806656614,3.42772714584745,22,55
0.892,1000,55,589.818608178497,-6320.38131595923,589.818608178497,13491.1299801089,14107.4835147472,14384.0885416768,46.1354765369005,47.2349048033377,45.7541796771536,-296.993277763525,-105.811374001552,1.49011611938477e-08,1.49011611938477e-08,1.9429812377782,2.16651421975618,2.53196667108677,3.91199972530609,22,55
0.893,1000,55,554.034526307636,-345.117037774208,554.034526307636,13768.8122870011,14198.2833982204,13976.7124051539,38.7113589020805,46.4765253087898,43.9616758345123,-426.554508684487,-33.9523571211407,1.49011611938477e-08,1.49011611938477e-08,1.95701983573125,1.31513560621986,1.77553431189108,2.85979002964677,22,55
0.894,1000,55,420.302985052686,524.944653496149,420.302985052686,14136.1605323479,13844.4616327457,13904.579470803,37.8151200941839,47.3988009713413,43.168780755961,-668.203735804489,26.1773602925952,1.49011611938477e-08,1.49011611938477e-08,1.86840205150366,0.353115839743505,0.840967505388142,1.52912398394545,22,55
0.895,1000,55,225.11105649195,534.120639149036,225.11105649195,14132.8638084572,13476.2526193537,14275.0118088641,44.1604835280115,49.4847165470871,43.976983463584,-849.081714884646,3.92657026409418,1.49011611938477e-08,1.49011611938477e-08,1.78615368145774,1.49011611938477e-08,1.49011611938477e-08,1.38810767599028,22,55
0.896,1000,55,245.917630300258,533.497642781359,245.917630300258,13745.4988025036,13570.3961387724,14591.9822346215,51.542693742139,51.580900074108,45.1382466912936,-867.472275874919,-66.4225999330746,1.49011611938477e-08,1.49011611938477e-08,1.84953274304496,0.298777478596878,1.49011611938477e-08,2.00077368546104,22,55
0.897,1000,55,500.134288776706,434.77157508876,500.134288776706,13429.4619995067,14008.1612356256,14419.1923096583,58.0680745210134,53.0989908137292,47.0478798298129,-819.442933470455,-144.055595387076,1.49011611938477e-08,1.49011611938477e-08,1.92968116687985,0.697927195294843,1.49011611938477e-08,2.86508162066292,22,55
0.898,1000,55,601.174434935786,-11002.1174478909,601.174434935786,13615.2573258799,14242.1312639688,13986.1358551424,61.2574673970059,53.5976122564657,48.1434442208464,-716.46657799383,-239.782763083084,1.49011611938477e-08,1.49011611938477e-08,1.95341622406262,1.0598496870239,1.49011611938477e-08,3.94635927877189,22,55
0.899,1000,55,575.981576771823,-3111.54473566287,575.981576771823,14003.2626396448,14005.632019031,13815.5213564919,61.2078668676073,52.5332686715441,48.2152330655206,-564.453531660074,-273.402372950824,1.49011611938477e-08,1.49011611938477e-08,1.89742898722699,1.37077987693435,0.654797979639072,4.14572023562698,22,55
0.9,1000,55,541.576920266319,158.108279651812,541.576920266319,14039.2236648634,13612.3096252153,14087.2459485225,60.3753425508535,49.3849310327222,48.2315986255929,-433.08782204468,-171.022186508215,1.49011611938477e-08,1.49011611938477e-08,1.81304413834415,1.57416852645311,1.31980669216187,2.74039154995986,22,55
0.901,1000,55,584.426102824688,529.722021774708,584.426102824688,13694.0593061801,13581.5145434272,14478.9866934248,59.6341436741997,44.493452363279,47.5865196598107,-352.149546235336,-41.6168910768917,1.49011611938477e-08,1.49011611938477e-08,1.85162627016077,1.78135667638887,1.86780049559314,1.88278576884753,22,55
0.902,1000,55,560.312717968386,428.149135042167,560.312717968386,13315.6138412006,13959.6927630731,14449.174381846,59.009843215692,39.3313994488473,46.1000569696868,-353.436108709182,54.3043168106774,1.49011611938477e-08,1.49011611938477e-08,1.92675333852655,1.94057028225117,2.32935472105197,1.57966957746496,22,55
0.903,1000,55,505.468218995806,408.121073173496,505.468218995806,13394.5950487973,14246.2711208427,14023.6931300927,59.3137011394911,36.3584595481767,44.1917862885999,-494.409139593559,67.4633355437302,1.49011611938477e-08,1.49011611938477e-08,1.9543292307927,1.83802333823645,3.60850966334168,1.60655140607494,22,55
0.904,1000,55,471.560816803067,496.047008099022,471.560816803067,13843.393507472,14071.4121290244,13737.3510118017,60.339258094263,37.6786331226775,42.155303960021,-710.153052750809,-76.3700205272184,1.49011611938477e-08,1.49011611938477e-08,1.92691423451187,1.56057255449075,1.01164237934626,2.00844136311865,22,55
0.905,1000,55,454.071711486779,513.206143066633,454.071711486779,14105.9131316372,13640.6806456872,13978.1095676691,60.8500793703895,42.525416760794,40.4061073006144,-811.679147994605,-342.78262211522,1.49011611938477e-08,1.49011611938477e-08,1.81630473182987,1.41806727650575,1.49011611938477e-08,2.54851634399077,22,55
0.906,1000,55,444.668945784452,518.195538059721,444.668945784452,13877.2867550303,13488.7413640929,14434.2869530067,60.0763555660915,47.7310084331477,38.813481545644,-748.907125276258,-533.944493413633,1.49011611938477e-08,1.49011611938477e-08,1.81835489761412,1.43536226514155,1.49011611938477e-08,2.28432799439492,22,55
0.907,1000,55,411.156587284342,526.438287211612,411.156587284342,13464.6166712218,13814.036930376,14538.8586789283,58.3848860727237,51.5718568293262,37.5955582157616,-631.297877539714,-576.665725989465,1.49011611938477e-08,1.49011611938477e-08,1.90603809176405,1.45064961126094,1.49011611938477e-08,2.26606073429572,22,55
0.908,1000,55,339.243030154897,530.622229852815,339.243030154897,13414.6479804171,14192.4809879528,14172.875181723,57.2596205825705,53.6791435902365,37.9245677967158,-550.395740001598,-489.043027697822,1.49011611938477e-08,1.49011611938477e-08,1.94865445275403,1.32854185636053,1.49011611938477e-08,3.9976009367721,22,55
0.909,1000,55,247.527291588364,533.433868244252,247.527291588364,13802.7929077828,14149.4565126584,13795.5452833347,57.4483775492967,54.2336222696685,39.9477541350909,-515.115098971588,-335.275447580282,1.49011611938477e-08,1.49011611938477e-08,1.93689263160099,1.17686430443853,1.49011611938477e-08,17.5188755665305,22,55
0.91,1000,55,267.279663932174,532.868535563323,267.279663932174,14136.0945303801,13739.944123305,13888.7814292895,58.2730223639775,53.5360890611759,43.0386429916178,-488.223327516909,-202.040373368502,1.49011611938477e-08,1.49011611938477e-08,1.82543299834508,1.22794575911404,0.745785848751315,4.12007118458604,22,55
0.911,1000,55,476.730464865667,491.194602871081,476.730464865667,14028.3036673553,13482.0410679383,14336.5488178803,57.5952960620877,51.8849357482553,46.007984425831,-416.814099261159,-143.406625138807,1.49011611938477e-08,1.49011611938477e-08,1.78911899747006,1.54935921325397,1.39992358688892,3.09254301414525,22,55
0.912,1000,55,602.423156976256,537.6996664375,602.423156976256,13640.6798367791,13714.1197057863,14588.7504670985,53.4029673344183,49.6931292915253,47.1497036669047,-319.056589297777,-128.831998693132,1.49011611938477e-08,1.49011611938477e-08,1.87867289791823,2.0214367560863,2.13241804667361,3.42129188746779,22,55
0.913,1000,55,589.274076346365,531.360435991611,589.274076346365,13492.6738552604,14125.983792097,14360.2606744678,45.9948396300068,47.8386748898407,46.2855262714555,-303.735902712538,-101.659090209541,1.49011611938477e-08,1.49011611938477e-08,1.94550021706741,2.15722529020735,2.56445267078593,3.84965957736299,22,55
0.914,1000,55,550.541302845031,168.139653509137,550.541302845031,13789.1062035363,14188.0701840591,13957.1001030021,38.6688557900501,47.1752791623328,44.5364722578855,-445.446768097394,-29.2765681180824,1.49011611938477e-08,1.49011611938477e-08,1.95582196687425,1.26269633194007,1.71638349860292,2.7585031586444,22,55
0.915,1000,55,408.673448923328,526.656916900731,408.673448923328,14145.092263043,13818.3812700209,13913.5572087485,38.1998566488105,48.2168235854882,43.8342798645577,-690.315415851923,23.8902886249523,1.49011611938477e-08,1.49011611938477e-08,1.86191903500699,0.31837560162833,0.785488924439108,1.50317965006145,22,55
0.916,1000,55,219.768991613421,534.254288110922,219.768991613421,14116.2264712157,13466.9509063163,14298.7114299154,44.7615972778201,50.3985062492482,44.633043671622,-858.075971820608,-3.11155038530127,1.49011611938477e-08,1.49011611938477e-08,1.78689241452764,1.49011611938477e-08,1.49011611938477e-08,1.42270646633625,22,55
0.917,1000,55,255.260163103565,533.243207706037,255.260163103565,13715.7940015593,13589.7001238255,14595.1977655523,52.0732273104898,52.5107796950044,45.6661773184381,-872.515797531179,-79.2456730359867,1.49011611938477e-08,1.49011611938477e-08,1.85555460460385,0.326976172691867,1.49011611938477e-08,2.08191585868906,22,55
0.918,1000,55,528.21004732637,280.149998000693,528.21004732637,13425.0028078993,14031.9676976362,14398.2459418755,58.4224188908044,54.0145740038241,47.4030445749031,-819.036954609011,-158.394460560187,1.49011611938477e-08,1.49011611938477e-08,1.93237798626438,0.718003175271912,1.49011611938477e-08,2.98904055159387,22,55
0.919,1000,55,600.66961526707,536.653125907651,600.66961526707,13636.4912122895,14241.0339438343,13965.5300370258,61.3628781135893,54.421721557155,48.334836004697,-709.922585491923,-250.14938034978,1.49011611938477e-08,1.49011611938477e-08,1.95307081789014,1.07423677335213,1.49011611938477e-08,4.05061410341605,22,55
0.92,1000,55,572.413998504417,519.836765674905,572.413998504417,14019.2741014621,13981.4679953899,13820.3469107683,61.1531394554607,53.2115181809598,48.3537185059229,-553.317709457323,-272.757410769965,1.49011611938477e-08,1.49011611938477e-08,1.89092822105723,1.3805330041981,0.682807618133505,4.09114304820263,22,55
0.921,1000,55,555.835108179,3.61266035488973,555.835108179,14030.7014668033,13596.203133646,14115.2003396629,60.3121532053607,49.9369138176688,48.3949360070458,-428.877214413979,-169.326252961402,1.49011611938477e-08,1.49011611938477e-08,1.81100793024355,1.58105991602677,1.35556081557494,2.64367167595208,22,55
0.922,1000,55,580.783714138967,528.28139471556,580.783714138967,13670.6571890713,13594.0142906972,14495.5988038722,59.4828074380087,44.959165200387,47.5527473771969,-342.579568810684,-34.788360346391,1.49011611938477e-08,1.49011611938477e-08,1.85602253332389,1.79900798298832,1.87977361104901,1.85071269127655,22,55
0.923,1000,55,549.565440496031,151.279541087849,549.565440496031,13308.0752958883,13983.6974576804,14438.3433182266,58.8811204271067,39.8017425177705,45.9461764805932,-350.220625536468,59.7175786527358,1.49011611938477e-08,1.49011611938477e-08,1.92910422319115,1.9526936914584,2.35612782370384,1.56580711220687,22,55
0.924,1000,55,501.661559373683,423.847186384978,501.661559373683,13416.1191859974,14249.7761307788,14003.5991478737,59.2778273836079,36.8690305971886,43.9370614694708,-499.029481094875,69.0915061123161,1.49011611938477e-08,1.49011611938477e-08,1.95490893125178,1.82795890415811,3.5660356206493,1.60000412499391,22,55
0.925,1000,55,475.93579379053,489.711482394529,475.93579379053,13867.4042206956,14047.1863366972,13741.7300182512,60.3816536640448,38.2952773246158,41.7762694537658,-706.080886402788,-70.9728277775174,1.49011611938477e-08,1.49011611938477e-08,1.9211816080939,1.54066847969275,0.976499104804002,2.01986771680742,22,55
0.926,1000,55,463.925412452245,505.364363563325,463.925412452245,14104.7380012541,13617.6081497683,14007.9271518588,60.9432002777831,43.1026146865334,39.8197151958344,-809.892556075499,-335.482622892857,1.49011611938477e-08,1.49011611938477e-08,1.81134654769471,1.39668010080331,1.49011611938477e-08,2.57503374868815,22,55
0.927,1000,55,454.857692477513,512.591965623426,454.857692477513,13855.1942515474,13494.535580398,14458.8151042161,60.1845274777463,48.181533839244,37.990279981483,-742.829654943546,-530.374381142285,1.49011611938477e-08,1.49011611938477e-08,1.82206820652446,1.40929289729896,1.49011611938477e-08,2.3188675435871,22,55
0.928,1000,55,421.67175061476,524.8505584667,421.67175061476,13450.1021774231,13838.1050543791,14535.9114263859,58.5021076979901,51.8825500379487,36.5619799154882,-626.017124892138,-564.377518715986,1.49011611938477e-08,1.49011611938477e-08,1.90975851682967,1.41031130560505,1.49011611938477e-08,2.34525508926324,22,55
0.929,1000,55,346.366889688408,530.357909435282,346.366889688408,13429.2154494738,14202.3315573075,14154.8444745305,57.428893800787,53.8643604956352,36.8415842396361,-547.693903976891,-470.565213905158,1.49011611938477e-08,1.49011611938477e-08,1.94983337215767,1.27414148825188,1.49011611938477e-08,4.45498896164622,22,55
0.93,1000,55,259.882355960999,533.076372334936,259.882355960999,13827.4687864604,14130.8867162314,13794.9934990206,57.7079951238456,54.3001518889581,38.9769048087366,-516.478180626453,-320.715760710673,1.49011611938477e-08,1.49011611938477e-08,1.93317115523139,1.12729527171226,1.49011611938477e-08,13.0864081943963,22,55
0.931,1000,55,281.751512876195,532.440984351705,281.751512876195,14140.2498349338,13714.1945727317,13917.0787131027,58.6241370084351,53.4897350691074,42.2744459682794,-492.553044542462,-184.416338713845,1.49011611938477e-08,1.49011611938477e-08,1.81958549788533,1.19448477435389,0.784467264087935,3.55037264237925,22,55
0.932,1000,55,498.272767907046,439.446062843402,498.272767907046,14009.3210625262,13481.0696665846,14370.5848133094,57.9124858402907,51.7134190545283,45.3545273925915,-417.155130568686,-123.034678441053,1.49011611938477e-08,1.49011611938477e-08,1.79233510059095,1.52573008915883,1.44391386927809,2.78195183511271,22,55
0.933,1000,55,600.596048559407,536.618016477278,600.596048559407,13621.3667759432,13737.3235783482,14599.3634278783,53.5759707131313,49.422880549341,46.4359810024558,-320.430866369164,-108.916157329822,1.49011611938477e-08,1.49011611938477e-08,1.88402282093108,1.98745596141977,2.17351509837487,3.09186363529009,22,55
0.934,1000,55,588.475105877478,531.085002187846,588.475105877478,13498.6202620915,14141.1347413755,14346.5017846819,46.1805183457623,47.5007708793039,45.5590680157437,-313.052329257842,-78.6459892640357,1.49011611938477e-08,1.49011611938477e-08,1.94747335005129,2.07140348284999,2.58556804333036,3.37255794953662,22,55
0.935,1000,55,546.745107965923,152.622340096804,546.745107965923,13812.8898410803,14176.4785209562,13951.0771956588,39.2012017501223,46.818926320613,43.8885836441719,-453.364169192206,-9.21535838337451,1.49011611938477e-08,1.49011611938477e-08,1.95374527700322,1.17913096928049,1.70052408206404,2.35504905155424,22,55
0.936,1000,55,400.659589313956,527.465166384437,400.659589313956,14155.7733477427,13792.6484133162,13936.2922603662,39.1842834165915,47.8562262898249,43.3261762588616,-697.668668095433,41.585120921505,1.49011611938477e-08,1.49011611938477e-08,1.85490357640977,0.273736332693999,0.780221369988381,1.34221574142268,22,55
0.937,1000,55,227.393911624945,534.026370737746,227.393911624945,14101.5843355179,13459.4123927077,14332.8239617602,45.6925099516398,49.9662393752513,44.1951863584974,-866.045776712986,8.4471813200376,1.49011611938477e-08,1.49011611938477e-08,1.78757339152013,1.49011611938477e-08,1.49011611938477e-08,1.35111873770222,22,55
0.938,1000,55,276.908195402753,532.593293473963,276.908195402753,13683.0942386965,13611.823400683,14597.859513378,52.835583182798,52.0258413714167,45.3254357241388,-873.326203056061,-66.6018637183412,1.49011611938477e-08,1.49011611938477e-08,1.86189489010633,0.334004480250618,1.49011611938477e-08,1.97052023356487,22,55
0.939,1000,55,544.795618950188,131.487216786563,544.795618950188,13419.5908652199,14055.3672094087,14380.5886944296,58.9043457095863,53.4788615500144,47.0839996147377,-818.494436966007,-145.672227742271,1.49011611938477e-08,1.49011611938477e-08,1.93494247332459,0.717603173162157,1.49011611938477e-08,2.78494612187852,22,55
0.94,1000,55,598.955724418633,535.636024373838,598.955724418633,13655.1336823178,14239.1075135883,13952.0693872858,61.4993660076154,53.8398308657016,47.9332266404473,-708.167631091668,-235.768622003221,1.49011611938477e-08,1.49011611938477e-08,1.95266630768379,1.0644076680593,1.49011611938477e-08,3.68510017829839,22,55
0.941,1000,55,568.890814541404,509.923816935349,568.890814541404,14028.0038385485,13959.1889627383,13834.1385220726,61.1206202978904,52.5797556998713,47.940738797583,-561.583779900226,-253.662645522614,1.49011611938477e-08,1.49011611938477e-08,1.88598708340358,1.35616928983883,0.746333902322291,3.62834801130904,22,55
0.942,1000,55,554.709574597138,17.1044048501088,554.709574597138,14014.6344075084,13584.1019307922,14143.6812843483,60.2554541368299,49.2003315226718,48.137304759033,-433.340801564272,-144.65727761096,1.49011611938477e-08,1.49011611938477e-08,1.81122823679759,1.55113744991524,1.40909045498884,2.38544668558779,22,55
0.943,1000,55,582.888112027947,-4453.27512779104,582.888112027947,13640.1725561482,13610.5876876924,14508.0707749149,59.3541470404668,44.1793194380028,47.4861670762577,-349.978848598558,-13.7258342589875,1.49011611938477e-08,1.49011611938477e-08,1.86183064348334,1.7693530210037,1.89187536525875,1.71581770150891,22,55
0.944,1000,55,554.485187737718,-407.465374563567,554.485187737718,13295.3872394904,14007.44259759,14421.0986644752,58.7075666541552,39.1057839355033,46.0530557069138,-365.55258366428,74.0873024721453,1.49011611938477e-08,1.49011611938477e-08,1.93193560329556,1.91274160245801,2.39076768206567,1.48574508696392,22,55
0.945,1000,55,503.397490845102,415.585247729253,503.397490845102,13433.3917811698,14252.4816956657,13979.2544804838,59.1123534784267,36.523613146407,44.1762936225854,-524.474648413389,72.0057384146369,1.49011611938477e-08,1.49011611938477e-08,1.95598117433249,1.77779783293195,3.47790340690153,1.55583699792039,22,55
0.946,1000,55,463.029068282612,506.364477177668,463.029068282612,13890.9316940466,14027.1057938923,13743.2469351144,60.1768678979514,38.3533680921913,42.1274034535773,-730.09976730403,-82.8152085527077,1.49011611938477e-08,1.49011611938477e-08,1.9164944124296,1.50676619714169,0.887476371164311,2.00296273265887,22,55
0.947,1000,55,454.150847490276,513.149054290994,454.150847490276,14103.3365700233,13601.2233408106,14034.8379793523,60.5704080555334,43.4368074779432,40.3034121729353,-817.551324457812,-353.810701247148,1.49011611938477e-08,1.49011611938477e-08,1.80871188912747,1.39017288625241,1.49011611938477e-08,2.53633983173706,22,55
0.948,1000,55,443.301137978352,518.783994603698,443.301137978352,13829.7332698742,13505.7326492801,14477.0903616573,59.5958793787186,48.5899300428218,38.5375708940405,-738.425372938195,-542.132444726507,1.49011611938477e-08,1.49011611938477e-08,1.82740696983396,1.41946403822826,1.49011611938477e-08,2.26482113744309,22,55
0.949,1000,55,407.047103828957,526.914591501995,407.047103828957,13433.3704846224,13865.8706859804,14522.1964777017,57.7905192409533,52.2814741741723,37.2674155475303,-620.290436182238,-565.447862625275,1.49011611938477e-08,1.49011611938477e-08,1.91382212518232,1.42094628491098,1.49011611938477e-08,2.35875595680653,22,55
0.95,1000,55,335.294472953611,530.734342061668,335.294472953611,13442.6118604666,14214.4017187285,14125.368368141,56.7310230541031,54.2381463553535,37.7090621194122,-544.166019439076,-464.375436433148,1.49011611938477e-08,1.49011611938477e-08,1.95078788904251,1.27965878186048,1.49011611938477e-08,4.67298666595204,22,55
0.951,1000,55,241.508037501359,533.611262455404,241.508037501359,13853.4329436879,14115.4930991019,13783.921070945,57.0328292348226,54.6608531731141,39.8746174350776,-513.915410937453,-313.372414870312,1.49011611938477e-08,1.49011611938477e-08,1.92889715170703,1.13459112138818,0.0838959953707909,11.8630555465045,22,55
0.952,1000,55,280.772442861774,532.462388731437,280.772442861774,14147.4124231657,13693.7099020246,13935.514098471,57.8522128454161,53.8628017395351,43.0734853491917,-485.988717019983,-182.107175281484,1.49011611938477e-08,1.49011611938477e-08,1.81389090826032,1.21182011438398,0.82818632723569,3.55889610735249,22,55
0.953,1000,55,507.395112290434,404.489750498477,507.395112290434,13990.2113059336,13484.884828338,14389.9976878746,56.9110574442296,52.1409170442763,45.9913271017941,-406.629622743477,-126.152447007015,1.49011611938477e-08,1.49011611938477e-08,1.79579971115801,1.55272432227737,1.49796658196266,2.85510664131112,22,55
0.954,1000,55,601.637360564985,-11260.8748662579,601.637360564985,13602.1343635439,13763.1260363984,14590.8348799878,52.3896520508624,49.9679896251847,46.9799977002583,-314.59650966495,-112.643217776093,1.49011611938477e-08,1.49011611938477e-08,1.88945442128646,2.00561194622621,2.23985470364103,3.18280294497746,22,55
0.955,1000,55,587.135260812038,-5531.47508527442,587.135260812038,13505.7110209884,14158.0003162212,14317.2518106597,44.8440427912531,48.2045123981036,46.0598333158307,-318.31510226238,-80.2621607117268,1.49011611938477e-08,1.49011611938477e-08,1.94953541599491,2.03247580535049,2.58897813305311,3.41646349530191,22,55
0.956,1000,55,543.318298468729,133.083918151055,543.318298468729,13836.195331751,14163.9541279476,13929.232902337,38.1704477553451,47.6995928283671,44.5141456230515,-470.177861377262,-12.1222387554449,1.49011611938477e-08,1.49011611938477e-08,1.9513798911656,1.10160818950346,1.61815300049238,2.32845487745703,22,55
0.957,1000,55,386.298367885771,528.555406249878,386.298367885771,14164.285582762,13766.4781338102,13943.6525908202,38.8464304860286,48.8925887781869,44.0943498601489,-715.889094032787,29.7290570586724,1.49011611938477e-08,1.49011611938477e-08,1.84784006440855,0.192477585883185,0.711635891799366,1.36271971059841,22,55
0.958,1000,55,205.894616977324,534.669220266595,205.894616977324,14084.8803508343,13453.4830996563,14351.0043248308,45.7867683639664,51.1040036795459,44.9650984253125,-873.366159754766,-11.9791501179009,1.49011611938477e-08,1.49011611938477e-08,1.78864223703649,1.49011611938477e-08,1.49011611938477e-08,1.45215024088323,22,55
0.959,1000,55,284.142426871615,532.375270614235,284.142426871615,13657.3259534854,13632.7156479886,14593.039112428,53.0097915632109,53.157202569652,45.9883644207636,-871.879702395655,-90.3220977229396,1.49011611938477e-08,1.49011611938477e-08,1.86727598077937,0.371464719110999,1.49011611938477e-08,2.16426939518579,22,55
0.96,1000,55,560.152853923702,-46.804809210996,560.152853923702,13421.0443320488,14076.1869796142,14352.7384607855,59.0160425472341,54.5576537705927,47.6284507345947,-810.769987731345,-172.156421750448,1.49011611938477e-08,1.49011611938477e-08,1.93717518674158,0.752713578031511,1.49011611938477e-08,3.10157942326266,22,55
0.961,1000,55,597.426983416042,535.267202903922,597.426983416042,13680.2234179812,14233.7042529004,13927.1135409545,61.4579211366715,54.7897782376367,48.3760402607478,-701.46323447893,-255.307531577826,1.49011611938477e-08,1.49011611938477e-08,1.95159910898675,1.09857418981577,1.49011611938477e-08,4.08442731916615,22,55
0.962,1000,55,566.334585769979,495.805446881316,566.334585769979,14043.9852937716,13934.2601874315,13836.5614297242,61.0086484748411,53.3561664475801,48.3361574961818,-544.046500282123,-265.430635875183,1.49011611938477e-08,1.49011611938477e-08,1.87901263873377,1.3892979155767,0.758364654152364,3.87363637182978,22,55
0.963,1000,55,561.83879962658,-69.316620019887,561.83879962658,14002.8857614949,13570.3726625053,14166.2908526741,60.2244332304805,49.8145094579858,48.4327339888187,-419.509379249303,-146.184736310294,1.49011611938477e-08,1.49011611938477e-08,1.81000599965675,1.58001373401818,1.43438148243481,2.44390603981204,22,55
0.964,1000,55,581.278952401862,-4094.29398381862,581.278952401862,13613.7113399319,13625.2498592189,14513.8103874255,59.3789963126067,44.6871141690264,47.5430511883172,-341.745543757767,-14.85448186699,1.49011611938477e-08,1.49011611938477e-08,1.86635155997626,1.79622337787068,1.91639232101602,1.74908327595521,22,55
0.965,1000,55,550.008632906583,30.1728102494363,550.008632906583,13287.9135990346,14029.402131189,14399.5007529371,58.8024903070772,39.5904213680985,45.9286420543425,-365.932793361201,69.9824349509621,1.49011611938477e-08,1.49011611938477e-08,1.93392381223935,1.92901435536019,2.46657606753888,1.51670873689017,22,55
0.966,1000,55,505.855070716347,404.397762680113,505.855070716347,13454.4938340363,14250.8348384468,13952.3681665654,59.2319428851035,36.9925806418536,43.9301455841721,-519.874857325639,63.5384511314986,1.49011611938477e-08,1.49011611938477e-08,1.95625487326837,1.78193168150171,3.31143870203536,1.59791545097439,22,55
0.967,1000,55,468.228275940512,500.189793690056,468.228275940512,13911.2233510806,14000.1870082069,13744.45783174,60.2563600625312,38.8593208305341,41.8450789433253,-732.437492594986,-106.500797633164,1.49011611938477e-08,1.49011611938477e-08,1.91001510420273,1.51304816508252,0.830810387478326,2.07263867766972,22,55
0.968,1000,55,457.176223129341,511.038620161728,457.176223129341,14096.1491318143,13579.3958272824,14059.1069073743,60.6151261786186,43.807149702196,40.0264426182615,-809.428468460044,-376.354357200704,1.49011611938477e-08,1.49011611938477e-08,1.80493351491645,1.40157829442705,1.49011611938477e-08,2.54598257065303,22,55
0.969,1000,55,438.601900945143,520.584277323669,438.601900945143,13802.6295141732,13513.4815337257,14491.3592266043,59.6515719742583,48.7754894706007,38.2910467113286,-726.442647205974,-552.992865669829,1.49011611938477e-08,1.49011611938477e-08,1.83184078817512,1.43141569095846,1.49011611938477e-08,2.22753450418281,22,55
0.97,1000,55,397.404787153011,527.819455714257,397.404787153011,13416.5220617516,13888.6926424286,14507.2161153638,57.9342959130751,52.2867990227192,37.0298649309716,-611.768613620559,-567.02115600788,1.49011611938477e-08,1.49011611938477e-08,1.91720902299235,1.42753761799879,1.49011611938477e-08,2.36181792752996,22,55
0.971,1000,55,317.012393763901,531.336513940611,317.012393763901,13455.6630679275,14219.9973094202,14097.5639211791,56.9942120902681,54.0893985734837,37.4739262357473,-541.663863561125,-468.906174214169,1.49011611938477e-08,1.49011611938477e-08,1.95166655859764,1.28609309382209,1.49011611938477e-08,4.8504035598893,22,55
0.972,1000,55,244.571008785407,533.534841753383,244.571008785407,13874.1910137525,14093.6326383043,13776.3657145504,57.3787637434025,54.3675513054935,39.6564503310866,-509.883307286228,-311.054191798529,1.49011611938477e-08,1.49011611938477e-08,1.9240466590832,1.153935718973,0.161750868250995,11.0991812073654,22,55
0.973,1000,55,288.80572477407,532.219508726095,288.80572477407,14146.6857045969,13668.5797212591,13955.8804076077,58.1644702310886,53.4324285111548,42.8875686201571,-478.432883210713,-183.814607295571,1.49011611938477e-08,1.49011611938477e-08,1.80824388450377,1.24764106386136,0.859698885914383,3.52140584608446,22,55
0.974,1000,55,515.722556366464,362.106095430191,515.722556366464,13968.0274848695,13486.541071923,14412.4841899542,56.9788432054078,51.552748725994,45.7342943520043,-393.460867829726,-130.810147077088,1.49011611938477e-08,1.49011611938477e-08,1.79936567381236,1.60336187677294,1.53279001362842,2.89223462889299,22,55
0.975,1000,55,600.518911438357,-10648.9871555072,600.518911438357,13582.7424485273,13786.5866891376,14587.8914984624,52.1198946833125,49.2625792978782,46.5660964255172,-302.716808339616,-117.151440161262,1.49011611938477e-08,1.49011611938477e-08,1.89427941209805,2.05828329003412,2.26563223337879,3.26476349280578,22,55
0.976,1000,55,585.503267848326,-5096.60329225666,585.503267848326,13512.6863881274,14169.9097820281,14292.636517966,44.3556751791337,47.4422797685174,45.5356030323177,-311.064200649655,-83.9455962434548,1.49011611938477e-08,1.49011611938477e-08,1.95117886701969,2.03744983318213,2.57205383524127,3.46366934465923,22,55
0.977,1000,55,535.711658028442,207.04333170361,535.711658028442,13858.0546323449,14149.4903090209,13916.2199707098,37.8381594939259,46.9784693772508,43.9670573974061,-476.384530373802,-10.390092627548,1.49011611938477e-08,1.49011611938477e-08,1.94828972712187,1.06128318690662,1.57324069835591,2.279890124281,22,55
0.978,1000,55,368.995788530191,529.448673509709,368.995788530191,14170.3437538502,13741.4507472003,13959.4294470741,38.9529444680125,48.2350320670927,43.627840880325,-722.039930666759,28.9532361572447,1.49011611938477e-08,1.49011611938477e-08,1.84075790091307,0.148211837791547,0.688349365120549,1.34599210729711,22,55
0.979,1000,55,222.200222087566,534.207757698108,222.200222087566,14066.6118523242,13449.6306615593,14375.5542486809,45.9669830787164,50.4350623651161,44.5503940978349,-868.606353214802,-16.2624241600018,1.49011611938477e-08,1.49011611938477e-08,1.7898998532138,1.49011611938477e-08,1.49011611938477e-08,1.47426474534279,22,55
0.98,1000,55,305.33359861414,531.73082536686,305.33359861414,13631.8499121338,13657.4010562536,14590.418992677,53.1183483214268,52.5090328562971,45.627373464424,-860.406532702428,-92.6054708108837,1.49011611938477e-08,1.49011611938477e-08,1.8726866552347,0.402895069823016,1.49011611938477e-08,2.1785709872437,22,55
0.981,1000,55,583.202448254932,-358.495311993265,583.202448254932,13423.5060623276,14097.8340099044,14329.5573400893,58.8997063668292,53.9124194592557,47.2133025970299,-800.534406570151,-169.329886119193,1.49011611938477e-08,1.49011611938477e-08,1.93915817798289,0.777906561510528,1.49011611938477e-08,3.09573651727919,22,55
0.982,1000,55,596.667306818148,-8858.66295519045,596.667306818148,13703.1254375908,14228.6308820019,13912.3931320961,61.1074841180225,54.1409443200376,47.8621757124848,-684.810133253523,-252.875031257546,1.49011611938477e-08,1.49011611938477e-08,1.95042355175067,1.11808369912302,1.49011611938477e-08,3.99532566504788,22,55
0.983,1000,55,561.2194209603,-1115.61217572209,561.2194209603,14052.8277386673,13911.0166145372,13849.0579228591,60.60878643179,52.6982100280156,47.8019671284426,-531.732415353919,-251.350744123235,1.49011611938477e-08,1.49011611938477e-08,1.87331405047336,1.39365013592042,0.803406011512304,3.64343734604852,22,55
0.984,1000,55,561.821162588469,-68.6057829367376,561.821162588469,13987.5968623415,13561.6093569289,14190.2825913906,59.9156067025946,49.104122296933,48.0057760969554,-414.923158195572,-125.166096955791,1.49011611938477e-08,1.49011611938477e-08,1.81055219016889,1.57364842509405,1.47204391747796,2.27359351647508,22,55
0.985,1000,55,581.008397335074,528.52775095855,581.008397335074,13586.300524879,13644.6866141848,14519.0933362599,59.1139676718049,44.0293720229656,47.2132951295565,-344.902806589421,4.27887270361765,1.49011611938477e-08,1.49011611938477e-08,1.87170578023663,1.78204055965791,1.91659835614623,1.64086688089673,22,55
0.986,1000,55,551.138828698237,195.453431858765,551.138828698237,13281.7026386825,14052.6499126757,14377.0036361196,58.571771755177,39.1555919723448,45.6799498345776,-374.624612381297,79.385990561765,1.49011611938477e-08,1.49011611938477e-08,1.93622115624429,1.900020359474,2.52934950679414,1.44719248775741,22,55
0.987,1000,55,500.070788300724,428.477877540586,500.070788300724,13476.5907426028,14251.0981079317,13928.2597043269,59.0484460240856,37.0580231897246,43.7698002275607,-543.538307254953,62.4758762864026,1.49011611938477e-08,1.49011611938477e-08,1.95693270251419,1.74119615884455,3.12789491128266,1.56157871867386,22,55
0.988,1000,55,465.496996849409,503.8790722873,465.496996849409,13933.6000587646,13979.2511240252,13748.8367928475,60.0624334919016,39.3828997908521,41.8215333256579,-753.459429593663,-121.174898947931,1.49011611938477e-08,1.49011611938477e-08,1.90474810191303,1.48239618546225,0.743057144165237,2.05603735758823,22,55
0.989,1000,55,447.665970286118,516.837739507227,447.665970286118,14090.4597207418,13564.8976111603,14085.8660538935,60.3294638481301,44.5960424955904,40.2050833459025,-816.491943705245,-392.422820161654,1.49011611938477e-08,1.49011611938477e-08,1.80339984934789,1.38668647254687,1.49011611938477e-08,2.49347865651532,22,55
0.99,1000,55,429.809805885273,523.162191135202,429.809805885273,13775.2736715465,13527.4789980764,14506.0849272152,59.2804389078739,49.6272057996537,38.6262664515494,-726.123948099019,-559.997215140448,1.49011611938477e-08,1.49011611938477e-08,1.8375707510087,1.42178470150934,1.49011611938477e-08,2.18904145230375,22,55
0.991,1000,55,387.477083239831,528.525249383594,387.477083239831,13402.3356877476,13915.977955595,14491.0033217613,57.5656959860838,53.1325879197173,37.6014209273009,-616.891319814529,-566.908018945307,1.49011611938477e-08,1.49011611938477e-08,1.9207711962531,1.41248176614468,1.49011611938477e-08,2.4096744790835,22,55
0.992,1000,55,311.102589390395,531.50318695145,311.102589390395,13471.4698753557,14228.6238942046,14069.6518939939,56.6909607140906,54.91727988047,38.2408714138768,-543.386465549173,-459.861938838572,1.49011611938477e-08,1.49011611938477e-08,1.95235688045428,1.2687064784155,1.49011611938477e-08,5.22922683977114,22,55
0.993,1000,55,232.330984268251,533.901531908027,232.330984268251,13898.8295972973,14076.3253098053,13770.1438863921,57.0914031742249,55.1871931338228,40.505157691597,-510.54874883231,-301.750169472525,1.49011611938477e-08,1.49011611938477e-08,1.91902556920623,1.1481589935329,0.225418962206161,9.6890911137802,22,55
0.994,1000,55,293.508855218957,532.097036398132,293.508855218957,14149.480295135,13649.9647406405,13977.3293376659,57.728904720946,54.2601436084755,43.6945400451187,-472.778667641844,-179.216715708286,1.49011611938477e-08,1.49011611938477e-08,1.80369298068103,1.25962277890556,0.903649924108245,3.45397488007576,22,55
0.995,1000,55,532.788936829261,241.918313410056,532.788936829261,13945.4984692478,13494.1410386955,14430.8938835257,56.2732940173413,52.4219618407956,46.4038580007558,-383.712018682919,-130.818611501544,1.49011611938477e-08,1.49011611938477e-08,1.80396928081149,1.62741074659147,1.59587228526925,2.90738426907788,22,55
0.996,1000,55,600.171344844047,-10490.0163290678,600.171344844047,13564.5279678618,13813.1944284247,14577.1020767075,51.198278994896,50.2330058268114,47.1580840103592,-300.849693699359,-117.389761551773,1.49011611938477e-08,1.49011611938477e-08,1.89950568554746,2.07072546899046,2.35184330151762,3.27343659891895,22,55
0.997,1000,55,583.804881230882,-4677.46654693505,583.804881230882,13521.6719221904,14183.8900467208,14263.4736913187,43.3089264770507,48.5441682438461,46.1285512070068,-318.555540084125,-80.6063670497131,1.49011611938477e-08,1.49011611938477e-08,1.9530100071567,1.9874084698981,2.59469420501666,3.39079255106574,22,55
0.998,1000,55,531.462963917979,243.177930160861,531.462963917979,13880.1745267157,14134.0555723542,13898.8618623041,37.162583067105,48.2336070482408,44.7106587462509,-496.928129640994,-9.07230955968817,1.49011611938477e-08,1.49011611938477e-08,1.94521818212464,0.985150855506737,1.50369839332559,2.19028323546337,22,55
0.999,1000,55,357.00740116533,529.943194875869,357.00740116533,14175.3277611589,13716.2408411368,13971.6146055268,38.9530849964073,49.6310483165679,44.4967322829093,-743.942557564743,20.3693786521797,1.49011611938477e-08,1.49011611938477e-08,1.83445137775205,1.49011611938477e-08,0.619082146939821,1.34637639992462,22,55
1,1000,55,200.363188357104,534.861146143555,200.363188357104,14046.9959762157,13447.3515314324,14394.833967755,46.307817825768,51.9230135320588,45.3768296030098,-879.618187730548,-33.7690384841946,1.49011611938477e-08,1.49011611938477e-08,1.79226841907689,1.49011611938477e-08,1.49011611938477e-08,1.56291529230981,22,55
1.001,1000,55,312.744534478295,531.502126519934,312.744534478295,13607.6839917162,13679.8453940743,14585.2620659204,53.5126781078568,53.9937311478408,46.3021943120413,-865.697452886378,-110.278998458414,1.49011611938477e-08,1.49011611938477e-08,1.87801623508993,0.425680003378006,1.49011611938477e-08,2.36245573827514,22,55
1.002,1000,55,593.47941155854,532.181068643508,593.47941155854,13427.552710662,14116.3432751343,14304.1039668263,59.1681540714041,55.3434088350416,47.7058153574915,-797.194175773478,-192.277419726066,1.49011611938477e-08,1.49011611938477e-08,1.94117597774442,0.798882916252724,1.49011611938477e-08,3.38761054364644,22,55
1.003,1000,55,595.324532797265,533.808964657817,595.324532797265,13728.538921801,14220.4528292469,13892.5326610788,61.1847316604385,55.4318501948382,48.2239388363986,-674.695385913848,-270.139337363407,1.49011611938477e-08,1.49011611938477e-08,1.94869049525397,1.13498411271407,1.49011611938477e-08,4.30127091509498,22,55
1.004,1000,55,558.402695300299,409.306547758942,558.402695300299,14065.6233789271,13887.0142281238,13857.4690332702,60.6022114135609,53.7807048695904,48.1137819457353,-517.572779296436,-254.574553042102,1.49011611938477e-08,1.49011611938477e-08,1.86670474862621,1.40722364399991,0.82218549363789,3.72395442549848,22,55
1.005,1000,55,576.028818956715,-259.155892033994,576.028818956715,13979.1572481064,13550.8938566858,14222.249074379,59.9208319777286,50.0282045852439,48.1710169853002,-402.208134064811,-120.880324612782,1.49011611938477e-08,1.49011611938477e-08,1.81017630925853,1.58884972363883,1.50081922129255,2.26783261470309,22,55
1.006,1000,55,579.488155363809,-3726.92928054621,579.488155363809,13566.0605880121,13661.768926641,14529.6273510088,59.0833835595932,44.8450629546883,47.0954158816179,-335.653264809395,2.99091269758693,1.49011611938477e-08,1.49011611938477e-08,1.87603554109687,1.80500811107002,1.93264583071541,1.64580486129083,22,55
1.007,1000,55,547.247253802282,96.0029648796386,547.247253802282,13283.2885051295,14073.0382774808,14360.6091040905,58.604002944039,39.9526218946799,45.3598056320851,-371.765606922089,83.0513784411369,1.49011611938477e-08,1.49011611938477e-08,1.93781718123642,1.91247124562324,2.59738408836334,1.45452242288837,22,55
1.008,1000,55,497.852249507845,438.163955646675,497.852249507845,13505.2149213004,14245.5704346209,13910.4648706975,59.1781978598138,37.8391101629058,43.2991323281954,-548.387711713855,61.8673536701278,1.49011611938477e-08,1.49011611938477e-08,1.95668968371495,1.72893633179361,3.00821834322547,1.57349003346451,22,55
1.009,1000,55,459.216497742809,509.058843404046,459.216497742809,13957.7075423203,13951.8098345597,13761.1988669369,60.2674533033299,40.1542328500798,41.2077175111348,-757.772490520732,-127.813405795216,1.49011611938477e-08,1.49011611938477e-08,1.89731388631211,1.45799198226466,0.697984296168726,2.08749311602703,22,55
1.01,1000,55,451.686386835141,514.249077615817,451.686386835141,14085.8512260539,13546.3882638091,14118.2344369359,60.6138707030337,45.179180505623,39.3852165751777,-815.240915632513,-394.186892791976,1.49011611938477e-08,1.49011611938477e-08,1.80032196975993,1.35459805656541,1.49011611938477e-08,2.54055638779825,22,55
1.011,1000,55,441.757242618833,519.410460828952,441.757242618833,13753.9770335959,13538.7602455132,14524.9971507179,59.6494639952443,50.005317496023,37.6136750756166,-729.898656170278,-547.002223649045,1.49011611938477e-08,1.49011611938477e-08,1.84207469812421,1.37785179789883,1.49011611938477e-08,2.25305666401215,22,55
1.012,1000,55,401.363918221161,527.535442915108,401.363918221161,13394.8607701206,13938.9692464394,14481.8467119429,58.0624294732752,53.324872865482,36.4915510345546,-617.781974755614,-550.111829983452,1.49011611938477e-08,1.49011611938477e-08,1.92368098492162,1.35171990703529,1.49011611938477e-08,2.55705710851413,22,55
1.013,1000,55,320.144882816719,531.236845436686,320.144882816719,13492.4844097411,14231.6378440968,14052.6038516258,57.3254269341099,54.9497682555545,37.1860301081841,-547.476067430622,-438.266365803261,1.49011611938477e-08,1.49011611938477e-08,1.95303890240077,1.20402864864176,1.49011611938477e-08,6.25344701292033,22,55
1.014,1000,55,240.689581211553,533.637348535403,240.689581211553,13922.0168510352,14052.4825847596,13776.5748614787,57.8364822730231,55.0677436931979,39.6432300241193,-516.939600656637,-278.355568275421,1.49011611938477e-08,1.49011611938477e-08,1.91360830889662,1.1024006111759,0.25729194137403,7.33956487111175,22,55
1.015,1000,55,302.394653448703,531.815222097748,302.394653448703,14148.8078315285,13626.8662173387,14009.7730008134,58.5057137838141,53.9907968955014,43.0599107312857,-478.030963812208,-158.307634041125,1.49011611938477e-08,1.49011611938477e-08,1.79943046398359,1.23634801020078,0.932368036192001,3.05359364405419,22,55
1.016,1000,55,546.59457674887,111.567185902116,546.59457674887,13923.9923614337,13499.5354769609,14460.6581197267,56.9250400281144,51.9792116403032,45.8741763724885,-391.125276652548,-113.134694325742,1.49011611938477e-08,1.49011611938477e-08,1.80863792395522,1.61483473908161,1.62977985862248,2.65813310306486,22,55
1.017,1000,55,600.233015009182,-10514.6297969984,600.233015009182,13549.2768889691,13837.4385097761,14579.6307869732,51.6932609561923,49.6449926672796,46.6067734237887,-304.837928132415,-98.9943545633116,1.49011611938477e-08,1.49011611938477e-08,1.90417023808385,2.04654156178677,2.37898199941312,2.99813729719493,22,55
1.018,1000,55,583.545028500669,529.448331225952,583.545028500669,13533.1988613008,14193.7537476234,14247.1470980391,43.8049537161391,47.8614510129989,45.5738645798384,-330.494232917367,-60.0977168811755,1.49011611938477e-08,1.49011611938477e-08,1.95451680173064,1.91555547362693,2.58782945420579,3.02806068921268,22,55
1.019,1000,55,527.867598391887,271.809348186349,527.867598391887,13903.5312202262,14117.9820747121,13897.5505320997,37.9974569177316,47.5415435385028,44.2172232373647,-515.391411054551,9.86395831215701,1.49011611938477e-08,1.49011611938477e-08,1.94154845586706,0.938750870457059,1.48144244237021,1.94830987375655,22,55
1.02,1000,55,345.77926016138,530.361022931885,345.77926016138,14179.6706867157,13692.769096805,13998.2569653895,40.0102026444909,48.9431280194465,44.0863805616674,-757.992529412681,32.8471508174318,1.49011611938477e-08,1.49011611938477e-08,1.82845905040782,1.49011611938477e-08,0.615426342647968,1.25447634018791,22,55
1.021,1000,55,232.149105900801,533.909961525881,232.149105900801,14027.5127553156,13447.8184146011,14426.2127816272,47.1090903417811,51.1814134085601,44.9573531672559,-878.476208040047,-22.0481073340506,1.49011611938477e-08,1.49011611938477e-08,1.79503722709638,1.49011611938477e-08,1.49011611938477e-08,1.50953138394974,22,55
1.022,1000,55,352.422732619111,530.197850650947,352.422732619111,13580.0334353227,13706.6486194078,14583.9859003558,54.0717116550715,53.2412621039129,45.966553022418,-862.309811734483,-99.2282692710848,1.49011611938477e-08,1.49011611938477e-08,1.88371369154913,0.444014918692211,1.49011611938477e-08,2.2300939851465,22,55
1.023,1000,55,604.826689619031,539.040471039923,604.826689619031,13428.9363854451,14136.2193930937,14283.4996182839,59.3363870091687,54.5538150476373,47.3224141449968,-792.756466320827,-180.018548600307,1.49011611938477e-08,1.49011611938477e-08,1.94298974705962,0.805360927533486,1.49011611938477e-08,3.12736155778379,22,55
1.024,1000,55,593.22690653657,-7488.31492776491,593.22690653657,13747.0506702742,14211.9997949364,13884.1366603203,61.0100553687294,54.6035046850844,47.7633665149781,-670.169929074614,-253.886820544559,1.49011611938477e-08,1.49011611938477e-08,1.94712118743028,1.12952767430835,0.140915198886534,3.85503414333228,22,55
1.025,1000,55,550.786234558903,205.15357641067,550.786234558903,14067.3336723973,13862.7501678455,13875.8918495834,60.2946880852145,52.9200843754059,47.7025821973523,-517.74059445342,-230.898429060968,1.49011611938477e-08,1.49011611938477e-08,1.86161680850018,1.3853598292607,0.882920937049737,3.27391988187415,22,55
1.026,1000,55,576.811406107984,-474.120472386821,576.811406107984,13958.9952294381,13545.2381793295,14249.9551874148,59.5975440607055,49.0853979958584,47.9869185657919,-411.258807439261,-103.53735319801,1.49011611938477e-08,1.49011611938477e-08,1.81221769997552,1.56264896877402,1.54430940192387,2.04704359892571,22,55
1.027,1000,55,579.673296755157,527.608598730065,579.673296755157,13535.821725966,13683.4641369299,14535.1924805515,58.7175376281642,43.927059668166,47.1560652095504,-344.982197699445,22.4676232303376,1.49011611938477e-08,1.49011611938477e-08,1.88173978166122,1.77259977800183,1.92851907399259,1.52181221245755,22,55
1.028,1000,55,545.019973884006,109.447004372711,545.019973884006,13275.6570658409,14095.1069850141,14338.4232402942,58.2100211051706,39.2229916538431,45.6236104576916,-390.25730678062,93.9458267784914,1.49011611938477e-08,1.49011611938477e-08,1.94004102144844,1.86685209144843,2.66365426181871,1.37937136339987,22,55
1.029,1000,55,492.736080599394,452.726566711157,492.736080599394,13523.4660426024,14243.2219173928,13888.7992958552,58.7880775403873,37.5520060719999,43.7189253268256,-574.938338351078,58.8642266864396,1.49011611938477e-08,1.49011611938477e-08,1.95718419143124,1.6815729464167,2.80212687228147,1.53388634412373,22,55
1.03,1000,55,464.825316305279,504.538972715087,464.825316305279,13972.7230675968,13929.0493891256,13768.3210095469,59.8187583110276,40.3231718019777,41.7710958488223,-778.06724460974,-146.374507514197,1.49011611938477e-08,1.49011611938477e-08,1.89197618112315,1.43404466562488,0.627048815157239,2.06918602527503,22,55
1.031,1000,55,446.712761843228,517.3023872243,446.712761843228,14073.6296570024,13533.9651020767,14144.511438848,59.978596517044,45.6229645920745,40.0719506677255,-820.555346436385,-404.310929675338,1.49011611938477e-08,1.49011611938477e-08,1.79991094213889,1.35885394255368,1.49011611938477e-08,2.46804504749358,22,55
1.032,1000,55,427.552649445192,523.691969920002,427.552649445192,13724.5945190872,13555.638491425,14536.2133415561,58.7886964196011,50.5307795296055,38.3310561808684,-723.388141714587,-561.298102789193,1.49011611938477e-08,1.49011611938477e-08,1.84796975406733,1.39794173240972,1.49011611938477e-08,2.17256083478213,22,55
1.033,1000,55,382.403243318729,528.824357492849,382.403243318729,13382.5843085901,13965.1314430098,14461.5871743467,57.0508911293275,53.8596666615333,37.2911277463266,-610.251413083976,-554.409182857281,1.49011611938477e-08,1.49011611938477e-08,1.92676345013513,1.37131450366632,1.49011611938477e-08,2.53352016192916,22,55
1.034,1000,55,300.206688956802,531.836924488912,300.206688956802,13509.7709037927,14236.1291144029,14023.9033631144,56.2776942327868,55.4814480888339,38.0355462898814,-541.299344297019,-435.454323321089,1.49011611938477e-08,1.49011611938477e-08,1.95344255054844,1.21453906005791,1.49011611938477e-08,6.42407608128257,22,55
1.035,1000,55,233.11055233444,533.877524575544,233.11055233444,13944.9248432216,14032.8121809195,13772.1946136504,56.7768274129684,55.6136188325673,40.4455618684444,-510.701470959816,-274.3224324287,1.49011611938477e-08,1.49011611938477e-08,1.90780157299841,1.109273049638,0.328298981455096,7.08924527308927,22,55
1.036,1000,55,315.011582038043,531.426006780039,315.011582038043,14147.6332715988,13609.1306101857,14030.9906044315,57.3394443803968,54.5759140048827,43.7365318584156,-471.30305233996,-161.902287491621,1.49011611938477e-08,1.49011611938477e-08,1.79560071480842,1.24811352304399,0.98173268094704,3.06206401619423,22,55
1.037,1000,55,559.04285923535,-32.2336610383054,559.04285923535,13901.3553647641,13509.5440772905,14475.75744729,55.5292677090291,52.6380998986759,46.3494980161137,-379.29412853006,-116.255830743434,1.49011611938477e-08,1.49011611938477e-08,1.8135737263333,1.62950509731327,1.69250891239554,2.70031167972822,22,55
1.038,1000,55,598.797299579924,535.592390152824,598.797299579924,13535.3130233724,13863.336280456,14565.3668459836,50.0850421946117,50.4389503155799,46.9630753108093,-299.899499519309,-100.691059680072,1.49011611938477e-08,1.49011611938477e-08,1.90870411619257,2.03759514088407,2.45607715979682,3.02803197593565,22,55
1.039,1000,55,580.5793305892,528.258954358034,580.5793305892,13546.6418033016,14203.2264296574,14217.1500073263,42.1551221293456,48.8377465369916,45.9315556738955,-339.571022832972,-58.2529256296559,1.49011611938477e-08,1.49011611938477e-08,1.95589089398009,1.82863076184892,2.56176337609432,2.96640772782986,22,55
1.04,1000,55,518.717550201879,334.212317609981,518.717550201879,13926.7153155544,14098.4937855669,13882.8578228486,36.9313568646264,48.7327010536768,44.7404620597692,-537.340519468928,8.57996400840593,1.49011611938477e-08,1.49011611938477e-08,1.93721806365056,0.837925672045515,1.3926405608315,1.86364393611448,22,55
1.041,1000,55,331.026080068141,530.850802835779,331.026080068141,14183.7715223717,13667.2835305661,14012.6568763486,39.8131222801616,50.3125128113506,44.7394790773057,-769.005355527475,22.6673792163234,1.49011611938477e-08,1.49011611938477e-08,1.82215596929805,1.49011611938477e-08,0.534325447135741,1.26439152682157,22,55
1.042,1000,55,207.421936863411,534.647441662214,207.421936863411,14008.5685925351,13447.6447938653,14443.7210776928,47.2771517389028,52.6435763268827,45.549365191223,-887.578556685,-41.8465525240017,1.49011611938477e-08,1.49011611938477e-08,1.79772239968641,1.49011611938477e-08,1.49011611938477e-08,1.6173451517811,22,55
1.043,1000,55,354.070015054798,530.169597928363,354.070015054798,13561.2909427867,13729.2409788908,14575.8096617755,54.3534543683453,54.6980750041581,46.4408918764184,-863.514273979325,-122.526833501875,1.49011611938477e-08,1.49011611938477e-08,1.88841099004303,0.460332869223247,1.49011611938477e-08,2.44849488008679,22,55
1.044,1000,55,605.019592986716,539.239401147966,605.019592986716,13438.8889714009,14151.1115799269,14257.0111621906,59.5555504743476,55.9726960082535,47.6353939905381,-786.343154403443,-204.528914782391,1.49011611938477e-08,1.49011611938477e-08,1.94466108759054,0.824569340388807,1.49011611938477e-08,3.47021985726371,22,55
1.045,1000,55,592.112720406334,532.437524769228,592.112720406334,13774.8152178138,14200.0396928207,13866.8322319232,61.1204096352623,55.910335522398,47.971357626194,-656.096988118888,-271.883793755928,1.49011611938477e-08,1.49011611938477e-08,1.94452528664372,1.14905741103854,0.0792736420172727,4.2094213906725,22,55
1.046,1000,55,547.84598333459,145.755766694919,547.84598333459,14079.1864746331,13838.82587154,13886.7514768101,60.3863340880582,54.0449970682242,47.8605640258572,-507.54030171463,-238.869287695836,1.49011611938477e-08,1.49011611938477e-08,1.85505435897364,1.40420516687645,0.898583480854642,3.37560147525248,22,55
1.047,1000,55,584.784587468984,-386.445521272462,584.784587468984,13944.3363206207,13537.7820843941,14275.7104297292,59.7619824418358,50.0726060052023,47.9925026282591,-397.206538123537,-98.2963792777337,1.49011611938477e-08,1.49011611938477e-08,1.81289038673011,1.58231714479769,1.56735058559293,2.04828300431115,22,55
1.048,1000,55,580.807603667571,-3993.76160044422,580.807603667571,13513.8455708591,13702.4839279706,14537.3319636926,58.9275578882175,44.8417656504671,46.9436105033937,-337.189208925127,28.1626888747266,1.49011611938477e-08,1.49011611938477e-08,1.88600772050928,1.7922504961681,1.94249224500482,1.51705467741682,22,55
1.049,1000,55,547.065870384712,95.0587178689032,547.065870384712,13278.6005726183,14113.1531294162,14315.00704824,58.4847610342549,40.1691591823391,45.2387416363923,-392.031057547583,95.9449592816274,1.49011611938477e-08,1.49011611938477e-08,1.94148832230368,1.87428094400443,2.75754438983495,1.38039782980327,22,55
1.05,1000,55,501.723776305786,422.100783529616,501.723776305786,13552.2570326515,14233.9612288086,13868.6564509014,59.0700098536807,38.5288317886643,43.2321953155107,-582.460070470126,50.2671161992182,1.49011611938477e-08,1.49011611938477e-08,1.95654089755508,1.67682797959966,2.66348237904431,1.55367786970195,22,55
1.051,1000,55,447.487740117058,516.642581674442,447.487740117058,13994.9017122425,13901.4952853204,13780.4876384395,60.0304946210471,41.2701659331678,41.2926734942686,-772.426107271071,-151.783531779568,1.49011611938477e-08,1.49011611938477e-08,1.88425640856085,1.43342900736084,0.575331385451752,2.12114798046113,22,55
1.052,1000,55,437.540074672422,520.985411119525,437.540074672422,14065.4073351125,13519.1018986718,14173.1972247485,60.1542147824505,46.3840267856048,39.6671450691502,-812.225443243021,-420.176692293651,1.49011611938477e-08,1.49011611938477e-08,1.79811763762657,1.36170001748187,1.49011611938477e-08,2.47270968792933,22,55
1.053,1000,55,418.085611237909,525.484263234837,418.085611237909,13700.5719660394,13570.1728542819,14546.0813759489,59.0063480218714,51.0859340760825,38.0504567723171,-713.277590093969,-565.205712622402,1.49011611938477e-08,1.49011611938477e-08,1.85284581976523,1.397272079484,1.49011611938477e-08,2.17095879429646,22,55
1.054,1000,55,374.476747283577,529.235003552813,374.476747283577,13374.9548126133,13987.873299654,14441.8909750919,57.449281723187,54.2311045680229,37.1745118013408,-604.607905190273,-549.878322824978,1.49011611938477e-08,1.49011611938477e-08,1.92925899529254,1.3644870335402,1.49011611938477e-08,2.61059421772976,22,55
1.055,1000,55,292.940682624595,532.073901769912,292.940682624595,13530.623641286,14237.0886820864,13998.4919305898,56.8524304223639,55.6952744866467,38.0346514545085,-538.180805286713,-428.697164507792,1.49011611938477e-08,1.49011611938477e-08,1.95355226552661,1.21753243121388,1.49011611938477e-08,7.0613633838464,22,55
1.056,1000,55,220.731357339613,534.251726892244,220.731357339613,13966.2131892103,14008.890785728,13772.5633297667,57.3950608202405,55.6719601724461,40.4982044465627,-506.457690033291,-278.627061601343,1.49011611938477e-08,1.49011611938477e-08,1.90108185551148,1.13899211292345,0.348616469536568,6.72907110039778,22,55
1.057,1000,55,306.654720234962,531.684451534918,306.654720234962,14144.7839461942,13590.5683484647,14055.3633677031,57.7812681366511,54.4708796980093,43.7923794280932,-457.76370417536,-164.134392970459,1.49011611938477e-08,1.49011611938477e-08,1.79161329548771,1.30372433746055,1.01550645748695,3.06960613957703,22,55
1.058,1000,55,559.361831271484,-34.4708535817421,559.361831271484,13877.790317919,13519.9800446205,14491.8225240905,55.6212466269086,52.3652979770788,46.3719839897094,-359.989749114941,-120.286220267585,1.49011611938477e-08,1.49011611938477e-08,1.81828857503658,1.70611621614071,1.7381841764642,2.76133261887465,22,55
1.059,1000,55,598.714908394182,535.489183441019,598.714908394182,13521.4490526993,13888.8465223263,14552.6913856797,49.8325393985203,50.0466032017304,46.9391101538031,-284.555267692183,-104.102759577758,1.49011611938477e-08,1.49011611938477e-08,1.91280996524768,2.11854242023472,2.51031320508353,3.12050034261034,22,55
1.06,1000,55,579.663557801534,527.795895687851,579.663557801534,13559.7685506344,14211.34428169,14188.6870267963,41.6667264758526,48.4021218343557,45.8863342467011,-334.979475709215,-59.5994738739742,1.49011611938477e-08,1.49011611938477e-08,1.95706030045319,1.85566365385735,2.57197363382067,3.02883194733749,22,55
1.061,1000,55,513.629645041639,365.343604526483,513.629645041639,13947.9486180725,14080.2634058001,13872.5849221013,36.6081189357992,48.3411324061236,44.748616231325,-528.921683463433,2.83160078321513,1.49011611938477e-08,1.49011611938477e-08,1.93240079035852,0.823591079656185,1.34985820785798,1.88431710667311,22,55
1.062,1000,55,321.66463648665,531.176755431767,321.66463648665,14183.4939523571,13645.5303489134,14029.2283794733,39.8365939819902,49.9909069904978,44.8096116350214,-771.201500179327,13.3202629935914,1.49011611938477e-08,1.49011611938477e-08,1.81632001392258,1.49011611938477e-08,0.491501604939651,1.3187101881562,22,55
1.063,1000,55,229.872214187016,533.975455095496,229.872214187016,13986.2282500305,13452.2055105564,14462.4331005437,47.3462887445761,52.3404873402516,45.5853914235701,-879.463095987719,-55.5579636655295,1.49011611938477e-08,1.49011611938477e-08,1.80081836157148,1.49011611938477e-08,1.49011611938477e-08,1.71836628063663,22,55
1.064,1000,55,385.472170916637,528.723484125848,385.472170916637,13541.202951292,13757.0452608638,14566.0679023565,54.3117199096389,54.4281496675168,46.448549066641,-850.348509907839,-134.43750632019,1.49011611938477e-08,1.49011611938477e-08,1.89316466798335,0.504597975672047,1.49011611938477e-08,2.57187982847866,22,55
1.065,1000,55,605.930768511254,540.192179950634,605.930768511254,13447.6354627632,14168.2453450884,14229.3337710451,59.2270184494436,55.6811289874864,47.5264567174093,-770.223722623575,-214.953348827501,1.49011611938477e-08,1.49011611938477e-08,1.94605261991134,0.86009627450157,1.49011611938477e-08,3.60637956041032,22,55
1.066,1000,55,589.857029011629,531.591238837004,589.857029011629,13796.7063818071,14187.6076955896,13853.8577617291,60.5615503475701,55.5762028279302,47.7665723743206,-646.589770450537,-273.186439581015,1.49011611938477e-08,1.49011611938477e-08,1.94188804847747,1.17514571868397,0.15733668001295,4.24406100027247,22,55
1.067,1000,55,538.312935217474,183.044078187498,538.312935217474,14080.5957622248,13813.6526733066,13900.1969116171,59.8230540996758,53.6841964649322,47.6746908185391,-496.347192966162,-229.204965547493,1.49011611938477e-08,1.49011611938477e-08,1.84950156008599,1.41268950429121,0.926505050758786,3.24580007415164,22,55
1.068,1000,55,586.739183560961,-5329.72036096922,586.739183560961,13929.6370750519,13534.3115525937,14300.6405352323,59.2473278326026,49.6643024482442,47.7994490917211,-391.705188770101,-83.6607959239268,1.49011611938477e-08,1.49011611938477e-08,1.81489470826562,1.58444861070198,1.59054013811958,1.95517132569064,22,55
1.069,1000,55,578.752505129853,-3575.11185773356,578.752505129853,13492.576983471,13724.97914757,14537.9685087969,58.4486689563532,44.5160057566076,46.7172423031873,-339.195939732259,40.7361253251091,1.49011611938477e-08,1.49011611938477e-08,1.89077954488932,1.78718443086005,1.95307491616017,1.4574634878499,22,55
1.07,1000,55,536.248688724964,202.628332548853,536.248688724964,13282.6358985734,14132.9513171847,14291.8299891101,58.0905420830903,40.1051256452547,44.9972905108963,-405.385736244361,102.995452717843,1.49011611938477e-08,1.49011611938477e-08,1.94312057761156,1.8502805783718,2.91097901541495,1.34268958648394,22,55
1.071,1000,55,481.536248407749,479.778949397957,481.536248407749,13578.1289690648,14227.9037198101,13851.9418905085,58.8326076172628,38.9275210192451,42.9934280988996,-594.256849637826,55.9146848894554,1.49011611938477e-08,1.49011611938477e-08,1.95607570041142,1.63062717250152,2.40169924436137,1.52970561722085,22,55
1.072,1000,55,466.440332406334,502.486826814076,466.440332406334,14010.0553600756,13877.071723422,13793.880114645,59.9486881149377,42.0630318394489,41.0379008858896,-795.710654592976,-157.721275110938,1.49011611938477e-08,1.49011611938477e-08,1.87841804524571,1.37915855584271,0.47779414432448,2.0918872657022,22,55
1.073,1000,55,451.504043057523,514.763861310856,451.504043057523,14051.4351155593,13508.0759902445,14202.2942836497,60.1671112122026,47.3593497622802,39.3517268108687,-828.645215187196,-420.452702998672,1.49011611938477e-08,1.49011611938477e-08,1.79872301710318,1.30263077509216,1.49011611938477e-08,2.45509753059732,22,55
1.074,1000,55,434.886824178503,521.77748953429,434.886824178503,13674.2620307027,13588.1514912204,14559.4561106987,59.0775348565891,52.0951652813161,37.6092683700171,-727.066072825275,-556.189624091868,1.49011611938477e-08,1.49011611938477e-08,1.85873608204661,1.32629392632491,1.49011611938477e-08,2.21440251939386,22,55
1.075,1000,55,387.55631136891,528.517244659581,387.55631136891,13369.7557660476,14011.6546200899,14428.9914759672,57.5539777921752,55.2262601062727,36.6991007324261,-618.525460346909,-532.776675619965,1.49011611938477e-08,1.49011611938477e-08,1.93200049933103,1.27574493250678,1.49011611938477e-08,2.79013697434338,22,55
1.076,1000,55,298.438260400118,531.897602662441,298.438260400118,13551.9981002027,14236.730445539,13983.3684155064,56.9993565934681,56.6606956758348,37.6813784220927,-555.028111802919,-412.005366041268,1.49011611938477e-08,1.49011611938477e-08,1.95385414701114,1.12114296793033,1.49011611938477e-08,9.06713747739225,22,55
1.077,1000,55,240.153974772617,533.665792991792,240.153974772617,13986.4320876167,13985.8601305854,13784.173606063,57.5924695044193,56.6074545232011,40.3748341267265,-521.77779057594,-249.609043132004,1.49011611938477e-08,1.49011611938477e-08,1.8956023082206,1.05614708889737,0.386908326986676,5.14179646636819,22,55
1.078,1000,55,343.306843701286,530.525973694842,343.306843701286,14137.7963953365,13572.7721152684,14089.6640051896,57.9776939697774,55.3800788245582,43.8537687172276,-471.777734201202,-136.1972698638,1.49011611938477e-08,1.49011611938477e-08,1.79011889317434,1.23662163170831,1.05718634140739,2.65721485093043,22,55
1.079,1000,55,588.898204720631,-5670.73353951191,588.898204720631,13852.8898718916,13531.2340799577,14517.3218516826,55.7088802722277,53.2607848722326,46.4323726447049,-372.993135874614,-95.3768013188938,1.49011611938477e-08,1.49011611938477e-08,1.82466056946912,1.63585651062723,1.79663359461238,2.44596097558351,22,55
1.08,1000,55,597.869963453408,-9373.34881340921,597.869963453408,13508.5353466387,13913.227056855,14549.2961201166,49.8624072133203,50.9848100751639,46.9602252803339,-303.130800846348,-78.0220830598589,1.49011611938477e-08,1.49011611938477e-08,1.91727695731769,2.00870049434578,2.5816943252682,2.71550721396459,22,55
1.081,1000,55,577.248962191979,-3320.41648836725,577.248962191979,13573.9408479531,14216.5427270473,14172.7711451056,41.9312864946657,49.4171059703758,45.964931427984,-358.111455247601,-34.3669964321106,1.49011611938477e-08,1.49011611938477e-08,1.95836287588815,1.69249162347368,2.55386981122987,2.52354694075376,22,55
1.082,1000,55,504.482369264137,409.700967184075,504.482369264137,13968.4446355515,14059.1360265571,13875.898118276,37.5463885631239,49.4507453971408,44.9793346034921,-567.209535327136,26.6971050750233,1.49011611938477e-08,1.49011611938477e-08,1.9280683116599,0.731880481043612,1.30867572260861,1.5741457465255,22,55
1.083,1000,55,318.961739091826,531.261250031915,318.961739091826,14183.2392047829,13622.5379578499,14060.1293403048,41.1735880175642,51.138769807343,45.1312902715151,-804.300001454847,26.6842583061712,1.49011611938477e-08,1.49011611938477e-08,1.81222551355694,1.49011611938477e-08,0.463524584394297,1.18642269226886,22,55
1.084,1000,55,217.979481493216,534.331324897609,217.979481493216,13963.3401455509,13456.3383933878,14491.1096282798,48.5381404603523,53.4597002507023,45.8211188710464,-898.031085181153,-49.1278787343194,1.49011611938477e-08,1.49011611938477e-08,1.80556508128696,1.49011611938477e-08,1.49011611938477e-08,1.63969647913408,22,55
1.085,1000,55,400.247705788042,527.76137201878,400.247705788042,13517.7141754978,13781.8435808245,14564.7506523681,55.429381129577,55.4677002662662,46.7049824395646,-864.807432892108,-128.839289906606,1.49011611938477e-08,1.49011611938477e-08,1.89843763704452,0.490870360028945,1.49011611938477e-08,2.45770531324104,22,55
1.086,1000,55,605.902589844592,540.222222404964,605.902589844592,13452.7768502058,14181.4612331634,14211.1803429251,60.1120745239814,56.6280042458443,47.7027432054545,-785.401063650416,-205.763619319521,1.49011611938477e-08,1.49011611938477e-08,1.94777205753219,0.842375636712794,1.49011611938477e-08,3.40651919199858,22,55
1.087,1000,55,588.339722954407,-5883.7446629357,588.339722954407,13816.5727052544,14175.0038002249,13848.5966782457,61.2133023100443,56.3778206323326,47.8961396739297,-650.518792767053,-265.043968158424,1.49011611938477e-08,1.49011611938477e-08,1.93931441847625,1.15361783682097,0.264764102408148,3.92271050264744,22,55
1.088,1000,55,534.233577592296,219.350486792008,534.233577592296,14082.4551228292,13791.8370857189,13921.6584048842,60.3129486913538,54.2678962636592,47.8509465188012,-495.433635502323,-213.972579776238,1.49011611938477e-08,1.49011611938477e-08,1.84476510682003,1.39389604815584,0.987976047609275,2.97814136772538,22,55
1.089,1000,55,589.33400766301,531.236855643474,589.33400766301,13907.2405436127,13531.6866472803,14331.5112956609,59.6094263024598,50.0762316519702,48.0299285983554,-387.983489968358,-69.7752015026048,1.49011611938477e-08,1.49011611938477e-08,1.81763758687708,1.57954530161893,1.63221822660969,1.85619623638847,22,55
1.09,1000,55,578.65024700204,-3602.35203417927,578.65024700204,13466.3946424764,13747.2118606817,14542.8165784459,58.6846815178531,44.780027367424,47.0201952574874,-337.137878791303,46.0893658427851,1.49011611938477e-08,1.49011611938477e-08,1.89558543989256,1.79068674266989,1.94143874697525,1.41736664685003,22,55
1.091,1000,55,540.313890835411,166.492582248763,540.313890835411,13282.7782318026,14149.734266547,14269.6110630806,58.2827461194164,40.3264395956716,45.3666912218614,-403.852031442727,107.644458630854,1.49011611938477e-08,1.49011611938477e-08,1.94472787451695,1.84617807342783,2.95189820387247,1.32942342986712,22,55
1.092,1000,55,493.322872482953,450.928921665194,493.322872482953,13603.093972479,14216.6934346023,13834.9131640098,58.9618998011725,39.1689583224754,43.3992890331024,-604.58276156085,48.8662015250791,1.49011611938477e-08,1.49011611938477e-08,1.955173462865,1.62569528541766,2.33178756909118,1.54705119254531,22,55
1.093,1000,55,446.992964840497,517.230101286508,446.992964840497,14027.7340302555,13850.722724007,13808.9558435072,59.9093270593803,42.3441259408537,41.4832281637829,-795.781432219689,-181.04010157379,1.49011611938477e-08,1.49011611938477e-08,1.87082067201548,1.39714638499242,0.443429015843752,2.15176005274855,22,55
1.094,1000,55,433.69495629928,522.165993497767,433.69495629928,14040.6727480421,13498.6296884156,14230.2387928362,59.8975465464727,47.5473405244125,39.7993453097629,-812.303884157126,-445.237084352079,1.49011611938477e-08,1.49011611938477e-08,1.79803809607335,1.34540464709018,1.49011611938477e-08,2.43104003837844,22,55
1.095,1000,55,411.365609079734,526.428701456768,411.365609079734,13650.6124785142,13607.5002163105,14564.1402066301,58.604819562376,52.1474990184574,38.0693681055517,-704.369625844859,-570.938127057721,1.49011611938477e-08,1.49011611938477e-08,1.86367881237386,1.38196260813545,1.49011611938477e-08,2.14855733842238,22,55
1.096,1000,55,363.886147433637,529.704383821201,363.886147433637,13365.7181942322,14034.9338719859,14402.3794409224,57.0623425685967,55.1417697975139,37.2397190731267,-602.719971266154,-543.307529079851,1.49011611938477e-08,1.49011611938477e-08,1.93412961843648,1.3316889550212,1.49011611938477e-08,2.75140532680519,22,55
1.097,1000,55,285.700795109668,532.284507513351,285.700795109668,13575.7010134722,14236.0799029899,13954.229789585,56.5686998792014,56.4663208354146,38.2223461644985,-537.303209291382,-415.115482091238,1.49011611938477e-08,1.49011611938477e-08,1.95342853128575,1.17740907174016,1.49011611938477e-08,8.98120209080347,22,55
1.098,1000,55,222.805730649768,534.189636004013,222.805730649768,14007.8713540142,13962.2128385353,13782.89966997,57.1649867167576,56.318823441893,40.8049195903632,-502.996611049208,-256.048873212496,1.49011611938477e-08,1.49011611938477e-08,1.88795572188929,1.11935727049556,0.432732071845956,5.51048046821844,22,55
1.099,1000,55,328.16766496966,531.024662639343,328.16766496966,14134.7866713872,13558.2413750091,14109.8939292918,57.3877878244354,55.0220870735814,44.1563028916417,-447.354904984243,-147.874654970478,1.49011611938477e-08,1.49011611938477e-08,1.78665525904386,1.31319880810122,1.09973800241142,2.84255026028032,22,55
1.1,1000,55,584.23305240571,-375.12774594779,584.23305240571,13831.4230790525,13545.9348177536,14525.6034278786,54.8344759786597,52.8638930025093,46.6173777537337,-346.84392643462,-109.224664455199,1.49011611938477e-08,1.49011611938477e-08,1.82922078076678,1.72944811765324,1.84465995589928,2.64994118541058,22,55
1.101,1000,55,597.405183743939,534.799767005083,597.405183743939,13500.8514491214,13938.9478016797,14528.3852169033,48.6823437985965,50.5828483688413,47.0661180144236,-284.441257425696,-92.6068208070807,1.49011611938477e-08,1.49011611938477e-08,1.92072414027716,2.10219559883273,2.6334850374421,2.97109108727764,22,55
1.102,1000,55,576.293983339504,-3156.75651246768,576.293983339504,13592.9234264474,14222.3970722782,14139.4600554231,40.564173125745,49.0830601722411,46.0397858542774,-350.170463253893,-45.9058994532929,1.49011611938477e-08,1.49011611938477e-08,1.9590343265449,1.71472320910882,2.50994334744856,2.74074261579094,22,55
1.103,1000,55,500.054072916063,427.665209257055,500.054072916063,13991.6841829091,14038.6398790621,13863.7240764999,36.4793147454766,49.2429454912585,45.1124390339966,-567.520226519585,12.7018101577037,1.49011611938477e-08,1.49011611938477e-08,1.92189236158652,0.704433543008752,1.23903819896606,1.68790535042057,22,55
1.104,1000,55,303.402671879299,531.737937779562,303.402671879299,14182.6905318079,13602.1216387819,14073.2473098297,40.6637311906719,51.0580240653183,45.3256399246139,-801.092881215535,6.29709028258641,1.49011611938477e-08,1.49011611938477e-08,1.80643567032421,1.49011611938477e-08,0.391846513498775,1.31403391533339,22,55
1.105,1000,55,241.422056715846,533.644635632803,241.422056715846,13943.0381508639,13464.2077012502,14503.2820586549,48.2138251381545,53.437499696769,45.9635704419374,-883.870220534149,-73.104591668542,1.49011611938477e-08,1.49011611938477e-08,1.80868380807842,0.0157037229029746,1.49011611938477e-08,1.83521275437833,22,55
1.106,1000,55,411.108988958319,526.592141072383,411.108988958319,13504.202370585,13809.1597626018,14548.2708684949,55.0963621922514,55.4760721153899,46.8186028274731,-848.993804552875,-147.780362483709,1.49011611938477e-08,1.49011611938477e-08,1.90236548120465,0.54320094367898,1.49011611938477e-08,2.73720658517713,22,55
1.107,1000,55,601.777770021691,-11219.1051234983,601.777770021691,13468.2112165039,14195.4476310439,14179.1512846206,59.6032083176641,56.6098193523519,47.7243890794709,-762.93486620995,-227.906844901036,1.49011611938477e-08,1.49011611938477e-08,1.9487932535486,0.892340395379223,1.49011611938477e-08,3.79172492539418,22,55
1.108,1000,55,586.34871583211,-5327.08400524942,586.34871583211,13841.5502189302,14158.8055488737,13833.5370408501,60.5748190753608,56.3080845601515,47.843935068378,-625.736471462083,-279.066498376886,1.49011611938477e-08,1.49011611938477e-08,1.93546855467784,1.20006234554807,0.269595791241503,4.25872740932571,22,55
1.109,1000,55,528.149193619712,270.25472781036,528.149193619712,14083.9671679971,13766.9663388346,13932.8611140771,59.7548677196525,54.1575300720483,47.7811551375692,-476.710133937468,-213.772530681178,1.49011611938477e-08,1.49011611938477e-08,1.83900033772524,1.42677278172314,1.00396042545403,3.0425802872673,22,55
1.11,1000,55,589.930882758216,531.399619524958,589.930882758216,13885.4025600323,13530.9384745154,14345.8048397256,59.2126154760443,49.9074379692047,47.8846814968874,-382.460118703498,-69.2833820785813,1.49011611938477e-08,1.49011611938477e-08,1.82018126897511,1.60090117056615,1.64755500734731,1.83611562579166,22,55
1.111,1000,55,579.743708288967,-3772.29671309979,579.743708288967,13443.6729131264,13770.3779906871,14532.0206572667,58.4261972468863,44.7123551965719,46.7784917011619,-338.333666336168,51.8555771788679,1.49011611938477e-08,1.49011611938477e-08,1.89987348262177,1.79770520125263,1.96637536849639,1.39495084841282,22,55
1.112,1000,55,535.469250941604,211.30003977385,535.469250941604,13287.6536544936,14166.659329917,14238.9052273053,58.1238976673139,40.526632689521,45.0564805598397,-416.827452409892,105.107196092228,1.49011611938477e-08,1.49011611938477e-08,1.94612764624811,1.83579096474984,3.15928751983718,1.32238702367207,22,55
1.113,1000,55,483.403226395489,477.131203968414,483.403226395489,13626.1702210614,14205.631633121,13814.7295913338,58.8851596215245,39.8000187409073,43.1014714648209,-624.795678090878,34.0083107525234,1.49011611938477e-08,1.49011611938477e-08,1.95401571685956,1.60368505669403,2.0800407110426,1.56074699006037,22,55
1.114,1000,55,451.867458256495,514.177490069744,451.867458256495,14035.946858971,13824.5876863841,13819.5788655008,59.9041714363719,43.3023908151918,41.2822964400432,-812.047099397802,-202.089689276859,1.49011611938477e-08,1.49011611938477e-08,1.86503679225559,1.37202906685203,0.334390455410491,2.15459641577901,22,55
1.115,1000,55,440.582890791731,519.905112424986,440.582890791731,14019.2093316914,13489.0106965793,14252.9283359804,59.9640518256245,48.6020246596716,39.7151116545859,-821.324875698659,-458.626465861814,1.49011611938477e-08,1.49011611938477e-08,1.79969632725062,1.31649921150151,1.49011611938477e-08,2.37328203394506,22,55
1.116,1000,55,416.842131956677,525.675001476039,416.842131956677,13620.0552603926,13626.1350335893,14567.640696352,58.7685253311426,53.1745267757803,38.0476119855544,-718.835620808998,-571.95473714515,1.49011611938477e-08,1.49011611938477e-08,1.86954924817545,1.34418324344835,1.49011611938477e-08,2.13095006815078,22,55
1.117,1000,55,364.211986707749,529.690177963722,364.211986707749,13358.6388459617,14055.6136493574,14380.2501813163,57.324421089224,56.1149045611516,37.2967457800392,-612.758325718145,-538.657959036033,1.49011611938477e-08,1.49011611938477e-08,1.93647316233755,1.28479288071879,1.49011611938477e-08,2.83699165344961,22,55
1.118,1000,55,282.223973339678,532.396627852388,282.223973339678,13593.741929287,14230.8791512215,13932.718573101,56.9105990107665,57.3727864457251,38.3921446877403,-547.937310378354,-405.515786853689,1.49011611938477e-08,1.49011611938477e-08,1.95316149988062,1.13468183059396,1.49011611938477e-08,10.2395123288622,22,55
1.119,1000,55,232.793045439869,533.890682851357,232.793045439869,14021.857221913,13936.8905114173,13789.5340023765,57.5154056371029,57.1665083343441,41.1059108863337,-511.472812412197,-245.804954210134,1.49011611938477e-08,1.49011611938477e-08,1.88184339787418,1.09467933468872,0.462767859390261,4.89606368616242,22,55
1.12,1000,55,363.794023391243,529.783693785068,363.794023391243,14121.3528074424,13542.2167426469,14136.9328920629,57.6102207139218,55.8082843750422,44.4925432178637,-450.550719443184,-140.971289963167,1.49011611938477e-08,1.49011611938477e-08,1.7859270624718,1.30439931396553,1.13879297255187,2.69440426924231,22,55
1.121,1000,55,597.62890831028,-9052.30563349087,597.62890831028,13802.7956251354,13559.1877707197,14540.249025487,54.7813657958598,53.5854138288575,46.8214175030445,-352.38242151839,-105.43620932858,1.49011611938477e-08,1.49011611938477e-08,1.83566295552139,1.72239113687703,1.89977331596519,2.54999722061187,22,55
1.122,1000,55,596.294319984259,534.239465903193,596.294319984259,13487.3899730351,13961.9986482184,14514.8924823092,48.4243440208988,51.3150845084018,47.1529100088993,-290.868134455492,-85.8207216295424,1.49011611938477e-08,1.49011611938477e-08,1.92461939577101,2.06398446234385,2.69650306796164,2.82291417135874,22,55
1.123,1000,55,572.767529827927,-2585.08275027673,572.767529827927,13605.8856383689,14223.3217178138,14116.946373815,40.3934777683936,49.8704989661683,46.1200853177605,-369.135370292777,-35.512729891565,1.49011611938477e-08,1.49011611938477e-08,1.95991502800097,1.6201796059975,2.47020770470627,2.50900237152852,22,55
1.124,1000,55,487.157150083304,466.956099184541,487.157150083304,14007.2684352528,14015.0262198346,13863.4880278602,36.8616220405527,50.1210779407461,45.2822084724892,-594.885754414008,20.5618331883997,1.49011611938477e-08,1.49011611938477e-08,1.91672408526428,0.638155556514825,1.19433454192587,1.52587751414104,22,55
1.125,1000,55,288.077612643496,532.193533326623,288.077612643496,14176.8848310902,13580.5411398927,14099.4374547891,41.4423224640887,51.9742094676703,45.5640824335201,-823.259868521958,6.60391072272227,1.49011611938477e-08,1.49011611938477e-08,1.8029755768369,1.49011611938477e-08,0.355178092393675,1.25639183379306,22,55
1.126,1000,55,223.353264119594,534.170325050876,223.353264119594,13916.2616357946,13471.2306517745,14523.2968598777,48.9373283968768,54.3360317321939,46.1330274202214,-894.20534553098,-72.096225862527,1.49011611938477e-08,1.49011611938477e-08,1.81382982792935,1.49011611938477e-08,1.49011611938477e-08,1.82207339522825,22,55
1.127,1000,55,443.478618697238,519.46155962901,443.478618697238,13485.7252430051,13834.4586987416,14541.3464335579,55.7376935026659,56.3268611166703,46.9281614402663,-853.496869464497,-152.344348430981,1.49011611938477e-08,1.49011611938477e-08,1.90688639551622,0.544717836333343,1.49011611938477e-08,2.73664720199062,22,55
1.128,1000,55,604.56807862095,-12996.4399739924,604.56807862095,13479.0638156434,14205.4766403234,14158.4824529419,60.0175326973894,57.3865631429312,47.7022271859704,-762.215983488384,-230.969104896165,1.49011611938477e-08,1.49011611938477e-08,1.95011852293997,0.88809625049053,1.49011611938477e-08,3.7520258581827,22,55
1.129,1000,55,584.357560367385,-4819.02161675105,584.357560367385,13862.4369593972,14143.9912757839,13830.5652704534,60.8114525065074,56.9548372341752,47.7489509243612,-620.198802602902,-274.429475198901,1.49011611938477e-08,1.49011611938477e-08,1.93212920376778,1.18914681587434,0.342522504829325,4.08174908262501,22,55
1.13,1000,55,519.861906295263,327.640808771322,519.861906295263,14083.834103413,13746.2732170915,13954.8357692021,59.9233633667094,54.5944759815205,47.7071662853211,-469.940771216715,-197.947231538368,1.49011611938477e-08,1.49011611938477e-08,1.83470031420547,1.41343399627865,1.0597250020273,2.835574835097,22,55
1.131,1000,55,591.128091917731,531.865816308211,591.128091917731,13862.8854366796,13531.9453211021,14373.1723461525,59.3371049910904,50.1983370264771,47.8046606704863,-376.365608210349,-53.5079219951489,1.49011611938477e-08,1.49011611938477e-08,1.82332611507397,1.59548387687526,1.67688915219263,1.74360351424104,22,55
1.132,1000,55,575.956782236649,525.097419820864,575.956782236649,13421.9501653747,13794.1322446652,14532.8963190628,58.4968685729234,44.903343903902,46.7022456614267,-336.41413405781,64.1698809357301,1.49011611938477e-08,1.49011611938477e-08,1.90405561054391,1.79425085517033,1.95371021009393,1.34523256873763,22,55
1.133,1000,55,542.497846723354,145.329451261143,542.497846723354,13294.7957105,14181.1831370425,14215.7270906433,58.18638256242,40.7377194462613,44.9940230459061,-423.736664915272,111.411446879613,1.49011611938477e-08,1.49011611938477e-08,1.94751823784035,1.82108258002348,3.23091850776916,1.29619433295282,22,55
1.134,1000,55,495.060573413536,447.169930957454,495.060573413536,13655.3556247128,14192.9243923729,13802.8657726078,58.8945123604413,40.0680736920472,43.0610238756186,-634.742693185858,26.9897471548667,1.49011611938477e-08,1.49011611938477e-08,1.95225012812513,1.58924297875769,2.00391980993967,1.56399303016588,22,55
1.135,1000,55,444.317760108922,518.433481410362,444.317760108922,14053.0283397265,13799.5644136338,13840.3651731516,59.7547602697686,43.5926782241232,41.3193955452672,-809.53512629793,-221.529533995125,1.49011611938477e-08,1.49011611938477e-08,1.85754016658971,1.37947359940751,0.298247950902739,2.19514839974694,22,55
1.136,1000,55,423.505931607048,524.556945837857,423.505931607048,14006.7386175858,13483.3722719343,14282.3893045036,59.6327350961161,48.7837487774554,39.8209681021768,-808.540926828425,-465.360180657228,1.49011611938477e-08,1.49011611938477e-08,1.80011356488843,1.34340578770339,1.49011611938477e-08,2.35975961833038,22,55
1.137,1000,55,394.704884855522,528.040838233252,394.704884855522,13597.5046137915,13648.001713748,14570.7278988298,58.3263102970757,53.2084381786294,38.2764797906609,-698.740510541608,-577.348706603245,1.49011611938477e-08,1.49011611938477e-08,1.87440737897177,1.37844608369644,1.49011611938477e-08,2.12354188411229,22,55
1.138,1000,55,342.797237539625,530.488396654852,342.797237539625,13359.3212065247,14077.6665974765,14354.2837323179,56.9366857523522,56.0069541438245,37.6974829974368,-596.113305591277,-535.721889942219,1.49011611938477e-08,1.49011611938477e-08,1.93826300144632,1.31885109013901,1.49011611938477e-08,2.91268139978474,22,55
1.139,1000,55,259.669546209049,533.059649062773,259.669546209049,13620.1802432668,14227.236369245,13908.6165912852,56.6080284235691,57.1560350271601,38.8572140073575,-533.495479121331,-400.723711153151,1.49011611938477e-08,1.49011611938477e-08,1.95211078036655,1.17448249064228,1.49011611938477e-08,11.1443766341031,22,55
1.14,1000,55,216.79238628129,534.365068383061,216.79238628129,14042.7663883005,13913.2063138674,13795.0441899375,57.1869197540505,56.8598975794009,41.5015524953514,-494.5444702725,-246.275897165194,1.49011611938477e-08,1.49011611938477e-08,1.87376815214987,1.14853206367529,0.508190754572052,4.98491278470994,22,55
1.141,1000,55,347.940189958353,530.365775779783,347.940189958353,14116.1852320986,13531.1184773929,14160.5160707607,57.0644954061922,55.4311163626051,44.7811913847235,-431.77047900554,-150.610164671183,1.49011611938477e-08,1.49011611938477e-08,1.78366942285185,1.37558496981812,1.18539338337859,2.81296096198116,22,55
1.142,1000,55,598.908019895851,-603.682681008889,598.908019895851,13780.7887691785,13577.3705144089,14547.1644513401,53.9497586709029,53.1727622968282,47.0242135635536,-328.315134472282,-114.178204169572,1.49011611938477e-08,1.49011611938477e-08,1.84067781588823,1.80874781684577,1.9507353699828,2.70141421895337,22,55
1.143,1000,55,595.749514604129,533.985814472077,595.749514604129,13482.2482859075,13987.2947674961,14492.3645627721,47.3001458455696,50.8822040278085,47.3152039285898,-274.175283239977,-94.1564860868842,1.49011611938477e-08,1.49011611938477e-08,1.92776376579767,2.14249056004085,2.75649100175242,3.00755833796605,22,55
1.144,1000,55,571.684695517931,517.99730122999,571.684695517931,13626.3971587894,14226.9578455427,14085.6594649893,39.1646242175241,49.4980851249192,46.299115784014,-364.02335571772,-43.2303406126405,1.49011611938477e-08,1.49011611938477e-08,1.96022215046385,1.6269370688558,2.43376103147127,2.64669523780677,22,55
1.145,1000,55,483.409197332075,475.378527450224,483.409197332075,14028.3932099334,13993.3774185947,13855.7895287904,35.9839383455341,49.8620104096917,45.5444105041331,-596.275991943487,7.90018772776027,1.49011611938477e-08,1.49011611938477e-08,1.90988352092079,0.613504654041264,1.13321595086851,1.61214334992742,22,55
1.146,1000,55,279.062833843185,532.455853939613,279.062833843185,14172.2924961768,13562.7981729164,14114.9722268456,41.0769306940042,51.8481877832884,45.8655765899294,-810.842810951382,-10.9291276751141,1.49011611938477e-08,1.49011611938477e-08,1.79832173401226,1.49011611938477e-08,0.273264917540625,1.38571742483398,22,55
1.147,1000,55,247.455032703381,533.4489823172,247.455032703381,13893.379425376,13483.1002369402,14533.4124295709,48.6985341001061,54.2783193023533,46.3412634359386,-878.868939637866,-96.3962490880104,1.49011611938477e-08,1.49011611938477e-08,1.81776896664942,0.193510105210681,1.49011611938477e-08,2.03837720406637,22,55
1.148,1000,55,451.021064189657,515.976536011181,451.021064189657,13473.9318737501,13861.8765942008,14522.5479973882,55.4279106383499,56.278848559661,47.101480092553,-833.649233563087,-175.073317992985,1.49011611938477e-08,1.49011611938477e-08,1.91054772619072,0.602259447890002,1.49011611938477e-08,3.05449624677709,22,55
1.149,1000,55,602.195742258588,537.478872069817,602.195742258588,13495.9206595709,14216.5647679265,14127.7059972865,59.4633575485141,57.2851925033162,47.7690227425596,-739.426756706973,-251.449298393269,1.49011611938477e-08,1.49011611938477e-08,1.95093564901389,0.939627533461573,1.49011611938477e-08,4.16611435235482,22,55
1.15,1000,55,581.9088539418,-4253.79481649198,581.9088539418,13885.3070123587,14124.5064494201,13818.2406978883,60.1182482279761,56.7961317572871,47.7522992823015,-597.152614086045,-285.499078154403,1.49011611938477e-08,1.49011611938477e-08,1.92739973121624,1.2331969896349,0.349588002276744,4.38646540433319,22,55
1.151,1000,55,511.712573607877,375.188004614026,511.712573607877,14081.2007471788,13721.9876221454,13967.5769882791,59.3273200557676,54.4077208309716,47.7248634434901,-461.025523088524,-203.107696656087,1.49011611938477e-08,1.49011611938477e-08,1.82957053686121,1.4402044244011,1.07539075337504,2.86566161900361,22,55
1.152,1000,55,592.405005103425,532.447063324234,592.405005103425,13842.5104870974,13533.86074771,14389.5327948934,58.8237112920699,49.9746431723943,47.6220253568508,-367.517385844012,-47.6259016431288,1.49011611938477e-08,1.49011611938477e-08,1.82632199837182,1.615056051979,1.69257126183239,1.73266820789423,22,55
1.153,1000,55,578.102324242142,-3462.79017552521,578.102324242142,13405.2972264148,13817.6337191732,14523.1981588968,58.0817465005689,44.7899006391507,46.343948043706,-337.378263020685,67.8885099666796,1.49011611938477e-08,1.49011611938477e-08,1.90779477690877,1.80211437997189,1.99801644535688,1.33600231863144,22,55
1.154,1000,55,529.384005240537,260.454487888963,529.384005240537,13306.696533229,14194.9359184252,14188.8490138805,57.9060611319264,40.8922790845697,44.5190023814661,-436.085070226219,109.559896668425,1.49011611938477e-08,1.49011611938477e-08,1.94867144387205,1.80664658476016,3.48116055426175,1.29596522361127,22,55
1.155,1000,55,480.810367495498,481.277038640727,480.810367495498,13681.0072085934,14176.9722776907,13789.8536659269,58.7921553201202,40.6495889612351,42.5329394303748,-655.187675989279,17.5607329185187,1.49011611938477e-08,1.49011611938477e-08,1.95007491768294,1.55152124736725,1.77643948013009,1.57208884628096,22,55
1.156,1000,55,441.371957085488,519.374832898082,441.371957085488,14060.4281081091,13772.440825243,13857.6838956444,59.8374896601436,44.4412050716639,40.7233779303735,-823.984585813957,-216.551424676375,1.49011611938477e-08,1.49011611938477e-08,1.85163818980927,1.3274364079567,0.131968108998758,2.18531127696889,22,55
1.157,1000,55,437.485181111637,521.003989544841,437.485181111637,13985.8526043158,13476.1244276841,14308.4467747049,59.8795189784107,49.6770373742219,39.1261474696572,-824.00390755431,-464.510401214397,1.49011611938477e-08,1.49011611938477e-08,1.80236634439218,1.27805760065882,1.49011611938477e-08,2.35894611413096,22,55
1.158,1000,55,420.776444868639,525.032978524414,420.776444868639,13572.8560962079,13667.6962557233,14576.5016970191,58.6998191431935,54.0527547335658,37.448574695073,-714.463126978152,-566.298779419252,1.49011611938477e-08,1.49011611938477e-08,1.87986447273877,1.29636620939323,1.49011611938477e-08,2.18291795072964,22,55
1.159,1000,55,372.244670833187,529.365752970492,372.244670833187,13360.3731484727,14095.4794167431,14338.1124428888,57.3904033300583,56.7823778904268,36.846148580718,-613.127222472873,-517.180005929329,1.49011611938477e-08,1.49011611938477e-08,1.94031829740378,1.2201932083805,1.49011611938477e-08,3.16561059066235,22,55
1.16,1000,55,281.312875133328,532.422514399601,281.312875133328,13642.5787824398,14217.9864795496,13897.9687102765,57.1331612661993,57.8554774929401,38.1800595258165,-552.479550362979,-375.186460278005,1.49011611938477e-08,1.49011611938477e-08,1.95146743910071,1.07509356256435,1.49011611938477e-08,14.7367212592282,22,55
1.161,1000,55,243.530799484952,533.582179304993,243.530799484952,14055.4412104161,13885.9910330767,13813.5359521105,57.7882618060634,57.4952312005638,41.1415983607036,-517.380394738588,-223.874035263125,1.49011611938477e-08,1.49011611938477e-08,1.86805348841526,1.06605979004607,0.533357081452052,3.96509690445112,22,55
1.162,1000,55,389.408044783954,528.475704859685,389.408044783954,14100.9676779308,13517.1852706959,14196.1363793507,57.6767999862189,55.9915046374986,44.6334268589443,-451.51789297028,-123.225947073247,1.49011611938477e-08,1.49011611938477e-08,1.78470174062428,1.30508777768571,1.21823277580578,2.43583559118467,22,55
1.163,1000,55,603.359845149811,-12165.2065979348,603.359845149811,13754.4489664821,13592.5516521385,14568.2800031874,54.4450500482895,53.6406318544371,46.8573162278867,-347.233938002705,-88.8881296854972,1.49011611938477e-08,1.49011611938477e-08,1.84752366040121,1.72752011647782,1.99585318856746,2.37478020506546,22,55
1.164,1000,55,595.213903718808,533.733226895213,595.213903718808,13474.2122844922,14008.9859621834,14486.4221420668,47.7555669177781,51.3362297615207,47.0787420871051,-298.850121040587,-67.1290134922798,1.49011611938477e-08,1.49011611938477e-08,1.93128498251923,2.01200162007527,2.79185674775701,2.58577482985799,22,55
1.165,1000,55,569.396242856635,-2103.74842394157,569.396242856635,13643.6819253024,14224.6618075786,14074.1437627517,39.9503798231991,49.981127004089,46.0894908104414,-399.263104949284,-14.0857762823791,1.49011611938477e-08,1.49011611938477e-08,1.96079011344625,1.47169217849305,2.36929355025416,2.18223444919493,22,55
1.166,1000,55,474.792654012148,490.979476672969,474.792654012148,14044.2918006484,13968.570367725,13869.1182653449,37.403162433742,50.3954943611323,45.431933925686,-621.891434884984,31.5014476570136,1.49011611938477e-08,1.49011611938477e-08,1.90450907613747,0.540767064794751,1.105620046208,1.33989742703072,22,55
1.167,1000,55,277.652370974381,532.51855441069,277.652370974381,14165.6004413949,13544.3491996464,14151.8435391545,42.5815911435917,52.3491767884631,45.8063160219507,-839.634944251792,6.15389197820643,1.49011611938477e-08,1.49011611938477e-08,1.79644637855579,1.49011611938477e-08,0.274112205363774,1.23615684090605,22,55
1.168,1000,55,244.850050870382,533.554393373175,244.850050870382,13865.5049017952,13494.1535300026,14558.3026021243,49.882707476475,54.7077771924183,46.2031307961306,-893.401733519261,-82.2703600186751,1.49011611938477e-08,1.49011611938477e-08,1.82400581453471,0.164381130795438,1.49011611938477e-08,1.87933939199809,22,55
1.169,1000,55,484.509827913924,476.106443390962,484.509827913924,13455.5457737261,13887.9730078736,14518.3237480531,56.4581612300911,56.6337230560829,47.0409804986619,-845.762963455438,-159.621403279911,1.49011611938477e-08,1.49011611938477e-08,1.91496907661453,0.583370788755071,1.49011611938477e-08,2.7720840778512,22,55
1.17,1000,55,602.536028738114,-11778.2863185518,602.536028738114,13506.1490584615,14224.1608759528,14112.0132712246,60.1972071395528,57.5393592296403,47.6735568249476,-749.069760033856,-234.93218437724,1.49011611938477e-08,1.49011611938477e-08,1.95211025560088,0.912498976197644,1.49011611938477e-08,3.6950596828823,22,55
1.171,1000,55,579.278409173568,-3710.75696206774,579.278409173568,13901.7363642475,14108.9609045399,13823.6719736091,60.6144844539399,56.895559082916,47.6435847557986,-611.383061192132,-265.55717862747,1.49011611938477e-08,1.49011611938477e-08,1.92402793895797,1.19854318537364,0.447632050439251,3.79945162737516,22,55
1.172,1000,55,499.660023847215,428.79089315676,499.660023847215,14074.4858070863,13703.2929969777,13995.7428902715,59.6759876739805,54.2718964458526,47.7216898835106,-465.046253833764,-177.826964164806,1.49011611938477e-08,1.49011611938477e-08,1.82682003100358,1.40822827205369,1.14753045930144,2.53695639592552,22,55
1.173,1000,55,592.107404806135,532.315416432651,592.107404806135,13815.2130582674,13539.4549127477,14416.8788044253,59.013380390967,49.6937505586232,47.7902750906051,-368.935046804417,-27.4673845102867,1.49011611938477e-08,1.49011611938477e-08,1.83087097990961,1.59750836165335,1.71911448427209,1.61113385438103,22,55
1.174,1000,55,573.164273202092,519.999616359642,573.164273202092,13382.7168181209,13843.0494029785,14522.3978147715,58.1437536081347,44.4146647206953,46.7048843929889,-341.615955637664,82.5130368379915,1.49011611938477e-08,1.49011611938477e-08,1.91202481026286,1.7881044939293,1.97384550043025,1.27937958966267,22,55
1.175,1000,55,537.895372147389,187.368336330854,537.895372147389,13313.7744770612,14207.3199610687,14165.3481465538,57.9264691429965,40.5798679926199,45.0322318086193,-449.387273828516,116.810945053616,1.49011611938477e-08,1.49011611938477e-08,1.95015586981894,1.78224275040296,3.57837311503577,1.2714142620995,22,55
1.176,1000,55,486.109264222557,469.871797556,486.109264222557,13708.0715174586,14162.9872652597,13780.4959163295,58.7437918839185,40.4884405515477,43.1355541241097,-659.011668160198,19.0531683095936,1.49011611938477e-08,1.49011611938477e-08,1.94778320323986,1.53498671076854,1.69561611417808,1.58212471628639,22,55
1.177,1000,55,442.155616863813,519.327931942494,442.155616863813,14073.0469474055,13748.8663228759,13879.8143639932,59.5780908425054,44.4302531273232,41.4051154866109,-824.575737876682,-239.683991454575,1.49011611938477e-08,1.49011611938477e-08,1.84484320775444,1.34343320772814,1.49011611938477e-08,2.22976589571003,22,55
1.178,1000,55,420.161043577388,525.161579536516,420.161043577388,13970.1608879309,13474.8729820333,14334.9246828272,59.3314092242576,49.6549708934764,39.8060972338559,-806.895965741905,-487.216047027738,1.49011611938477e-08,1.49011611938477e-08,1.80404391037177,1.32279904328266,1.49011611938477e-08,2.31558913924332,22,55
1.179,1000,55,390.049768109039,528.36857225538,390.049768109039,13550.7998425213,13692.1913794572,14573.5215295536,57.9232788339341,53.9536641068537,38.1741524353157,-691.977384546004,-578.282521045893,1.49011611938477e-08,1.49011611938477e-08,1.88467751289672,1.35304492007627,1.49011611938477e-08,2.13226508118373,22,55
1.18,1000,55,334.146254110296,530.7775788738,334.146254110296,13364.2580069752,14116.1250588884,14306.9045073566,56.5763750794245,56.5972986968997,37.6827851805377,-593.038108125046,-521.045402073165,1.49011611938477e-08,1.49011611938477e-08,1.94188575965334,1.275971313847,1.49011611938477e-08,3.14759782389483,22,55
1.181,1000,55,250.602057352205,533.330612492882,250.602057352205,13670.1521216267,14211.5437146778,13872.4594189484,56.3439193920845,57.6163016869712,38.9962493846773,-536.140565694246,-385.35432881034,1.49011611938477e-08,1.49011611938477e-08,1.94972721521328,1.1293272753194,1.49011611938477e-08,14.9575269704538,22,55
1.182,1000,55,220.244493332416,534.261317313546,220.244493332416,14075.0286807368,13862.8084169015,13818.7139650299,56.9371093108443,57.23081149408,41.8034039325363,-496.091362746887,-230.415909167523,1.49011611938477e-08,1.49011611938477e-08,1.85977731580771,1.12660377430957,0.585222493035002,4.2573814425697,22,55
1.183,1000,55,376.232384579319,529.225837876345,376.232384579319,14094.0979782668,13509.4614767867,14216.2376987083,56.6031553627633,55.7369734295746,45.1225949346877,-424.985214004193,-135.489110496147,1.49011611938477e-08,1.49011611938477e-08,1.78341143467439,1.37917950675208,1.26972338457549,2.63441407266672,22,55
1.184,1000,55,604.155259845871,539.181036659251,604.155259845871,13734.1398332371,13613.4987726266,14568.6345116766,53.1165486902047,53.4523918773677,47.2226712861592,-322.401733950824,-103.574302003649,1.49011611938477e-08,1.49011611938477e-08,1.85257405956338,1.81453696687256,2.05511801691341,2.59829480390197,22,55
1.185,1000,55,594.226560044548,533.29362582908,594.226560044548,13473.5459520059,14032.6971227885,14457.7666705681,46.1610567521934,51.2177700046257,47.3942892564687,-283.583892726866,-81.065990252234,1.49011611938477e-08,1.49011611938477e-08,1.93403685206471,2.0837313354053,2.85558885450358,2.84554081576238,22,55
1.186,1000,55,564.958992631825,493.974933644242,564.958992631825,13667.2045145366,14224.6431987999,14040.9051471187,38.3328462645995,50.0283639243487,46.4187558577483,-387.195170287743,-30.8621324414791,1.49011611938477e-08,1.49011611938477e-08,1.96056958289801,1.46147464435934,2.28473631667044,2.37674870293568,22,55
1.187,1000,55,462.746796333358,505.422467017974,462.746796333358,14064.6975890987,13945.4219445339,13861.5468595219,36.299657011917,50.6462848668395,45.8339248179525,-625.372372553927,12.574021493709,1.49011611938477e-08,1.49011611938477e-08,1.89699927115135,0.503603605519434,1.02320300021398,1.46560666850385,22,55
1.188,1000,55,260.810991655738,533.029737355998,260.810991655738,14159.2942835334,13528.539565698,14165.7170565286,42.1284674953128,52.798180041915,46.2289970335911,-836.912492953467,-20.8327138018724,1.49011611938477e-08,1.49011611938477e-08,1.79268651827647,1.49011611938477e-08,0.0948301428445038,1.40379281371697,22,55
1.189,1000,55,258.310707649124,533.151133765952,258.310707649124,13841.7693516867,13508.3115815536,14561.8804151578,49.6456874303881,55.2639583286111,46.5229321536944,-879.741453528759,-112.336922293462,1.49011611938477e-08,1.49011611938477e-08,1.82833260502791,0.251578595479551,1.49011611938477e-08,2.15639610304303,22,55
1.19,1000,55,493.934552372179,454.53808407509,493.934552372179,13447.9991505272,13914.3188157745,14495.0592174009,56.198068805651,57.2040615991384,47.2787591662694,-827.35618346723,-189.223728296913,1.49011611938477e-08,1.49011611938477e-08,1.91811379981038,0.636152973494931,1.49011611938477e-08,3.19403881438465,22,55
1.191,1000,55,601.14898812333,536.905646464378,601.14898812333,13526.9825345587,14231.5780717423,14080.3072579024,59.7580498452953,58.0646760814456,47.7800208985411,-732.062634800845,-258.68824075536,1.49011611938477e-08,1.49011611938477e-08,1.95256433106539,0.96275372016736,1.49011611938477e-08,4.23816702189974,22,55
1.192,1000,55,576.539446851083,525.628787373186,576.539446851083,13925.1562160756,14087.0802457513,13812.7767544751,60.0789030920547,57.354636614696,47.6863603338151,-585.956316466455,-281.75345992353,1.49011611938477e-08,1.49011611938477e-08,1.91824489564467,1.24435261950604,0.43743259601687,4.18289918809174,22,55
1.193,1000,55,492.36339860976,452.7821278689,492.36339860976,14070.3277180779,13680.926271304,14008.4651630683,59.2709060807094,54.681851271237,47.7624835512931,-446.514679415439,-178.96132995039,1.49011611938477e-08,1.49011611938477e-08,1.82224389001086,1.44083714425718,1.1574063470689,2.5967366206202,22,55
1.194,1000,55,593.347707419019,-7501.81866290012,593.347707419019,13788.6998016847,13544.2099984047,14425.9202737785,58.7793099797956,50.0641671998182,47.657628742231,-359.639511397628,-22.8581797293023,1.49011611938477e-08,1.49011611938477e-08,1.83449396357047,1.61912950125018,1.72865260814201,1.60097670547879,22,55
1.195,1000,55,576.880001040162,-3286.48884948474,576.880001040162,13364.2326351607,13866.5118177208,14504.6788750749,58.04433025567,44.9050988373252,46.4193122900787,-343.855746237784,83.7389490763365,1.49011611938477e-08,1.49011611938477e-08,1.91542029309104,1.79642080483544,2.02097044045771,1.26683249709681,22,55
1.196,1000,55,526.902482499302,282.146702013849,526.902482499302,13325.1782490902,14217.3355128847,14133.0769502581,57.9093543389743,41.3375246210525,44.6654054213085,-452.935609301685,109.738621012401,1.49011611938477e-08,1.49011611938477e-08,1.95129100117272,1.77574350801936,3.83680967215514,1.27500519982272,22,55
1.197,1000,55,473.314636566357,493.537441331021,473.314636566357,13729.7629833209,14142.4803109761,13765.7165811396,58.7765281332693,41.6355230306978,42.8149944611293,-676.527437357099,-2.85347746512818,1.49011611938477e-08,1.49011611938477e-08,1.94489365157317,1.52052327137978,1.52567921088368,1.61150270491,22,55
1.198,1000,55,434.673463969735,521.909510667127,434.673463969735,14074.3895750551,13721.0445300803,13894.9605267454,59.652429851222,45.7042700846107,41.2061060631948,-835.935103615601,-265.147429923246,1.49011611938477e-08,1.49011611938477e-08,1.83940035712436,1.32661666525372,1.49011611938477e-08,2.22892198975634,22,55
1.199,1000,55,419.048157087554,525.347700695743,419.048157087554,13943.9536353283,13469.8285005631,14354.6521601615,59.4859214549006,50.8555255792434,39.7492661271581,-812.908685042965,-502.907317973333,1.49011611938477e-08,1.49011611938477e-08,1.80712290376395,1.30158796692901,1.49011611938477e-08,2.24485544800461,22,55
1.2,1000,55,392.460986569336,528.202918358122,392.460986569336,13523.6414422086,13712.0859698173,14569.0925209922,58.1923994410723,55.032844220944,38.214874617181,-699.229187991653,-583.140285601092,1.49011611938477e-08,1.49011611938477e-08,1.8898049520076,1.32457211681391,1.49011611938477e-08,2.10343203269952,22,55
1.201,1000,55,339.839418990368,530.587710878448,339.839418990368,13364.3727510828,14130.5863965797,14280.6969712566,56.9610375228808,57.5647084394882,37.7982877351458,-606.439789682773,-524.717172279124,1.49011611938477e-08,1.49011611938477e-08,1.94354643992208,1.24312915567762,1.49011611938477e-08,3.22349524596265,22,55
1.202,1000,55,253.264789323169,533.264973142936,253.264789323169,13690.3291661589,14199.0038391615,13854.3999612751,56.8144237228321,58.4750384911332,39.2079786939383,-545.922707644246,-379.966002068467,1.49011611938477e-08,1.49011611938477e-08,1.94811288824583,1.10662050821252,1.49011611938477e-08,15.6496310494007,22,55
1.203,1000,55,237.421069133952,533.765058143357,237.421069133952,14083.550043589,13835.9434592226,13830.4694794476,57.3884920511243,57.9907062799623,42.1398082165445,-501.88254468447,-224.817347633077,1.49011611938477e-08,1.49011611938477e-08,1.85345266534933,1.1226106083705,0.603019990221545,3.96206632879414,22,55
1.204,1000,55,408.939737191293,526.900927814135,408.939737191293,14075.7539597701,13499.9557696535,14242.1417901862,56.8510366013259,56.3756238239622,45.4600129985095,-423.926486327637,-132.190468543574,1.49011611938477e-08,1.49011611938477e-08,1.78484712165442,1.38925227257993,1.30491950173636,2.54005160881149,22,55
1.205,1000,55,602.900342440093,-11933.3884014541,602.900342440093,13707.9594015642,13631.8834495055,14576.7324432109,52.9754476052898,53.9466800893133,47.402112512938,-319.053491844322,-100.220552346693,1.49011611938477e-08,1.49011611938477e-08,1.85889371998538,1.82412046946653,2.10853671903139,2.52444136207081,22,55
1.206,1000,55,592.699508745522,-7285.3896551593,592.699508745522,13468.3269629695,14053.87527976,14440.080268884,45.7123156415794,51.6739644238,47.4419572075265,-286.209784367565,-76.119376787341,1.49011611938477e-08,1.49011611938477e-08,1.93696378123168,2.0533319887429,2.91498083511712,2.71469126207987,22,55
1.207,1000,55,562.507773205377,-1245.03921164068,562.507773205377,13685.844690289,14219.9411354724,14020.5858750224,37.9937038243951,50.5062638191991,46.4791065860592,-404.287798768746,-20.8609546070655,1.49011611938477e-08,1.49011611938477e-08,1.96038975413403,1.37532624018024,2.22922608824574,2.18250203239206,22,55
1.208,1000,55,450.303338038571,514.953918818693,450.303338038571,14078.6583841178,13919.8490136525,13868.0607490909,36.5536964697468,51.1959771288742,45.985451202352,-648.899121196677,18.8475278765273,1.49011611938477e-08,1.49011611938477e-08,1.8905017945025,0.43684565977331,0.977587305826842,1.34967673322501,22,55
1.209,1000,55,257.410765400296,533.126199166775,257.410765400296,14150.2780759116,13513.159028389,14193.290322312,42.6784499056033,53.3589838258119,46.4186202517735,-852.418884748784,-21.9090845178817,1.49011611938477e-08,1.49011611938477e-08,1.79097124221993,1.49011611938477e-08,1.49011611938477e-08,1.37951785825176,22,55
1.21,1000,55,268.851792545657,532.834569703553,268.851792545657,13814.9621564862,13522.8444357336,14574.9066858654,50.1041884469921,55.8109299553921,46.6097853099151,-883.673436369246,-115.812823620395,1.49011611938477e-08,1.49011611938477e-08,1.83412264168546,0.251758285851459,1.49011611938477e-08,2.1664724877422,22,55
1.211,1000,55,513.113135649069,373.847249527224,513.113135649069,13438.5833967595,13939.8965376957,14481.5886323707,56.540275406383,57.7143777942955,47.3054466443989,-830.463059394973,-188.844604113191,1.49011611938477e-08,1.49011611938477e-08,1.92158473008491,0.639597451956655,1.49011611938477e-08,3.21053161559228,22,55
1.212,1000,55,599.784742633483,-10561.7758841086,599.784742633483,13546.1364458694,14236.6954968666,14059.942121036,59.8795407345067,58.4931446994221,47.7086816663424,-727.403619325405,-259.230400503559,1.49011611938477e-08,1.49011611938477e-08,1.95320304399868,0.960534263370954,1.49011611938477e-08,4.20023752332868,22,55
1.213,1000,55,573.847205294304,-2748.7223376942,573.847205294304,13945.3767804212,14070.038363172,13816.9408575535,60.0824207488803,57.6345057328781,47.5493309269838,-578.390359508147,-271.805242555059,1.49011611938477e-08,1.49011611938477e-08,1.91384810343331,1.23433991544108,0.48760026021386,3.97531521506791,22,55
1.214,1000,55,485.348003988899,474.769744803485,485.348003988899,14064.1883058591,13663.3868803276,14033.2284433416,59.2731871090386,54.742916925478,47.6421586109835,-440.332204701191,-158.585583715865,1.49011611938477e-08,1.49011611938477e-08,1.81952403347197,1.42835666289236,1.20551753037416,2.41784157402763,22,55
1.215,1000,55,593.336296353115,-7496.48925594003,593.336296353115,13764.2167802562,13552.9429574458,14445.9361264902,58.7554747013656,50.0412976918496,47.5482385807909,-359.121916369574,-10.994124541099,1.49011611938477e-08,1.49011611938477e-08,1.83881351455115,1.61240400458893,1.74043890654594,1.5189489117366,22,55
1.216,1000,55,574.577929342556,522.649608503432,574.577929342556,13349.5585909502,13891.8759819916,14496.8679737005,58.0080226362047,44.8848092028013,46.3324458920939,-344.562767398462,94.1235171548835,1.49011611938477e-08,1.49011611938477e-08,1.91878723750529,1.78606029415928,2.0193102877125,1.22056220811682,22,55
1.217,1000,55,534.105943252353,221.097108260715,534.105943252353,13341.4344012306,14227.271966626,14108.7488528048,57.899408177171,41.4830362556425,44.6072010339848,-465.766122451452,115.665204676682,1.49011611938477e-08,1.49011611938477e-08,1.9524985347193,1.75058840080814,4.01389704093958,1.25295365806044,22,55
1.218,1000,55,479.536417355698,483.459556434357,479.536417355698,13761.7914067484,14127.0444556186,13760.9852011258,58.7273374687764,41.9292963291168,42.7965969117095,-690.084013641774,-10.7175043216256,1.49011611938477e-08,1.49011611938477e-08,1.9414090053051,1.49902962752526,1.435782327549,1.61892697780009,22,55
1.219,1000,55,436.176372949834,521.431387415039,436.176372949834,14086.0003717438,13698.5194973865,13920.7780370716,59.4633823909046,46.105666902875,41.2970635257469,-835.629864513432,-282.847881600078,1.49011611938477e-08,1.49011611938477e-08,1.83305926654324,1.32577450113167,1.49011611938477e-08,2.26110905450036,22,55
1.22,1000,55,405.967958133205,527.055247154821,405.967958133205,13926.4844760312,13471.2422349564,14380.5241349814,59.1578168544327,51.2080449728503,39.9091213887082,-800.846996193629,-515.353590195596,1.49011611938477e-08,1.49011611938477e-08,1.80965177308408,1.31433165477721,1.49011611938477e-08,2.22788358773557,22,55
1.221,1000,55,370.586130782234,529.423032687188,370.586130782234,13503.8539558907,13737.0171736057,14564.1839380972,57.82591855654,55.281726349433,38.5238033826287,-691.87908005301,-584.878772283997,1.49011611938477e-08,1.49011611938477e-08,1.89424954183833,1.33832047201187,1.49011611938477e-08,2.11882465823042,22,55
1.222,1000,55,310.400437113336,531.530153536894,310.400437113336,13372.8623797488,14147.9609426309,14251.8034701609,56.6905192769554,57.704925736348,38.2987160420619,-596.439918339026,-519.756443709558,1.49011611938477e-08,1.49011611938477e-08,1.94486268373143,1.25618940372096,1.49011611938477e-08,3.35767454590587,22,55
1.223,1000,55,230.09575251449,533.959237252428,230.09575251449,13719.1040631616,14188.4612589195,13835.5496327514,56.6114128821007,58.5349627762049,39.7866959738525,-536.408027443704,-374.639304939904,1.49011611938477e-08,1.49011611938477e-08,1.94554517828168,1.13020569245606,1.49011611938477e-08,16.7142684251906,22,55
1.224,1000,55,215.232622369188,534.422810878796,215.232622369188,14100.1410050899,13811.5805257846,13842.6327135954,57.0935255154771,57.9843185001083,42.6425825307491,-487.589710008061,-225.962794935017,1.49011611938477e-08,1.49011611938477e-08,1.8453917134781,1.16553276548972,0.643788889938516,4.04060782018228,22,55
1.225,1000,55,393.266920518318,528.244260119494,393.266920518318,14064.8740570803,13494.0348477882,14264.8216023657,56.2860651737001,56.3197147335762,45.84802021857,-403.465918240915,-139.320266350142,1.49011611938477e-08,1.49011611938477e-08,1.78492081003632,1.45153922028266,1.35214139699002,2.65790206116851,22,55
1.226,1000,55,604.652093220496,-13061.5066743181,604.652093220496,13686.1551196984,13653.3148045485,14575.6037909144,52.1776075939711,53.8969805250265,47.7561403852535,-305.159176623864,-110.150393767748,1.49011611938477e-08,1.49011611938477e-08,1.86422431852696,1.89649416505616,2.16336040235382,2.67082422799229,22,55
1.227,1000,55,592.365957699414,532.515083574336,592.365957699414,13468.0823758265,14074.6601215031,14410.8687376622,44.7083912369542,51.6303654614037,47.8215699495653,-277.536460974095,-84.6932918743498,1.49011611938477e-08,1.49011611938477e-08,1.93949161860351,2.10462604799419,2.97144538351217,2.87977861491946,22,55
1.228,1000,55,558.675494962011,-801.731172293132,558.675494962011,13708.0283009265,14215.9659892352,13991.3627997604,37.0563135484559,50.5758393584682,46.9137873264283,-407.259850087415,-30.7160914121962,1.49011611938477e-08,1.49011611938477e-08,1.95971337091226,1.36216053582183,2.15086781777118,2.29935387015696,22,55
1.229,1000,55,437.905381681894,520.473954870442,437.905381681894,14094.0202398631,13895.4438805988,13866.1448327868,36.0713274888396,51.4076633988926,46.4900824956379,-655.267377224277,2.01767154175024,1.49011611938477e-08,1.49011611938477e-08,1.8830425045995,0.421322699191201,0.911736265519484,1.44936233804859,22,55
1.23,1000,55,247.936901280171,533.437094555177,247.936901280171,14138.3135553752,13499.9755244674,14210.1867054356,42.6178038412264,53.7139360193002,46.9165326313343,-850.351169052435,-46.7695650731775,1.49011611938477e-08,1.49011611938477e-08,1.78890266083516,1.49011611938477e-08,1.49011611938477e-08,1.53647029050814,22,55
1.231,1000,55,274.906600677988,532.652475327699,274.906600677988,13786.8972730635,13539.6824419558,14576.2367970118,50.1174084171939,56.2356943902739,46.9998654059095,-873.43635331566,-138.134634229778,1.49011611938477e-08,1.49011611938477e-08,1.8392808466801,0.330997245819867,1.49011611938477e-08,2.44074275056712,22,55
1.232,1000,55,531.527874985061,253.516812866038,531.527874985061,13430.4648414589,13965.480711892,14456.9047088468,56.4403681121822,58.1298007170008,47.606636303641,-814.092278622897,-214.735049782669,1.49011611938477e-08,1.49011611938477e-08,1.92455501034978,0.69457466319084,1.49011611938477e-08,3.62548983934037,22,55
1.233,1000,55,599.252487415555,535.809262001383,599.252487415555,13565.6541703395,14240.8194010229,14030.1099013561,59.582785909245,58.8536777804543,47.88965382816,-706.301106129168,-281.549020610832,1.49011611938477e-08,1.49011611938477e-08,1.95334495949104,1.01236511323208,1.49011611938477e-08,4.68873118693462,22,55
1.234,1000,55,570.530904596126,515.258760904036,570.530904596126,13964.1013019368,14046.5013556769,13809.843068946,59.6824046408605,57.9325742434845,47.6965086984944,-555.175952084189,-283.684679052505,1.49011611938477e-08,1.49011611938477e-08,1.90751749401598,1.28222059310768,0.505872091537035,4.24463800258808,22,55
1.235,1000,55,505.877225448262,409.333734409075,505.877225448262,14054.7937106516,13644.0615134893,14047.8128909928,58.9858294763328,54.9984104627088,47.826072522363,-428.801889040882,-166.412441999208,1.49011611938477e-08,1.49011611938477e-08,1.81621921055769,1.46402001013,1.2300419037761,2.43374974791708,22,55
1.236,1000,55,590.192737860235,-6492.17992827088,590.192737860235,13739.2133873243,13561.6533099211,14456.890880968,58.4764911425126,50.2554605417357,47.4341084135689,-346.459317036839,-8.7851888046505,1.49011611938477e-08,1.49011611938477e-08,1.84285107711084,1.64654501393071,1.74749043029815,1.51736860644199,22,55
1.237,1000,55,570.415373141503,-2262.15630075779,570.415373141503,13336.8188742113,13916.5649854082,14481.7483271636,57.7879857312989,45.1924607159559,46.0106945420947,-340.957349950447,93.9139512465996,1.49011611938477e-08,1.49011611938477e-08,1.92172854521509,1.81199782987722,2.05393278286741,1.22217962684254,22,55
1.238,1000,55,522.181964367306,313.223764790042,522.181964367306,13358.0759445345,14234.2113368685,14081.4601846411,57.8082569884656,42.0409430516115,44.1677429096108,-473.374997166016,109.911701198846,1.49011611938477e-08,1.49011611938477e-08,1.95342752110024,1.75421757529761,4.21694465983342,1.26325912257749,22,55
1.239,1000,55,469.957562207138,498.828188444971,469.957562207138,13784.8075170285,14104.8274482069,13754.4611428461,58.8127161956765,42.862567771424,42.3003057275475,-704.540487353097,-23.9151109679395,1.49011611938477e-08,1.49011611938477e-08,1.93740196094358,1.47841000645566,1.31284201623952,1.63783562657305,22,55
1.24,1000,55,437.345963706823,521.079050980631,437.345963706823,14086.2666709029,13673.1928958411,13942.6790062678,59.7156783770735,47.142844208442,40.6917407352882,-847.169711714485,-293.17974931208,1.49011611938477e-08,1.49011611938477e-08,1.82801267675073,1.2904020964417,1.49011611938477e-08,2.25315633125151,22,55
1.241,1000,55,423.364410345826,524.584617352534,423.364410345826,13902.4932814827,13471.6850256161,14403.7377609322,59.549370628738,52.1960600329921,39.1789144590826,-814.293253779153,-506.765258751392,1.49011611938477e-08,1.49011611938477e-08,1.81326980610068,1.26660171025268,1.49011611938477e-08,2.22604244243934,22,55
1.242,1000,55,396.152618063077,527.927773915417,396.152618063077,13483.9751738081,13760.0753599447,14563.9348860985,58.3046858686531,56.1798329875821,37.6652452824741,-700.903339592071,-574.449433427002,1.49011611938477e-08,1.49011611938477e-08,1.89890369862213,1.27551614022098,1.49011611938477e-08,2.17350575246849,22,55
1.243,1000,55,339.139714973524,530.610040636586,339.139714973524,13381.1970030885,14161.8532330889,14233.9461664582,57.2225511125059,58.5154549366768,37.4142257662626,-606.400053205318,-501.916307582399,1.49011611938477e-08,1.49011611938477e-08,1.94640785795245,1.17876466471338,1.49011611938477e-08,3.68293843161329,22,55
1.244,1000,55,250.521060716962,533.345160896313,250.521060716962,13742.5269729038,14174.4420668145,13830.4987047184,57.2141334234048,59.2530578237845,39.0857323706472,-548.306822812033,-349.407708518535,1.49011611938477e-08,1.49011611938477e-08,1.94349102098065,1.05402933668989,1.49011611938477e-08,14.5576704475056,22,55
1.245,1000,55,245.395473661722,533.513248223488,245.395473661722,14107.2076169935,13785.6308260616,13867.2942828262,57.7751540136508,58.6210745329499,42.271991263903,-501.053270505831,-196.458979563598,1.49011611938477e-08,1.49011611938477e-08,1.83995720760318,1.10401038111736,0.674134431755326,3.32886299039244,22,55
1.246,1000,55,440.06514277987,520.525713858944,440.06514277987,14045.7275160685,13488.8887410673,14300.1799729896,56.9622708476801,56.8582657538298,45.6723765262047,-421.32708482995,-113.632767592297,1.49011611938477e-08,1.49011611938477e-08,1.78797107175328,1.39907570159167,1.39483227723489,2.31421255170633,22,55
1.247,1000,55,603.244537920873,538.251559623146,603.244537920873,13663.2098377512,13674.8568633218,14591.5287128191,52.6968612426925,54.3285710175011,47.5240444023067,-317.850159848232,-82.8123900151353,1.49011611938477e-08,1.49011611938477e-08,1.87062724317137,1.83296279896951,2.21884237771385,2.34387742519769,22,55
1.248,1000,55,591.3343389523,-6812.25731874293,591.3343389523,13468.7346653495,14095.1064329128,14402.7610417059,45.1809165548727,52.0404654988262,47.5079088593005,-297.323364907805,-54.6878754549111,1.49011611938477e-08,1.49011611938477e-08,1.94213432468068,1.98938657931242,3.02419899128155,2.45605932051145,22,55
1.249,1000,55,558.053138662855,-749.554781012199,558.053138662855,13730.4218415949,14209.1224941869,13984.6191450814,37.919594610344,50.9913003118787,46.6432079058195,-437.877690609286,0.641446133059745,1.49011611938477e-08,1.49011611938477e-08,1.95909946096848,1.24314679965737,2.11760236457916,1.88918199923697,22,55
1.25,1000,55,433.200190261631,522.012310922357,433.200190261631,14107.8169753558,13869.5840469753,13887.8300165783,37.4274349802718,51.8316312737846,46.3019348058852,-688.578809584583,27.8820310883705,1.49011611938477e-08,1.49011611938477e-08,1.87675980714802,0.351580201713701,0.893803317633261,1.21864110177311,22,55
1.251,1000,55,246.097300977486,533.465043779258,246.097300977486,14127.7593629368,13487.9179963813,14248.5868956338,43.9105507344018,54.074578462077,46.7426077646594,-867.697629560392,-23.9031953730583,1.49011611938477e-08,1.49011611938477e-08,1.78886331847166,1.49011611938477e-08,1.49011611938477e-08,1.38818613085964,22,55
1.252,1000,55,299.87921533324,531.89343060408,299.87921533324,13756.2198926313,13557.3597903233,14591.296715572,51.1166731186279,56.503123669367,46.7871287749776,-885.70453201586,-120.129400726786,1.49011611938477e-08,1.49011611938477e-08,1.84603861076222,0.297546233414937,1.49011611938477e-08,2.22489602567313,22,55
1.253,1000,55,551.410090314996,59.9823483878955,551.410090314996,13420.8801843606,13990.3477430654,14447.4164647327,57.1943605177037,58.3001866189028,47.4563323879943,-824.901195496156,-194.887412590431,1.49011611938477e-08,1.49011611938477e-08,1.92787869383314,0.664496840953702,1.49011611938477e-08,3.22681719092122,22,55
1.254,1000,55,597.188496671285,-9068.96234548098,597.188496671285,13583.1996657122,14243.2119238785,14018.005810277,59.9960995322756,58.8966928314629,47.7217613964379,-716.27255441826,-259.321449496811,1.49011611938477e-08,1.49011611938477e-08,1.95379766455577,0.971387125920905,1.49011611938477e-08,4.05201193416634,22,55
1.255,1000,55,567.382783801516,503.419671361081,567.382783801516,13978.7332024565,14027.5773930073,13823.5528738742,59.8717502107154,57.7850354379581,47.5383997746445,-564.293084903073,-254.67392079015,1.49011611938477e-08,1.49011611938477e-08,1.90328268463288,1.23031073537154,0.580943085178399,3.58360508006488,22,55
1.256,1000,55,505.538080563034,410.837460243574,505.538080563034,14042.7388662331,13627.7794814767,14079.788472789,59.0802890456081,54.6252879118279,47.8368345806043,-438.27530931273,-135.309262646456,1.49011611938477e-08,1.49011611938477e-08,1.81507755080329,1.41435209993999,1.29082244684949,2.14123749633969,22,55
1.257,1000,55,592.423049448992,-7177.74801270874,592.423049448992,13710.7214583835,13573.3972674604,14478.2483747752,58.434270845694,49.7708414374265,47.6844084196296,-355.044821509552,15.911243531561,1.49011611938477e-08,1.49011611938477e-08,1.84826979248879,1.60749445858256,1.76096904241628,1.39562928578785,22,55
1.258,1000,55,573.690772680229,-2702.3755299349,573.690772680229,13321.116453495,13940.9164127262,14473.0802977762,57.6503809793493,44.6766694805183,46.4923614850333,-354.367960675893,111.952970701438,1.49011611938477e-08,1.49011611938477e-08,1.925080613097,1.76951474763134,2.06110451499762,1.1576300490788,22,55
1.259,1000,55,526.430772525521,282.803305991019,526.430772525521,13373.2884798833,14241.7231629205,14058.729475861,57.6367863218883,41.6545835276602,44.810071074675,-496.045539573736,118.127898779264,1.49011611938477e-08,1.49011611938477e-08,1.95471982702316,1.70150992502765,4.37108507205743,1.2310849492264,22,55
1.26,1000,55,468.954212856185,499.254956452423,468.954212856185,13812.4187458157,14087.0220566773,13752.8490772356,58.5453025222115,42.6303719624815,43.0379027045765,-725.213652525243,-32.6611719554122,1.49011611938477e-08,1.49011611938477e-08,1.93346848544349,1.44493412290717,1.21842485815277,1.64065761312281,22,55
1.261,1000,55,425.321484783716,524.054240694389,425.321484783716,14092.4986476833,13652.1638086714,13969.5332257313,59.2229089817313,47.095540222757,41.5247705588901,-848.442357093142,-300.920624085146,1.49011611938477e-08,1.49011611938477e-08,1.82288763053555,1.29283532373719,1.49011611938477e-08,2.27411372037974,22,55
1.262,1000,55,401.11237133795,527.46263252777,401.11237133795,13881.8596816476,13476.757207957,14426.4292721039,58.7870901531402,52.173586070015,40.0073455599055,-802.479833951773,-525.803491425482,1.49011611938477e-08,1.49011611938477e-08,1.81686956526545,1.2942039216816,1.49011611938477e-08,2.17802577895721,22,55
1.263,1000,55,365.303249890576,529.666458865016,365.303249890576,13465.1592783677,13785.8928297219,14553.2368557855,57.3683092567078,56.108783385184,38.5627286682497,-685.909851674216,-582.882826413391,1.49011611938477e-08,1.49011611938477e-08,1.90314112936756,1.31037505217731,1.49011611938477e-08,2.14690636503633,22,55
1.264,1000,55,304.06629006005,531.742357313085,304.06629006005,13391.9263537764,14176.479869305,14201.021939311,56.2931048072383,58.3784960430177,38.4334119771066,-593.816490495631,-503.604991148824,1.49011611938477e-08,1.49011611938477e-08,1.94753696859903,1.2135362608971,1.49011611938477e-08,3.70634653722839,22,55
1.265,1000,55,223.381451492404,534.159029059796,223.381451492404,13771.0962028405,14160.8920587564,13810.9729791452,56.3008201487559,59.0775366077001,40.0663468386742,-536.034535710429,-351.151547053549,1.49011611938477e-08,1.49011611938477e-08,1.94004998083217,1.09205716211202,1.49011611938477e-08,15.3971570810602,22,55
1.266,1000,55,228.323363826756,534.037573568197,228.323363826756,14120.7086068013,13761.5759532738,13878.5323218853,56.750964337405,58.4258979002162,43.0497658769584,-487.563090180638,-211.046748516037,1.49011611938477e-08,1.49011611938477e-08,1.83224287055234,1.15183194187335,0.719120162723049,3.55761268509039,22,55
1.267,1000,55,421.309304944707,525.220700891205,421.309304944707,14032.3927800987,13485.9698318345,14317.7355251389,55.6705349377699,56.6703056410448,46.2452232753178,-400.107853250908,-127.739993409702,1.49011611938477e-08,1.49011611938477e-08,1.78904327450995,1.45896271264864,1.4429730544048,2.50185992699273,22,55
1.268,1000,55,602.909762463697,538.018841344487,602.909762463697,13643.441268326,13697.3553492422,14583.4404252661,51.1663998251227,54.2182333322998,48.0198263680072,-300.863560515151,-98.6184204960338,1.49011611938477e-08,1.49011611938477e-08,1.87574112948962,1.89418174483005,2.27814388289654,2.55275173652556,22,55
1.269,1000,55,590.518650049737,-6543.95368704408,590.518650049737,13472.0833570656,14113.1564485825,14367.920975543,43.4845203052033,52.0450699850846,48.0086895673837,-291.759405151103,-70.3620542034634,1.49011611938477e-08,1.49011611938477e-08,1.94430726069763,2.01404439937093,3.0430703811828,2.67803688697136,22,55
1.27,1000,55,553.30441954822,250.898416288126,553.30441954822,13754.0894922734,14200.9969000268,13953.2586327959,36.4243950575612,51.2024380404072,47.2055538788763,-443.726677739308,-17.4531672195655,1.49011611938477e-08,1.49011611938477e-08,1.95758007412238,1.20443634473613,1.98762258777279,2.04151981150535,22,55
1.271,1000,55,415.804923939105,525.718853011963,415.804923939105,14121.3665955299,13844.2320134138,13885.0400538029,36.6108229952374,52.2561601666304,46.9370824144165,-682.534185791544,2.71682565608604,1.49011611938477e-08,1.49011611938477e-08,1.8688583725557,0.320299084010116,0.811798138773005,1.35371869471341,22,55
1.272,1000,55,253.841245582782,533.260101550997,253.841245582782,14114.878643316,13477.6311743529,14262.4378204129,43.5845891925796,54.6734603769952,47.3468363054648,-862.80230988786,-57.3806039093277,1.49011611938477e-08,1.49011611938477e-08,1.78756102956182,1.49011611938477e-08,1.49011611938477e-08,1.59957851007019,22,55
1.273,1000,55,303.411073918337,531.785751032536,303.411073918337,13728.9604412784,13576.3889996139,14585.8017705769,50.9037317137128,57.1841778800997,47.2611481335715,-869.837971513408,-155.157087942262,1.49011611938477e-08,1.49011611938477e-08,1.85103111665636,0.376298782002854,1.49011611938477e-08,2.60530993524543,22,55
1.274,1000,55,566.9349922222,-130.026859742057,566.9349922222,13417.5885714791,14014.4812538917,14417.1995428931,56.9151607129644,58.9816940488837,47.7865998914924,-803.406376511218,-229.974109851696,1.49011611938477e-08,1.49011611938477e-08,1.93032021813369,0.728025627939026,1.49011611938477e-08,3.82688914420703,22,55
1.275,1000,55,596.993548295279,534.615081192458,596.993548295279,13606.3127868883,14243.7684065631,13986.1913094048,59.6124137994761,59.5347897729699,47.9208991022557,-688.163939968101,-290.022830817346,1.49011611938477e-08,1.49011611938477e-08,1.95336528427479,1.03626989097468,1.49011611938477e-08,4.76873884163002,22,55
1.276,1000,55,563.549372206828,-1380.24853765588,563.549372206828,13997.3318180546,14003.1289143048,13816.9489973911,59.4630627726071,58.3758074938125,47.690847513725,-541.085832424605,-276.970707535499,1.49011611938477e-08,1.49011611938477e-08,1.89612579313479,1.29475288554558,0.592551759576024,3.98868320602039,22,55
1.277,1000,55,514.397511097751,367.271747170237,514.397511097751,14032.485989273,13611.744388493,14092.9588057175,58.8298806000827,55.1605321844318,47.9466854927119,-413.965963384682,-140.037230162177,1.49011611938477e-08,1.49011611938477e-08,1.81240789907867,1.46886186205855,1.31170343355146,2.21439844303651,22,55
1.278,1000,55,590.108108293765,531.575984917391,590.108108293765,13682.8823628625,13585.4327694306,14481.706664133,58.3049103572771,50.2736498999608,47.5083097305918,-339.081711585559,14.1295994144465,1.49011611938477e-08,1.49011611938477e-08,1.85252193993763,1.65479256509916,1.76001452508995,1.4134804821392,22,55
1.279,1000,55,567.626254402431,-1883.48985715383,567.626254402431,13308.4952995784,13965.8706455464,14450.496503871,57.6249314967392,45.2775577850355,46.1059692650757,-349.14367732351,106.122625997134,1.49011611938477e-08,1.49011611938477e-08,1.92761364771224,1.8076763109131,2.0963508007396,1.17224179146502,22,55
1.28,1000,55,517.702547307823,344.668301516861,517.702547307823,13389.7589237573,14245.106611631,14027.3339114489,57.6983626292124,42.4726420683681,44.3203281324313,-500.474106904653,103.242307677713,1.49011611938477e-08,1.49011611938477e-08,1.9555148868352,1.72458798603431,4.46970453625399,1.25850018859352,22,55
1.281,1000,55,469.395902348389,499.51931587258,469.395902348389,13832.3919227407,14062.7667092207,13745.9203817086,58.6773885092663,43.7449520248154,42.574436633149,-721.364394357646,-46.2117990174698,1.49011611938477e-08,1.49011611938477e-08,1.92857705832273,1.45428530726982,1.13162829135979,1.6873037105391,22,55
1.282,1000,55,430.433809003806,523.050799861087,430.433809003806,14087.1443302256,13628.5504274899,13989.3262398125,59.4278839836856,48.2109624015487,41.1229248006436,-848.803396158973,-324.044139211271,1.49011611938477e-08,1.49011611938477e-08,1.81856360376053,1.29383958324129,1.49011611938477e-08,2.26445900683998,22,55
1.283,1000,55,408.578043021231,526.771761489101,408.578043021231,13853.5936130259,13480.9522684889,14442.8906817298,59.0876995738626,53.1736572645962,39.7005895428613,-799.345007904832,-536.241650019524,1.49011611938477e-08,1.49011611938477e-08,1.82113856629057,1.2884228304022,1.49011611938477e-08,2.12620883485024,22,55
1.284,1000,55,375.614576158511,529.18557599904,375.614576158511,13443.6061461509,13809.8107729158,14544.2272760409,57.7709169270872,56.9622962841076,38.3095986168485,-684.681987795118,-582.880944411818,1.49011611938477e-08,1.49011611938477e-08,1.90733341136111,1.29666680321154,1.49011611938477e-08,2.14519616832972,22,55
1.285,1000,55,312.712012680149,531.456948372202,312.712012680149,13399.7764289252,14187.644851991,14176.0199883515,56.7872738835756,59.095554758127,38.21923242044,-594.61799759854,-497.042391035418,1.49011611938477e-08,1.49011611938477e-08,1.94877967489356,1.19494737814634,1.49011611938477e-08,3.89169024401382,22,55
1.286,1000,55,229.918623780675,533.962108691897,229.918623780675,13791.4879540833,14144.0577159543,13801.745251157,56.8766837272717,59.6612850031116,39.97642062558,-540.300849175894,-348.523073668473,1.49011611938477e-08,1.49011611938477e-08,1.93690520585592,1.0812023619391,1.49011611938477e-08,12.9145983075466,22,55
1.287,1000,55,244.721357314938,533.546635441108,244.721357314938,14122.9401686878,13736.1367203493,13898.8182887422,57.3407229737633,58.8881169646459,43.1275370480663,-488.181256289347,-199.521122884838,1.49011611938477e-08,1.49011611938477e-08,1.82659167830229,1.15517975202476,0.749427833461051,3.26511413352372,22,55
1.288,1000,55,456.274202678039,512.458057211004,456.274202678039,14009.8739196832,13484.2212435321,14345.3086144284,56.125282072528,56.9958405337635,46.3537888105844,-397.226814930357,-118.545855713182,1.49011611938477e-08,1.49011611938477e-08,1.79240978587187,1.47281236194563,1.48535538498699,2.36913280321631,22,55
1.289,1000,55,602.08302666844,537.603659938284,602.08302666844,13619.4717046543,13720.429997762,14588.4069984521,51.3807203646481,54.4174084021226,48.005049261389,-298.905627552541,-89.5756147996088,1.49011611938477e-08,1.49011611938477e-08,1.88155214829788,1.90345481199025,2.32724008054352,2.4293463032424,22,55
1.29,1000,55,588.995648970456,-6068.11802390739,588.995648970456,13473.7768854344,14130.8311060115,14350.2313091997,43.5315897573653,52.1904674749608,47.885738163353,-298.275479418653,-57.9410572398929,1.49011611938477e-08,1.49011611938477e-08,1.94651922609185,1.97892425055963,3.0873614055359,2.49095853806042,22,55
1.291,1000,55,551.030799999646,188.591367922966,551.030799999646,13774.8450457521,14190.1519948803,13941.2113939028,36.7111193645254,51.3356644726863,47.099982374718,-450.066362184232,-5.84718669508089,1.49011611938477e-08,1.49011611938477e-08,1.95608978502954,1.14069346409643,1.94928175209408,1.83788722802095,22,55
1.292,1000,55,405.200766288556,527.016395358052,405.200766288556,14130.2903127193,13817.1785710234,13902.1631241064,37.3093540137883,52.3913177642043,46.8965244979849,-703.812950382449,12.6258833529496,1.49011611938477e-08,1.49011611938477e-08,1.8621097816129,0.266294908518153,0.783441748176317,1.24594861043577,22,55
1.293,1000,55,243.790826281854,533.556376033217,243.790826281854,14098.9564509156,13467.9988654509,14292.2885198896,44.3408038352578,54.7453896697201,47.3301542791306,-875.285417242621,-52.6727454156208,1.49011611938477e-08,1.49011611938477e-08,1.78821918978518,1.49011611938477e-08,1.49011611938477e-08,1.54993520743866,22,55
1.294,1000,55,332.321591113997,530.908644714773,332.321591113997,13701.0924271505,13596.0534624239,14593.1019781514,51.4647857021696,57.1707112028838,47.2271501959038,-873.979533846591,-149.43839024295,1.49011611938477e-08,1.49011611938477e-08,1.85722710206533,0.372905385864314,1.49011611938477e-08,2.52442283603249,22,55
1.295,1000,55,589.29224533144,-537.704549722961,589.29224533144,13414.192454325,14036.967068363,14402.3928686723,57.1861583000527,58.8847981226778,47.7073145635566,-804.452520221578,-222.422367565044,1.49011611938477e-08,1.49011611938477e-08,1.93305078476803,0.720539882101667,1.49011611938477e-08,3.65512028387922,22,55
1.296,1000,55,594.978316149361,533.648479290704,594.978316149361,13627.9658397371,14241.8116148307,13972.7072712746,59.555132003838,59.3211726575501,47.7732213920466,-695.894441765386,-275.607641410977,1.49011611938477e-08,1.49011611938477e-08,1.95325368288438,1.01481650984747,1.49011611938477e-08,4.41915788284236,22,55
1.297,1000,55,559.263508690701,-900.731613325041,559.263508690701,14011.4458965432,13981.4591900743,13830.4631286945,59.2617684952403,57.9874654464136,47.5279974260585,-544.496225894259,-253.521135175307,1.49011611938477e-08,1.49011611938477e-08,1.89126295191156,1.25586102733806,0.647294398831649,3.54743851629865,22,55
1.298,1000,55,527.609230220033,280.600929679458,527.609230220033,14022.1507247268,13596.5030302638,14124.8714615975,58.6578209942542,54.5802304205928,47.888347731192,-422.469242494872,-111.59473445637,1.49011611938477e-08,1.49011611938477e-08,1.81164254865537,1.42359733022409,1.35762555665768,2.00159710310289,22,55
1.299,1000,55,590.813871298095,-6631.08350360568,590.813871298095,13660.3481231849,13598.905629188,14501.3054605436,58.0134958698842,49.6114719331458,47.4264996976565,-347.472792023833,36.9025159845064,1.49011611938477e-08,1.49011611938477e-08,1.85754978303286,1.61588921920397,1.78071534980795,1.319535889582,22,55
1.3,1000,55,570.469634735246,-2280.41114660951,570.469634735246,13303.1362078156,13988.2353930804,14441.1235240022,57.3027983723827,44.6288639456326,46.0440643322043,-363.921780155637,124.167212773083,1.49011611938477e-08,1.49011611938477e-08,1.93020612530943,1.75866769526664,2.15775958054281,1.11582648776467,22,55
1.301,1000,55,516.399564503993,352.511917685536,516.399564503993,13414.6968851159,14249.6346698788,14010.336122788,57.4445763661026,41.9967449337041,44.2610593506765,-513.848479023707,118.556799203932,1.49011611938477e-08,1.49011611938477e-08,1.95636374045091,1.65510702537874,4.42869224948378,1.21961805118677,22,55
1.302,1000,55,459.299045261874,508.94290595538,459.299045261874,13863.6630116263,14042.9680449212,13753.6750860306,58.4573610701751,43.4199319881716,42.4565316332582,-744.576756821693,-43.7197636809719,1.49011611938477e-08,1.49011611938477e-08,1.92346025140301,1.39055075538388,1.02774744194392,1.66275700258242,22,55
1.303,1000,55,422.351990322948,524.789651256996,422.351990322948,14093.2132898204,13609.3711326776,14023.3301263425,59.1384739416419,48.0573400101227,40.9351038734581,-858.653118180504,-325.543582183361,1.49011611938477e-08,1.49011611938477e-08,1.81432858629762,1.24838196361658,1.49011611938477e-08,2.28766004514096,22,55
1.304,1000,55,405.643199163246,527.088795563006,405.643199163246,13835.1207534321,13489.1471009359,14469.7745170296,58.6884471042046,53.0388186006516,39.3759256949869,-799.195062299854,-530.14554424416,1.49011611938477e-08,1.49011611938477e-08,1.82529754676752,1.2503689600594,1.49011611938477e-08,2.19100027230874,22,55
1.305,1000,55,374.381126200803,529.245201606775,374.381126200803,13432.1812658041,13835.8634975967,14539.4349461907,57.3278633522754,56.7841776700164,38.0004386525254,-683.658770616472,-566.331953526189,1.49011611938477e-08,1.49011611938477e-08,1.91114852205049,1.25157659313906,1.49011611938477e-08,2.28804939256022,22,55
1.306,1000,55,311.793640046835,531.48520700337,311.793640046835,13418.0204278834,14199.4625363932,14154.8692324378,56.4003117177413,58.8598116556953,38.063837229116,-599.523165480526,-480.765729089584,1.49011611938477e-08,1.49011611938477e-08,1.94983864895268,1.14330632617907,1.49011611938477e-08,4.49721054466754,22,55
1.307,1000,55,220.682835222622,534.23816819712,220.682835222622,13822.3975955006,14127.9953705436,13798.1895720151,56.5325027135953,59.3837117586403,39.9590358064562,-543.305109243782,-324.390951313674,1.49011611938477e-08,1.49011611938477e-08,1.93298021593125,1.0379954788491,1.49011611938477e-08,9.76615191265209,22,55
1.308,1000,55,240.502868898711,533.672908760607,240.502868898711,14134.1748196335,13713.4355362052,13924.5770758463,56.942167121316,58.5742957582184,43.1666281475452,-489.570617322871,-180.327125502216,1.49011611938477e-08,1.49011611938477e-08,1.82053299220194,1.12930976451594,0.795797133550877,2.99030880752419,22,55
1.309,1000,55,454.843745127129,513.573831008604,454.843745127129,13994.2942473994,13484.9895945263,14372.8761048673,55.5681279711418,56.6676676770187,46.4132633411106,-396.640540615089,-105.055732947695,1.49011611938477e-08,1.49011611938477e-08,1.79536924792959,1.45643816452779,1.53467086844255,2.26083054130575,22,55
1.31,1000,55,602.4846333557,-11729.8061704976,602.4846333557,13601.8780979011,13744.2806110609,14588.9613800727,50.7034873763604,54.154417599264,48.0896590473816,-302.88525245303,-78.8646903123735,1.49011611938477e-08,1.49011611938477e-08,1.88689633134975,1.87398318585328,2.38279036117285,2.33708659993669,22,55
1.311,1000,55,588.958536501965,-6057.64649458694,588.958536501965,13480.743850719,14146.8023174954,14326.1822702006,42.9011074830125,52.0297253151768,48.0334916624983,-308.305649034193,-50.5032589391339,1.49011611938477e-08,1.49011611938477e-08,1.94858719666923,1.899742993565,3.07927406699915,2.37171131900794,22,55
1.312,1000,55,548.151586669835,45.8336510194003,548.151586669835,13799.7561139132,14179.4557340225,13924.4200182678,36.5328504085425,51.3491229611715,47.3486777432555,-472.552244185352,-1.00062461183767,1.49011611938477e-08,1.49011611938477e-08,1.95409823485985,1.06440961251155,1.8445110845082,1.74203915247202,22,55
1.313,1000,55,399.400140360468,527.644490440449,399.400140360468,14141.8440520404,13792.6709643156,13914.6670727486,37.6764157905926,52.5735735405635,47.2067976806914,-722.484119061032,7.18364282936392,1.49011611938477e-08,1.49011611938477e-08,1.85509621342919,0.23381687485549,0.726242852114208,1.23923941061784,22,55
1.314,1000,55,252.364362696458,533.276716573524,252.364362696458,14084.4732770792,13462.0438468348,14317.9284084061,44.7640707592107,55.0527929925163,47.5563165277083,-878.247745925202,-66.646490136918,1.49011611938477e-08,1.49011611938477e-08,1.78885546531891,1.49011611938477e-08,1.49011611938477e-08,1.61507798858357,22,55
1.315,1000,55,338.599028597526,530.672390718227,338.599028597526,13669.1276858079,13618.0899091739,14589.9270691888,51.8049324918413,57.5261116143512,47.3791706185087,-867.270658401586,-163.063895814936,1.49011611938477e-08,1.49011611938477e-08,1.86312375963664,0.417228143488408,1.49011611938477e-08,2.64560408126793,22,55
1.316,1000,55,601.368575126161,-642.848683867286,601.368575126161,13409.3836642165,14060.5696838624,14376.0349368011,57.362835943572,59.2216624565839,47.8188980787154,-799.032575891542,-231.503564500484,1.49011611938477e-08,1.49011611938477e-08,1.93540981154507,0.755497851180791,1.49011611938477e-08,3.80088143793293,22,55
1.317,1000,55,593.780675256799,-7693.46010427887,593.780675256799,13647.7971841129,14239.8896203916,13948.521286068,59.5577971311064,59.6057135030731,47.8371121180514,-681.036435452006,-284.910953295132,1.49011611938477e-08,1.49011611938477e-08,1.95245918340603,1.04929763276149,1.49011611938477e-08,4.50666285401337,22,55
1.318,1000,55,553.866146327844,-356.069143588876,553.866146327844,14023.7951239642,13957.405178147,13832.7966815508,59.1526381012382,58.2284724292867,47.6421910000087,-527.172088582683,-255.749856382394,1.49011611938477e-08,1.49011611938477e-08,1.88449004101754,1.29091640267453,0.683079930156202,3.52383302243355,22,55
1.319,1000,55,537.414584240911,198.660266808491,537.414584240911,14007.1063783348,13584.0000902866,14146.2512451401,58.581217116142,54.782412937479,48.0948543428495,-408.906979595999,-108.490187169165,1.49011611938477e-08,1.49011611938477e-08,1.81065137229434,1.45660904451474,1.38882537880408,1.96598658444455,22,55
1.32,1000,55,589.437753658835,531.362828308713,589.437753658835,13629.8393986362,13614.6936565187,14508.226183034,57.9228100824779,49.7905615829626,47.5465870880569,-338.079700496028,36.8272085424888,1.49011611938477e-08,1.49011611938477e-08,1.86255597536351,1.6495203396464,1.77365158170042,1.3089636238399,22,55
1.321,1000,55,562.280217382664,458.277473817845,562.280217382664,13289.9400297261,14013.3647508082,14420.8730982406,57.224808405713,44.8821825998022,46.1318764402867,-357.922766016338,116.704051660489,1.49011611938477e-08,1.49011611938477e-08,1.93266377898374,1.78630747642702,2.17928730183074,1.12209017072532,22,55
1.322,1000,55,517.1484803871,347.78313868079,517.1484803871,13429.8110207616,14249.6853358804,13981.8872187694,57.4069281088726,42.4216875121285,44.359447432858,-519.799092972918,104.821062455212,1.49011611938477e-08,1.49011611938477e-08,1.95711347013742,1.6712752855447,4.37168497974257,1.24379667186128,22,55
1.323,1000,55,466.105574542675,502.514216799942,466.105574542675,13880.6845893271,14018.0389131486,13751.3886049033,58.4347505291076,44.0783192364634,42.6045387145256,-749.472276963928,-69.6324385732262,1.49011611938477e-08,1.49011611938477e-08,1.91793382382481,1.40535893735387,0.975024872701617,1.70985267733178,22,55
1.324,1000,55,432.767994552094,522.436053593445,432.767994552094,14085.0631573944,13589.0764785211,14045.414384722,59.0832169009088,48.6664774099393,41.0646920840948,-852.071590157303,-350.9947253392,1.49011611938477e-08,1.49011611938477e-08,1.8107344003111,1.2706233450799,1.49011611938477e-08,2.27540032123495,22,55
1.325,1000,55,409.233598506346,526.695058201753,409.233598506346,13807.2825872177,13498.1607443752,14484.593376687,58.5581420089858,53.5105871560092,39.4579518111509,-785.132738180227,-544.812601911835,1.49011611938477e-08,1.49011611938477e-08,1.82987405561678,1.28001850926895,1.49011611938477e-08,2.11549435363489,22,55
1.326,1000,55,372.521700777819,529.332039458088,372.521700777819,13414.2659239405,13861.3890305996,14527.0214757841,57.1202646398378,57.0945735424156,37.9799621681875,-674.890808924099,-573.363859009968,1.49011611938477e-08,1.49011611938477e-08,1.91481994660567,1.28029606076189,1.49011611938477e-08,2.2361438469772,22,55
1.327,1000,55,301.92806636827,531.787790250614,301.92806636827,13429.9041712985,14208.7344419645,14128.5958704994,56.1875071306672,59.0253035137667,37.9766344879837,-587.700882786094,-478.480022126064,1.49011611938477e-08,1.49011611938477e-08,1.95086797788052,1.16396506651314,1.49011611938477e-08,4.58211478240961,22,55
1.328,1000,55,226.164505705028,534.08839964917,226.164505705028,13843.5294453439,14109.4171155643,13790.8286965326,56.3848529123968,59.4181880256261,39.8900896693881,-534.639230246369,-316.679726252407,1.49011611938477e-08,1.49011611938477e-08,1.92884400969271,1.05402557409062,1.49011611938477e-08,8.88102781524188,22,55
1.329,1000,55,257.924242074229,533.169988191275,257.924242074229,14135.3830874857,13689.6038638378,13946.1264638575,56.8484267560964,58.5049841648621,43.164669257959,-482.095743345207,-172.2425512978,1.49011611938477e-08,1.49011611938477e-08,1.81498961930984,1.14814380685644,0.831372276087422,2.84586967578527,22,55
1.33,1000,55,479.810012771445,485.705644972217,479.810012771445,13972.4759065049,13487.0885960795,14397.8894294575,55.4002301380411,56.4918991230271,46.365812460982,-388.140515312777,-99.3537523809173,1.49011611938477e-08,1.49011611938477e-08,1.79901350247306,1.47939713646409,1.57490888119642,2.18976374729792,22,55
1.331,1000,55,600.949454586228,536.708599660314,600.949454586228,13582.6151231741,13768.8734334675,14589.6564512548,50.3790871349713,53.8859470558883,47.9068598128414,-300.574596082719,-73.9743866610975,1.49011611938477e-08,1.49011611938477e-08,1.89200109981318,1.88718831403149,2.42244612388802,2.26687201413733,22,55
1.332,1000,55,587.062452817447,530.614136168015,587.062452817447,13488.340077883,14161.5826763524,14305.9510054051,42.482399773055,51.7285511954238,47.7508978096985,-312.325084682122,-41.1592784971336,1.49011611938477e-08,1.49011611938477e-08,1.95036173081591,1.8608855173062,3.08516092941028,2.24699027436728,22,55
1.333,1000,55,539.546215448631,173.431188637544,539.546215448631,13823.3054904446,14165.6175268057,13913.9565739091,36.4231089551303,51.0615699603309,47.0833362206698,-487.510325011062,9.73700487090575,1.49011611938477e-08,1.49011611938477e-08,1.95153779180117,0.996825658634232,1.78545346161927,1.59865369457685,22,55
1.334,1000,55,379.733052384998,528.922200908084,379.733052384998,14150.5778135647,13765.8661004908,13933.5666090123,38.0655448445704,52.3152187857955,47.0068770534475,-739.078794252265,13.3837594461619,1.49011611938477e-08,1.49011611938477e-08,1.84798522309038,0.149735635594015,0.688786338372234,1.17512239648699,22,55
1.335,1000,55,243.949320906162,533.551564732291,243.949320906162,14068.2665074357,13455.5124565253,14345.6744605529,45.3112038135337,54.7564285889713,47.3799548966434,-885.25887914976,-64.7952917180381,1.49011611938477e-08,1.49011611938477e-08,1.78996356537692,1.49011611938477e-08,1.49011611938477e-08,1.60453724441294,22,55
1.336,1000,55,363.533057390479,529.772904869518,363.533057390479,13644.69430652,13639.816851833,14591.8473259785,52.2371508440044,57.1578797883506,47.2394835179987,-869.861061607613,-155.412011735656,1.49011611938477e-08,1.49011611938477e-08,1.86879855370811,0.423016676619434,1.49011611938477e-08,2.61511083871985,22,55
1.337,1000,55,602.490363597163,537.334270525532,602.490363597163,13411.704707513,14080.5368818803,14356.6037277013,57.553984172271,58.7716704302961,47.6700684780943,-796.491792180011,-226.481128872639,1.49011611938477e-08,1.49011611938477e-08,1.93765077845522,0.758403130626349,1.49011611938477e-08,3.71947361820121,22,55
1.338,1000,55,592.191806643007,532.465706020653,592.191806643007,13672.7463201242,14234.0651515365,13934.3106103204,59.5073553087137,59.0557809372505,47.6615244104557,-678.230027230731,-276.105037389223,1.49011611938477e-08,1.49011611938477e-08,1.9517098352299,1.043427029083,1.49011611938477e-08,4.31952019568761,22,55
1.339,1000,55,549.82474818393,180.119104432365,549.82474818393,14036.7403422467,13933.2562836033,13846.5398475799,59.037822325091,57.5335269121936,47.4513550605608,-527.711152691628,-237.122700045523,1.49011611938477e-08,1.49011611938477e-08,1.87909077610722,1.27153883538958,0.725037161654153,3.27374140898156,22,55
1.34,1000,55,536.558362246395,206.607475797136,536.558362246395,13994.4666370657,13570.9806288621,14173.994259492,58.5440512609015,53.9415302612481,47.9723602460044,-415.427895453224,-86.2227740535305,1.49011611938477e-08,1.49011611938477e-08,1.81065174490736,1.43106783847494,1.42482577744434,1.84346905036429,22,55
1.341,1000,55,590.843102585001,-6681.89820353092,590.843102585001,13603.9525950929,13630.3454185741,14518.0198704532,57.9064809082841,48.9222811082954,47.5095349106686,-351.319501129279,49.1718320424473,1.49011611938477e-08,1.49011611938477e-08,1.86779791867327,1.62034093207137,1.80210654690977,1.2493742804203,22,55
1.342,1000,55,566.214409861059,-1713.19416373769,566.214409861059,13283.6673325919,14033.8443899195,14401.2150665374,57.2388567194522,44.1126805170466,46.1755372883683,-378.259207543628,127.702016027059,1.49011611938477e-08,1.49011611938477e-08,1.93500547166572,1.74378005774828,2.29284392945634,1.09320626740189,22,55
1.343,1000,55,516.992962889004,346.506441230768,516.992962889004,13452.3378619577,14250.2589636085,13958.695301389,57.4558732001162,41.9380197090063,44.4641211350541,-548.965819121146,103.820128806435,1.49011611938477e-08,1.49011611938477e-08,1.95778032504284,1.61859642117326,4.04078997576837,1.23983475815014,22,55
1.344,1000,55,453.807734233176,513.410265204772,453.807734233176,13905.2448953866,13995.2938811546,13755.2534299947,58.432670746088,43.8660324374154,42.7730642586491,-773.334897507149,-84.6815630918056,1.49011611938477e-08,1.49011611938477e-08,1.91246188546808,1.36971107616227,0.856570344418189,1.72992449291509,22,55
1.345,1000,55,417.12494376393,525.657385074391,417.12494376393,14082.3176645245,13570.941104312,14072.8316959979,58.9314175808431,48.6959097420371,41.3801619125601,-859.003171678685,-369.984640546991,1.49011611938477e-08,1.49011611938477e-08,1.80807289975965,1.25832677718181,1.49011611938477e-08,2.28382267590959,22,55
1.346,1000,55,393.070677649581,528.166456526009,393.070677649581,13781.6565715536,13508.4833695173,14500.6262997512,58.2697856243233,53.5993054965976,39.8797111810736,-788.070216710839,-549.398264733434,1.49011611938477e-08,1.49011611938477e-08,1.83496418359321,1.2780830583534,1.49011611938477e-08,2.10673586577968,22,55
1.347,1000,55,355.336126378434,530.044664467872,355.336126378434,13399.3133332881,13886.3415702236,14510.1634909625,56.8147088878392,57.1705213785062,38.6187851363272,-672.331126583137,-572.517572721858,1.49011611938477e-08,1.49011611938477e-08,1.91837370215455,1.27630005467061,1.49011611938477e-08,2.29733656539363,22,55
1.348,1000,55,287.185306083232,532.236393532974,287.185306083232,13445.0927736186,14216.6330448199,14097.7908254859,55.9643443806439,59.0716177039725,38.8205328414414,-587.302137077521,-472.54053102478,1.49011611938477e-08,1.49011611938477e-08,1.95164151400862,1.1618359654377,1.49011611938477e-08,4.89144768681478,22,55
1.349,1000,55,202.123677121279,534.807786639681,202.123677121279,13869.2644113125,14091.1247122025,13780.3029336925,56.1699070390493,59.4475301031498,40.789404793492,-532.609615319758,-312.976250481315,1.49011611938477e-08,1.49011611938477e-08,1.92395547035686,1.06682142072785,1.49011611938477e-08,8.44214825279242,22,55
1.35,1000,55,246.740442771396,533.485876814584,246.740442771396,14139.8619017737,13668.480629552,13963.6822268139,56.4526693961544,58.5242646708182,43.964104707025,-473.211680119811,-175.741008228795,1.49011611938477e-08,1.49011611938477e-08,1.80958389173888,1.17964752424554,0.877624314336977,2.93208513279297,22,55
1.351,1000,55,478.147752770683,488.870906437378,478.147752770683,13951.8258474998,13491.7211752326,14413.6398535785,54.6676589902159,56.5151001792747,47.0248929019494,-380.109808642896,-110.178627142894,1.49011611938477e-08,1.49011611938477e-08,1.80273868006865,1.52473596363706,1.6311656221098,2.30868329201549,22,55
1.352,1000,55,601.23982997674,536.961385622106,601.23982997674,13563.9018463273,13793.8947493684,14576.6916001896,49.3212091405291,54.0037290767331,48.477731029966,-291.593796916767,-84.3908004871285,1.49011611938477e-08,1.49011611938477e-08,1.89702140124556,1.92745636828312,2.49853805938896,2.4088171002608,22,55
1.353,1000,55,585.95366668943,530.252516836068,585.95366668943,13495.5516091997,14175.3755116923,14271.5922081126,41.3047602938807,52.0251253525861,48.3021313439413,-315.489931016806,-51.5142107066695,1.49011611938477e-08,1.49011611938477e-08,1.95215992873844,1.85338944485031,3.07310907305788,2.37655423688779,22,55
1.354,1000,55,538.154766438426,184.866718946621,538.154766438426,13845.4815169005,14151.4812853193,13890.8152686375,35.6041027454017,51.6123622223063,47.6804347270554,-501.155305802751,-4.34757518077287,1.49011611938477e-08,1.49011611938477e-08,1.94864319258952,0.955073376814371,1.66897292578001,1.68356082906793,22,55
1.355,1000,55,379.965494872603,528.92202699945,379.965494872603,14156.3531883921,13740.9146517148,13940.1108620999,37.8768589270612,53.0889759190274,47.6375750710447,-750.873700567807,-8.44049351372008,1.49011611938477e-08,1.49011611938477e-08,1.84114760144783,0.12207844682135,0.609649882086686,1.27863670212779,22,55
1.356,1000,55,243.815015269276,533.560615756268,243.815015269276,14049.1969326546,13452.470628224,14362.5830725103,45.3676891522217,55.692104870267,47.93227090548,-881.707073993719,-87.1540618891366,1.49011611938477e-08,1.49011611938477e-08,1.79147639244847,1.49011611938477e-08,1.49011611938477e-08,1.78072252944291,22,55
1.357,1000,55,358.959127606638,529.948860127692,358.959127606638,13618.706889762,13663.1139297225,14584.2746678874,52.3348344101341,58.1725028439791,47.6535303350957,-860.040264985211,-183.350623054123,1.49011611938477e-08,1.49011611938477e-08,1.87398070020944,0.473439052803091,1.49011611938477e-08,2.94254294607259,22,55
1.358,1000,55,608.398889707152,-15751.6936976215,608.398889707152,13413.5037714594,14101.612292452,14326.416408196,57.5815828836596,59.794531682587,47.9427696586522,-780.468621380511,-254.130656398252,1.49011611938477e-08,1.49011611938477e-08,1.93959599847227,0.805665134999589,1.49011611938477e-08,4.21906685840693,22,55
1.359,1000,55,591.20617695075,-6779.52486006049,591.20617695075,13696.6787528304,14229.3786807884,13909.3706942335,59.456500399725,60.0332643551226,47.8272354038186,-654.515911865466,-297.973294784048,1.49011611938477e-08,1.49011611938477e-08,1.95018676251122,1.0935638657082,1.49011611938477e-08,4.80848279359598,22,55
1.36,1000,55,547.701102167557,115.65296865041,547.701102167557,14049.5821257099,13910.1307084129,13848.97685041,58.9607124493442,58.4515114721868,47.6058285373027,-507.362165697606,-252.680415158713,1.49011611938477e-08,1.49011611938477e-08,1.87196706258725,1.32491631063418,0.745869103429423,3.44005116884939,22,55
1.361,1000,55,560.611174386111,-52.7351594662474,560.611174386111,13984.5550290695,13561.6234196174,14198.2659023222,58.5042686195761,54.8136732096993,48.0118648097442,-395.127717250015,-96.2138962577204,1.49011611938477e-08,1.49011611938477e-08,1.80988827092328,1.4850832287841,1.44543968574306,1.86845012774476,22,55
1.362,1000,55,587.52998478532,530.717917927752,587.52998478532,13582.440562817,13648.7531963651,14524.2178490202,57.8084594778502,49.8014608161518,47.1768148929099,-329.702381502099,46.8381563763887,1.49011611938477e-08,1.49011611938477e-08,1.87210187560842,1.68180229495447,1.78175171304357,1.26849499129839,22,55
1.363,1000,55,559.487615027618,396.763613639549,559.487615027618,13283.363203231,14057.5187740673,14381.6938606294,57.1945273991725,45.116024008774,45.5892987322894,-365.856719687891,123.896146466146,1.49011611938477e-08,1.49011611938477e-08,1.93674805991424,1.79847030122685,2.31733521924619,1.11291615957011,22,55
1.364,1000,55,506.167932945036,403.183151561843,506.167932945036,13479.3389246335,14246.5847950098,13936.254859547,57.5675085304956,43.152105335411,43.7346591615179,-547.356090186885,95.9133417865797,1.49011611938477e-08,1.49011611938477e-08,1.95783269998034,1.64302883446524,3.97412030544993,1.26509148769397,22,55
1.365,1000,55,452.162105809648,514.03606902662,452.162105809648,13928.8386417133,13969.0068348884,13762.2093937309,58.721639819274,45.2895069649853,41.9503265724574,-775.73049366788,-97.4234386126509,1.49011611938477e-08,1.49011611938477e-08,1.90545239856942,1.36514875221708,0.806863211656222,1.76618837898854,22,55
1.366,1000,55,434.498001871678,521.950883059254,434.498001871678,14077.1085978363,13552.385102855,14101.0932697021,59.4030056987287,50.0260148710758,40.3684144030396,-859.464862586723,-362.993676721148,1.49011611938477e-08,1.49011611938477e-08,1.80473577491087,1.23395394720444,1.49011611938477e-08,2.29780138062064,22,55
1.367,1000,55,415.440377651617,525.894710159945,415.440377651617,13759.1010482226,13519.7425870842,14518.0827292462,58.9050430619723,54.7768135943835,38.6939710705975,-787.918371820392,-543.73690000847,1.49011611938477e-08,1.49011611938477e-08,1.83941416200463,1.23672755676843,1.49011611938477e-08,2.12764253157149,22,55
1.368,1000,55,379.202525023888,529.001864873697,379.202525023888,13390.4651237815,13910.928618707,14502.0892397301,57.5799834167441,58.1908397075164,37.2878553298946,-674.042743216346,-558.779137176355,1.49011611938477e-08,1.49011611938477e-08,1.92145113229201,1.21621120281366,1.49011611938477e-08,2.38626121178852,22,55
1.369,1000,55,303.834485102158,531.745643377116,303.834485102158,13464.9271711811,14222.1174510413,14081.2288871801,56.8298420321059,59.9487777735355,37.5210329991216,-590.305467943795,-452.246279036734,1.49011611938477e-08,1.49011611938477e-08,1.95248221951925,1.09163478059196,1.49011611938477e-08,5.73330271721324,22,55
1.37,1000,55,234.402864790867,533.825140358237,234.402864790867,13892.3311324875,14069.2658774708,13786.1872867084,57.135846239544,60.1734924386351,39.7494485433213,-537.724807036731,-286.677107204893,1.49011611938477e-08,1.49011611938477e-08,1.91916760554677,1.00872880067353,1.49011611938477e-08,6.29959650289876,22,55
1.371,1000,55,280.865073340796,532.461134443496,280.865073340796,14139.6201661285,13645.2254515836,13996.8112473665,57.4823882525258,59.1002606965458,43.2545480901691,-482.811241820427,-153.334936288751,1.49011611938477e-08,1.49011611938477e-08,1.80527291429583,1.1428977461707,0.911123734936386,2.51886830951235,22,55
1.372,1000,55,515.259163792485,364.750613866606,515.259163792485,13929.326680405,13496.0422593543,14446.3281616684,55.658657612387,56.9399352743305,46.4573959979241,-384.627072452364,-84.6520766553798,1.49011611938477e-08,1.49011611938477e-08,1.80743650252359,1.49997434975215,1.67293854746785,2.04958235112534,22,55
1.373,1000,55,600.766723468357,536.646872361202,600.766723468357,13547.2610288219,13818.4956888091,14583.9093337984,50.2602847179837,54.2841281414549,47.8708147335716,-298.703915432242,-58.866789651461,1.49011611938477e-08,1.49011611938477e-08,1.90190085172447,1.89491784299224,2.54020340470572,2.14192870664387,22,55
1.374,1000,55,585.032563642997,529.951520778641,585.032563642997,13506.775924459,14186.9394806014,14260.5709687429,42.2972467400012,52.1794622371547,47.6605557444913,-330.920649486815,-22.8800279964884,1.49011611938477e-08,1.49011611938477e-08,1.95377881051974,1.78015628679845,3.10977011644811,2.05948053199162,22,55
1.375,1000,55,531.934393853924,239.504914293008,531.934393853924,13869.2862113114,14135.2068533797,13893.9098753029,36.9076892227859,51.6745185004071,47.0590151877117,-524.989217997606,24.7086410846994,1.49011611938477e-08,1.49011611938477e-08,1.94557182905751,0.900102822144769,1.66621887129362,1.42609055337465,22,55
1.376,1000,55,356.00005033272,529.981333135626,356.00005033272,14162.2981158119,13715.2204419761,13971.7190767026,39.3156660246343,53.065430249166,47.0677219443792,-763.120015011612,17.8584103744985,1.49011611938477e-08,1.49011611938477e-08,1.83517824205981,1.49011611938477e-08,0.615173576482426,1.12795958910255,22,55
1.377,1000,55,242.70504928632,533.588892069274,242.70504928632,14030.1177122009,13449.7649323041,14398.237482089,46.6074868163033,55.5251017225745,47.3786405109095,-895.427265017618,-66.9543135503939,1.49011611938477e-08,1.49011611938477e-08,1.7942793898483,1.49011611938477e-08,1.49011611938477e-08,1.63185375598421,22,55
1.378,1000,55,401.478404003389,527.651631183807,401.478404003389,13589.6570966161,13686.9122670584,14587.3692797411,53.3872100059248,57.8517172002286,47.3044833314257,-870.894709080879,-159.129796449797,1.49011611938477e-08,1.49011611938477e-08,1.88010010626076,0.448682806837412,1.49011611938477e-08,2.6158746034334,22,55
1.379,1000,55,604.643786267791,539.16349226071,604.643786267791,13413.0410245981,14119.7149437443,14310.2015112479,58.2684167977204,59.3181555972299,47.6984438669379,-792.046026782865,-228.689050688969,1.49011611938477e-08,1.49011611938477e-08,1.94169923398676,0.773435373362667,1.49011611938477e-08,3.63232255746945,22,55
1.38,1000,55,589.150184505983,-6123.51097160207,589.150184505983,13715.5196401221,14219.457544942,13902.5404567205,59.7930182504589,59.3961432825473,47.6417087774161,-667.867554296624,-271.655064269114,1.49011611938477e-08,1.49011611938477e-08,1.94910360289637,1.04940487598655,1.49011611938477e-08,4.0426353996145,22,55
1.381,1000,55,538.851053435788,178.122912233844,538.851053435788,14053.3514545134,13884.3637146311,13870.2701977354,59.1189354597001,57.6120166122891,47.5035871978662,-523.488136034324,-222.895835759034,1.49011611938477e-08,1.49011611938477e-08,1.86732427088493,1.26900845130614,0.818747802453967,2.94017925463103,22,55
1.382,1000,55,558.013781891775,-20.4440084727819,558.013781891775,13965.7467736662,13551.7717377519,14231.5141725416,58.5910178556008,53.743210466015,48.1152128248617,-412.304938426505,-69.9225162209604,1.49011611938477e-08,1.49011611938477e-08,1.81168533782579,1.43357870841899,1.50029555390816,1.69133660884291,22,55
1.383,1000,55,585.62881635724,-5156.46366834603,585.62881635724,13552.0898358707,13666.9164567908,14535.9957915856,57.7837882748681,48.589182401399,47.5542095444742,-347.688172307521,65.4125497018894,1.49011611938477e-08,1.49011611938477e-08,1.87794103403495,1.63224362721088,1.81077653162415,1.19190321530431,22,55
1.384,1000,55,559.306504470034,425.901095565073,559.306504470034,13274.1080801865,14076.7335114009,14363.3986033123,57.0919068205694,43.874152640204,46.216383995988,-390.353399319801,134.530093213792,1.49011611938477e-08,1.49011611938477e-08,1.9390656082786,1.73891212346834,2.41605860895234,1.07935355063754,22,55
1.385,1000,55,506.61138203782,401.166808619324,506.61138203782,13496.9585487945,14243.8963079549,13916.1861003465,57.4296391600136,42.0636332902841,44.5184636660296,-578.632637599199,94.5303048190665,1.49011611938477e-08,1.49011611938477e-08,1.9583861775799,1.58229775980555,3.58043189042302,1.2588502827545,22,55
1.386,1000,55,455.374923630306,512.365376948361,455.374923630306,13946.8318475412,13945.2726889022,13769.8094689927,58.455976076314,44.3723991525518,42.809106494687,-789.421348410052,-100.460168420468,1.49011611938477e-08,1.49011611938477e-08,1.8998634988601,1.33622099024998,0.715971906843096,1.78588316481528,22,55
1.387,1000,55,420.409345059804,525.126227099901,420.409345059804,14069.6435057841,13537.7072984077,14129.4940950488,58.8536182517746,49.2762408973092,41.2915290314634,-860.616381359414,-385.547126988633,1.49011611938477e-08,1.49011611938477e-08,1.80323938940701,1.24448332234737,1.49011611938477e-08,2.29705924100328,22,55
1.388,1000,55,395.95862552234,527.950549659857,395.95862552234,13733.2769480248,13534.4045640403,14531.9627049076,58.0310675341414,54.0387474533585,39.596738391783,-775.469790275922,-558.404827475874,1.49011611938477e-08,1.49011611938477e-08,1.8448120199911,1.27187935510692,1.49011611938477e-08,2.0940490027019,22,55
1.389,1000,55,353.781073613177,530.101534533428,353.781073613177,13379.0937283717,13936.2556594574,14481.7967339816,56.5138163136799,57.4075216108525,38.3172126368449,-660.877816976354,-561.876068696249,1.49011611938477e-08,1.49011611938477e-08,1.92457597610132,1.25679846225811,1.49011611938477e-08,2.40687573719467,22,55
1.39,1000,55,280.67671962189,532.431664530809,280.67671962189,13483.5367496019,14227.1500481192,14049.8602334606,55.7515647890288,59.1173707293603,38.6730596924746,-580.972378204036,-448.962989006488,1.49011611938477e-08,1.49011611938477e-08,1.95298993779582,1.12920312474344,1.49011611938477e-08,5.91480988160422,22,55
1.391,1000,55,206.752711744271,534.66843543615,206.752711744271,13918.6018461292,14049.0554932012,13777.7533797591,56.0605772799723,59.3304658018409,40.8380577635928,-532.669198782645,-293.183146277262,1.49011611938477e-08,1.49011611938477e-08,1.91336538718962,1.04400732422274,0.157026326741052,6.4729163251473,22,55
1.392,1000,55,271.743208324062,532.754716695324,271.743208324062,14142.6293593719,13625.6022454271,14014.5566732172,56.2965227388049,58.2757961595946,44.133235295564,-473.072062525992,-159.1092777039,1.49011611938477e-08,1.49011611938477e-08,1.80048958422254,1.18018888087124,0.95133315788554,2.66619652935734,22,55
1.393,1000,55,515.129786650191,364.548870514206,515.129786650191,13910.3547944912,13503.7876158031,14459.0135316318,54.2253552451508,56.1505247473585,47.1015797725092,-373.403360481154,-96.5856486546461,1.49011611938477e-08,1.49011611938477e-08,1.81148668527405,1.53917870517427,1.7162113117741,2.20606105060413,22,55
1.394,1000,55,600.157957585117,-10483.7590240719,600.157957585117,13535.0022038234,13843.4356499464,14567.6524190013,48.5321400315957,53.6235213280942,48.3519757599423,-293.67641153489,-72.3728229822354,1.49011611938477e-08,1.49011611938477e-08,1.90625456081908,1.9149767061975,2.59369183594859,2.31886636686383,22,55
1.395,1000,55,583.163826237082,529.31309842463,583.163826237082,13521.0391581772,14197.4237335311,14225.6684625787,40.5158585223913,51.7482359235328,48.0720556266206,-337.908724444658,-35.9439788940432,1.49011611938477e-08,1.49011611938477e-08,1.95515296204408,1.73293736373077,2.97291068801456,2.20607469564323,22,55
1.396,1000,55,528.246715578446,268.821689923064,528.246715578446,13895.0428923181,14117.7520682253,13873.8392466008,35.6383939407254,51.5276283916535,47.5085365920296,-527.281996048252,6.67341401844758,1.49011611938477e-08,1.49011611938477e-08,1.94139749448847,0.827631559073384,1.51457743957675,1.51320342274421,22,55
1.397,1000,55,355.09537776628,530.014845493906,355.09537776628,14169.5537466514,13690.9022824136,13981.1685639841,38.8125113871985,53.1681778775204,47.5549442974515,-772.50000370608,-5.35295879186258,1.49011611938477e-08,1.49011611938477e-08,1.82815161951939,1.49011611938477e-08,0.520554253148242,1.24311709843638,22,55
1.398,1000,55,248.145239715136,533.426211652759,248.145239715136,14013.9666148039,13450.1871397972,14414.1240058725,46.3543308530115,55.7961116726018,47.7863322732986,-889.032377617382,-94.4548047701058,1.49011611938477e-08,1.49011611938477e-08,1.79607896752832,1.49011611938477e-08,1.49011611938477e-08,1.83127370436453,22,55
1.399,1000,55,381.484008389089,528.988845923181,381.484008389089,13571.4440753395,13711.0912157411,14576.6301827762,53.1829060652117,58.195111674628,47.6084373234959,-855.52253680001,-186.145138465317,1.49011611938477e-08,1.49011611938477e-08,1.88459295276911,0.503558657553586,1.49011611938477e-08,2.97947634678044,22,55
1.4,1000,55,606.348082172892,-14193.8992325748,606.348082172892,13423.4367993568,14138.1600059637,14278.6962101725,58.0440064890192,59.6679093529943,47.9031081896973,-770.480920549675,-255.535548244622,1.49011611938477e-08,1.49011611938477e-08,1.94327319687665,0.830870854909766,1.49011611938477e-08,4.19567807881586,22,55
1.401,1000,55,588.308668095262,531.050696260677,588.308668095262,13745.307782314,14212.2602267057,13879.727194192,59.5359331298741,59.6992762763442,47.7621785655417,-647.087723847098,-292.548282155715,1.49011611938477e-08,1.49011611938477e-08,1.94668762752826,1.1128874635335,1.49011611938477e-08,4.6021821137874,22,55
1.402,1000,55,537.953232542631,186.137473682007,537.953232542631,14067.7184724034,13861.9735900288,13875.0486616036,58.889575493672,57.8564531790891,47.5912443956289,-493.415833192723,-232.458688767343,1.49011611938477e-08,1.49011611938477e-08,1.86007337138739,1.33526900240225,0.833671193048509,3.15259201801189,22,55
1.403,1000,55,571.220475910541,-190.993543748369,571.220475910541,13951.675035332,13545.071098915,14250.7224997556,58.4982056876398,53.9922719418348,48.0491919877456,-389.200773369207,-71.7141883058347,1.49011611938477e-08,1.49011611938477e-08,1.81180097937264,1.49347842068173,1.51232565825113,1.74541556195102,22,55
1.404,1000,55,587.823953957196,-5706.06177688166,587.823953957196,13529.2538398113,13686.9830867442,14533.3360347536,57.7987121632813,48.9111807979004,47.2127894196653,-333.72721171473,62.8135088703238,1.49011611938477e-08,1.49011611938477e-08,1.88216344700835,1.68714258839206,1.80998556482155,1.22332176409344,22,55
1.405,1000,55,560.258891766781,415.316488163092,560.258891766781,13275.138989926,14097.3304646518,14335.5649675701,57.2362187777994,44.3998386457081,45.6637826274031,-387.609059321534,126.762584225584,1.49011611938477e-08,1.49011611938477e-08,1.94058039324299,1.78132594050566,2.51369430058855,1.11210883234699,22,55
1.406,1000,55,503.66256780882,415.796052725395,503.66256780882,13524.2491384384,14236.6939865027,13889.9061375653,57.6654889830941,42.8729398952968,43.8742987201674,-571.039254157653,82.1062607770316,1.49011611938477e-08,1.49011611938477e-08,1.95799050443494,1.60835137613769,3.31399259928453,1.30935008722352,22,55
1.407,1000,55,442.344405626927,518.982818074724,442.344405626927,13967.6081364799,13918.3713135817,13775.2239258803,58.7212656196511,45.4314882306402,42.196143895963,-789.896560839211,-128.637559535642,1.49011611938477e-08,1.49011611938477e-08,1.89240519674053,1.35454576471281,0.656539192893331,1.85782353540732,22,55
1.408,1000,55,416.736847671412,525.662321660104,416.736847671412,14059.6690981796,13522.0351975314,14152.988921102,59.1462838966209,50.2715416575464,40.7460739736951,-851.918128785197,-407.775720421663,1.49011611938477e-08,1.49011611938477e-08,1.80116631127913,1.25864483639139,1.49011611938477e-08,2.28520865892434,22,55
1.409,1000,55,397.91567869323,527.794769538261,397.91567869323,13707.3863176405,13548.4674301541,14539.6201230213,58.386916303096,54.9009045694574,39.1752788924538,-764.61698584054,-566.967425761738,1.49011611938477e-08,1.49011611938477e-08,1.84970231259162,1.27983648103918,1.49011611938477e-08,2.05280757725951,22,55
1.41,1000,55,357.911213596599,529.970123244557,357.911213596599,13369.2228827427,13960.2832482725,14462.3599189503,56.9875398247899,58.1204489293809,37.9928788276508,-652.923410791915,-561.499691605148,1.49011611938477e-08,1.49011611938477e-08,1.92726544667831,1.25602510499427,1.49011611938477e-08,2.41945376341776,22,55
1.411,1000,55,280.844669606174,532.44247336275,280.844669606174,13502.3295154063,14229.9074678386,14023.9221677229,56.3416861700834,59.694452650301,38.4472626925124,-577.877604893091,-451.656245399642,1.49011611938477e-08,1.49011611938477e-08,1.95335208409625,1.12875738852337,1.49011611938477e-08,6.32070629122069,22,55
1.412,1000,55,210.715615044224,534.542374342665,210.715615044224,13938.6611846044,14026.1091933801,13776.5276786625,56.7119819256129,59.7735566365734,40.749487966097,-526.315093051862,-287.203787332514,1.49011611938477e-08,1.49011611938477e-08,1.90734926421682,1.05911944206348,0.20902478151227,6.03593623990829,22,55
1.413,1000,55,281.897980717458,532.436510411622,281.897980717458,14138.5463254325,13605.5908536012,14038.6827449139,56.8818878251269,58.5914773696827,44.1572434806772,-463.202892361719,-155.724954140142,1.49011611938477e-08,1.49011611938477e-08,1.7964886793203,1.21517064477606,0.988358035534991,2.60884167554565,22,55
1.414,1000,55,529.091822197182,271.878281854968,529.091822197182,13884.5828897303,13512.4476638614,14477.2780412493,54.6197298836627,56.3513349806774,47.1260532431059,-360.877225351379,-95.5223234067604,1.49011611938477e-08,1.49011611938477e-08,1.81633091831746,1.58999662323444,1.7614538550845,2.2000605814472,22,55
1.415,1000,55,599.749543006288,536.066602557132,599.749543006288,13518.3624581313,13868.8897316664,14558.2624708025,48.7625145680042,53.7244427256474,48.3293205730069,-285.843441906623,-71.1864818289954,1.49011611938477e-08,1.49011611938477e-08,1.91060085843101,1.96717054963028,2.64687430635728,2.32420305430947,22,55
1.416,1000,55,582.167156194267,-4302.80070011027,582.167156194267,13532.5306266633,14206.8484690674,14201.3710508148,40.6343109462735,51.7908453819161,48.0081469003305,-333.490042748152,-35.0673209072785,1.49011611938477e-08,1.49011611938477e-08,1.95651769587331,1.74353486144063,2.98958546983793,2.18623294687212,22,55
1.417,1000,55,520.816997859314,322.014759664923,520.816997859314,13915.759011587,14099.8533457107,13866.8052569867,35.9258005268068,51.5699642767148,47.443719235632,-537.873488336687,9.9895024274932,1.49011611938477e-08,1.49011611938477e-08,1.93733386464623,0.812199861992573,1.47996609832737,1.48046803050681,22,55
1.418,1000,55,327.972689248092,530.972825354982,327.972689248092,14169.6438051292,13667.0130155124,14001.6892782557,39.322214668116,53.2194741893999,47.5219869870434,-782.450891534143,-6.66036066269122,1.49011611938477e-08,1.49011611938477e-08,1.82248626935639,1.49011611938477e-08,0.491632761940361,1.24874015364368,22,55
1.419,1000,55,237.947617179318,533.736340537432,237.947617179318,13990.3192176611,13451.3678151331,14435.8177995866,46.8844692317343,55.7938712561046,47.7573843739271,-890.429034182609,-98.0536738738341,1.49011611938477e-08,1.49011611938477e-08,1.79934918592792,0.0508887728226528,1.49011611938477e-08,1.86255975377656,22,55
1.42,1000,55,426.636273035902,524.098537216899,426.636273035902,13548.1755856465,13736.7470101162,14571.0227126877,53.6056994942652,58.1150237808355,47.6652669801458,-853.364692029955,-186.847271483608,1.49011611938477e-08,1.49011611938477e-08,1.88979794568841,0.520995500179266,1.49011611938477e-08,2.98475671603737,22,55
1.421,1000,55,604.254078222977,538.97493678323,604.254078222977,13429.0565626322,14154.4887076767,14254.483281649,58.1560410623428,59.4921056615888,47.9351859434439,-772.12011902842,-251.350129567245,1.49011611938477e-08,1.49011611938477e-08,1.94492524688684,0.839475257975117,1.49011611938477e-08,4.12613666728569,22,55
1.422,1000,55,586.129829197113,-5267.56124633638,586.129829197113,13766.1987580991,14199.6100584413,13868.369216714,59.4031511895075,59.4080799853478,47.7749804875134,-643.063656406129,-286.520247406534,1.49011611938477e-08,1.49011611938477e-08,1.94464661086184,1.1113879099137,1.49011611938477e-08,4.39921286021447,22,55
1.423,1000,55,527.111185506707,277.022186807005,527.111185506707,14070.3356650275,13836.2598960856,13891.3994197858,58.7124654697748,57.4235287634885,47.6351300209614,-493.532285526479,-216.535406290801,1.49011611938477e-08,1.49011611938477e-08,1.85488343618777,1.31982269090259,0.88018428204741,2.93594324257253,22,55
1.424,1000,55,580.771416053713,-1289.49633123976,580.771416053713,13937.8895683001,13539.1392311719,14281.5821878054,58.2920315862926,53.3889583176663,48.0833701817528,-391.343207554413,-54.792975430479,1.49011611938477e-08,1.49011611938477e-08,1.81362402263624,1.47915147384828,1.54804195469394,1.65501791468031,22,55
1.425,1000,55,584.705380696597,529.730271550435,584.705380696597,13506.8860612688,13707.8649392868,14540.2962772446,57.5380738352946,48.2682088418388,47.2280460002845,-339.447055897809,75.5483805165983,1.49011611938477e-08,1.49011611938477e-08,1.88716154481388,1.67224400156352,1.82863666522163,1.18206048377224,22,55
1.426,1000,55,550.539334177162,-95.0241157587228,550.539334177162,13276.8464586652,14116.5372642828,14315.9903407165,56.9999349051167,43.8580241702222,45.6886207310824,-395.840979992536,133.723362763102,1.49011611938477e-08,1.49011611938477e-08,1.94232233866671,1.75143553102042,2.64516732642269,1.09341505360739,22,55
1.427,1000,55,493.660638577419,449.797971220917,493.660638577419,13549.4544422013,14231.3788957919,13874.3194695247,57.5499318549485,42.5977744856628,43.8838093677763,-595.057549825794,83.1547355260434,1.49011611938477e-08,1.49011611938477e-08,1.95772342957759,1.55911601100254,2.96591164410031,1.30153829331709,22,55
1.428,1000,55,457.691891865834,510.713175942001,457.691891865834,13986.4454113647,13894.095534854,13789.3173208861,58.672043307808,45.3668530146648,42.1444605584205,-810.461526087522,-134.344787348017,1.49011611938477e-08,1.49011611938477e-08,1.88616526642858,1.30886175682483,0.564169827514665,1.85670979002365,22,55
1.429,1000,55,428.044401802803,523.614046429134,428.044401802803,14051.0449891726,13510.2181301098,14184.452824592,59.0615879246535,50.3289554532213,40.600730332158,-860.395760620673,-410.726665543692,1.49011611938477e-08,1.49011611938477e-08,1.80061945783178,1.22295784034705,1.49011611938477e-08,2.30239258441236,22,55
1.43,1000,55,405.707803244337,527.077038229306,405.707803244337,13684.4708313935,13565.8992852322,14555.3390701701,58.2291479744104,54.9438990703119,38.8879421395661,-766.975383858056,-560.315564143964,1.49011611938477e-08,1.49011611938477e-08,1.8551154782382,1.24487030539284,1.49011611938477e-08,2.10593842614451,22,55
1.431,1000,55,360.313505316577,529.850548168052,360.313505316577,13365.6674942691,13984.8560441861,14448.9335095654,56.797409524869,58.1094967019941,37.7274132137526,-660.566424587825,-549.003998911673,1.49011611938477e-08,1.49011611938477e-08,1.9299912604125,1.2103813971624,1.49011611938477e-08,2.58986619067525,22,55
1.432,1000,55,278.217143391853,532.50404199607,278.217143391853,13526.5424589932,14231.645514999,14005.8761894582,56.1862429606316,59.6267531025715,38.325721820936,-583.274433987337,-428.285296515587,1.49011611938477e-08,1.49011611938477e-08,1.95370883217648,1.07484291031015,1.49011611938477e-08,7.83698554140962,22,55
1.433,1000,55,213.291869827361,534.471931649995,213.291869827361,13964.1502465573,14004.1086503661,13784.2170923697,56.6018111266189,59.6718822576654,40.8027869535184,-534.154794488605,-261.183298455978,1.49011611938477e-08,1.49011611938477e-08,1.90152868761047,1.01186738572343,0.273910522857646,4.95784676910711,22,55
1.434,1000,55,297.29766173406,531.983427248669,297.29766173406,14137.874038211,13587.6299583746,14069.9608358746,56.7479776086543,58.4687774962541,44.3097346633437,-470.737937708358,-133.417177524069,1.49011611938477e-08,1.49011611938477e-08,1.7937098631725,1.17973187297807,1.02646016789756,2.38928297210201,22,55
1.435,1000,55,548.551645489499,89.078857225693,548.551645489499,13865.1996584728,13523.3243897567,14500.430909748,54.3600945763226,56.1966519677503,47.2550849628217,-368.179445518907,-77.8074831679588,1.49011611938477e-08,1.49011611938477e-08,1.82175232220623,1.55561545258513,1.81026590688414,2.06891838149418,22,55
1.436,1000,55,599.115695559433,-9977.97621293923,599.115695559433,13509.2686340065,13894.1098149748,14553.1825266341,48.363068350149,53.6310261907587,48.3745058725768,-299.546896479013,-55.7020164406346,1.49011611938477e-08,1.49011611938477e-08,1.91485439977935,1.90463734562608,2.70696693619641,2.18165573629056,22,55
1.437,1000,55,580.278018125843,-3976.36528492247,580.278018125843,13550.2722908256,14214.4944728048,14181.0317487687,40.4248476594846,51.8369500508908,48.0446274730726,-356.326873408502,-17.8056148886377,1.49011611938477e-08,1.49011611938477e-08,1.95774999628371,1.62722563021408,2.89996070554554,2.0042645510559,22,55
1.438,1000,55,516.265858235985,348.991424890295,516.265858235985,13941.2618338293,14080.489135732,13865.3040162034,36.3016854703934,51.7773910171149,47.5441770490905,-567.319038876307,22.5328197702194,1.49011611938477e-08,1.49011611938477e-08,1.93283719530715,0.732102194700545,1.39573405632249,1.35123665656653,22,55
1.439,1000,55,334.391145590948,530.767502141238,334.391145590948,14174.6740049506,13644.5590958231,14028.6533020329,40.1067193070264,53.5349092230748,47.6550555264936,-804.832192786994,-2.07213701829613,1.49011611938477e-08,1.49011611938477e-08,1.81719773520877,1.49011611938477e-08,0.439252674110482,1.20195313914893,22,55
1.44,1000,55,253.682445096444,533.260292926473,253.682445096444,13972.8710000977,13455.8040930254,14464.2477318353,47.5333161797075,56.152481657428,47.7847760589135,-897.088321107139,-97.9631986573283,1.49011611938477e-08,1.49011611938477e-08,1.80295594462787,0.0623741859264953,1.49011611938477e-08,1.84761515178656,22,55
1.441,1000,55,419.852693852027,525.500132659284,419.852693852027,13527.9575017974,13762.3736874145,14567.1331377489,54.1921893384207,58.4500398556946,47.7334004517915,-858.426796471205,-181.183228847927,1.49011611938477e-08,1.49011611938477e-08,1.89475178209393,0.526583130470136,1.49011611938477e-08,2.93227719322928,22,55
1.442,1000,55,603.647564808694,-12402.1519693524,603.647564808694,13437.5145613009,14170.3344615935,14231.8045188036,58.6082604054437,59.7576223525507,48.0114873822818,-770.668123455437,-249.465392027515,1.49011611938477e-08,1.49011611938477e-08,1.94650094093622,0.846216442139604,1.49011611938477e-08,4.02102215314155,22,55
1.443,1000,55,584.738380953597,-4911.87663095351,584.738380953597,13790.7490045113,14189.4945970026,13857.5537713068,59.6959324689893,59.5597931693397,47.8556158703858,-636.527828410743,-282.458889463631,1.49011611938477e-08,1.49011611938477e-08,1.94197306703534,1.12116422124792,1.49011611938477e-08,4.22444946559081,22,55
1.444,1000,55,523.665138462299,302.072005652917,523.665138462299,14076.4835504839,13814.2142818531,13907.3681493248,58.8889890620954,57.4348621529113,47.785147440024,-484.100208105722,-207.679261538725,1.49011611938477e-08,1.49011611938477e-08,1.84917378733828,1.33536593979362,0.926177719139314,2.81744512773419,22,55
1.445,1000,55,589.726843050548,-460.711740266139,589.726843050548,13917.8406730484,13535.4793227567,14307.5328302817,58.4300037176331,53.3366944880654,48.2523106795482,-383.295760590923,-47.0175394413718,1.49011611938477e-08,1.49011611938477e-08,1.81564274358895,1.50029094149203,1.5748837482559,1.62099889276944,22,55
1.446,1000,55,586.414245283691,-5318.29465932979,586.414245283691,13481.5407720704,13729.4351734052,14541.074144393,57.6301680208881,48.195955184229,47.3987506103625,-335.890354532574,74.148563694627,1.49011611938477e-08,1.49011611938477e-08,1.89186150158155,1.69587859062159,1.82711681756874,1.18039195925819,22,55
1.447,1000,55,552.887963182209,-259.657020002351,552.887963182209,13276.729915142,14134.3061218215,14290.6046510265,57.1145124720805,43.8852845974466,45.8659591291286,-400.891827893543,131.740895060192,1.49011611938477e-08,1.49011611938477e-08,1.9439240190239,1.76483787761917,2.73627721207489,1.11062156347431,22,55
1.448,1000,55,499.667866249729,429.668184934872,499.667866249729,13574.7840152483,14220.9607749399,13852.3060612214,57.6672879091688,42.8233771538909,44.0941916788,-605.768066158592,67.9157493086042,1.49011611938477e-08,1.49011611938477e-08,1.95701884206934,1.56675758606715,2.758312733767,1.34644836170784,22,55
1.449,1000,55,429.712094619043,523.252932209302,429.712094619043,14004.1304430683,13866.6864487947,13798.8879925987,58.7018145094915,45.8061178438586,42.4151972182884,-812.545987830839,-164.605358150116,1.49011611938477e-08,1.49011611938477e-08,1.87856813938465,1.32971148848056,0.51077686967976,1.93453132744763,22,55
1.45,1000,55,412.055970937434,526.362605917575,412.055970937434,14038.4671883417,13497.7228920934,14208.3232258854,58.9657063538182,50.7617755160513,40.8694032648895,-848.182993871361,-439.940180048517,1.49011611938477e-08,1.49011611938477e-08,1.79953359553818,1.25827250381132,1.49011611938477e-08,2.27199570776916,22,55
1.451,1000,55,390.458529425536,528.345634652256,390.458529425536,13658.7294669818,13582.6902846027,14558.2952288606,58.0125715055317,55.3034721656847,39.1528287173472,-755.221246143447,-575.689915421007,1.49011611938477e-08,1.49011611938477e-08,1.86007208385279,1.28640998000988,1.49011611938477e-08,2.01814378833757,22,55
1.452,1000,55,348.800582679636,530.28134996779,348.800582679636,13358.4581446645,14007.4105075265,14422.2622132381,56.5642220096956,58.367580751502,37.9890997654428,-644.243322147154,-559.033264865135,1.49011611938477e-08,1.49011611938477e-08,1.93229751295039,1.2482231600029,1.49011611938477e-08,2.5082166333027,22,55
1.453,1000,55,275.050340335992,532.615922514588,275.050340335992,13547.1541176831,14230.8804931202,13975.3027763073,55.9991242489669,59.7942360947909,38.574063349665,-568.299262717859,-434.574789018332,1.49011611938477e-08,1.49011611938477e-08,1.95359242869435,1.11130857493038,1.49011611938477e-08,7.56347524735261,22,55
1.454,1000,55,207.887261548129,534.636043923199,207.887261548129,13983.4646070252,13979.558583838,13780.567743155,56.4259446898191,59.7523970116215,41.009426675114,-518.328210912965,-268.512754757306,1.49011611938477e-08,1.49011611938477e-08,1.89449401211743,1.0560726153316,0.335936793068708,5.25123416593957,22,55
1.455,1000,55,300.741640676487,531.865111742887,300.741640676487,14132.3226864156,13569.8279097059,14089.3630942545,56.4591232443322,58.4795080090303,44.4412436942167,-450.910784051241,-144.992083627106,1.49011611938477e-08,1.49011611938477e-08,1.79014053277668,1.23792380169204,1.06984455251571,2.51977216898486,22,55
1.456,1000,55,558.275874810974,-21.3320059392727,558.275874810974,13840.4876866569,13534.5632511831,14510.4634478795,53.8323058145657,56.1826531231659,47.2543402283798,-352.316986286777,-93.3680763696711,1.49011611938477e-08,1.49011611938477e-08,1.82641710895474,1.62804462399397,1.85678565490156,2.20878527966221,22,55
1.457,1000,55,598.340230536355,535.289897845581,598.340230536355,13497.4775034419,13918.4979210632,14534.5597365395,47.6046388018276,53.6056527275741,48.2624822085276,-285.030729992086,-69.0745486645795,1.49011611938477e-08,1.49011611938477e-08,1.91850330900597,1.97472389490828,2.76090690935337,2.34429858111155,22,55
1.458,1000,55,578.369469911395,527.014470545404,578.369469911395,13566.1098978314,14220.2536867366,14150.6670499659,39.5315282327761,51.8610970746133,47.8534256835534,-353.670641583154,-28.3669754669814,1.49011611938477e-08,1.49011611938477e-08,1.95864539695644,1.63748392186112,2.84008040617329,2.13125608325091,22,55
1.459,1000,55,507.379525854067,397.092872725909,507.379525854067,13962.6367197956,14059.0505029082,13854.8768158283,35.7246148668124,51.9136709293013,47.3482033170946,-573.244257956023,11.7058383737995,1.49011611938477e-08,1.49011611938477e-08,1.92735896059406,0.703032156781285,1.32754009720567,1.41929238065093,22,55
1.46,1000,55,310.590227279173,531.522798973578,310.590227279173,14173.3844096333,13621.4085778901,14044.2843454713,40.0449105809189,53.7782820368928,47.4984065113308,-808.170596110806,-17.2433428842434,1.49011611938477e-08,1.49011611938477e-08,1.81143864726907,1.49011611938477e-08,0.381481836449981,1.29485737305393,22,55
1.461,1000,55,248.480040790577,533.444650924349,248.480040790577,13949.965663074,13459.8840759574,14478.0849680047,47.687169369163,56.4132586834196,47.6321252701917,-891.025647973042,-109.194477801236,1.49011611938477e-08,1.49011611938477e-08,1.80616635603783,0.146089005267457,1.49011611938477e-08,2.0007347391285,22,55
1.462,1000,55,443.730242747113,518.978216728329,443.730242747113,13510.2734019063,13787.7430424148,14554.2970714435,54.3622739076432,58.6721722870357,47.6540413033506,-848.714443480113,-195.615749443607,1.49011611938477e-08,1.49011611938477e-08,1.89908036097261,0.556732773338935,1.49011611938477e-08,3.15721409178824,22,55
1.463,1000,55,602.407542286957,538.356302778314,602.407542286957,13449.0113413188,14183.731136356,14202.1272807608,58.5856087726927,59.9157109414481,47.898475946852,-757.98194882343,-263.045070101003,1.49011611938477e-08,1.49011611938477e-08,1.9477652963539,0.872486941621584,1.49011611938477e-08,4.30146136259583,22,55
1.464,1000,55,582.849361951479,529.222867286963,582.849361951479,13813.6326667521,14173.1892117833,13843.6347001847,59.5334109500229,59.6359326996035,47.7069972916292,-621.47594529588,-290.013759708803,1.49011611938477e-08,1.49011611938477e-08,1.93882108488575,1.1432618852331,1.49011611938477e-08,4.40671408177444,22,55
1.465,1000,55,514.858220039371,359.374681680191,514.858220039371,14077.9026911639,13788.6658529352,13920.7044588381,58.7750007774194,57.4113264334855,47.6182328152607,-473.122362035563,-202.885883418587,1.49011611938477e-08,1.49011611938477e-08,1.84375420516604,1.34709600118432,0.957989830104218,2.79480591877268,22,55
1.466,1000,55,588.243773732828,-5708.44872835218,588.243773732828,13896.9552676089,13532.6988220078,14326.7865937613,58.3995672553946,53.1788436590941,48.0275688393442,-381.673594476965,-45.1772300924788,1.49011611938477e-08,1.49011611938477e-08,1.81807958743733,1.50964485103411,1.59883199849102,1.58715940227574,22,55
1.467,1000,55,585.409591553679,-5041.65847480335,585.409591553679,13457.5426149579,13751.7415587097,14535.8822697599,57.6586816262838,48.0440083329683,47.1377954109535,-337.948346726397,80.6776238077668,1.49011611938477e-08,1.49011611938477e-08,1.89642395626463,1.69994521370933,1.84560033735021,1.1615778346181,22,55
1.468,1000,55,544.970598827894,107.826574991482,544.970598827894,13279.427993073,14151.13871039,14262.9425184659,57.1898425369939,43.8987110113425,45.614114432987,-413.726629035079,130.563912082613,1.49011611938477e-08,1.49011611938477e-08,1.94544720013651,1.7565414385838,2.91703420292288,1.11110167076888,22,55
1.469,1000,55,486.332298594281,470.691514430518,486.332298594281,13597.6232492659,14210.7057410566,13833.050499566,57.810051532117,43.1706311987617,43.8939002530563,-626.945739000132,55.721167194169,1.49011611938477e-08,1.49011611938477e-08,1.95619438520105,1.54478749389227,2.45367168799001,1.36648253925367,22,55
1.47,1000,55,448.556423532523,516.035869865978,448.556423532523,14016.3377868804,13840.7190117328,13810.6920518322,58.865941724618,46.3693088154696,42.3123280131852,-828.71724584416,-183.858888271476,1.49011611938477e-08,1.49011611938477e-08,1.8724712898482,1.30855996095261,0.407765899252107,1.95698801014808,22,55
1.471,1000,55,418.419201215706,525.451604943303,418.419201215706,14022.4259553585,13487.7502012746,14233.775337141,59.1049587327298,51.3846210710417,40.9053247079709,-856.432175255245,-442.680102990953,1.49011611938477e-08,1.49011611938477e-08,1.80037798226037,1.24232601206102,1.49011611938477e-08,2.25095010242859,22,55
1.472,1000,55,391.372887161439,528.28220363352,391.372887161439,13631.3373275508,13601.3217063516,14564.8006355548,58.1597513380154,55.8668294059889,39.3138063880197,-757.581589292636,-578.388910030049,1.49011611938477e-08,1.49011611938477e-08,1.86572873952617,1.26884648183164,1.49011611938477e-08,2.02688545688629,22,55
1.473,1000,55,341.018446110053,530.550566559323,341.018446110053,13352.9853700895,14029.5663651694,14400.4422726512,56.7963703937909,58.8456455900536,38.3767360681234,-648.92189492886,-552.272141652699,1.49011611938477e-08,1.49011611938477e-08,1.93466386779998,1.22538502594419,1.49011611938477e-08,2.62902427788405,22,55
1.474,1000,55,257.608495591421,533.139138263882,257.608495591421,13568.3375454948,14228.2619752411,13952.245389704,56.3281247597805,60.1921207807543,39.1816451856782,-575.152390114719,-422.473494970865,1.49011611938477e-08,1.49011611938477e-08,1.95340326613684,1.09247317262164,1.49011611938477e-08,8.73825519518113,22,55
1.475,1000,55,208.898604913415,534.602988049865,208.898604913415,14002.8616844249,13955.4376312588,13784.9655092574,56.7654473412268,60.0930263071555,41.7499279862939,-523.972357811899,-257.3413304569,1.49011611938477e-08,1.49011611938477e-08,1.88805699155917,1.05348773726526,0.366734491030512,4.81450913495658,22,55
1.476,1000,55,323.638954068779,531.168684751304,323.638954068779,14124.7638323921,13553.7993793581,14115.2934207594,56.648169847419,58.7614283985511,45.1743167189879,-456.157347817386,-143.022741543882,1.49011611938477e-08,1.49011611938477e-08,1.78837267966574,1.25073318850474,1.10450768112935,2.47089168281736,22,55
1.477,1000,55,573.446476576068,-220.218402782833,573.446476576068,13816.8035430142,13547.9093027761,14524.7453858316,53.7254651398852,56.380028016558,47.8394867358639,-350.340546273185,-90.9763204559318,1.49011611938477e-08,1.49011611938477e-08,1.83229241510407,1.64662664582576,1.90857835071322,2.20774954346906,22,55
1.478,1000,55,597.450950733513,-9188.38633621393,597.450950733513,13487.3336029113,13943.0031440643,14520.9949791316,47.2059915106226,53.8282408702095,48.6846775928242,-288.377601621406,-66.4021680863808,1.49011611938477e-08,1.49011611938477e-08,1.92236141567461,1.97042591860545,2.82733301489404,2.33494506286293,22,55
1.479,1000,55,574.9790418855,-2929.36481947094,574.9790418855,13582.6061470507,14224.1693615799,14125.4498550486,39.1847777576309,52.1844870828166,48.2201960215542,-368.180298408694,-23.7691629445149,1.49011611938477e-08,1.49011611938477e-08,1.95955701961518,1.57654834918064,2.76129861067444,2.07120649281534,22,55
1.48,1000,55,496.360987019084,440.802370972973,496.360987019084,13983.2370765665,14037.492328429,13851.4502190006,35.8290520818486,52.3505831173357,47.7501224759307,-594.831939280992,13.6477847870886,1.49011611938477e-08,1.49011611938477e-08,1.92213187885932,0.64824346445628,1.25975503063803,1.36521356164399,22,55
1.481,1000,55,314.74901019153,531.393131915955,314.74901019153,14172.5496700923,13600.3384782361,14068.1908361746,40.5203038602627,54.2731459565503,47.9317485760566,-815.393691553287,-17.2076684786211,1.49011611938477e-08,1.49011611938477e-08,1.80704868643027,1.49011611938477e-08,0.324803280360897,1.30020907308767,22,55
1.482,1000,55,254.567072291234,533.233907322136,254.567072291234,13928.3446471723,13467.1054693916,14499.566322581,48.0891519094146,56.9124760995358,47.9774850508451,-894.36366281972,-115.735092016626,1.49011611938477e-08,1.49011611938477e-08,1.81053138953744,0.167602522992341,1.49011611938477e-08,2.04796476384807,22,55
1.483,1000,55,455.61136457963,513.22296769767,455.61136457963,13494.8792518415,13813.8070782278,14546.856300057,54.6564691815738,59.1308906349968,47.9393702647733,-846.196959211353,-201.171108816981,1.49011611938477e-08,1.49011611938477e-08,1.90344894784671,0.571028988966043,1.49011611938477e-08,3.236442810299,22,55
1.484,1000,55,602.626291519613,537.860880148943,602.626291519613,13462.8062572942,14195.914085884,14179.2106418422,58.7060350999171,60.2899610047004,48.10282900026,-751.300847623646,-267.048597100499,1.49011611938477e-08,1.49011611938477e-08,1.94905993336115,0.884692388709226,1.49011611938477e-08,4.38705944740673,22,55
1.485,1000,55,581.096593642234,528.527089791738,581.096593642234,13839.8262834623,14160.9573154339,13836.7166698757,59.5077396237532,59.865224440625,47.8612500369183,-610.111986303705,-287.608304420005,1.49011611938477e-08,1.49011611938477e-08,1.93540164177218,1.15434844405633,0.172850664885165,4.36861626883766,22,55
1.486,1000,55,509.352932448202,387.196490453738,509.352932448202,14082.5704471106,13767.6538871417,13939.4213552528,58.6954580321492,57.4453396702788,47.7910210193836,-467.123167272162,-198.737632214218,1.49011611938477e-08,1.49011611938477e-08,1.83848749909125,1.35885982772161,1.00700501110987,2.69687772011244,22,55
1.487,1000,55,593.332040692816,532.988551322903,593.332040692816,13882.1906090324,13532.6833930516,14355.7546188341,58.2499367322673,53.123132623291,48.0383546020282,-369.914596298345,-33.515936664063,1.49011611938477e-08,1.49011611938477e-08,1.82038427153508,1.52802441026014,1.62197128109653,1.5546154755818,22,55
1.488,1000,55,581.867976020608,528.94967081676,581.867976020608,13441.5696958736,13775.1927333317,14538.3769778753,57.4679938606423,47.959175241203,46.9821865137623,-330.887121896246,89.8173160925091,1.49011611938477e-08,1.49011611938477e-08,1.90041416163038,1.71977351037514,1.83973116258124,1.15222995716932,22,55
1.489,1000,55,545.800897896557,117.311466889543,545.800897896557,13291.1003829514,14167.4100784669,14241.4315291962,57.0797837270627,43.9213683112011,45.3245171102625,-416.971012215429,136.282909401574,1.49011611938477e-08,1.49011611938477e-08,1.94669861616593,1.75853322507541,3.03156621195822,1.11245077924826,22,55
1.49,1000,55,487.953169380027,465.437032412376,487.953169380027,13631.6017786696,14199.6519045289,13821.2018094469,57.7964165277443,43.3535961432091,43.4963316223432,-636.164128775752,52.4877380381197,1.49011611938477e-08,1.49011611938477e-08,1.95442350519318,1.52910314888078,2.29940281636183,1.38273319610494,22,55
1.491,1000,55,431.291375766727,522.8577759628,431.291375766727,14036.8795368589,13815.2059976938,13830.735168563,58.8879387907749,46.7027982320675,41.7920481967715,-825.780946056338,-179.978512730025,1.49011611938477e-08,1.49011611938477e-08,1.86454215382332,1.29311041403245,0.349371914949452,1.99762786610354,22,55
1.492,1000,55,415.678742991116,525.872645288926,415.678742991116,14011.964013841,13479.9786919234,14264.3486175362,59.14503556006,51.7085817461663,40.2006661603839,-851.203317348968,-448.078778432286,1.49011611938477e-08,1.49011611938477e-08,1.80017758604122,1.22609818399328,1.49011611938477e-08,2.27593888684462,22,55
1.493,1000,55,396.360665199289,527.917752406448,396.360665199289,13611.4737639886,13621.7286483704,14572.2261245027,58.2052812884556,56.124225900719,38.4855015085228,-749.862524129145,-572.516854595516,1.49011611938477e-08,1.49011611938477e-08,1.87054694131965,1.24467298851387,1.49011611938477e-08,2.06494568096944,22,55
1.494,1000,55,352.761702362657,530.136911013609,352.761702362657,13355.0939844979,14051.8172363447,14381.1995233714,56.9053683820903,59.0114575867862,37.5508819820794,-643.086032471339,-538.709134150743,1.49011611938477e-08,1.49011611938477e-08,1.9366753193974,1.18783182499768,1.49011611938477e-08,2.77867910003005,22,55
1.495,1000,55,277.136799449734,532.53538726679,277.136799449734,13595.1309234852,14225.1004603101,13934.5253067276,56.5114507511389,60.2736342955558,38.4763175931858,-571.17950776791,-404.693475152722,1.49011611938477e-08,1.49011611938477e-08,1.95291361874568,1.05344969464141,1.49011611938477e-08,10.8156476713325,22,55
1.496,1000,55,214.403862931276,534.437893140739,214.403862931276,14022.9809972731,13930.9422886227,13796.1927151879,56.9984883624977,60.0871870662672,41.2385369904013,-524.159891386593,-246.896709272288,1.49011611938477e-08,1.49011611938477e-08,1.88113147990869,1.03019405246896,0.42073724780507,4.24788685682389,22,55
1.497,1000,55,329.628351584528,530.978925209781,329.628351584528,14118.1470032442,13539.6959938013,14145.588735629,56.8450945589657,58.6882479641103,44.83504128982,-452.907017595719,-128.674341199654,1.49011611938477e-08,1.49011611938477e-08,1.78675888780307,1.24602493074851,1.14977476631277,2.32625612021658,22,55
1.498,1000,55,590.296794377458,-467.350079278176,590.296794377458,13792.9488311632,13563.0304327987,14541.6567427595,53.8330626012947,56.2978050991755,47.5690413897779,-347.990717583004,-79.9915906789781,1.49011611938477e-08,1.49011611938477e-08,1.83787191166546,1.64967894837876,1.95631283234865,2.12403489072475,22,55
1.499,1000,55,597.343652981125,534.770553849958,597.343652981125,13479.3407534857,13967.4483282697,14508.7207144915,47.271153604025,53.7353841807016,48.434628189389,-293.023143827969,-55.8790726745394,1.49011611938477e-08,1.49011611938477e-08,1.92589644737914,1.95776560337597,2.88186345046705,2.25111693068685,22,55
1.5,1000,55,575.362904257541,524.307390883677,575.362904257541,13601.195903683,14227.4963077988,14104.7135906148,39.3746678742911,52.1487208388387,47.986320060578,-383.853428012005,-13.0804632356152,1.49011611938477e-08,1.49011611938477e-08,1.9603465156186,1.52286333347484,2.6939744388279,1.97442749047718,22,55
