Time,Irradiance,Temp,Vpv,Ipv,Vdc,Vrms_1,Vrms_2,Vrms_3,Irms_1,Irms_2,Irms_3,Pac,Q,THDv_1,THDv_2,THDv_3,THDi_1,THDi_2,THDi_3,ScenarioID,SetTemp
0,1000,35,480.05010315915,537.498797536392,480.05010315915,120,120,120,120,120,120,0,0,1.49011611938477e-08,1.49011611938477e-08,1.49011611938477e-08,1.49011611938477e-08,1.49011611938477e-08,1.49011611938477e-08,12,35
0.001,1000,35,487.807361780193,508.155574512,487.807361780193,120,120,120,120,120,120,0,0,1.49011611938477e-08,1.49011611938477e-08,1.49011611938477e-08,1.49011611938477e-08,1.49011611938477e-08,1.49011611938477e-08,12,35
0.002,1000,35,473.445983323679,515.78399727299,473.445983323679,120,120,120,120,120,120,0,0,1.49011611938477e-08,1.49011611938477e-08,1.49011611938477e-08,1.49011611938477e-08,1.49011611938477e-08,1.49011611938477e-08,12,35
0.003,1000,35,439.463997373312,522.946335841079,439.463997373312,120,120,120,120,120,120,0,0,1.49011611938477e-08,1.49011611938477e-08,1.49011611938477e-08,1.49011611938477e-08,1.49011611938477e-08,1.49011611938477e-08,12,35
0.004,1000,35,413.650142437182,524.744331379765,413.650142437182,120,120,120,120,120,120,0,0,1.49011611938477e-08,1.49011611938477e-08,1.49011611938477e-08,1.49011611938477e-08,1.49011611938477e-08,1.49011611938477e-08,12,35
0.005,1000,35,390.511801844439,525.746678184121,390.511801844439,120,120,120,120,120,120,0,0,1.49011611938477e-08,1.49011611938477e-08,1.49011611938477e-08,1.49011611938477e-08,1.49011611938477e-08,1.49011611938477e-08,12,35
0.006,1000,35,381.955233336423,526.0402345076,381.955233336423,120,120,120,120,120,120,0,0,1.49011611938477e-08,1.49011611938477e-08,1.49011611938477e-08,1.49011611938477e-08,1.49011611938477e-08,1.49011611938477e-08,12,35
0.007,1000,35,440.352686460644,522.866199175112,440.352686460644,120,120,120,120,120,120,0,0,1.49011611938477e-08,1.49011611938477e-08,1.49011611938477e-08,1.49011611938477e-08,1.49011611938477e-08,1.49011611938477e-08,12,35
0.008,1000,35,439.891552808165,522.8633235909,439.891552808165,120,120,120,120,120,120,0,0,1.49011611938477e-08,1.49011611938477e-08,1.49011611938477e-08,1.49011611938477e-08,1.49011611938477e-08,1.49011611938477e-08,12,35
0.009,1000,35,453.057021760915,521.178867283215,453.057021760915,120,120,120,120,120,120,0,0,1.49011611938477e-08,1.49011611938477e-08,1.49011611938477e-08,1.49011611938477e-08,1.49011611938477e-08,1.49011611938477e-08,12,35
0.01,1000,35,455.06176341354,520.826702370777,455.06176341354,120,120,120,120,120,120,0,0,1.49011611938477e-08,1.49011611938477e-08,1.49011611938477e-08,1.49011611938477e-08,1.49011611938477e-08,1.49011611938477e-08,12,35
0.011,1000,35,427.657918664806,523.930112641675,427.657918664806,120,120,120,120,120,120,0,0,1.49011611938477e-08,1.49011611938477e-08,1.49011611938477e-08,1.49011611938477e-08,1.49011611938477e-08,1.49011611938477e-08,12,35
0.012,1000,35,379.520620731848,526.127660779731,379.520620731848,120,120,120,120,120,120,0,0,1.49011611938477e-08,1.49011611938477e-08,1.49011611938477e-08,1.49011611938477e-08,1.49011611938477e-08,1.49011611938477e-08,12,35
0.013,1000,35,277.692629665805,529.238560869013,277.692629665805,120,120,120,120,120,120,0,0,1.49011611938477e-08,1.49011611938477e-08,1.49011611938477e-08,1.49011611938477e-08,1.49011611938477e-08,1.49011611938477e-08,12,35
0.014,1000,35,245.387505736326,530.218616309113,245.387505736326,120,120,120,120,120,120,0,0,1.49011611938477e-08,1.49011611938477e-08,1.49011611938477e-08,1.49011611938477e-08,1.49011611938477e-08,1.49011611938477e-08,12,35
0.015,1000,35,267.806354620155,529.567160767993,267.806354620155,120,120,120,120,120,120,0,0,1.49011611938477e-08,1.49011611938477e-08,1.49011611938477e-08,1.49011611938477e-08,1.49011611938477e-08,1.49011611938477e-08,12,35
0.016,1000,35,271.121821979752,529.478904917318,271.121821979752,120,120,120,120,120,120,0,0,1.49011611938477e-08,1.49011611938477e-08,1.49011611938477e-08,1.49011611938477e-08,1.49011611938477e-08,1.49011611938477e-08,12,35
0.017,1000,35,405.663532441618,525.141350719775,405.663532441618,13648.990022625,13842.5259857297,14471.3661685157,54.3836954056257,68.0521969283968,15.9652435919241,-665.458268797588,-393.468656464991,1.49011611938477e-08,1.49011611938477e-08,1.891384341263,1.49011611938477e-08,1.49011611938477e-08,0.567955096167891,12,35
0.018,1000,35,446.855872149607,522.097073151296,446.855872149607,13674.6262383849,14195.7347273922,14081.4631714763,56.9650781575545,70.2513227371443,15.9678509614222,-561.664507755735,-429.531723454657,1.49011611938477e-08,1.49011611938477e-08,1.93878933170023,1.49011611938477e-08,1.49011611938477e-08,0.600539904477868,12,35
0.019,1000,35,412.326985539534,524.817999754749,412.326985539534,14105.6783970618,14120.2018751935,13766.8040334644,58.3232083284057,70.9735608061555,15.8384996692096,-373.644259700169,-454.500401413862,1.49011611938477e-08,1.49011611938477e-08,1.9008865952636,0.294613477941016,1.49011611938477e-08,0.93021921196837,12,35
0.02,1000,35,308.271504289071,528.329834214146,308.271504289071,14402.5848921366,13720.7330650468,13938.7410435748,58.7082048480448,70.2510908892192,15.6449814956905,-118.770496506952,-417.534113129785,1.49011611938477e-08,1.49011611938477e-08,1.77533398791499,1.24050679853796,0.730215254675238,1.39418989453509,12,35
0.021,1000,35,251.480808983505,530.030941858863,251.480808983505,14194.6424449664,13519.9966773997,14350.1829372169,58.6277290337694,68.3736524782724,14.3018871102522,70.6667022502057,-293.810505717086,1.49011611938477e-08,1.49011611938477e-08,1.77067362355536,2.04591523413491,1.68769801454082,2.4050283120898,12,35
0.022,1000,35,224.323052817816,530.841574468433,224.323052817816,13782.6164177658,13787.4875908204,14477.9383444261,57.9071832877848,66.4519700165656,12.9807728432362,123.664754875691,-166.247567640802,1.49011611938477e-08,1.49011611938477e-08,1.87222719857316,2.71121772936825,2.74503810206692,4.41486431080182,12,35
0.023,1000,35,162.529855592024,532.681588795986,162.529855592024,13689.0958899498,14168.1673743824,14139.69639385,57.0851450694226,65.9036086613952,13.6005541245998,3.5624925722211,-113.163715125694,1.49011611938477e-08,1.49011611938477e-08,1.93528662773239,8.13332081151518,7.60741087040379,2.86395755367159,12,35
0.024,1000,35,48.2180268920707,536.09677146566,48.2180268920707,14041.364546366,14166.6963120001,13735.0146059805,58.1150480034697,67.862436019832,14.5781782726366,-272.49343944545,-169.179072027462,1.49011611938477e-08,1.49011611938477e-08,1.92163870561103,2.57792633655221,1.16191260321003,0.918597651807232,12,35
0.025,1000,35,18.0940368782701,537.039817678614,18.0940368782701,14368.6749580688,13762.7697670118,13778.4504864454,60.9694503720265,71.8546273371925,15.2904094070091,-569.254325495918,-320.258424153414,1.49011611938477e-08,1.49011611938477e-08,1.80090300701517,0.522781453932569,1.49011611938477e-08,1.49011611938477e-08,12,35
0.026,1000,35,69.2176248522502,535.509041181816,69.2176248522502,14232.930513489,13449.7800548345,14182.0862802571,65.2026557638209,76.509855587352,15.4215842231428,-743.060861998248,-460.724575628328,1.49011611938477e-08,1.49011611938477e-08,1.75453139544357,1.49011611938477e-08,1.49011611938477e-08,1.49011611938477e-08,12,35
0.027,1000,35,219.144367824487,531.044866519795,219.144367824487,13776.440648602,13629.6570862413,14410.3772965317,69.8709450260657,80.5500205524331,15.3422493419672,-788.503141303838,-548.283373387329,1.49011611938477e-08,1.49011611938477e-08,1.84798879448612,1.49011611938477e-08,1.49011611938477e-08,1.49011611938477e-08,12,35
0.028,1000,35,426.125510088876,524.101529484588,426.125510088876,13550.1859587947,14072.0069688522,14182.3793056154,73.2696824122227,83.1465570053821,15.3131029604785,-715.946935056975,-617.146899377256,1.49011611938477e-08,1.49011611938477e-08,1.92695661053799,1.49011611938477e-08,1.49011611938477e-08,1.49011611938477e-08,12,35
0.029,1000,35,559.744466778983,246.753807189235,559.744466778983,13812.2048980769,14228.5225200366,13769.255082228,74.2030707631632,83.9331843825868,15.268579741174,-530.96960966453,-654.426522501485,1.49011611938477e-08,1.49011611938477e-08,1.93764840518229,1.49011611938477e-08,1.49011611938477e-08,1.49011611938477e-08,12,35
0.03,1000,35,564.835280070436,200.280483228587,564.835280070436,14183.1277101197,13928.0561606217,13679.7952748234,72.7582513492139,82.808122814231,17.3188908585437,-287.765683062184,-576.7336419146,1.49011611938477e-08,1.49011611938477e-08,1.84781015991232,0.686731422814737,1.49011611938477e-08,0.896863143495947,12,35
0.031,1000,35,612.032532617892,526.572096881201,612.032532617892,14197.8184713226,13555.8358943168,14055.0486555041,70.3285279017336,79.9839892439824,20.0541737371395,-86.5530333523524,-428.955770558018,1.49011611938477e-08,1.49011611938477e-08,1.76778270135076,1.58073672362499,1.17886452627191,3.32291451465612,12,35
0.032,1000,35,608.346815671428,525.447501895286,608.346815671428,13824.3000069918,13618.7888371951,14427.4491796106,67.3711276733726,76.243648845356,20.9762877509594,41.4989335995984,-295.610266320713,1.49011611938477e-08,1.49011611938477e-08,1.83519886805103,2.13655850342606,2.17154167403658,5.28243202095671,12,35
0.033,1000,35,587.594809949789,459.912039637573,587.594809949789,13529.6018220639,14039.2629040772,14353.7219872373,63.5328135866433,72.6251109961354,21.2848760046209,53.760138811788,-212.146814363482,1.49011611938477e-08,1.49011611938477e-08,1.92286255575425,2.8046686157165,3.57416489658008,4.17381969856469,12,35
0.034,1000,35,537.912190293656,390.589274096702,537.912190293656,13691.1992911369,14269.3749586566,13928.7223741625,60.9743845086427,70.3180920635548,21.297721223939,-101.579556844005,-149.538694947516,1.49011611938477e-08,1.49011611938477e-08,1.94969505019421,5.21163498671375,6.26281598280918,3.93919597440772,12,35
0.035,1000,35,468.73108071291,517.304268658056,468.73108071291,14092.6813025521,14014.9175514959,13731.7430754561,61.2007969561275,70.1527802353548,21.333980105427,-397.797621858684,-138.560228602177,1.49011611938477e-08,1.49011611938477e-08,1.88979643302975,1.94203392657418,1.40055406874642,4.28729355639539,12,35
0.036,1000,35,366.229843753499,526.549053094898,366.229843753499,14176.0210449159,13579.2659115642,14014.5783912627,63.8591120232239,71.7971443655664,21.5331342096567,-683.213774616253,-181.902926350299,1.49011611938477e-08,1.49011611938477e-08,1.78768350832475,0.583541746928017,1.49011611938477e-08,4.68018668197924,12,35
0.037,1000,35,338.751738435629,527.447027283168,338.751738435629,13797.026131555,13510.1079538389,14392.4592249404,68.4876053958312,74.076256144573,22.4988410754919,-869.389527776159,-246.59034510316,1.49011611938477e-08,1.49011611938477e-08,1.82265791320516,1.49011611938477e-08,1.49011611938477e-08,3.49313656533422,12,35
0.038,1000,35,550.886770858668,321.006914185568,550.886770858668,13401.362578493,13898.948376621,14414.9499528201,72.7077646145382,75.6763405252168,23.8564156144493,-891.540438803918,-334.344863830237,1.49011611938477e-08,1.49011611938477e-08,1.91300321635486,1.49011611938477e-08,1.49011611938477e-08,3.25941077258761,12,35
0.039,1000,35,602.300667426848,-3240.992219355,602.300667426848,13449.6532128954,14247.9130785076,14060.0311782278,74.5385105264334,75.7777427086386,24.0055454580557,-769.303040147987,-417.873396343076,1.49011611938477e-08,1.49011611938477e-08,1.95195409224692,0.302076393033618,1.49011611938477e-08,3.53656023363695,12,35
0.04,1000,35,596.04396267554,-2237.20834674109,596.04396267554,13867.1189319096,14149.0949243172,13771.6423078755,74.5696198481559,74.091900755673,23.0751715364219,-527.661320763569,-435.083479103366,1.49011611938477e-08,1.49011611938477e-08,1.92787174399447,0.775582075103356,0.391390856426996,3.56213896744785,12,35
0.041,1000,35,520.809062110423,455.593457083635,520.809062110423,14154.7158149193,13737.9349858636,13985.2781584504,73.1694398850914,70.4899957882499,21.9981404104739,-247.668053016271,-358.914220870319,1.49011611938477e-08,1.49011611938477e-08,1.81729594494334,1.27276706710836,1.17925863523226,2.59494510555697,12,35
0.042,1000,35,404.727395512524,525.150822757206,404.727395512524,13960.7696185426,13558.6254498775,14439.5497637114,70.9681988551111,65.4684048973839,21.5818370396405,13.4418143693804,-234.252281721392,1.49011611938477e-08,1.49011611938477e-08,1.81000658153528,1.76683793342982,1.25157814639449,2.20490601654681,12,35
0.043,1000,35,291.65910203966,528.842468911659,291.65910203966,13562.4428625761,13845.2670814705,14570.218252368,67.9074019461641,60.2740540607607,21.7485783104192,124.398636137656,-99.350575512884,1.49011611938477e-08,1.49011611938477e-08,1.89720857334657,2.27150619739636,0.991421286805493,2.09164233152723,12,35
0.044,1000,35,266.816647481349,529.574233598479,266.816647481349,13502.3968342662,14217.3592658651,14226.4454736329,64.682762951847,56.7920563109241,21.7702539284415,18.4300178978073,9.25585644381436,1.49011611938477e-08,1.49011611938477e-08,1.94634616049739,3.9844870970198,1.84710276034541,2.10874198816066,12,35
0.045,1000,35,252.291891696376,530.021317586918,252.291891696376,13888.9676583502,14193.4354033704,13837.3129210299,63.0246271467729,56.2181362568705,22.0643418806678,-278.64577533143,32.4046440813154,1.49011611938477e-08,1.49011611938477e-08,1.93759379774982,2.60651923174342,3.83658248995829,2.5212675432667,12,35
0.046,1000,35,167.348139383029,532.565538817263,167.348139383029,14231.642517346,13780.0202654311,13900.440292849,64.8548506880703,58.6695026710236,21.9269944320428,-593.105794708772,-72.4352844819887,1.49011611938477e-08,1.49011611938477e-08,1.82086034066783,0.997562490845481,0.217971059923662,3.61238028611493,12,35
0.047,1000,35,169.67604020994,532.484598216244,169.67604020994,14119.8217573137,13491.5103333125,14322.3198444839,69.2195166516063,62.7089476946227,19.2965877824566,-764.023070442156,-257.561374247702,1.49011611938477e-08,1.49011611938477e-08,1.77462463806628,0.333844878049175,1.49011611938477e-08,4.17564983718358,12,35
0.048,1000,35,308.790134231361,528.362993547838,308.790134231361,13678.0403778569,13697.3547404085,14529.5772798628,73.7502547463318,66.4804246125644,16.5791414885403,-764.422459652412,-373.689341306469,1.49011611938477e-08,1.49011611938477e-08,1.86632045233793,1.49011611938477e-08,1.49011611938477e-08,2.73579558819434,12,35
0.049,1000,35,518.201867171046,465.758579834304,518.201867171046,13476.9515350869,14121.4558708647,14261.3540513935,76.8933183361174,69.0354047476526,15.4666947406719,-674.586565212021,-429.852714470193,1.49011611938477e-08,1.49011611938477e-08,1.93668134205232,1.49011611938477e-08,1.49011611938477e-08,2.21673224744197,12,35
0.05,1000,35,598.869769030373,519.485245541695,598.869769030373,13756.8858527721,14231.0326620251,13829.4194404446,77.8151168855095,70.1760450928532,15.4537188943677,-531.266591945113,-445.508943995058,1.49011611938477e-08,1.49011611938477e-08,1.94459885292997,1.49011611938477e-08,1.49011611938477e-08,3.05278776893186,12,35
0.051,1000,35,540.607520734139,378.056098330561,540.607520734139,14119.0336610911,13903.1028042567,13757.8362675744,76.9335654433669,69.9177859920238,18.2742586175728,-377.305684369593,-388.567579766164,1.49011611938477e-08,1.49011611938477e-08,1.85490284430681,0.746564980913863,0.266728143496448,6.60158757795409,12,35
0.052,1000,35,617.627395827342,-7464.04735278733,617.627395827342,14119.9725348394,13549.5149350793,14153.0714717335,74.9733197261569,68.0820675361527,22.6010495186818,-224.760783916049,-289.083597990218,1.49011611938477e-08,1.49011611938477e-08,1.7803983712695,1.56132799470813,1.27749518380895,3.72608952640072,12,35
0.053,1000,35,615.047440541319,-6591.8331387186,615.047440541319,13762.7410291621,13645.7931040338,14521.8415832935,71.0647245475549,65.043454103182,24.0170659695311,-90.6804692604721,-224.55455644269,1.49011611938477e-08,1.49011611938477e-08,1.84798394510742,2.39764830154769,2.14547812685048,3.6814949219894,12,35
0.054,1000,35,600.011757328099,-2891.78657328528,600.011757328099,13490.8302932816,14074.1581068022,14422.526617125,65.1848446573646,61.7796949316581,23.2959608238031,-45.5518827418291,-166.902566472773,1.49011611938477e-08,1.49011611938477e-08,1.92981169265466,3.34405102465831,3.2968411055786,4.35907828221121,12,35
0.055,1000,35,557.888583267698,258.125372016146,557.888583267698,13677.3526148424,14290.3263069025,13996.0159349506,60.2857227256864,59.3042684133719,22.1827078164531,-160.204390353033,-79.9652248924425,1.49011611938477e-08,1.49011611938477e-08,1.9544046420885,3.7602200241128,5.10493586946797,4.01351575063683,12,35
0.056,1000,35,471.927022627149,516.255970792144,471.927022627149,14077.8613890761,14022.0207683726,13809.6812881543,59.551951657536,58.3167593708028,22.6221530038205,-396.465013664558,-11.6066791778319,1.49011611938477e-08,1.49011611938477e-08,1.89197349148248,1.69359581474655,2.09071743772317,2.50107374208824,12,35
0.057,1000,35,424.875134737607,524.072898937164,424.875134737607,14175.2424587876,13595.2027076319,14116.8893529445,62.2905135325036,58.7592055870602,24.0686920633195,-648.665087226189,-22.0407099864308,1.49011611938477e-08,1.49011611938477e-08,1.78880885050552,0.757404373160962,0.853753224292914,1.87322252606419,12,35
0.058,1000,35,404.532980225742,525.228113441356,404.532980225742,13757.3586236671,13562.187686804,14456.6387718867,66.6302114495388,59.9718770924542,26.5358784496525,-797.242403832288,-60.2100498863816,1.49011611938477e-08,1.49011611938477e-08,1.83460578906057,0.299314470426655,0.253582392268952,1.55440463587277,12,35
0.059,1000,35,590.158198563553,-80.1093459028774,590.158198563553,13357.025610182,13959.4847647159,14411.8209867507,70.556858631108,60.8515515223299,29.406287472011,-829.365284845437,-136.233474459287,1.49011611938477e-08,1.49011611938477e-08,1.92064532488015,0.339228948801517,1.49011611938477e-08,1.68021356247403,12,35
0.06,1000,35,620.562885318692,-8958.99618123206,620.562885318692,13425.5158494078,14289.300625426,14037.5043645733,71.5699722699938,60.4657025722804,30.7485387627133,-747.120368612455,-251.921297958132,1.49011611938477e-08,1.49011611938477e-08,1.95504500571001,0.638864262936177,0.447341950048668,2.05427285912894,12,35
0.061,1000,35,598.673469695861,519.252718083094,598.673469695861,13821.6057586049,14152.6071414649,13779.3982449242,70.5378105088033,58.4714447330514,30.8847572140604,-586.898170145,-309.926647215167,1.49011611938477e-08,1.49011611938477e-08,1.93224547324964,0.957905880794269,0.99542940578436,2.16798634544388,12,35
0.062,1000,35,581.910161576764,303.978799850345,581.910161576764,14045.4178786689,13735.5208107348,14007.5184632371,68.6308490327556,54.8606864780307,30.7013585335281,-389.231749202933,-266.71393316891,1.49011611938477e-08,1.49011611938477e-08,1.83192956205413,1.30464420914969,1.6246195758353,1.84190841642214,12,35
0.063,1000,35,548.410272257929,329.612036334235,548.410272257929,13830.1337409011,13586.4220958089,14467.295940764,65.2586153127101,49.3978816863325,30.7259777356152,-183.150888424133,-196.328290368135,1.49011611938477e-08,1.49011611938477e-08,1.83060312167521,1.74260018060029,1.80572634228,1.79677082747015,12,35
0.064,1000,35,475.766656728204,514.855633036985,475.766656728204,13439.4831561968,13901.1490174886,14598.4578060712,60.476686153827,42.8420626642284,31.2157383925637,-64.6301847591544,-96.4108231813113,1.49011611938477e-08,1.49011611938477e-08,1.91054679105775,2.2347458007457,1.56975760617816,1.89420072969647,12,35
0.065,1000,35,457.104463327238,520.512772362933,457.104463327238,13402.9526709547,14257.1723399273,14242.5756527412,56.074798125132,37.1052460274037,31.4648381107288,-129.870404732442,22.8460911405923,1.49011611938477e-08,1.49011611938477e-08,1.95048952270006,2.7259549891342,2.13931106518353,1.80130292165877,12,35
0.066,1000,35,471.332444050012,516.788309928549,471.332444050012,13815.2946032828,14206.1855212928,13863.9584643993,53.8801777631583,34.3265536902887,31.4420163452514,-350.255771212202,73.8563617600985,1.49011611938477e-08,1.49011611938477e-08,1.94272954625663,1.8660955350014,4.14973310570287,1.74723894104214,12,35
0.067,1000,35,456.886641456836,520.359778081647,456.886641456836,14157.1003682781,13787.8465142759,13957.5105897783,54.9873621377143,35.1665200180154,31.0974792236512,-597.422161895155,-6.87212533534802,1.49011611938477e-08,1.49011611938477e-08,1.83073703056628,1.06560083191725,0.823054928464453,2.0126294536443,12,35
0.068,1000,35,445.64710370396,522.27159492616,445.64710370396,14036.5640260113,13521.9994889055,14396.0257463125,58.024764541649,38.2332662393271,28.6424456555966,-697.465295186317,-166.317505944632,1.49011611938477e-08,1.49011611938477e-08,1.79103221224874,0.728927948639425,1.49011611938477e-08,2.61887373682149,12,35
0.069,1000,35,565.726712547231,195.920720036381,565.726712547231,13601.943617171,13753.3003851184,14590.37118467,60.4705883709385,41.3212444153847,26.0343276655039,-661.658402606106,-256.449057966733,1.49011611938477e-08,1.49011611938477e-08,1.88122649226711,0.567798829780242,1.49011611938477e-08,3.14434964622219,12,35
0.07,1000,35,603.599007294761,523.591766998618,603.599007294761,13429.3884372091,14167.2157122274,14316.3907303868,61.434488284991,43.1945386126861,24.8358832595056,-592.71799010481,-264.446952183138,1.49011611938477e-08,1.49011611938477e-08,1.94302671254829,0.436946120858284,1.49011611938477e-08,3.30458513554896,12,35
0.071,1000,35,550.739291312485,312.451473199518,550.739291312485,13727.1349760543,14238.8148634522,13893.615301385,61.509869566672,43.8049443068374,25.395647708612,-543.518935144333,-219.644152744295,1.49011611938477e-08,1.49011611938477e-08,1.94998399080459,0.446301008607409,0.243199576324701,2.47919877376773,12,35
0.072,1000,35,509.652119314257,482.851277048852,509.652119314257,14104.6421572095,13874.8236342412,13852.0292717095,61.5216299757568,43.4998827837529,28.0328901582789,-509.736052887424,-155.044525087026,1.49011611938477e-08,1.49011611938477e-08,1.85699781734038,0.763156389624021,0.722923495809333,1.85446308168111,12,35
0.073,1000,35,608.858807270143,-4648.90743124011,608.858807270143,14091.3735753614,13528.4318394437,14265.0494994767,60.5864384627273,42.3118515147574,29.8371771778146,-435.700961768296,-139.247410018433,1.49011611938477e-08,1.49011611938477e-08,1.78610892720908,1.2165573947064,1.24213744109351,1.89081319201474,12,35
0.074,1000,35,618.052489989042,-7667.03667747421,618.052489989042,13711.9648953359,13653.6790669376,14611.7199741451,57.5633504592043,40.3647959743845,29.5388391084314,-324.547376073099,-141.679612560189,1.49011611938477e-08,1.49011611938477e-08,1.85705698746113,1.75762194760643,1.85555521159246,2.29025349856324,12,35
0.075,1000,35,603.515009383215,-3505.36421416713,603.515009383215,13466.0310518628,14086.9532682154,14495.9057382726,51.6282643924673,38.0399768415763,27.0186558113969,-255.513951445097,-107.810792055857,1.49011611938477e-08,1.49011611938477e-08,1.93408555372792,2.1571341419521,2.41344305375285,2.5674374450614,12,35
0.076,1000,35,582.256409230727,-527.71781589325,582.256409230727,13687.1214808621,14285.3800880022,14070.808780182,45.5973528578746,36.2807114509354,23.8218535961737,-295.526564081854,-19.7521987773805,1.49011611938477e-08,1.49011611938477e-08,1.95678170636041,1.80514860827396,2.56743630221417,1.76208973123807,12,35
0.077,1000,35,511.775545594433,476.704475092916,511.775545594433,14100.4716543421,14012.297721419,13904.2798701394,43.6897874296245,35.5383059481907,23.3340101965825,-431.272754447658,80.3250466369299,1.49011611938477e-08,1.49011611938477e-08,1.88879602077756,1.08451037288078,2.11761029782068,0.939203839815534,12,35
0.078,1000,35,451.39366982949,521.450358464451,451.39366982949,14178.3600686979,13604.6987427523,14220.8712929834,46.0768473642666,35.5390379471899,26.150252220058,-569.416911577229,127.135195416715,1.49011611938477e-08,1.49011611938477e-08,1.79081233109038,0.654369688447858,1.67101531823512,0.679865262662859,12,35
0.079,1000,35,501.497621014873,495.189227271529,501.497621014873,13778.245390838,13599.8998149902,14549.0019281255,50.154018415251,35.8250040285214,30.1595755951142,-632.494483519899,122.041972142017,1.49011611938477e-08,1.49011611938477e-08,1.84034334778423,0.54077515642666,1.47990544711906,0.761026330083786,12,35
0.08,1000,35,630.549531454659,-14699.9126330863,630.549531454659,13400.1855272977,14001.2252750205,14460.5920228973,53.7387482781215,35.9108796699699,34.2962304593082,-652.23774264575,76.7805756490879,1.49011611938477e-08,1.49011611938477e-08,1.92415319290091,0.658903906150688,1.46306496517527,1.0553575745282,12,35
0.081,1000,35,619.877765569279,-8510.51064007328,619.877765569279,13494.2374532925,14301.2314023602,14053.7511924902,54.4551947371497,35.8638375315829,35.9598421898803,-650.352614588867,-22.9298143362984,1.49011611938477e-08,1.49011611938477e-08,1.95593400539585,0.845537027163733,1.48173475651484,1.4762704453624,12,35
0.082,1000,35,586.861088232293,-1107.92472166548,586.861088232293,13876.9693177476,14135.4265854858,13813.5881340836,53.4398261057591,35.374098258529,36.1952367599001,-619.091430588557,-119.235394564654,1.49011611938477e-08,1.49011611938477e-08,1.9275266859504,1.00504536632247,1.60276262019903,1.78717816814528,12,35
0.083,1000,35,567.306987247773,177.645962509544,567.306987247773,14025.5931998059,13714.6306269307,14044.4578944455,53.3043001758633,34.1018230356938,36.3523145104847,-576.277109914625,-125.200431046286,1.49011611938477e-08,1.49011611938477e-08,1.83297473173218,1.11983084174922,1.89272357541336,1.64720462268646,12,35
0.084,1000,35,601.14767622884,-3124.3554355577,601.14767622884,13765.0125143025,13594.0891629034,14494.7398170079,52.3830833580306,32.2997971197094,36.3602810994728,-481.694495843592,-117.457734069973,1.49011611938477e-08,1.49011611938477e-08,1.83995101368149,1.31968396174956,2.30230537439133,1.61365552297837,12,35
0.085,1000,35,593.727437258077,-1932.44041867375,593.727437258077,13373.0751769665,13935.8687504295,14598.7464028986,49.2926792066357,29.3843928837819,36.4057334128493,-380.324983878721,-75.8777224044012,1.49011611938477e-08,1.49011611938477e-08,1.91735185173231,1.5299091111104,2.60448352339246,1.68587263757136,12,35
0.086,1000,35,562.680814861878,218.634554988669,562.680814861878,13349.0518988828,14292.3674214348,14235.8402801764,46.346496950432,26.042890264918,36.9491652195568,-372.799567035911,7.06423252411704,1.49011611938477e-08,1.49011611938477e-08,1.95170423221136,1.50938637480132,2.67709402110312,1.56063435319539,12,35
0.087,1000,35,590.965411996545,-199.891137312523,590.965411996545,13776.1743566815,14215.8516011165,13868.9531632182,45.6895230308381,23.5207728216608,37.3367857412774,-469.497120029674,58.1254752668935,1.49011611938477e-08,1.49011611938477e-08,1.94236802595942,1.2659444426695,2.37981445653792,1.39311880580941,12,35
0.088,1000,35,591.11366508916,491.231239678867,591.11366508916,14132.0271889875,13796.7110726648,14003.2197625799,45.8412072668001,22.8205247386925,36.3749335664509,-535.312419903955,-20.8872102091819,1.49011611938477e-08,1.49011611938477e-08,1.83186671268801,1.18204164883481,1.61048740636497,1.54886181109138,12,35
0.089,1000,35,587.624520999944,457.583026207868,587.624520999944,13989.1412342808,13559.8051749782,14453.1464601931,44.9194951050809,23.2880555947614,34.0140365125457,-490.214021731678,-133.5170364828,1.49011611938477e-08,1.49011611938477e-08,1.80520850191596,1.29229332675589,1.27475214785307,1.97938889047778,12,35
0.09,1000,35,573.259791429064,112.65501625555,573.259791429064,13572.8491009218,13811.0189839193,14639.136509201,42.920637612668,23.5769017209752,32.2639144190829,-409.876170803229,-154.020780144033,1.49011611938477e-08,1.49011611938477e-08,1.89241079144994,1.43824645559096,1.38136607258393,2.40686917531098,12,35
0.091,1000,35,501.547029707468,493.951172010713,501.547029707468,13427.4653897894,14213.0984652401,14342.6784244617,41.7081313571476,23.224742569924,32.030978353901,-399.897781140835,-92.7794455638584,1.49011611938477e-08,1.49011611938477e-08,1.94628972264282,1.39817616726607,1.4638762016152,2.34942082469558,12,35
0.092,1000,35,365.202578263462,526.587675808434,365.202578263462,13750.0707762704,14246.1526515461,13925.922898992,43.3208860756529,23.376549133628,33.2171887298861,-496.112678575637,3.5781760517303,1.49011611938477e-08,1.49011611938477e-08,1.95115737593925,1.10152529829915,1.2462766918469,1.7866273087845,12,35
0.093,1000,35,353.087629335499,526.984399494421,353.087629335499,14116.278343876,13858.2344013348,13921.5865059949,47.3165356902666,24.5676774371573,35.127099991644,-639.893872083611,53.1288900822109,1.49011611938477e-08,1.49011611938477e-08,1.85769610252065,0.847169369389318,0.912779250033574,1.43912813864982,12,35
0.094,1000,35,453.154628919249,521.283926612826,453.154628919249,14075.9207233904,13518.7129859969,14346.3003544728,51.6324534154946,26.9920831331527,36.1343818190893,-700.879879576043,1.94551136539913,1.49011611938477e-08,1.49011611938477e-08,1.79086172605182,0.841877862585154,0.713583504568897,1.52895199198414,12,35
0.095,1000,35,629.031735117327,535.914082100536,629.031735117327,13687.0015641216,13671.147997074,14667.4499829118,53.7551195062273,29.726793279957,35.0491280798046,-636.309176237097,-71.0935752172116,1.49011611938477e-08,1.49011611938477e-08,1.86460676290458,1.00032328613389,0.740274961942783,1.89759516731377,12,35
0.096,1000,35,620.017225478125,530.099480563165,620.017225478125,13455.0334360008,14103.0510580012,14522.8712728434,52.5328948494017,31.4106676973919,31.693764169258,-545.250006221654,-83.8262100551348,1.49011611938477e-08,1.49011611938477e-08,1.9379957013166,1.0609705611402,0.855392293208197,2.03536336809367,12,35
0.097,1000,35,595.141994110117,512.135397662549,595.141994110117,13691.7207336033,14271.9282515383,14105.0658423504,50.0007870269172,32.0913274458758,27.3971472485878,-506.613435170512,-8.52305477760457,1.49011611938477e-08,1.49011611938477e-08,1.95889467023038,0.783978153159993,0.968591441750958,1.25511455410527,12,35
0.098,1000,35,542.83677361609,362.391953883476,542.83677361609,14100.831220057,13978.5231105745,13968.2716984065,49.4153716851099,32.1641130581559,26.0712980019528,-527.223407616887,104.258006526759,1.49011611938477e-08,1.49011611938477e-08,1.88754926038503,0.466422731150094,1.1540308958859,0.415885819870889,12,35
0.099,1000,35,478.515909473717,513.740554101694,478.515909473717,14166.8685110982,13586.7488866539,14297.0819645403,50.5008647041222,31.5527276216887,28.6853774321806,-541.421450934142,180.239214473367,1.49011611938477e-08,1.49011611938477e-08,1.79313108005453,0.537402464954975,1.46261603207313,1.49011611938477e-08,12,35
0.1,1000,35,584.742456065546,-14.7428737446226,584.742456065546,13796.6292144109,13612.3369912081,14634.8214568205,51.282993203629,30.0418843543145,32.3013788609419,-501.928326759209,199.866972537725,1.49011611938477e-08,1.49011611938477e-08,1.84454958394506,0.837611258557174,1.86221574911975,0.460312798576916,12,35
0.101,1000,35,624.115347384623,-10485.0979712787,624.115347384623,13452.8827643288,14019.2941014288,14532.6110892792,51.7355244464316,27.4784926201874,35.563802314216,-484.168753735898,199.656814171697,1.49011611938477e-08,1.49011611938477e-08,1.92663084369186,1.10266632244899,2.28418726346351,0.792530861135898,12,35
0.102,1000,35,611.645568077785,-5524.70031563181,611.645568077785,13574.1565917051,14283.7378464446,14103.1368777215,51.7415699241288,25.9546120834313,36.8252491723543,-539.108844633667,154.510797696681,1.49011611938477e-08,1.49011611938477e-08,1.9559127837356,1.20074020964697,2.22952346001759,1.13044601563367,12,35
0.103,1000,35,557.990572279431,257.277667972448,557.990572279431,13970.7324113076,14084.627627408,13861.6763687698,52.0604773407169,26.8101628283025,36.3104169423367,-642.455363246947,65.6497865710155,1.49011611938477e-08,1.49011611938477e-08,1.91512955224935,1.10410067488503,1.41403303603224,1.41606142268893,12,35
0.104,1000,35,548.606437880926,334.048708225243,548.606437880926,14082.5554694502,13663.0732834223,14112.4902895451,54.3444705767885,29.2502160518634,36.3216254936696,-731.12558586352,7.78639005045458,1.49011611938477e-08,1.49011611938477e-08,1.82138727953564,0.908050436721671,0.923238846177308,1.43022416475544,12,35
0.105,1000,35,612.592901808306,526.759280002575,612.592901808306,13772.8162338878,13568.486529927,14539.707241775,56.4118148667177,32.2163335917804,36.3573534222001,-732.621827926977,-29.2979443173368,1.49011611938477e-08,1.49011611938477e-08,1.8407765423084,0.825472931044752,0.745743708680664,1.42690331100092,12,35
0.106,1000,35,602.904141114848,-3410.04675481328,602.904141114848,13365.4034677639,13928.1340127902,14591.4248066922,57.372757784364,34.3843027100012,36.4053986724081,-688.592516187471,-22.8775608569381,1.49011611938477e-08,1.49011611938477e-08,1.91967792436167,0.839501881866634,0.714128734431001,1.41371194915605,12,35
0.107,1000,35,588.445483584645,-1219.37470495031,588.445483584645,13367.4112777151,14273.8801777513,14202.4891716629,57.488588107372,35.3330271310604,36.6772104636028,-666.759135642301,10.6385397713075,1.49011611938477e-08,1.49011611938477e-08,1.95203552872343,0.861470375458795,0.676469276146813,1.30398183444019,12,35
0.108,1000,35,587.745906620486,-1163.53281667264,587.745906620486,13818.0825821554,14170.6153742473,13855.5578446115,56.9867139198281,35.4243183631588,36.1828724778158,-658.293190949511,-27.4025872435351,1.49011611938477e-08,1.49011611938477e-08,1.93648246889723,0.953409055709517,0.722255063954414,1.32326034963688,12,35
0.109,1000,35,562.057542338438,223.763725198615,562.057542338438,14145.1036055446,13748.3950373479,14027.5227609106,54.8660304602003,35.1633551544777,34.8357406210989,-557.51784928225,-156.242978006915,1.49011611938477e-08,1.49011611938477e-08,1.82516719621865,1.23157533301504,1.01964389528873,1.76923746785495,12,35
0.11,1000,35,512.219549698753,476.556127574753,512.219549698753,13978.1569485407,13537.6858074835,14484.7571715943,50.8521624495772,34.4060667204812,33.2896025136026,-382.758791702912,-244.457570319616,1.49011611938477e-08,1.49011611938477e-08,1.80761131701634,1.65554729257389,1.46343128667438,2.71319553601199,12,35
0.111,1000,35,428.472833923833,523.835164931675,428.472833923833,13571.8696297334,13810.8275737401,14654.5353841419,45.1876963271376,32.404882919935,32.2911389078365,-248.008868765932,-223.384564794433,1.49011611938477e-08,1.49011611938477e-08,1.89498480187963,2.11107300396095,1.97831198070251,4.09887725188741,12,35
0.112,1000,35,299.400138486798,528.588791928061,299.400138486798,13459.9658770194,14202.8543879535,14330.5193623755,40.7572616186911,29.7503632860682,32.4874712884769,-242.939801391751,-108.967235031527,1.49011611938477e-08,1.49011611938477e-08,1.94648937862725,2.146052694776,2.27427390502273,3.99984258157612,12,35
0.113,1000,35,145.969707281069,533.184214061724,145.969707281069,13813.730774318,14216.5619747881,13917.9007485494,41.067073752065,28.5196332453581,33.7711825136442,-393.84522852923,21.2923441192728,1.49011611938477e-08,1.49011611938477e-08,1.945164801884,1.36395362748707,1.7193984446805,2.48973968520917,12,35
0.114,1000,35,130.076491511231,533.681229499035,130.076491511231,14177.9167239741,13821.8438616513,13940.7237607333,45.1942987840803,29.2111470858689,35.4521556934766,-591.215347468178,64.6171699915406,1.49011611938477e-08,1.49011611938477e-08,1.84056212409015,0.827535550582073,0.977538357191964,1.89169263430133,12,35
0.115,1000,35,258.490002410355,529.85873595389,258.490002410355,14108.7610746785,13505.6768741576,14362.5557326375,50.4487672842118,30.9980352947547,36.7659507510846,-690.740646146321,9.45940253543474,1.49011611938477e-08,1.49011611938477e-08,1.78310080021145,0.66857586588386,0.560904733429228,1.89692004737993,12,35
0.116,1000,35,526.350637787793,444.135573481863,526.350637787793,13713.5233505085,13679.8443979838,14647.2836417221,54.0802264987926,32.8103979549377,36.4767885636307,-657.200016952252,-69.6023160794203,1.49011611938477e-08,1.49011611938477e-08,1.86397266583801,0.729819084213939,0.434331657288797,2.32365135475492,12,35
0.117,1000,35,624.846617918493,-11000.289370948,624.846617918493,13498.1475048592,14108.5541961313,14460.5243070755,54.9187334877023,33.776480901932,34.5674468543683,-581.469515967738,-109.9318262128,1.49011611938477e-08,1.49011611938477e-08,1.9388666167966,0.713869567412228,0.493483868324445,2.64582184859409,12,35
0.118,1000,35,604.777614321588,-3807.80710230917,604.777614321588,13750.1626807263,14245.0925682362,14039.8490357784,54.243039565865,33.9108064071789,31.980517604114,-544.20078948649,-81.9891805930111,1.49011611938477e-08,1.49011611938477e-08,1.95645772598671,0.406599244588307,0.620123581517519,1.93277401503593,12,35
0.119,1000,35,534.710887425491,404.157529002064,534.710887425491,14133.3631565814,13926.7407745775,13927.9058448068,54.3706850176462,33.4071446383374,31.1499262814455,-551.724611118525,-13.5889440278331,1.49011611938477e-08,1.49011611938477e-08,1.87486274839502,0.236907158380469,0.836690448918433,1.07425186413309,12,35
0.12,1000,35,482.158224893685,511.849832523931,482.158224893685,14171.4302963508,13546.0390686644,14280.7284595493,55.4089458217924,32.2177745224472,32.7829786632488,-540.275775335313,29.7222603923121,1.49011611938477e-08,1.49011611938477e-08,1.78458818264041,0.656125212074365,1.1565916623547,0.944221918390571,12,35
0.121,1000,35,540.709471156893,377.26055270565,540.709471156893,13779.5321565602,13603.4533776654,14601.9786872677,55.6881872942014,30.1057241685152,34.8028812015183,-475.281257875906,34.5573317517321,1.49011611938477e-08,1.49011611938477e-08,1.84422983091236,1.10682084889618,1.54061263413698,1.21863872532803,12,35
0.122,1000,35,627.273639518299,534.583373300917,627.273639518299,13453.1051492176,14024.5181283377,14470.1820196066,56.3336290017973,26.8271230399626,37.1084531283076,-435.035670318242,29.7295379665139,1.49011611938477e-08,1.49011611938477e-08,1.92679438534557,1.51620055498469,1.83404383399436,1.6014875443685,12,35
0.123,1000,35,612.737374853325,527.009194448372,612.737374853325,13602.7304125139,14269.2738171929,14034.1565057192,56.4118746557419,24.0536899442314,37.8376481414381,-458.645331105595,-7.17814854907113,1.49011611938477e-08,1.49011611938477e-08,1.95320504092747,1.72461824086058,1.7334190793989,2.03545705106654,12,35
0.124,1000,35,564.092504033004,204.200751392913,564.092504033004,13993.0256252917,14048.9569828119,13820.551830222,56.5298524037183,23.2208937534934,37.4558958086117,-529.85871785015,-63.1119747309487,1.49011611938477e-08,1.49011611938477e-08,1.90373629844596,1.63880293607029,1.26118016370602,2.3108158994833,12,35
0.125,1000,35,588.401940619536,-58.008265821629,588.401940619536,14077.8454414809,13635.8460264001,14095.8318875859,57.9402369536776,24.0250935718198,37.9480898354528,-610.62627842465,-61.1342071701419,1.49011611938477e-08,1.49011611938477e-08,1.81380535307853,1.3404316265528,0.982749961626359,1.95615415576402,12,35
0.126,1000,35,610.002453929536,-5041.89210982773,610.002453929536,13757.4256804226,13566.8903967056,14509.2958137528,58.7203559286083,24.614856258371,37.8439348859167,-625.756817004016,-42.4902702281059,1.49011611938477e-08,1.49011611938477e-08,1.84307198961334,1.20380704185687,0.943175885474434,1.6621021528488,12,35
0.127,1000,35,592.164569731147,-1716.33384097304,592.164569731147,13358.6031105937,13929.7995462946,14516.3297399115,58.8236319793034,24.4117516333045,37.2498017888949,-628.084387038205,-6.59598566616152,1.49011611938477e-08,1.49011611938477e-08,1.92189046081725,1.17593311662532,0.957673967963771,1.48620869370242,12,35
0.128,1000,35,573.188959760512,112.715475897917,573.188959760512,13404.6381252488,14241.8800280446,14089.3807199727,58.5973631064167,24.4596795087929,36.2953940720447,-681.683305594661,-16.1561706387063,1.49011611938477e-08,1.49011611938477e-08,1.95316467381744,1.16879995463388,0.874987086452506,1.48775754190332,12,35
0.129,1000,35,518.927221361104,460.871937379769,518.927221361104,13866.5080545605,14108.5843319313,13772.7549284023,57.6274659067407,26.2630003565234,35.7567160658432,-726.61789030951,-164.606522377977,1.49011611938477e-08,1.49011611938477e-08,1.92986651386707,1.25619172724533,0.762989264616031,1.98970898533379,12,35
0.13,1000,35,461.74525630501,519.330510589547,461.74525630501,14140.5509431025,13679.8483101979,13968.7485832694,55.3323108081778,29.177413163444,35.8816282945122,-656.429936334088,-373.958261671759,1.49011611938477e-08,1.49011611938477e-08,1.81739902933411,1.49117783268544,0.76411183932344,2.85910854974639,12,35
0.131,1000,35,412.729254634222,524.809920861352,412.729254634222,13924.5675588554,13492.7114804353,14410.2393166672,51.5370341394434,31.8026927960739,35.5385090610299,-510.947788079148,-491.402444264651,1.49011611938477e-08,1.49011611938477e-08,1.80899854648518,1.81011230505573,0.901234128312171,2.90208218927853,12,35
0.132,1000,35,351.365702341558,527.027613704098,351.365702341558,13515.2867274631,13792.3429040643,14557.419139642,45.8358703174784,33.1373040395088,34.5219508027984,-366.997133588092,-494.67808373891,1.49011611938477e-08,1.49011611938477e-08,1.89772209214934,2.08774921167041,1.10330600055553,2.91473980642331,12,35
0.133,1000,35,286.150129636848,528.991397520259,286.150129636848,13436.1168829709,14184.1123807242,14224.7857367796,39.850479490761,33.2688907115219,33.7702290650675,-310.814208840296,-395.555243358886,1.49011611938477e-08,1.49011611938477e-08,1.94690365959632,2.03147867617575,1.22075647809875,4.87721710607696,12,35
0.134,1000,35,218.149525169391,531.034455238796,218.149525169391,13807.9511143588,14178.0313543902,13825.2244660491,37.3469499200611,33.1023535293425,34.6252882515856,-361.124488795836,-247.838487942211,1.49011611938477e-08,1.49011611938477e-08,1.93970730746638,1.44062979408353,1.18844631020482,16.8787345757476,12,35
0.135,1000,35,222.532268142889,530.919131314108,222.532268142889,14169.1437992345,13780.140136999,13878.1754307122,38.6560522345217,33.0707343597259,36.782038726889,-446.666066103708,-146.556990266928,1.49011611938477e-08,1.49011611938477e-08,1.8280141421625,1.03895915512141,1.14946653662474,4.38824175342295,12,35
0.136,1000,35,354.886920026329,526.953417830721,354.886920026329,14092.9113116298,13490.2256391015,14317.7630294353,40.5951707323233,33.0306614030702,38.6863804755743,-463.892291564424,-139.919438192208,1.49011611938477e-08,1.49011611938477e-08,1.77802584789534,1.07499699881056,1.22583498551623,3.60583134147491,12,35
0.137,1000,35,583.552063594682,2.6648359654763,583.552063594682,13692.9127033453,13693.0537689976,14580.9788746921,40.2164011759,32.7609262646864,39.1190970297147,-410.196119789496,-171.999410727032,1.49011611938477e-08,1.49011611938477e-08,1.86648977619824,1.29048473930666,1.40788411291483,4.39489796798217,12,35
0.138,1000,35,615.798054454859,528.16613414724,615.798054454859,13508.3732347715,14113.4775704644,14374.7742587684,36.9792013232173,32.3321952103266,38.000656209754,-375.910983118798,-178.064245335872,1.49011611938477e-08,1.49011611938477e-08,1.94010857670583,1.29210823650318,1.49519280492371,5.48600859668269,12,35
0.139,1000,35,582.601168810426,392.094931008111,582.601168810426,13780.8457441134,14215.5490180376,13953.9356143379,33.7066665845472,32.4130841609406,36.3119028883272,-434.065449114281,-132.896384191025,1.49011611938477e-08,1.49011611938477e-08,1.95288412322508,0.784429778366148,1.28091996980648,3.82057472717551,12,35
0.14,1000,35,481.029281754149,512.208214329492,481.029281754149,14154.7017830352,13869.9431763831,13873.4737033402,35.3490802401969,33.5131435134559,36.0265168808791,-561.238738793252,-84.7642403475136,1.49011611938477e-08,1.49011611938477e-08,1.86111404984828,0.356906062617808,0.940956023003109,2.03987222632925,12,35
0.141,1000,35,441.635868644844,522.710428486867,441.635868644844,14177.6358250602,13500.066038556,14253.7128406909,39.9362020985578,35.3727258213062,36.7231687953658,-625.548318454032,-102.868129397382,1.49011611938477e-08,1.49011611938477e-08,1.77472446408441,0.502341154372106,0.704073618682194,2.02992426193946,12,35
0.142,1000,35,434.64875225145,523.395269642689,434.64875225145,13751.6113899214,13586.7511200048,14544.714359215,44.5602582600592,36.9714843972079,37.8005708375087,-596.101065849487,-142.200728655259,1.49011611938477e-08,1.49011611938477e-08,1.84366224960484,0.825861150159871,0.601348267448514,2.69376018425743,12,35
0.143,1000,35,595.680123153684,-151.820385105465,595.680123153684,13431.619988644,14018.6406579201,14374.6882074972,49.9143004560067,38.1042349856069,39.8578294986183,-553.02072799016,-191.846875054091,1.49011611938477e-08,1.49011611938477e-08,1.92649358892104,1.20233402323846,0.547502008254814,3.69802398731327,12,35
0.144,1000,35,619.962782009029,-8548.91543600125,619.962782009029,13606.835311092,14259.3452722488,13949.4860062118,52.3632205869021,38.7291504998985,40.760885970802,-494.684988055803,-266.779045468058,1.49011611938477e-08,1.49011611938477e-08,1.95092423879041,1.54462010887231,0.580411872134425,4.97908684172848,12,35
0.145,1000,35,586.437204136599,458.098646077495,586.437204136599,13982.3674195628,14030.3688083263,13783.8757541339,52.5405845128836,38.4495637707597,40.7473670745593,-426.414621911585,-272.575641090148,1.49011611938477e-08,1.49011611938477e-08,1.89785604223976,1.70458778650337,0.864177969067806,4.7928786860813,12,35
0.146,1000,35,595.633614952622,-154.704293586686,595.633614952622,14032.7311150564,13628.9904734422,14073.7711376697,53.0949610551794,36.6916661942235,40.3824661048352,-403.662796891959,-159.078026084346,1.49011611938477e-08,1.49011611938477e-08,1.8126034283429,1.60874983153477,1.32521660187134,2.53884075718803,12,35
0.147,1000,35,604.544858747966,524.046698064808,604.544858747966,13715.6158403598,13587.8174034419,14484.9253147544,53.1833243540494,33.511416283515,39.1324914258716,-368.962667288624,-47.8631898769385,1.49011611938477e-08,1.49011611938477e-08,1.84687768924871,1.64572239881635,1.81300821403896,1.67202291935652,12,35
0.148,1000,35,579.471045527718,283.306015976295,579.471045527718,13349.3028059414,13954.4368455426,14474.5241071365,52.9387542642798,29.8916212211448,37.8847641085046,-374.333937591975,29.4762026799321,1.49011611938477e-08,1.49011611938477e-08,1.92411659253029,1.73823624754435,2.32363229825712,1.40573381332048,12,35
0.149,1000,35,547.105149130861,337.600182068426,547.105149130861,13426.8274385067,14241.992133714,14044.9588687708,53.1977603552771,28.602164544514,36.7415131752521,-494.280043213359,30.6973236039216,1.49011611938477e-08,1.49011611938477e-08,1.95419882836836,1.65407495286512,2.555767348491,1.47877970113587,12,35
0.15,1000,35,476.904001122862,514.354200400308,476.904001122862,13893.6785356878,14080.2410214812,13752.1395296133,53.5254436079914,31.4234601359084,36.4567865056294,-655.58206226046,-129.438602413322,1.49011611938477e-08,1.49011611938477e-08,1.92421574464465,1.5144110210316,1.06531495583882,2.09724270298645,12,35
0.151,1000,35,404.318275841089,525.169598936686,404.318275841089,14152.9307554778,13646.9686773872,13977.3474202533,53.2117099820561,36.6871050884329,37.2080293519599,-700.588981537367,-375.147070465205,1.49011611938477e-08,1.49011611938477e-08,1.80919948833042,1.52645284254781,0.301613114174765,2.71604829050951,12,35
0.152,1000,35,328.059979858721,527.724914996193,328.059979858721,13910.1979477553,13485.7726816046,14410.5640497598,52.1999629068701,41.8960473657763,37.1469172410821,-628.59948098515,-548.631719318356,1.49011611938477e-08,1.49011611938477e-08,1.81002975636601,1.6175957199402,1.49011611938477e-08,2.20640245842769,12,35
0.153,1000,35,310.225985988383,528.283161484593,310.225985988383,13501.1079149104,13804.3188498194,14515.856053149,50.2264620361635,45.5922480055776,36.2880791753846,-518.954784900486,-579.501151423756,1.49011611938477e-08,1.49011611938477e-08,1.90056679761089,1.69326853991263,1.49011611938477e-08,2.07261628403253,12,35
0.154,1000,35,287.359231606457,528.958820764599,287.359231606457,13449.350940526,14185.6410253834,14156.0271379002,48.3034007083129,47.6201583402884,35.9777592638106,-446.364291754375,-503.710919598255,1.49011611938477e-08,1.49011611938477e-08,1.94684793324921,1.57000998025554,1.49011611938477e-08,3.07111166039773,12,35
0.155,1000,35,249.415110045103,530.095313987411,249.415110045103,13837.7019598311,14156.2527274798,13770.781275869,47.9676883505422,48.4531315388535,37.240791018413,-421.789263588406,-376.092987913458,1.49011611938477e-08,1.49011611938477e-08,1.9331864102526,1.34143572837317,0.410565320367677,11.1136152221406,12,35
0.156,1000,35,275.089321722057,529.348752225339,275.089321722057,14181.8896705366,13751.5395715295,13854.255542003,48.4489328307924,48.3685967062493,39.5702207041704,-401.043742383174,-275.9415797799,1.49011611938477e-08,1.49011611938477e-08,1.81704167494589,1.34556310108001,0.816998875755064,9.3690107465451,12,35
0.157,1000,35,429.23045088446,523.907398882578,429.23045088446,14070.0889614381,13488.8372109672,14297.1599588478,47.5689259872948,47.3558033449643,41.602384881855,-334.000075415301,-234.393911359351,1.49011611938477e-08,1.49011611938477e-08,1.77952986710832,1.66814400419125,1.34897320109328,6.05597745110008,12,35
0.158,1000,35,618.006058728275,528.815598474466,618.006058728275,13669.156887512,13717.2690060535,14542.6644930513,44.2196582228653,45.6401288805474,42.4793151489672,-253.591997403885,-224.333539722982,1.49011611938477e-08,1.49011611938477e-08,1.87229538832905,2.1377162431279,1.97390281831267,6.76670752221346,12,35
0.159,1000,35,609.731597711933,525.983658140689,609.731597711933,13514.4786646446,14131.8301710798,14324.5189670861,37.4373937158002,43.9910750154622,41.6007825493018,-237.722641424755,-199.891546449072,1.49011611938477e-08,1.49011611938477e-08,1.94253726948146,2.29727643059138,2.30046836289101,8.4787683200847,12,35
0.16,1000,35,564.996217897566,196.080024074252,564.996217897566,13804.5860964546,14206.333616972,13915.716371721,30.7056670086377,43.3700557855422,39.9358229065188,-358.099580084483,-125.549101241626,1.49011611938477e-08,1.49011611938477e-08,1.95194003151156,1.31506640999629,1.67576898536868,6.18295790122717,12,35
0.161,1000,35,449.34410028795,521.664921092432,449.34410028795,14170.8527886585,13843.3747834185,13864.3023681071,32.1255830052955,44.3513583255715,39.6921880832523,-559.142965486307,-70.5549049138886,1.49011611938477e-08,1.49011611938477e-08,1.85450085209045,0.442000220718014,0.897324018116683,2.67729934690687,12,35
0.162,1000,35,396.435084584577,525.50414282716,396.435084584577,14165.1218782988,13486.2982004685,14259.8071759177,38.974641101195,46.6481402072672,40.3128556674068,-697.8551106096,-107.419647261839,1.49011611938477e-08,1.49011611938477e-08,1.77475486766714,0.301970095161474,0.33131560916737,2.60135429959656,12,35
0.163,1000,35,357.594495850285,526.842039946153,357.594495850285,13731.9692153613,13602.0469818453,14532.0146237646,46.3120824733536,49.0013478292558,41.227406702481,-700.501964770819,-176.549738953347,1.49011611938477e-08,1.49011611938477e-08,1.84824258907881,0.609355540661701,1.49011611938477e-08,3.68773773646672,12,35
0.164,1000,35,530.258021131104,428.331085246636,530.258021131104,13436.7909148415,14040.4913753074,14338.7740304781,53.3547575593778,50.6449403623319,43.3673147870063,-653.36528582776,-256.562091088851,1.49011611938477e-08,1.49011611938477e-08,1.92877892727257,1.00119928573725,1.49011611938477e-08,5.42540217357263,12,35
0.165,1000,35,624.464263547284,532.70051249833,624.464263547284,13638.6343049468,14262.9242495637,13919.0563536152,56.5972008630194,51.097922244501,44.5157998462668,-545.383269398838,-354.465906776816,1.49011611938477e-08,1.49011611938477e-08,1.95094067662007,1.41597248993181,0.211904415365226,7.28977380166945,12,35
0.166,1000,35,596.39385325193,515.730620157645,596.39385325193,14006.3256921269,14009.9599790693,13775.7923104124,56.7082554445321,49.8312553907047,44.3057197318153,-406.842755030682,-358.593451789022,1.49011611938477e-08,1.49011611938477e-08,1.89099596106785,1.71928065375808,0.824773882901048,7.25128236070356,12,35
0.167,1000,35,600.496506495648,-2918.3534627462,600.496506495648,14026.2745768008,13615.8852313475,14080.3889549153,56.6453180688054,46.754129609783,43.2370514990002,-315.241525492971,-215.060636499435,1.49011611938477e-08,1.49011611938477e-08,1.8097862028151,1.80101555775095,1.42324326568183,3.35081254573857,12,35
0.168,1000,35,594.024597865952,-1963.60802711445,594.024597865952,13690.1752102323,13602.862922619,14479.5490675076,56.3591858742172,42.2756283719916,41.0226404333727,-254.139817326315,-69.710406148179,1.49011611938477e-08,1.49011611938477e-08,1.85090751054312,1.95689742276219,1.78887423721765,2.00435067146408,12,35
0.169,1000,35,554.8536605261,283.245261880623,554.8536605261,13341.328594169,13980.3972395673,14445.3862439365,56.0175647838797,37.7611543907253,39.1853026527524,-266.868316119367,26.2156965675176,1.49011611938477e-08,1.49011611938477e-08,1.9262437084759,2.1405017881813,2.14508377212036,1.63200417400998,12,35
0.17,1000,35,509.746600982572,481.519493964162,509.746600982572,13449.7422618055,14247.241135305,14012.1542437148,56.4721295267362,36.0443271012611,37.7821128412762,-420.233514384721,35.4890880037995,1.49011611938477e-08,1.49011611938477e-08,1.9542595176254,2.00464036134873,3.87713148236894,1.70113660040907,12,35
0.171,1000,35,478.380194563386,513.745718389819,478.380194563386,13917.7739116692,14056.4285621288,13744.721189642,57.282106775972,38.4554718945428,37.0859655220477,-623.352176388701,-109.368877721864,1.49011611938477e-08,1.49011611938477e-08,1.91752976752151,1.67472159283336,1.14081150883148,2.33048894177434,12,35
0.172,1000,35,418.504879840818,524.459269830447,418.504879840818,14162.785736019,13621.6936498536,14003.1489530298,57.5909158839535,43.2684693980561,37.255684976989,-719.648920281191,-372.900769258926,1.49011611938477e-08,1.49011611938477e-08,1.80229535226326,1.5338162879682,1.49011611938477e-08,2.79558375489261,12,35
0.173,1000,35,344.868427240701,527.230155672487,344.868427240701,13905.0349073494,13488.5738941679,14438.300634345,57.2011077120893,48.2563626390099,37.2637993031971,-666.809516367106,-558.013328008334,1.49011611938477e-08,1.49011611938477e-08,1.81214212206032,1.53998468597747,1.49011611938477e-08,2.16457460559259,12,35
0.174,1000,35,319.275254185559,528.006683760956,319.275254185559,13502.3938791806,13825.4825593857,14514.2259024567,56.0473626480937,51.9734914759083,36.9518182009899,-563.81017157817,-588.1075804026,1.49011611938477e-08,1.49011611938477e-08,1.90376506603329,1.54687575276724,1.49011611938477e-08,2.09638596391689,12,35
0.175,1000,35,279.826053847709,529.186071875305,279.826053847709,13478.2552489829,14194.2459909524,14134.1953361339,55.0615928360995,54.0903273361212,37.5069073668692,-487.420851196943,-506.289162467001,1.49011611938477e-08,1.49011611938477e-08,1.9472694852675,1.41106898299097,1.49011611938477e-08,3.34846384498071,12,35
0.176,1000,35,246.045254430961,530.208592933186,246.045254430961,13878.2703499503,14137.2300855085,13765.7961813543,55.1118706207291,54.8884631767206,39.5375533576582,-446.463190227312,-379.354058204097,1.49011611938477e-08,1.49011611938477e-08,1.92755005188119,1.28131597212581,0.0466019024154702,16.8595660268241,12,35
0.177,1000,35,275.195425630232,529.33554826755,275.195425630232,14204.6705773096,13725.0765228345,13879.9106447524,55.2698949887531,54.606829182512,42.389129906355,-397.689769333563,-266.340121331925,1.49011611938477e-08,1.49011611938477e-08,1.80821690399286,1.4161604511695,0.776427347898654,8.63407257535352,12,35
0.178,1000,35,441.727481909456,522.813399600769,441.727481909456,14063.2813926361,13487.2870578075,14321.5409305835,53.820197401971,53.2437972284143,44.8351143646215,-310.540365922143,-214.474862337045,1.49011611938477e-08,1.49011611938477e-08,1.7816579098606,1.86013451532922,1.43803357089537,5.83129385546689,12,35
0.179,1000,35,623.12834571452,-9988.81923783905,623.12834571452,13664.5472853939,13740.2533790107,14546.0080768289,49.8232396506738,51.0850865882184,46.0723730374708,-223.919460428662,-196.395681401852,1.49011611938477e-08,1.49011611938477e-08,1.87726571173815,2.48444457221188,2.22685664227637,6.73316420005643,12,35
0.18,1000,35,611.401014625055,-5446.34465203961,611.401014625055,13537.6423319589,14149.6278973567,14310.04849285,42.2102089351972,49.1114136615736,45.31292765184,-217.420433394941,-167.344980898458,1.49011611938477e-08,1.49011611938477e-08,1.94477891301453,2.77022097518529,2.68433645884593,9.02736864976017,12,35
0.181,1000,35,567.602588637134,169.306465655111,567.602588637134,13844.2958257041,14196.9125081147,13916.123498178,34.3762405874147,48.3861472402116,43.4498977720778,-351.901807785075,-90.9102592810418,1.49011611938477e-08,1.49011611938477e-08,1.95090907062014,1.51667682890472,1.78199706002679,6.02331711171356,12,35
0.182,1000,35,444.000129784878,522.386507681327,444.000129784878,14192.8664188442,13815.4583800462,13894.2626049434,34.5780842359311,49.3680092590584,42.868762978187,-593.532428859438,-28.58404633467,1.49011611938477e-08,1.49011611938477e-08,1.84859322321267,0.442617068177068,0.84055889205,2.57604731367699,12,35
0.183,1000,35,350.440513497249,527.053774999157,350.440513497249,14156.2129933566,13476.6277399369,14298.6710543559,41.4707911396605,51.6567018904646,43.4756156164964,-756.332469729862,-65.2830722711219,1.49011611938477e-08,1.49011611938477e-08,1.77680577423261,0.0613434360079016,1.49011611938477e-08,2.33459470262397,12,35
0.184,1000,35,279.192762344609,529.214822465757,279.192762344609,13710.8060436737,13619.6847262737,14544.3688153568,49.5716145290627,54.0557339906676,44.6004953299357,-773.023380768797,-138.831803572606,1.49011611938477e-08,1.49011611938477e-08,1.85459983514004,0.48168235691388,1.49011611938477e-08,3.152147877056,12,35
0.185,1000,35,475.363849458819,515.825884375349,475.363849458819,13441.4370672419,14059.9628591642,14324.3115958784,56.8620116647986,55.6503389845697,46.8218358046715,-724.037471186066,-231.013607625299,1.49011611938477e-08,1.49011611938477e-08,1.93128970751493,0.893517454155191,1.49011611938477e-08,4.64635900197694,12,35
0.186,1000,35,625.941852726106,-11656.5900335563,625.941852726106,13669.7347598969,14261.5900986592,13906.3986221047,60.1175300477777,55.8796415375101,48.107151906541,-603.079833180714,-341.989787473438,1.49011611938477e-08,1.49011611938477e-08,1.95015088476307,1.34518934452729,1.49011611938477e-08,6.79854473895467,12,35
0.187,1000,35,600.458621144719,-2986.00487259533,600.458621144719,14033.5944201408,13989.9673842696,13788.6245748041,59.9212937305625,54.1548258128595,48.0399032219347,-420.971776343493,-360.54704115436,1.49011611938477e-08,1.49011611938477e-08,1.883939675681,1.72799646692847,0.828740187052702,6.91316877386034,12,35
0.188,1000,35,597.196340256563,-2408.97442638883,597.196340256563,14030.1900871123,13603.4522061504,14114.3003428985,59.3443137504734,50.5562332583292,47.201446693477,-292.197645298305,-223.65047974069,1.49011611938477e-08,1.49011611938477e-08,1.80711651200277,1.92231647720907,1.45684858904862,3.59939196089999,12,35
0.189,1000,35,585.51999181014,-929.950859520844,585.51999181014,13660.8972674829,13618.3906808945,14486.5239899415,58.8421121126364,45.7250110012074,45.1546111566557,-215.932170500229,-75.5143300056437,1.49011611938477e-08,1.49011611938477e-08,1.85635123547003,2.15892934202697,1.72225030194383,2.27199020463374,12,35
0.19,1000,35,540.505688534326,377.671364642109,540.505688534326,13323.1325789625,14004.757162159,14416.6318904054,58.6508119498949,41.049786066333,43.1034637885145,-239.208355703971,25.6073085435279,1.49011611938477e-08,1.49011611938477e-08,1.9289597639475,2.37412641296475,2.02155613649076,1.85863215371029,12,35
0.191,1000,35,504.666883573304,489.845586489628,504.666883573304,13460.3202253577,14251.9213060973,13973.7142111568,59.3893401925387,39.1381317688735,41.2395249904174,-399.150476017562,33.8195690166287,1.49011611938477e-08,1.49011611938477e-08,1.9544295399202,2.20607138731456,4.45672062625477,1.91605394142565,12,35
0.192,1000,35,476.37651439464,514.710571413152,476.37651439464,13932.1143270119,14037.1507820299,13732.0268968449,60.3479697465705,41.1634688169051,39.8468251019188,-621.922993925451,-127.967823028513,1.49011611938477e-08,1.49011611938477e-08,1.91136804253054,1.82829881092525,1.11817855448872,2.52824698372991,12,35
0.193,1000,35,444.302914229911,522.38720771586,444.302914229911,14152.190580318,13605.2386214391,14016.660314125,60.6984959070923,45.5991215082273,39.0947422414487,-716.372971294296,-402.099375095657,1.49011611938477e-08,1.49011611938477e-08,1.79855166666393,1.66694425895704,1.49011611938477e-08,2.71137784232022,12,35
0.194,1000,35,364.616033377767,526.610306163383,364.616033377767,13883.4333837978,13500.4710057724,14457.9420387873,60.1347161066645,50.2430722149302,38.6124215970133,-654.17925800151,-591.105021066697,1.49011611938477e-08,1.49011611938477e-08,1.81662627054225,1.6925620908191,1.49011611938477e-08,1.99325127516741,12,35
0.195,1000,35,296.43374342468,528.6867745848,296.43374342468,13492.5172213912,13854.3736591834,14508.9771581318,58.7427530276657,53.758249769138,38.2308265913529,-545.284848478394,-614.714754589247,1.49011611938477e-08,1.49011611938477e-08,1.90777200026796,1.71426278334438,1.49011611938477e-08,1.94514818778167,12,35
0.196,1000,35,255.70739261605,529.898399078363,255.70739261605,13498.2758903256,14207.4661633029,14111.9558004721,57.7346925102982,55.726822860274,38.8139432637485,-471.320768113433,-524.906563642247,1.49011611938477e-08,1.49011611938477e-08,1.94831751641145,1.55610035440172,1.49011611938477e-08,3.20787380422153,12,35
0.197,1000,35,199.023971418164,531.614687948115,199.023971418164,13912.752567014,14123.5351747715,13762.1221968114,57.8717113934194,56.3619936646248,40.9084501915,-427.210015703322,-374.928029354506,1.49011611938477e-08,1.49011611938477e-08,1.92271155386625,1.39945667433474,1.49011611938477e-08,17.8296088194014,12,35
0.198,1000,35,240.574274251636,530.383672477271,240.574274251636,14218.282695132,13706.0171476619,13904.454776879,58.1273223800083,55.8798506262978,43.9054282892847,-377.082054486454,-248.257063799347,1.49011611938477e-08,1.49011611938477e-08,1.80167611532659,1.53629208051225,0.776667150356839,8.03191843873162,12,35
0.199,1000,35,437.667239856935,523.218643023816,437.667239856935,14055.2131814865,13493.0914994464,14350.2065753316,56.7116426053491,54.2727320420617,46.6603016321442,-288.486862556379,-187.699255616197,1.49011611938477e-08,1.49011611938477e-08,1.7836585307825,2.02634414841562,1.49738303356648,5.49711316809242,12,35
0.2,1000,35,625.084175571456,-11099.8441397346,625.084175571456,13663.317483494,13767.9617000358,14550.0760378139,52.506913364052,51.876070759148,48.1145317077149,-203.147643495134,-168.692184703751,1.49011611938477e-08,1.49011611938477e-08,1.88171303862779,2.74950937945931,2.35151524743195,6.57362536137828,12,35
0.201,1000,35,612.683197337049,-5831.26429203795,612.683197337049,13563.6193260633,14168.2099952864,14294.7974928932,44.5521434797867,49.7390387635622,47.4445385887807,-202.218717144725,-141.503271917749,1.49011611938477e-08,1.49011611938477e-08,1.94659986138925,3.08093421214973,2.86483933024772,9.14068107773157,12,35
0.202,1000,35,571.734894599799,110.872651398907,571.734894599799,13884.981845967,14188.1389444487,13913.067403873,36.3853010889687,49.0079191247166,45.536828131229,-355.194067593386,-60.9924841594823,1.49011611938477e-08,1.49011611938477e-08,1.94847961298763,1.60048516076963,1.75986084443575,5.76555830474846,12,35
0.203,1000,35,434.053517619418,523.381113438557,434.053517619418,14215.5523703476,13794.8205601719,13920.0196855573,36.0779295668853,50.0005479918998,44.8208359416355,-609.715070790232,2.60264592304761,1.49011611938477e-08,1.49011611938477e-08,1.84178431097918,0.455416591176171,0.763467300305492,2.50945406824872,12,35
0.204,1000,35,323.554210723772,527.856814345697,323.554210723772,14150.6384145349,13475.1992195907,14333.4090480467,42.9346114954847,52.3157721601329,45.4466610001781,-778.812017585027,-34.2836428536602,1.49011611938477e-08,1.49011611938477e-08,1.77823837450502,1.49011611938477e-08,1.49011611938477e-08,2.22104129477935,12,35
0.205,1000,35,269.725632437024,529.499273151813,269.725632437024,13695.9046056076,13646.387189008,14555.094831952,51.1661266010437,54.6853829182373,46.7385721474144,-799.031019605251,-107.203021586848,1.49011611938477e-08,1.49011611938477e-08,1.86044749271563,0.464972292417174,1.49011611938477e-08,2.88852331618374,12,35
0.206,1000,35,458.936169382126,520.274027525945,458.936169382126,13453.0817143349,14087.472273207,14311.50770276,58.2462950288657,56.1911472274195,48.9406047598958,-751.450464926179,-199.315842555629,1.49011611938477e-08,1.49011611938477e-08,1.9336449659114,0.883473227455477,1.49011611938477e-08,4.22202814531302,12,35
0.207,1000,35,625.357191055471,-11277.5001419632,625.357191055471,13704.9833889495,14259.7043936783,13894.5305684812,61.2921114883641,56.2972234949163,50.2290253364952,-616.011573285966,-323.654753104748,1.49011611938477e-08,1.49011611938477e-08,1.9489421339441,1.35509176536848,1.49011611938477e-08,6.3787092368906,12,35
0.208,1000,35,601.230634067965,-3123.77673025927,601.230634067965,14056.69803874,13966.3963041248,13802.3765926131,60.9072362486897,54.4873783407211,50.2266690933663,-424.527733854116,-344.426126047887,1.49011611938477e-08,1.49011611938477e-08,1.8771260791855,1.76720524336861,0.823318734251207,6.54772430043332,12,35
0.209,1000,35,596.446909850468,513.976172646619,596.446909850468,14031.6654847156,13593.4684224923,14145.6648339831,60.1224774438742,50.8043165913508,49.5723942268384,-287.622236056055,-212.281212372525,1.49011611938477e-08,1.49011611938477e-08,1.80571292607653,2.00077889145002,1.46695068998601,3.64160660688642,12,35
0.21,1000,35,582.023538571885,348.592577270772,582.023538571885,13641.5565179256,13637.0745484504,14496.0044615134,59.5348183581986,45.9732052447711,47.7786548587483,-209.782103574915,-68.8647304420835,1.49011611938477e-08,1.49011611938477e-08,1.861371567152,2.2739506671992,1.71635443611113,2.41914914163448,12,35
0.211,1000,35,524.571367418709,445.186408344283,524.571367418709,13313.4302544137,14031.2471132656,14386.4139089216,59.5718622111563,41.4335960435101,45.5002966756277,-241.047096902027,26.5660216141093,1.49011611938477e-08,1.49011611938477e-08,1.93137432169706,2.46781252130513,2.07907542236383,1.98359203370649,12,35
0.212,1000,35,483.330429689033,511.264020733793,483.330429689033,13477.9505045293,14255.3469072553,13937.4431739056,60.5779358399885,39.8265423210971,43.2433962685685,-419.343060984158,26.3096211043489,1.49011611938477e-08,1.49011611938477e-08,1.95451150541479,2.25625375384493,4.47591294356474,2.04676418698389,12,35
0.213,1000,35,473.375086765782,515.692710495829,473.375086765782,13947.321637102,14014.6290430186,13722.9508280542,61.7260360699568,42.2486098264123,41.4447954810556,-645.597949621013,-150.764821290158,1.49011611938477e-08,1.49011611938477e-08,1.90565064549394,1.8592312309438,0.974940590426218,2.63189592356818,12,35
0.214,1000,35,459.206811728522,519.995254895011,459.206811728522,14138.5979155611,13586.1879316952,14032.1361631453,62.1635917923061,46.9097361820102,40.234350890134,-734.076415921244,-428.039290199898,1.49011611938477e-08,1.49011611938477e-08,1.79652685041628,1.68592564194205,1.49011611938477e-08,2.61678287985884,12,35
0.215,1000,35,418.89549199873,524.470010422343,418.89549199873,13851.9024965563,13510.0883272148,14467.537790325,61.5726325932713,51.5975141115338,39.2820819325314,-665.696707558198,-611.044715062673,1.49011611938477e-08,1.49011611938477e-08,1.82277520801227,1.70290739780072,1.49011611938477e-08,1.90691402076313,12,35
0.216,1000,35,352.063206329411,526.999316945095,352.063206329411,13472.5334014996,13879.4310070216,14496.3521516696,60.085927006001,55.0508429657264,38.5750622482682,-559.350827091707,-629.920074230071,1.49011611938477e-08,1.49011611938477e-08,1.91240894100333,1.70997302824276,1.49011611938477e-08,1.88509057291547,12,35
0.217,1000,35,278.096748624196,529.242540750417,278.096748624196,13506.4747747887,14214.9842319944,14089.924245008,59.0581715052643,56.9257029659711,39.1445410495145,-480.907184041347,-524.878443362863,1.49011611938477e-08,1.49011611938477e-08,1.94971583770226,1.52586623398325,1.49011611938477e-08,3.2797435205202,12,35
0.218,1000,35,228.199095763839,530.725991440701,228.199095763839,13926.9897245618,14100.8350349276,13760.4153063614,59.3313493993859,57.4128668464467,41.4405206776098,-442.993836779844,-358.759810841026,1.49011611938477e-08,1.49011611938477e-08,1.91928912057921,1.34907175322649,1.49011611938477e-08,31.5450354973658,12,35
0.219,1000,35,269.201004943638,529.527878595596,269.201004943638,14211.0955141147,13677.2733009847,13931.8616870287,59.8639458863763,56.7633391554009,44.7086717487148,-401.853304142752,-223.549578098536,1.49011611938477e-08,1.49011611938477e-08,1.79829894964648,1.4742618284893,0.792742402272824,6.28989299773959,12,35
0.22,1000,35,469.422505825973,517.78282556095,469.422505825973,14030.1587500014,13489.6662449852,14378.9977555687,58.6778361756312,55.0456366133447,47.7095976708263,-317.376381566798,-163.686370687811,1.49011611938477e-08,1.49011611938477e-08,1.78890283535328,1.9485438003757,1.51868112627862,4.64309302296692,12,35
0.221,1000,35,626.137645017824,533.726150863696,626.137645017824,13641.9492636172,13785.4506344567,14557.1228939051,54.5518347644387,52.6301387529734,49.2073509902146,-237.133597344325,-147.766770881314,1.49011611938477e-08,1.49011611938477e-08,1.88778064346205,2.63540698722964,2.36178884245669,5.54631621485612,12,35
0.222,1000,35,613.154839133583,527.153656892421,613.154839133583,13567.2247457535,14176.8749372628,14281.3134929415,46.8581056277986,50.5525600418105,48.5242866639329,-239.971148479739,-119.221869687549,1.49011611938477e-08,1.49011611938477e-08,1.94891326574979,2.85141225593669,2.76103494194638,7.18309064196704,12,35
0.223,1000,35,571.064729828212,148.142455096313,571.064729828212,13902.670052385,14167.5443007247,13911.9445548655,39.1258846143474,49.8594444316166,46.6222294718111,-401.481683752393,-37.8269944033233,1.49011611938477e-08,1.49011611938477e-08,1.94668713673602,1.48863602159789,1.67037075187115,4.52719749938944,12,35
0.224,1000,35,424.687718031636,524.08944573364,424.687718031636,14216.8508827375,13763.822850887,13945.6412220241,38.7878230101586,50.7910965314975,45.9153826547337,-657.284017026454,24.1088206141282,1.49011611938477e-08,1.49011611938477e-08,1.83737379290021,0.438694934950674,0.734863919927797,2.18193994483258,12,35
0.225,1000,35,321.830084457167,527.936126620882,321.830084457167,14124.3979533961,13464.536498929,14365.6928296997,45.2873138134145,52.8761583335957,46.6599712303487,-818.95529481125,-11.6543948127098,1.49011611938477e-08,1.49011611938477e-08,1.78253808110552,1.49011611938477e-08,1.49011611938477e-08,1.97818617185998,12,35
0.226,1000,35,248.930966594941,530.121686961237,248.930966594941,13662.8438799499,13661.4059059379,14560.2896326781,53.1559716952258,54.941646811755,48.1833214055012,-837.311886261276,-78.6607793675705,1.49011611938477e-08,1.49011611938477e-08,1.86775901647154,0.443624398044669,1.49011611938477e-08,2.55773657570149,12,35
0.227,1000,35,483.926823526514,511.7922041703,483.926823526514,13447.1636631527,14101.8872452035,14294.1605718946,59.8385669858014,56.1916125870045,50.534750180866,-788.321128710598,-179.149936928642,1.49011611938477e-08,1.49011611938477e-08,1.93660595830994,0.855166909957055,1.49011611938477e-08,3.71839150437025,12,35
0.228,1000,35,625.725734900121,533.549212940262,625.725734900121,13720.714282799,14250.8462349183,13884.3096049529,62.4507401180635,56.0478868549248,51.8362741953444,-651.126222900899,-307.843023014936,1.49011611938477e-08,1.49011611938477e-08,1.94879907243632,1.30796275192947,1.49011611938477e-08,5.53520203754709,12,35
0.229,1000,35,598.741726066043,519.663004803364,598.741726066043,14063.035057654,13939.7289702799,13818.1991416502,61.7862336059309,53.938090182762,51.860523482454,-457.783553091588,-328.803635860483,1.49011611938477e-08,1.49011611938477e-08,1.87298284502445,1.70460576593405,0.87748132745317,5.70004324101189,12,35
0.23,1000,35,596.524634795007,514.112554747311,596.524634795007,14015.6203088907,13578.2947002173,14179.0012751274,60.8255880451637,49.9047807380782,51.2812196571286,-316.477839689304,-201.734065904201,1.49011611938477e-08,1.49011611938477e-08,1.80734310264046,1.94877027866455,1.52989731678838,3.46075612500687,12,35
0.231,1000,35,579.376439220784,275.522313590818,579.376439220784,13610.9706559931,13650.696722216,14510.5810114438,60.069808460623,44.6730132729411,49.6951254492981,-237.147297932507,-69.4250521835841,1.49011611938477e-08,1.49011611938477e-08,1.86777856188692,2.23581371857309,1.81316214456285,2.43209463893937,12,35
0.232,1000,35,532.362234854846,416.392251711043,532.362234854846,13299.504037702,14051.3047910378,14367.8874124847,60.0327760960225,39.781873332802,47.6096673087823,-270.606257102779,29.4082329080579,1.49011611938477e-08,1.49011611938477e-08,1.93399575360686,2.41443007867318,2.25074705617941,2.04585917394387,12,35
0.233,1000,35,504.226751481267,491.345666450891,504.226751481267,13494.1307424629,14254.3272605682,13911.693677889,60.967830307722,37.801125711837,45.3151340283239,-451.199862502772,21.1320978832028,1.49011611938477e-08,1.49011611938477e-08,1.95482706825411,2.19541533554258,3.9153048982298,2.12300376547911,12,35
0.234,1000,35,483.372587345663,511.164291499689,483.372587345663,13965.1390476421,13992.0816627143,13725.2466072841,61.9420733338783,40.0569430708007,43.2631266835751,-663.641067999893,-171.038179522168,1.49011611938477e-08,1.49011611938477e-08,1.89955754743359,1.85619871468398,0.859109316270844,2.71408532883558,12,35
0.235,1000,35,463.819377003572,518.908451610286,463.819377003572,14130.8290798836,13572.7312574008,14057.1524694552,62.0810635452386,44.7027068942914,41.7312612320171,-726.756829777029,-451.284200760446,1.49011611938477e-08,1.49011611938477e-08,1.79460067110441,1.74475906637725,1.49011611938477e-08,2.61631468205903,12,35
0.236,1000,35,425.0785540573,524.089105559455,425.0785540573,13826.5050027252,13525.749786189,14482.7639488036,61.0716134379319,49.2819469353181,40.4339583136913,-646.959445931405,-619.908181680216,1.49011611938477e-08,1.49011611938477e-08,1.8285921981659,1.81153957394259,1.49011611938477e-08,1.90185021932767,12,35
0.237,1000,35,363.77197201561,526.63030193728,363.77197201561,13458.8310062289,13907.989137045,14481.4176031494,59.2142638457838,52.5267937324012,39.4577200364925,-532.881328438448,-631.588230991077,1.49011611938477e-08,1.49011611938477e-08,1.91652194614049,1.83976218205015,1.49011611938477e-08,1.90732158411564,12,35
0.238,1000,35,280.949390021667,529.13833964926,280.949390021667,13520.9817401125,14224.0424737514,14061.6100466432,58.1197837469126,54.1752163542763,39.9499540247319,-463.558520769316,-516.084631332188,1.49011611938477e-08,1.49011611938477e-08,1.95082122538867,1.63698814235681,1.49011611938477e-08,3.39870575305011,12,35
0.239,1000,35,205.656186464718,531.412624899238,205.656186464718,13948.8745581099,14081.688486329,13753.3250822514,58.5634436066196,54.4558559579584,42.157945445793,-440.31347064816,-345.755326495674,1.49011611938477e-08,1.49011611938477e-08,1.91463633702147,1.41868854534358,1.49011611938477e-08,41.3505421135497,12,35
0.24,1000,35,250.900320964728,530.082978751618,250.900320964728,14208.4816667701,13655.5392087589,13951.570272757,59.414193409824,53.6518210257849,45.4150791757159,-412.276653588887,-213.905293985213,1.49011611938477e-08,1.49011611938477e-08,1.79429977425311,1.51194253962001,0.803911466445541,6.21082208292403,12,35
0.241,1000,35,476.27399784116,515.226984870959,476.27399784116,14006.2229518506,13492.4825644665,14399.7249253076,58.5256044530872,51.9264377486547,48.4001466436093,-339.368386912832,-164.568592821166,1.49011611938477e-08,1.49011611938477e-08,1.79331755668372,1.96329059660942,1.48852840116949,4.78227241820922,12,35
0.242,1000,35,626.923840104657,534.362984667239,626.923840104657,13624.2142133712,13807.9410532331,14552.8200252003,54.4886513641061,49.5722662845944,49.7525209224069,-257.552638215661,-153.655436800802,1.49011611938477e-08,1.49011611938477e-08,1.8930008698129,2.61628287792478,2.24474845426779,5.90285437153033,12,35
0.243,1000,35,613.395994818767,527.241311684695,613.395994818767,13576.1537581202,14186.8407420225,14258.3573478682,46.8811495816324,47.6423710869059,48.8409132750029,-264.787873688915,-125.618561929259,1.49011611938477e-08,1.49011611938477e-08,1.95082453362901,2.7366297392063,2.45562131005473,7.70862251778088,12,35
0.244,1000,35,571.566849750341,113.832195482113,571.566849750341,13924.9829822024,14149.3289169059,13900.4428167702,39.4516907135845,47.1171282080446,46.7869197478059,-427.717745453797,-42.6807999073118,1.49011611938477e-08,1.49011611938477e-08,1.94353207454062,1.40969467619764,1.48616633452278,4.6003865163232,12,35
0.245,1000,35,427.430831160106,523.860434515767,427.430831160106,14222.0518514115,13735.1389155263,13963.7323938295,39.4290537706475,48.205455768415,46.05884263264,-674.075055996732,17.4878066667513,1.49011611938477e-08,1.49011611938477e-08,1.83074870399429,0.435525749449969,0.655145253715088,2.19819787191415,12,35
0.246,1000,35,299.337159665503,528.612283412987,299.337159665503,14103.1524512529,13459.2767028029,14387.2760614803,45.894879045739,50.2958739599157,46.9030666549857,-816.775626879068,-12.1092630454109,1.49011611938477e-08,1.49011611938477e-08,1.78504003786124,0.168269432429654,1.49011611938477e-08,1.9982841403636,12,35
0.247,1000,35,263.511882778614,529.686611410706,263.511882778614,13637.7874815396,13682.640272184,14557.4207824174,53.552701583242,52.2509365723544,48.6324682272544,-832.327208122806,-77.6504728758116,1.49011611938477e-08,1.49011611938477e-08,1.87357563921935,0.515397773023947,1.49011611938477e-08,2.56541067011396,12,35
0.248,1000,35,488.98109832764,508.596711168291,488.98109832764,13449.675298569,14120.2139329745,14269.1760102652,59.9161439433677,53.4152788815445,51.027152595962,-781.291155533655,-179.883389762518,1.49011611938477e-08,1.49011611938477e-08,1.93884451077067,0.918185854817227,1.49011611938477e-08,3.73372180680486,12,35
0.249,1000,35,624.803936580058,-10984.1430755489,624.803936580058,13743.1637060721,14236.938075318,13863.5937737582,62.3459894343261,53.285713155846,52.3059910769606,-646.089212595265,-308.830819019849,1.49011611938477e-08,1.49011611938477e-08,1.94722891794975,1.37034679805439,0.13692579694431,5.52502680583231,12,35
0.25,1000,35,597.1559480406,-2448.11224298655,597.1559480406,14070.5237087671,13908.4347265575,13824.8705981522,61.7060363500188,51.2762596542306,52.3320579992084,-463.697509021194,-325.819032992706,1.49011611938477e-08,1.49011611938477e-08,1.86696060153791,1.7505245202406,0.880227515000908,5.66207885094182,12,35
0.251,1000,35,597.626012255426,-2463.37829050691,597.626012255426,13999.4299981001,13564.1353867627,14201.5792092596,60.8620942478452,47.2724657320264,51.7452022885789,-338.880690144003,-207.528317859978,1.49011611938477e-08,1.49011611938477e-08,1.80816557049696,1.97424406863879,1.5348389242316,3.51384158785439,12,35
0.252,1000,35,579.66875972194,-236.659473058925,579.66875972194,13582.0924991122,13664.9193534977,14511.9187756378,60.2122321281302,42.0701765763075,50.1725870637167,-262.885779036379,-73.3074197447453,1.49011611938477e-08,1.49011611938477e-08,1.87325095062025,2.23848012580201,1.91067580210255,2.50665860502826,12,35
0.253,1000,35,521.929624416804,452.721385271929,521.929624416804,13290.716250196,14071.1225832256,14344.0480067485,60.3019292951807,37.3030097946321,48.1075321368492,-305.295563046995,19.9268605989354,1.49011611938477e-08,1.49011611938477e-08,1.93610530567128,2.37483805481252,2.52163511654856,2.12360682053767,12,35
0.254,1000,35,490.458293253279,506.01373588782,490.458293253279,13510.3486609466,14249.6363774653,13885.7014357975,61.3196085042387,35.6670798000357,45.8048381631524,-488.093303290665,2.7763539646376,1.49011611938477e-08,1.49011611938477e-08,1.95482437419463,2.13669189741635,3.03001141443692,2.2041160934209,12,35
0.255,1000,35,484.015580004055,510.801564390511,484.015580004055,13978.2013971458,13965.8874687544,13727.4273999099,62.3106231720629,38.4955858262457,43.6794963283351,-689.351956435362,-196.234272794912,1.49011611938477e-08,1.49011611938477e-08,1.89370506677049,1.82255973977815,0.725387425052256,2.76632095454994,12,35
0.256,1000,35,478.36350321201,513.736608198953,478.36350321201,14118.6196561948,13555.345460952,14081.5248857026,62.3108794369611,43.5214065675886,42.0185052151443,-734.465822402193,-457.105578612596,1.49011611938477e-08,1.49011611938477e-08,1.79332628296721,1.73911796254948,1.49011611938477e-08,2.6075096226473,12,35
0.257,1000,35,447.683957127907,521.938765076261,447.683957127907,13798.0733953681,13537.9280781706,14496.872515217,61.0017177066574,48.2336458822733,40.5370219853742,-639.845585868416,-624.19044012105,1.49011611938477e-08,1.49011611938477e-08,1.83462821380087,1.82287755644248,1.49011611938477e-08,1.92378201142999,12,35
0.258,1000,35,391.172456240277,525.724593023852,391.172456240277,13443.6098081127,13931.6178118608,14467.8441942979,58.8765760948901,51.4409277992025,39.4157899343284,-524.499316150629,-623.992808756635,1.49011611938477e-08,1.49011611938477e-08,1.92035334347068,1.84238209974085,1.49011611938477e-08,1.97726864425016,12,35
0.259,1000,35,299.015686258002,528.611582297186,299.015686258002,13533.561339809,14227.3931821616,14039.2721424724,57.7147501939132,52.9959882058354,39.9014706584663,-461.465523741351,-498.934401096488,1.49011611938477e-08,1.49011611938477e-08,1.95178016665992,1.61186854137039,1.49011611938477e-08,3.71999266265064,12,35
0.26,1000,35,225.261392893192,530.818471413056,225.261392893192,13964.6488507864,14055.8675974942,13754.0109583104,58.2931406077243,53.1811000663113,42.1408459732067,-450.340232097488,-325.119327738903,1.49011611938477e-08,1.49011611938477e-08,1.90984808501284,1.37310372659094,0.140796748354962,466.172972003596,12,35
0.261,1000,35,277.131785960255,529.298756783694,277.131785960255,14200.7717707675,13628.7843252847,13979.4050447119,59.4160629174779,52.3206708691392,45.4211353600512,-435.27747997061,-203.180634107788,1.49011611938477e-08,1.49011611938477e-08,1.79092125050197,1.45648907222734,0.833844092529971,5.50370554595358,12,35
0.262,1000,35,507.588251125107,488.10906768008,507.588251125107,13977.9986172406,13492.6523115305,14425.6741716928,58.7369748708645,50.5892450086503,48.3642660621735,-363.765680745502,-155.94840458502,1.49011611938477e-08,1.49011611938477e-08,1.79871542396647,1.88586288088866,1.48398158632714,4.47535993719125,12,35
0.263,1000,35,626.461421101996,-11952.7536950059,626.461421101996,13604.3972271987,13826.9161757786,14555.2264463657,54.7198147115498,48.3709862115156,49.4786803193639,-284.545094153608,-149.288544074737,1.49011611938477e-08,1.49011611938477e-08,1.89824462505679,2.48129810222341,2.16050037830632,5.61105827533667,12,35
0.264,1000,35,612.184828426865,-5680.60722054288,612.184828426865,13582.3644639444,14192.4297612407,14242.5113270089,47.3561514921868,46.6552506763408,48.32194261091,-297.617964510845,-118.645995489154,1.49011611938477e-08,1.49011611938477e-08,1.95255758986941,2.49578327050109,2.25196672256999,6.98418986644516,12,35
0.265,1000,35,566.223013833764,184.118842766238,566.223013833764,13942.22844994,14125.1382473072,13898.4983082609,40.4464074898659,46.2614904923987,46.1668056099045,-465.404573496499,-31.8208588889123,1.49011611938477e-08,1.49011611938477e-08,1.94018390156804,1.27313406754516,1.38097864519801,3.96085973637041,12,35
0.266,1000,35,404.757762878381,525.156450810739,404.757762878381,14220.7270944811,13703.3997708189,13988.6477166137,40.8770704555507,47.3902911920656,45.5150022196226,-695.714023412113,27.2959367581336,1.49011611938477e-08,1.49011611938477e-08,1.82532836379782,0.379119794079515,0.62900119748038,1.97276423592589,12,35
0.267,1000,35,279.313453967041,529.186715834576,279.313453967041,14077.5180131277,13450.730174463,14415.5967924621,47.3414314022868,49.4024963689095,46.5359706767669,-837.424562410067,-0.714982916556634,1.49011611938477e-08,1.49011611938477e-08,1.78865552715006,0.149317611681963,1.49011611938477e-08,1.84569266472486,12,35
0.268,1000,35,239.518456863121,530.43060595311,239.518456863121,13610.3157892656,13698.0488098919,14557.2910812107,54.7624257314058,51.1511756892962,48.5585815622999,-847.842018182244,-62.8961039589704,1.49011611938477e-08,1.49011611938477e-08,1.87955790683697,0.511919346514561,1.49011611938477e-08,2.38048505823435,12,35
0.269,1000,35,509.638215793156,485.08345998107,509.638215793156,13450.9052133915,14132.1143071613,14248.14176673,60.9017192174807,52.1813300045536,51.1498423158799,-795.380848174912,-169.566683417689,1.49011611938477e-08,1.49011611938477e-08,1.94112169030796,0.915432983206251,1.49011611938477e-08,3.49111725356182,12,35
0.27,1000,35,624.776405982216,-10981.323718804,624.776405982216,13762.4750819352,14222.7870019701,13851.7279896382,63.0895971735581,51.957022662372,52.4820635755206,-660.595525042825,-302.700411206095,1.49011611938477e-08,1.49011611938477e-08,1.94605719408335,1.35921527418356,0.2617271798272,5.17391926147359,12,35
0.271,1000,35,595.323172935141,-2178.18215910213,595.323172935141,14076.2238144622,13879.4839785707,13838.7834009964,62.3336039859329,49.8467917731243,52.5381318765424,-489.419563990963,-323.841558028946,1.49011611938477e-08,1.49011611938477e-08,1.86194743082658,1.72876933827571,0.912662898012005,5.36130259659096,12,35
0.272,1000,35,597.248544658989,-2406.47424478316,597.248544658989,13982.2107207643,13550.0837627114,14228.6544714,61.4242752859032,45.7220768632924,52.0021152163475,-357.027247918094,-208.122992713387,1.49011611938477e-08,1.49011611938477e-08,1.80960193597089,1.95788486917315,1.56363355616199,3.51464291361813,12,35
0.273,1000,35,576.460193671566,17.6033902164866,576.460193671566,13554.0180280346,13678.9320646131,14517.6823673587,60.7259001771396,40.3555156176403,50.5500875657829,-283.190961242824,-78.8310737223776,1.49011611938477e-08,1.49011611938477e-08,1.8786193913353,2.22371741692282,2.00263074852114,2.58297893177648,12,35
0.274,1000,35,528.281210354754,431.826743994236,528.281210354754,13285.0742200787,14089.2466164901,14319.7866632112,60.8030124107287,35.4099764457268,48.6003220003515,-330.911936648218,10.4256661841541,1.49011611938477e-08,1.49011611938477e-08,1.93796728389031,2.34136455561482,2.70656378321504,2.21283927155646,12,35
0.275,1000,35,507.85214320852,485.075986907668,507.85214320852,13534.4877087597,14245.3401601187,13861.9696266522,61.7351704415121,33.599296378218,46.3443691194986,-511.924206695912,-14.7402243195069,1.49011611938477e-08,1.49011611938477e-08,1.95454511267505,2.10263883723151,2.53178745427653,2.30146176747479,12,35
0.276,1000,35,499.438290471753,497.445449044102,499.438290471753,13997.3390731346,13940.8444074116,13734.6011361382,62.5504564876387,36.497093638631,44.2124930245987,-690.362444749636,-208.721545499345,1.49011611938477e-08,1.49011611938477e-08,1.88673591343116,1.82803876453556,0.630317752806005,2.86148678051155,12,35
0.277,1000,35,482.76942900816,511.396549883464,482.76942900816,14110.77027209,13542.6375943848,14108.4181956173,62.2904634347887,41.6519584700807,42.5705173652791,-719.673293761837,-477.128430280221,1.49011611938477e-08,1.49011611938477e-08,1.791736652194,1.785307788302,1.49011611938477e-08,2.61769538977585,12,35
0.278,1000,35,443.665105468954,522.445801437867,443.665105468954,13773.601691245,13554.6901457219,14509.5901653769,60.6500116639461,46.3279961072911,41.0789419500127,-612.708463510833,-629.515166692174,1.49011611938477e-08,1.49011611938477e-08,1.84010680914988,1.8988220578612,1.49011611938477e-08,1.94968149670537,12,35
0.279,1000,35,377.078710750058,526.194927369272,377.078710750058,13432.7960986834,13958.7562999435,14449.6045784113,58.3459367031541,49.4061683259362,40.022265870276,-499.386286778653,-616.839236281487,1.49011611938477e-08,1.49011611938477e-08,1.92363926457838,1.92382367339881,1.49011611938477e-08,2.06124874719058,12,35
0.28,1000,35,281.665467660813,529.1148946083,281.665467660813,13551.4488650834,14232.5208036445,14011.3423284829,57.2413336589892,50.8251764107079,40.5957106103054,-444.861765633589,-485.943826047408,1.49011611938477e-08,1.49011611938477e-08,1.95232408810673,1.68002245334368,1.49011611938477e-08,3.99676793556116,12,35
0.281,1000,35,211.804459334096,531.226192350199,211.804459334096,13986.6666184491,14034.7107406157,13749.9802925465,57.9529920037638,50.8890216874425,42.7559417158487,-442.626126637884,-324.465567049552,1.49011611938477e-08,1.49011611938477e-08,1.9037226247236,1.42958263651584,0.26792865608745,148.250805237845,12,35
0.282,1000,35,277.3598610928,529.2918214092,277.3598610928,14197.5551634516,13608.3924765741,14000.5898792483,59.1636159100543,49.9679372825847,45.8618445598966,-431.271171244629,-205.918203651949,1.49011611938477e-08,1.49011611938477e-08,1.78648953290168,1.5138876551206,0.865197852949433,5.82598736434126,12,35
0.283,1000,35,514.086146763613,475.605986432602,514.086146763613,13956.8954280801,13499.8885549096,14443.0157477092,58.3878115909141,48.2260775260598,48.5519085074442,-358.592882117165,-168.706485709285,1.49011611938477e-08,1.49011611938477e-08,1.80308748664513,1.95459353064621,1.48137175951192,4.96669729703298,12,35
0.284,1000,35,624.111410962547,-10639.1909604121,624.111410962547,13590.9287773272,13850.7929278655,14547.2881556769,54.1682699116205,46.1084156488498,49.3046037586337,-281.385879421156,-165.666228925149,1.49011611938477e-08,1.49011611938477e-08,1.90259613151983,2.54822315726447,2.0864094682456,6.5496615836661,12,35
0.285,1000,35,610.34131662902,-5148.63257466502,610.34131662902,13595.3549267814,14199.7937812828,14218.1765430953,46.719806848456,44.5760401018952,47.7753803016946,-300.713601810204,-130.65541471556,1.49011611938477e-08,1.49011611938477e-08,1.95381929524126,2.48578121484453,2.09015240533256,8.28689369511747,12,35
0.286,1000,35,558.943646708057,248.272638829178,558.943646708057,13964.9365159292,14105.0225329711,13889.7214078338,40.0143399396357,44.3653193350206,45.385833451717,-462.352848489986,-41.759689265274,1.49011611938477e-08,1.49011611938477e-08,1.93554994257122,1.21322537965047,1.28076684221243,4.10356815541766,12,35
0.287,1000,35,398.502883713005,525.416880527752,398.502883713005,14225.1544465691,13677.1376819903,14008.4513726633,40.9122808748012,45.6354604011494,44.7411445562168,-700.629530257879,25.1325463505927,1.49011611938477e-08,1.49011611938477e-08,1.81846656783556,0.341396259203577,0.585542705143545,1.96772415831192,12,35
0.288,1000,35,265.308359432734,529.606574070028,265.308359432734,14058.1013539816,13449.9420927855,14436.7112037361,47.5580967037853,47.6000470656691,45.968583051668,-830.679791984786,1.08064758994256,1.49011611938477e-08,1.49011611938477e-08,1.7911373318034,0.181692715012041,1.49011611938477e-08,1.84293434442146,12,35
0.289,1000,35,259.803772577192,529.811778890955,259.803772577192,13591.232935369,13721.844597608,14552.588994216,54.9403399608694,49.217576948699,48.2889663568298,-837.542733832887,-58.0462438859638,1.49011611938477e-08,1.49011611938477e-08,1.88449913795457,0.542543083068719,1.49011611938477e-08,2.3705828987394,12,35
0.29,1000,35,523.895355049952,452.336911602914,523.895355049952,13460.4913502316,14148.2943112594,14222.9261265081,60.8855460087549,50.1643522583963,50.9891311798745,-783.492808958046,-168.789333650486,1.49011611938477e-08,1.49011611938477e-08,1.9428621383728,0.949981260249724,1.49011611938477e-08,3.50478068193656,12,35
0.291,1000,35,624.120270454325,-10611.6537380571,624.120270454325,13788.6061516226,14206.0220087949,13835.0329269738,62.9289821762025,49.9817617560796,52.3034654714342,-659.153295466873,-297.793512307521,1.49011611938477e-08,1.49011611938477e-08,1.94343618051516,1.39418950251526,0.306154953268084,5.21093275235103,12,35
0.292,1000,35,593.603064150502,508.089647266938,593.603064150502,14084.3681047564,13849.4643983002,13850.447892917,62.2236129208142,48.0081872746806,52.356787971966,-489.858109920188,-319.740444840235,1.49011611938477e-08,1.49011611938477e-08,1.85561102435468,1.74778558876795,0.91946696128327,5.36619484315239,12,35
0.293,1000,35,597.574612558411,516.737429571543,597.574612558411,13966.9763687098,13540.7633496939,14252.9441556316,61.4141049276636,43.9042384038357,51.7879482783318,-366.146087729549,-204.810068541032,1.49011611938477e-08,1.49011611938477e-08,1.8108447401291,1.96522133756682,1.5681889977227,3.55231414202861,12,35
0.294,1000,35,575.267592430294,124.0437869701,575.267592430294,13530.5948859902,13697.1116741424,14518.6009823261,60.7978976517676,38.5542614821489,50.3201908177248,-300.664239801041,-79.3502570783392,1.49011611938477e-08,1.49011611938477e-08,1.88348483440745,2.21507468379048,2.06639243061159,2.63238439481146,12,35
0.295,1000,35,517.895825470924,464.666922405005,517.895825470924,13285.1437631978,14108.0928653944,14297.6420245004,60.9820928683416,33.6872393446966,48.3767779673028,-356.398174092678,5.92723265135312,1.49011611938477e-08,1.49011611938477e-08,1.93957068447936,2.29943027633742,2.83795301200018,2.26085285402435,12,35
0.296,1000,35,495.312086838028,501.651247446162,495.312086838028,13557.1961827429,14236.5815922847,13842.0755453612,61.9888662941301,32.1377547516278,46.1112412244322,-529.192186893181,-20.1863414221562,1.49011611938477e-08,1.49011611938477e-08,1.95392837174606,2.04189054334999,2.10387304494208,2.3480717352691,12,35
0.297,1000,35,502.612976924131,493.497809561471,502.612976924131,14013.6018618238,13915.0195208451,13745.4042066621,62.8450699813932,35.430708165254,43.9544401453614,-710.653688006749,-221.624456289642,1.49011611938477e-08,1.49011611938477e-08,1.88038502836396,1.77339672598821,0.523553132558451,2.88912595759551,12,35
0.298,1000,35,499.264560557766,497.445642882587,499.264560557766,14099.8296581209,13529.7866071527,14137.5275090638,62.5320569332655,40.7665042185529,42.2985115001137,-726.217781843557,-478.389458307882,1.49011611938477e-08,1.49011611938477e-08,1.79164716670413,1.73734971122471,1.49011611938477e-08,2.67158220820864,12,35
0.299,1000,35,467.924500532331,517.698652664673,467.924500532331,13747.7811483582,13570.9852404703,14524.5043756715,60.7787287330752,45.4436951927356,40.8202746421681,-613.366647170058,-614.991850135796,1.49011611938477e-08,1.49011611938477e-08,1.84635682437381,1.8442103436792,1.49011611938477e-08,2.05768274237796,12,35
0.3,1000,35,404.929893712158,525.147703716622,404.929893712158,13423.6662964683,13983.0317235141,14436.967993685,58.472697717025,48.4271375339442,39.8856217921629,-503.477188083034,-591.054261841391,1.49011611938477e-08,1.49011611938477e-08,1.92698970982574,1.84487569741473,1.49011611938477e-08,2.27089241512542,12,35
0.301,1000,35,307.482640317102,528.354390597722,307.482640317102,13568.9302063268,14233.9105430602,13993.411134882,57.5101066338381,49.7217561174378,40.6545481995595,-457.751886984923,-462.454537534448,1.49011611938477e-08,1.49011611938477e-08,1.95292306303699,1.58739419885852,1.49011611938477e-08,4.86515773691068,12,35
0.302,1000,35,234.412129483885,530.555823695471,234.412129483885,14003.7634104197,14008.9717626663,13757.7612458402,58.416145995346,49.681157664657,42.9509159103263,-463.782205949499,-295.142687541587,1.49011611938477e-08,1.49011611938477e-08,1.89830849191332,1.3574237335084,0.332934204113016,22.7667191555738,12,35
0.303,1000,35,303.913106519275,528.485596803618,303.913106519275,14190.8412827236,13586.5728584265,14033.2744046248,59.7755797566982,48.7039619313895,46.0937077818013,-456.533878432571,-186.927392122093,1.49011611938477e-08,1.49011611938477e-08,1.78426304678061,1.45875860924631,0.887353397792715,5.05087787895028,12,35
0.304,1000,35,555.697078166451,285.932313224652,555.697078166451,13930.1804178044,13505.7724798473,14471.6744889405,58.9903394994548,46.9803158315664,48.6077841355899,-382.191151972901,-159.155910451623,1.49011611938477e-08,1.49011611938477e-08,1.80905260816338,1.89054324970637,1.47327477184229,4.61386696772887,12,35
0.305,1000,35,625.082210734862,-11137.0853272755,625.082210734862,13574.7289470584,13872.6549503789,14549.7599781903,54.6527538988838,44.9855693986486,49.0021214255882,-305.850401658789,-158.441975070425,1.49011611938477e-08,1.49011611938477e-08,1.90751498455652,2.43230089898245,2.01182395039355,6.12245700297117,12,35
0.306,1000,35,608.628980305267,-4696.25848558401,608.628980305267,13605.6640927821,14204.839019429,14205.484253365,47.329709384186,43.6249220379623,47.1339861878931,-325.693831656993,-121.557620906041,1.49011611938477e-08,1.49011611938477e-08,1.95532442355775,2.28185281196107,1.95635084895803,7.12707839018639,12,35
0.307,1000,35,553.095984146398,295.39041309176,553.095984146398,13983.1005399083,14080.6462173685,13893.4240323381,41.0696633851979,43.5069153137821,44.6213132199578,-497.366347473772,-23.2537057923765,1.49011611938477e-08,1.49011611938477e-08,1.93143930004649,1.09790656429112,1.21270368062019,3.43228278919928,12,35
0.308,1000,35,381.907473813958,526.029839616551,381.907473813958,14222.0406007583,13648.627235757,14038.2841848067,42.3856981459736,44.7898389319006,44.0931451137501,-731.264210791757,44.0402372455953,1.49011611938477e-08,1.49011611938477e-08,1.81383129250679,0.276919509770922,0.573159571863938,1.7333835977451,12,35
0.309,1000,35,244.424164928085,530.23573483963,244.424164928085,14033.1472370617,13447.1261973745,14466.0799523409,48.9383302756384,46.6524924609748,45.5176590450948,-849.230472915413,20.0139875470131,1.49011611938477e-08,1.49011611938477e-08,1.79551742612859,0.148879587808881,1.49011611938477e-08,1.6778005344007,12,35
0.31,1000,35,283.227131258712,529.123206792408,283.227131258712,13568.6631703809,13742.0619422603,14553.8314347316,56.0971450246418,48.1100430687257,48.1016387970629,-852.014692573419,-37.5667172256054,1.49011611938477e-08,1.49011611938477e-08,1.89003498468415,0.531927523323902,1.49011611938477e-08,2.1752212380319,12,35
0.311,1000,35,562.534102938411,226.567751332273,562.534102938411,13467.0295672694,14160.849210494,14207.2889410342,61.7818372365511,48.977524271822,50.8829452615108,-800.684405555203,-144.808049895744,1.49011611938477e-08,1.49011611938477e-08,1.94485363658722,0.937999560216825,1.49011611938477e-08,3.21711205269048,12,35
0.312,1000,35,622.964809421805,-10000.2501928222,622.964809421805,13808.6731252433,14191.2482179167,13832.2124175746,63.4814635296905,48.7232823927429,52.1188592605748,-673.24181735976,-280.908765019134,1.49011611938477e-08,1.49011611938477e-08,1.94173873193456,1.3634532988503,0.388490730686382,4.72354937880966,12,35
0.313,1000,35,589.965841968076,-1464.7025134277,589.965841968076,14087.3069841755,13822.1825502506,13872.4407096806,62.6204164989128,46.6469563786958,52.1720750154854,-508.03008188992,-300.296457937622,1.49011611938477e-08,1.49011611938477e-08,1.85103304763862,1.69831821300574,0.957110813795813,4.83278346761726,12,35
0.314,1000,35,598.900724557678,-2674.91667912311,598.900724557678,13946.6762835711,13531.5131705715,14283.298778227,61.7544175126728,42.4752503798274,51.7013658265991,-386.555599446772,-191.041772797517,1.49011611938477e-08,1.49011611938477e-08,1.81336155891967,1.91550974880254,1.5919515257868,3.34634252124524,12,35
0.315,1000,35,575.974901116553,44.3386025723427,575.974901116553,13503.9536079762,13714.1918256949,14525.0011020419,61.0903868516421,37.0339284547134,50.3663431265497,-324.649497997468,-70.7725584815548,1.49011611938477e-08,1.49011611938477e-08,1.88865617007451,2.15661587197295,2.11403271234583,2.55694544663203,12,35
0.316,1000,35,527.752289411291,433.782286928766,527.752289411291,13283.9457657579,14125.414526202,14275.0707393392,61.2254739764704,32.0964287197111,48.5203297588382,-379.417307948909,6.24618950465797,1.49011611938477e-08,1.49011611938477e-08,1.94125370256916,2.21809831082369,2.86250655476698,2.23208230744261,12,35
0.317,1000,35,513.392732632021,474.500953386116,513.392732632021,13583.509834961,14229.7489732498,13824.3777165091,62.1120306067601,30.5735076851827,46.3011146907549,-556.936937642366,-29.3219320040514,1.49011611938477e-08,1.49011611938477e-08,1.95332709050927,1.97495879433681,1.84365693987126,2.34995473961448,12,35
0.318,1000,35,512.339012756482,477.20082594689,512.339012756482,14031.4694909368,13889.7499265436,13759.3736953254,62.7315409701779,34.0985735191432,44.2174045990557,-720.105059544762,-243.233479808308,1.49011611938477e-08,1.49011611938477e-08,1.87352203764075,1.75767375206486,0.462138251760661,2.91502339691705,12,35
0.319,1000,35,493.248698383177,503.668324242844,493.248698383177,14089.7720929447,13519.2482264396,14167.5105340151,62.089781464091,39.5548366556745,42.6830794596411,-712.289063070399,-495.757910354149,1.49011611938477e-08,1.49011611938477e-08,1.79124347530251,1.76752379348179,1.49011611938477e-08,2.65701212460859,12,35
0.32,1000,35,448.280753965216,521.847813839437,448.280753965216,13723.2019070214,13589.7499211887,14535.7663873613,59.9869799296766,44.1731637475595,41.2865118690633,-589.259220812414,-619.013190543346,1.49011611938477e-08,1.49011611938477e-08,1.85197118342217,1.90233605057378,1.49011611938477e-08,2.07354645140855,12,35
0.321,1000,35,373.646548380224,526.307561646077,373.646548380224,13415.2790266892,14008.5121301427,14415.2285329575,57.5606722013492,47.0423452185215,40.5343719049797,-486.676296965208,-588.320609411067,1.49011611938477e-08,1.49011611938477e-08,1.92975309982172,1.90672174531595,1.49011611938477e-08,2.36710395517324,12,35
0.322,1000,35,273.063777557953,529.385315989099,273.063777557953,13588.9409128732,14235.6370327362,13965.746821083,56.6793473989676,48.2483070482001,41.4268921725272,-444.011954583759,-451.259223687439,1.49011611938477e-08,1.49011611938477e-08,1.95288766949735,1.64120465528477,1.49011611938477e-08,5.25325265091333,12,35
0.323,1000,35,209.609687356325,531.297704699821,209.609687356325,14025.2343743907,13987.6566518297,13756.4800136242,57.6586229586614,48.1569240673741,43.6604247840395,-454.769380746439,-290.460983879691,1.49011611938477e-08,1.49011611938477e-08,1.89129200535811,1.40905265269995,0.417844310550998,21.5438536257495,12,35
0.324,1000,35,304.303509890562,528.494381995903,304.303509890562,14185.8423819244,13570.1209225903,14054.7359161949,58.9611563037092,47.1766971454045,46.6319277837702,-445.177616913932,-193.378471399101,1.49011611938477e-08,1.49011611938477e-08,1.78065521192688,1.51857192082427,0.93010311172354,5.3956589066613,12,35
0.325,1000,35,546.052433158959,352.687727077766,546.052433158959,13906.6533087803,13517.9813166084,14483.2986093685,57.9449758830183,45.4775595590628,48.910520149181,-368.037678869515,-172.882007886387,1.49011611938477e-08,1.49011611938477e-08,1.81408848417087,1.96488114449278,1.49551941047393,5.13246437814647,12,35
0.326,1000,35,623.847337686284,-10425.468912906,623.847337686284,13562.5066301144,13898.9068226972,14534.9954990325,53.3568299855106,43.631307416269,49.0112553536484,-297.456532820369,-174.757617343544,1.49011611938477e-08,1.49011611938477e-08,1.91158776728261,2.50165494253656,1.98615424798004,7.1333220245978,12,35
0.327,1000,35,606.895565002243,-4274.75215758297,606.895565002243,13620.2947023967,14210.617107795,14176.6713350104,45.8360489763494,42.4351517879462,46.8939161296692,-323.514025653016,-133.347550529764,1.49011611938477e-08,1.49011611938477e-08,1.95635076199906,2.26477466271785,1.86995239968962,8.37133722610209,12,35
0.328,1000,35,545.006764841368,349.868124801188,545.006764841368,14005.0294399011,14060.3786848356,13881.7603548523,39.8372515170602,42.5046156850598,44.3402249141623,-501.596010303271,-32.7871542343153,1.49011611938477e-08,1.49011611938477e-08,1.92576777791543,1.03625290353651,1.14362862965777,3.59483468516669,12,35
0.329,1000,35,362.041840423201,526.657812074956,362.041840423201,14222.6128040096,13626.2271063659,14052.6286633311,41.7849943578031,43.9286718964492,43.9442434651585,-730.09865227399,30.9648685155197,1.49011611938477e-08,1.49011611938477e-08,1.8076302720572,0.23843905054308,0.531090315021834,1.80098040098465,12,35
0.33,1000,35,234.59249548188,530.557095481683,234.59249548188,14010.9368661266,13451.7970361095,14479.0556700409,48.7224958976868,45.8012336711854,45.5511755339025,-836.308330801262,6.30007449492258,1.49011611938477e-08,1.49011611938477e-08,1.79876897573685,0.217141824898296,1.49011611938477e-08,1.77874334690126,12,35
0.331,1000,35,311.461090335999,528.264648006976,311.461090335999,13550.0494391513,13768.3107972788,14538.9895092495,56.0523592998127,47.218682732478,48.337863099181,-836.067989263929,-48.2996673476124,1.49011611938477e-08,1.49011611938477e-08,1.89457224795754,0.58851193078204,1.49011611938477e-08,2.32355632522232,12,35
0.332,1000,35,597.48909022602,-174.402705199205,597.48909022602,13477.5452252343,14175.6956269883,14175.5298287441,61.6422949871499,48.0442711373733,51.1352623527772,-780.020810551307,-163.655701332078,1.49011611938477e-08,1.49011611938477e-08,1.9462593835145,1.00035068430874,1.49011611938477e-08,3.4763409350047,12,35
0.333,1000,35,621.916918098276,-9471.37354968071,621.916918098276,13832.2617462131,14174.3916679063,13813.6556589556,63.2365520454623,47.8195884537135,52.2889316222438,-652.564245232607,-296.00551623667,1.49011611938477e-08,1.49011611938477e-08,1.93824477309156,1.42643802470989,0.395472154369111,5.0603689738121,12,35
0.334,1000,35,586.678678152429,-1092.36082489736,586.678678152429,14089.9881251295,13796.6849957145,13882.1172909363,62.4765431597924,45.8155561086208,52.3025036739397,-496.255098157202,-303.290981977784,1.49011611938477e-08,1.49011611938477e-08,1.8453439362893,1.74316064197234,0.96220252431457,5.01165633625379,12,35
0.335,1000,35,599.608188581687,-2802.50280634121,599.608188581687,13924.9084382216,13528.4195630335,14301.0073402035,61.7658469984054,41.640248137048,51.7422612035686,-384.198094468717,-187.671239722779,1.49011611938477e-08,1.49011611938477e-08,1.81581910244785,1.94347954142861,1.60181966553106,3.38521855046936,12,35
0.336,1000,35,575.560268793387,40.4980344073943,575.560268793387,13478.2325536016,13736.7440428505,14517.9743419943,61.2213282576948,36.2621226171688,50.2952270597203,-333.299625246643,-73.5779762567816,1.49011611938477e-08,1.49011611938477e-08,1.89344475547389,2.16389268705536,2.14865379777918,2.56773326593773,12,35
0.337,1000,35,522.635389660505,450.666021879091,522.635389660505,13284.7391062022,14141.9825902833,14245.9408954835,61.4728600582112,31.5543962000488,48.3661918839102,-398.483107514637,3.75426883083588,1.49011611938477e-08,1.49011611938477e-08,1.94273009857435,2.19728679799455,2.90842444921156,2.24668011684923,12,35
0.338,1000,35,504.905526415209,490.348989565598,504.905526415209,13604.1620495013,14216.7489790992,13802.8430324174,62.4460641573652,30.5442317780601,46.1176613156022,-583.043339592437,-42.6902481569597,1.49011611938477e-08,1.49011611938477e-08,1.95242102484275,1.93779395129624,1.61757276612569,2.37743191477776,12,35
0.339,1000,35,509.261918049083,483.103286083221,509.261918049083,14042.6029582843,13863.2521456764,13769.5015169148,63.1114886745924,34.4371147761966,44.0761929460456,-741.077359342678,-260.924094543684,1.49011611938477e-08,1.49011611938477e-08,1.86767248748782,1.71943554891488,0.353456200888088,2.89704675672577,12,35
0.34,1000,35,499.65352138309,496.945757537848,499.65352138309,14072.1252383428,13508.530406852,14191.9827649055,62.4843870932422,39.9687702458779,42.6199006306856,-724.363319656655,-503.860000474974,1.49011611938477e-08,1.49011611938477e-08,1.79280740662685,1.72561420156174,1.49011611938477e-08,2.62407731723942,12,35
0.341,1000,35,461.787101708125,519.359377004256,461.787101708125,13692.7300087938,13607.4499959201,14541.9903586389,60.4223707402172,44.5318991609391,41.3021080545208,-606.968849578838,-612.524716127543,1.49011611938477e-08,1.49011611938477e-08,1.85862392031836,1.84424677635887,1.49011611938477e-08,2.11474718744778,12,35
0.342,1000,35,391.076344390496,525.701352663748,391.076344390496,13405.7914108427,14030.8534600116,14395.7561124245,58.1040128936576,47.3204416909179,40.6487844811852,-501.694195369397,-574.755761569243,1.49011611938477e-08,1.49011611938477e-08,1.93275272710366,1.82359679799975,1.49011611938477e-08,2.51533491711796,12,35
0.343,1000,35,290.018331845104,528.862716558367,290.018331845104,13605.3618551605,14233.6941831611,13944.9344278844,57.3699458236792,48.4446700021126,41.6766559446731,-463.818354119172,-432.293900473548,1.49011611938477e-08,1.49011611938477e-08,1.95312252155337,1.55438480899695,1.49011611938477e-08,6.16648253654526,12,35
0.344,1000,35,233.354670792881,530.579773023533,233.354670792881,14038.4037987307,13962.0052590605,13763.4461804888,58.4584718089564,48.2905444321836,44.0458903146664,-476.908786524623,-272.389297922567,1.49011611938477e-08,1.49011611938477e-08,1.88579449691975,1.35098232584563,0.435392211435457,13.54952361718,12,35
0.345,1000,35,327.533438899405,527.796473016541,327.533438899405,14175.0726660078,13552.910135498,14084.4880457685,59.740564697733,47.2534006640806,47.0922769928836,-463.923651593023,-180.371870999597,1.49011611938477e-08,1.49011611938477e-08,1.78010779799027,1.48218159763622,0.952091727175425,4.84349805816992,12,35
0.346,1000,35,590.46443113779,-81.1256903866187,590.46443113779,13881.4583320465,13529.8747585801,14508.5343094107,58.4688913858593,45.5530022361311,49.1538386362686,-386.595464063777,-165.36998596205,1.49011611938477e-08,1.49011611938477e-08,1.82069376897214,1.92989635357065,1.51537098018514,4.81622904289354,12,35
0.347,1000,35,623.302783869071,-10159.4730971626,623.302783869071,13549.7971844518,13923.1745138179,14532.0969815467,53.5663887137095,43.7597555468922,48.924648098083,-312.699146120354,-165.732571901359,1.49011611938477e-08,1.49011611938477e-08,1.91626228051597,2.42529674238983,1.98065844265271,6.59416984058289,12,35
0.348,1000,35,604.33272709379,-3712.06425980542,604.33272709379,13633.6895759184,14215.6563623858,14161.7780341394,45.9361556393599,42.6651801388704,46.5172837127631,-347.062408831766,-116.106456939546,1.49011611938477e-08,1.49011611938477e-08,1.95766543399333,2.10200062793044,1.82119617408588,6.97528691238497,12,35
0.349,1000,35,536.383482672978,396.492566991854,536.383482672978,14023.5988445038,14037.745231115,13885.613325472,40.3256858401749,42.8007853929849,43.9621238714167,-534.071111953109,-10.8590756015401,1.49011611938477e-08,1.49011611938477e-08,1.92106548450055,0.928708745301178,1.10570222223583,3.02138577622838,12,35
0.35,1000,35,355.296067583703,526.870681754805,355.296067583703,14219.6938458507,13602.9212634287,14083.0546817859,42.7637828279539,44.2502874313146,43.7427573566583,-759.74992756907,48.8863374327756,1.49011611938477e-08,1.49011611938477e-08,1.80383555561481,0.118140341298372,0.513364757234963,1.60733576203467,12,35
0.351,1000,35,226.890581358607,530.785872351482,226.890581358607,13985.974025713,13455.7557860883,14504.6597974306,49.7025672802835,46.0767052782499,45.4601763934833,-853.674214350614,21.9379999026394,1.49011611938477e-08,1.49011611938477e-08,1.80370970189436,0.169313964499294,1.49011611938477e-08,1.66622645378341,12,35
0.352,1000,35,307.191386604492,528.409713502886,307.191386604492,13532.2248704488,13793.455472159,14537.8986625142,56.9448546562507,47.4460593703536,48.3325419635288,-849.680038650329,-37.6662608337118,1.49011611938477e-08,1.49011611938477e-08,1.89953653509094,0.572875033384024,1.49011611938477e-08,2.21007253027807,12,35
0.353,1000,35,600.106414336033,-210.781461261901,600.106414336033,13489.3513805579,14188.1887120104,14159.2007517733,62.3880483951478,48.2263249514056,51.1381230840157,-788.465347198833,-157.335589975393,1.49011611938477e-08,1.49011611938477e-08,1.94790250816134,0.988602892597447,1.49011611938477e-08,3.32481211390951,12,35
0.354,1000,35,621.31972417223,530.830659133609,621.31972417223,13854.5862882766,14161.2751669491,13813.5385411284,63.7740562684867,47.8626356164537,52.2621655405437,-655.754018872267,-287.879225394001,1.49011611938477e-08,1.49011611938477e-08,1.9357962990296,1.40915653959189,0.448853007044637,4.8088665052991,12,35
0.355,1000,35,585.167438107245,440.855181015195,585.167438107245,14091.3596611589,13772.4602561156,13905.2843989491,62.8855383882426,45.6421285452889,52.2610195512628,-496.520075635432,-289.066745394956,1.49011611938477e-08,1.49011611938477e-08,1.84067273347165,1.72429643123412,1.00999955569413,4.7005851608509,12,35
0.356,1000,35,596.411916943154,514.672642855625,596.411916943154,13909.0773852709,13525.3277998927,14333.0504441768,62.0575340410517,41.3414687590209,51.6779036225087,-384.653502633395,-183.767180610539,1.49011611938477e-08,1.49011611938477e-08,1.8180598891913,1.95035635804461,1.6435367833952,3.31279392697478,12,35
0.357,1000,35,566.598480812802,181.835225427015,566.598480812802,13461.6443017028,13757.9019223557,14524.9554164904,61.4937065695626,35.8754792551384,50.293521172262,-330.318476972647,-65.1723997485265,1.49011611938477e-08,1.49011611938477e-08,1.89744434504227,2.18464758354706,2.17449526002246,2.56980374035925,12,35
0.358,1000,35,511.756267424441,477.608743896428,511.756267424441,13296.1583147115,14160.2060344316,14227.8415809113,61.8049573899589,31.1555714205546,48.435107091116,-402.149610670887,10.2690695472618,1.49011611938477e-08,1.49011611938477e-08,1.94387698060535,2.20157626081308,2.91280029782311,2.26683712657289,12,35
0.359,1000,35,501.864818582562,494.066930890893,501.864818582562,13639.2045040539,14209.9455952897,13794.018295869,62.8224882051201,30.1397008012413,46.1818684624043,-588.654865310984,-40.8610648210736,1.49011611938477e-08,1.49011611938477e-08,1.95050685488064,1.9241991833886,1.55284549633748,2.41256291603459,12,35
0.36,1000,35,509.362628599723,481.843357358692,509.362628599723,14063.632177194,13839.1205819657,13792.2514389386,63.4776944789901,34.0943270866399,44.0206197852414,-738.141735839324,-262.07608861437,1.49011611938477e-08,1.49011611938477e-08,1.85960329431808,1.70832198774512,0.336213682550639,2.98710994349452,12,35
0.361,1000,35,507.879080036389,484.707891356246,507.879080036389,14064.400522707,13500.8172639872,14227.373084146,62.7787114285435,39.5693193902456,42.3347101506247,-716.448568703419,-488.798499385242,1.49011611938477e-08,1.49011611938477e-08,1.79210201343188,1.7184888551506,1.49011611938477e-08,2.73572477284461,12,35
0.362,1000,35,473.467169734674,516.019765195781,473.467169734674,13675.1780028843,13628.3084422868,14556.5773221408,60.6284051827801,44.0024985522598,40.7816195286806,-591.940530081869,-597.025899961377,1.49011611938477e-08,1.49011611938477e-08,1.86337903672947,1.82916067860343,1.49011611938477e-08,2.21939129098093,12,35
0.363,1000,35,399.16963912451,525.41112244506,399.16963912451,13407.7958634059,14054.2221632804,14380.176508055,58.403885805041,46.6513595951586,40.2115489557333,-491.53022576975,-550.583085407316,1.49011611938477e-08,1.49011611938477e-08,1.93493488579373,1.78435094696225,1.49011611938477e-08,2.74138003143374,12,35
0.364,1000,35,290.793215450994,528.852060249752,290.793215450994,13632.2068640849,14231.2455652149,13929.4928759506,57.8446521693029,47.6772098602205,41.4381553650228,-460.133896633537,-404.67651011518,1.49011611938477e-08,1.49011611938477e-08,1.95258588436602,1.50812685256214,1.49011611938477e-08,7.76237280082284,12,35
0.365,1000,35,232.755101625012,530.616120708002,232.755101625012,14060.604128457,13938.8175973815,13776.2462444304,59.069261770119,47.4607790909726,43.9907715273832,-477.813070597428,-248.287877067035,1.49011611938477e-08,1.49011611938477e-08,1.87848072174982,1.32916377966096,0.48486747896964,9.9205061976066,12,35
0.366,1000,35,340.303688027027,527.398744796474,340.303688027027,14168.675764003,13538.3192365584,14117.04496439,60.3727295895601,46.3908973764171,47.1113218499861,-466.058291448738,-166.885546946923,1.49011611938477e-08,1.49011611938477e-08,1.77788135175909,1.48616610669759,0.987943943331598,4.46997649189436,12,35
0.367,1000,35,596.420277067391,-161.046147865012,596.420277067391,13855.6054680852,13544.9325116047,14525.1265174693,59.1134410607283,44.6537865761884,49.2001254719767,-385.485464167058,-154.401488456037,1.49011611938477e-08,1.49011611938477e-08,1.8265434246077,1.94682024641764,1.54426312736278,4.60541031596697,12,35
0.368,1000,35,623.407003732132,-10205.4533006903,623.407003732132,13540.3589191619,13948.610582701,14522.0398636025,54.1839011905621,42.8875779444915,48.8639605866216,-314.461262204889,-156.604423093797,1.49011611938477e-08,1.49011611938477e-08,1.92003262789509,2.43369812420297,1.98532075307633,6.32777176900657,12,35
0.369,1000,35,604.427731067753,-3732.1993922769,604.427731067753,13650.6555992485,14218.7327518878,14142.2520445367,46.6287834375537,41.7877329019803,46.420376765847,-356.100448714913,-104.694433771247,1.49011611938477e-08,1.49011611938477e-08,1.95842147718498,2.06645772676891,1.79271072235465,6.41410128663651,12,35
0.37,1000,35,534.62827571903,404.687113176053,534.62827571903,14043.7397302799,14017.3802606327,13888.1174842945,41.326079588083,41.9828727372785,43.8734797708191,-546.424590555412,-0.245178340588064,1.49011611938477e-08,1.49011611938477e-08,1.91536898434401,0.922945494510734,1.08586228925827,2.85196911072006,12,35
0.371,1000,35,328.643886381454,527.707343284457,328.643886381454,14215.1732446523,13584.066842304,14109.043446047,43.8834919672856,43.4565461584227,43.7199489018372,-756.379090189445,54.9789548243249,1.49011611938477e-08,1.49011611938477e-08,1.79984617075555,0.203805488971082,0.516622589845793,1.57671185173482,12,35
0.372,1000,35,224.463017263838,530.858081128654,224.463017263838,13956.6508047183,13465.3281538533,14522.617856448,50.7865955833675,45.2437208993108,45.5805992052623,-849.759599013394,28.1494251114032,1.49011611938477e-08,1.49011611938477e-08,1.80903400693176,0.26376058438244,1.49011611938477e-08,1.65255687527998,12,35
0.373,1000,35,321.509988386859,527.979037723899,321.509988386859,13508.1652521629,13820.7204029642,14525.373479887,57.9438314358708,46.5614712904246,48.6134592507278,-846.734399808458,-30.7514949791721,1.49011611938477e-08,1.49011611938477e-08,1.90441888791542,0.615330058456672,1.49011611938477e-08,2.15445648732479,12,35
0.374,1000,35,629.599740762002,-670.235735635476,629.599740762002,13494.2008322285,14200.8785294813,14132.773502668,63.0120317349286,47.2686737410267,51.342004838493,-784.818883090762,-155.398212825224,1.49011611938477e-08,1.49011611938477e-08,1.94923948745488,1.02143515100047,1.49011611938477e-08,3.21177368880742,12,35
0.375,1000,35,619.788680898497,530.022805961063,619.788680898497,13869.0183028239,14143.2090726965,13803.7675076831,64.093917341844,46.8929093784156,52.3403455735773,-652.539719614042,-286.063584158636,1.49011611938477e-08,1.49011611938477e-08,1.93222828678303,1.43180705325134,0.503885614075643,4.56818175290638,12,35
0.376,1000,35,579.468004894372,321.652927858543,579.468004894372,14084.1785230984,13748.9681540701,13922.4521832032,63.1298698921319,44.6840384975302,52.3508441688017,-505.864561699144,-287.311387778654,1.49011611938477e-08,1.49011611938477e-08,1.83662340961497,1.72891774233734,1.04705283753944,4.43064793437544,12,35
0.377,1000,35,598.10133569945,518.050887415558,598.10133569945,13878.1009597603,13526.0631373423,14352.4980319875,62.2783573148035,40.3357215760043,51.8549234311478,-390.235929671547,-178.432400234079,1.49011611938477e-08,1.49011611938477e-08,1.82231626368372,1.95073437915678,1.67457058665916,3.19305076983368,12,35
0.378,1000,35,568.478910557889,163.411100725983,568.478910557889,13430.0889201541,13781.7216205311,14517.4108506888,61.6929074326075,34.8905819729464,50.5760905855302,-342.303949483458,-63.7669365919976,1.49011611938477e-08,1.49011611938477e-08,1.90252356202745,2.17553205002881,2.20573291863636,2.5270490442079,12,35
0.379,1000,35,514.249857995443,473.180356148377,514.249857995443,13292.2222473156,14172.807890259,14197.0075974961,62.0447806861264,30.402957593043,48.8074558225149,-424.156940338731,5.29921208608128,1.49011611938477e-08,1.49011611938477e-08,1.94551263306879,2.17674860605032,2.91430113831064,2.26306152139867,12,35
0.38,1000,35,505.531340839714,489.662638998293,505.531340839714,13653.6463933343,14192.611555643,13773.011105954,63.1080713256941,29.9963557448359,46.6167027444169,-617.349850461577,-59.6919024996439,1.49011611938477e-08,1.49011611938477e-08,1.94939624257428,1.89761980680001,1.3903453320836,2.43778302912527,12,35
0.381,1000,35,514.169502026613,473.491211386327,514.169502026613,14068.409228216,13812.2809392187,13802.1549056283,63.6935526081383,34.3173160713865,44.4930040768013,-754.041974004568,-276.938737910638,1.49011611938477e-08,1.49011611938477e-08,1.85415326300658,1.70263631743521,0.242561872051662,2.94907759350249,12,35
0.382,1000,35,507.713962859702,485.429456624113,507.713962859702,14041.388144681,13492.7070469955,14247.8016512045,62.8255294984207,39.8760990867962,42.7968181765821,-721.532577472974,-513.242733892426,1.49011611938477e-08,1.49011611938477e-08,1.79462928130899,1.73348980459932,1.49011611938477e-08,2.60853332329418,12,35
0.383,1000,35,470.453623985427,516.8595486058,470.453623985427,13643.4076111432,13647.8896972218,14554.9961698869,60.4929391646561,44.2691225646175,41.225024692469,-592.473156527872,-610.476349298051,1.49011611938477e-08,1.49011611938477e-08,1.86983859691929,1.85128256933043,1.49011611938477e-08,2.14923695245568,12,35
0.384,1000,35,395.436763409579,525.53465835286,395.436763409579,13400.5056391028,14074.1177667687,14352.7191232123,58.1293934171846,46.8561446334763,40.6084034178369,-494.312621212165,-554.314932556891,1.49011611938477e-08,1.49011611938477e-08,1.93746554486516,1.7955030799459,1.49011611938477e-08,2.72278127314503,12,35
0.385,1000,35,291.546746944954,528.83049482594,291.546746944954,13649.743285553,14225.2685627235,13904.1619342853,57.5633022332569,47.8347138274784,41.8345271136663,-468.050058581723,-401.196171981875,1.49011611938477e-08,1.49011611938477e-08,1.9522282823629,1.49766236392689,1.49011611938477e-08,8.03465054649585,12,35
0.386,1000,35,238.346440890396,530.429357562755,238.346440890396,14072.8352483862,13912.76634451,13780.1901142481,58.8465545315113,47.6122729005128,44.4199919668904,-487.604405181758,-249.800465790816,1.49011611938477e-08,1.49011611938477e-08,1.87240177077347,1.31314310281141,0.508137526826376,9.26026102759758,12,35
0.387,1000,35,361.607583840799,526.750768495089,361.607583840799,14156.4889624547,13524.2240244991,14140.9344292273,60.1426268041097,46.5532329403204,47.5718399449098,-474.890278635635,-163.881121903648,1.49011611938477e-08,1.49011611938477e-08,1.77791858089618,1.47290278369798,1.00885981550842,4.38677514718356,12,35
0.388,1000,35,626.427089801364,-1410.25192313425,626.427089801364,13833.5096845569,13560.375523434,14541.6037482287,58.6315435588767,44.8729204478326,49.4153329940479,-391.641584878092,-154.760325780858,1.49011611938477e-08,1.49011611938477e-08,1.83298559733015,1.93013707289562,1.56048441786723,4.62167698112661,12,35
0.389,1000,35,622.038280301481,-9515.95513673142,622.038280301481,13533.993975859,13972.5353698636,14510.3201155779,53.3914353386803,43.1965017694462,48.7921895365452,-325.015546020665,-153.47367820146,1.49011611938477e-08,1.49011611938477e-08,1.92400643658377,2.3717786802255,1.9701396813339,6.29595422260913,12,35
0.39,1000,35,600.779066044373,-3033.79087211235,600.779066044373,13669.564383804,14220.9008645059,14122.388738672,45.7504519498233,42.2503638603604,46.1296521542507,-377.505035012776,-93.0100033762035,1.49011611938477e-08,1.49011611938477e-08,1.95919520593249,1.91282644271761,1.72482546955732,5.90087891684637,12,35
0.391,1000,35,522.201334564634,450.914363379368,522.201334564634,14064.0011514502,13993.6693705441,13889.8497419099,40.9627902031755,42.578081294284,43.6692844880894,-564.994810602156,9.28737013913023,1.49011611938477e-08,1.49011611938477e-08,1.90964849862339,0.805759890958239,1.02767977382436,2.5679349370494,12,35
0.392,1000,35,315.265647915287,528.089062190479,315.265647915287,14213.2339587989,13564.2098761026,14135.9969410307,44.1825928444823,44.127442437409,43.7207113490086,-783.052782132595,64.3588095440334,1.49011611938477e-08,1.49011611938477e-08,1.79649537864022,1.49011611938477e-08,0.470880987081345,1.47493044570217,12,35
0.393,1000,35,205.370704566705,531.433612650719,205.370704566705,13932.8136309612,13473.9703660698,14540.8346555057,51.313893337187,45.9040017151618,45.7158082289855,-864.927749879206,32.9282732069147,1.49011611938477e-08,1.49011611938477e-08,1.81423064216673,0.219820937844282,1.49011611938477e-08,1.61548805238307,12,35
0.394,1000,35,319.770535525192,528.027087427643,319.770535525192,13496.6752578725,13846.4045108302,14516.5390811253,58.52760483224,47.1837881311296,48.853822852696,-856.559807545771,-30.4912268831843,1.49011611938477e-08,1.49011611938477e-08,1.90867273369215,0.606649925760335,1.49011611938477e-08,2.15485347505282,12,35
0.395,1000,35,621.986986662347,-9077.84480762001,621.986986662347,13512.6946396743,14210.4191578934,14111.3399174911,63.5866625258711,47.8194032093041,51.6877912124556,-788.408831705077,-161.226941107001,1.49011611938477e-08,1.49011611938477e-08,1.95055593497368,1.02441387225494,1.49011611938477e-08,3.27034602110355,12,35
0.396,1000,35,619.720634773528,-8451.92489989261,619.720634773528,13894.1243246337,14127.6392460567,13801.4562335797,64.5820526724362,47.2615634215982,52.7428082127713,-656.871515705882,-286.297932694497,1.49011611938477e-08,1.49011611938477e-08,1.92881284968528,1.44063336813583,0.517220442586712,4.66243089245747,12,35
0.397,1000,35,579.471004045577,-343.762469459565,579.471004045577,14084.5353652678,13725.667391766,13942.5526691221,63.5634596995565,44.8055078580967,52.7259097164782,-497.864019768706,-284.081137926183,1.49011611938477e-08,1.49011611938477e-08,1.83212023572356,1.74490638475895,1.07542341039248,4.46327782037527,12,35
0.398,1000,35,595.085428787305,-2113.2039966743,595.085428787305,13856.3324053039,13526.4658219854,14374.1897316255,62.687907858164,40.3379253749816,52.1461164080962,-382.082625817443,-175.832204988731,1.49011611938477e-08,1.49011611938477e-08,1.82523392568109,1.98069468502442,1.70449270088607,3.26198573506391,12,35
0.399,1000,35,562.23295903399,222.028861345627,562.23295903399,13412.2213256776,13803.9683277116,14512.9494126997,62.1328785314896,34.8233713416545,50.8413879532083,-339.315900907902,-62.1239954918798,1.49011611938477e-08,1.49011611938477e-08,1.90612280099481,2.20765912010923,2.236359282708,2.59647867942152,12,35
0.4,1000,35,508.744648909345,483.9274869627,508.744648909345,13304.4330777492,14189.0612488461,14171.9124154083,62.5129044669731,30.3127105769019,49.0613213843426,-427.709471658835,2.78245233120139,1.49011611938477e-08,1.49011611938477e-08,1.94646303343709,2.1911905739402,2.88719365749112,2.33255103148783,12,35
0.401,1000,35,502.756141229746,492.819599241707,502.756141229746,13686.8071643452,14182.7770813019,13761.0300095926,63.5258134005064,29.8000713466217,46.8414825898495,-609.024019568053,-62.29750030557,1.49011611938477e-08,1.49011611938477e-08,1.94660149900936,1.90676687149931,1.32868496817311,2.52693039914541,12,35
0.402,1000,35,512.664668928327,476.631243793332,512.664668928327,14084.3892753511,13787.5077488778,13822.1207109929,64.0081750301908,34.0327366557149,44.6822629805318,-743.417719238032,-292.066782598,1.49011611938477e-08,1.49011611938477e-08,1.84622566337925,1.72356731944186,0.193274194645509,3.0507780164847,12,35
0.403,1000,35,508.69718397078,483.712820621158,508.69718397078,14028.5874146918,13487.0556227951,14276.9399379004,63.045173695664,39.4050022598344,42.9023301852609,-700.493499920786,-521.288402527243,1.49011611938477e-08,1.49011611938477e-08,1.79488792526895,1.76489097854776,1.49011611938477e-08,2.63593490999128,12,35
0.404,1000,35,470.391619193642,516.876049794708,470.391619193642,13623.3843160944,13669.2635325117,14559.3430205052,60.6955494882168,43.5922842672321,41.2720971526306,-571.695859865585,-607.756694786833,1.49011611938477e-08,1.49011611938477e-08,1.87451166848006,1.88185801315267,1.49011611938477e-08,2.18172612297101,12,35
0.405,1000,35,393.400328620495,525.612375566551,393.400328620495,13402.5733422903,14094.4127526766,14327.9854208406,58.5532318166754,45.9953482993433,40.8672822545297,-480.909692394248,-543.743360011072,1.49011611938477e-08,1.49011611938477e-08,1.93929979224485,1.81748161074176,1.49011611938477e-08,2.8558713013398,12,35
0.406,1000,35,276.087298944688,529.290633790367,276.087298944688,13675.2912717808,14218.7608433804,13882.4448830324,58.2223208012513,46.8406740175709,42.2556005833443,-460.458258665468,-398.882377600795,1.49011611938477e-08,1.49011611938477e-08,1.95088723063889,1.52619691131008,1.49011611938477e-08,9.06152172047352,12,35
0.407,1000,35,237.93167770269,530.461127480551,237.93167770269,14091.1719434584,13888.0318733465,13787.8664205552,59.5939283605408,46.5215845631561,44.9019059768173,-481.035490651686,-246.048737573771,1.49011611938477e-08,1.49011611938477e-08,1.86431082768242,1.36599264376483,0.534987694215513,9.01267881969133,12,35
0.408,1000,35,368.231312113664,526.529476894515,368.231312113664,14147.4001150813,13512.1639516059,14166.5759620804,60.7447110795453,45.3759566352635,47.9459670795972,-461.605397834368,-170.278310062589,1.49011611938477e-08,1.49011611938477e-08,1.77611901974308,1.55295181014811,1.03194594704376,4.60794005327353,12,35
0.409,1000,35,623.104083817611,531.147640411584,623.104083817611,13809.4559094458,13577.647695983,14549.6166670599,59.0229692160582,43.5998769787965,49.6439144742704,-375.004118169792,-165.430516812737,1.49011611938477e-08,1.49011611938477e-08,1.83830304027899,2.03915892284796,1.57559103043245,5.03395382384952,12,35
0.41,1000,35,621.804548979694,531.054278884846,621.804548979694,13527.8684367278,13996.2783324552,14489.967528849,53.5521187155524,41.8785685776642,48.822365856775,-311.367439827584,-163.948195358522,1.49011611938477e-08,1.49011611938477e-08,1.92710652357592,2.49479579227829,1.95945560343955,7.12385592265985,12,35
0.411,1000,35,599.832639846797,520.831262294054,599.832639846797,13688.6252264814,14222.4307676878,14097.362918762,45.8054896134162,40.9197166407121,46.0124215642949,-364.305554628347,-103.953827694642,1.49011611938477e-08,1.49011611938477e-08,1.95932653768156,1.96652961582023,1.68712169036683,6.49466882205016,12,35
0.412,1000,35,517.09046915206,464.860738307934,517.09046915206,14082.2524435585,13972.9814686222,13889.9056662055,41.1003185078851,41.304621364846,43.4318140028321,-561.98398098179,7.42297297493738,1.49011611938477e-08,1.49011611938477e-08,1.90300016448519,0.81780360566962,1.00575406062582,2.62952272255861,12,35
0.413,1000,35,299.663127284876,528.580561378723,299.663127284876,14205.2736814385,13548.3118726704,14157.8526943033,44.4594448907593,42.8939853323686,43.5128933907794,-774.945103878819,63.1273939937083,1.49011611938477e-08,1.49011611938477e-08,1.79292517416763,0.111695209602495,0.473919044631302,1.5011035745075,12,35
0.414,1000,35,194.672098991959,531.728425014466,194.672098991959,13904.2015788875,13487.8082740002,14551.7972063651,51.6188619753843,44.6545523296877,45.6407900697433,-849.504651162387,32.9734029968807,1.49011611938477e-08,1.49011611938477e-08,1.81940900224102,0.296416301322859,1.49011611938477e-08,1.63875481706321,12,35
0.415,1000,35,327.898543900859,527.786812607014,327.898543900859,13481.6768210782,13874.5719655966,14498.7882588478,58.7777349493143,45.902462335224,48.8813304315106,-839.845732495665,-31.391781191147,1.49011611938477e-08,1.49011611938477e-08,1.91251854112287,0.658909908919083,1.49011611938477e-08,2.1723556960326,12,35
0.416,1000,35,645.3873938228,-958.485391403525,645.3873938228,13527.3607506554,14221.4988647706,14083.9445344587,63.5412966174725,46.5041560041737,51.603658305105,-775.135988167475,-158.192873812502,1.49011611938477e-08,1.49011611938477e-08,1.95131176912715,1.07537819965533,1.49011611938477e-08,3.29252491488663,12,35
0.417,1000,35,618.283761141914,529.290941755262,618.283761141914,13914.4634988589,14109.9581266461,13794.5225365174,64.3286384412839,45.9689820127515,52.5381348758755,-639.313624656709,-287.940165939279,1.49011611938477e-08,1.49011611938477e-08,1.92401686042075,1.48744508675258,0.563362465756132,4.6428242780526,12,35
0.418,1000,35,576.003871130154,160.251113263056,576.003871130154,14079.4457714603,13705.4423156062,13960.4017721751,63.3465437268949,43.5572253254113,52.5189501203833,-489.031249690364,-277.615641131437,1.49011611938477e-08,1.49011611938477e-08,1.82807024053047,1.77270450072478,1.10790294585252,4.35354233439284,12,35
0.419,1000,35,596.88365430893,515.959176902566,596.88365430893,13828.3399321096,13531.9243148431,14390.1928690072,62.5478924526849,39.1118037609215,51.9542507932371,-380.895031809611,-167.402380154776,1.49011611938477e-08,1.49011611938477e-08,1.82937750177712,1.99624257773285,1.7278360571848,3.17687201200561,12,35
0.42,1000,35,564.0957848138,205.451883200871,564.0957848138,13388.1466155632,13829.8963403914,14501.4115129381,62.0562529994774,33.7172656791469,50.6511634057466,-347.972250375495,-57.3869503204239,1.49011611938477e-08,1.49011611938477e-08,1.91027832706652,2.20467411257216,2.25902783657657,2.54717326784488,12,35
0.421,1000,35,516.410444353238,468.280250961876,516.410444353238,13309.9254487145,14199.9667055106,14140.2412624903,62.5125838494471,29.5831130249918,48.8676216581861,-438.898359062745,-1.17820796689478,1.49011611938477e-08,1.49011611938477e-08,1.9478303468184,2.16653010856897,2.8334647577011,2.31544582295838,12,35
0.422,1000,35,507.748200202802,485.184754379405,507.748200202802,13707.0152357543,14164.7246950338,13745.3968550814,63.5854002245056,29.7861889158836,46.667216634395,-632.898103942983,-79.2840859148646,1.49011611938477e-08,1.49011611938477e-08,1.94445454259434,1.87839827220715,1.20104284674917,2.5344014269014,12,35
0.423,1000,35,520.019608904582,459.262564391275,520.019608904582,14089.3425872256,13762.4826313373,13837.4838113813,64.021260208918,34.3963615549809,44.5445293593312,-756.924681851416,-315.116935617088,1.49011611938477e-08,1.49011611938477e-08,1.84081340108491,1.70941020390626,0.0730730936242387,2.99136784826659,12,35
0.424,1000,35,510.689634358454,480.078913458483,510.689634358454,14004.205488759,13483.1325574442,14298.3245562607,62.962897740836,39.8545345699334,42.8023320414541,-703.099886099714,-536.88411212277,1.49011611938477e-08,1.49011611938477e-08,1.79819908578846,1.75960625808406,1.49011611938477e-08,2.54092251719313,12,35
0.425,1000,35,468.902630147733,517.367108726696,468.902630147733,13593.542580425,13691.4086953804,14556.0964127892,60.5536743745464,44.010369966844,41.2684539029145,-573.355362618545,-611.302749834492,1.49011611938477e-08,1.49011611938477e-08,1.88057284888434,1.87123407180518,1.49011611938477e-08,2.15980042849428,12,35
0.426,1000,35,386.425137917433,525.867403774779,386.425137917433,13399.6048646121,14112.8937799138,14301.254196558,58.3763145484242,46.36517784135,40.9343441690358,-488.510576257126,-544.653731252228,1.49011611938477e-08,1.49011611938477e-08,1.94140453481543,1.78946604461153,1.49011611938477e-08,2.93055092145344,12,35
0.427,1000,35,286.213480105199,528.987136458049,286.213480105199,13694.4722838438,14209.952928164,13862.1004414174,58.0908278177285,47.1777172830101,42.42519010351,-470.140992353826,-388.109262080882,1.49011611938477e-08,1.49011611938477e-08,1.94984577273195,1.48652265980604,1.49011611938477e-08,10.3028816837481,12,35
0.428,1000,35,245.564824790155,530.22219816427,245.564824790155,14101.5281261391,13861.6471073933,13797.9797528413,59.5138589788495,46.8659366804877,45.1532560317211,-492.70566966457,-236.476696508504,1.49011611938477e-08,1.49011611938477e-08,1.8580355117781,1.33515176655757,0.563743334434445,7.98481827948168,12,35
0.429,1000,35,399.124004410079,525.459738966759,399.124004410079,14131.5204358961,13500.6905343632,14192.918120091,60.6385735167013,45.7498618482008,48.2199359621827,-470.917701047267,-165.275700483891,1.49011611938477e-08,1.49011611938477e-08,1.77716963258775,1.53113868874121,1.05747481418595,4.42403596475013,12,35
0.43,1000,35,627.921035671389,534.84095498715,627.921035671389,13784.229521771,13595.3996063872,14562.506992913,58.6896749072706,44.029479769817,49.6948038319501,-382.255248951656,-163.336741621985,1.49011611938477e-08,1.49011611938477e-08,1.84509290119755,2.01140847328746,1.59828020319215,4.92659656253669,12,35
0.431,1000,35,620.020656174308,530.075079993608,620.020656174308,13521.7406363203,14019.0634459706,14476.2336870235,53.008556982096,42.3971548116577,48.6429714742044,-324.555062473085,-159.29221424293,1.49011611938477e-08,1.49011611938477e-08,1.93070141481014,2.41404825789491,1.95316722189009,6.80914738711111,12,35
0.432,1000,35,595.577264241268,513.547511767177,595.577264241268,13706.5408420861,14220.0770620072,14078.7579426884,45.2649478595932,41.5583648178412,45.6784141061362,-387.155352941933,-90.1389163853243,1.49011611938477e-08,1.49011611938477e-08,1.95967299251798,1.81421515705375,1.64052271870949,5.70738050385895,12,35
0.433,1000,35,502.256783276555,492.546722874418,502.256783276555,14098.0509971377,13947.455684793,13895.4888750744,41.1193141509395,42.0408467786108,43.2374103605752,-592.563575967665,21.9578006774268,1.49011611938477e-08,1.49011611938477e-08,1.89695506347021,0.719281951993596,0.967755048876263,2.343107213235,12,35
0.434,1000,35,283.962400557184,529.050254959862,283.962400557184,14197.5518063558,13530.3652437686,14186.1327969787,45.004514643097,43.6655003035664,43.5252046261248,-799.974300097494,71.1479890408851,1.49011611938477e-08,1.49011611938477e-08,1.79092410156184,1.49011611938477e-08,0.446495525505815,1.40153100238553,12,35
0.435,1000,35,192.020065861238,531.8309421148,192.020065861238,13876.2884425957,13498.7467296569,14567.7033553093,52.2481008357576,45.3903539347321,45.7459962604638,-863.53765149722,36.2135272865793,1.49011611938477e-08,1.49011611938477e-08,1.82521844112461,0.270349856924266,1.49011611938477e-08,1.59898671685077,12,35
0.436,1000,35,343.502419200521,527.307490428488,343.502419200521,13470.441046088,13899.661739497,14488.5708286032,59.3497512808996,46.5949278263623,49.0294009148104,-850.805851579297,-27.705418918157,1.49011611938477e-08,1.49011611938477e-08,1.91643019714906,0.652042607686105,1.49011611938477e-08,2.16372144726609,12,35
0.437,1000,35,630.292444183455,-14418.9252119004,630.292444183455,13544.9356555764,14226.9359894299,14065.5586875755,63.9466436873204,47.1091315144515,51.7520799629262,-778.866765182247,-162.778277556101,1.49011611938477e-08,1.49011611938477e-08,1.95235733456924,1.06991851151766,1.49011611938477e-08,3.30490711569023,12,35
0.438,1000,35,617.239629032621,-7426.43955301161,617.239629032621,13935.3987380167,14090.3145685062,13797.1368883198,64.570469994031,46.3913130914846,52.6610467457829,-637.58045876674,-286.441779421217,1.49011611938477e-08,1.49011611938477e-08,1.91984497030182,1.47569514815624,0.595157971221501,4.60096244717702,12,35
0.439,1000,35,580.052554891346,-19.2117248112771,580.052554891346,14074.9833757275,13683.0130039409,13984.7158619113,63.508789644805,43.7352326862962,52.6143885137818,-485.598807975109,-266.860368227869,1.49011611938477e-08,1.49011611938477e-08,1.82437304311712,1.75854879626435,1.14950709808353,4.21273506294271,12,35
0.44,1000,35,595.223611884239,-2135.61236321303,595.223611884239,13803.3263489869,13535.5435714194,14412.0439146596,62.6649524028687,39.1458278597292,52.001027908736,-377.852830668876,-157.560578878404,1.49011611938477e-08,1.49011611938477e-08,1.83310753185237,1.99051386157824,1.76606730202413,3.11702839082277,12,35
0.441,1000,35,561.212701717623,230.898863927438,561.212701717623,13370.7908363111,13852.4797467243,14495.7387021523,62.1679111954354,33.6518427421142,50.6871484063544,-348.537792302843,-53.9974744704451,1.49011611938477e-08,1.49011611938477e-08,1.9136546050923,2.19522581758158,2.28898634589402,2.52297571013087,12,35
0.442,1000,35,514.295316659288,472.686215962709,514.295316659288,13323.0271208477,14212.9975042406,14117.6936345648,62.6200747539701,29.466357876822,48.8891162852911,-446.912831977511,1.77186362729851,1.49011611938477e-08,1.49011611938477e-08,1.94878814285503,2.14089591969734,2.79963676024631,2.31119935560227,12,35
0.443,1000,35,507.453824543299,486.566185303463,507.453824543299,13737.2735595755,14150.711764487,13738.6917480108,63.6086427484678,29.5741218965234,46.6516373729029,-638.289349443581,-86.6885901901106,1.49011611938477e-08,1.49011611938477e-08,1.94105148949611,1.86043158118595,1.15814742509839,2.56218077916014,12,35
0.444,1000,35,515.737117886031,469.896709445465,515.737117886031,14100.0861480876,13737.3123788873,13861.7850784096,63.910088167416,34.1427852859358,44.5162123717434,-748.821860334442,-328.751902745797,1.49011611938477e-08,1.49011611938477e-08,1.83374519030902,1.71304148568719,1.49011611938477e-08,3.04198120624446,12,35
0.445,1000,35,505.465713531643,488.970481412393,505.465713531643,13988.1923087287,13480.7357614285,14327.548269261,62.7179265732405,39.4560537375815,42.7456937518497,-684.560100580209,-543.732210637091,1.49011611938477e-08,1.49011611938477e-08,1.7998087909454,1.77936364750222,1.49011611938477e-08,2.54984855558131,12,35
0.446,1000,35,460.665882141632,519.607629230767,460.665882141632,13573.6034372959,13714.1134093451,14557.1023738115,60.2468268736297,43.4384059562692,41.222920745792,-560.987441787885,-607.874614192381,1.49011611938477e-08,1.49011611938477e-08,1.88521984773326,1.89310955533136,1.49011611938477e-08,2.19541976252831,12,35
0.447,1000,35,375.923608703436,526.22862042795,375.923608703436,13404.7824637704,14130.8055605785,14275.756360137,58.2361393948611,45.6391751227504,41.0961371232426,-476.798518638554,-533.343461390137,1.49011611938477e-08,1.49011611938477e-08,1.94296253346247,1.80425080441134,1.49011611938477e-08,3.08972133662115,12,35
0.448,1000,35,257.800194934489,529.836425829453,257.800194934489,13720.9672412335,14200.7118213308,13843.7675398251,58.1299108090498,46.3514096595029,42.7178104040438,-463.907691773937,-376.597551360836,1.49011611938477e-08,1.49011611938477e-08,1.94773349355702,1.50618680551412,1.49011611938477e-08,12.0702917297504,12,35
0.449,1000,35,239.780125238283,530.395247255556,239.780125238283,14117.3983019755,13837.4381058326,13809.6871555377,59.59460542363,45.9721609560557,45.4946467294571,-485.356105060709,-231.797935643039,1.49011611938477e-08,1.49011611938477e-08,1.85006299547867,1.37521580784438,0.598022316877229,7.70456930745758,12,35
0.45,1000,35,405.448284195507,525.199071245412,405.448284195507,14120.6783061216,13493.1801565543,14219.3094482648,60.5309897807307,44.7836919461257,48.4718274760029,-456.134398166308,-168.506645254522,1.49011611938477e-08,1.49011611938477e-08,1.7767780804053,1.59431405322669,1.09069023534141,4.55829281256053,12,35
0.451,1000,35,628.356859991447,-13113.695840361,628.356859991447,13762.9807973723,13616.2247654159,14569.1790854244,58.2889099654271,42.9934999210435,49.8118388964823,-369.779977091982,-168.673443575049,1.49011611938477e-08,1.49011611938477e-08,1.85055918071497,2.09534639979228,1.62721655837166,5.23709337218119,12,35
0.452,1000,35,619.905898068038,-8517.07390112413,619.905898068038,13520.2226892702,14041.6893212752,14453.9707476432,52.3506623467752,41.3449869484021,48.6384772044111,-312.915568962223,-163.471020899819,1.49011611938477e-08,1.49011611938477e-08,1.93352484520731,2.48672468790269,1.95510804005658,7.39341339657079,12,35
0.453,1000,35,594.410886386204,-2041.79933819601,594.410886386204,13728.3375210667,14219.2047387258,14054.645361936,44.5417579642476,40.5663583322068,45.6245130427876,-385.729885675253,-90.4258996772154,1.49011611938477e-08,1.49011611938477e-08,1.95933622414861,1.80169632332073,1.59739882975953,5.95493720683922,12,35
0.454,1000,35,496.33671869978,499.918427430068,496.33671869978,14115.6984307716,13925.2884095693,13897.5236997009,40.7080749499396,41.1849989444719,43.2170275059633,-595.942136811508,21.2420802133133,1.49011611938477e-08,1.49011611938477e-08,1.88972076004927,0.692058864391337,0.925738095287443,2.3607183626503,12,35
0.455,1000,35,274.049866216154,529.347237251829,274.049866216154,14188.4374581856,13516.7730162254,14207.6809373782,44.9728592227144,42.9325635000564,43.5871346056532,-797.362851042295,65.5026072676296,1.49011611938477e-08,1.49011611938477e-08,1.788242622109,1.49011611938477e-08,0.409687805951559,1.43886955551173,12,35
0.456,1000,35,189.120622383862,531.916069563033,189.120622383862,13849.1011260987,13515.76417289,14574.6734587508,52.2793093245644,44.7204887721529,45.8105321124489,-851.7223944607,31.1112110611567,1.49011611938477e-08,1.49011611938477e-08,1.83061764972431,0.321416148652426,1.49011611938477e-08,1.65371056585408,12,35
0.457,1000,35,351.861429751841,527.055401586761,351.861429751841,13461.5092570216,13927.3278221764,14468.4100981655,59.3662350515997,45.9679674915784,49.0440265276965,-835.106230554474,-37.4765907998051,1.49011611938477e-08,1.49011611938477e-08,1.91971056149159,0.697941425897386,1.49011611938477e-08,2.23571006548884,12,35
0.458,1000,35,633.730973666231,-17591.2124849888,633.730973666231,13564.8464177615,14235.3973862888,14039.3719745219,63.7489234451301,46.5110313149469,51.5586884697024,-758.236638622084,-173.844629879645,1.49011611938477e-08,1.49011611938477e-08,1.95265561048959,1.11958083935794,1.49011611938477e-08,3.40464964030057,12,35
0.459,1000,35,615.214991475429,-6675.12412098071,615.214991475429,13956.7812633839,14072.9281472295,13794.1025171817,64.2333009105122,45.830120139415,52.3203679841492,-615.499686537976,-289.345786415165,1.49011611938477e-08,1.49011611938477e-08,1.91436376828538,1.52388588727796,0.60765329222507,4.65112419362176,12,35
0.46,1000,35,586.121164906496,-387.617708185903,586.121164906496,14069.1968407239,13665.7413319793,14003.9498498646,63.2633436298638,43.2220692790023,52.2637827394312,-471.584031424485,-256.870535139088,1.49011611938477e-08,1.49011611938477e-08,1.82102252610817,1.78939884487026,1.16971553049517,4.09714789353659,12,35
0.461,1000,35,592.644286631195,-1786.8459140484,592.644286631195,13781.1476133927,13545.3864871234,14428.0570684356,62.4731740680356,38.6891187269174,51.5854992229065,-371.698207435574,-150.64894763364,1.49011611938477e-08,1.49011611938477e-08,1.83717988859462,2.02548602406644,1.78626420800196,3.03263130830292,12,35
0.462,1000,35,554.437600112227,287.437594295318,554.437600112227,13358.1981155967,13879.6139255429,14484.7385370967,62.0905945951421,33.4161836745385,50.2217875240237,-348.111656979024,-42.4647192319288,1.49011611938477e-08,1.49011611938477e-08,1.91697086233396,2.2206119601444,2.32048091492867,2.46621327775722,12,35
0.463,1000,35,499.751644552091,496.641718668899,499.751644552091,13341.352169549,14222.0985515752,14091.0413866984,62.7332845891978,29.779175125041,48.3916497854041,-459.61273709046,7.97778988307647,1.49011611938477e-08,1.49011611938477e-08,1.94990685327574,2.13410637833683,2.79602870743122,2.27889222262004,12,35
0.464,1000,35,497.130706373789,499.719678953222,497.130706373789,13765.9354909195,14132.470146749,13733.0885508509,63.9359254604211,30.6342931116449,46.1287888028891,-659.904358481876,-88.6268248407684,1.49011611938477e-08,1.49011611938477e-08,1.93769216600198,1.82292561967553,1.06699489895635,2.54173525522551,12,35
0.465,1000,35,524.230455520428,445.02146485108,524.230455520428,14107.4282482136,13714.3284139701,13885.9977578402,64.3893631514231,35.4920449941051,43.8849778508995,-768.006381193902,-329.65635683254,1.49011611938477e-08,1.49011611938477e-08,1.82858659990635,1.65839133970333,1.49011611938477e-08,3.0110069433352,12,35
0.466,1000,35,522.592882545351,451.422171668326,522.592882545351,13966.0822512804,13480.6456252444,14353.8855120959,63.3152220430632,40.8682106236591,41.931005150362,-707.572000838937,-528.93058541454,1.49011611938477e-08,1.49011611938477e-08,1.80364547124095,1.70122860575018,1.49011611938477e-08,2.57227874292872,12,35
0.467,1000,35,484.226251906359,510.364970028085,484.226251906359,13550.7591254058,13738.0859587013,14558.6075843157,60.9634788126522,44.8411836505711,40.2902206587723,-579.786916365062,-591.506881088075,1.49011611938477e-08,1.49011611938477e-08,1.89070258147387,1.77793989112947,1.49011611938477e-08,2.27893891145011,12,35
0.468,1000,35,399.576217266143,525.38993776839,399.576217266143,13409.8821750914,14147.531064721,14258.0845892567,59.0372110546489,47.0225130531905,40.1531420690567,-497.507098583612,-510.155797861296,1.49011611938477e-08,1.49011611938477e-08,1.94482011641218,1.64971872439138,1.49011611938477e-08,3.39835345764538,12,35
0.469,1000,35,295.660107054834,528.702107651079,295.660107054834,13743.5909471679,14189.1621033288,13837.2489759336,59.0285494657578,47.70290604739,41.9673815315125,-487.041695352399,-347.276438993854,1.49011611938477e-08,1.49011611938477e-08,1.94623336191342,1.36051043231394,1.49011611938477e-08,20.5472376259065,12,35
0.47,1000,35,269.725077480032,529.510255961194,269.725077480032,14125.9249281361,13810.5952463666,13834.0159057193,60.5750801536035,47.2911019749416,44.9930931124679,-509.070755737788,-202.051612098628,1.49011611938477e-08,1.49011611938477e-08,1.84451256240694,1.26981037187244,0.61645657259101,5.75651813889541,12,35
0.471,1000,35,445.615330308158,522.442549050623,445.615330308158,14102.0733048995,13484.464903745,14255.8812675303,61.5197026706168,46.0758345077637,48.1368281111968,-480.621909227778,-143.113767051191,1.49011611938477e-08,1.49011611938477e-08,1.7795236485797,1.51059549116612,1.12531576456009,3.84155054735553,12,35
0.472,1000,35,628.421372869397,-13174.2902636013,628.421372869397,13736.4539354032,13635.8704880573,14588.0914908006,59.15887619298,44.2776147822168,49.3877327067659,-388.629650270194,-143.594921896069,1.49011611938477e-08,1.49011611938477e-08,1.85775904947482,1.99779624681076,1.67736143605069,4.42025805267344,12,35
0.473,1000,35,618.944520472585,-8098.31649640234,618.944520472585,13515.4977865748,14062.6505575989,14447.3922786013,53.2167619274417,42.6420468950215,48.1289297240565,-336.831998922913,-133.936989950703,1.49011611938477e-08,1.49011611938477e-08,1.93682184958126,2.32656927208689,1.99898182373487,5.77475462473692,12,35
0.474,1000,35,591.334056187622,-1633.61420294171,591.334056187622,13745.8474610503,14212.2540441725,14046.6399866915,45.6397369514421,41.8608515871237,45.1252740661597,-420.241649200066,-54.7069297341237,1.49011611938477e-08,1.49011611938477e-08,1.95929660088912,1.63758704650056,1.60940302420742,4.36249633275538,12,35
0.475,1000,35,485.387142009035,509.288053006259,485.387142009035,14127.5460957296,13898.3535848523,13915.8153651079,42.3697702386475,42.4447217235172,42.9583326542228,-636.611517618192,53.5564591899942,1.49011611938477e-08,1.49011611938477e-08,1.88399375726511,0.62748571904269,0.932211892514698,1.93699909116187,12,35
0.476,1000,35,258.27754291974,529.794388947619,258.27754291974,14176.0466480278,13501.2525860773,14245.5248006483,46.77828754096,44.1008965508122,43.5516931915926,-824.373262177834,89.0284146258453,1.49011611938477e-08,1.49011611938477e-08,1.7881902126994,1.49011611938477e-08,0.42785487393244,1.27508767859805,12,35
0.477,1000,35,195.854764555896,531.714115011364,195.854764555896,13811.1601962052,13529.1030741541,14589.8168324891,53.8793507583078,45.7697815624026,45.870933253002,-876.661174062145,49.2477752638437,1.49011611938477e-08,1.49011611938477e-08,1.83783023822795,0.292336404631121,1.49011611938477e-08,1.5288012091426,12,35
0.478,1000,35,386.858106422873,525.944165210894,386.858106422873,13445.2005833932,13951.6728756998,14459.3450541188,60.6850799324711,46.910849989946,49.1517163745175,-858.636802956363,-23.6130081823855,1.49011611938477e-08,1.49011611938477e-08,1.92363208759759,0.667729713809199,1.49011611938477e-08,2.08707136420838,12,35
0.479,1000,35,630.987673912825,-15105.1287240845,630.987673912825,13576.1877782136,14236.9166884084,14026.5871349164,64.6617235499544,47.3053325162054,51.6020312054969,-778.279852507131,-163.275777115692,1.49011611938477e-08,1.49011611938477e-08,1.95361239737337,1.07570091838865,0.168382755455032,3.14824602941468,12,35
0.48,1000,35,613.787167883231,527.413230151665,613.787167883231,13968.1981231748,14049.4175141687,13803.9945317383,64.7982915949146,46.3813898007632,52.2955546362992,-630.448895415841,-274.892955568589,1.49011611938477e-08,1.49011611938477e-08,1.91021785988882,1.4610834664133,0.682204373325993,4.20351106281652,12,35
0.481,1000,35,587.065689592834,232.519533590552,587.065689592834,14057.2691967111,13644.3246898961,14036.1154480221,63.592358735733,43.466731435316,52.2646127761704,-487.798573698598,-244.644964441812,1.49011611938477e-08,1.49011611938477e-08,1.81888223338528,1.72582268919102,1.24396700015604,3.70400922320477,12,35
0.482,1000,35,592.245498805496,500.663415479012,592.245498805496,13750.0426263778,13551.7182346005,14453.7468103253,62.5875488782367,38.6819218539603,51.6677322844036,-376.801437603916,-139.506695375189,1.49011611938477e-08,1.49011611938477e-08,1.84210465261365,1.97807132070927,1.84380283264183,2.87259701329623,12,35
0.483,1000,35,553.389008074222,294.029589341786,553.389008074222,13337.4320258303,13902.2163621643,14481.5132428495,62.0620352827,33.1354421305072,50.4508653813842,-353.846027406468,-34.3460372745156,1.49011611938477e-08,1.49011611938477e-08,1.92036819590286,2.17736887644983,2.34526946437162,2.39730226571096,12,35
0.484,1000,35,508.599836254031,483.817393792261,508.599836254031,13350.6324612901,14231.9913711859,14072.2624091791,62.6094431223152,29.193693827274,48.7235977874913,-468.801394343611,11.8442954747997,1.49011611938477e-08,1.49011611938477e-08,1.95095344822078,2.08679191562649,2.76855208185959,2.24327461316901,12,35
0.485,1000,35,511.543560719797,479.267629972612,511.543560719797,13789.5548041234,14114.5247449236,13731.5585932863,63.6508787114562,29.7865026045975,46.4633850841284,-663.554918869752,-96.2229339297825,1.49011611938477e-08,1.49011611938477e-08,1.93374029928748,1.80082167523997,1.05570371706866,2.54778510237945,12,35
0.486,1000,35,521.118696063814,456.162759524751,521.118696063814,14112.6439211314,13690.2407170317,13913.8724792123,63.8484922133071,34.5437595032473,44.1793463501523,-753.950120523231,-333.124080766529,1.49011611938477e-08,1.49011611938477e-08,1.82222498821873,1.67726153434603,1.49011611938477e-08,3.05676464182498,12,35
0.487,1000,35,511.641524130053,478.176354851648,511.641524130053,13948.6593225356,13482.9203835961,14382.700391115,62.4447218099783,39.751728851297,42.1556713840929,-679.074398051726,-540.156468914437,1.49011611938477e-08,1.49011611938477e-08,1.80609680057889,1.7574920234315,1.49011611938477e-08,2.56733260036903,12,35
0.488,1000,35,464.933085370805,518.534200809061,464.933085370805,13532.8059142534,13762.7799553882,14556.2091389198,59.8439467543209,43.5234464034115,40.5134781803554,-549.495045778469,-591.245401250398,1.49011611938477e-08,1.49011611938477e-08,1.89501744462693,1.85367745873309,1.49011611938477e-08,2.30101942083242,12,35
0.489,1000,35,373.909444084809,526.294035647348,373.909444084809,13419.2787993639,14163.4470611455,14231.1339027871,57.9488759372161,45.5278345942799,40.5427235844497,-474.624216477542,-501.296017776645,1.49011611938477e-08,1.49011611938477e-08,1.94612972677836,1.72462354593123,1.49011611938477e-08,3.54992804336435,12,35
0.49,1000,35,259.481426328998,529.788906905304,259.481426328998,13771.8574171646,14177.4342133118,13820.9616099065,58.0671331564369,46.1030691299772,42.3880764750169,-471.958500076678,-337.886000450341,1.49011611938477e-08,1.49011611938477e-08,1.94318466324103,1.42070745348211,0.155093070879174,24.8701725964539,12,35
0.491,1000,35,249.303608739609,530.131298490944,249.303608739609,14140.7623830946,13787.0195832172,13847.9244130969,59.6795798565743,45.6432310786164,45.3667393599862,-494.906584749267,-204.624012077046,1.49011611938477e-08,1.49011611938477e-08,1.83638369637028,1.32686079919499,0.659507667554884,5.85223065833456,12,35
0.492,1000,35,440.05684806925,522.995968557947,440.05684806925,14091.1947097666,13480.7054171905,14280.9668149385,60.5017166020881,44.3957813101845,48.3563326250969,-462.415552657135,-148.381469035242,1.49011611938477e-08,1.49011611938477e-08,1.77970425836234,1.57620372693312,1.15362780440898,4.05571361421176,12,35
0.493,1000,35,628.935136909309,535.906397179956,628.935136909309,13718.4168529849,13658.7872906345,14589.9236681585,57.9376728991668,42.5835634413402,49.4727893610701,-370.752620332409,-151.794232610896,1.49011611938477e-08,1.49011611938477e-08,1.86281002331695,2.07230124597262,1.68414371898396,4.80413105957193,12,35
0.494,1000,35,618.474933492372,529.343893419078,618.474933492372,13519.814775424,14083.6807915684,14422.3987859266,51.7961984315307,40.9793202001034,48.0990251367512,-325.787093348498,-140.752428257544,1.49011611938477e-08,1.49011611938477e-08,1.93916543670126,2.37087224181049,1.9604803131443,6.41287409589876,12,35
0.495,1000,35,589.681753223027,487.1704336687,589.681753223027,13771.3516243022,14208.1075717109,14022.9032035564,44.2360207301741,40.3166632044727,45.0628093394219,-418.196125667238,-58.8790087589701,1.49011611938477e-08,1.49011611938477e-08,1.95813463045836,1.59799323165739,1.53563585616303,4.61663113871235,12,35
0.496,1000,35,478.736564049207,513.146589780816,478.736564049207,14145.6478779563,13875.2642601148,13919.1152611118,41.4198785402549,41.0703460806377,43.0007938609295,-624.050175912456,42.4089132574611,1.49011611938477e-08,1.49011611938477e-08,1.87583994899162,0.58656812683016,0.87618546371982,1.99515117385103,12,35
0.497,1000,35,252.194342593568,529.97670528897,252.194342593568,14166.9285580642,13490.4828365092,14265.4225265719,46.3034487971511,42.8758608669774,43.699162671574,-814.190227667892,76.0642932022979,1.49011611938477e-08,1.49011611938477e-08,1.78583585969623,1.49011611938477e-08,0.382069204270605,1.35039740109524,12,35
0.498,1000,35,197.730761744833,531.656852565573,197.730761744833,13786.2034930988,13549.093424693,14589.8485537413,53.4989701441776,44.6189922823489,46.0129971244689,-856.146883169805,35.361748289491,1.49011611938477e-08,1.49011611938477e-08,1.8429480874211,0.358426070154292,1.49011611938477e-08,1.62364218400501,12,35
0.499,1000,35,384.884885524725,526.012588203385,384.884885524725,13442.6946827249,13978.4439260242,14433.9923657267,60.3165930006697,45.8175035936696,49.2142156991999,-833.120030498069,-39.9377383811826,1.49011611938477e-08,1.49011611938477e-08,1.9262541403981,0.732227408842414,1.49011611938477e-08,2.21803946247873,12,35
0.5,1000,35,630.382854317593,-14648.5080335037,630.382854317593,13601.2138389734,14242.0697433374,13998.9035408352,64.1501520048595,46.2658467438689,51.4684424245877,-748.029282037208,-179.942425978543,1.49011611938477e-08,1.49011611938477e-08,1.95333987561885,1.14870396655867,0.155274476237256,3.35034732828985,12,35
0.501,1000,35,611.704387922259,-5546.72823718618,611.704387922259,13989.692094446,14030.7234750667,13801.7190563623,64.2523487329668,45.4220673966138,52.0462334320456,-609.124789867711,-279.859292356025,1.49011611938477e-08,1.49011611938477e-08,1.9040021202707,1.53571853068334,0.683125875471606,4.40201847070815,12,35
0.502,1000,35,588.319620527859,-139.620254654938,588.319620527859,14049.524112357,13629.1366993712,14052.7036388555,63.2456945803349,42.6043491319542,52.0046274087984,-469.529220263466,-238.151732991011,1.49011611938477e-08,1.49011611938477e-08,1.81624870061884,1.78005566450214,1.24996585252511,3.7117271045455,12,35
0.503,1000,35,593.363745059499,-1884.69252796089,593.363745059499,13723.2948534446,13564.5249371942,14460.0635423233,62.4254891354396,37.948967023724,51.3280830728935,-370.588032736459,-127.190207615925,1.49011611938477e-08,1.49011611938477e-08,1.84674812198289,2.01436368803438,1.84898223401781,2.80593972511318,12,35
0.504,1000,35,556.994400222541,266.390776264394,556.994400222541,13323.4070439336,13928.5151317686,14459.4823153734,62.061643555701,32.7373853093134,49.9838216600264,-361.591194037081,-25.6846680026032,1.49011611938477e-08,1.49011611938477e-08,1.9233907588458,2.18719539392753,2.38215414147788,2.3356797888172,12,35
0.505,1000,35,507.324757383256,486.334123481114,507.324757383256,13368.3436260917,14237.8098999796,14037.4015390009,62.7098786905018,29.4923096125463,48.1437656836812,-488.752941772796,7.48799520726318,1.49011611938477e-08,1.49011611938477e-08,1.952059067448,2.0729687125258,2.67929753320319,2.2179865413345,12,35
0.506,1000,35,498.380826372127,498.23577252858,498.380826372127,13815.1285240071,14093.8001908169,13721.4703499619,63.7898012472377,30.9542068639191,45.886961944397,-677.139321800459,-107.097401410929,1.49011611938477e-08,1.49011611938477e-08,1.92971193339375,1.78532052566888,0.953730720090443,2.55259553091125,12,35
0.507,1000,35,513.458150402608,474.95225521169,513.458150402608,14113.4749107351,13667.9121302201,13932.6233123152,63.961815808785,36.0977905574733,43.7207823757958,-766.287821404379,-358.627930987257,1.49011611938477e-08,1.49011611938477e-08,1.8181155143464,1.6674049028199,1.49011611938477e-08,2.95786772796761,12,35
0.508,1000,35,508.081845854488,484.730781835054,508.081845854488,13919.7020013483,13485.1176665738,14398.8549022976,62.5679757408263,41.4199616025296,41.8320637910181,-685.205563738841,-557.772526798897,1.49011611938477e-08,1.49011611938477e-08,1.81085978993865,1.74216531819384,1.49011611938477e-08,2.43504998860897,12,35
0.509,1000,35,466.031829533565,518.319223940537,466.031829533565,13507.2750499122,13786.6436097448,14545.4230260672,60.0289163822155,45.2228407293256,40.3454911935832,-556.991925387398,-598.752798061927,1.49011611938477e-08,1.49011611938477e-08,1.90005194588706,1.81988227034705,1.49011611938477e-08,2.24336623821768,12,35
0.51,1000,35,375.281569312485,526.266342134006,375.281569312485,13422.8068785762,14176.857877453,14201.6145041807,58.2034838759422,47.2444398597341,40.4673056482161,-483.564145618624,-501.990776099507,1.49011611938477e-08,1.49011611938477e-08,1.94755458627224,1.67224694982755,1.49011611938477e-08,3.58527741784541,12,35
0.511,1000,35,269.183478430183,529.498417987647,269.183478430183,13791.964423348,14162.0225840807,13804.6857818791,58.3702644138547,47.8056949799747,42.4016799355608,-479.38910596124,-344.146898183884,1.49011611938477e-08,1.49011611938477e-08,1.94038824353432,1.37906825958933,0.171920828383327,27.2285480872722,12,35
0.512,1000,35,271.318145283393,529.462386241768,271.318145283393,14145.4734852268,13760.6008952441,13862.5649275189,59.9210347336769,47.3246333109227,45.4284444286807,-498.199353097362,-204.829467110587,1.49011611938477e-08,1.49011611938477e-08,1.8301518889018,1.31296684024405,0.688558519670772,5.61724242437107,12,35
0.513,1000,35,473.409311286211,516.485544988785,473.409311286211,14069.9603859149,13475.4390083076,14304.3426111146,60.5291223470674,46.0578308098261,48.387309643008,-458.371907759519,-151.621310587201,1.49011611938477e-08,1.49011611938477e-08,1.78240264872395,1.58392134401836,1.20195781972022,4.01656388173967,12,35
0.514,1000,35,627.953463508767,535.104287303209,627.953463508767,13693.0847908272,13679.7073378054,14592.3921223426,57.5875963033124,44.2423674059064,49.3217550895012,-365.019149739474,-153.823822419645,1.49011611938477e-08,1.49011611938477e-08,1.86913038045211,2.08437029532005,1.7532018762527,4.78989600006834,12,35
0.515,1000,35,616.61937346511,528.507529435324,616.61937346511,13518.2544520804,14101.1715090098,14400.1961975262,51.1888374627173,42.6861238338125,47.8391416021818,-329.001679268628,-136.765847251181,1.49011611938477e-08,1.49011611938477e-08,1.94183490025115,2.33580733237858,2.01309857248507,6.21820040268595,12,35
0.516,1000,35,583.961513757499,418.140874755327,583.961513757499,13789.8036214386,14196.7058903663,14002.9458350211,43.6358234232388,42.0792229776144,44.8415645648033,-427.56727771551,-54.2762552367588,1.49011611938477e-08,1.49011611938477e-08,1.95710727006905,1.49765558243572,1.52655583566386,4.22547406016828,12,35
0.517,1000,35,459.559301138391,519.725115367238,459.559301138391,14154.7943706195,13846.2223454548,13927.0529655709,41.3839566621072,42.8982652739002,43.0142988574583,-651.879497320279,49.3253247646192,1.49011611938477e-08,1.49011611938477e-08,1.86910646695594,0.506202335001303,0.847512574389849,1.84492638183725,12,35
0.518,1000,35,235.975632394403,530.484490486126,235.975632394403,14153.0554846774,13476.7482571058,14290.7827554539,46.7048613535257,44.7016461842594,43.8927202400848,-837.290482357315,73.8247530575505,1.49011611938477e-08,1.49011611938477e-08,1.78573463921934,1.49011611938477e-08,0.337293764182154,1.31504138044909,12,35
0.519,1000,35,203.816791530424,531.485683948308,203.816791530424,13756.1762910637,13564.125126256,14595.6781158138,53.9893502837794,46.3971576289225,46.2306004373413,-871.495661345476,26.8553675420841,1.49011611938477e-08,1.49011611938477e-08,1.84877768876866,0.329886463733631,1.49011611938477e-08,1.64760169601246,12,35
0.52,1000,35,435.597736391631,523.40788449436,435.597736391631,13436.8454324917,14000.8887446798,14416.5007833986,60.735543679684,47.5544826128774,49.3947894483646,-842.969215651751,-54.3432054583681,1.49011611938477e-08,1.49011611938477e-08,1.92920801271299,0.718601692902652,1.49011611938477e-08,2.2925404567082,12,35
0.521,1000,35,629.685574480672,-14144.9335306378,629.685574480672,13620.9906212651,14239.9937176069,13981.3124235526,64.3172127857609,47.8994845386665,51.518799948448,-756.959960105722,-185.783029981263,1.49011611938477e-08,1.49011611938477e-08,1.9534857174452,1.12957184021904,0.159310842820565,3.44348615485971,12,35
0.522,1000,35,609.566304060801,-4949.26494199965,609.566304060801,14005.7215267586,14006.0178041876,13809.2438171927,64.2508418002364,46.8421730319993,52.0125116986157,-605.365198613085,-279.29820003672,1.49011611938477e-08,1.49011611938477e-08,1.8984245114336,1.50407546226563,0.717439475514994,4.36343534795833,12,35
0.523,1000,35,589.930814104129,-182.948500837554,589.930814104129,14041.7424714596,13611.4606667298,14082.6929994403,63.1762077785842,43.7004163711217,51.9356758331109,-463.558124325157,-223.803156775994,1.49011611938477e-08,1.49011611938477e-08,1.8140119764578,1.74643694072913,1.3068652634728,3.52936454064264,12,35
0.524,1000,35,592.789515274046,-1805.62887457538,592.789515274046,13697.4393552206,13575.2555946473,14478.8308325977,62.2916496786756,38.801934671118,51.1652626791525,-365.016661424856,-110.980039067826,1.49011611938477e-08,1.49011611938477e-08,1.85128127771364,1.98742069012572,1.89850188354339,2.67763923887629,12,35
0.525,1000,35,552.230904287255,302.385268417467,552.230904287255,13312.0671662089,13952.1352996023,14450.088344384,61.8945503302846,33.39192537279,49.7512243072881,-361.755774058405,-10.5334669754407,1.49011611938477e-08,1.49011611938477e-08,1.92602282041813,2.15512490953512,2.42119718291477,2.24417527943556,12,35
0.526,1000,35,510.77827481386,479.740360905423,510.77827481386,13386.9562700065,14245.1361337385,14018.8213024977,62.5282381234794,29.9604773597841,47.8435481919791,-486.208997715034,19.2571649838421,1.49011611938477e-08,1.49011611938477e-08,1.95280853459665,2.02738890631712,2.72793903441147,2.14984094501028,12,35
0.527,1000,35,516.762921460896,467.926021856653,516.762921460896,13841.7784073117,14074.2796852053,13725.5859849725,63.537003895479,31.2324794479141,45.5198595478375,-682.332113930333,-107.700847722841,1.49011611938477e-08,1.49011611938477e-08,1.92484180528817,1.74833020758554,0.933586997795464,2.52080507533721,12,35
0.528,1000,35,517.200149153454,466.359142575032,517.200149153454,14116.4591327206,13645.9409440793,13964.2871776688,63.6263335326268,36.2509943164857,43.3501539440249,-761.108599188538,-363.545868527562,1.49011611938477e-08,1.49011611938477e-08,1.81300318194321,1.64536757218174,1.49011611938477e-08,2.97672424336746,12,35
0.529,1000,35,501.385629621343,494.701157627207,501.385629621343,13900.6082009214,13491.1665755842,14427.0452617821,62.1597417784192,41.4094524519717,41.4715648416259,-673.479549660885,-554.798349246158,1.49011611938477e-08,1.49011611938477e-08,1.81452482335512,1.72708327872274,1.49011611938477e-08,2.47217961427961,12,35
0.53,1000,35,449.133489157907,521.711383944545,449.133489157907,13490.3761362348,13812.4669177529,14541.622054164,59.6863137521629,45.0526141388879,40.0845256806409,-548.195815961447,-585.478395161407,1.49011611938477e-08,1.49011611938477e-08,1.90420344897954,1.79660507674296,1.49011611938477e-08,2.34468526518736,12,35
0.531,1000,35,352.530224273067,526.974697424333,352.530224273067,13434.8768092603,14190.7155895232,14178.3725231542,58.0917194350898,46.9445351281174,40.4151597503082,-482.351035321172,-490.358104935889,1.49011611938477e-08,1.49011611938477e-08,1.94870576506283,1.64316332240215,1.49011611938477e-08,3.97259335836418,12,35
0.532,1000,35,250.014808596918,530.084413871732,250.014808596918,13818.7752577988,14148.5892242966,13796.5997171701,58.4282619535704,47.4118937860144,42.481068361191,-478.539017718701,-326.412069996503,1.49011611938477e-08,1.49011611938477e-08,1.9367097419659,1.37181734394938,0.214671947596507,36.5893112494641,12,35
0.533,1000,35,265.31643637618,529.652150190415,265.31643637618,14155.1187366891,13738.5459989316,13884.1884494183,59.9510377362045,46.8340736016006,45.5557369055914,-492.22065229643,-194.029473174162,1.49011611938477e-08,1.49011611938477e-08,1.82325413784712,1.33572603619158,0.726130557471069,5.18977596596789,12,35
0.534,1000,35,475.169907119378,515.663854613233,475.169907119378,14054.9620303355,13476.1213911604,14333.74603403,60.262959273229,45.4515379302734,48.4195700418851,-443.070858901447,-147.029734901112,1.49011611938477e-08,1.49011611938477e-08,1.78449534944342,1.63062251434227,1.25270926958766,3.94177735914459,12,35
0.535,1000,35,625.333630600545,-11352.9148428461,625.333630600545,13673.2904687999,13705.2623972873,14596.360152385,56.9826199663895,43.560348409782,49.2278103042407,-348.888808552604,-149.971672166083,1.49011611938477e-08,1.49011611938477e-08,1.87466863497612,2.1397960575991,1.80991789761456,4.77768027507698,12,35
0.536,1000,35,615.73332536311,-6848.75201701475,615.73332536311,13522.8707631636,14121.0224161602,14379.5025104848,50.2841505000906,41.9829156103429,47.6410730231164,-318.986312725915,-131.852128157257,1.49011611938477e-08,1.49011611938477e-08,1.94411475396551,2.34802856235817,2.04829742544529,6.09802204053584,12,35
0.537,1000,35,580.446526334878,-473.449748523482,580.446526334878,13813.0923251067,14189.6008963504,13986.302857805,42.7699578234335,41.4451561220313,44.6802056915496,-430.374095626482,-43.7951150360707,1.49011611938477e-08,1.49011611938477e-08,1.95545397287703,1.43899003201662,1.5072257267225,3.971884626483,12,35
0.538,1000,35,448.227464801004,521.740838252225,448.227464801004,14167.4864156393,13822.7952082795,13938.1245353896,41.0190043334992,42.3731146318986,43.0521164301632,-659.060393478184,54.3863950733957,1.49011611938477e-08,1.49011611938477e-08,1.86153855656532,0.45974289721279,0.814716097775432,1.78048389190383,12,35
0.539,1000,35,221.83878660537,530.907503491432,221.83878660537,14138.4640995098,13469.1472346037,14314.8831383281,46.7696805212801,44.2756437397444,44.0734124069236,-837.248900022205,69.8745141600744,1.49011611938477e-08,1.49011611938477e-08,1.78533013761093,1.49011611938477e-08,0.29238876755496,1.33627475836453,12,35
0.54,1000,35,210.629587364781,531.270260669121,210.629587364781,13728.9359525067,13586.4235025789,14595.9674708619,54.1250186961967,46.0158081293184,46.4210507213024,-863.412938878392,20.8573884461205,1.49011611938477e-08,1.49011611938477e-08,1.85454890876625,0.368502892157938,1.49011611938477e-08,1.69184304251085,12,35
0.541,1000,35,441.357472381167,522.940249081212,441.357472381167,13434.9055757216,14026.3000668794,14393.1559574543,60.8183845303598,47.1922473792016,49.5307654050446,-832.983162392481,-58.1103078096003,1.49011611938477e-08,1.49011611938477e-08,1.9317761209714,0.757918838349981,1.49011611938477e-08,2.36763853539193,12,35
0.542,1000,35,628.702412339514,535.749319635472,628.702412339514,13644.2614303802,14241.4393796764,13959.4342371886,64.1987695671842,47.5315806817256,51.4997205648373,-739.176824253829,-195.379350431787,1.49011611938477e-08,1.49011611938477e-08,1.95305014587338,1.17148483841457,0.157240380722599,3.54278308222384,12,35
0.543,1000,35,607.490046226127,525.281095066359,607.490046226127,14021.4241643641,13985.3323363334,13813.3363687131,64.0510514932186,46.4780078199884,51.9107300385668,-587.448759933772,-279.879907185801,1.49011611938477e-08,1.49011611938477e-08,1.89252983114607,1.54197287470311,0.72818832570896,4.39731262267391,12,35
0.544,1000,35,591.166944886014,-90.9485679520657,591.166944886014,14029.614126837,13597.7655073223,14102.44871191,63.0988899085346,43.3708583289581,51.8451587716599,-454.067006212206,-213.489918565331,1.49011611938477e-08,1.49011611938477e-08,1.81290777079283,1.76872435493002,1.32559703418066,3.44184911398365,12,35
0.545,1000,35,594.034443266969,508.471497529536,594.034443266969,13669.2769014555,13590.2200700977,14485.2266044453,62.2950597754031,38.5215319314773,51.0391585348776,-363.721580809903,-97.4066863398485,1.49011611938477e-08,1.49011611938477e-08,1.85650391626446,2.00061144637714,1.9173458739449,2.58726135006491,12,35
0.546,1000,35,556.64270853515,268.715088501378,556.64270853515,13300.2412645984,13977.003696333,14427.641955487,61.9785679921436,33.3461468300664,49.5635233125634,-368.270624805131,-4.78532749665564,1.49011611938477e-08,1.49011611938477e-08,1.92877260003027,2.14980366287484,2.48206053819936,2.1819422976408,12,35
0.547,1000,35,513.451639133931,474.32894896517,513.451639133931,13406.3919217998,14247.3093745982,13986.6949542171,62.6583713813273,30.4723931821319,47.6060928249219,-507.197379240246,15.9516517145121,1.49011611938477e-08,1.49011611938477e-08,1.95381368392202,2.00545727286752,2.62838634094626,2.12968326508132,12,35
0.548,1000,35,495.196198122984,502.245588254711,495.196198122984,13865.9571080112,14051.3842660591,13720.0531729611,63.6848348194835,32.4024065357379,45.3196977889216,-705.288579012097,-127.867966316239,1.49011611938477e-08,1.49011611938477e-08,1.9200915461826,1.72771803721398,0.837222231733612,2.52876305302536,12,35
0.549,1000,35,508.837484270637,483.750930029893,508.837484270637,14114.0771492924,13624.843953765,13985.3287233127,63.7419285361976,37.6825771230153,43.2505685200138,-774.067010376167,-387.817686213755,1.49011611938477e-08,1.49011611938477e-08,1.80981948949723,1.63121855394737,1.49011611938477e-08,2.8826641684805,12,35
0.55,1000,35,495.526018067406,501.431840329003,495.526018067406,13870.8108973992,13496.4429305142,14441.5249977702,62.2734954205133,42.9111544891646,41.45362213591,-681.098731722937,-571.799917092695,1.49011611938477e-08,1.49011611938477e-08,1.81982815733012,1.70844005628389,1.49011611938477e-08,2.35664790990708,12,35
0.551,1000,35,446.963060293511,522.014277882729,446.963060293511,13467.9869036375,13836.4086687928,14527.1053063031,59.8614488801024,46.5625069334692,40.1898976385882,-562.592387247207,-595.594193886079,1.49011611938477e-08,1.49011611938477e-08,1.90874507616125,1.76095589368294,1.49011611938477e-08,2.29526767727528,12,35
0.552,1000,35,359.155166048867,526.784545085317,359.155166048867,13441.8831777471,14200.8553813775,14147.1960384094,58.3706212819295,48.4504631177322,40.6274330727049,-493.193946527047,-492.151699646775,1.49011611938477e-08,1.49011611938477e-08,1.94988413755274,1.59575683925606,1.49011611938477e-08,4.01395418463439,12,35
0.553,1000,35,250.68856764606,530.047184323491,250.68856764606,13839.2554036514,14130.4872863232,13782.0075341613,58.7593554501553,48.8839093419615,42.7580382814792,-488.325140180699,-326.894272896429,1.49011611938477e-08,1.49011611938477e-08,1.93306394655378,1.34181513746231,0.217324457237969,31.2226984014407,12,35
0.554,1000,35,280.264132274256,529.194677604394,280.264132274256,14157.9194220426,13713.2191878803,13899.8380176591,60.1784470099459,48.2708517375464,45.8493610700465,-494.721264631863,-197.999792402905,1.49011611938477e-08,1.49011611938477e-08,1.81758714158172,1.33425555334395,0.751004637636099,5.14196219166737,12,35
0.555,1000,35,503.539200665557,493.986236866849,503.539200665557,14031.6249484958,13474.539220494,14353.3507148006,60.2231940490563,46.8505484125178,48.6519944722274,-437.759857839143,-153.763579537464,1.49011611938477e-08,1.49011611938477e-08,1.7881704036271,1.65075594023922,1.29761142482494,3.99668387283538,12,35
0.556,1000,35,626.968322291219,534.388698281399,626.968322291219,13649.3849076969,13727.7827846075,14592.5450627352,56.5488417626819,44.9539580730959,49.3062551198014,-347.291963898688,-155.276906842618,1.49011611938477e-08,1.49011611938477e-08,1.88067815774125,2.16400059686634,1.87163925571878,4.88208226678581,12,35
0.557,1000,35,614.109308914508,527.502592439584,614.109308914508,13524.1848660811,14136.2640130287,14352.8600300821,49.5911973403855,43.4387319205414,47.6340546809391,-323.156883753264,-132.162798656683,1.49011611938477e-08,1.49011611938477e-08,1.94647905839191,2.32114138164391,2.07739522952602,6.11462458443792,12,35
0.558,1000,35,575.898011535258,197.237470927535,575.898011535258,13832.099514348,14176.0530022053,13965.6770026659,42.1314140990741,42.9893927714576,44.7313501941304,-449.358657171158,-39.8598733716641,1.49011611938477e-08,1.49011611938477e-08,1.95373573009223,1.35422092860622,1.47264323497323,3.80635530464662,12,35
0.559,1000,35,431.903874937646,523.528947957653,431.903874937646,14173.7288654596,13794.560665703,13946.2283472568,40.9700891664521,44.0094434526602,43.306419790575,-684.488599189362,53.1724503834396,1.49011611938477e-08,1.49011611938477e-08,1.85494962154147,0.389271351415678,0.772542961523784,1.71314362722224,12,35
0.56,1000,35,215.485604175213,531.096774981987,215.485604175213,14121.6000583683,13459.3446769002,14337.0236576752,47.0706500939396,45.9343007240407,44.4206262776242,-854.674768900068,59.8391160605847,1.49011611938477e-08,1.49011611938477e-08,1.78626582208087,1.49011611938477e-08,0.215904746955571,1.3475561440922,12,35
0.561,1000,35,225.390479175443,530.854004240376,225.390479175443,13699.6817170464,13605.0217085524,14596.84905501,54.4862305378963,47.6660435137789,46.7078624626609,-873.722197954712,7.92997493103055,1.49011611938477e-08,1.49011611938477e-08,1.86024840208582,0.36196930229844,1.49011611938477e-08,1.7603101651077,12,35
0.562,1000,35,473.738391191187,516.206413471316,473.738391191187,13431.9170197199,14047.8466712079,14371.709155037,61.1002701474513,48.833621656901,49.6970881108203,-836.653964466149,-78.6469911272006,1.49011611938477e-08,1.49011611938477e-08,1.93430938988084,0.760117231636098,1.49011611938477e-08,2.49399538236241,12,35
0.563,1000,35,627.960875440893,-12943.0067386482,627.960875440893,13665.2740228783,14237.0855637049,13940.6054417551,64.2657423879341,49.1003803153777,51.4940782321252,-734.5311396069,-212.464945137925,1.49011611938477e-08,1.49011611938477e-08,1.95252771614075,1.17034261495139,0.154437089863617,3.69403351705933,12,35
0.564,1000,35,604.768703593241,-3810.15522469898,604.768703593241,14035.319163095,13961.038862964,13821.3584179609,63.9910464350843,47.8551256172062,51.8135484598318,-576.445294663049,-280.524498941394,1.49011611938477e-08,1.49011611938477e-08,1.88640477124447,1.53111424847194,0.762062889906249,4.38391941324175,12,35
0.565,1000,35,594.700877735237,-2017.80318329635,594.700877735237,14024.894796721,13583.8515583508,14137.4588748432,62.9800761916065,44.4583417443711,51.685198584907,-440.671861698811,-201.43160898324,1.49011611938477e-08,1.49011611938477e-08,1.81111254496651,1.76084009300482,1.38184084347005,3.30571240659448,12,35
0.566,1000,35,589.122199431105,-1338.54173581829,589.122199431105,13648.3356493845,13605.0836783051,14504.1512127221,62.1096146227133,39.423056986709,50.7389555360245,-351.8558535041,-89.7687207216398,1.49011611938477e-08,1.49011611938477e-08,1.86084874850761,2.01029267435562,1.95299417600662,2.51252411437214,12,35
0.567,1000,35,542.899959228405,364.211496983388,542.899959228405,13296.9704987935,14001.257729295,14418.6540973668,61.8285875310077,34.1412812317538,49.1852784180546,-360.093394760197,9.1679206295324,1.49011611938477e-08,1.49011611938477e-08,1.9308501033195,2.15773140878044,2.51308055436755,2.13008522473341,12,35
0.568,1000,35,503.632698599462,492.140463390701,503.632698599462,13431.7244690597,14251.9300905333,13972.5582461071,62.6308443938951,31.1896210393099,47.16240610687,-507.810807376756,29.1162175812039,1.49011611938477e-08,1.49011611938477e-08,1.95417617618241,1.98443832982602,2.69750682718496,2.08216126054666,12,35
0.569,1000,35,507.94811254269,484.658278836739,507.94811254269,13894.1200738546,14031.3356497856,13732.023971742,63.7457907544999,32.9817623329534,44.7583948579683,-707.41371758287,-118.252502397357,1.49011611938477e-08,1.49011611938477e-08,1.91414988876927,1.69059355408109,0.827369957475449,2.49881445168246,12,35
0.57,1000,35,520.631568924625,457.494981030168,520.631568924625,14116.037906894,13606.4229593206,14022.1473889653,63.8840705784147,38.1198841793294,42.5129030996341,-771.730838522607,-375.422204754813,1.49011611938477e-08,1.49011611938477e-08,1.80545474376211,1.5856824951367,1.49011611938477e-08,2.95787446793345,12,35
0.571,1000,35,508.675021441876,483.681281417342,508.675021441876,13852.9897885946,13507.202763837,14471.466761482,62.4846641963481,43.1773207780773,40.518492642433,-683.760772766362,-544.786129407871,1.49011611938477e-08,1.49011611938477e-08,1.82396796261169,1.64870013568494,1.49011611938477e-08,2.49896389737876,12,35
0.572,1000,35,457.580533638808,520.258721836346,457.580533638808,13457.6731873649,13863.8356541428,14527.4718020365,60.2091208099508,46.6734617269147,39.1653284671132,-562.113705263548,-565.33905730513,1.49011611938477e-08,1.49011611938477e-08,1.91245062765274,1.67464774767684,1.49011611938477e-08,2.51778300672323,12,35
0.573,1000,35,357.572986610282,526.833134775937,357.572986610282,13460.6325664749,14212.8447862487,14134.0122297474,58.9174454647874,48.4346309437347,39.7135286483871,-497.252046620413,-456.289615665198,1.49011611938477e-08,1.49011611938477e-08,1.95099285271071,1.49314195486258,1.49011611938477e-08,4.91470706160346,12,35
0.574,1000,35,262.514312949649,529.709748172848,262.514312949649,13866.6142384334,14115.0795502022,13788.1666008611,59.4764852576957,48.7669495262551,42.0804679940236,-495.4881018104,-288.825812287778,1.49011611938477e-08,1.49011611938477e-08,1.92903251469078,1.26481794109268,0.252441882477976,16.1825295935462,12,35
0.575,1000,35,293.307031669008,528.80411766125,293.307031669008,14164.0170850501,13692.1801559133,13934.4999458515,60.9654523655915,48.0439487783321,45.4084031568734,-500.731629974209,-163.271788902121,1.49011611938477e-08,1.49011611938477e-08,1.812252200198,1.29203378854946,0.790553162202419,4.14126216547172,12,35
0.576,1000,35,518.1093780805,466.536465591157,518.1093780805,14015.0273641384,13478.7529237088,14392.8301524734,60.8816233863267,46.5080258438594,48.2737432881474,-443.330466327439,-124.373646229258,1.49011611938477e-08,1.49011611938477e-08,1.79192285634954,1.62695816235869,1.35300912811477,3.46012872629242,12,35
0.577,1000,35,625.771063255953,-11483.5737674447,625.771063255953,13631.6666030995,13754.8885927391,14605.1844581831,57.0890740482994,44.5313434225762,48.875930859694,-348.420038523243,-126.117961067902,1.49011611938477e-08,1.49011611938477e-08,1.88629636872032,2.12901855718393,1.93729154556302,4.19948272941608,12,35
0.578,1000,35,613.653566372803,-6138.75585865807,613.653566372803,13532.3198556627,14153.6613549543,14343.3954683767,50.0811740994205,42.9465603211318,47.1692982676206,-331.193290945453,-99.0298822319293,1.49011611938477e-08,1.49011611938477e-08,1.94857618379691,2.22889196747979,2.13414656264235,4.92634476761786,12,35
0.579,1000,35,572.509903650324,85.7993384811214,572.509903650324,13855.9357639694,14165.3542317762,13964.1618801222,42.9272883079366,42.4862986826029,44.3720248850997,-467.613292641835,-4.83178136047352,1.49011611938477e-08,1.49011611938477e-08,1.95156224614549,1.27249187244204,1.48350062185633,3.07102493514381,12,35
0.58,1000,35,422.84407399227,524.174510505303,422.84407399227,14183.9362857425,13771.2243607926,13972.8315828497,42.1896212073081,43.5150712211249,43.1659402227238,-704.72704843715,80.8139315371316,1.49011611938477e-08,1.49011611938477e-08,1.84836021459169,0.360299183411696,0.770565013518889,1.51220831695364,12,35
0.581,1000,35,208.60588294791,531.302502396996,208.60588294791,14105.2541067014,13455.2435925879,14373.1598874838,48.3483943220645,45.44569764269,44.4129527044718,-861.597320876139,79.8981658575066,1.49011611938477e-08,1.49011611938477e-08,1.78777988687061,1.49011611938477e-08,0.227022301436603,1.27061555908563,12,35
0.582,1000,35,237.161288790616,530.476709984201,237.161288790616,13667.2786293047,13628.9939347931,14599.5796521304,55.6287091420096,47.1443262679729,46.8003714454105,-880.131894966325,26.0225565715115,1.49011611938477e-08,1.49011611938477e-08,1.86682070300565,0.375717259100163,1.49011611938477e-08,1.65871974135126,12,35
0.583,1000,35,493.028960618287,505.54392981069,493.028960618287,13427.937131982,14071.4479066381,14352.8865420059,61.9695781640904,48.2583098538956,49.7813689645669,-841.15211427845,-64.2687258646603,1.49011611938477e-08,1.49011611938477e-08,1.93684765380155,0.766646981982762,1.49011611938477e-08,2.34562177566626,12,35
0.584,1000,35,626.945107463628,-12278.8306936507,626.945107463628,13683.8484795578,14234.4578668698,13928.0747904485,64.7507744524921,48.4481718210466,51.4486902459823,-736.718706037752,-200.030523107515,1.49011611938477e-08,1.49011611938477e-08,1.95201730522047,1.16776134750775,0.250171950053834,3.42504436794698,12,35
0.585,1000,35,602.186905118331,-3297.98351011745,602.186905118331,14042.3516171122,13937.0898828821,13834.8234692304,64.2497502907525,47.154580054635,51.7157897314198,-579.664378664874,-265.828750998419,1.49011611938477e-08,1.49011611938477e-08,1.88126078316393,1.51690417007562,0.802855190210861,4.01947148425868,12,35
0.586,1000,35,597.379244267519,-2413.81091664248,597.379244267519,14007.2434388469,13570.8509816974,14164.6544628026,63.2042907906021,43.7553998445436,51.6722488745425,-453.899780755591,-192.544910147728,1.49011611938477e-08,1.49011611938477e-08,1.81173795132951,1.73938222887122,1.41581213286625,3.08514083829794,12,35
0.587,1000,35,590.399751570189,-1502.76146079214,590.399751570189,13616.4383034032,13620.7331568459,14514.1347381735,62.2678884961735,38.7075439484249,50.8452617136071,-362.313910668771,-78.1276758233917,1.49011611938477e-08,1.49011611938477e-08,1.86668779978902,1.98721331774169,1.97911559153066,2.40207624693965,12,35
0.588,1000,35,548.100706734797,332.167298929438,548.100706734797,13283.6696419992,14023.3460605799,14398.3147933697,61.962272289731,33.5364899579355,49.4029111617217,-378.139586499524,15.5504805605361,1.49011611938477e-08,1.49011611938477e-08,1.93343683213685,2.12174457373001,2.57571076704119,2.07641671564616,12,35
0.589,1000,35,507.614352375776,485.351440481093,507.614352375776,13448.814245844,14250.1535617429,13944.6849748465,62.7369955051131,30.9608130838041,47.4511119565638,-533.943706040845,22.7238595137983,1.49011611938477e-08,1.49011611938477e-08,1.95504998698053,1.9436557647808,2.50708500352922,2.07403131050934,12,35
0.59,1000,35,500.217198450303,496.747762649608,500.217198450303,13913.8966821054,14005.7450225508,13731.0923272103,63.7844444680354,33.2537815867619,45.1096286573009,-730.127392689894,-141.858924431231,1.49011611938477e-08,1.49011611938477e-08,1.90879149016295,1.67007200599012,0.740534892213475,2.52554524058324,12,35
0.591,1000,35,512.823698237332,476.166883715274,512.823698237332,14110.3359097486,13586.3378009545,14045.2961610118,63.7303656475684,38.5848086891932,42.8942038430801,-779.927205061961,-392.128389679939,1.49011611938477e-08,1.49011611938477e-08,1.80287187674975,1.59332254109117,1.49011611938477e-08,2.88556857534338,12,35
0.592,1000,35,498.316501932718,498.421356355401,498.316501932718,13824.4014518577,13515.2353526799,14484.6828822482,62.1031801716743,43.6604379351411,40.870395062155,-679.76215480886,-567.152971589637,1.49011611938477e-08,1.49011611938477e-08,1.82928618794461,1.67328612724677,1.49011611938477e-08,2.37426907650805,12,35
0.593,1000,35,446.173025067145,522.114636404677,446.173025067145,13439.654579007,13886.993197076,14508.8120906038,59.6912298528056,47.1077918855818,39.5915094875541,-558.231589679364,-577.045072252056,1.49011611938477e-08,1.49011611938477e-08,1.91632292925945,1.69834640851573,1.49011611938477e-08,2.43895338515635,12,35
0.594,1000,35,352.680853316861,526.968937341019,352.680853316861,13472.3634534824,14218.6550311795,14100.7561758235,58.409287553128,48.8191185416964,40.2274025902207,-497.150324362615,-460.744149303452,1.49011611938477e-08,1.49011611938477e-08,1.95185498220385,1.50611133299872,1.49011611938477e-08,4.83489547377793,12,35
0.595,1000,35,251.488881942321,530.039583443597,251.488881942321,13889.5003946707,14094.0458328119,13774.5213407187,59.0076270260779,49.1070838750719,42.5719029652137,-497.668673375619,-293.144748970188,1.49011611938477e-08,1.49011611938477e-08,1.92420978113804,1.27564295664086,0.285862862053327,17.0606018352974,12,35
0.596,1000,35,297.690596102646,528.694189252916,297.690596102646,14166.7811561189,13667.389912232,13949.8359747377,60.4295178959743,48.3711847181323,45.8052198445231,-500.109124327536,-177.021411159406,1.49011611938477e-08,1.49011611938477e-08,1.80663731825522,1.31217412893981,0.812611349286842,4.35131225117099,12,35
0.597,1000,35,540.255693716977,384.585494114729,540.255693716977,13992.5599909159,13479.7192341589,14407.6079183241,60.1593188027962,46.8374317287214,48.5251478458779,-437.024540300618,-138.320236682074,1.49011611938477e-08,1.49011611938477e-08,1.79569045621259,1.65785279389674,1.37475772709276,3.68747398360964,12,35
0.598,1000,35,626.178117839991,533.825764886196,626.178117839991,13612.522212257,13777.5664502968,14594.8187978735,56.0829417205432,44.9024756546828,48.9582046503502,-344.324349135225,-139.700700135013,1.49011611938477e-08,1.49011611938477e-08,1.89145804226994,2.15597345165201,1.94659948276403,4.54652026424456,12,35
0.599,1000,35,612.03857563049,526.759162909476,612.03857563049,13539.502904246,14165.8448078205,14312.70294224,48.8960872738579,43.4270791218094,47.1293379357482,-336.579224255668,-108.615497362352,1.49011611938477e-08,1.49011611938477e-08,1.95043780231026,2.19720013027968,2.08120268907572,5.3110228108936,12,35
0.6,1000,35,568.253767434929,166.36816829189,568.253767434929,13878.2158619133,14149.274069579,13943.3057383713,41.8961811489144,43.093056926783,44.3601976010825,-483.679255040849,-11.7569424738327,1.49011611938477e-08,1.49011611938477e-08,1.94864128984417,1.19479177108272,1.40840288692388,3.12471460198391,12,35
0.601,1000,35,408.182491241332,524.973885247113,408.182491241332,14190.4478596723,13743.6701177901,13981.0577116739,41.7788941733915,44.235214543523,43.3179104820577,-709.106649372495,66.8597441475707,1.49011611938477e-08,1.49011611938477e-08,1.84126186539563,0.292778336241711,0.721504663411963,1.52382231852043,12,35
0.602,1000,35,203.736128364015,531.450577483591,203.736128364015,14088.3881431536,13449.2257720133,14390.91630609,48.2394206797779,46.1874767037646,44.6364988288999,-865.423046646105,62.5144708672339,1.49011611938477e-08,1.49011611938477e-08,1.78900461939425,1.49011611938477e-08,0.154225210231399,1.32876852216763,12,35
0.603,1000,35,249.756768061304,530.128318315078,249.756768061304,13643.1817269252,13650.5327481782,14595.2355020504,55.5442400275204,47.8780808505233,46.979705130286,-875.764162956046,5.48911364719477,1.49011611938477e-08,1.49011611938477e-08,1.87185540642348,0.400404903665471,1.49011611938477e-08,1.76639208687516,12,35
0.604,1000,35,512.944958487488,479.234865607636,512.944958487488,13431.21999659,14091.4904603969,14327.5655970868,61.7888689088808,48.9796898877104,49.8443630600605,-830.657027294725,-88.3044965486677,1.49011611938477e-08,1.49011611938477e-08,1.93885714225409,0.795136614474548,1.49011611938477e-08,2.52180166635374,12,35
0.605,1000,35,625.301353287437,-11259.2239162323,625.301353287437,13708.8177526859,14227.5879821675,13908.0491907787,64.3748020557063,49.1234926955052,51.3429119795638,-719.916860941899,-218.824408333044,1.49011611938477e-08,1.49011611938477e-08,1.95057984348598,1.19483143145435,0.271890093282984,3.64855923063473,12,35
0.606,1000,35,599.149968896727,-2762.46679752787,599.149968896727,14056.7099170101,13914.2004362141,13843.1631996746,63.812838902266,47.680982982092,51.5373464681943,-568.264296656239,-268.108300959991,1.49011611938477e-08,1.49011611938477e-08,1.87463236832236,1.53539725814441,0.839235353583743,4.08885082875229,12,35
0.607,1000,35,599.816705694114,519.964037466305,599.816705694114,13996.3363254202,13560.8469956321,14193.8250416887,62.8213014680636,44.0640209245828,51.4439881863113,-437.576341758967,-180.94522606285,1.49011611938477e-08,1.49011611938477e-08,1.81096464643008,1.75146824854251,1.46413204248853,3.00619401161356,12,35
0.608,1000,35,590.692369749678,491.594943018851,590.692369749678,13591.1961202853,13639.0529880196,14523.0150430523,61.9432443127878,38.9173087372638,50.4857982697874,-353.003005891117,-64.5570318459488,1.49011611938477e-08,1.49011611938477e-08,1.87127941373263,1.99182905565601,1.99906242636767,2.32237142504826,12,35
0.609,1000,35,547.709196469674,334.865625178407,547.709196469674,13278.6370523104,14046.6665526682,14380.1339187034,61.6982798748144,33.7584494323321,48.9157292583885,-378.433340068364,25.8131402105529,1.49011611938477e-08,1.49011611938477e-08,1.93534436330827,2.10979615584924,2.60599460815127,2.01274093340032,12,35
0.61,1000,35,514.984320249632,471.974370757689,514.984320249632,13471.2931878458,14250.34585993,13924.2634296872,62.5050592842588,31.2720889581038,46.8554275332644,-540.835648385112,24.3846307077934,1.49011611938477e-08,1.49011611938477e-08,1.95528360067741,1.91791198956868,2.49148372000449,2.02862905622031,12,35
0.611,1000,35,505.372353390165,488.74614629305,505.372353390165,13936.6728330141,13984.2558882106,13740.0274978585,63.4816784784394,33.6087452802583,44.4743196726426,-723.948833201816,-138.323357202417,1.49011611938477e-08,1.49011611938477e-08,1.90253193358054,1.65534401483074,0.724104937819155,2.50716432588711,12,35
0.612,1000,35,512.510058153497,475.484337285228,512.510058153497,14105.2528052042,13571.0921067725,14076.6405297812,63.3538100433144,38.8778104419965,42.3159677684271,-769.468403573878,-400.084880729691,1.49011611938477e-08,1.49011611938477e-08,1.80011852959582,1.59084330752089,1.49011611938477e-08,2.87353065123655,12,35
0.613,1000,35,492.968429078784,503.851967360012,492.968429078784,13800.3873776275,13529.6056838945,14504.1717372599,61.6890602738136,43.810024014085,40.408285410831,-664.870538829772,-563.711882335459,1.49011611938477e-08,1.49011611938477e-08,1.83435500985188,1.6747128604259,1.49011611938477e-08,2.39606075690384,12,35
0.614,1000,35,433.387825255569,523.506649909573,433.387825255569,13426.9561770398,13914.736711496,14498.32051689,59.3520841456403,47.1181811636081,39.2713746620964,-546.952974053605,-563.454073284445,1.49011611938477e-08,1.49011611938477e-08,1.91970994020807,1.69236250626179,1.49011611938477e-08,2.55496321466794,12,35
0.615,1000,35,333.047705519009,527.585559466008,333.047705519009,13489.4948889792,14228.0611861897,14078.852960928,58.2146076197283,48.7182694100836,40.0479103702962,-490.58159762439,-441.564157298302,1.49011611938477e-08,1.49011611938477e-08,1.95259077486378,1.49505862929714,1.49011611938477e-08,5.50501169323414,12,35
0.616,1000,35,244.699473105558,530.229940282775,244.699473105558,13913.6706169511,14076.6983410347,13774.3545997657,58.9178045783945,48.93089910898,42.4993331437572,-492.017260070384,-282.260810939331,1.49011611938477e-08,1.49011611938477e-08,1.91898597715923,1.27765874399812,0.333386066730393,12.5189792873591,12,35
0.617,1000,35,301.873741357273,528.547132504544,301.873741357273,14169.1978374222,13648.8097407392,13977.1571262007,60.303830541448,48.1244901230594,45.7834086823583,-491.475218895504,-163.531611830617,1.49011611938477e-08,1.49011611938477e-08,1.80154794341018,1.3330507295103,0.858051107361294,4.03407539283479,12,35
0.618,1000,35,547.36084920235,344.654865405013,547.36084920235,13974.2850840778,13488.4069093644,14436.2940864305,59.7557459482526,46.5163583213764,48.391497154774,-421.998012174221,-129.457636337868,1.49011611938477e-08,1.49011611938477e-08,1.79973625934071,1.69439342587289,1.43517913491779,3.55483886387092,12,35
0.619,1000,35,625.185060894543,-11181.4613545942,625.185060894543,13596.898013663,13806.0386127539,14594.435763039,55.4106184271231,44.5473886539201,48.6846818717546,-331.286531537312,-130.041855556772,1.49011611938477e-08,1.49011611938477e-08,1.89648367626393,2.18755996560929,2.01659224192985,4.38482847014414,12,35
0.62,1000,35,610.294080455479,-5134.77658011884,610.294080455479,13550.6523293217,14181.4024408254,14293.1611886655,48.0149129365687,43.0576334270415,46.785521502829,-333.389038545123,-93.4807967954245,1.49011611938477e-08,1.49011611938477e-08,1.9521763940026,2.16123443082226,2.12503888017296,4.90942795064792,12,35
0.621,1000,35,560.395733756282,237.248659379108,560.395733756282,13902.0580904813,14135.6356791065,13934.6249081657,41.2435139333577,42.7819088177547,44.1337147394032,-481.440849418722,0.000275632229214972,1.49011611938477e-08,1.49011611938477e-08,1.94529952279954,1.1195873997904,1.39257207821742,2.81547191285358,12,35
0.622,1000,35,388.13892363582,525.788214520597,388.13892363582,14197.7714397254,13720.5714564494,14000.520155507,41.7080284831127,44.0083237134607,43.3207604997414,-720.979593540168,76.6946654925068,1.49011611938477e-08,1.49011611938477e-08,1.83442968883398,0.21639036607055,0.690827181892779,1.43435954230155,12,35
0.623,1000,35,209.78771331491,531.279579849682,209.78771331491,14071.6938431362,13448.3641157682,14417.9085942699,48.4430043446018,46.0263941483209,44.7180021289107,-868.201270636934,62.4421520743417,1.49011611938477e-08,1.49011611938477e-08,1.79072867447122,1.49011611938477e-08,0.01771058673079,1.32734629296948,12,35
0.624,1000,35,259.987118550267,529.821795758259,259.987118550267,13621.7636364612,13675.6204372763,14593.2250818061,55.7731709640162,47.7278651472969,47.0789261436502,-872.015339600074,3.46060887140935,1.49011611938477e-08,1.49011611938477e-08,1.87715297894335,0.419937513286509,1.49011611938477e-08,1.78509229480725,12,35
0.625,1000,35,547.459655419701,345.214647164466,547.459655419701,13438.5167595945,14113.1550265472,14305.0496698893,61.8695093576385,48.8181165461145,49.8614515505455,-821.829347020722,-93.5236391798979,1.49011611938477e-08,1.49011611938477e-08,1.94079109887731,0.817309169160745,1.49011611938477e-08,2.56291893163073,12,35
0.626,1000,35,624.696275970877,-10935.3706599046,624.696275970877,13734.8895510074,14222.0423160365,13895.2071128534,64.2023786213267,48.8928303745715,51.2309245033363,-714.400142865672,-215.239936707983,1.49011611938477e-08,1.49011611938477e-08,1.94916208809229,1.21315498773316,0.285159310778058,3.67153059861985,12,35
0.627,1000,35,595.576136709076,-2214.37827772155,595.576136709076,14066.6542118048,13889.5837228609,13856.3734586394,63.5653060759336,47.4003584753699,51.3758011204654,-557.539837435559,-260.100348900944,1.49011611938477e-08,1.49011611938477e-08,1.86864370151695,1.54267671060556,0.856723719544827,4.00417422220378,12,35
0.628,1000,35,601.293262438084,-3070.28414772596,601.293262438084,13989.2748048345,13551.4215694367,14223.9181943644,62.6316455796455,43.7772460099212,51.2528493220568,-432.489262948326,-166.806733468669,1.49011611938477e-08,1.49011611938477e-08,1.81125092449593,1.75310957193102,1.48572945285452,2.91000673977109,12,35
0.629,1000,35,587.359923280758,-1117.03324685553,587.359923280758,13571.4584567593,13657.5409528583,14531.9649090766,61.7978243763204,38.6690465393873,50.236165860364,-353.494067983826,-49.6195487759237,1.49011611938477e-08,1.49011611938477e-08,1.87607150027203,1.99313556866545,2.02161564289619,2.25940629178873,12,35
0.63,1000,35,540.022208897445,378.629529138788,540.022208897445,13281.0120318004,14068.2850850415,14360.2800155833,61.6595147648853,33.7268559937799,48.6174915428082,-389.497552764935,37.7292136793609,1.49011611938477e-08,1.49011611938477e-08,1.93714553094367,2.09149346175571,2.69944296877822,1.97284461041212,12,35
0.631,1000,35,495.863187382167,500.981699378192,495.863187382167,13501.0332009592,14247.0894648533,13904.4214926917,62.6026731035165,31.7210071719155,46.5193943045727,-552.002655751408,31.7578702700683,1.49011611938477e-08,1.49011611938477e-08,1.95537078622489,1.8732496541277,2.30013907412317,2.01266699107065,12,35
0.632,1000,35,501.262945222518,495.467873177545,501.262945222518,13960.4412141227,13958.4101767201,13749.3596958911,63.7413094435856,34.5470684110676,44.0809552675287,-748.546428035747,-142.702923333007,1.49011611938477e-08,1.49011611938477e-08,1.89622980199798,1.59697103646668,0.631855331621309,2.50152223804366,12,35
0.633,1000,35,518.490293458362,463.189080117511,518.490293458362,14099.4561442959,13553.11577478,14106.5729295115,63.7241595297642,39.9845987647697,41.8036060014451,-788.996303630638,-400.713433610476,1.49011611938477e-08,1.49011611938477e-08,1.79846135920648,1.52041679237076,1.49011611938477e-08,2.87671638467705,12,35
0.634,1000,35,508.216562400691,484.446229021132,508.216562400691,13775.0911833206,13540.4124043202,14521.8083230843,62.1530702409436,44.9420755352823,39.7034574881129,-682.996912625496,-555.58394183056,1.49011611938477e-08,1.49011611938477e-08,1.83987893630948,1.58032497791171,1.49011611938477e-08,2.44181665665219,12,35
0.635,1000,35,456.053508909332,520.551171226615,456.053508909332,13416.0695264284,13937.363178195,14486.3990672352,59.9458097060666,48.2259468921904,38.5736494265657,-567.64575196179,-546.921033092517,1.49011611938477e-08,1.49011611938477e-08,1.92314009227985,1.56368128764227,1.49011611938477e-08,2.70536529641326,12,35
0.636,1000,35,356.808149159406,526.838648923943,356.808149159406,13506.7483010173,14230.3292082501,14058.3847614035,58.9485709507337,49.7939579371865,39.5181324180457,-514.7915219525,-427.961453673084,1.49011611938477e-08,1.49011611938477e-08,1.95335838660068,1.35630430738209,1.49011611938477e-08,6.57891136440069,12,35
0.637,1000,35,264.925218919835,529.63671356906,264.925218919835,13935.3203520602,14053.3234381088,13777.1741077551,59.7454298625838,49.956947304982,42.209053140493,-516.290115083313,-259.843013691658,1.49011611938477e-08,1.49011611938477e-08,1.91415607221122,1.17398724855932,0.34231032960965,8.77670755083791,12,35
0.638,1000,35,332.694436365895,527.629897736733,332.694436365895,14166.4058102424,13625.2198141234,14006.5814054912,61.1028205574659,49.0994178274967,45.6730033646388,-511.632145968247,-145.154777295954,1.49011611938477e-08,1.49011611938477e-08,1.79832240615049,1.26565178684632,0.880142863692169,3.56887724777138,12,35
0.639,1000,35,580.44802559458,41.3941320956448,580.44802559458,13947.3423026804,13492.2819801831,14460.8712846565,60.4365906394918,47.4469807864585,48.3206970471864,-437.811061154148,-115.099527284167,1.49011611938477e-08,1.49011611938477e-08,1.80555518521446,1.6382672143907,1.46831106557414,3.25804808100709,12,35
0.64,1000,35,625.252903219669,-11237.5584238992,625.252903219669,13576.5476070524,13829.1036688389,14593.2488187173,55.976764786057,45.4840394496391,48.5599934349631,-349.336149890069,-114.972011966128,1.49011611938477e-08,1.49011611938477e-08,1.90193561247322,2.10568777720919,2.04786374768852,3.97377589468564,12,35
0.641,1000,35,609.695099181517,-4973.15732632476,609.695099181517,13557.1340033682,14190.0275505871,14273.7803721632,48.6388559342433,44.0509322301372,46.6309572586841,-356.132129165743,-78.6398431579616,1.49011611938477e-08,1.49011611938477e-08,1.95404727089923,2.02692334243752,2.10732486427345,4.25880805618661,12,35
0.642,1000,35,558.946690765062,249.37967411763,558.946690765062,13920.7164899653,14117.1873299756,13929.1479290222,42.270015294796,43.8283962762672,44.0840867374504,-517.140451767942,18.2292145394031,1.49011611938477e-08,1.49011611938477e-08,1.94231849997113,1.03963751337906,1.35849031041952,2.46845254828281,12,35
0.643,1000,35,381.573625897599,526.015891894887,381.573625897599,14197.6775291312,13693.9583970882,14023.6126727167,43.1503137230425,45.0834463688141,43.4281587847673,-753.921009296645,86.8199656024095,1.49011611938477e-08,1.49011611938477e-08,1.82943284808804,0.183353221575288,0.675462225850595,1.32065585069685,12,35
0.644,1000,35,203.306912513798,531.487544540587,203.306912513798,14047.4182136233,13445.604700958,14445.290488872,49.8127623439355,47.0551283927615,44.8743544438923,-888.073059592015,65.5092363055278,1.49011611938477e-08,1.49011611938477e-08,1.79449331648099,1.49011611938477e-08,1.49011611938477e-08,1.2839497981118,12,35
0.645,1000,35,268.731616590067,529.531938273078,268.731616590067,13589.344506758,13698.6947105655,14593.1886119519,56.965807135556,48.7195731281066,47.2169608919288,-887.52272588158,4.62609936044559,1.49011611938477e-08,1.49011611938477e-08,1.88324064579174,0.420153558936174,1.49011611938477e-08,1.73511166563604,12,35
0.646,1000,35,554.235168158357,298.315617439867,554.235168158357,13434.1599120246,14130.489997355,14285.3539094024,62.7720934083572,49.7603230873528,49.8805665360513,-837.172000477929,-89.2806442299443,1.49011611938477e-08,1.49011611938477e-08,1.94296581293509,0.810953005948998,1.49011611938477e-08,2.48351300704103,12,35
0.647,1000,35,623.333568823858,-10184.3332374451,623.333568823858,13750.052381169,14211.8552047209,13883.4184882053,64.8069103112215,49.7558075740835,51.1009667688159,-719.334896552673,-215.202987464053,1.49011611938477e-08,1.49011611938477e-08,1.94770145719569,1.19817531810524,0.363547514682141,3.48142600224346,12,35
0.648,1000,35,592.390506339539,-1779.19036771667,592.390506339539,14069.9658595277,13866.9274016627,13872.6847199318,63.9593703775546,48.0601432075194,51.2102219102202,-556.048315323747,-250.034916053271,1.49011611938477e-08,1.49011611938477e-08,1.86344212052233,1.52146537728894,0.926340396861541,3.67895423593189,12,35
0.649,1000,35,602.731208255625,-3338.61074364346,602.731208255625,13968.8877757908,13544.3935768368,14256.773679376,62.8533036906974,44.1875144265397,51.1575700963335,-425.811959594423,-153.610412634728,1.49011611938477e-08,1.49011611938477e-08,1.81273953119608,1.74412895581575,1.5557699599654,2.71162460806905,12,35
0.65,1000,35,588.345507981963,-1240.08846970188,588.345507981963,13540.5712057026,13677.9595751738,14541.7430552205,61.8722919264435,38.9046558553752,50.2319468709086,-347.190624253704,-38.3085992072748,1.49011611938477e-08,1.49011611938477e-08,1.8814477563919,1.99482357205661,2.03265716315734,2.15446452023848,12,35
0.651,1000,35,540.867109293092,374.948883831289,540.867109293092,13272.1164798376,14089.505477037,14342.3685950225,61.6810908061064,33.9026298367288,48.7067487666145,-384.733557431598,43.1367652960909,1.49011611938477e-08,1.49011611938477e-08,1.93915819742579,2.09065469933948,2.72204332579542,1.91306805904234,12,35
0.652,1000,35,511.909161634553,477.754303909952,511.909161634553,13518.9720597342,14242.4567179077,13884.8530294351,62.612149109797,31.9535915657801,46.6475515977741,-559.814009152477,31.5364168926779,1.49011611938477e-08,1.49011611938477e-08,1.95555045311019,1.86513692448139,2.32894049946341,1.98130587630352,12,35
0.653,1000,35,495.892319724617,501.516736455156,495.892319724617,13978.576621199,13935.1506053449,13759.8769243187,63.6146074759991,34.8585444068764,44.226172676623,-749.614109863356,-157.763633148763,1.49011611938477e-08,1.49011611938477e-08,1.88967627484765,1.60884362689059,0.626122651031798,2.51027060031235,12,35
0.654,1000,35,508.980810075688,483.457823950327,508.980810075688,14091.0458018286,13540.8346605641,14136.3814771939,63.3891720037526,40.2976145564284,41.9366972761016,-774.635303296054,-420.14770967723,1.49011611938477e-08,1.49011611938477e-08,1.79663054974974,1.55898448991657,1.49011611938477e-08,2.83875163003462,12,35
0.655,1000,35,492.710150773427,504.083113300702,492.710150773427,13750.3296416517,13558.0611159272,14534.9930893598,61.5970830025639,45.1749633894761,39.8529086989454,-660.809033898004,-566.393374524071,1.49011611938477e-08,1.49011611938477e-08,1.84512142468135,1.63697653949378,1.49011611938477e-08,2.38239061888761,12,35
0.656,1000,35,438.668602262404,522.967698320644,438.668602262404,13406.2414073051,13964.6275927118,14468.4687241281,59.2963360918797,48.3682430475856,38.7760762275198,-551.302174196498,-552.184382536617,1.49011611938477e-08,1.49011611938477e-08,1.9260430922941,1.62075201131696,1.49011611938477e-08,2.70375820174931,12,35
0.657,1000,35,335.014591506603,527.524775020025,335.014591506603,13526.4273054079,14236.9913818685,14032.0483078274,58.3317598928606,49.8655117415833,39.773063059013,-497.538577057645,-422.822138355309,1.49011611938477e-08,1.49011611938477e-08,1.95372090221235,1.40199259275136,1.49011611938477e-08,6.89969989572008,12,35
0.658,1000,35,249.744804009122,530.07846307882,249.744804009122,13958.653083862,14033.7655913854,13775.0616811162,59.1712488602585,49.9855740630567,42.449150666309,-500.079330619067,-254.1176654972,1.49011611938477e-08,1.49011611938477e-08,1.90783236775534,1.21493127133297,0.400170179474671,8.49519336262871,12,35
0.659,1000,35,327.88696197904,527.775389561129,327.88696197904,14167.3940992097,13608.7187721839,14030.3170416457,60.4708936415762,49.100267378898,45.8768610686333,-491.842514839861,-143.283031560469,1.49011611938477e-08,1.49011611938477e-08,1.7936087359658,1.31416229138142,0.932242926665303,3.58377094712634,12,35
0.66,1000,35,585.413117877841,-16.5007523965983,585.413117877841,13929.6613258531,13504.5057849883,14481.7610629024,59.5318798081229,47.4255489086178,48.3867946846611,-413.709453371043,-115.843651016324,1.49011611938477e-08,1.49011611938477e-08,1.80966472617365,1.70205652310446,1.53535310339532,3.33369580641413,12,35
0.661,1000,35,624.31015763463,532.555107248617,624.31015763463,13565.8205081293,13857.5409884252,14583.5090755881,54.7828622332592,45.4790905062992,48.5038338394303,-332.168235037095,-114.729665405648,1.49011611938477e-08,1.49011611938477e-08,1.90623181132398,2.17053799903505,2.12470120647419,4.08963748312987,12,35
0.662,1000,35,607.533341014326,525.26624821732,607.533341014326,13573.5430378429,14202.860073414,14248.2530843036,47.2442783641361,44.091587404271,46.5423073023854,-347.752091643886,-72.9731721728006,1.49011611938477e-08,1.49011611938477e-08,1.95537918239805,2.01999996156527,2.13903380341469,4.26811475588107,12,35
0.663,1000,35,549.63900098713,320.017234932824,549.63900098713,13946.2178465797,14100.8184550781,13918.3127852861,41.1311624760265,43.9793060269036,44.1364249683032,-521.683279432545,24.7644438201976,1.49011611938477e-08,1.49011611938477e-08,1.93781399192251,0.977256428207718,1.32525599407218,2.39299524677128,12,35
0.664,1000,35,361.492385164717,526.69963254935,361.492385164717,14204.0160797469,13671.9482375069,14040.3329494704,42.6422318490652,45.3390165769476,43.6846426637546,-760.759226207878,86.0961911606195,1.49011611938477e-08,1.49011611938477e-08,1.82270164636572,1.49011611938477e-08,0.629530278776049,1.3168024246115,12,35
0.665,1000,35,199.918935773333,531.561715492533,199.918935773333,14031.3875066017,13448.5020121098,14466.334295769,49.6369693633994,47.371553263928,45.1730216586646,-885.537267620954,56.3597973417039,1.49011611938477e-08,1.49011611938477e-08,1.79662500914398,1.49011611938477e-08,1.49011611938477e-08,1.34281876433862,12,35
0.666,1000,35,292.038262855568,528.86172271522,292.038262855568,13573.2528063144,13724.9782561577,14585.5344882893,56.9110041377912,49.0474077598181,47.5262432054759,-881.02302094279,-3.32493063957277,1.49011611938477e-08,1.49011611938477e-08,1.8878200570945,0.443380777769457,1.49011611938477e-08,1.82835968413618,12,35
0.667,1000,35,589.704883194645,-69.84137632828,589.704883194645,13447.2533395087,14149.7667134546,14258.940785171,62.6107206525423,50.0688882515456,50.0927134031833,-824.074940406446,-104.18460367582,1.49011611938477e-08,1.49011611938477e-08,1.94450543386882,0.839118689513854,1.49011611938477e-08,2.6319605322437,12,35
0.668,1000,35,622.264923343079,-9643.61251611756,622.264923343079,13778.2985856751,14202.632254742,13869.8535918727,64.4188448103337,49.9683039224469,51.1956416393251,-701.411994466473,-225.515463258192,1.49011611938477e-08,1.49011611938477e-08,1.9453847271337,1.2246174191003,0.354218304434591,3.65665978752905,12,35
0.669,1000,35,588.02364368352,-1245.84403537016,588.02364368352,14077.4181547103,13841.4397399323,13885.2194037702,63.549044105568,48.2019130043347,51.2619400107909,-540.745857059939,-247.370533842637,1.49011611938477e-08,1.49011611938477e-08,1.85735663065777,1.53777448356469,0.936138449251512,3.73308456566925,12,35
0.67,1000,35,605.31425243893,524.230391080126,605.31425243893,13952.6006227565,13538.0897917411,14277.9418754394,62.5866580045575,44.2782327161221,51.1575531293957,-418.72289576093,-141.462066414559,1.49011611938477e-08,1.49011611938477e-08,1.81409980445243,1.74861664962392,1.57549351826503,2.665108218891,12,35
0.671,1000,35,588.940027867204,476.856812578931,588.940027867204,13516.7437658505,13698.4854395544,14540.4063098859,61.7140569361584,39.0133693364586,50.1195897909218,-351.386096189146,-30.0851221428932,1.49011611938477e-08,1.49011611938477e-08,1.88618307357512,1.98432806389287,2.05978306622022,2.09695417341418,12,35
0.672,1000,35,539.962642614396,379.689417623256,539.962642614396,13273.7126695703,14109.6690487863,14314.7257831085,61.594207186617,34.1905351804447,48.4712638181136,-398.901940799918,50.8713762991582,1.49011611938477e-08,1.49011611938477e-08,1.94077515825863,2.05739289741559,2.83867646026193,1.87310568783165,12,35
0.673,1000,35,497.70258297478,499.063061392584,497.70258297478,13546.0768842351,14236.3170510436,13861.6966985765,62.5321815657717,32.6233085056505,46.3407066326267,-581.84233747218,24.449543937268,1.49011611938477e-08,1.49011611938477e-08,1.95528199965171,1.82453207583936,2.13578322528899,1.97679114266729,12,35
0.674,1000,35,504.327404105687,491.204322432556,504.327404105687,13995.9355686976,13908.0290228686,13767.3834645064,63.5410621642363,35.8992773563983,43.9488079588236,-768.789349771458,-178.061173379188,1.49011611938477e-08,1.49011611938477e-08,1.88336911283222,1.5734524487931,0.531045484590046,2.52344428721816,12,35
0.675,1000,35,508.090791418713,484.962599541516,508.090791418713,14078.1998512242,13524.9906452319,14161.3583503577,63.3047178143498,41.3979263314534,41.7725820679355,-784.279287719423,-438.071828913961,1.49011611938477e-08,1.49011611938477e-08,1.79625876173643,1.52665172836606,1.49011611938477e-08,2.77100340870054,12,35
0.676,1000,35,486.764150328226,508.784275996188,486.764150328226,13721.0621186436,13571.2053413639,14543.9582940946,61.5637804018421,46.2383444707275,39.7587653713902,-675.305714833338,-572.137994981241,1.49011611938477e-08,1.49011611938477e-08,1.85086462398693,1.59530077230639,1.49011611938477e-08,2.3278500602413,12,35
0.677,1000,35,425.692076827978,524.032231617365,425.692076827978,13394.2654814095,13986.035149467,14446.8590271946,59.4165150651156,49.3714621752503,38.8564434239179,-562.727126166993,-552.282230729608,1.49011611938477e-08,1.49011611938477e-08,1.92895163872124,1.56375380804682,1.49011611938477e-08,2.73231501966391,12,35
0.678,1000,35,321.249799372595,527.925028935987,321.249799372595,13542.7667078382,14235.4027181646,14003.9262228673,58.6150181495554,50.810087995801,39.9989867352992,-510.956066226603,-419.175228321379,1.49011611938477e-08,1.49011611938477e-08,1.95396716566656,1.35129592912109,1.49011611938477e-08,7.37515129606245,12,35
0.679,1000,35,246.885736715672,530.176215170859,246.885736715672,13977.8808298723,14009.4444051541,13772.4131631749,59.491042455714,50.8612785223706,42.7609515023895,-510.503255780134,-252.880216437668,1.49011611938477e-08,1.49011611938477e-08,1.90179021162563,1.19529744226063,0.411107987835371,7.90781249457703,12,35
0.68,1000,35,345.1237669333,527.262180223789,345.1237669333,14160.9817444822,13587.6514351266,14052.2301062662,60.6073582493224,49.8970396802453,46.1765371955198,-492.565352659221,-147.546603685541,1.49011611938477e-08,1.49011611938477e-08,1.7904238443832,1.32278097507364,0.96029692853844,3.56960398513835,12,35
0.681,1000,35,596.326045792692,-159.682730035505,596.326045792692,13901.9226855432,13511.7033647959,14495.1193064017,59.3389792945508,48.1494749138821,48.5764120989669,-413.28821883495,-122.987872936469,1.49011611938477e-08,1.49011611938477e-08,1.81523785373888,1.72582560494427,1.57722086889874,3.38940036504148,12,35
0.682,1000,35,622.885669046766,-9914.08404868762,622.885669046766,13548.2395802309,13880.4267211509,14570.1608317777,54.2578732942984,46.1950780949147,48.5816899531592,-330.239470186373,-119.779031701525,1.49011611938477e-08,1.49011611938477e-08,1.91084833332257,2.18118262078436,2.16468135180842,4.16634023187951,12,35
0.683,1000,35,605.738717373428,-4011.88399596133,605.738717373428,13582.7960705321,14207.3003983611,14218.9726045477,46.5287281249763,44.8716614708663,46.571130647798,-357.800441661396,-73.4686930612866,1.49011611938477e-08,1.49011611938477e-08,1.95676843442917,1.96235250485929,2.10999768097549,4.24549947234919,12,35
0.684,1000,35,541.213904168605,370.94268609565,541.213904168605,13964.5782755793,14079.7772617209,13906.1419056917,40.7157567931476,44.8767596449433,44.2734719548294,-543.512880291533,23.9424313033053,1.49011611938477e-08,1.49011611938477e-08,1.93346752027754,0.907779900507847,1.26686681082138,2.3192826340729,12,35
0.685,1000,35,342.776083612925,527.256244137326,342.776083612925,14201.6319836016,13646.1910265423,14056.2154624684,42.8128878851021,46.3586171500597,43.9658627160388,-781.387183358495,76.9830685796494,1.49011611938477e-08,1.49011611938477e-08,1.81738159477786,1.49011611938477e-08,0.578319327556308,1.30721664762665,12,35
0.686,1000,35,195.619818222381,531.704136899351,195.619818222381,14006.5156762714,13448.6517446861,14483.0551728601,50.026483419969,48.4350612594724,45.4694300988172,-893.266356361601,43.8737499935684,1.49011611938477e-08,1.49011611938477e-08,1.80027382225851,1.49011611938477e-08,1.49011611938477e-08,1.39132888374721,12,35
0.687,1000,35,298.166516516942,528.675278427511,298.166516516942,13550.3376741654,13748.7051757636,14576.9463443278,57.3131959617991,50.1426443212864,47.7387987837659,-883.976830189347,-21.9755520425384,1.49011611938477e-08,1.49011611938477e-08,1.89272334539272,0.461490137139392,1.49011611938477e-08,1.91608670326472,12,35
0.688,1000,35,594.333528635419,-131.350139939639,594.333528635419,13453.2466071563,14163.5264031173,14232.5751241118,62.8897384349434,51.1608565249642,50.1645488750064,-820.189122046373,-125.280726595177,1.49011611938477e-08,1.49011611938477e-08,1.9460907452514,0.858461249758333,1.49011611938477e-08,2.76761159181422,12,35
0.689,1000,35,621.13942899088,-9094.45187837307,621.13942899088,13800.1671205695,14189.3033620167,13855.5180751073,64.5734749265672,51.0226301367764,51.1455959852386,-689.63494243312,-240.662983103398,1.49011611938477e-08,1.49011611938477e-08,1.94270227257258,1.24442156724805,0.366173110533571,3.78706823167071,12,35
0.69,1000,35,585.228977254534,-932.00312958449,585.228977254534,14083.5720537476,13819.5138705636,13899.0153520543,63.6642735199197,49.0887689856677,51.1753159905977,-524.56318410987,-245.882113621046,1.49011611938477e-08,1.49011611938477e-08,1.85165044701069,1.55504320733652,0.972210571948454,3.69035316985346,12,35
0.691,1000,35,605.515544765153,-3912.68215578153,605.515544765153,13933.482540086,13534.0361529346,14304.411447448,62.6923847746453,44.9964652128717,51.025846942361,-408.367394099463,-138.220853932629,1.49011611938477e-08,1.49011611938477e-08,1.81570524872826,1.77125065935834,1.61470591317045,2.59115668438987,12,35
0.692,1000,35,588.385165789495,-1263.56621082104,588.385165789495,13491.6462535515,13720.4531989501,14542.0346735538,61.8268053058777,39.6798205965369,49.9188105758817,-341.391216541701,-19.960313070299,1.49011611938477e-08,1.49011611938477e-08,1.8907424310945,2.0078983335991,2.05707388172197,2.0409342338605,12,35
0.693,1000,35,537.76312919717,391.929750988678,537.76312919717,13274.033279066,14128.1184367583,14291.5120355515,61.7618555212853,34.9685886730245,48.2117059176698,-399.440797187437,57.3135425360631,1.49011611938477e-08,1.49011611938477e-08,1.942304140745,2.0680278723848,2.90550782940293,1.83713805851854,12,35
0.694,1000,35,509.922622890785,481.127544847361,509.922622890785,13570.89621491,14228.1112294414,13843.6387466304,62.7446253078936,33.5826156287114,46.0274077541975,-590.066695817325,21.2777326752525,1.49011611938477e-08,1.49011611938477e-08,1.95464301194268,1.81909080226562,2.10361286440412,1.9616448423738,12,35
0.695,1000,35,499.401687741336,497.638299192805,499.401687741336,14014.6988556355,13884.097700294,13781.7227866628,63.6854090093451,36.8729985796537,43.6354637340641,-770.09460270777,-191.44505791639,1.49011611938477e-08,1.49011611938477e-08,1.87632997965028,1.57544201883242,0.503104318400485,2.53150568722548,12,35
0.696,1000,35,504.278770843803,490.947725326462,504.278770843803,14067.6203586408,13515.020912171,14191.3250554261,63.3868465123344,42.2825218350483,41.4729377415046,-779.122898926062,-438.773644479604,1.49011611938477e-08,1.49011611938477e-08,1.79561271285307,1.53657224545216,1.49011611938477e-08,2.74177942970059,12,35
0.697,1000,35,481.278026995739,512.16149254893,481.278026995739,13696.4012928375,13590.4849794928,14554.3431327299,61.6260445486994,46.9875573138749,39.5398733626312,-663.801345935065,-573.285639690826,1.49011611938477e-08,1.49011611938477e-08,1.85628413316936,1.60461009255413,1.49011611938477e-08,2.32086450856319,12,35
0.698,1000,35,420.785249556712,524.343055961152,420.785249556712,13388.2967829636,14011.4752670883,14428.8333300041,59.5732115071774,50.0057785798291,38.7542791012481,-554.442679855389,-544.57408369702,1.49011611938477e-08,1.49011611938477e-08,1.93148366338673,1.5633748575436,1.49011611938477e-08,2.82426275008972,12,35
0.699,1000,35,319.252773707394,528.000411287825,319.252773707394,13564.515821654,14238.5568431475,13982.3129904477,58.9019660379009,51.3522294891946,40.0161325092201,-505.270684916782,-406.29506163476,1.49011611938477e-08,1.49011611938477e-08,1.95398007086043,1.34985451000645,1.49011611938477e-08,8.48953146392656,12,35
0.7,1000,35,250.771172519544,530.066441786609,250.771172519544,13999.0717989429,13987.9509270042,13777.5859576249,59.826311112069,51.3163793526196,42.8363189666349,-503.107547818815,-241.180060786223,1.49011611938477e-08,1.49011611938477e-08,1.89504122524313,1.21232322046462,0.436471387959539,7.03752331143901,12,35
0.701,1000,35,348.148819900774,527.170199367881,348.148819900774,14158.1078055671,13573.1888775121,14080.7553280993,60.8213184648225,50.2626578291688,46.2665515399913,-481.517794236363,-143.176685044778,1.49011611938477e-08,1.49011611938477e-08,1.78723744614744,1.36187704415349,1.00481260947361,3.44186640776194,12,35
0.702,1000,35,613.200238598178,-407.065912622323,613.200238598178,13881.3728877064,13527.0969461747,14516.2553142491,59.2224774962521,48.412068669446,48.5622766396883,-394.014957112431,-117.574672135735,1.49011611938477e-08,1.49011611938477e-08,1.82030943062997,1.78568435998653,1.64817924457739,3.33899532552586,12,35
0.703,1000,35,622.907894218372,531.696036679239,622.907894218372,13537.830531298,13908.7475298234,14559.8714460614,53.862006868657,46.3958795396094,48.4805022751011,-314.830057341218,-112.235777287989,1.49011611938477e-08,1.49011611938477e-08,1.91493637490014,2.24112164483495,2.25913924525468,4.08910725549373,12,35
0.704,1000,35,603.993869982759,-3642.10025057884,603.993869982759,13599.3519355003,14217.6172882078,14196.5471371851,45.9811666754024,45.0449423382221,46.4641181015252,-353.715225716989,-60.8702155100873,1.49011611938477e-08,1.49011611938477e-08,1.95788276940056,1.9538588914995,2.16777102335666,4.01824248714854,12,35
0.705,1000,35,535.685471118848,399.850070643923,535.685471118848,13986.8760568296,14061.4045077732,13902.0359098454,40.4173424813888,45.0778158914944,44.3120448750745,-551.125321573558,36.0951683896989,1.49011611938477e-08,1.49011611938477e-08,1.92838198514016,0.866696768951505,1.25573007148565,2.17042344772175,12,35
0.706,1000,35,342.408544776946,527.291338531677,342.408544776946,14202.3176846179,13625.890294401,14078.5753008935,42.9449212062535,46.5904567899637,44.174736472485,-779.758801015369,81.3858455558243,1.49011611938477e-08,1.49011611938477e-08,1.8119908596654,1.49011611938477e-08,0.551022026998983,1.27457473437306,12,35
0.707,1000,35,191.617969622738,531.814931391303,191.617969622738,13986.3401061942,13455.6446599838,14506.2034512046,50.2294718559709,48.6756490842625,45.6615148824705,-892.404825975171,40.6117115121726,1.49011611938477e-08,1.49011611938477e-08,1.80370690303208,1.49011611938477e-08,1.49011611938477e-08,1.41659078921193,12,35
0.708,1000,35,320.853966828239,527.995830842168,320.853966828239,13534.1408263391,13776.5010769227,14570.6150451697,57.5059244127396,50.3775780978437,47.9171990743081,-878.598767570118,-27.1797224130573,1.49011611938477e-08,1.49011611938477e-08,1.89726372338813,0.482493306111,1.49011611938477e-08,1.95927868843712,12,35
0.709,1000,35,616.642521728434,-4984.38280433091,616.642521728434,13466.2972321982,14181.1169990214,14210.8541568772,62.8360873501646,51.3575294904656,50.1874922436428,-809.675685981857,-132.061231524337,1.49011611938477e-08,1.49011611938477e-08,1.94751604006006,0.877366353698644,1.49011611938477e-08,2.82355660849392,12,35
0.71,1000,35,619.457304890852,-8335.66261896256,619.457304890852,13824.6012721189,14177.261201868,13848.7335443521,64.2157912380724,51.0962724327993,51.0231066761222,-675.395288789622,-240.032265620987,1.49011611938477e-08,1.49011611938477e-08,1.93981865504787,1.2541633494378,0.40150816130948,3.77835715171668,12,35
0.711,1000,35,579.763035510258,-330.115931030514,579.763035510258,14084.6059921388,13793.7047546511,13917.1712340636,63.236038637734,49.0825114083654,51.0300826474841,-521.989170355319,-237.217504597315,1.49011611938477e-08,1.49011611938477e-08,1.8461577315303,1.54868844699838,1.00658071089369,3.54614470112864,12,35
0.712,1000,35,609.789680136283,525.905876115421,609.789680136283,13912.1763022213,13531.0103414484,14327.1316579931,62.3452266942222,44.9236482908073,50.9052391410662,-405.322994424876,-119.651130068121,1.49011611938477e-08,1.49011611938477e-08,1.81818095178487,1.75451621930748,1.64672219569182,2.45412261534806,12,35
0.713,1000,35,590.922547996386,492.539128848349,590.922547996386,13467.0006880789,13742.7194778457,14540.2265488584,61.5240039626214,39.6057989077213,49.7680346437971,-347.282395607747,-2.47870351120136,1.49011611938477e-08,1.49011611938477e-08,1.8954066389541,1.97652435155625,2.0754280942149,1.93731727233084,12,35
0.714,1000,35,541.093470403464,373.490791140229,541.093470403464,13276.5435725636,14147.0049087987,14265.3482299639,61.4741986662707,35.0414354843734,48.0034186528794,-415.573027820576,66.8659008559551,1.49011611938477e-08,1.49011611938477e-08,1.94386220965766,2.01751188952186,3.01085562899486,1.76658571972178,12,35
0.715,1000,35,500.094932354862,496.802585946612,500.094932354862,13595.7212493013,14218.6123183329,13824.4425800295,62.4163211218435,34.0242910000364,45.7974985375467,-611.963413171248,13.6916302035316,1.49011611938477e-08,1.49011611938477e-08,1.95394540642764,1.7726253178206,1.95387637030576,1.93400467238643,12,35
0.716,1000,35,499.660078916176,496.437552238491,499.660078916176,14027.3078842462,13856.3422647588,13793.2663190219,63.3025777390889,37.7198641956607,43.4781877773577,-781.06709995626,-200.548444547598,1.49011611938477e-08,1.49011611938477e-08,1.87002395883262,1.54570752736782,0.429687543694303,2.52544678934986,12,35
0.717,1000,35,494.167159522916,502.894387616354,494.167159522916,14050.1644467342,13502.2411442675,14216.5166274804,62.925928620748,43.2446543637867,41.4659083073498,-783.883228630594,-460.46942855554,1.49011611938477e-08,1.49011611938477e-08,1.79626042945555,1.51871861983818,1.49011611938477e-08,2.65177205168189,12,35
0.718,1000,35,464.24308023772,518.760470342516,464.24308023772,13666.2399622315,13606.4453595339,14559.4709699588,61.1312896853823,47.9536570820233,39.614762897474,-665.425251168099,-585.674862681819,1.49011611938477e-08,1.49011611938477e-08,1.86198909405197,1.58524360020284,1.49011611938477e-08,2.24934235066618,12,35
0.719,1000,35,397.482089611686,525.457686702181,397.482089611686,13378.4328015091,14031.6932390425,14403.1929542531,59.1499551355859,50.9377594297152,38.9785834835872,-558.764888901894,-548.485921723273,1.49011611938477e-08,1.49011611938477e-08,1.9339139184356,1.5352619063113,1.49011611938477e-08,2.82003499947493,12,35
0.72,1000,35,298.105667644958,528.635939428164,298.105667644958,13582.0775409547,14233.3235762608,13953.6611339238,58.5598753350341,52.2455954197577,40.3105102226638,-510.780635049968,-407.486942267461,1.49011611938477e-08,1.49011611938477e-08,1.95370213617459,1.32662932654718,1.49011611938477e-08,8.71662789946293,12,35
0.721,1000,35,238.120556014552,530.444891690532,238.120556014552,14015.7961383767,13962.1577944484,13776.4423593645,59.4638779522153,52.1754281582608,43.1427199555827,-505.196444379506,-252.613542708659,1.49011611938477e-08,1.49011611938477e-08,1.88825905343266,1.20952384313698,0.47199570800759,6.96646424357058,12,35
0.722,1000,35,366.153006579031,526.606440854348,366.153006579031,14148.0510513045,13554.7033676258,14101.6270257878,60.2508165270489,51.0825206727296,46.5021523068473,-474.719823861426,-152.405226018994,1.49011611938477e-08,1.49011611938477e-08,1.78489182960257,1.3792628750256,1.04555818533397,3.51239880019801,12,35
0.723,1000,35,617.500978165295,-7214.72673626658,617.500978165295,13853.0635608948,13537.1872125669,14525.0545988919,58.2950056688513,49.2146193967896,48.6369162210997,-382.655410903791,-128.738595552201,1.49011611938477e-08,1.49011611938477e-08,1.82608442595917,1.81284495948636,1.6998274492555,3.45886591881875,12,35
0.724,1000,35,621.458746010609,-9223.86318219314,621.458746010609,13523.8883294475,13930.8337813168,14541.8259563234,52.5657940526808,47.2416649504033,48.433386409732,-309.860536515165,-120.245168681351,1.49011611938477e-08,1.49011611938477e-08,1.91898900602335,2.24473548088083,2.30494464441585,4.237310509035,12,35
0.725,1000,35,600.687060070867,-3015.872005324,600.687060070867,13611.8781820518,14218.5530188468,14165.3116012227,44.4985077234648,45.9975622987044,46.3987573555565,-363.099691446621,-63.9362708781795,1.49011611938477e-08,1.49011611938477e-08,1.95882897217885,1.87156035756016,2.12314261857969,4.04303024505703,12,35
0.726,1000,35,521.803278842813,452.206053456115,521.803278842813,14005.1061772829,14037.8765698638,13890.5726259939,39.4175009737255,46.1929192876314,44.4225102892634,-559.657335269106,26.6282254475569,1.49011611938477e-08,1.49011611938477e-08,1.92290712770937,0.776319582048313,1.18692135102144,2.11953472006536,12,35
0.727,1000,35,301.409053526032,528.504150508063,301.409053526032,14198.5375909372,13601.8490538826,14093.4686856473,42.7406315879401,47.8596279648048,44.4575912940536,-798.47068120888,66.2510344859807,1.49011611938477e-08,1.49011611938477e-08,1.80704222690528,1.49011611938477e-08,0.484225087120004,1.2922318400271,12,35
0.728,1000,35,193.719282584094,531.774325709059,193.719282584094,13961.6261346388,13458.7973473889,14517.8912142745,50.3711223270536,49.9982154209338,45.9560627501586,-898.724429955567,18.3274225226733,1.49011611938477e-08,1.49011611938477e-08,1.80769147134947,1.49011611938477e-08,1.49011611938477e-08,1.50900620078032,12,35
0.729,1000,35,338.208806824638,527.495968347235,338.208806824638,13515.7549095608,13799.9887350909,14556.2535582486,57.7305384352494,51.7143154645696,48.1430240255088,-878.052579980421,-53.1961522071833,1.49011611938477e-08,1.49011611938477e-08,1.9016064538644,0.501685126281766,1.49011611938477e-08,2.1197881994641,12,35
0.73,1000,35,627.753150318249,534.349557849817,627.753150318249,13477.0008886734,14190.2780376359,14180.6287979441,62.9732549812575,52.6642120223646,50.3057793522288,-802.20292242871,-160.027093989464,1.49011611938477e-08,1.49011611938477e-08,1.94877463393042,0.899442818556799,1.49011611938477e-08,3.07762626666066,12,35
0.731,1000,35,618.248155910378,529.269744755428,618.248155910378,13847.2672501548,14160.3184237406,13834.8743820174,64.2603720294625,52.3412708788701,51.0499045656443,-669.792502454097,-257.251521013889,1.49011611938477e-08,1.49011611938477e-08,1.93633799969489,1.27550829776248,0.38934534281921,4.05831213152671,12,35
0.732,1000,35,575.329822665279,205.787821253797,575.329822665279,14088.4495673741,13771.8255161074,13930.3966288322,63.2954920701787,50.1292284725646,51.0090095602873,-506.263786909443,-239.957487509793,1.49011611938477e-08,1.49011611938477e-08,1.84097802993607,1.56522767761854,1.02712151741982,3.60338500305926,12,35
0.733,1000,35,607.547735266564,-4378.04098968403,607.547735266564,13891.3466481868,13529.2104201904,14348.7052772527,62.4536758579926,45.8065897178088,50.7577071062595,-392.10140118169,-113.867000561577,1.49011611938477e-08,1.49011611938477e-08,1.82055615974142,1.7729208185853,1.67376069601059,2.43366152637155,12,35
0.734,1000,35,588.271246370524,-1252.86443762843,588.271246370524,13444.9372588102,13765.0734642436,14536.4518575869,61.6715817311316,40.4303640507779,49.4864619134842,-341.470781005436,4.11497212876405,1.49011611938477e-08,1.49011611938477e-08,1.89955411697025,1.99220061503913,2.09067972541734,1.9135303774297,12,35
0.735,1000,35,541.099629820284,374.430339253263,541.099629820284,13282.5322954061,14161.3522010425,14239.0425110411,61.6839867019941,35.9633286036662,47.6285221130455,-420.742775912313,69.1747747330525,1.49011611938477e-08,1.49011611938477e-08,1.94516275373911,2.01727318288994,3.12907513420878,1.75486522596382,12,35
0.736,1000,35,512.95318018123,476.247690135782,512.95318018123,13623.5938758272,14206.1763037168,13809.2466845794,62.673899670847,35.0566685333306,45.372153254059,-612.51988468924,14.6732095129747,1.49011611938477e-08,1.49011611938477e-08,1.95254786767723,1.75528515430615,1.85492598187014,1.93775226442766,12,35
0.737,1000,35,499.623733336414,497.30448643487,499.623733336414,14044.2013978342,13831.2227813685,13811.1606326032,63.525701540243,38.6568417083381,43.075756312135,-785.946686430258,-212.711850308455,1.49011611938477e-08,1.49011611938477e-08,1.86302875618588,1.53104098177373,0.361470583877539,2.54032233109452,12,35
0.738,1000,35,494.799535769749,502.280386069115,494.799535769749,14037.3818443142,13494.1654931812,14246.2736001736,63.1478506652579,44.0210923747202,41.0868146210231,-780.579086677049,-467.285002249531,1.49011611938477e-08,1.49011611938477e-08,1.7967954708874,1.50465364960168,1.49011611938477e-08,2.64327602242457,12,35
0.739,1000,35,464.118430290221,518.787991112941,464.118430290221,13641.9780415256,13626.6255161433,14566.7314305606,61.4253467798825,48.5525810137113,39.3480104432814,-662.082925303777,-580.844261523103,1.49011611938477e-08,1.49011611938477e-08,1.86744391422167,1.56322286249608,1.49011611938477e-08,2.28463254680333,12,35
0.74,1000,35,397.118634855709,525.47127552694,397.118634855709,13375.9671942189,14054.6169556724,14383.8413027,59.6389946388472,51.3915018893658,38.8871392463579,-559.897319128112,-535.535616096116,1.49011611938477e-08,1.49011611938477e-08,1.93612594581667,1.50337729464676,1.49011611938477e-08,2.99474959361255,12,35
0.741,1000,35,293.291685278172,528.764246665911,293.291685278172,13605.4306615428,14231.8325664145,13934.9136062481,59.2315681828882,52.5774412848232,40.3914482308352,-515.428632495972,-399.205607866726,1.49011611938477e-08,1.49011611938477e-08,1.95327707150568,1.30471057165423,1.49011611938477e-08,10.8485109491313,12,35
0.742,1000,35,241.364893138681,530.341378701525,241.364893138681,14034.805766096,13938.3993258163,13786.4698230024,60.177220118978,52.3865377716197,43.3158608431993,-506.237762694688,-238.522080887488,1.49011611938477e-08,1.49011611938477e-08,1.88126568809966,1.2158654393779,0.485633208534755,6.10326512732077,12,35
0.743,1000,35,369.291534696325,526.506867598634,369.291534696325,14141.7062733007,13541.7021867028,14131.9172052582,60.8032208255507,51.1607314840922,46.7092285541137,-468.172394628891,-143.312480366927,1.49011611938477e-08,1.49011611938477e-08,1.78321615422327,1.41051729631891,1.0814822143157,3.35271734369293,12,35
0.744,1000,35,632.516294018987,-124.089858329194,632.516294018987,13830.7228491475,13554.0771522091,14543.1695765846,58.4989560084724,49.1468561523791,48.7814368257655,-370.855918557238,-121.443320002672,1.49011611938477e-08,1.49011611938477e-08,1.83182302104174,1.86172066432622,1.75768536794915,3.37146513858767,12,35
0.745,1000,35,621.285894953184,530.771210180633,621.285894953184,13514.8243375519,13957.1609063038,14529.0951151014,52.4967057957895,47.0867311708952,48.5198377487171,-302.721530711888,-111.049953968808,1.49011611938477e-08,1.49011611938477e-08,1.92279373346418,2.2839910859499,2.37700190602092,4.10406655681764,12,35
0.746,1000,35,599.537462161293,520.494964524593,599.537462161293,13628.9024823306,14224.6702718331,14143.8010019658,44.3268518242906,45.8273651482239,46.4810724902403,-359.820581307196,-55.5199835201788,1.49011611938477e-08,1.49011611938477e-08,1.9597191709151,1.84417555932865,2.14107966353605,3.79157542367685,12,35
0.747,1000,35,518.361450204958,461.660144997852,518.361450204958,14024.8899698722,14017.9411140966,13890.3474424545,39.5229232313736,46.0633075021179,44.6211938741738,-572.237304626845,37.5630213790775,1.49011611938477e-08,1.49011611938477e-08,1.91736251947255,0.742228375821498,1.16004610579783,1.99452988067665,12,35
0.748,1000,35,313.599533831991,528.138322683133,313.599533831991,14195.1967728725,13583.8926008968,14118.3726333574,43.1581459545256,47.7630907062023,44.7719171887135,-808.267036612564,69.7747113883068,1.49011611938477e-08,1.49011611938477e-08,1.80304055126628,1.49011611938477e-08,0.45126341415162,1.26870327634666,12,35
0.749,1000,35,201.441666150827,531.544217098534,201.441666150827,13938.7803045627,13469.8761768769,14539.6974842047,50.6943396126935,49.9036645894057,46.2039880492405,-897.190942526401,15.9003601477678,1.49011611938477e-08,1.49011611938477e-08,1.8122600993846,1.49011611938477e-08,1.49011611938477e-08,1.52775578049495,12,35
0.75,1000,35,356.125458169013,526.918935931346,356.125458169013,13500.8495922229,13828.9385420118,14548.097306512,57.9497225624196,51.6176273601141,48.3537291006372,-872.023367688947,-56.1119399707326,1.49011611938477e-08,1.49011611938477e-08,1.90597547487006,0.529180676862031,1.49011611938477e-08,2.14262058284845,12,35
0.751,1000,35,631.079107267773,-15146.3302908091,631.079107267773,13491.0827938265,14206.4206849477,14160.9391923564,62.8803795455572,52.5506992399581,50.3034763878255,-796.846735034051,-155.992754385899,1.49011611938477e-08,1.49011611938477e-08,1.95002701119023,0.920451132189178,1.49011611938477e-08,3.0719060358979,12,35
0.752,1000,35,615.900704834251,-6922.33152731795,615.900704834251,13869.7275193217,14146.8359341869,13831.7918115524,63.8812502502406,52.1433553329929,50.8902812769699,-655.869523429974,-249.810199402781,1.49011611938477e-08,1.49011611938477e-08,1.93275548007431,1.28567746045722,0.433825263825751,3.91553237015085,12,35
0.753,1000,35,568.691758461516,157.455461053221,568.691758461516,14085.4359470103,13748.5467401131,13951.5926344383,62.8653405627764,49.8949882604027,50.8657721057903,-497.390535910566,-220.797900660598,1.49011611938477e-08,1.49011611938477e-08,1.83623797011058,1.55923029985732,1.06888445178504,3.35274409087846,12,35
0.754,1000,35,609.934272843412,525.997147999014,609.934272843412,13872.4215634879,13531.534578981,14375.3359562396,62.0174887026755,45.5443991700713,50.6010169311932,-386.42348731916,-92.6766628012419,1.49011611938477e-08,1.49011611938477e-08,1.82365850266705,1.76776129814623,1.70287091513122,2.28898394898392,12,35
0.755,1000,35,588.351813687613,472.041502519774,588.351813687613,13426.9745162469,13790.3490939015,14536.6602298301,61.2647116187853,40.2292467290897,49.3060983916711,-343.107088203021,23.4562218013701,1.49011611938477e-08,1.49011611938477e-08,1.90375096640937,1.98006711915422,2.09203854652171,1.81995470019972,12,35
0.756,1000,35,531.775797868865,417.978840073468,531.775797868865,13292.8080181345,14180.1643588248,14217.8881849206,61.3635661677491,35.9845280387016,47.4121802966183,-424.782703288099,82.2669807279989,1.49011611938477e-08,1.49011611938477e-08,1.94649508231576,1.98298598763499,3.24623929309954,1.68881466131091,12,35
0.757,1000,35,495.723076056688,501.161481370437,495.723076056688,13651.6572066881,14195.2410430893,13798.2605906077,62.4447793519858,35.5201987918216,45.1173603060113,-631.688364082846,16.8446337883486,1.49011611938477e-08,1.49011611938477e-08,1.95096705662213,1.70958356655236,1.73947617321047,1.89831365327972,12,35
0.758,1000,35,488.783257727367,507.083762976697,488.783257727367,14056.3198582486,13805.7129810455,13830.6104538933,63.3879788806647,39.5459277259144,42.761606137983,-802.709813607001,-219.303744632206,1.49011611938477e-08,1.49011611938477e-08,1.85675618471082,1.48485000929242,0.292581361388338,2.51624881028997,12,35
0.759,1000,35,493.259505437352,503.760310799787,493.259505437352,14020.5166446152,13487.0693169521,14275.8998698839,63.0372303813173,45.0296030811947,40.6801803578498,-789.921757055043,-469.041826651312,1.49011611938477e-08,1.49011611938477e-08,1.79833284472078,1.45592863362192,1.49011611938477e-08,2.63590236438545,12,35
0.76,1000,35,472.175554548894,516.274563475751,472.175554548894,13617.5783949339,13647.2530041639,14575.0496095934,61.3165239477478,49.56953903051,38.7769148403662,-669.504560479815,-573.761478373514,1.49011611938477e-08,1.49011611938477e-08,1.87296419069662,1.5000639026659,1.49011611938477e-08,2.32141839180002,12,35
0.761,1000,35,406.803756038683,525.091284123262,406.803756038683,13375.004379765,14075.626640855,14365.8762986804,59.564192056446,52.3808534250305,38.2798921855602,-572.245308552621,-526.50672681975,1.49011611938477e-08,1.49011611938477e-08,1.93829083716058,1.41887725803588,1.49011611938477e-08,3.17960214261204,12,35
0.762,1000,35,301.757014191776,528.525038824997,301.757014191776,13628.2441990552,14226.1754424261,13919.4323425083,59.204409181075,53.5328666519379,39.8674991756822,-525.052972752613,-379.841589797364,1.49011611938477e-08,1.49011611938477e-08,1.95275328743605,1.21791687843118,1.49011611938477e-08,14.3212257738189,12,35
0.763,1000,35,255.354884689396,529.942033248199,255.354884689396,14050.8964129149,13913.8546680791,13799.8272913407,60.1834323559755,53.3131350880536,42.9806823633092,-515.510825941147,-217.620902227331,1.49011611938477e-08,1.49011611938477e-08,1.87498350323405,1.15005990651267,0.529516469204364,5.08015068983758,12,35
0.764,1000,35,403.014495656257,525.287221094073,403.014495656257,14130.4539643415,13527.8940095901,14164.4939475089,60.730773200379,52.0678799140859,46.4757850547943,-473.453227161461,-125.507170867703,1.49011611938477e-08,1.49011611938477e-08,1.7827900243556,1.36401110212582,1.1316011739002,3.03491051368898,12,35
0.765,1000,35,627.65617607371,-12613.8934183103,627.65617607371,13804.4602661012,13569.1513335985,14561.6692484836,58.2666500659165,50.0718681562813,48.4861618504808,-375.03525224297,-105.708424437108,1.49011611938477e-08,1.49011611938477e-08,1.83826267827532,1.81232467716823,1.82115117545433,3.09796928389407,12,35
0.766,1000,35,620.324436737114,-8701.0101312996,620.324436737114,13506.0944710669,13980.5020068225,14520.3900594948,52.1385792487978,48.0739754526575,48.1513545484948,-314.002394505826,-94.166341572208,1.49011611938477e-08,1.49011611938477e-08,1.9265278310281,2.19028152752241,2.43900644454984,3.68479522539546,12,35
0.767,1000,35,596.907934906039,-2401.20497351052,596.907934906039,13645.9875060101,14224.1756092322,14125.4744276067,44.0749444471469,46.8859701618906,46.1491045598779,-382.875120440424,-33.1628998205715,1.49011611938477e-08,1.49011611938477e-08,1.96035773306403,1.69491770124137,2.12585371472741,3.24834017360704,12,35
0.768,1000,35,506.869521635687,485.794267035709,506.869521635687,14043.6109655098,13993.5968642658,13894.5278269508,39.9498920026356,47.2024120355413,44.5193668970089,-604.213154877812,54.9903414293935,1.49011611938477e-08,1.49011611938477e-08,1.91153061750234,0.655689149212071,1.12730680231454,1.74855645553406,12,35
0.769,1000,35,278.028034421091,529.225552841623,278.028034421091,14189.5327431498,13562.7000307816,14146.2744606851,44.108472095408,48.9565044951511,44.8388128035277,-834.630764976644,74.9887065159204,1.49011611938477e-08,1.49011611938477e-08,1.79964805581205,1.49011611938477e-08,0.419225160339301,1.19697437631311,12,35
0.77,1000,35,192.664399468909,531.804542013444,192.664399468909,13911.6437358805,13477.4036069741,14558.0150505225,51.7009641190558,51.0786427776765,46.274176492536,-910.741489629858,14.2026326509995,1.49011611938477e-08,1.49011611938477e-08,1.81755887248367,1.49011611938477e-08,1.49011611938477e-08,1.51914225620033,12,35
0.771,1000,35,381.962307165554,526.083458866517,381.962307165554,13481.0761717584,13853.4429208368,14537.2933907017,58.9451984946146,52.7453218042882,48.4903178722342,-885.648670175964,-55.5307995830631,1.49011611938477e-08,1.49011611938477e-08,1.91041382985984,0.525267165270086,1.49011611938477e-08,2.13463874542792,12,35
0.772,1000,35,630.524318790239,537.192720056592,630.524318790239,13499.7722084534,14212.3359083489,14135.505153573,63.6871688255307,53.5759877351396,50.4373518577432,-803.643955223018,-163.738784644542,1.49011611938477e-08,1.49011611938477e-08,1.95123815074389,0.915933121143177,1.49011611938477e-08,3.06589145577707,12,35
0.773,1000,35,615.028893714341,527.886182060713,615.028893714341,13886.5245765495,14127.9294351452,13825.9349868336,64.500422810476,53.0345599340935,50.9956310846148,-657.164833668911,-255.738607548332,1.49011611938477e-08,1.49011611938477e-08,1.92924417348636,1.27842670710168,0.4671703031515,3.8715165145662,12,35
0.774,1000,35,563.431974975828,210.022242535964,563.431974975828,14081.6048836204,13726.9750706209,13970.4529259125,63.3771098964035,50.5289918726353,50.9641705225192,-494.673742386953,-218.136655633505,1.49011611938477e-08,1.49011611938477e-08,1.83252265737837,1.55341107023514,1.1114402735858,3.26135447234709,12,35
0.775,1000,35,607.941730816539,-4492.5423025129,607.941730816539,13845.7385050288,13532.451797575,14396.5729309787,62.4184991127527,45.9788860542394,50.6822196241891,-381.155572679755,-89.4737691291091,1.49011611938477e-08,1.49011611938477e-08,1.82740571250098,1.7764995160565,1.73952284693429,2.26277399741755,12,35
0.776,1000,35,583.7000908201,-733.01534928594,583.7000908201,13403.2023613599,13812.9472713514,14531.3336591623,61.5903272084876,40.5423501120481,49.4239286617408,-340.965118088619,19.9803404344033,1.49011611938477e-08,1.49011611938477e-08,1.90790279863144,1.99525951474748,2.11687084904884,1.82458722932047,12,35
0.777,1000,35,536.68795258099,397.69717432353,536.68795258099,13298.2706306325,14190.4961454191,14190.1075540879,61.7014760822615,36.3409931407484,47.585471982689,-433.274473045769,79.5396901851053,1.49011611938477e-08,1.49011611938477e-08,1.94782037692768,1.98635919373961,3.37225624301427,1.71316987737267,12,35
0.778,1000,35,510.967542241677,479.19825961286,510.967542241677,13677.7573355142,14179.4522438009,13783.9623420213,62.7954425596712,35.9644550138787,45.3162045694494,-645.915433585232,4.10295898213603,1.49011611938477e-08,1.49011611938477e-08,1.94889830531219,1.70224320567661,1.62336014655737,1.94516764606544,12,35
0.779,1000,35,501.753004601836,494.639274409852,501.753004601836,14069.7742517761,13780.0596066544,13848.4732270414,63.6264159539674,39.910729873826,42.9621118746917,-806.081968650302,-240.537542031601,1.49011611938477e-08,1.49011611938477e-08,1.84978251369048,1.49156286754584,0.187621451887687,2.5723098489932,12,35
0.78,1000,35,495.732961254472,501.343671553086,495.732961254472,14005.6945513201,13481.7454482902,14301.7861467065,63.1333271670059,45.2532177826066,40.8265758816749,-780.853456862758,-486.572948667863,1.49011611938477e-08,1.49011611938477e-08,1.79959337932985,1.47706102945954,1.49011611938477e-08,2.59760181282386,12,35
0.781,1000,35,463.979229274187,518.819508657674,463.979229274187,13594.9708704868,13668.6844467677,14575.3387633049,61.3425618793133,49.616912465587,38.9852031790401,-664.77194437593,-579.370334276956,1.49011611938477e-08,1.49011611938477e-08,1.87809592991282,1.52466902236035,1.49011611938477e-08,2.29391546508383,12,35
0.782,1000,35,392.269313537616,525.656355483944,392.269313537616,13376.9226696246,14095.3143368882,14339.2060011566,59.6755882130241,52.2753131560081,38.662887268206,-565.687537864174,-524.12525541962,1.49011611938477e-08,1.49011611938477e-08,1.94013858430787,1.43935621009114,1.49011611938477e-08,3.24418625344915,12,35
0.783,1000,35,287.489650462046,528.952108512427,287.489650462046,13654.1485382718,14219.453478432,13896.9136041858,59.4431434816369,53.3064936292598,40.3807874839786,-522.931193506839,-373.11878951174,1.49011611938477e-08,1.49011611938477e-08,1.95161368411006,1.23972592196337,1.49011611938477e-08,16.0512270853903,12,35
0.784,1000,35,246.575594983873,530.18484050745,246.575594983873,14069.9223520962,13887.9820841534,13807.4816427947,60.4586395610882,52.9924328571082,43.5033552287101,-512.901832803969,-214.407542282768,1.49011611938477e-08,1.49011611938477e-08,1.86729427121306,1.184461410019,0.540544608825982,5.06330209104706,12,35
0.785,1000,35,401.736771448025,525.356349328114,401.736771448025,14123.235817856,13516.0365218001,14189.1945684203,60.8873214520898,51.6596489412508,46.9574917440666,-465.696688155349,-127.70437477745,1.49011611938477e-08,1.49011611938477e-08,1.78165140101942,1.41362316404846,1.15203395587991,3.11695716139837,12,35
0.786,1000,35,626.552225114227,-12065.1341654237,626.552225114227,13784.1795882271,13586.894171771,14570.350542078,58.155548210471,49.5679826094624,48.8699383356973,-370.059192944231,-110.120644293944,1.49011611938477e-08,1.49011611938477e-08,1.84378537142382,1.87680454805684,1.8490077219841,3.2373858662745,12,35
0.787,1000,35,619.884324838524,-8515.55006785996,619.884324838524,13503.0036281496,14004.1928884016,14500.1938903882,51.7972958279267,47.5326476559553,48.4501547372379,-309.800000343752,-96.9483143778508,1.49011611938477e-08,1.49011611938477e-08,1.9297223998996,2.24248979801899,2.44679819631107,3.87500967231482,12,35
0.788,1000,35,595.41533579961,-2202.57419402782,595.41533579961,13667.6272409331,14225.4393974437,14100.339798431,43.6795773202064,46.3926857418943,46.4017037294414,-389.055820350886,-32.8120429062452,1.49011611938477e-08,1.49011611938477e-08,1.96071696264046,1.67665991964017,2.05380457314875,3.34621639188811,12,35
0.789,1000,35,501.319453285788,493.753717871676,501.319453285788,14064.2762762554,13971.5813699091,13893.7483398828,39.8344147700643,46.8148242725863,44.8030057314855,-615.861391954061,54.2577042777899,1.49011611938477e-08,1.49011611938477e-08,1.9051175121826,0.626415518899404,1.06705937377128,1.76877191316244,12,35
0.79,1000,35,287.892322524278,528.933312280218,287.892322524278,14186.4217694444,13546.5442944711,14169.2400718684,44.2729459340673,48.6494528063242,45.1729807326192,-839.844930270538,69.5414570432873,1.49011611938477e-08,1.49011611938477e-08,1.79621945595211,1.49011611938477e-08,0.364084984233442,1.23304608786267,12,35
0.791,1000,35,212.671098159878,531.206046063373,212.671098159878,13889.5550181525,13491.0977859091,14573.1258670145,51.7642084218953,50.8046193705699,46.5294807295648,-904.699110739385,10.2496655693733,1.49011611938477e-08,1.49011611938477e-08,1.82233671900915,1.49011611938477e-08,1.49011611938477e-08,1.57614123929574,12,35
0.792,1000,35,402.463203917472,525.353893101759,402.463203917472,13472.1746397549,13881.7627009556,14524.3993814158,58.8858685455985,52.4851161793815,48.6708639624416,-875.014541687001,-63.2672131667767,1.49011611938477e-08,1.49011611938477e-08,1.91405472698366,0.560370986330169,1.49011611938477e-08,2.20422267381303,12,35
0.793,1000,35,630.488153738754,-14758.6613196051,630.488153738754,13519.6644170938,14225.2792438425,14114.7602240812,63.3059105507137,53.3115836349202,50.3733501244119,-788.059371984998,-168.954656772945,1.49011611938477e-08,1.49011611938477e-08,1.9520272920508,0.944853514386334,1.49011611938477e-08,3.1191666796722,12,35
0.794,1000,35,612.163418842059,-5683.64045690941,612.163418842059,13910.968116679,14111.8361665886,13824.5430811867,63.8661973865442,52.6979516359745,50.7828467188227,-638.534459550974,-249.230918439378,1.49011611938477e-08,1.49011611938477e-08,1.92449082982466,1.29844983076314,0.504655717357656,3.79501829886149,12,35
0.795,1000,35,554.760132558695,282.473305564248,554.760132558695,14077.9989604633,13705.7329059785,13992.5123608009,62.7514668034749,50.1611565283273,50.7939810239676,-482.708245180461,-197.65090154357,1.49011611938477e-08,1.49011611938477e-08,1.82810448273076,1.55616998668144,1.15055061953242,3.05489925743003,12,35
0.796,1000,35,611.050635700852,526.390317253309,611.050635700852,13820.2710249649,13538.1688986035,14415.8865866963,61.8968139968116,45.6012594694668,50.5328541054857,-381.953366297898,-71.9026316419199,1.49011611938477e-08,1.49011611938477e-08,1.83118940816992,1.76583543155925,1.75578175154194,2.10617487744744,12,35
0.797,1000,35,589.072302751714,-1362.0598868705,589.072302751714,13382.8871226846,13839.0850535392,14523.280843639,61.1495896337599,40.2693959784772,49.2392698587681,-347.662769599644,40.5008178917311,1.49011611938477e-08,1.49011611938477e-08,1.91177310228227,1.9643237870876,2.1102735703985,1.70737160021792,12,35
0.798,1000,35,532.128661216204,417.407719864044,532.128661216204,13307.4184232941,14206.8443940857,14164.1195468847,61.2973518822759,36.3410104979473,47.3315570977392,-449.825131952678,89.5036480551744,1.49011611938477e-08,1.49011611938477e-08,1.94914206297548,1.93695875275767,3.4773027520497,1.62874038701793,12,35
0.799,1000,35,494.411369450484,502.384519555204,494.411369450484,13701.1906548822,14165.1632727531,13772.1603921523,62.3472567163177,36.4439597958866,45.0478789440452,-664.436206602272,-4.97201108130829,1.49011611938477e-08,1.49011611938477e-08,1.94674060531945,1.66582567975397,1.53405819782255,1.9014342632321,12,35
0.8,1000,35,484.251208788931,510.650357849671,484.251208788931,14074.9873664812,13754.8978710412,13867.1833320363,63.0860696395908,40.7912738466524,42.7944922243167,-810.67768990904,-248.305332670548,1.49011611938477e-08,1.49011611938477e-08,1.84407737039556,1.47712795218537,0.120146518923058,2.53697181109897,12,35
0.801,1000,35,477.6511048086,514.078347258951,477.6511048086,13982.1179225358,13478.0777116923,14326.39381873,62.4896913910668,46.2406974057243,40.808542746611,-782.175147907493,-495.066046908043,1.49011611938477e-08,1.49011611938477e-08,1.80222541027694,1.4758050187158,1.49011611938477e-08,2.50697591235654,12,35
0.802,1000,35,446.498199449962,522.094121785841,446.498199449962,13566.7438860438,13691.1497061098,14574.4093420986,60.6275331777057,50.6146202387113,39.0346877098113,-658.60949584663,-587.015414920048,1.49011611938477e-08,1.49011611938477e-08,1.88342866021137,1.52317650747181,1.49011611938477e-08,2.24462977361964,12,35
0.803,1000,35,380.08180711661,526.091554418137,380.08180711661,13374.3633751335,14114.5254311932,14312.5074017563,58.9697979225385,53.2511179037815,38.7557387075897,-560.932833577234,-524.39110740442,1.49011611938477e-08,1.49011611938477e-08,1.94189968057274,1.4305411847429,1.49011611938477e-08,3.27579571018641,12,35
0.804,1000,35,276.061957828184,529.294278229019,276.061957828184,13674.2161431605,14211.1585357574,13875.2996475703,58.7566199250258,54.2535501914333,40.4485617788836,-517.834933095226,-371.054186673897,1.49011611938477e-08,1.49011611938477e-08,1.95018609765392,1.2331240992876,1.49011611938477e-08,17.0780943626944,12,35
0.805,1000,35,252.004565154197,530.042097175915,252.004565154197,14080.6211529803,13863.2307450946,13815.536933749,59.7195818090353,53.9173292400401,43.542824736861,-504.884024262028,-221.212015616107,1.49011611938477e-08,1.49011611938477e-08,1.86021997110235,1.19076270286611,0.596952049006854,4.89762881321519,12,35
0.806,1000,35,421.813447053532,524.402417651033,421.813447053532,14107.3824695053,13506.2852665531,14213.7197218823,59.9264394134348,52.5729324582368,46.8901448234485,-453.811860887369,-134.521114734751,1.49011611938477e-08,1.49011611938477e-08,1.7816050833998,1.43497125640446,1.21491111303814,3.10352091058711,12,35
0.807,1000,35,627.728621553054,534.863525065638,627.728621553054,13756.5289681966,13605.326120962,14577.3348119844,56.8634964615484,50.5024892985979,48.6094372247995,-352.793780808836,-115.432044537741,1.49011611938477e-08,1.49011611938477e-08,1.84975351212951,1.90141403031022,1.92786814993172,3.25141534504578,12,35
0.808,1000,35,618.216045633803,529.217817935295,618.216045633803,13495.3288083863,14026.0503659093,14479.5474381147,50.2063576651857,48.5270349880754,48.081116084768,-301.313763246931,-98.1041001374189,1.49011611938477e-08,1.49011611938477e-08,1.93282183132178,2.22927978132939,2.53042788608927,3.83389295206175,12,35
0.809,1000,35,590.631483988041,493.239526049918,590.631483988041,13684.3577528138,14221.5707425536,14073.2748908901,42.0783921113674,47.484017736715,46.0912421921792,-396.313934750275,-29.2528474342674,1.49011611938477e-08,1.49011611938477e-08,1.96061012120419,1.57897313195851,2.04324839525131,3.15977371072828,12,35
0.81,1000,35,484.30095258694,510.007960979666,484.30095258694,14078.926451967,13944.635260251,13891.5456320246,38.9709239114775,48.0332494659147,44.7514149898207,-620.831540463561,49.2882017099696,1.49011611938477e-08,1.49011611938477e-08,1.89801225230708,0.534833836878942,1.02408864933897,1.66177974765992,12,35
0.811,1000,35,264.030443882023,529.647124222236,264.030443882023,14176.9836658515,13526.8901270943,14188.9110597959,44.1707009993044,49.9570592941526,45.2885506127971,-845.293236483314,56.9229439793314,1.49011611938477e-08,1.49011611938477e-08,1.79286982668544,1.49011611938477e-08,0.299034553138129,1.24793731733288,12,35
0.812,1000,35,209.130739648393,531.339099766352,209.130739648393,13861.2407644308,13501.0984533902,14579.7661353624,51.9127462602629,52.114583195808,46.6158555939716,-906.534568374677,-11.1753186336489,1.49011611938477e-08,1.49011611938477e-08,1.82730291866481,0.0398038790984451,1.49011611938477e-08,1.67876411558296,12,35
0.813,1000,35,423.771456693028,524.257490755683,423.771456693028,13459.7685811093,13904.974875411,14504.9535379443,59.0967966966549,53.766188668369,48.7284917496649,-870.867886299911,-88.3204017055935,1.49011611938477e-08,1.49011611938477e-08,1.91754562725801,0.577147612011743,1.49011611938477e-08,2.38596724468086,12,35
0.814,1000,35,629.721365909848,536.621741087249,629.721365909848,13535.7813785373,14227.7325280085,14085.3120971952,63.405397842886,54.5104076376821,50.3717439002682,-777.833966383301,-195.097624385234,1.49011611938477e-08,1.49011611938477e-08,1.95272051183675,0.963204300459865,1.49011611938477e-08,3.40298591135174,12,35
0.815,1000,35,611.183247053163,526.494048885613,611.183247053163,13930.7838945613,14090.8685576778,13817.9200912296,63.9059583610859,53.7841191859391,50.7281857952746,-623.625397393234,-266.070873274035,1.49011611938477e-08,1.49011611938477e-08,1.91983745422429,1.31448698158851,0.512633618219223,4.06280397652689,12,35
0.816,1000,35,556.898152963719,272.280716185242,556.898152963719,14073.3740585945,13684.7715033943,14008.1705212749,62.8409449403445,51.0214390360156,50.6775249833422,-474.728478403898,-205.340299633845,1.49011611938477e-08,1.49011611938477e-08,1.82446258436574,1.56815279113461,1.17752371157232,3.10474946303506,12,35
0.817,1000,35,607.308076842554,525.134520231527,607.308076842554,13800.0374419429,13542.4740150789,14432.5688416322,61.959537271675,46.3245827040759,50.1888177623372,-367.46872529257,-68.5753756341464,1.49011611938477e-08,1.49011611938477e-08,1.83458203529377,1.79200104277508,1.78197197607229,2.12528709497807,12,35
0.818,1000,35,580.549640322264,293.91549439947,580.549640322264,13371.794003223,13861.9188223837,14514.3072307495,61.2523671052254,40.9634814111835,48.7314654725045,-340.498090248831,44.8947036701595,1.49011611938477e-08,1.49011611938477e-08,1.91489912172456,1.99322331984468,2.14995054203399,1.72255216683964,12,35
0.819,1000,35,528.3236279334,431.323010058848,528.3236279334,13327.5762461749,14214.9585667372,14138.8973753128,61.5448822749929,37.1907118988677,46.7378300378711,-456.033606655468,91.826482828186,1.49011611938477e-08,1.49011611938477e-08,1.95009627459797,1.93929900172841,3.67474232259092,1.64844147040465,12,35
0.82,1000,35,502.495261009348,493.105809982692,502.495261009348,13736.8502923093,14148.4312492878,13766.9431760395,62.7730840482799,37.3973983869502,44.3859250252799,-679.328869328196,-6.00472395414839,1.49011611938477e-08,1.49011611938477e-08,1.94336516136499,1.63251072526184,1.39934461426554,1.92213134863743,12,35
0.821,1000,35,501.74341691484,494.667559841566,501.74341691484,14089.9897787647,13730.5021263644,13893.463071051,63.6671001854708,41.6901111882698,42.0311137687607,-823.849628550131,-247.071954753413,1.49011611938477e-08,1.49011611938477e-08,1.83756216094983,1.42428227314611,1.49011611938477e-08,2.56477335730431,12,35
0.822,1000,35,499.081517227066,497.703241966904,499.081517227066,13968.6518049893,13476.3032618243,14356.7636036647,63.2336618316926,47.0350920634497,39.8963233674909,-793.169358968161,-484.068107142626,1.49011611938477e-08,1.49011611938477e-08,1.80458360457194,1.4025997125107,1.49011611938477e-08,2.58427966383278,12,35
0.823,1000,35,468.123217432376,517.63681569181,468.123217432376,13549.5753995215,13714.3798417752,14578.7323146956,61.5877759279975,51.2829183646333,38.1430882872996,-672.521107332812,-564.936973435262,1.49011611938477e-08,1.49011611938477e-08,1.88839559814222,1.42247069233349,1.49011611938477e-08,2.39859962675017,12,35
0.824,1000,35,393.940143233816,525.592251772313,393.940143233816,13384.1730997144,14132.4459192799,14295.5528243667,60.1721608090063,53.8073919046399,38.0882139198497,-578.852175258164,-495.149101326418,1.49011611938477e-08,1.49011611938477e-08,1.94361138730221,1.31163003211046,1.49011611938477e-08,3.77963081299355,12,35
0.825,1000,35,288.512446758764,528.920338392472,288.512446758764,13703.3612228084,14202.0539452191,13867.8627793873,60.1376130836624,54.7117136413823,40.1345916415555,-538.18535721257,-337.759126977429,1.49011611938477e-08,1.49011611938477e-08,1.94870294996339,1.13445122475683,1.49011611938477e-08,21.2369784634457,12,35
0.826,1000,35,258.108645747569,529.846910587195,258.108645747569,14097.7216054173,13838.488354651,13838.9493763146,61.1387103121331,54.2658643109238,43.5344754671231,-523.297910006522,-189.95012375675,1.49011611938477e-08,1.49011611938477e-08,1.85376300562906,1.13439079351162,0.606073962162791,4.03837651744022,12,35
0.827,1000,35,436.850020774137,523.302047618153,436.850020774137,14096.4723957432,13498.4559277824,14249.8919829814,61.2292646244642,52.7913996197548,47.0750460362736,-466.513925021385,-107.798280704722,1.49011611938477e-08,1.49011611938477e-08,1.7830321987972,1.40642117126255,1.24727963450204,2.78444894721379,12,35
0.828,1000,35,627.263693659813,-12371.9064338248,627.263693659813,13734.0804297448,13626.1889793964,14594.0852333136,58.0102690447227,50.6087670651943,48.8532921160212,-363.654447216451,-90.6885050904158,1.49011611938477e-08,1.49011611938477e-08,1.85641612825395,1.87662367022817,1.97963872278971,2.95868616378685,12,35
0.829,1000,35,618.620408728345,-7964.41055260537,618.620408728345,13492.9178065736,14049.6449696291,14469.238038599,51.2891602309277,48.5905592383198,48.3191055840796,-317.695435352046,-72.473495622275,1.49011611938477e-08,1.49011611938477e-08,1.93607083890945,2.17301584677105,2.5792355122294,3.42532382992734,12,35
0.83,1000,35,589.558212021558,-1407.91178910547,589.558212021558,13705.0302537907,14220.4852942719,14061.3267166827,43.3522158352232,47.5720327280228,46.3481450660327,-422.129816942102,-2.55572062269223,1.49011611938477e-08,1.49011611938477e-08,1.96092900948767,1.50855418074547,2.01978608610897,2.77606689744119,12,35
0.831,1000,35,481.361087540258,511.661386592239,481.361087540258,14094.9086825344,13922.6825780162,13905.6023373638,40.5557723786269,48.1712758222976,45.0712051401012,-649.523399242732,71.1980917762469,1.49011611938477e-08,1.49011611938477e-08,1.89242090633403,0.521305616933758,0.998909858376107,1.5159177083394,12,35
0.832,1000,35,273.293235798479,529.369717747347,273.293235798479,14167.1611299155,13514.490978482,14223.3343434267,45.6918209703964,50.1215306948896,45.6278365668278,-865.670509065519,71.4518178332733,1.49011611938477e-08,1.49011611938477e-08,1.79220039291475,1.49011611938477e-08,0.275387246308044,1.18148839068748,12,35
0.833,1000,35,228.02479769375,530.746525367863,228.02479769375,13828.7906842442,13518.7167265029,14598.2127399712,53.1055269857241,52.2792415424442,46.8639137951638,-915.645765239397,0.828269692019101,1.49011611938477e-08,1.49011611938477e-08,1.83407567066933,0.117219330853987,1.49011611938477e-08,1.60210325929698,12,35
0.834,1000,35,449.533318884372,521.973878135241,449.533318884372,13444.2975133239,13934.3249602267,14496.23257256,60.0125431473154,53.9212948913913,48.9115656236567,-878.404626478299,-75.7623564387536,1.49011611938477e-08,1.49011611938477e-08,1.92146078313019,0.581984968073121,1.49011611938477e-08,2.23719140709484,12,35
0.835,1000,35,628.505218657587,535.616202767212,628.505218657587,13548.4905423493,14238.0641550717,14071.5304048198,63.8877434452987,54.6188208173477,50.3372933758564,-780.891749835817,-180.482507523129,1.49011611938477e-08,1.49011611938477e-08,1.95352441258619,0.956404718566388,1.49011611938477e-08,3.09645506152662,12,35
0.836,1000,35,607.885123321174,525.410711075813,607.885123321174,13945.2104103109,14072.0941159813,13824.7246582778,64.0393020130929,53.7927511924912,50.5936897010668,-630.904725015634,-243.85370290664,1.49011611938477e-08,1.49011611938477e-08,1.91515948634566,1.29658233697216,0.583142700189708,3.56309159942005,12,35
0.837,1000,35,558.372868221332,260.336067979426,558.372868221332,14061.157921612,13666.0907433382,14037.1359460654,62.8324420861817,50.984054969546,50.6997860617617,-475.095944099676,-178.168177314857,1.49011611938477e-08,1.49011611938477e-08,1.82190322003597,1.54232599643488,1.24076923370025,2.7274545947045,12,35
0.838,1000,35,608.825813945202,-4774.05861185938,608.825813945202,13768.2145532044,13551.7944356749,14456.13924761,61.8216039629533,46.2165677784478,50.3649260888196,-367.971837417481,-45.8294446097344,1.49011611938477e-08,1.49011611938477e-08,1.83964535954891,1.77048514697788,1.79315245802811,1.93878937182703,12,35
0.839,1000,35,582.946153093132,-673.962307893976,582.946153093132,13347.9353097794,13888.8031497737,14509.0745056392,61.0283104104345,40.8751717379647,49.0644388578438,-346.086183948503,62.0954062436058,1.49011611938477e-08,1.49011611938477e-08,1.91877380028319,1.966000857558,2.10751162961006,1.61115447503533,12,35
0.84,1000,35,529.394228253121,427.799760134139,529.394228253121,13333.1244727407,14227.6696683538,14115.7585445027,61.2735749216794,37.2353870932744,47.162758784466,-469.33529751312,99.8127510408636,1.49011611938477e-08,1.49011611938477e-08,1.9515174687559,1.90404434624681,3.74674885026456,1.57604489953379,12,35
0.841,1000,35,493.094003090561,504.089617044929,493.094003090561,13754.9456383586,14130.1939724063,13758.9432378041,62.4012071706282,37.7955083783653,44.8638563095896,-682.121966212368,-7.84344942612894,1.49011611938477e-08,1.49011611938477e-08,1.94051440674112,1.61801526479662,1.37337266088975,1.89839331569653,12,35
0.842,1000,35,484.538547064121,510.46548791649,484.538547064121,14090.8761648891,13706.0865464585,13914.5414819097,63.0908048876439,42.3227824613654,42.5514180168326,-823.223607468524,-274.599119926514,1.49011611938477e-08,1.49011611938477e-08,1.83201745411036,1.44463802583038,1.49011611938477e-08,2.55368001112596,12,35
0.843,1000,35,477.488611105755,514.148459990186,477.488611105755,13944.112870748,13476.6540778206,14379.9264595779,62.3819701847718,47.6808623225505,40.4096736013434,-776.7642694974,-510.063015987533,1.49011611938477e-08,1.49011611938477e-08,1.80753650956222,1.45224765900631,1.49011611938477e-08,2.468799222191,12,35
0.844,1000,35,443.021413106724,522.518893607878,443.021413106724,13524.9183586607,13738.4707356321,14573.9079569067,60.4684441010807,51.8579978519827,38.5593491024606,-651.261386330887,-581.465714797581,1.49011611938477e-08,1.49011611938477e-08,1.89309645544247,1.48547760186703,1.49011611938477e-08,2.28272206263904,12,35
0.845,1000,35,370.756375528938,526.400905196371,370.756375528938,13386.8724295891,14149.1612119484,14266.0392199385,58.9475536097852,54.3065959895412,38.425618466677,-559.076188062212,-503.503109917716,1.49011611938477e-08,1.49011611938477e-08,1.94505071737565,1.36949872456508,1.49011611938477e-08,3.64697388962581,12,35
0.846,1000,35,268.290664861511,529.533314651907,268.290664861511,13726.2305388492,14190.6453808501,13847.0504699225,58.9005681272191,55.1484223536343,40.3203535355702,-520.921402509249,-351.052357993215,1.49011611938477e-08,1.49011611938477e-08,1.94634552441984,1.17846806333228,1.49011611938477e-08,23.2683443756106,12,35
0.847,1000,35,260.360250090867,529.779538872104,260.360250090867,14108.2196711154,13813.4219666147,13848.1399829804,59.8886241412158,54.6746490788512,43.596296773476,-503.985248329076,-195.462085811697,1.49011611938477e-08,1.49011611938477e-08,1.84615487751379,1.1724529559755,0.658525030376243,4.13125406174457,12,35
0.848,1000,35,454.925022839308,521.056259026126,454.925022839308,14081.4279809196,13492.0990007019,14272.3188265079,59.8357649737733,53.1947696375213,46.9845162873186,-443.381218529147,-116.353121505362,1.49011611938477e-08,1.49011611938477e-08,1.78328269412038,1.44990062991144,1.30237676663471,2.8587467643579,12,35
0.849,1000,35,627.696955723315,-12739.69383327,627.696955723315,13712.4140052049,13647.0267598102,14596.9362779608,56.3138115797283,51.0336211736624,48.5543543949524,-341.429857645144,-99.5355962653434,1.49011611938477e-08,1.49011611938477e-08,1.86159359558222,1.9229617860605,2.04247566505794,3.05892855861687,12,35
0.85,1000,35,616.588718270697,-7162.15331068355,616.588718270697,13493.3496716843,14069.8326558547,14444.6866225415,49.3329585245707,49.0534584898937,47.9388624329813,-305.467398817287,-77.0615616028439,1.49011611938477e-08,1.49011611938477e-08,1.93848705263411,2.17865156785897,2.63181176728833,3.49983865927774,12,35
0.851,1000,35,585.398851013808,-933.222163733473,585.398851013808,13728.0589741027,14214.0092482133,14034.4868143526,41.4587330993168,48.1041595553533,46.0694490982469,-414.753015618506,-8.28674361988257,1.49011611938477e-08,1.49011611938477e-08,1.95992399325066,1.4266768486217,1.9785624634912,2.71538147987488,12,35
0.852,1000,35,464.749695045489,518.437231187922,464.749695045489,14111.8437160922,13895.4035454593,13905.7583614397,39.4022522455492,48.7935055330796,45.0399680870601,-659.618844856278,64.2771039481287,1.49011611938477e-08,1.49011611938477e-08,1.88419946615164,0.43181000634155,0.949272900739333,1.47754924480141,12,35
0.853,1000,35,249.200927066439,530.087210848991,249.200927066439,14159.3100322034,13498.3986481392,14242.3101881263,45.2324095313836,50.7893038909454,45.7423635735132,-868.566358698714,53.5723125606324,1.49011611938477e-08,1.49011611938477e-08,1.78907510149601,1.49011611938477e-08,0.190549648558902,1.24387914479727,12,35
0.854,1000,35,232.772860650138,530.632119542155,232.772860650138,13803.390381802,13532.8405825234,14598.350317056,52.8753976868145,52.9341326204018,46.9609385294069,-907.72774129709,-21.8922902176618,1.49011611938477e-08,1.49011611938477e-08,1.83883581613856,0.15889179042462,1.49011611938477e-08,1.74594912550407,12,35
0.855,1000,35,458.08981953739,520.446517708716,458.08981953739,13439.5146370828,13957.3418865882,14471.5151913665,59.8386084220156,54.5323155027157,49.0192108978206,-865.238161181284,-101.38442780234,1.49011611938477e-08,1.49011611938477e-08,1.92428049058475,0.612931598110882,1.49011611938477e-08,2.46843447964666,12,35
0.856,1000,35,625.545656257734,533.151986856241,625.545656257734,13571.1809060733,14238.5050071145,14041.0801920162,63.6034088035629,55.1468527772133,50.4057691516648,-769.530371056115,-201.759872495592,1.49011611938477e-08,1.49011611938477e-08,1.95368877794298,0.99069005302138,1.49011611938477e-08,3.44801366370033,12,35
0.857,1000,35,606.575520076741,524.961474911311,606.575520076741,13966.0938745794,14050.9750956954,13820.2670526297,63.7249405258625,54.1973421046619,50.6162041930783,-610.673223349241,-260.263741836657,1.49011611938477e-08,1.49011611938477e-08,1.90984960376444,1.32895297921798,0.594024751914939,3.88419090373423,12,35
0.858,1000,35,562.015979773459,229.047412947078,562.015979773459,14054.2169439854,13647.1024550157,14052.1806400351,62.6464110617226,51.1664470688319,50.6375608476414,-459.544519730037,-178.432018277752,1.49011611938477e-08,1.49011611938477e-08,1.81897385445514,1.56573762331649,1.26506962990605,2.80789636468415,12,35
0.859,1000,35,608.162450096918,525.445115844302,608.162450096918,13742.8929109026,13559.7438775678,14464.1819896659,61.7556792607233,46.2959844685997,50.1281269700853,-360.020462131758,-40.258212460849,1.49011611938477e-08,1.49011611938477e-08,1.84374215438496,1.78879642660856,1.81800184405005,1.95232620734284,12,35
0.86,1000,35,581.974948483523,342.509554862602,581.974948483523,13335.0675521082,13911.7223340966,14489.9593909473,61.0632595375891,40.9665532625284,48.6653836713057,-349.195065810613,65.6280744384188,1.49011611938477e-08,1.49011611938477e-08,1.92166663202188,1.97186337262588,2.17192155117165,1.61716532025403,12,35
0.861,1000,35,525.983423641618,439.537807495815,525.983423641618,13351.9645221959,14233.6271013278,14084.6801854936,61.4057028047249,37.5582678072997,46.6607167356498,-474.672129229926,96.6072049117946,1.49011611938477e-08,1.49011611938477e-08,1.95245935262447,1.88775738850584,3.88599060505673,1.59494051701412,12,35
0.862,1000,35,499.265856918061,497.116364882931,499.265856918061,13785.6241602182,14111.4934138839,13751.4409419972,62.5898328996931,38.3272086769839,44.3359377996739,-700.658700545673,-22.0860825502218,1.49011611938477e-08,1.49011611938477e-08,1.93657464452745,1.59032386748331,1.22617782585794,1.93169690230485,12,35
0.863,1000,35,492.246990137824,504.13458986767,492.246990137824,14097.7788190144,13682.9718330751,13937.3603879594,63.2928584972007,42.9263022769953,42.1033133646446,-832.918207323482,-289.903520140097,1.49011611938477e-08,1.49011611938477e-08,1.82685498945492,1.41638184266654,1.49011611938477e-08,2.56832129736353,12,35
0.864,1000,35,483.800674875189,510.793189515277,483.800674875189,13922.3005859081,13477.7966026734,14402.3747581073,62.6433238908368,48.2396793362351,40.0769585036971,-780.899418492943,-515.041316317597,1.49011611938477e-08,1.49011611938477e-08,1.81130793535554,1.41730136683925,1.49011611938477e-08,2.46113401628405,12,35
0.865,1000,35,443.718479878968,522.434987301005,443.718479878968,13503.0957670622,13762.258760637,14567.722711507,60.8917323028541,52.3247551854096,38.4896447969622,-658.138501267579,-574.397504496156,1.49011611938477e-08,1.49011611938477e-08,1.89795594611418,1.43683250146453,1.49011611938477e-08,2.35543158384486,12,35
0.866,1000,35,364.70854479367,526.614065891952,364.70854479367,13393.854625694,14163.7813586975,14239.7166704692,59.5809896218703,54.6717916544946,38.6558096312612,-573.396817938216,-496.184236794937,1.49011611938477e-08,1.49011611938477e-08,1.94648459110594,1.31677921562498,1.49011611938477e-08,3.9943329480812,12,35
0.867,1000,35,266.977258102414,529.564113298372,266.977258102414,13750.9998987565,14177.1660574956,13832.9140949345,59.6768526685685,55.4229039570708,40.802205939697,-533.977319178087,-335.742641680417,1.49011611938477e-08,1.49011611938477e-08,1.94392137322808,1.14758065138552,1.49011611938477e-08,18.8418969495578,12,35
0.868,1000,35,262.974903112995,529.714097235372,262.974903112995,14118.7693870242,13787.243340799,13865.0879509696,60.6273759045333,54.858219179613,44.1638332987134,-513.011166866519,-186.429876035625,1.49011611938477e-08,1.49011611938477e-08,1.83953223142505,1.17222209692949,0.677575767739376,3.90621069805729,12,35
0.869,1000,35,460.678032064614,520.029627130755,460.678032064614,14064.7304331447,13485.5894726759,14298.3467998473,60.3456820610345,53.2914863238826,47.5159726697781,-445.217984373132,-114.091365838795,1.49011611938477e-08,1.49011611938477e-08,1.78526997484432,1.47004537822029,1.33303695554984,2.83613528806807,12,35
0.87,1000,35,627.459532516287,534.697530257751,627.459532516287,13687.116064054,13667.4863886381,14599.7712086006,56.5861691760152,51.0742564620106,49.0289006029789,-343.039521113707,-98.840404409229,1.49011611938477e-08,1.49011611938477e-08,1.86788525072157,1.94602252126995,2.08175074894282,3.0713396154892,12,35
0.871,1000,35,616.361643873979,528.399466785769,616.361643873979,13490.6639502806,14089.0651136159,14422.4882192616,49.419128979502,49.1075850856078,48.3396293461775,-312.846633048722,-77.0445895162396,1.49011611938477e-08,1.49011611938477e-08,1.94129358717243,2.16714801896332,2.63441140213342,3.4900547466027,12,35
0.872,1000,35,582.950520101059,396.22344294881,582.950520101059,13746.3470057671,14206.4999609449,14013.9835469176,41.6245846947686,48.2382601753974,46.4563174869472,-434.275432419734,-4.35830099975324,1.49011611938477e-08,1.49011611938477e-08,1.95951103547233,1.37629991462545,1.90042222910068,2.65379425550743,12,35
0.873,1000,35,454.145165521213,520.818570388784,454.145165521213,14122.0920980204,13869.916674886,13912.7299290112,39.9349099340238,49.0362447234432,45.4785199275084,-681.665584192558,64.1655885809027,1.49011611938477e-08,1.49011611938477e-08,1.87800039063601,0.405244604416159,0.899298689479884,1.44918781807843,12,35
0.874,1000,35,253.217734875579,529.966865319495,253.217734875579,14144.323895083,13486.4889763394,14267.3571349964,45.9235930295915,51.1079899022364,46.200144869722,-881.241413013228,47.7004574738216,1.49011611938477e-08,1.49011611938477e-08,1.78897612121728,1.49011611938477e-08,0.0892250091195713,1.25238673801553,12,35
0.875,1000,35,242.274995636239,530.320175368502,242.274995636239,13772.4986582627,13550.6199076994,14607.0715403883,53.3924776183364,53.2598041197997,47.3259975468041,-909.812368166723,-28.8712803845322,1.49011611938477e-08,1.49011611938477e-08,1.84501755009336,0.210362007757995,1.49011611938477e-08,1.77200647335079,12,35
0.876,1000,35,500.257122052578,498.340445684053,500.257122052578,13430.9244049879,13983.6429624399,14455.4542191395,60.1048102238275,54.8487992951507,49.2220628926391,-866.047632532844,-104.021230471431,1.49011611938477e-08,1.49011611938477e-08,1.9274243420527,0.634949803483935,1.49011611938477e-08,2.4972514295802,12,35
0.877,1000,35,626.498075307677,534.08776370575,626.498075307677,13589.8151705592,14242.6425704029,14023.3257680393,63.5058021477644,55.4037322289977,50.3783165605943,-762.005945735087,-203.851121146167,1.49011611938477e-08,1.49011611938477e-08,1.95393809427699,1.00070978818942,1.49011611938477e-08,3.40304857305236,12,35
0.878,1000,35,602.426498920855,523.035763020064,602.426498920855,13982.8312213841,14028.3541167711,13825.4671864511,63.3972256678109,54.3531746155681,50.5067092191848,-601.183698296722,-250.207629958633,1.49011611938477e-08,1.49011611938477e-08,1.90401290941565,1.32564424497288,0.637892920214955,3.67115435027436,12,35
0.879,1000,35,563.916164280311,212.022420531579,563.916164280311,14043.5601626981,13629.3841629269,14078.4867438722,62.3206300480103,51.2487154536926,50.643809850007,-455.463877387091,-158.218325753363,1.49011611938477e-08,1.49011611938477e-08,1.81660648856696,1.54927509610991,1.30884875056971,2.59052831549143,12,35
0.88,1000,35,607.814343578743,525.298696713811,607.814343578743,13713.5696822996,13570.4350530222,14481.6077173076,61.4294719239433,46.3033977875062,50.1391478219498,-360.486128408054,-21.4529937823804,1.49011611938477e-08,1.49011611938477e-08,1.84854802888764,1.7668282536424,1.82577470032779,1.82395008045679,12,35
0.881,1000,35,580.772968629099,348.0204286999,580.772968629099,13317.713043363,13937.0932164909,14479.0734256477,60.7408935138997,40.9899923978347,48.6776483103233,-354.399054864732,75.9216117505786,1.49011611938477e-08,1.49011611938477e-08,1.92476261428925,1.93610110207943,2.17462358163359,1.52989220479614,12,35
0.882,1000,35,528.989113916999,429.201422674533,528.989113916999,13364.3597697487,14241.7242536012,14060.6391628732,61.0592547399617,37.6765947382035,46.6516130062837,-489.691329910166,100.582244345928,1.49011611938477e-08,1.49011611938477e-08,1.95360142973938,1.84349680732847,3.91109188357699,1.53585128407123,12,35
0.883,1000,35,497.280714759337,500.042585769832,497.280714759337,13805.5841958201,14089.5838261997,13747.9925738639,62.1365009223411,38.7025668713916,44.3497260850713,-713.212400567682,-36.9205556310925,1.49011611938477e-08,1.49011611938477e-08,1.93255315138669,1.56782159444344,1.17871468963699,1.9141078147377,12,35
0.884,1000,35,479.2370889883,513.382349422223,479.2370889883,14095.4798850986,13658.6948765271,13961.5828475611,62.6836423876754,43.454808214533,42.204544390165,-830.885335946807,-314.65103687815,1.49011611938477e-08,1.49011611938477e-08,1.82194584767331,1.42087149633584,1.49011611938477e-08,2.54840019611823,12,35
0.885,1000,35,463.443614332398,519.003024553167,463.443614332398,13895.6661111879,13480.8308211495,14424.0697160715,61.8646850074519,48.7596733697489,40.268516630174,-767.225334469759,-532.769935095174,1.49011611938477e-08,1.49011611938477e-08,1.81507504480163,1.43996133928476,1.49011611938477e-08,2.38397378304941,12,35
0.886,1000,35,423.795844663192,524.168322093418,423.795844663192,13479.3298477496,13786.4075516883,14560.3219490194,59.9973451533491,52.773210867011,38.6853358643522,-648.87251132813,-583.152594378111,1.49011611938477e-08,1.49011611938477e-08,1.90229012698505,1.4634991010863,1.49011611938477e-08,2.31201730942576,12,35
0.887,1000,35,345.953242177771,527.181030457419,345.953242177771,13399.0525167215,14177.3508261944,14211.4342029888,58.6789295960396,55.0422137916269,38.8069506684887,-560.356146787872,-497.275984273843,1.49011611938477e-08,1.49011611938477e-08,1.9477389864743,1.33946375927364,1.49011611938477e-08,4.02992100759636,12,35
0.888,1000,35,252.342906033067,530.003540815152,252.342906033067,13772.6043104663,14162.3757885295,13817.4321049014,58.79277635571,55.7173608733437,40.8386963901962,-521.318173246827,-335.552625172537,1.49011611938477e-08,1.49011611938477e-08,1.9407975109692,1.17002486570008,1.49011611938477e-08,18.3654823147726,12,35
0.889,1000,35,261.659635740443,529.760509942968,261.659635740443,14124.360840866,13761.7983305774,13879.4188473638,59.6973431417956,55.0952142168816,44.1049851194033,-497.197276037217,-189.549776519414,1.49011611938477e-08,1.49011611938477e-08,1.83246300602223,1.20067355901733,0.732334724917418,3.87446253613984,12,35
0.89,1000,35,475.72611039676,515.447128920631,475.72611039676,14046.2415242703,13482.2101125528,14322.387768554,59.1808157413441,53.4791559152777,47.3116588001628,-423.776801554803,-120.720361603639,1.49011611938477e-08,1.49011611938477e-08,1.7869031394281,1.50838096162121,1.39220220899331,2.86084313511217,12,35
0.891,1000,35,626.571022927029,-12023.628305433,626.571022927029,13664.7964933926,13689.6197514835,14601.5423336879,55.0160129695152,51.2506182785534,48.6035507025804,-326.415619633399,-105.678410480032,1.49011611938477e-08,1.49011611938477e-08,1.87317065779032,1.9832417069831,2.1456894346705,3.122152000497,12,35
0.892,1000,35,614.043277309338,-6264.95884990436,614.043277309338,13491.9160583849,14106.5056199224,14397.7692303555,47.5598590254926,49.3147237185704,47.8240745728461,-302.556216840068,-78.7061989826267,1.49011611938477e-08,1.49011611938477e-08,1.94346075715809,2.15125165572789,2.68385180318856,3.48478099654899,12,35
0.893,1000,35,577.463325669543,-148.762529345969,577.463325669543,13768.1896212612,14196.8205990598,13991.0225542159,39.9166631857551,48.5347395468687,46.0404033936133,-439.435278904361,-2.91572473305869,1.49011611938477e-08,1.49011611938477e-08,1.95785672974392,1.28275118445884,1.85695183554004,2.53260233761837,12,35
0.894,1000,35,436.067193597334,523.149972657959,436.067193597334,14134.6275683982,13842.4255388191,13917.8756951703,39.0786651004995,49.4501834494332,45.2919210176336,-693.532202334355,58.8676057880512,1.49011611938477e-08,1.49011611938477e-08,1.86987353378069,0.30326619778527,0.851119842850527,1.39918835166611,12,35
0.895,1000,35,232.10764376073,530.624757660892,232.10764376073,14132.1041543432,13473.8999949863,14287.9604765519,45.69971311341,51.5610950794936,46.1375346344701,-883.848914643042,32.4075993480183,1.49011611938477e-08,1.49011611938477e-08,1.78737371533738,1.49011611938477e-08,1.49011611938477e-08,1.30841509462093,12,35
0.896,1000,35,250.521128618845,530.073859736782,250.521128618845,13745.3516324307,13568.1979807762,14605.0588796725,53.3511642957039,53.7113677300726,47.2594120296143,-903.70895830798,-43.6631260483654,1.49011611938477e-08,1.49011611938477e-08,1.8502440198431,0.238719129838277,1.49011611938477e-08,1.89863203384935,12,35
0.897,1000,35,511.139175822198,482.492513051757,511.139175822198,13427.5353840642,14006.4622149025,14430.6409459426,60.0936071297416,55.2796359419262,49.1567395238984,-853.274396788454,-124.835603947282,1.49011611938477e-08,1.49011611938477e-08,1.93004913575397,0.663020036262048,1.49011611938477e-08,2.70198591875677,12,35
0.898,1000,35,625.252487292884,-11222.2640272641,625.252487292884,13612.3739875729,14241.3865775371,13997.0145884986,63.377092538601,55.7944129174393,50.2433191577407,-744.187005571998,-223.411839348966,1.49011611938477e-08,1.49011611938477e-08,1.95378121592459,1.03017502978227,1.49011611938477e-08,3.68097348785867,12,35
0.899,1000,35,600.752534127372,-3036.58064351737,600.752534127372,13999.1204316375,14005.9850117495,13826.1429529011,63.2720474272516,54.6857314859403,50.3137219898385,-582.798682711548,-257.376259989818,1.49011611938477e-08,1.49011611938477e-08,1.89856367965527,1.34915431360045,0.652170442689544,3.8414299964223,12,35
0.9,1000,35,566.29777291052,189.690540004405,566.29777291052,14032.5157728303,13613.2455414212,14095.9572894957,62.3349097849555,51.449184482612,50.3963358702088,-443.398178026896,-151.304827827524,1.49011611938477e-08,1.49011611938477e-08,1.8149495151956,1.56357267170777,1.33454390428164,2.58209106405551,12,35
0.901,1000,35,608.918407161939,525.701964608032,608.918407161939,13687.4332454645,13582.5351490607,14488.1111602107,61.522620407875,46.4613610640945,49.7760091616702,-358.102089758447,-17.4146898994224,1.49011611938477e-08,1.49011611938477e-08,1.85325274834868,1.7788110041808,1.8419379364807,1.79785965337068,12,35
0.902,1000,35,583.434144056752,393.488960418397,583.434144056752,13307.9855392156,13960.1778975384,14458.060357027,60.9022837633996,41.2367190309995,48.2197133695867,-359.674308173939,82.8892738740359,1.49011611938477e-08,1.49011611938477e-08,1.9274190927727,1.93772752609815,2.23636282893235,1.51327534017181,12,35
0.903,1000,35,524.739742320109,445.138073462697,524.739742320109,13386.1009940659,14245.727718285,14031.6631884272,61.3017129739559,38.2459128089282,46.1618995109521,-507.63343771655,98.4940527434032,1.49011611938477e-08,1.49011611938477e-08,1.9545230712011,1.82396528131641,3.98391478927685,1.53869138081873,12,35
0.904,1000,35,492.145930473814,504.386424582185,492.145930473814,13835.5819393149,14069.9554734177,13744.8173313575,62.4326577039865,39.5591474606081,43.9046282578915,-734.404734166515,-49.6294432135922,1.49011611938477e-08,1.49011611938477e-08,1.92805848755461,1.53743759959944,1.04415167379071,1.93380198198341,12,35
0.905,1000,35,476.543140195246,514.641336673012,476.543140195246,14099.8707063065,13638.615848467,13986.5736333415,62.9953558447368,44.4333612030706,41.9148657045177,-843.204526050398,-327.545432649327,1.49011611938477e-08,1.49011611938477e-08,1.81802519703189,1.38947706586247,1.49011611938477e-08,2.54740235325102,12,35
0.906,1000,35,465.560792030276,518.438138471953,465.560792030276,13872.8463932183,13486.5838452608,14444.7381559287,62.2312380082744,49.7176779669633,40.1398723037715,-780.359550742776,-528.964523530605,1.49011611938477e-08,1.49011611938477e-08,1.81972424548722,1.40122863381055,1.49011611938477e-08,2.38235179769897,12,35
0.907,1000,35,426.252654124281,524.004960589003,426.252654124281,13460.537117552,13812.0739873924,14550.9373072108,60.5371378524362,53.6598005148725,38.8531237875547,-658.672959630963,-575.113261137166,1.49011611938477e-08,1.49011611938477e-08,1.9067736713133,1.41060644933251,1.49011611938477e-08,2.40326768293252,12,35
0.908,1000,35,345.54602991973,527.210981759095,345.54602991973,13409.7721696194,14190.7439026393,14184.6454882505,59.4346223943807,55.8512765505589,39.2863913169693,-573.263405647798,-482.962688682487,1.49011611938477e-08,1.49011611938477e-08,1.94894188273649,1.28584289375958,1.49011611938477e-08,4.46981501247214,12,35
0.909,1000,35,247.481425381401,530.148620397158,247.481425381401,13798.3361415107,14148.0726936309,13806.2547591807,59.6550092339102,56.4474736958355,41.5411389315558,-533.611063265344,-321.01227546259,1.49011611938477e-08,1.49011611938477e-08,1.93755605743443,1.14305683991687,1.49011611938477e-08,13.908845000788,12,35
0.91,1000,35,269.097877115786,529.530737923839,269.097877115786,14133.3672003548,13738.83198862,13898.8377090891,60.4403108550427,55.7414837693615,44.8643581750664,-502.069342421505,-181.224362838255,1.49011611938477e-08,1.49011611938477e-08,1.8264760897125,1.20715949614167,0.757540659029058,3.69691436761954,12,35
0.911,1000,35,486.705193957429,509.945668714622,486.705193957429,14027.4819715669,13481.161817552,14346.7853466056,59.6115658986199,54.0531111442022,48.0043839734557,-425.843512134214,-119.758716137302,1.49011611938477e-08,1.49011611938477e-08,1.78995459558792,1.53807989866902,1.43814431107644,2.84745591621149,12,35
0.912,1000,35,626.498405757296,534.03582636276,626.498405757296,13641.2523192213,13713.2786785026,14600.4149740553,55.177719428209,51.8147180018857,49.2292625713365,-324.193846809699,-104.215623286975,1.49011611938477e-08,1.49011611938477e-08,1.87925768750766,2.01731661924022,2.21147353949347,3.13363277012629,12,35
0.913,1000,35,613.540368170913,527.290254058056,613.540368170913,13493.2038521957,14124.9063620264,14373.8429145756,47.4845411355183,49.9293532325918,48.3754590803534,-309.391676510519,-75.0377683471175,1.49011611938477e-08,1.49011611938477e-08,1.94598214669188,2.14618353199517,2.72113530032275,3.45638199866922,12,35
0.914,1000,35,573.862158687684,151.224938468109,573.862158687684,13788.1585416596,14186.4730167337,13971.3554329239,39.9407849805834,49.2491187999708,46.6243487506365,-458.779158057288,1.33325102790844,1.49011611938477e-08,1.49011611938477e-08,1.95671456516388,1.23516532972761,1.7914304876236,2.46604157004695,12,35
0.915,1000,35,424.491560545287,524.077613755886,424.491560545287,14143.2495244901,13816.2142308239,13926.80806649,39.5183783757399,50.2880438019721,45.9534374659349,-716.204085584663,56.1648390542761,1.49011611938477e-08,1.49011611938477e-08,1.86344409985961,0.26859680131399,0.794047884958073,1.38372006387319,12,35
0.916,1000,35,226.231183154366,530.773402881688,226.231183154366,14115.1966953367,13464.5290300992,14311.6693751839,46.3446197207265,52.496154515953,46.785589531158,-892.880378261964,25.4192374937035,1.49011611938477e-08,1.49011611938477e-08,1.78812850316853,1.49011611938477e-08,1.49011611938477e-08,1.34165329887199,12,35
0.917,1000,35,261.177436550314,529.781360852668,261.177436550314,13715.1702967204,13587.447558937,14608.183796261,53.9206009187918,54.6604793875604,47.786681565018,-908.843088205314,-56.3850248074448,1.49011611938477e-08,1.49011611938477e-08,1.85627249196575,0.271867022266386,1.49011611938477e-08,1.96959867423525,12,35
0.918,1000,35,541.310188240192,380.839843606643,541.310188240192,13422.7061857561,14030.2597427283,14409.7143837924,60.4765273508756,56.2119091307731,49.5151474201898,-852.867226845482,-138.881415839798,1.49011611938477e-08,1.49011611938477e-08,1.93273484529028,0.683005872606055,1.49011611938477e-08,2.80514204346171,12,35
0.919,1000,35,624.71102417914,532.862467431016,624.71102417914,13633.2084145678,14240.2678747522,13976.5158632533,63.4919341424536,56.6326401805156,50.4373421972783,-737.511985273277,-233.338126504052,1.49011611938477e-08,1.49011611938477e-08,1.95345012027698,1.04399400994878,1.49011611938477e-08,3.75668502647939,12,35
0.92,1000,35,597.075222774752,517.060471282573,597.075222774752,14014.7241824597,13981.6904808808,13830.9778954779,63.2107433619158,55.3801424591441,50.461332169738,-571.585457436174,-256.195703569761,1.49011611938477e-08,1.49011611938477e-08,1.89211387012905,1.35813533846498,0.68193535123954,3.7755432467976,12,35
0.921,1000,35,581.173394024544,29.9153609513264,581.173394024544,14023.7481856597,13597.1247119998,14124.1555823654,62.2621062691365,52.0171984945229,50.5785278970967,-439.664979931094,-149.162419534006,1.49011611938477e-08,1.49011611938477e-08,1.81295606467853,1.56923617023695,1.36972417567748,2.48684049644609,12,35
0.922,1000,35,605.169483300484,524.320676055436,605.169483300484,13663.8388253363,13595.0181462652,14505.0510007369,61.3613952454202,46.9408299368875,49.7574102036663,-348.725944631142,-10.0818363769794,1.49011611938477e-08,1.49011611938477e-08,1.85763790258607,1.79500988843358,1.84803866334036,1.76406592441642,12,35
0.923,1000,35,572.004697469975,146.302848616721,572.004697469975,13300.2029349577,13984.182887905,14447.5569205601,60.7693960318376,41.7173114841829,48.0826344704332,-356.888903227894,88.7980610297697,1.49011611938477e-08,1.49011611938477e-08,1.92973157023017,1.947805284415,2.25985686845347,1.49747637141294,12,35
0.924,1000,35,520.792359164001,457.005677793556,520.792359164001,13407.3850113003,14249.2252208041,14011.9279375533,61.2688578560735,38.7586863851724,45.9251967513797,-513.039505940595,100.638817715238,1.49011611938477e-08,1.49011611938477e-08,1.95513323935395,1.81144582340357,3.94506444257444,1.52967538044298,12,35
0.925,1000,35,497.062451398416,499.582041374671,497.062451398416,13859.3198615692,14045.6816486023,13749.5015216184,62.4823846410175,40.1694898809062,43.5374337097392,-730.697004659196,-43.5332036888443,1.49011611938477e-08,1.49011611938477e-08,1.92242147929044,1.51568518379291,1.00590039631234,1.94065933919184,12,35
0.926,1000,35,487.402235050543,508.557282456662,487.402235050543,14098.50819225,13615.6702927304,14016.7503327135,63.1011273293821,44.9932253043953,41.3233993167961,-841.927397459348,-319.200015153332,1.49011611938477e-08,1.49011611938477e-08,1.81313963955884,1.36633753238711,1.49011611938477e-08,2.57179605985018,12,35
0.927,1000,35,477.068065743908,514.332134462629,477.068065743908,13850.6020340038,13492.5413224963,14469.7129228724,62.351660768331,50.1438392646667,39.2917034628876,-774.621495132926,-524.528131323783,1.49011611938477e-08,1.49011611938477e-08,1.82347310753053,1.37344487504598,1.49011611938477e-08,2.42579079802999,12,35
0.928,1000,35,438.159104415867,523.031568269798,438.159104415867,13445.910244133,13836.300747544,14548.6183755727,60.6607644296314,53.9385400261116,37.7730283670954,-653.560368467173,-561.440352092378,1.49011611938477e-08,1.49011611938477e-08,1.91049211747444,1.36851992508748,1.49011611938477e-08,2.50229911707286,12,35
0.929,1000,35,354.367607415479,526.919365124682,354.367607415479,13424.1878546208,14200.7155917236,14167.2672822679,59.607861817139,55.9958256590308,38.1543089874237,-570.827888830409,-462.593178470746,1.49011611938477e-08,1.49011611938477e-08,1.95014210825617,1.23006882922906,1.49011611938477e-08,5.08817334411919,12,35
0.93,1000,35,261.852195234769,529.732545657272,261.852195234769,13822.7808497161,14129.4760039175,13806.3805354529,59.9214754325582,56.461463409736,40.5272226834993,-535.918642842411,-304.719806246393,1.49011611938477e-08,1.49011611938477e-08,1.93394135006781,1.09220223112139,1.49011611938477e-08,9.90841674527008,12,35
0.931,1000,35,284.99108211108,529.062814506378,284.99108211108,14137.2166013106,13712.9817060176,13927.851420357,60.8083520408694,55.6329331537148,44.0651306250747,-508.030985293268,-161.819192437542,1.49011611938477e-08,1.49011611938477e-08,1.82074970153631,1.17135293697982,0.795185198549768,3.19628162510886,12,35
0.932,1000,35,510.867007308368,481.972935296954,510.867007308368,14008.4144189147,13480.0766508102,14381.8607258713,59.9571755823166,53.8124117260185,47.3149442349978,-427.925360143142,-97.6956363577977,1.49011611938477e-08,1.49011611938477e-08,1.79324283946309,1.51014994440934,1.47973780345861,2.55883885985926,12,35
0.933,1000,35,624.730080288506,532.87640686986,624.730080288506,13621.8745817796,13736.3643395168,14612.2316260992,55.3860046554131,51.470104994242,48.4659360160379,-327.361303146154,-82.732870171603,1.49011611938477e-08,1.49011611938477e-08,1.8846351476716,1.97577389133114,2.24683768685987,2.82535945207428,12,35
0.934,1000,35,612.720825440308,526.994977025713,612.720825440308,13498.9721655638,14139.9157173131,14361.1954961815,47.7194064514706,49.5095534206108,47.5906608847809,-320.665256964959,-50.1760091032292,1.49011611938477e-08,1.49011611938477e-08,1.94796607420694,2.04957012581086,2.73492803076502,3.02179261321962,12,35
0.935,1000,35,569.84809942156,164.140185554593,569.84809942156,13811.7499455116,14174.751715485,13966.2939417074,40.5494339577383,48.7997993370204,45.9183692014536,-468.290241455825,23.2307974554077,1.49011611938477e-08,1.49011611938477e-08,1.95469523018134,1.14764344815256,1.77120269376707,2.10659070153806,12,35
0.936,1000,35,415.764056029165,524.587203402866,415.764056029165,14153.8607130964,13790.3856705684,13950.4119967494,40.5988109032904,49.8226750063152,45.3953016854992,-724.823174007344,75.6507529435827,1.49011611938477e-08,1.49011611938477e-08,1.85648687131919,0.214135744143152,0.788940142034806,1.23144164159797,12,35
0.937,1000,35,234.946664201395,530.513045525708,234.946664201395,14100.6554119235,13456.8939097756,14346.7049254985,47.3522652402069,51.9489552763675,46.2988211703292,-901.949843955918,38.3616830387459,1.49011611938477e-08,1.49011611938477e-08,1.78882501581417,1.49011611938477e-08,1.49011611938477e-08,1.26980227079307,12,35
0.938,1000,35,285.130545612864,529.06490695665,285.130545612864,13682.068153436,13609.539442348,14611.3031161752,54.7333209066692,54.0530627499681,47.4024749785178,-910.219354761412,-42.131055382402,1.49011611938477e-08,1.49011611938477e-08,1.86264949989328,0.278954462646917,1.49011611938477e-08,1.85929694314797,12,35
0.939,1000,35,559.312445511414,257.806692517681,559.312445511414,13417.080394486,14053.7999441483,14392.8377192971,60.982943322971,55.5497511656627,49.1556353916981,-852.792500512021,-124.31803745841,1.49011611938477e-08,1.49011611938477e-08,1.93530741543448,0.681602865937967,1.49011611938477e-08,2.60721798812129,12,35
0.94,1000,35,623.087584141362,531.814320589929,623.087584141362,13651.6962283075,14238.4872884944,13963.8822392716,63.6331695189078,55.9233873841876,49.9934466920748,-736.180471029669,-216.964532922738,1.49011611938477e-08,1.49011611938477e-08,1.9530961183096,1.03300646172624,1.49011611938477e-08,3.40906147589034,12,35
0.941,1000,35,593.579873423603,508.007601790602,593.579873423603,14023.1819281157,13959.537176722,13845.5279861242,63.1718719497779,54.6188214673968,50.0093073354074,-580.925299241962,-235.143494308426,1.49011611938477e-08,1.49011611938477e-08,1.88730941412255,1.33236506228752,0.750217817259625,3.34726839433514,12,35
0.942,1000,35,579.700851636805,47.4725647006911,579.700851636805,14007.6672099048,13585.0112102714,14153.3664517431,62.1926913904593,51.1515372723921,50.2926265955545,-445.028236944827,-122.774620611754,1.49011611938477e-08,1.49011611938477e-08,1.8132172578347,1.53730647121347,1.42372578784678,2.24465341227153,12,35
0.943,1000,35,607.362660126177,-4373.30729701317,607.362660126177,13633.2516031543,13611.5675952356,14518.1303683422,61.2133131671874,46.0356586188682,49.6721875695766,-357.141312446576,12.2864698258325,1.49011611938477e-08,1.49011611938477e-08,1.86342714090773,1.76258365151714,1.85250687383434,1.63449954576575,12,35
0.944,1000,35,577.353697802219,-160.524420289805,577.353697802219,13287.3403749208,14007.8080166743,14430.7379338181,60.573589020219,40.9002214270209,48.1777010667468,-373.510609183065,104.228433781881,1.49011611938477e-08,1.49011611938477e-08,1.93251737012918,1.90422180423699,2.28686781600351,1.41937705838078,12,35
0.945,1000,35,522.926151567318,449.744777892815,522.926151567318,13424.570500013,14251.8429886198,13987.7947047468,61.0772556156416,38.3012618515275,46.1552800172025,-540.068307397738,104.005370568726,1.49011611938477e-08,1.49011611938477e-08,1.95624020414342,1.75861331795271,3.87376542559343,1.4865447119179,12,35
0.946,1000,35,484.193078152976,510.775307816261,484.193078152976,13882.9607693918,14025.7520170811,13751.294045002,62.2416872500958,40.126816792807,43.8789172609709,-755.945144915502,-55.6710489405586,1.49011611938477e-08,1.49011611938477e-08,1.91782831119393,1.4810576129777,0.911833855775491,1.92584806384813,12,35
0.947,1000,35,477.240367135276,514.32462653463,477.240367135276,14097.4560512628,13599.4807637947,14044.0324453918,62.6726354666094,45.2527302291174,41.8082929101877,-849.589259039276,-338.441449564811,1.49011611938477e-08,1.49011611938477e-08,1.8105090513892,1.36066294551513,1.49011611938477e-08,2.54281874767771,12,35
0.948,1000,35,464.253165525853,518.788020095068,464.253165525853,13825.4898029111,13503.9939606838,14488.3604173455,61.6848820992618,50.4951306974639,39.8579706268347,-769.103376050843,-536.85829387899,1.49011611938477e-08,1.49011611938477e-08,1.82877757179732,1.38556964245545,1.49011611938477e-08,2.37249716147448,12,35
0.949,1000,35,421.647017714785,524.300076806826,421.647017714785,13429.2433008591,13864.3257678987,14534.8833950359,59.8596172595569,54.2901990782022,38.5307669920108,-646.436605139306,-562.261289214035,1.49011611938477e-08,1.49011611938477e-08,1.91451464445938,1.3815423282108,1.49011611938477e-08,2.5213827920432,12,35
0.95,1000,35,341.627741307713,527.312187802764,341.627741307713,13437.6776256162,14213.0548909839,14137.5384773811,58.8190651132849,56.328411595967,39.0999277685001,-566.029912746233,-455.673958609907,1.49011611938477e-08,1.49011611938477e-08,1.95108169419721,1.23814385613595,1.49011611938477e-08,5.37203875971113,12,35
0.951,1000,35,241.57551232654,530.322534934633,241.57551232654,13849.0535321248,14114.3768813255,13795.0088169235,59.1523156188137,56.7879922783638,41.5026344065646,-532.225230985771,-296.792506852248,1.49011611938477e-08,1.49011611938477e-08,1.92967707597988,1.10179449095442,1.49011611938477e-08,9.20555828807882,12,35
0.952,1000,35,283.121521931805,529.110864124269,283.121521931805,14144.6702926694,13692.7993797958,13946.0330596586,59.9347301553819,55.9827240854241,44.9286131908653,-500.339399419064,-159.455568885732,1.49011611938477e-08,1.49011611938477e-08,1.81500683105312,1.19044427231223,0.842962040552003,3.21573319378232,12,35
0.953,1000,35,518.65400859183,465.895090927519,518.65400859183,13989.5214721506,13484.2022889902,14400.8863169888,58.8488112845264,54.2303919474645,48.005133540636,-416.449972166214,-101.228156283894,1.49011611938477e-08,1.49011611938477e-08,1.79666478628139,1.53870370535368,1.53795665294987,2.63098798142358,12,35
0.954,1000,35,625.711003915207,533.493742016472,625.711003915207,13602.6995077218,13762.4300096803,14603.3156358847,54.0945495675595,52.0237657103695,49.0596663269177,-320.978553088605,-87.075463711118,1.49011611938477e-08,1.49011611938477e-08,1.89004789180557,1.9955922175642,2.32086936466094,2.91305131452663,12,35
0.955,1000,35,611.429995970555,526.55034137008,611.429995970555,13506.0115847377,14156.9799411194,14331.4260377841,46.2811515308817,50.2393363677812,48.1394716445345,-325.858153841283,-52.4835855462996,1.49011611938477e-08,1.49011611938477e-08,1.95003793085712,2.01138655202124,2.74356678900269,3.06637101228776,12,35
0.956,1000,35,566.202366970494,184.872271093534,566.202366970494,13834.9474845938,14162.1924072845,13943.6736470592,39.4317967068697,49.7168070544475,46.5959500368609,-485.458464826534,19.3516476899191,1.49011611938477e-08,1.49011611938477e-08,1.95236611094855,1.07094095841354,1.68015495600061,2.08865289454984,12,35
0.957,1000,35,401.132449303801,525.28593586969,401.132449303801,14162.3264720545,13764.2342728563,13956.9472964437,40.2014781305588,50.9031752586799,46.2144392238359,-743.314767180904,62.2176130240323,1.49011611938477e-08,1.49011611938477e-08,1.84941078260441,0.0970958971093112,0.716586311448337,1.25576652338382,12,35
0.958,1000,35,213.026508745782,531.168185813546,213.026508745782,14083.9867733413,13451.032215209,14364.1810404084,47.4070468190825,53.1366676487116,47.1125142782901,-908.924722366405,16.0173368055312,1.49011611938477e-08,1.49011611938477e-08,1.78983814445476,1.49011611938477e-08,1.49011611938477e-08,1.36944979692212,12,35
0.959,1000,35,291.567303580102,528.872168275823,291.567303580102,13656.1633806163,13630.4951899662,14605.7421576234,54.8745450112073,55.2345255457336,48.1018782107268,-907.962796688336,-67.7117622316954,1.49011611938477e-08,1.49011611938477e-08,1.86798738992745,0.323258526544161,1.49011611938477e-08,2.0444684607459,12,35
0.96,1000,35,575.381122665258,97.5236121587693,575.381122665258,13418.492592608,14074.5871518531,14364.2536966924,61.0666315815591,56.6755509678454,49.7343203312638,-843.955062298833,-152.645600912767,1.49011611938477e-08,1.49011611938477e-08,1.93751822750246,0.719029609430812,1.49011611938477e-08,2.90405275522609,12,35
0.961,1000,35,621.483609806858,531.391769171936,621.483609806858,13676.7281638017,14233.0936928791,13938.3089723506,63.5581827127952,56.9126185307696,50.4711419326765,-728.591655134452,-238.039217239658,1.49011611938477e-08,1.49011611938477e-08,1.95205014648168,1.06918753214796,1.49011611938477e-08,3.77890079352555,12,35
0.962,1000,35,590.987690252206,494.009982366636,590.987690252206,14039.1174729506,13934.6126462238,13847.308494626,63.0276153642923,55.4282366734482,50.4432629045274,-562.178922154294,-247.935233436566,1.49011611938477e-08,1.49011611938477e-08,1.88036348942227,1.36744070842744,0.761603183815536,3.57455215440606,12,35
0.963,1000,35,587.213860854623,-43.7348583852665,587.213860854623,13995.803216732,13571.2731695355,14175.276581691,62.140482529456,51.7966979988336,50.6268101566433,-430.509530474063,-124.841323409257,1.49011611938477e-08,1.49011611938477e-08,1.81200376588276,1.56765744778359,1.44782776274155,2.30359585778852,12,35
0.964,1000,35,605.691001442688,-3984.42239155268,605.691001442688,13606.5701986287,13626.1447072059,14523.1812898974,61.2302696123793,46.5718809784869,49.755066274653,-348.818485853537,10.8803443539247,1.49011611938477e-08,1.49011611938477e-08,1.86790541984471,1.78993323956759,1.8765919534856,1.66789880896774,12,35
0.965,1000,35,572.529031191109,118.173489612445,572.529031191109,13279.6367952913,14029.702088278,14408.5364032174,60.6704687971386,41.4112519300355,48.0656603803011,-374.371780532889,99.8045383548542,1.49011611938477e-08,1.49011611938477e-08,1.93445478874819,1.91986441443381,2.37053694588656,1.4499364825104,12,35
0.966,1000,35,525.598943146496,440.63770767895,525.598943146496,13445.4726225231,14250.0228481833,13960.3710196269,61.1988512436686,38.7929864116355,45.910331384437,-535.790974452535,94.8321241742548,1.49011611938477e-08,1.49011611938477e-08,1.95654693035106,1.76190412389548,3.6747683617108,1.5279143622674,12,35
0.967,1000,35,489.082462344396,506.898043479703,489.082462344396,13903.1205251298,13998.4176956392,13752.144220924,62.316601036564,40.6647917781927,43.5980874046896,-759.081060483869,-81.0529199574233,1.49011611938477e-08,1.49011611938477e-08,1.91140778680318,1.48689712241384,0.848281277208633,1.99766521679433,12,35
0.968,1000,35,479.206023354978,513.383355498016,479.206023354978,14089.8943900197,13577.2287708321,14067.9519791563,62.7115782840728,45.6637890972991,41.5476347613243,-841.909583115825,-363.032254158899,1.49011611938477e-08,1.49011611938477e-08,1.806731857668,1.37160015050823,1.49011611938477e-08,2.56416088575353,12,35
0.969,1000,35,457.957479485022,520.242944242373,457.957479485022,13798.0065284372,13511.38192688,14502.2245553748,61.7389318183266,50.7280385365979,39.6438583065665,-757.392835623197,-549.405111648412,1.49011611938477e-08,1.49011611938477e-08,1.83318273780418,1.39693313396079,1.49011611938477e-08,2.3321348381909,12,35
0.97,1000,35,410.2968673495,524.908938219715,410.2968673495,13411.9256633369,13886.7920875806,14519.4717263607,60.0064334588975,54.3455921337471,38.3266907635167,-638.151437433099,-565.102874701922,1.49011611938477e-08,1.49011611938477e-08,1.91786434300971,1.38762141316526,1.49011611938477e-08,2.51969123013971,12,35
0.971,1000,35,321.03699535703,527.944685277382,321.03699535703,13450.318119053,14218.3144362723,14109.1567844783,59.0856939538388,56.2287669916863,38.890310577341,-563.766810530067,-461.705797384984,1.49011611938477e-08,1.49011611938477e-08,1.95196710312576,1.24472708894914,1.49011611938477e-08,5.57526330991628,12,35
0.972,1000,35,244.421278681324,530.253534858735,244.421278681324,13869.5865356493,14092.2723409038,13786.90544607,59.4918246784913,56.5414797881645,41.3001637089505,-527.678547187704,-295.648054659553,1.49011611938477e-08,1.49011611938477e-08,1.92485446593131,1.12196623729564,0.141396762849494,8.75794694524891,12,35
0.973,1000,35,290.187465325233,528.899091662629,290.187465325233,14143.9413770729,13667.5408197291,13965.8399363212,60.2213098884569,55.5953478916359,44.751211990794,-491.620489115265,-162.347009769052,1.49011611938477e-08,1.49011611938477e-08,1.80933991116152,1.2273644679791,0.876347492846644,3.19767665879257,12,35
0.974,1000,35,526.800855027036,442.346723163278,526.800855027036,13967.3605450408,13485.6623417132,14422.9326430577,58.8649255874639,53.6847893682318,47.7523123268059,-401.721797833039,-106.886302963995,1.49011611938477e-08,1.49011611938477e-08,1.800188447921,1.59104810647995,1.57468877186779,2.67197998149664,12,35
0.975,1000,35,624.6601920712,-10877.4675036579,624.6601920712,13583.2450551462,13785.6711805109,14599.9010104703,53.7473485372514,51.362849378436,48.6497637321798,-307.801739589759,-92.3418570773708,1.49011611938477e-08,1.49011611938477e-08,1.89484946847415,2.05078395292314,2.34943896364906,2.99234440502211,12,35
0.976,1000,35,609.761062535965,-4989.56654962782,609.761062535965,13512.8247733674,14168.6300161854,14306.2663037016,45.6956024029902,49.5290059005993,47.6228601519711,-317.888954016989,-56.9041545663855,1.49011611938477e-08,1.49011611938477e-08,1.95168809936848,2.01688089433848,2.72883765218602,3.11414280307377,12,35
0.977,1000,35,558.074302167129,256.841220461574,558.074302167129,13856.6614652941,14147.643884804,13930.0419082377,39.0066856922076,49.0633297855774,46.0593886128347,-492.133180287113,20.429722133591,1.49011611938477e-08,1.49011611938477e-08,1.94931687408764,1.02872185580904,1.62870761457483,2.05557128496285,12,35
0.978,1000,35,382.385643872333,525.986491213197,382.385643872333,14168.3534919174,13739.063375959,13972.1044782989,40.2579227638704,50.332076147598,45.7602250267485,-750.326183231858,60.1482943311531,1.49011611938477e-08,1.49011611938477e-08,1.84229773126816,1.49011611938477e-08,0.687551777064966,1.24873287818623,12,35
0.979,1000,35,228.939861201038,530.719514020335,228.939861201038,14065.8579573894,13447.0516083513,14388.2305386046,47.5659236825628,52.5708939536792,46.7002182229568,-904.625955031087,9.90783828137277,1.49011611938477e-08,1.49011611938477e-08,1.79101945739395,1.49011611938477e-08,1.49011611938477e-08,1.39780580808213,12,35
0.98,1000,35,313.534797889561,528.212664368178,313.534797889561,13630.6341245117,13655.1285603188,14602.5751324974,54.9771882659866,54.7060038620481,47.7326590892731,-896.485749543772,-71.7947732164699,1.49011611938477e-08,1.49011611938477e-08,1.8733429205244,0.355483661315773,1.49011611938477e-08,2.06834695023151,12,35
0.981,1000,35,599.496315915113,-203.127172011963,599.496315915113,13421.0008817294,14096.2167414171,14340.6321447171,60.9520826402296,56.1640308738179,49.3002995055219,-833.458404395792,-151.347724082477,1.49011611938477e-08,1.49011611938477e-08,1.93946903677918,0.743490403495859,1.49011611938477e-08,2.91254266280168,12,35
0.982,1000,35,620.836153837179,-8950.67397521897,620.836153837179,13699.6104286008,14228.0529509358,13923.2894389076,63.2083182018173,56.4096450629446,49.930494315003,-710.828138665942,-236.789488600073,1.49011611938477e-08,1.49011611938477e-08,1.95087811086663,1.0883722398131,1.49011611938477e-08,3.71123472960228,12,35
0.983,1000,35,585.733861615515,-986.380652412149,585.733861615515,14047.8156830064,13911.4536274066,13859.4125283838,62.6298844123844,54.9265678561832,49.8869173755459,-548.41445012241,-234.169811322297,1.49011611938477e-08,1.49011611938477e-08,1.87469503077603,1.37246748705933,0.803466240346098,3.37527070162693,12,35
0.984,1000,35,586.924030222593,-39.5604308445544,586.924030222593,13980.5365588967,13562.766181809,14198.9648343426,61.8370788120045,51.2471021841912,50.1843332036115,-424.583123614668,-103.152409572966,1.49011611938477e-08,1.49011611938477e-08,1.81255437887993,1.56251489801958,1.48127929455903,2.14550540305746,12,35
0.985,1000,35,605.286772234058,524.510988176557,605.286772234058,13579.2119166342,13645.8272929784,14528.1497189205,60.9712374902648,46.0900681560534,49.4057834164464,-350.997866997706,31.0295352548171,1.49011611938477e-08,1.49011611938477e-08,1.87321355424724,1.77725774587372,1.8636061792055,1.56274280740516,12,35
0.986,1000,35,573.748744727493,160.430039698633,573.748744727493,13273.5714922375,14053.1074832954,14385.7780657012,60.445594897396,41.174771108268,47.7909075760173,-382.441487242136,109.976518064082,1.49011611938477e-08,1.49011611938477e-08,1.93670736011068,1.89244818620173,2.42082699398527,1.38054237530671,12,35
0.987,1000,35,519.342039696168,459.860519216746,519.342039696168,13467.7944785732,14250.4854255703,13936.1480384026,61.0216468124339,39.0733064872592,45.7207170828823,-559.78986900357,94.2370667527734,1.49011611938477e-08,1.49011611938477e-08,1.95727857046404,1.72255659633044,3.50157601078782,1.49096483588198,12,35
0.988,1000,35,485.478355306647,509.922175189503,485.478355306647,13925.4656447321,13977.4957302496,13756.4988307879,62.1365953624325,41.4115819666535,43.5491954756582,-781.147732934351,-95.8289863657097,1.49011611938477e-08,1.49011611938477e-08,1.90624721883345,1.45583305592119,0.756032237189912,1.98205346907748,12,35
0.989,1000,35,468.902232046436,517.488256851427,468.902232046436,14084.0655292883,13562.7451556451,14094.7278774667,62.4557613332736,46.682052930807,41.7119453453492,-850.45791738739,-379.478575374664,1.49011611938477e-08,1.49011611938477e-08,1.80526019302056,1.35383977610006,1.49011611938477e-08,2.51525435093607,12,35
0.99,1000,35,448.760957133523,521.803025257573,448.760957133523,13770.175722685,13525.2960234718,14516.9983756404,61.4231449761957,51.8139044394045,39.9737874210318,-758.858615216795,-556.722122640073,1.49011611938477e-08,1.49011611938477e-08,1.83892151900353,1.3821738311162,1.49011611938477e-08,2.29031412496976,12,35
0.991,1000,35,400.439609326484,525.343692623529,400.439609326484,13397.1731117473,13914.063259934,14503.2982458549,59.7185622341099,55.4315525119591,38.9046384402307,-645.308027922679,-565.192955100841,1.49011611938477e-08,1.49011611938477e-08,1.92140221861455,1.36633098862515,1.49011611938477e-08,2.57074660392788,12,35
0.992,1000,35,316.023237544491,528.086939695318,316.023237544491,13465.6107762938,14227.0343859214,14081.329224234,58.8749448874876,57.3001274188633,39.6697281971024,-566.764078580428,-452.604449569354,1.49011611938477e-08,1.49011611938477e-08,1.9526630595618,1.22250531568891,1.49011611938477e-08,6.05940896583607,12,35
0.993,1000,35,232.510856300646,530.610000977233,232.510856300646,13893.7161204998,14075.0278512773,13780.7656224068,59.2901940923866,57.603455668919,42.1637789699898,-528.65966279242,-286.209340371897,1.49011611938477e-08,1.49011611938477e-08,1.91990854025561,1.11395055721277,0.210312738071764,7.79409175849769,12,35
0.994,1000,35,297.530888047476,528.69955742032,297.530888047476,14146.2320633046,13648.9255064808,13987.478086418,59.8518245763255,56.6605643453746,45.572271478314,-485.367809011422,-157.526034578589,1.49011611938477e-08,1.49011611938477e-08,1.80485125405042,1.23880169496953,0.923013849354081,3.12869267716902,12,35
0.995,1000,35,545.79017593687,353.960302791597,545.79017593687,13944.3046055806,13493.3023493106,14441.5831948156,58.198227867597,54.7833172207552,48.433408420553,-390.842403216607,-106.446988759249,1.49011611938477e-08,1.49011611938477e-08,1.80485352094244,1.6156283182694,1.643740260852,2.67132236435525,12,35
0.996,1000,35,624.198097276436,532.492170727922,624.198097276436,13564.4262251956,13812.2861374025,14589.4923192257,52.843779738451,52.5589423877133,49.2499707166949,-304.970167544234,-91.8341516469367,1.49011611938477e-08,1.49011611938477e-08,1.90010688353782,2.06427027619076,2.44962642218404,2.97925326180615,12,35
0.997,1000,35,607.976727488948,525.413616404971,607.976727488948,13521.1139677742,14182.5474466055,14277.4097581826,44.6550384111278,50.8507623364496,48.2272132834589,-325.06991054742,-52.3160813508093,1.49011611938477e-08,1.49011611938477e-08,1.95353939099319,1.96670830877792,2.77567886329772,3.02238248326975,12,35
0.998,1000,35,553.145237632888,295.118842901677,553.145237632888,13878.0941154862,14132.0547694049,13912.8452016581,38.3486394515127,50.5295314918136,46.8216955827632,-513.480852988296,23.0309614928837,1.49011611938477e-08,1.49011611938477e-08,1.94632030045124,0.952418037947761,1.56183953857113,1.95632790986022,12,35
0.999,1000,35,369.063101197976,526.43180020453,369.063101197976,14172.814709629,13713.642338676,13984.4394115977,40.3046004520323,51.9307144019538,46.6531509005934,-773.725699018087,52.0144279909698,1.49011611938477e-08,1.49011611938477e-08,1.83603357374149,1.49011611938477e-08,0.618685886758989,1.24120561303169,12,35
1,1000,35,205.386793153,531.424013445553,205.386793153,14045.8431639945,13444.5709485441,14407.7820759758,47.9653772231737,54.2563324341539,47.5426410286199,-917.022990057093,-7.97746749408341,1.49011611938477e-08,1.49011611938477e-08,1.7933908458362,1.49011611938477e-08,1.49011611938477e-08,1.47622515927838,12,35
1.001,1000,35,319.338455040882,528.037502700254,319.338455040882,13605.8880292613,13677.2752962797,14597.3557246936,55.4369132110428,56.3782467456214,48.4170710261905,-903.012463947398,-89.8779934028166,1.49011611938477e-08,1.49011611938477e-08,1.87867247976799,0.376376707674428,1.49011611938477e-08,2.23292729521126,12,35
1.002,1000,35,613.115884498967,187.820826525798,613.115884498967,13424.5465223549,14114.4653247372,14315.1071435688,61.2942865166998,57.7702352512472,49.8086523714459,-830.914421078614,-175.132526667245,1.49011611938477e-08,1.49011611938477e-08,1.94149454290242,0.762149765852791,1.49011611938477e-08,3.17279574175114,12,35
1.003,1000,35,619.612805994224,529.915988167572,619.612805994224,13724.6419590542,14219.6024119496,13903.263672422,63.3608767832034,57.861281349774,50.317200797632,-700.903920802039,-255.116580653381,1.49011611938477e-08,1.49011611938477e-08,1.9491970524633,1.10372793914697,1.49011611938477e-08,3.98290085860531,12,35
1.004,1000,35,583.283849608146,411.595737023849,583.283849608146,14060.3219561704,13887.2532705229,13867.6323094886,62.6958968960678,56.1566194438374,50.2280629335525,-533.860450658793,-238.342483381996,1.49011611938477e-08,1.49011611938477e-08,1.86814924104013,1.38568853600844,0.824445259661664,3.45116085570359,12,35
1.005,1000,35,602.147231917884,-245.892479024804,602.147231917884,13972.3448067074,13551.8283656917,14231.2765120018,61.9031857559419,52.300744840467,50.3659592386716,-410.889634166835,-99.7935827948594,1.49011611938477e-08,1.49011611938477e-08,1.81213977440489,1.57921162515767,1.51008942698526,2.14704240211624,12,35
1.006,1000,35,603.665375317224,-3557.44807834109,603.665375317224,13559.1730946854,13662.6560338136,14538.965895413,60.9949045789601,47.0147096631713,49.2867835491683,-340.476489063012,28.6894806799643,1.49011611938477e-08,1.49011611938477e-08,1.87745659354797,1.80342680945689,1.87633620472001,1.57338934832728,12,35
1.007,1000,35,569.06198084367,158.715592781832,569.06198084367,13275.3558311157,14073.2527215655,14369.6868811591,60.5367237945087,42.0549407412292,47.461432416926,-378.430057686524,113.218143748168,1.49011611938477e-08,1.49011611938477e-08,1.93823889977402,1.90843904309794,2.48783501150582,1.392502997012,12,35
1.008,1000,35,516.581857331512,468.274152438493,516.581857331512,13496.7732335139,14244.8080782136,13918.6139663148,61.2168326225621,39.9000906152753,45.2341506888119,-563.947704983349,93.5714375582502,1.49011611938477e-08,1.49011611938477e-08,1.95705250406443,1.71245104318618,3.36144149001681,1.50600438336113,12,35
1.009,1000,35,478.903856551624,513.276433862356,478.903856551624,13949.9926268548,13949.7904009408,13769.1677004398,62.4157122651822,42.1984979047451,42.9055392793767,-785.23630585697,-102.524989316311,1.49011611938477e-08,1.49011611938477e-08,1.89877179254891,1.43197395541867,0.708422181987151,2.01546870361217,12,35
1.01,1000,35,472.731080435544,515.901199657486,472.731080435544,14079.7204775213,13544.0219052452,14127.4120063724,62.8253074583778,47.2624275789489,40.8396715383489,-849.11017062607,-381.134917423343,1.49011611938477e-08,1.49011611938477e-08,1.80205806802423,1.32111403698123,1.49011611938477e-08,2.56890487681375,12,35
1.011,1000,35,461.420249856262,519.488928324673,461.420249856262,13749.146694072,13536.466675042,14536.1808368195,61.8890055016884,52.1819095769897,38.8846486353646,-762.776947541002,-542.903785840122,1.49011611938477e-08,1.49011611938477e-08,1.84332255363209,1.33649458693149,1.49011611938477e-08,2.36545742717325,12,35
1.012,1000,35,415.676794714019,524.672592637277,415.676794714019,13389.8349587604,13936.9370050472,14494.2962103879,60.324337110883,55.6055516755082,37.7047989917399,-646.257559355238,-547.538105430393,1.49011611938477e-08,1.49011611938477e-08,1.92426381868928,1.30334364843235,1.49011611938477e-08,2.74369179887096,12,35
1.013,1000,35,326.646816018857,527.782767184759,326.646816018857,13486.6977133632,14229.8588212655,14064.3732442071,59.625589963143,57.3039386055605,38.533214629213,-570.918356390036,-430.131911172817,1.49011611938477e-08,1.49011611938477e-08,1.95336649600074,1.15721541638054,1.49011611938477e-08,7.46634594989682,12,35
1.014,1000,35,243.303423679037,530.272278036924,243.303423679037,13916.953515383,14050.9734987669,13787.3300519495,60.1463900922339,57.4433812344729,41.2330634747081,-535.023403901376,-262.22755071017,1.49011611938477e-08,1.49011611938477e-08,1.91452158417237,1.06941635983736,0.245124900643622,6.10763927786984,12,35
1.015,1000,35,308.201274698861,528.367398340212,308.201274698861,14145.6546728639,13625.6349965538,14020.1146006738,60.7254520686327,56.3393455959745,44.873881118791,-490.380125441883,-136.489868345577,1.49011611938477e-08,1.49011611938477e-08,1.80055914203847,1.21763483689009,0.951792293569614,2.79257769396884,12,35
1.016,1000,35,561.60822617959,236.975063813566,561.60822617959,13922.7391779521,13498.4974838512,14471.6678844525,58.9380590433602,54.2772161991019,47.8340600051961,-398.166649547386,-89.0349305280087,1.49011611938477e-08,1.49011611938477e-08,1.80948484332682,1.60568797802787,1.67570214931371,2.45992193088941,12,35
1.017,1000,35,624.265009902355,-10670.2190866789,624.265009902355,13549.0108968698,13836.3677711402,14592.4637368177,53.4229369330909,51.8954999754348,48.6158513410899,-308.656565656567,-73.6475139279754,1.49011611938477e-08,1.49011611938477e-08,1.90473906648193,2.04313699945838,2.47177275121334,2.75039224781811,12,35
1.018,1000,35,607.659773538892,525.307926963917,607.659773538892,13532.3934865732,14192.326825891,14261.6500176395,45.235841828547,50.0834113547,47.5731481050486,-336.8598206991,-31.7146146428183,1.49011611938477e-08,1.49011611938477e-08,1.95504297176648,1.8989215791217,2.76491566930445,2.72843011994358,12,35
1.019,1000,35,549.326134899605,322.247980044826,549.326134899605,13901.2102050951,14115.9828569974,13912.0892494305,39.2642659183497,49.7430714158496,46.2138468083208,-531.91978545676,42.5000165930375,1.49011611938477e-08,1.49011611938477e-08,1.94268520566182,0.910156952599769,1.5405274988798,1.75868089017316,12,35
1.02,1000,35,357.299326656783,526.812082745114,357.299326656783,14176.9702383235,13690.2167626903,14011.6653873538,41.4265371213346,51.1405582139442,46.1243606493778,-787.588307554101,65.397911975458,1.49011611938477e-08,1.49011611938477e-08,1.83004446803626,1.49011611938477e-08,0.618978532290513,1.15992953215588,12,35
1.021,1000,35,238.35974441444,530.437736634232,238.35974441444,14026.2338902783,13445.1184054624,14439.8254255388,48.8135500346917,53.4054975189773,47.0113726895164,-915.166484288697,5.34303646835706,1.49011611938477e-08,1.49011611938477e-08,1.79613412450765,1.49011611938477e-08,1.49011611938477e-08,1.42268316363896,12,35
1.022,1000,35,361.714101787387,526.740311763363,361.714101787387,13577.6657349813,13704.1434111097,14596.2185384287,56.0327646898165,55.5112145730936,47.9988617609511,-899.103068842015,-77.0020541313982,1.49011611938477e-08,1.49011611938477e-08,1.88436962890571,0.395278982617526,1.49011611938477e-08,2.10109385596901,12,35
1.023,1000,35,634.481389888148,534.636412224807,634.481389888148,13425.4362354388,14134.3711074185,14294.8380084406,61.4733233014925,56.8601227036219,49.3580089433344,-826.147130967807,-160.949215567612,1.49011611938477e-08,1.49011611938477e-08,1.94330378292007,0.767515109061215,1.49011611938477e-08,2.91960171540445,12,35
1.024,1000,35,617.565762688454,-7549.99131226051,617.565762688454,13742.5869631545,14211.109107379,13895.3889454368,63.165842211741,56.9090272840385,49.7925909127975,-696.396526859947,-237.029023007731,1.49011611938477e-08,1.49011611938477e-08,1.94768468763635,1.09651897525861,0.0644164512338396,3.5611514536218,12,35
1.025,1000,35,575.249913517419,201.91507923691,575.249913517419,14061.3163854379,13862.845243619,13886.4725781489,62.3529748013684,55.1755020085908,49.7612208453816,-534.71667032027,-213.157608639532,1.49011611938477e-08,1.49011611938477e-08,1.86317650041637,1.36134972171939,0.888984669449853,3.03864035740411,12,35
1.026,1000,35,602.499373687192,-676.161993161666,602.499373687192,13951.6729860008,13546.0730927319,14259.3698480161,61.5390543176474,51.2391099276669,50.139174990362,-421.328607346358,-81.6737298343574,1.49011611938477e-08,1.49011611938477e-08,1.81424613813709,1.54977215002302,1.55180319686443,1.93949766049957,12,35
1.027,1000,35,603.823945594197,523.587254999873,603.823945594197,13528.4395302272,13684.2679655398,14544.884321109,60.5793490575405,45.9763942214895,49.316632580119,-351.04589336997,48.7727894750428,1.49011611938477e-08,1.49011611938477e-08,1.88315345482333,1.7670187562096,1.86559925099856,1.45462879873963,12,35
1.028,1000,35,566.940395571571,176.943448960023,566.940395571571,13267.1688563177,14095.1581238264,14347.7244422807,60.0839695090045,41.201250327731,47.7052214469695,-398.36581498497,124.429960984465,1.49011611938477e-08,1.49011611938477e-08,1.94043178808477,1.85854631931606,2.54944657128936,1.32009311659226,12,35
1.029,1000,35,512.277990164397,476.392993036769,512.277990164397,13514.3857812191,14242.2916190072,13897.1702340916,60.76416559693,39.4879500618962,45.6408358887768,-592.210701062529,90.5655803570906,1.49011611938477e-08,1.49011611938477e-08,1.95760948748873,1.6618466960883,3.10353100501064,1.46790160727855,12,35
1.03,1000,35,486.649496276949,509.130919416762,486.649496276949,13964.9107879395,13927.154061561,13776.5247219799,61.8929671278694,42.2367469148754,43.4608691910456,-806.648131880857,-121.531655667582,1.49011611938477e-08,1.49011611938477e-08,1.89354857794811,1.4065317331168,0.633449919986761,2.00086658527993,12,35
1.031,1000,35,469.424196945332,517.317318034299,469.424196945332,14067.8508617285,13531.7966308523,14154.1174970705,62.0975169192666,47.5747172121596,41.5308430907021,-854.26590120839,-391.15710029176,1.49011611938477e-08,1.49011611938477e-08,1.8016896079323,1.3253732443805,1.49011611938477e-08,2.5071542338053,12,35
1.032,1000,35,447.167983012724,522.020285068532,447.167983012724,13720.1811728776,13553.5328837351,14547.9075007405,60.917191200927,52.5694633322723,39.633628506604,-755.403582525299,-557.050495618558,1.49011611938477e-08,1.49011611938477e-08,1.84922035157491,1.3580856143927,1.49011611938477e-08,2.28843770694362,12,35
1.033,1000,35,395.11289333368,525.554385033902,395.11289333368,13377.9199969665,13963.2578838598,14474.3518934639,59.1880465854565,55.9967013409824,38.5753130563705,-637.787867844706,-550.649352583277,1.49011611938477e-08,1.49011611938477e-08,1.92731703039207,1.32540596422191,1.49011611938477e-08,2.73300603492862,12,35
1.034,1000,35,303.967845513457,528.447954138777,303.967845513457,13504.4525286417,14234.5099502174,14035.8506004127,58.4545556640851,57.6880176827166,39.4830796512317,-564.38824682647,-425.418434839599,1.49011611938477e-08,1.49011611938477e-08,1.95377390956242,1.1701120901945,1.49011611938477e-08,7.78344424143709,12,35
1.035,1000,35,233.018132182252,530.594085216936,233.018132182252,13940.5834356358,14031.4997959958,13783.1212896293,58.9714428047219,57.843188817692,42.1398190707678,-529.22046606469,-256.330586218748,1.49011611938477e-08,1.49011611938477e-08,1.90874466899164,1.07743720885584,0.319535796616857,5.90730059934742,12,35
1.036,1000,35,318.167216397125,528.067265181151,318.167216397125,14145.1598299221,13608.1300943853,14041.4532018228,59.4547036280496,56.785563596416,45.6528568018217,-484.992514595466,-138.830690633168,1.49011611938477e-08,1.49011611938477e-08,1.7967375178559,1.22868438293836,1.00056713514079,2.79598727312179,12,35
1.037,1000,35,572.885502285214,125.887034170903,572.885502285214,13900.7772564373,13508.7238918595,14486.7925393459,57.4456523067292,54.8056957176224,48.4100472192457,-387.774411563947,-91.1167430897169,1.49011611938477e-08,1.49011611938477e-08,1.81442641385183,1.61779308738717,1.7380123331131,2.49302428648389,12,35
1.038,1000,35,622.947567529397,-9998.63275309323,622.947567529397,13535.6753939851,13862.4334327087,14578.1937202033,51.7269264106761,52.5692431631088,49.0767835419484,-305.561717005828,-74.5009943912022,1.49011611938477e-08,1.49011611938477e-08,1.90928200448968,2.02910811984185,2.55321123012859,2.7699898827106,12,35
1.039,1000,35,604.884280615391,-3826.45383868908,604.884280615391,13546.3552384855,14201.9704479223,14231.5828261274,43.5089979969589,50.9535896741427,48.0375430798534,-348.164951644493,-29.2151289105072,1.49011611938477e-08,1.49011611938477e-08,1.95645459126778,1.8043489798433,2.72502144021689,2.66694022799922,12,35
1.04,1000,35,540.137632061292,376.56863912725,540.137632061292,13924.9775345521,14096.6348715161,13897.0792236657,38.1539041559584,50.8426681657376,46.8483957873465,-556.15034793944,41.2373977339715,1.49011611938477e-08,1.49011611938477e-08,1.93841941938576,0.805685593445755,1.43520864243253,1.68276150624109,12,35
1.041,1000,35,342.961046030493,527.249207527319,342.961046030493,14181.7311507865,13664.8990192442,14025.7873257054,41.2108846867025,52.4331966242984,46.8835028050047,-799.584516243602,54.5477474930475,1.49011611938477e-08,1.49011611938477e-08,1.8237470683841,1.49011611938477e-08,0.528134744173652,1.17215297623511,12,35
1.042,1000,35,213.94951567952,531.165261627935,213.94951567952,14008.0200025569,13445.1558311849,14457.1481100884,48.9576483542028,54.8035498384326,47.6923561108114,-924.66821425498,-15.6441950684893,1.49011611938477e-08,1.49011611938477e-08,1.79879103661157,1.49011611938477e-08,1.49011611938477e-08,1.52557107636541,12,35
1.043,1000,35,362.941655487565,526.729691170437,362.941655487565,13559.5847440357,13727.1109876375,14588.1327636082,56.2784416713669,56.9143251664659,48.5398242799441,-899.961498712487,-101.314867744604,1.49011611938477e-08,1.49011611938477e-08,1.88903416214413,0.415819429633091,1.49011611938477e-08,2.30313168972828,12,35
1.044,1000,35,627.658590143076,534.441799718085,627.658590143076,13436.1646279254,14149.8467853976,14268.4369214888,61.6569361477039,58.2374348623165,49.7199159003401,-818.758307848831,-186.114594946679,1.49011611938477e-08,1.49011611938477e-08,1.94495642441279,0.790240357048769,1.49011611938477e-08,3.22750340862925,12,35
1.045,1000,35,616.456064112703,528.463103242916,616.456064112703,13771.1886667701,14199.7845389613,13878.0859149484,63.2458289171166,58.181291710445,50.0468711009909,-680.777283668012,-255.075385917221,1.49011611938477e-08,1.49011611938477e-08,1.94509935677766,1.1204500400873,1.49011611938477e-08,3.86882831454901,12,35
1.046,1000,35,572.297895841135,159.51041355825,572.297895841135,14073.9680011083,13839.5313490278,13897.20321906,62.4158299704857,56.2686487938812,49.975298791322,-523.156430029386,-220.631180298288,1.49011611938477e-08,1.49011611938477e-08,1.85659636956652,1.38549764277894,0.903269293191355,3.12358144054058,12,35
1.047,1000,35,611.065174235415,-377.739676363786,611.065174235415,13937.6707421561,13539.0138776316,14285.222801589,61.68845790687,52.209744434926,50.2059397708599,-406.083476879237,-75.3741036621093,1.49011611938477e-08,1.49011611938477e-08,1.8148594744256,1.57369495135561,1.56970046324684,1.93802534181064,12,35
1.048,1000,35,605.064300344004,524.267419482738,605.064300344004,13506.6915009738,13703.5843952809,14546.8643332514,60.7951338001735,46.9006027864519,49.1573620328865,-342.941734276256,55.5896393048226,1.49011611938477e-08,1.49011611938477e-08,1.88735223528173,1.78906252856129,1.87138824042681,1.44740473116905,12,35
1.049,1000,35,568.996252635656,157.459655929785,568.996252635656,13270.2369282643,14113.4834687874,14324.0653378637,60.3858003625357,42.1901772023556,47.3581611204539,-400.644280523285,127.282652893494,1.49011611938477e-08,1.49011611938477e-08,1.94184254957033,1.86626783421599,2.64386929606692,1.31822660507368,12,35
1.05,1000,35,521.893761833034,452.657175250582,521.893761833034,13543.5473858283,14233.3027589222,13876.7744965601,61.0790878460679,40.5400400717743,45.1742967308892,-600.512576813887,81.9378363197683,1.49011611938477e-08,1.49011611938477e-08,1.95703070525278,1.65738053269163,2.93268145488803,1.48448941238403,12,35
1.051,1000,35,467.622805924233,517.708022444656,467.622805924233,13987.0185098507,13899.6548476917,13788.5779299462,62.1375728965949,43.3013712948479,42.9912402572716,-801.138844894252,-127.462596662006,1.49011611938477e-08,1.49011611938477e-08,1.88588172977615,1.40646933516593,0.580837673850586,2.05170845443285,12,35
1.052,1000,35,459.328770287413,519.987033034384,459.328770287413,14059.2417314596,13516.9589033608,14182.6675482529,62.3066849685801,48.47666720717,41.1311883225021,-846.064409972346,-408.312952487653,1.49011611938477e-08,1.49011611938477e-08,1.79990491996148,1.32848179225535,1.49011611938477e-08,2.51714361656455,12,35
1.053,1000,35,437.354129273714,523.124981266029,437.354129273714,13695.6249983285,13568.0947457398,14557.6685486445,61.1658057975159,53.2781246673051,39.3464013520438,-745.004349357332,-562.049305813742,1.49011611938477e-08,1.49011611938477e-08,1.85406418935582,1.35736648854817,1.49011611938477e-08,2.28307490099261,12,35
1.054,1000,35,387.620476323837,525.832700545532,387.620476323837,13369.7124383818,13986.071974222,14454.6473193997,59.6125301246701,56.5278364811106,38.4381187936488,-631.530763434842,-546.902769784201,1.49011611938477e-08,1.49011611938477e-08,1.92978575780414,1.31822858595113,1.49011611938477e-08,2.81087242372803,12,35
1.055,1000,35,298.618678521206,528.624991838293,298.618678521206,13524.743567206,14235.5458031835,14010.4155112977,59.0448090614252,58.063743824363,39.4503906745428,-560.151622505279,-419.128904263649,1.49011611938477e-08,1.49011611938477e-08,1.95391364905502,1.17265011944429,1.49011611938477e-08,8.66418597174008,12,35
1.056,1000,35,222.111840490969,530.914994694207,222.111840490969,13961.2699081224,14007.5766827184,13783.4659353284,59.5929158364785,58.0606488612339,42.1532619316503,-523.730030617165,-261.176184300809,1.49011611938477e-08,1.49011611938477e-08,1.9020845381944,1.10617764804967,0.34520574902828,5.63342849677165,12,35
1.057,1000,35,311.919008456036,528.255486724368,311.919008456036,14141.8220118106,13589.5536447248,14065.8845731921,59.8909526135538,56.838834453915,45.6678478663499,-469.824327782175,-141.003331072666,1.49011611938477e-08,1.49011611938477e-08,1.79276195914413,1.28296702356533,1.03772702409648,2.79229457959184,12,35
1.058,1000,35,574.908132905799,105.658075052633,574.908132905799,13876.7317464825,13519.1282322115,14503.1449481104,57.5283943732869,54.6953768198199,48.3898477904783,-366.949446614269,-94.9360726361455,1.49011611938477e-08,1.49011611938477e-08,1.81913073346632,1.6933228216289,1.7856866472279,2.53485456920027,12,35
1.059,1000,35,622.807103977745,531.633819641218,622.807103977745,13521.2284962602,13887.8789286426,14565.7626474036,51.4663391057371,52.3452149585534,49.009718434011,-289.074055768843,-77.5047731345037,1.49011611938477e-08,1.49011611938477e-08,1.91337459586374,2.10948196448155,2.61126308243098,2.83273135675689,12,35
1.06,1000,35,603.859083207807,523.789583709874,603.859083207807,13558.8163024319,14209.8946943053,14203.1026182107,43.0252850807312,50.6821082762061,47.9615330482032,-343.185091321439,-29.9753777808719,1.49011611938477e-08,1.49011611938477e-08,1.9576298603281,1.83023327515907,2.75142204274669,2.69823882044047,12,35
1.061,1000,35,534.505404543856,405.33580605991,534.505404543856,13945.5189160019,14078.0994229359,13886.7677453263,37.8498394762749,50.6038951106147,46.8365715444532,-547.574767387698,35.763434439108,1.49011611938477e-08,1.49011611938477e-08,1.93364907782814,0.791042605580312,1.39585379278399,1.68929568845547,12,35
1.062,1000,35,332.646292062574,527.588993404255,332.646292062574,14180.8382293501,13642.8177275552,14042.3352302779,41.2690824314948,52.2543061341318,46.9375203846111,-802.661845737527,44.9537458120442,1.49011611938477e-08,1.49011611938477e-08,1.81791263903109,1.49011611938477e-08,0.486821663234465,1.21797240806895,12,35
1.063,1000,35,235.536394366015,530.519408080971,235.536394366015,13985.1448824465,13449.398371604,14475.9723843979,49.0665955821123,54.6342996082663,47.706967707876,-917.229949002986,-30.0859790382545,1.49011611938477e-08,1.49011611938477e-08,1.8018633411388,1.49011611938477e-08,1.49011611938477e-08,1.61616982551376,12,35
1.064,1000,35,393.106309638012,525.681418263383,393.106309638012,13538.751538662,13754.6613138713,14578.2422895565,56.2839469690712,56.7757489945929,48.5288529053218,-887.296972495873,-113.972780941426,1.49011611938477e-08,1.49011611938477e-08,1.89377503502558,0.45923793710619,1.49011611938477e-08,2.41230055747986,12,35
1.065,1000,35,629.916429852036,536.71507768633,629.916429852036,13444.1591927922,14166.565937658,14240.5636408528,61.3775556810779,58.0709021929309,49.5997716778164,-802.844890343633,-197.480119294197,1.49011611938477e-08,1.49011611938477e-08,1.94635358327805,0.823435944114983,1.49011611938477e-08,3.34729909612367,12,35
1.066,1000,35,614.340452109928,527.614349837444,614.340452109928,13792.3572824348,14186.9077907487,13864.875019621,62.7280360324374,57.9650412981827,49.8355974950012,-671.535135880758,-257.346705435614,1.49011611938477e-08,1.49011611938477e-08,1.94250804252497,1.14455604809773,0.0970747362735059,3.89893844993769,12,35
1.067,1000,35,562.561144098209,217.850531368545,562.561144098209,14074.5673985642,13813.984652667,13910.4175403284,61.8923741883344,56.0207948882997,49.7862704141692,-511.626688686218,-211.647691847515,1.49011611938477e-08,1.49011611938477e-08,1.85112777351502,1.39277083641991,0.933784998990022,3.01158285604915,12,35
1.068,1000,35,612.115687321966,-5559.6453139709,612.115687321966,13922.927776655,13535.3210825664,14310.254393547,61.2007662192584,51.8975692197349,50.0035612316947,-399.731193285464,-61.2304309997548,1.49011611938477e-08,1.49011611938477e-08,1.81684973304286,1.57646761274238,1.59141287040162,1.85526226308658,12,35
1.069,1000,35,602.810509318611,-3379.48728817029,602.810509318611,13485.3136086152,13725.8687761012,14547.6106279633,60.334765692053,46.6573494676543,48.9155011110409,-343.959518533836,67.8453514930487,1.49011611938477e-08,1.49011611938477e-08,1.89206191893575,1.78605485052788,1.87420347020222,1.39399685443525,12,35
1.07,1000,35,557.213657952179,264.273512074465,557.213657952179,13274.1798020999,14133.1116217632,14300.9987129335,60.0096729627174,42.1907648696133,47.0975405898217,-413.370880755839,134.251314820041,1.49011611938477e-08,1.49011611938477e-08,1.94342916876399,1.84473377165109,2.79269648318572,1.28486850178469,12,35
1.071,1000,35,500.227353620252,495.846192925157,500.227353620252,13569.2634199688,14227.1499932421,13860.1961659435,60.868791891987,40.9772081532488,44.9134326210997,-611.722630570975,87.8091011601114,1.49011611938477e-08,1.49011611938477e-08,1.95660042170585,1.61290742816259,2.63042691099285,1.46387107124364,12,35
1.072,1000,35,488.234508649153,507.745539159653,488.234508649153,14002.4315006043,13875.401952195,13802.1811906878,62.0888427405773,44.0989581243139,42.7108804446436,-824.573017310514,-133.311295546957,1.49011611938477e-08,1.49011611938477e-08,1.88007629581032,1.35360705314747,0.479376093481626,2.02651339508314,12,35
1.073,1000,35,474.388328926676,515.527498816411,474.388328926676,14045.7203283824,13506.1391426525,14212.1007468779,62.356323152421,49.4435011583177,40.7867695525792,-862.391075059698,-408.373401576425,1.49011611938477e-08,1.49011611938477e-08,1.80046387069026,1.27074022703198,1.49011611938477e-08,2.50132351552962,12,35
1.074,1000,35,454.960237114081,520.809669166018,454.960237114081,13669.7436762434,13586.2859920864,14571.437136301,61.2782738289421,54.2698463430101,38.8776421074734,-758.596162571472,-552.311518868054,1.49011611938477e-08,1.49011611938477e-08,1.85990425834112,1.28766142645532,1.49011611938477e-08,2.33446542062619,12,35
1.075,1000,35,400.867059168591,525.323947340912,400.867059168591,13364.8123581128,14010.0437888849,14441.9914707113,59.7659910889843,57.4973758129792,37.9525456296195,-645.35465137969,-528.486469143143,1.49011611938477e-08,1.49011611938477e-08,1.93249135400581,1.23121456573074,1.49011611938477e-08,3.0262438153437,12,35
1.076,1000,35,303.53555208181,528.468013440679,303.53555208181,13546.4596312479,14235.3198550814,13995.5556185896,59.2468715690236,58.9950042445796,39.1061896463551,-577.341664790436,-401.242469466054,1.49011611938477e-08,1.49011611938477e-08,1.95423565614215,1.07922456536096,1.49011611938477e-08,11.4895545120391,12,35
1.077,1000,35,242.313069356224,530.315188523206,242.313069356224,13981.8586705103,13984.5903700901,13795.3730771005,59.8476396976056,58.9540445395391,42.0476360750895,-539.427554047877,-230.748096385347,1.49011611938477e-08,1.49011611938477e-08,1.89663513601216,1.02684315351941,0.382683252095956,4.45165186439946,12,35
1.078,1000,35,350.588724535463,527.095267153183,350.588724535463,14135.1825454593,13571.754047145,14100.5689480069,60.1432424417578,57.699341708573,45.7427325407859,-484.378045116674,-112.217929739974,1.49011611938477e-08,1.49011611938477e-08,1.79124820610786,1.21904180011624,1.07855904258947,2.44286085211594,12,35
1.079,1000,35,607.169453965033,-250.835166088053,607.169453965033,13852.1520020823,13530.3745847199,14529.0008754138,57.6699776766859,55.5348956982348,48.4551823793048,-380.51106357765,-69.5445209650934,1.49011611938477e-08,1.49011611938477e-08,1.82548026065266,1.62574658785742,1.84311970418865,2.2639228538338,12,35
1.08,1000,35,622.002005065504,531.153341614122,622.002005065504,13508.6330940017,13912.2309210451,14562.8896706595,51.5517387524504,53.2208315947538,49.0223180915641,-308.322524714376,-50.87513139512,1.49011611938477e-08,1.49011611938477e-08,1.91782097476664,2.00107872552599,2.68507802404379,2.48921307737289,12,35
1.081,1000,35,601.371389915571,522.189307309182,601.371389915571,13573.2513605029,14215.0394942468,14187.8109321758,43.3455931638131,51.6249126972596,48.0190112296516,-366.899535922189,-4.04486739156457,1.49011611938477e-08,1.49011611938477e-08,1.95894411446289,1.66926346547339,2.72425588836281,2.27835537015062,12,35
1.082,1000,35,524.820352016002,442.571408454263,524.820352016002,13966.3454319269,14057.0231778612,13890.6101307717,38.8530161607379,51.636138160836,47.0368228052891,-586.993163190362,60.7739917379819,1.49011611938477e-08,1.49011611938477e-08,1.92935075878225,0.700516458903569,1.34934511217541,1.42497544233197,12,35
1.083,1000,35,329.228164866247,527.678993680981,329.228164866247,14181.0535421568,13619.9377948037,14073.8244230448,42.6670034736392,53.3198773185206,47.2270053931004,-836.615360434521,59.4529227447906,1.49011611938477e-08,1.49011611938477e-08,1.81380377964743,1.49011611938477e-08,0.457459481892387,1.09977606960958,12,35
1.084,1000,35,223.335867279579,530.884313390787,223.335867279579,13962.784641055,13453.6644518306,14505.2726818203,50.3063475824877,55.6661873792083,47.9124951085797,-936.101353904897,-22.3754845353986,1.49011611938477e-08,1.49011611938477e-08,1.80657906580465,1.49011611938477e-08,1.49011611938477e-08,1.54298319744018,12,35
1.085,1000,35,410.385189974392,525.007866184025,410.385189974392,13515.5365447231,13779.53571099,14577.4329547513,57.4346588823722,57.7152963611978,48.7696226749244,-902.00226101817,-106.781464872731,1.49011611938477e-08,1.49011611938477e-08,1.89902833287519,0.445060548466963,1.49011611938477e-08,2.30422898895737,12,35
1.086,1000,35,629.580701602301,536.443832359095,629.580701602301,13449.5332827047,14179.8701165627,14223.0274182657,62.270625526079,58.9069269979389,49.764984097451,-818.599303297016,-186.452072505833,1.49011611938477e-08,1.49011611938477e-08,1.94807427668605,0.805736432118082,1.49011611938477e-08,3.15918252205884,12,35
1.087,1000,35,612.820240279062,-5883.46211495892,612.820240279062,13812.4161922226,14174.3763910828,13860.2346667012,63.3654881005979,58.6463838226196,49.9570861503899,-675.919874828688,-247.52016072325,1.49011611938477e-08,1.49011611938477e-08,1.93999990743153,1.12278847756494,0.239949251933728,3.60461022592012,12,35
1.088,1000,35,558.328057319727,254.117635510089,558.328057319727,14076.5790862755,13792.1384054351,13932.3087134245,62.3525416711133,56.4772361967079,49.9618864445221,-511.481261971811,-195.014838788902,1.49011611938477e-08,1.49011611938477e-08,1.84644276830136,1.37296791004891,0.996346057047717,2.7708746745286,12,35
1.089,1000,35,614.662509200366,527.576559670205,614.662509200366,13900.631127794,13532.4893623406,14341.6921955203,61.5373403884389,52.186189859817,50.2327618289206,-397.367300590698,-46.4605788256899,1.49011611938477e-08,1.49011611938477e-08,1.81958939594813,1.56865257062989,1.62871065082164,1.76316757576134,12,35
1.09,1000,35,602.761525343495,-3419.92873036557,602.761525343495,13459.07942527,13747.8497237977,14552.8918317407,60.5497215321439,46.7954035598084,49.2150604343289,-343.614658827076,73.5631581525558,1.49011611938477e-08,1.49011611938477e-08,1.89681440678825,1.78479479707884,1.86219044131535,1.35583788459199,12,35
1.091,1000,35,561.780214894125,227.240952487477,561.780214894125,13274.2210309513,14149.7179047049,14279.1408068599,60.1848509823789,42.2757629171987,47.4595705740267,-413.361800568064,139.187900860143,1.49011611938477e-08,1.49011611938477e-08,1.94500180555148,1.83460860287305,2.83534153854337,1.27165732320786,12,35
1.092,1000,35,513.798954898465,473.146359638921,513.798954898465,13594.4240230746,14215.7687161074,13843.4124296497,60.9681592072071,41.0688668274346,45.305087693597,-623.587865426991,80.5646145782659,1.49011611938477e-08,1.49011611938477e-08,1.95576283177995,1.60383979871624,2.528063605539,1.48012583324283,12,35
1.093,1000,35,467.996954590459,517.814827984979,467.996954590459,14020.1271771833,13848.9155620534,13817.5454955058,62.0014315351241,44.2356070470441,43.1347907367402,-825.227475497421,-157.527883891912,1.49011611938477e-08,1.49011611938477e-08,1.87251539243873,1.36930316356419,0.442563070672127,2.08899975735262,12,35
1.094,1000,35,455.948006361548,520.657669560989,455.948006361548,14034.9191883758,13496.6335212782,14240.3342603368,62.0248753934934,49.5005752632741,41.2120388770648,-845.56180932422,-433.853501057647,1.49011611938477e-08,1.49011611938477e-08,1.7997708518205,1.31182877812782,1.49011611938477e-08,2.49362649624621,12,35
1.095,1000,35,430.572730086522,523.702376329278,430.572730086522,13645.8374032824,13605.5995952157,14576.2894145741,60.7325172686391,54.198169444609,39.322577921427,-734.850236890064,-567.000976334554,1.49011611938477e-08,1.49011611938477e-08,1.86482343437555,1.34195205600732,1.49011611938477e-08,2.27460777047916,12,35
1.096,1000,35,376.469136404527,526.217323296449,376.469136404527,13360.4213886618,14033.2920445675,14415.3522478787,59.194528856412,57.2896569669604,38.4840942052648,-628.719499954562,-538.592331261126,1.49011611938477e-08,1.49011611938477e-08,1.93459838282837,1.2859026757859,1.49011611938477e-08,2.99706887660004,12,35
1.097,1000,35,290.989462449877,528.844489018448,290.989462449877,13569.8839523641,14234.6545144571,13966.2838729592,58.7352019771415,58.6764446727555,39.6429352688443,-558.771417945989,-403.590633197458,1.49011611938477e-08,1.49011611938477e-08,1.95384479328174,1.13459756646362,1.49011611938477e-08,11.6196116377411,12,35
1.098,1000,35,224.093421417973,530.862526539137,224.093421417973,14003.1142649931,13960.9292339467,13793.9724831596,59.3352989116043,58.5409696326249,42.4670297611458,-520.016376963965,-236.835807075206,1.49011611938477e-08,1.49011611938477e-08,1.88902786234627,1.08898018164157,0.435097803126337,4.71322790856887,12,35
1.099,1000,35,334.024122192673,527.601697487077,334.024122192673,14132.0193565227,13557.1969039774,14120.7179134239,59.4643990971477,57.2205080613574,46.0269469359627,-459.486828092148,-124.092201919621,1.49011611938477e-08,1.49011611938477e-08,1.7877780566035,1.29383763165841,1.12345602753723,2.59975788560977,12,35
1.1,1000,35,600.991214079643,-225.686827901095,600.991214079643,13830.4571854596,13545.0035120789,14537.3335675749,56.7033142148498,55.0248573001528,48.6087749173236,-354.091531938975,-84.0186932018747,1.49011611938477e-08,1.49011611938477e-08,1.83002022361041,1.71684195797339,1.89027032981952,2.44155900634842,12,35
1.101,1000,35,621.535822688998,530.908523471474,621.535822688998,13500.511218897,13937.9841419794,14541.8818960577,50.2791503921919,52.7139726671284,49.0890397450856,-289.627662137336,-66.3373635689479,1.49011611938477e-08,1.49011611938477e-08,1.92126065574909,2.09103953665035,2.73641191153711,2.70764551300339,12,35
1.102,1000,35,600.514945266966,-2986.59954328409,600.514945266966,13591.6889477377,14220.9517347567,14154.2181506726,41.8949518660002,51.1931092145899,48.0487494281691,-359.072459515758,-16.4398514469688,1.49011611938477e-08,1.49011611938477e-08,1.95963847590944,1.68715971178497,2.67359790209441,2.45523622062614,12,35
1.103,1000,35,520.363568938683,456.311064045554,520.363568938683,13989.0935195841,14036.6195153756,13878.0196960511,37.7266751547132,51.3329334220255,47.1259874150456,-587.083259208069,45.6200484908782,1.49011611938477e-08,1.49011611938477e-08,1.9232093542201,0.672205985382105,1.27844566824446,1.5206900856921,12,35
1.104,1000,35,314.157440083334,528.141257189181,314.157440083334,14180.0655999981,13599.6573621999,14086.5248894394,42.1114519321941,53.1443765239528,47.377104898753,-832.288108075051,37.6583903242313,1.49011611938477e-08,1.49011611938477e-08,1.80798663525278,1.49011611938477e-08,0.388960522681084,1.21530541213908,12,35
1.105,1000,35,249.247206058059,530.124777093032,249.247206058059,13942.1269494093,13461.732180483,14517.1809254757,49.926700611167,55.5472043599722,48.0077024601049,-919.859043837116,-47.6086456421475,1.49011611938477e-08,1.49011611938477e-08,1.80965544778407,1.49011611938477e-08,1.49011611938477e-08,1.71932489276027,12,35
1.106,1000,35,423.138709892473,524.287351554425,423.138709892473,13501.6052043691,13807.0476706881,14560.6756499717,57.0314876124513,57.6281749944881,48.8375860386652,-883.87621891042,-126.408492874915,1.49011611938477e-08,1.49011611938477e-08,1.90293082057351,0.501978334114907,1.49011611938477e-08,2.55069900360595,12,35
1.107,1000,35,625.622629179432,-11310.948150895,625.622629179432,13464.5033568484,14194.013935191,14190.8204402763,61.6716673716759,58.7935653539457,49.7376349877436,-793.681984161607,-209.077228134304,1.49011611938477e-08,1.49011611938477e-08,1.94909193107657,0.857119786947458,1.49011611938477e-08,3.49011392956422,12,35
1.108,1000,35,610.760336142937,-5273.19142448395,610.760336142937,13836.8555114115,14158.1940329859,13844.979397791,62.625924978646,58.4870014360529,49.8574340369639,-649.22028613207,-261.491246054312,1.49011611938477e-08,1.49011611938477e-08,1.93620264731106,1.1693884274887,0.25317368859525,3.88151599743975,12,35
1.109,1000,35,551.694065682176,306.451342988695,551.694065682176,14077.4339484011,13767.319187508,13943.2824078877,61.7069090290175,56.2875879639945,49.8545200759122,-492.022783433613,-194.125112510613,1.49011611938477e-08,1.49011611938477e-08,1.84075995454952,1.40454050796254,1.01464566192583,2.81615190763178,12,35
1.11,1000,35,615.181396915598,527.717669271312,615.181396915598,13878.5653712195,13531.9133627118,14355.8168266021,61.0686326637809,51.9418901101324,50.0616458902241,-392.13994862606,-45.3849634212337,1.49011611938477e-08,1.49011611938477e-08,1.82214051961257,1.58781411800473,1.64196899632738,1.73876805285721,12,35
1.111,1000,35,604.029780647345,-3625.81032358496,604.029780647345,13436.0183367975,13771.1532351428,14541.9052666597,60.2271959183716,46.6549158688889,48.9510141600454,-345.396245909808,79.9673680376317,1.49011611938477e-08,1.49011611938477e-08,1.90106401608279,1.78846885913556,1.88220574423373,1.33032017884368,12,35
1.112,1000,35,557.137505886427,266.632919055254,557.137505886427,13278.7395893504,14166.6640256479,14248.1818079312,59.9618141421596,42.4081274479672,47.1274979468787,-427.369168114371,136.8196020793,1.49011611938477e-08,1.49011611938477e-08,1.9463857969972,1.82044256846778,3.05432178297053,1.26168604736231,12,35
1.113,1000,35,503.690223555689,492.038288421109,503.690223555689,13617.1391787648,14204.6888628872,13823.0088660234,60.823581142765,41.6435028144207,44.9891565154552,-644.971598399868,65.0622047733241,1.49011611938477e-08,1.49011611938477e-08,1.95469565488468,1.57956848719413,2.2314501087814,1.49178432809058,12,35
1.114,1000,35,473.752370639989,515.527926263817,473.752370639989,14028.4004581592,13822.8623024004,13828.1322859673,61.9175680346478,45.1473431804681,42.9344434316431,-841.973348462025,-179.979302523451,1.49011611938477e-08,1.49011611938477e-08,1.86680800210454,1.34420356978556,0.328910649807138,2.09698603582353,12,35
1.115,1000,35,462.094338656648,519.357094026679,462.094338656648,14013.6341216721,13487.1369217464,14263.0872211848,61.9946827341274,50.5098569651028,41.1628278576316,-853.98520148257,-448.668980938167,1.49011611938477e-08,1.49011611938477e-08,1.80142997068187,1.28534671490903,1.49011611938477e-08,2.43750519501033,12,35
1.116,1000,35,433.833275996256,523.438947778113,433.833275996256,13615.4594095206,13624.3706651026,14579.7721131897,60.7830235438719,55.1769808224439,39.3700352480094,-748.477168045526,-568.636532416028,1.49011611938477e-08,1.49011611938477e-08,1.87065896502415,1.30860263551574,1.49011611938477e-08,2.25363960927676,12,35
1.117,1000,35,373.491551825055,526.315506891432,373.491551825055,13353.4548239282,14054.0997873171,14392.9945817035,59.3356371734331,58.2099934012646,38.6387941754497,-637.761199149177,-533.991375663446,1.49011611938477e-08,1.49011611938477e-08,1.93690151274682,1.24493629674591,1.49011611938477e-08,3.09348616145435,12,35
1.118,1000,35,283.916353731373,529.063877686297,283.916353731373,13588.2494531453,14229.4241678923,13944.4144650423,58.9506659517234,59.5270299255432,39.9112774939074,-568.643796944286,-393.723004175443,1.49011611938477e-08,1.49011611938477e-08,1.95358312826551,1.09757207142607,1.49011611938477e-08,13.0983140622037,12,35
1.119,1000,35,232.151843971735,530.623435510435,232.151843971735,14017.6752057981,13935.6349589954,13800.2901600286,59.5549343710948,59.334433625572,42.8497904333373,-527.929652010551,-226.595645770665,1.49011611938477e-08,1.49011611938477e-08,1.88288262224333,1.06811872080982,0.466138254527493,4.28111375740306,12,35
1.12,1000,35,369.04647380192,526.523428296415,369.04647380192,14119.129497245,13541.2066797505,14147.4557885981,59.5518087587099,57.9573755191392,46.4244173027224,-462.237307382221,-117.619368154135,1.49011611938477e-08,1.49011611938477e-08,1.78696680928713,1.28705081926822,1.16239055540413,2.48546032719676,12,35
1.121,1000,35,619.142292082687,529.017786110345,619.142292082687,13802.3369738038,13558.2833143616,14551.5886114741,56.5096207109219,55.7031587031049,48.8619429864197,-359.579425704861,-80.856513217906,1.49011611938477e-08,1.49011611938477e-08,1.83639707549875,1.71057785741999,1.94516258767761,2.36452126304855,12,35
1.122,1000,35,620.4425900451,-8755.68989091446,620.4425900451,13487.5621662476,13960.9143041622,14528.0845490069,49.8739842044151,53.4114822787196,49.2170851698952,-296.241642318221,-60.0455942316039,1.49011611938477e-08,1.49011611938477e-08,1.92512634115556,2.05120123237691,2.80333130084314,2.58951652934345,12,35
1.123,1000,35,596.827529042231,516.316466899971,596.827529042231,13605.0648819503,14221.7186834682,14131.2190029973,41.5821320994933,51.9553029116456,48.1729116498725,-378.932853158741,-6.40051206288734,1.49011611938477e-08,1.49011611938477e-08,1.96052369502652,1.58851260277071,2.61641259438239,2.26548835628959,12,35
1.124,1000,35,506.495492972237,486.449533131715,506.495492972237,14005.1851893187,14012.8493793369,13877.0876797624,38.0141104227974,52.1980179006274,47.3487108802796,-615.732621371722,52.6703900679145,1.49011611938477e-08,1.49011611938477e-08,1.91800767963121,0.600598011594269,1.22286813297594,1.38583306195275,12,35
1.125,1000,35,297.764231331316,528.622193104197,297.764231331316,14174.9715714864,13577.9446052271,14112.1233708855,42.8428971539273,54.0598643664718,47.6688043335269,-855.290057276148,36.4322153015769,1.49011611938477e-08,1.49011611938477e-08,1.80440059506838,1.49011611938477e-08,0.341642305613829,1.17326979909604,12,35
1.126,1000,35,230.088141413375,530.682158333503,230.088141413375,13916.0650525384,13468.6537870163,14536.6551444984,50.6194226932007,56.4528870712678,48.2208836419483,-930.180180733298,-48.0583041088092,1.49011611938477e-08,1.49011611938477e-08,1.81468913720051,1.49011611938477e-08,1.49011611938477e-08,1.7225271452382,12,35
1.127,1000,35,456.17293831078,520.942349813716,456.17293831078,13483.8120442377,13832.3396785873,14553.2860716679,57.651612995927,58.4878824076126,48.986204371411,-887.949178118442,-132.656565761064,1.49011611938477e-08,1.49011611938477e-08,1.9073882972863,0.506025205590375,1.49011611938477e-08,2.57397254597883,12,35
1.128,1000,35,628.397615258456,-13231.5534518219,628.397615258456,13476.0705008038,14204.0463774474,14169.6771231165,62.0707423220982,59.5808429053989,49.7520411400745,-792.121140981466,-213.721201308089,1.49011611938477e-08,1.49011611938477e-08,1.95040460796643,0.856192976693506,1.49011611938477e-08,3.48886564664008,12,35
1.129,1000,35,608.874971143886,-4766.26371673074,608.874971143886,13858.4610388084,14143.5326472153,13841.5456392385,62.8511392986163,59.1411903445127,49.7999476006344,-642.423880160326,-258.063156044266,1.49011611938477e-08,1.49011611938477e-08,1.93286980033364,1.16289281606897,0.324092294729268,3.76273888802889,12,35
1.13,1000,35,543.262224062752,359.817749300629,543.262224062752,14077.9292658457,13746.7596598751,13964.6970010799,61.8673424321195,56.7262481274931,49.8180416465884,-483.939044492636,-178.854429886723,1.49011611938477e-08,1.49011611938477e-08,1.83641620210775,1.39596918995601,1.06736982218527,2.65296920301272,12,35
1.131,1000,35,616.166980224106,528.147424566047,616.166980224106,13856.3509902885,13532.8503911902,14382.7461625718,61.1988490032888,52.2397565054825,49.9981987842982,-385.336171316669,-29.762042154102,1.49011611938477e-08,1.49011611938477e-08,1.82520795731031,1.5857040333774,1.66434679494367,1.66096190013864,12,35
1.132,1000,35,599.942525908461,521.077579696975,599.942525908461,13414.5547722718,13794.8092312122,14542.3178532768,60.3211243580276,46.8650251971187,48.8662555196305,-343.548154334663,92.2886650007573,1.49011611938477e-08,1.49011611938477e-08,1.90515006040212,1.78668498630676,1.86773592944756,1.28727304870009,12,35
1.133,1000,35,564.25265302372,205.058440796483,564.25265302372,13286.2414769833,14181.0445313379,14224.5385472385,60.0616409080393,42.6527382218766,47.035063510137,-434.983425746204,142.935774943063,1.49011611938477e-08,1.49011611938477e-08,1.94773822016709,1.80620182341183,3.13730312054403,1.23947753598767,12,35
1.134,1000,35,516.224498929469,468.924408807511,516.224498929469,13646.8202258912,14191.8561841745,13810.8948603444,60.869417621072,41.9536747500729,44.904386755334,-655.769886931868,57.2248133447778,1.49011611938477e-08,1.49011611938477e-08,1.95297670329259,1.56548616669289,2.13155541432606,1.49774825124729,12,35
1.135,1000,35,466.645533439216,518.19440809957,466.645533439216,14045.910577364,13797.7263154947,13848.900157784,61.7972225372621,45.4837953454604,42.9284204184507,-839.863310041741,-200.662890789287,1.49011611938477e-08,1.49011611938477e-08,1.8593092406677,1.35139623238706,0.285374494229301,2.14317004396374,12,35
1.136,1000,35,444.964500008148,522.316945558918,444.964500008148,14001.4224376202,13481.3752258117,14292.5725460456,61.6920467518098,50.7363849774931,41.2445541366826,-841.193502944632,-455.81291446256,1.49011611938477e-08,1.49011611938477e-08,1.80180149226448,1.31118390464036,1.49011611938477e-08,2.43344939631379,12,35
1.137,1000,35,411.161967945817,524.874252766473,411.161967945817,13593.0692261931,13646.1532260339,14582.9200953355,60.3749667391445,55.2536612078877,39.5994718165361,-728.167910967031,-574.333066623414,1.49011611938477e-08,1.49011611938477e-08,1.87545647494347,1.34128265571224,1.49011611938477e-08,2.24997745849409,12,35
1.138,1000,35,351.449029791173,527.016102213253,351.449029791173,13354.3102541964,14076.0904416256,14367.0374885471,58.988475240741,58.1414771112149,39.0584932816536,-620.931482822454,-530.813104532364,1.49011611938477e-08,1.49011611938477e-08,1.93865969901515,1.27722013417095,1.49011611938477e-08,3.18741189296301,12,35
1.139,1000,35,260.63996903894,529.74417564276,260.63996903894,13614.9653666651,14225.8841413609,13920.2477854513,58.6928172822109,59.3445149442787,40.4066890763346,-553.920495189664,-388.550792827098,1.49011611938477e-08,1.49011611938477e-08,1.95255331224344,1.13662301259601,1.49011611938477e-08,14.5672804152761,12,35
1.14,1000,35,214.99238686094,531.132378328185,214.99238686094,14038.8830209313,13912.0216842854,13805.7462887681,59.2634880384496,59.055360799171,43.2746412682921,-510.376571443161,-226.908894591283,1.49011611938477e-08,1.49011611938477e-08,1.87478981165211,1.12229501591115,0.511610673905828,4.34901671233297,12,35
1.141,1000,35,352.032007418868,527.050486220998,352.032007418868,14114.3459422934,13530.2121800865,14170.9882228263,59.0275645374683,57.6021962822816,46.7416383744092,-442.743491884403,-127.354552531405,1.49011611938477e-08,1.49011611938477e-08,1.78465411544718,1.35926662574285,1.2096597075417,2.58833041176095,12,35
1.142,1000,35,614.342986343208,-425.400888265154,614.342986343208,13780.5209340246,13576.5141037065,14558.427770836,55.6873901358645,55.3109860719134,49.0965052138126,-334.53573256329,-89.5939734004902,1.49011611938477e-08,1.49011611938477e-08,1.84136736300282,1.79925025448904,1.99534968264801,2.49753456061634,12,35
1.143,1000,35,619.956576401168,530.069241050268,619.956576401168,13482.4679639262,13986.2518106617,14505.3673649522,48.7510367532993,52.9991330468156,49.4201903941039,-278.925231239644,-68.4213178521057,1.49011611938477e-08,1.49011611938477e-08,1.92826218960783,2.13338599119036,2.86889827782516,2.74961511063167,12,35
1.144,1000,35,595.912154764417,514.427364684105,595.912154764417,13625.5494258421,14225.3517874667,14099.5592960349,40.3463245307796,51.6043140981976,48.3987639856756,-373.734150623199,-14.3752019304659,1.49011611938477e-08,1.49011611938477e-08,1.9608646264673,1.59741574098553,2.57989657856672,2.38372771702681,12,35
1.145,1000,35,503.11138134506,491.558778820384,503.11138134506,14026.2657390101,13991.39201819,13869.0227101812,37.1256309575812,51.9535348647712,47.6570795490332,-617.249119252397,39.5499164974402,1.49011611938477e-08,1.49011611938477e-08,1.91122365886489,0.577130769336849,1.15950536071115,1.46509005648014,12,35
1.146,1000,35,289.560928758848,528.857671726908,289.560928758848,14170.299608386,13560.4747774097,14127.2276697573,42.46835538665,53.9403571823804,48.0149679386125,-842.388883929547,18.5274969093386,1.49011611938477e-08,1.49011611938477e-08,1.79976591918474,1.49011611938477e-08,0.253448903468779,1.2945863673878,12,35
1.147,1000,35,256.24118064527,529.900193907939,256.24118064527,13893.1316082325,13480.8080889027,14546.4082000028,50.3728165737208,56.3955861550169,48.4733960799153,-914.440552910648,-72.9295358881375,1.49011611938477e-08,1.49011611938477e-08,1.81863194601046,0.08680333972308,1.49011611938477e-08,1.92034537648385,12,35
1.148,1000,35,465.088606839866,519.063509797242,465.088606839866,13471.898312506,13860.0846936796,14534.1714590263,57.3302813659664,58.4373530301543,49.2101662412333,-867.614390566234,-155.686787429583,1.49011611938477e-08,1.49011611938477e-08,1.91105084044305,0.565208372019407,1.49011611938477e-08,2.8570422952404,12,35
1.149,1000,35,626.200031202659,-11757.9865865427,626.200031202659,13492.7203700348,14215.4891317479,14138.7476825096,61.488459376233,59.4726459115888,49.8690027853808,-768.788875994098,-234.305967087364,1.49011611938477e-08,1.49011611938477e-08,1.95123363493717,0.907458259926283,1.49011611938477e-08,3.84774918913852,12,35
1.15,1000,35,606.375319348834,524.883796949544,606.375319348834,13881.0625635975,14124.2700908091,13829.0283753548,62.1167571636505,58.9718709778252,49.8565757808667,-618.949762207567,-268.864414712745,1.49011611938477e-08,1.49011611938477e-08,1.92822100706523,1.20625097618917,0.33190677347151,4.01460603732647,12,35
1.151,1000,35,534.346840833165,405.623055726462,534.346840833165,14074.9055199423,13722.6923686408,13977.1571864422,61.2322499925865,56.5270816916971,49.9004885162975,-475.39455110058,-183.598638004982,1.49011611938477e-08,1.49011611938477e-08,1.83139287991176,1.42189708511175,1.08382759344856,2.67370812928737,12,35
1.152,1000,35,617.280005745096,528.718661544544,617.280005745096,13835.8065088733,13535.0674272242,14398.8867538226,60.6540771495161,52.0018693527281,49.8834095445281,-376.83250000711,-23.0021327525903,1.49011611938477e-08,1.49011611938477e-08,1.82826738706007,1.60404123380669,1.67854624700321,1.648022549591,12,35
1.153,1000,35,602.383271358847,-3308.57646639874,602.383271358847,13397.6471372931,13818.5702716734,14532.316985156,59.8830586850468,46.7380321611984,48.5738770860733,-345.336831821084,96.9010610090889,1.49011611938477e-08,1.49011611938477e-08,1.908883328058,1.79237801830545,1.90864527487259,1.27652457884691,12,35
1.154,1000,35,550.788087593368,312.659987430871,550.788087593368,13297.8547979438,14195.0216179218,14197.3658504265,59.7653402394096,42.7950686894941,46.622032163118,-448.696617954798,141.695300599739,1.49011611938477e-08,1.49011611938477e-08,1.94888797698707,1.78911230870068,3.43028993622468,1.23786953765013,12,35
1.155,1000,35,501.122841831097,494.78891964556,501.122841831097,13672.1325804781,14176.0525893742,13797.5922040371,60.7570919774097,42.5304276403645,44.4375840952914,-677.962456183424,47.7011119167805,1.49011611938477e-08,1.49011611938477e-08,1.95092012451371,1.52640796761418,1.87008225615021,1.50507679516176,12,35
1.156,1000,35,462.675186182088,519.070359149633,462.675186182088,14052.9258490762,13770.8098354284,13865.9354869673,61.874373008371,46.3379439808053,42.3982139609554,-855.61942629449,-195.693757380704,1.49011611938477e-08,1.49011611938477e-08,1.8535740812334,1.29923298992953,0.0703533752859707,2.13367661938306,12,35
1.157,1000,35,458.257036873095,520.208360795766,458.257036873095,13980.1864502193,13474.3880397293,14318.3797288269,61.9339127404257,51.6434218954347,40.6168789888418,-857.918513055113,-455.494394245853,1.49011611938477e-08,1.49011611938477e-08,1.80417436194384,1.24633850139076,1.49011611938477e-08,2.4282693738571,12,35
1.158,1000,35,436.997112548595,523.155858042225,436.997112548595,13567.9516351627,13666.0725256298,14588.4951721377,60.743691945624,56.1142958078704,38.8299307451729,-745.006225579761,-563.422058644732,1.49011611938477e-08,1.49011611938477e-08,1.88096225696833,1.26000606172829,1.49011611938477e-08,2.31250216978368,12,35
1.159,1000,35,381.084746287799,526.081438361959,381.084746287799,13354.8890458968,14094.1361423885,14350.7797987586,59.4354023761592,58.9328021517031,38.2519682715082,-638.930337170366,-512.027990749969,1.49011611938477e-08,1.49011611938477e-08,1.94072375833717,1.18001716172539,1.49011611938477e-08,3.47913160503937,12,35
1.16,1000,35,282.71167723729,529.098381415396,282.71167723729,13636.9585284172,14216.8889511639,13909.5493462216,59.2062403578377,60.0571190069495,39.7615976268915,-573.681833356983,-362.464724470828,1.49011611938477e-08,1.49011611938477e-08,1.9519969057129,1.03912492486464,1.49011611938477e-08,16.0771647583396,12,35
1.161,1000,35,243.523496746478,530.297229402233,243.523496746478,14051.286585171,13884.9678402396,13824.2198298088,59.8480835024065,59.7014984481128,42.9412794349863,-534.097421034682,-204.064729772661,1.49011611938477e-08,1.49011611938477e-08,1.86921770564688,1.04104561898401,0.53850382516758,3.5411533971177,12,35
1.162,1000,35,395.709639916726,525.578262683592,395.709639916726,14098.9233644053,13516.364092251,14206.6837422142,59.6158588965978,58.1771647994104,46.6134095364461,-463.127193146498,-99.4939848978529,1.49011611938477e-08,1.49011611938477e-08,1.78579088883066,1.28894793086215,1.24398707154231,2.26084659685527,12,35
1.163,1000,35,626.678287485478,-11980.305235721,626.678287485478,13754.0844642269,13591.7464230688,14579.8626932663,56.1476155920657,55.7982484866461,48.9314929207596,-354.122238360034,-64.0427004910912,1.49011611938477e-08,1.49011611938477e-08,1.84826671213423,1.71648910856993,2.04333874406164,2.21052040695162,12,35
1.164,1000,35,619.315485974429,529.745205099651,619.315485974429,13474.3247361095,14008.0120985309,14499.976059365,49.1594934681007,53.4793560823083,49.1610638630653,-304.513557511265,-40.8227883910373,1.49011611938477e-08,1.49011611938477e-08,1.93179575271404,1.99781283111541,2.91233510260204,2.37980951691012,12,35
1.165,1000,35,593.28408731096,-1885.81988625272,593.28408731096,13642.6576013144,14223.0712457906,14088.4181219666,41.0977661560496,52.1160375489177,48.157788286177,-410.480972370552,15.8417178914886,1.49011611938477e-08,1.49011611938477e-08,1.96146088141707,1.43878713406287,2.50341821249357,1.97965256162086,12,35
1.166,1000,35,493.111348181439,503.18470687303,493.111348181439,14042.1402097145,13966.3965372913,13882.4981153836,38.5593437106831,52.5267542180805,47.5175988622849,-644.183252126586,63.8243270090176,1.49011611938477e-08,1.49011611938477e-08,1.90587629968498,0.499466909010979,1.12731851770033,1.22281416934391,12,35
1.167,1000,35,286.280407266835,528.97677009533,286.280407266835,14163.8586615716,13541.7907751562,14164.4909618427,44.0129337513531,54.4951667755237,47.9249376193641,-872.784495936425,35.5290145851161,1.49011611938477e-08,1.49011611938477e-08,1.79783923596999,1.49011611938477e-08,0.24903082763158,1.15968551605742,12,35
1.168,1000,35,250.023213891639,530.114410402305,250.023213891639,13865.358147971,13491.6052077519,14571.6434466328,51.5975753102848,56.8895079224098,48.2900914608297,-929.798667841661,-59.2362127912224,1.49011611938477e-08,1.49011611938477e-08,1.82481373343108,1.49011611938477e-08,1.49011611938477e-08,1.78012700798487,12,35
1.169,1000,35,496.433057055485,501.520551545593,496.433057055485,13453.4341723035,13885.9583798608,14530.0958231378,58.413016927757,58.8631307428958,49.1029868795889,-880.189760226378,-140.702025983001,1.49011611938477e-08,1.49011611938477e-08,1.91543288359618,0.545475294947856,1.49011611938477e-08,2.6124341778026,12,35
1.17,1000,35,626.590147752744,-12054.9036042182,626.590147752744,13502.9447535122,14223.0416473891,14123.0359200791,62.2952291800079,59.8033020491747,49.7321394325871,-778.1481325549,-218.533307054156,1.49011611938477e-08,1.49011611938477e-08,1.9524107255015,0.882035566413495,1.49011611938477e-08,3.44695868251648,12,35
1.171,1000,35,604.016541652333,-3653.57331856546,604.016541652333,13897.5233941169,14108.8708208261,13834.4492391131,62.6912420835387,59.1480817043534,49.7076171186585,-632.354718455142,-249.736375250484,1.49011611938477e-08,1.49011611938477e-08,1.92488618783799,1.17543467830026,0.435047169326393,3.52305893711866,12,35
1.172,1000,35,522.856738654487,448.727857923307,522.856738654487,14068.2245389711,13704.1265716492,14005.1735346743,61.65002619514,56.46479654426,49.8525930633061,-477.39442460222,-158.798560082568,1.49011611938477e-08,1.49011611938477e-08,1.8286236702132,1.39523117943134,1.15618238093368,2.3911189490195,12,35
1.173,1000,35,616.757241254345,528.474282722213,616.757241254345,13808.7588031929,13540.6389053963,14426.3476577684,60.8977657620253,51.7984178119128,49.9892270210664,-375.91773607954,-3.36422851114467,1.49011611938477e-08,1.49011611938477e-08,1.83269911708785,1.59284731112039,1.69454660285366,1.54091343092467,12,35
1.174,1000,35,596.844838932581,515.210641907553,596.844838932581,13375.3495868339,13843.9283050666,14531.7068604492,59.994898433493,46.4500237157352,48.8614221969145,-347.415610747132,111.099252891917,1.49011611938477e-08,1.49011611938477e-08,1.9129930945801,1.7858031158713,1.87141713064647,1.22726418643867,12,35
1.175,1000,35,559.214671306447,247.488808597229,559.214671306447,13305.2888699868,14207.4824831315,14174.0859357797,59.8422308923852,42.5810740279719,47.0558111228491,-460.396354871733,148.715307497645,1.49011611938477e-08,1.49011611938477e-08,1.95033638784581,1.77183116633704,3.51900020979729,1.21805640802774,12,35
1.176,1000,35,506.951955759762,486.05337261019,506.951955759762,13699.7416110071,14162.1752211713,13788.5066766224,60.7698623847459,42.465702145116,44.9519516997981,-680.083184297993,49.3296137796677,1.49011611938477e-08,1.49011611938477e-08,1.94864504863445,1.51448436234465,1.78895531018361,1.51789018634777,12,35
1.177,1000,35,466.365015470116,518.270062524896,466.365015470116,14066.2267942682,13747.4754801784,13888.4609473877,61.6784602181983,46.404205356631,42.9746777842378,-855.081777148078,-218.799955042888,1.49011611938477e-08,1.49011611938477e-08,1.84668289382915,1.31682739870302,1.49011611938477e-08,2.18592032251665,12,35
1.178,1000,35,443.588171133393,522.480966527147,443.588171133393,13965.2352292815,13473.3543622557,14345.4552081485,61.4544981217075,51.6840034777279,41.183977119864,-839.472761884359,-477.886885005974,1.49011611938477e-08,1.49011611938477e-08,1.80569866206195,1.29065325093949,1.49011611938477e-08,2.3993874604801,12,35
1.179,1000,35,408.145595694281,525.015884886898,408.145595694281,13546.6493741582,13690.8216501375,14586.1842582013,60.0445647499845,56.069699531366,39.4580124075441,-721.094724928162,-574.506148667058,1.49011611938477e-08,1.49011611938477e-08,1.8856635520275,1.31494186106416,1.49011611938477e-08,2.26838400439585,12,35
1.18,1000,35,343.720298067364,527.253139213268,343.720298067364,13359.4075505988,14114.9968411209,14320.0210321552,58.7107982814368,58.7965507280555,39.0315250295843,-617.558444086524,-514.309886396938,1.49011611938477e-08,1.49011611938477e-08,1.94224394696161,1.23331697089524,1.49011611938477e-08,3.48624886725461,12,35
1.181,1000,35,251.555900991225,530.014789909733,251.555900991225,13665.1728347193,14210.5964406908,13884.5210007248,58.5175711559709,59.8620998504505,40.5638049905962,-556.6082200791,-371.110411502637,1.49011611938477e-08,1.49011611938477e-08,1.95025371655203,1.09171364203419,1.49011611938477e-08,17.413999954783,12,35
1.182,1000,35,218.602395665601,531.023914599787,218.602395665601,14071.4746788669,13862.1274749958,13829.892474909,59.103008227706,59.4781404427738,43.6199822604259,-512.228991737054,-208.690816495313,1.49011611938477e-08,1.49011611938477e-08,1.86091492190061,1.10119131368773,0.588900240317858,3.74576032536494,12,35
1.183,1000,35,381.652801003688,526.098740105962,381.652801003688,14092.5255431262,13509.0683014824,14227.2456338913,58.6519844892304,57.958124135009,47.14427702629,-436.130137073695,-109.737295155039,1.49011611938477e-08,1.49011611938477e-08,1.78447009159988,1.36357838403713,1.29626207315644,2.41871046791729,12,35
1.184,1000,35,632.068827549199,-16392.227325081,632.068827549199,13734.038897026,13613.1395029927,14580.4523516844,54.9455758837602,55.637166699819,49.3684094808842,-329.109937073847,-76.624394060711,1.49011611938477e-08,1.49011611938477e-08,1.85332060611393,1.80574511721387,2.10458946817774,2.39115495511032,12,35
1.185,1000,35,618.549324125096,-7936.63819486378,618.549324125096,13473.863301169,14032.0597446744,14471.535330311,47.7112899814531,53.3804147957958,49.5736910035687,-289.415841713834,-52.8390170782547,1.49011611938477e-08,1.49011611938477e-08,1.93456253601108,2.07400387085481,2.99333607429327,2.58761174763699,12,35
1.186,1000,35,589.191652518092,-1432.4642514478,589.191652518092,13666.3013320178,14223.3850309038,14055.5884751895,39.6292806155678,52.1755549154503,48.5955992830559,-398.515242080811,0.406395459028769,1.49011611938477e-08,1.49011611938477e-08,1.96132266432327,1.4339383898526,2.42010686208668,2.13488684979396,12,35
1.187,1000,35,481.889329841745,511.331587010625,481.889329841745,14062.6605394904,13943.4902867067,13875.3320662011,37.5606122881526,52.7804943562465,48.0235143612283,-648.696878697773,45.8961139456942,1.49011611938477e-08,1.49011611938477e-08,1.89849492269708,0.465931707538025,1.04161997355185,1.33221142859822,12,35
1.188,1000,35,271.000989009631,529.439108578112,271.000989009631,14157.5706393751,13526.2137539563,14178.7344693389,43.6199111136128,54.9436399550504,48.4401773493869,-871.19887428602,9.03470270344693,1.49011611938477e-08,1.49011611938477e-08,1.79417190939892,1.49011611938477e-08,1.49011611938477e-08,1.30860116359481,12,35
1.189,1000,35,266.593518381291,529.61879148687,266.593518381291,13841.6376911131,13506.1108109931,14575.7873226299,51.3944319253779,57.4477703981922,48.6903244284623,-917.088414922335,-88.8617305833976,1.49011611938477e-08,1.49011611938477e-08,1.82920399304308,0.174577648396039,1.49011611938477e-08,2.02035197184353,12,35
1.19,1000,35,507.651448909649,488.264684068841,507.651448909649,13445.8553674921,13912.7277933515,14507.5172747127,58.1618485592383,59.4420727823455,49.4094232668899,-862.60829131943,-169.440860676805,1.49011611938477e-08,1.49011611938477e-08,1.91858515846956,0.597510090687562,1.49011611938477e-08,2.9658231666291,12,35
1.191,1000,35,625.139886245714,533.105896046729,625.139886245714,13523.6674261314,14230.762779728,14092.1711309384,61.8262326683504,60.3357609901617,49.893827460413,-762.204588405791,-240.693962469874,1.49011611938477e-08,1.49011611938477e-08,1.95286488240795,0.929222310854017,1.49011611938477e-08,3.87927268913564,12,35
1.192,1000,35,600.980409769018,521.981488348038,600.980409769018,13920.7762420209,14087.0081013311,13824.2328259119,62.1001827238318,59.6128000479957,49.8120792648463,-607.769047936602,-263.766554602291,1.49011611938477e-08,1.49011611938477e-08,1.91916502778065,1.21708420034577,0.424577981949821,3.79856194798058,12,35
1.193,1000,35,513.971344764422,471.954351356469,513.971344764422,14063.8212633234,13681.742776781,14018.5166846969,61.1857296543917,56.8802689503658,49.9842748354901,-460.163491121125,-157.336655915359,1.49011611938477e-08,1.49011611938477e-08,1.82412942580754,1.42289923031188,1.16556001569681,2.41404691842279,12,35
1.194,1000,35,618.052296090883,-7715.67097938504,618.052296090883,13781.8062617053,13545.3426037535,14435.7897446506,60.6114743064191,52.1843316456751,49.9823024194457,-368.372752822923,3.72836719338133,1.49011611938477e-08,1.49011611938477e-08,1.83637832202975,1.60839656132466,1.69976659282703,1.51580331794935,12,35
1.195,1000,35,601.063704118327,-3113.52467569074,601.063704118327,13356.1884380096,13867.3048582363,14514.1413187041,59.8476781673144,46.9671583799058,48.7189136938412,-351.932333818186,114.514924172561,1.49011611938477e-08,1.49011611938477e-08,1.91639245353557,1.78604672582545,1.91458051639238,1.20388042897513,12,35
1.196,1000,35,548.040489052057,333.816008405388,548.040489052057,13315.8656320134,14217.1759347061,14141.6890900204,59.7756012488463,43.3786911250251,46.8332580173202,-466.289082829584,142.959303417159,1.49011611938477e-08,1.49011611938477e-08,1.95150657291792,1.75694272602992,3.84894227796983,1.21236269762797,12,35
1.197,1000,35,494.060715717724,502.55827506763,494.060715717724,13720.6773842318,14141.4124681957,13773.5477681332,60.7450052434558,43.6690612512052,44.7705415608556,-700.382031052346,27.2404241928485,1.49011611938477e-08,1.49011611938477e-08,1.9459165621327,1.49526747326512,1.59692475632952,1.53987512481494,12,35
1.198,1000,35,456.105954597607,520.647872774572,456.105954597607,14066.8868639558,13719.3444533512,13903.4612080079,61.6801055031509,47.7704592181864,42.924337892209,-868.375114075978,-246.296217238728,1.49011611938477e-08,1.49011611938477e-08,1.84136932724853,1.29908482640717,1.49011611938477e-08,2.18852599068514,12,35
1.199,1000,35,439.061429540267,522.970530552278,439.061429540267,13938.1008788976,13467.9542483629,14364.9442130312,61.5170530667045,53.0016277467976,41.278621852895,-846.316400324339,-496.294496310939,1.49011611938477e-08,1.49011611938477e-08,1.80883681144139,1.27104865687812,1.49011611938477e-08,2.32039544407449,12,35
1.2,1000,35,407.208732720683,525.058407680961,407.208732720683,13518.4459389346,13710.3875348548,14581.3585646344,60.2000289903684,57.2811340319257,39.6327373550394,-728.518431159092,-581.903420451536,1.49011611938477e-08,1.49011611938477e-08,1.89078540630882,1.28952812141804,1.49011611938477e-08,2.22247315335849,12,35
1.201,1000,35,347.116085777648,527.148730580214,347.116085777648,13358.4886422038,14129.1566099756,14293.2254123499,58.9628850432057,59.9053696923192,39.2445208678151,-630.849648769747,-520.524665648089,1.49011611938477e-08,1.49011611938477e-08,1.94389029439267,1.20407680374715,1.49011611938477e-08,3.53959379984298,12,35
1.202,1000,35,253.864336139456,529.961116352076,253.864336139456,13684.5390127199,14197.7923116423,13865.7623961329,58.8386112680731,60.8673805166103,40.829455725366,-565.352159722627,-367.770990257973,1.49011611938477e-08,1.49011611938477e-08,1.94868456879871,1.0718126810707,1.49011611938477e-08,16.2360934914064,12,35
1.203,1000,35,237.267445139862,530.484299945212,237.267445139862,14079.3444893504,13834.9708127939,13841.0302337202,59.3883948615544,60.3889652581355,43.9716933819343,-516.27231448899,-204.965919199786,1.49011611938477e-08,1.49011611938477e-08,1.85460715057499,1.09827054043795,0.610961069376133,3.53300082614582,12,35
1.204,1000,35,415.546632374915,524.740686267642,415.546632374915,14073.6432101013,13499.2558361068,14252.6269178713,58.7201244090152,58.7526541366245,47.4710534100719,-433.062413734295,-108.043756271967,1.49011611938477e-08,1.49011611938477e-08,1.78587691418103,1.373425694157,1.33475046346621,2.34097489005788,12,35
1.205,1000,35,627.047147531714,534.361227943354,627.047147531714,13707.4389566001,13631.1880575557,14588.2530773965,54.6014675015777,56.2954331941634,49.5167179992605,-323.893510237031,-74.5280379644613,1.49011611938477e-08,1.49011611938477e-08,1.85959959959493,1.81382383566546,2.160423681502,2.32553909502566,12,35
1.206,1000,35,616.859001577422,528.610484632498,616.859001577422,13468.1045834196,14052.9382226224,14453.3912456415,47.044229201187,54.0048921497794,49.5842263460208,-290.737349470058,-48.7460849475681,1.49011611938477e-08,1.49011611938477e-08,1.93746302405099,2.0389725248096,3.06660197390817,2.46606276781407,12,35
1.207,1000,35,586.230494798941,452.739332551288,586.230494798941,13684.3734368791,14218.3203478898,14034.4964179459,39.0902476390794,52.8211094992488,48.6311935793987,-415.500973132204,9.92510265856953,1.49011611938477e-08,1.49011611938477e-08,1.9611242697138,1.3419321236296,2.36283823823544,1.95566091914393,12,35
1.208,1000,35,467.354466958448,517.683595771259,467.354466958448,14076.1636755383,13917.6391288641,13880.9789998755,37.7061093508052,53.500723823622,48.1667800179529,-672.661684078251,51.054023354618,1.49011611938477e-08,1.49011611938477e-08,1.89193599464787,0.390215062271313,0.995942861865046,1.2256225150916,12,35
1.209,1000,35,265.3732100013,529.601826465953,265.3732100013,14148.4561605401,13510.6133050015,14205.6080642417,44.1294815444205,55.6728739375703,48.6233776836709,-886.668041267754,5.91739302181055,1.49011611938477e-08,1.49011611938477e-08,1.79231798753043,1.49011611938477e-08,1.49011611938477e-08,1.2946878456315,12,35
1.21,1000,35,274.488607146931,529.382483770793,274.488607146931,13814.5815983019,13520.4482919466,14588.1626706322,51.8345719420956,58.158786576229,48.7548311770054,-920.18605876713,-94.8301935460204,1.49011611938477e-08,1.49011611938477e-08,1.83489175636548,0.174816341324351,1.49011611938477e-08,2.04777590356696,12,35
1.211,1000,35,525.540655300751,444.626941570605,525.540655300751,13436.2443362897,13938.1436834005,14493.2898713559,58.5103124288004,60.1116417166242,49.4094104383108,-864.569494001293,-171.679746849414,1.49011611938477e-08,1.49011611938477e-08,1.92201023585397,0.602160443762797,1.49011611938477e-08,3.01453843314099,12,35
1.212,1000,35,623.843037532009,-10747.576601231,623.843037532009,13542.6196983264,14235.7426101794,14071.0193360067,61.9749584555083,60.9187583230375,49.7981862183415,-755.575133255049,-244.135740474996,1.49011611938477e-08,1.49011611938477e-08,1.95352333964284,0.929441288100517,1.49011611938477e-08,3.89673005703428,12,35
1.213,1000,35,598.561501967069,-2651.68072405619,598.561501967069,13940.8287049018,14070.0517959718,13827.6337420804,62.1439054721333,60.0388249537419,49.6494658007723,-597.522267284938,-256.273999680492,1.49011611938477e-08,1.49011611938477e-08,1.91480763482895,1.21103711818334,0.478480917011451,3.66679555772263,12,35
1.214,1000,35,507.890079296824,486.96195844079,507.890079296824,14057.4791648984,13664.3055153962,14042.3468530651,61.2340822989105,57.0813756161066,49.8249048969975,-451.152173713093,-138.693065416466,1.49011611938477e-08,1.49011611938477e-08,1.8213888371874,1.41544273695228,1.21469931706673,2.27734473142102,12,35
1.215,1000,35,617.849118394266,-7632.55709897444,617.849118394266,13757.4691157142,13554.1629795268,14455.1903926546,60.6323610999541,52.2846830142779,49.7924744494679,-365.235012240664,14.1818606174003,1.49011611938477e-08,1.49011611938477e-08,1.84058560338276,1.60762535179804,1.70389125466449,1.45006232618065,12,35
1.216,1000,35,598.343055647778,518.247462340672,598.343055647778,13341.8995887743,13892.745398896,14506.011944933,59.8558125498722,47.0520988952375,48.5188808358304,-350.024357324176,123.879247606106,1.49011611938477e-08,1.49011611938477e-08,1.91964266907954,1.78268050680759,1.90191954151427,1.16700725416894,12,35
1.217,1000,35,555.345663670579,278.692914947608,555.345663670579,13332.7733178925,14227.3793665514,14117.3017709584,59.8115648438198,43.6029057909376,46.6417309255333,-477.074306095438,148.351024652508,1.49011611938477e-08,1.49011611938477e-08,1.95268222018177,1.73853570929119,4.05696323721751,1.1966477366875,12,35
1.218,1000,35,500.74325600873,495.138243244226,500.74325600873,13753.3484295503,14126.2319016312,13768.98196331,60.7423729718763,44.0087678699021,44.6095094500329,-712.438370234827,19.1387573246329,1.49011611938477e-08,1.49011611938477e-08,1.94244861383019,1.47748147061017,1.50390861736094,1.55150681421249,12,35
1.219,1000,35,458.934690481662,520.075375599402,458.934690481662,14078.8995386917,13696.9551387382,13929.5965867092,61.5488541886188,48.1980312464166,42.8754560206198,-867.156389324521,-263.723862968751,1.49011611938477e-08,1.49011611938477e-08,1.83497138264211,1.29787609231201,1.49011611938477e-08,2.23048617705796,12,35
1.22,1000,35,427.255318600425,523.952377255963,427.255318600425,13921.0631633492,13469.5520281114,14391.2440422226,61.2705699594347,53.3707410002167,41.3147466095014,-833.872639514535,-507.778586385209,1.49011611938477e-08,1.49011611938477e-08,1.81127075054974,1.28039897173026,1.49011611938477e-08,2.31859847763689,12,35
1.221,1000,35,386.422587899544,525.880791921359,386.422587899544,13498.9246591532,13735.5365471793,14576.8550330431,59.946102275833,57.54089572369,39.8496423254539,-721.422728525375,-582.028485335355,1.49011611938477e-08,1.49011611938477e-08,1.89515835134363,1.29817462774138,1.49011611938477e-08,2.25567950652407,12,35
1.222,1000,35,316.679032481971,528.072291125901,316.679032481971,13367.2044637007,14146.843906921,14264.6495176737,58.8330656330174,60.0555391857186,39.7006916666862,-620.957930696418,-513.663377853693,1.49011611938477e-08,1.49011611938477e-08,1.94518298082951,1.21266243528785,1.49011611938477e-08,3.73976130737452,12,35
1.223,1000,35,229.284736623464,530.696602356271,229.284736623464,13713.6987456245,14187.5504558038,13847.2807833958,58.7819534051087,60.9344751106216,41.3952867631184,-555.701384097738,-360.74491780433,1.49011611938477e-08,1.49011611938477e-08,1.94614036756953,1.09359842416073,1.49011611938477e-08,16.1966250076811,12,35
1.224,1000,35,214.354516124013,531.162795062182,214.354516124013,14096.3151283222,13810.8410362926,13853.6100466113,59.2242802002641,60.3841726509431,44.4721650786791,-501.305600975127,-205.083714624367,1.49011611938477e-08,1.49011611938477e-08,1.84651246978569,1.14198283502231,0.654593829328711,3.58125247783841,12,35
1.225,1000,35,399.664413318848,525.439890612787,399.664413318848,14063.0635175586,13493.5478711796,14275.6603767326,58.2568625120298,58.6937813450218,47.8566129758795,-411.349398879423,-114.684231356223,1.49011611938477e-08,1.49011611938477e-08,1.78589596058941,1.43855692527799,1.3844639414415,2.44127547043062,12,35
1.226,1000,35,628.334019609194,-13191.3324098504,628.334019609194,13685.5594046012,13652.7993248978,14587.3183772776,53.8922792391769,56.2425991401254,49.8701842181552,-308.874569730877,-84.2851721625343,1.49011611938477e-08,1.49011611938477e-08,1.86489813312781,1.89173311530966,2.21548715668585,2.45444224475651,12,35
1.227,1000,35,616.628061593249,528.513876028307,616.628061593249,13467.7105978108,14073.7355206051,14424.3065863592,46.1175801774784,53.9587632841072,49.965913658933,-281.154058627172,-57.1987441153905,1.49011611938477e-08,1.49011611938477e-08,1.93999356058948,2.09807595881836,3.13836461228567,2.61262674360634,12,35
1.228,1000,35,582.481075936311,-599.620010229012,582.481075936311,13706.3301052441,14214.3848160658,14005.4883159004,38.20485244475,52.8911303831276,49.0587172983643,-418.103084084127,0.149269773798207,1.49011611938477e-08,1.49011611938477e-08,1.96051356585284,1.3341083750671,2.28191309773054,2.05989243440442,12,35
1.229,1000,35,455.091572561098,520.59878638147,455.091572561098,14091.3629956939,13893.2407202628,13879.1729937797,37.2526445476243,53.7174440697763,48.6542715946581,-679.064531423936,34.0500454795847,1.49011611938477e-08,1.49011611938477e-08,1.88452393270547,0.376857223017319,0.928408866077067,1.31782768939875,12,35
1.23,1000,35,256.602184425673,529.891984801631,256.602184425673,14136.3265961754,13497.4490227993,14222.5851875247,44.0878269479778,56.039365399129,49.097390577714,-884.636365064029,-19.2690704486462,1.49011611938477e-08,1.49011611938477e-08,1.7902426875078,1.49011611938477e-08,1.49011611938477e-08,1.43557697355051,12,35
1.231,1000,35,283.71751069104,529.106129496548,283.71751069104,13786.2600223711,13537.3142076342,14589.4090549989,51.8663509581025,58.5998336934588,49.1245541487227,-909.857520342728,-116.926717802594,1.49011611938477e-08,1.49011611938477e-08,1.84004796920858,0.271109937842568,1.49011611938477e-08,2.28669490484388,12,35
1.232,1000,35,546.927889920639,347.937235196087,546.927889920639,13427.9071789328,13963.7917343377,14468.7459314304,58.4140342378065,60.5455292213106,49.695911042367,-848.004626504603,-197.17778397134,1.49011611938477e-08,1.49011611938477e-08,1.92496306423154,0.655811259081125,1.49011611938477e-08,3.36492296589676,12,35
1.233,1000,35,623.336663816586,531.974339051428,623.336663816586,13561.9574798382,14239.8836679305,14041.3608338846,61.6567820001427,61.2988575844134,49.9655043104483,-734.228517707606,-265.693736132941,1.49011611938477e-08,1.49011611938477e-08,1.95365771938673,0.978468678654545,1.49011611938477e-08,4.29134013207391,12,35
1.234,1000,35,595.046301685397,512.493250200802,595.046301685397,13959.2671905607,14046.3165462966,13820.6638229973,61.7078298751091,60.3645025551764,49.7944013911475,-574.327741927497,-267.188680687475,1.49011611938477e-08,1.49011611938477e-08,1.90851224607295,1.25566232135714,0.496203354731756,3.86455705888626,12,35
1.235,1000,35,528.683446795066,434.202181346853,528.683446795066,14047.7971651539,13644.8802041164,14056.99123376,60.9091088207715,57.3742274293776,50.0315557806677,-440.352742292009,-145.819846128444,1.49011611938477e-08,1.49011611938477e-08,1.81811470072164,1.44799749078838,1.23763566374607,2.27786598988104,12,35
1.236,1000,35,614.522425210266,-6488.26200300786,614.522425210266,13732.361275955,13562.796647188,14466.3140096112,60.3160858862288,52.5433574990706,49.7106017042448,-353.049789824021,17.1364025713397,1.49011611938477e-08,1.49011611938477e-08,1.84460404034217,1.63885347942232,1.70556836637294,1.44205600965848,12,35
1.237,1000,35,594.381828601333,-2054.98767286742,594.381828601333,13328.9931533808,13917.3687616559,14491.0103103304,59.6028853892093,47.4130506610385,48.2363495064921,-347.204693466695,124.268847872045,1.49011611938477e-08,1.49011611938477e-08,1.92254404900288,1.80515004525807,1.93351884252627,1.16406336353637,12,35
1.238,1000,35,543.285129574967,360.590804851566,543.285129574967,13349.1909179922,14234.1717647169,14090.0095946536,59.6941759067212,44.2166517137582,46.2410997329518,-485.841409561441,142.947693015297,1.49011611938477e-08,1.49011611938477e-08,1.95362741436835,1.73831288800493,4.3624904129021,1.20281020751378,12,35
1.239,1000,35,490.588074941836,506.202442261739,490.588074941836,13776.1733504834,14103.7177348227,13762.4368705969,60.8048883307686,44.9923884900953,44.1480256689135,-728.228537490173,5.52372704636245,1.49011611938477e-08,1.49011611938477e-08,1.93853561825674,1.45462348400264,1.36697679213051,1.56740633752571,12,35
1.24,1000,35,458.693448616164,520.14142891886,458.693448616164,14078.9024804662,13671.4532128237,13951.4708794801,61.7810649192448,49.2772860611267,42.299421972595,-879.729086601222,-274.822376275768,1.49011611938477e-08,1.49011611938477e-08,1.82997985971674,1.26159624915842,1.49011611938477e-08,2.22214603931151,12,35
1.241,1000,35,443.771039245622,522.460590765876,443.771039245622,13896.7043762656,13469.9233769399,14414.3460991524,61.6427616169581,54.3978239004131,40.6055744482279,-848.093686522187,-499.192721767467,1.49011611938477e-08,1.49011611938477e-08,1.81492020643501,1.23243527143639,1.49011611938477e-08,2.31358584440125,12,35
1.242,1000,35,411.678273212203,524.847690199682,411.678273212203,13478.6845326384,13758.5002828052,14576.5501238651,60.4039887173684,58.4725633791277,38.9900571016652,-730.999936673962,-571.64250749565,1.49011611938477e-08,1.49011611938477e-08,1.89979911530052,1.23557077664369,1.49011611938477e-08,2.31280269652517,12,35
1.243,1000,35,347.418672095814,527.138295947539,347.418672095814,13375.1980043132,14160.5775816744,14246.8377307404,59.3372716657865,60.888001674224,38.7856022678023,-631.441737386736,-495.541255563801,1.49011611938477e-08,1.49011611938477e-08,1.94673370704972,1.1358525888045,1.49011611938477e-08,4.12501117420428,12,35
1.244,1000,35,252.469618233602,530.000481501564,252.469618233602,13736.7014654866,14173.3742321791,13842.2917103716,59.3542191103065,61.6626565626391,40.6497992647804,-568.164900431568,-335.008221269982,1.49011611938477e-08,1.49011611938477e-08,1.94417573819878,1.01820162634374,1.49011611938477e-08,11.4307673719191,12,35
1.245,1000,35,246.900249172276,530.18224764066,246.900249172276,14102.8905506852,13784.7492258567,13878.3308479944,59.877875357793,61.0211041175602,44.0569302653487,-515.573046488463,-174.910194325377,1.49011611938477e-08,1.49011611938477e-08,1.84120385202036,1.08026262391678,0.683384790861572,2.99258336434063,12,35
1.246,1000,35,449.367839156716,521.913493158765,449.367839156716,14043.6163307072,13488.2588666923,14311.3295269675,58.9105173866688,59.2223441782027,47.6357199814867,-430.511621046163,-88.4387790318506,1.49011611938477e-08,1.49011611938477e-08,1.78903323416801,1.3841473798664,1.42540128054003,2.13398702519759,12,35
1.247,1000,35,627.136939288651,534.495558063176,627.136939288651,13662.5228280382,13674.1968075567,14603.9940870189,54.3828607043042,56.6542738647672,49.5761223288501,-322.621760355452,-56.2039267145327,1.49011611938477e-08,1.49011611938477e-08,1.87133431769795,1.82329827600947,2.26788134578423,2.15791270810941,12,35
1.248,1000,35,615.449290565816,-6746.76153367081,615.449290565816,13468.1539678206,14094.09200384,14416.9673017032,46.5619580885093,54.3409376689028,49.5730087929094,-302.287965681169,-25.9435076033825,1.49011611938477e-08,1.49011611938477e-08,1.94263171810374,1.97332572129339,3.19239663951393,2.22925270560965,12,35
1.249,1000,35,581.461163349887,-510.319018393954,581.461163349887,13728.5049921535,14207.4060371241,13999.2289119336,39.0811777209651,53.2677933971704,48.7102773379619,-450.623359815873,33.1203909642549,1.49011611938477e-08,1.49011611938477e-08,1.9599139916063,1.21014178474526,2.2388550842781,1.69254243748461,12,35
1.25,1000,35,448.944525875941,521.641336925333,448.944525875941,14105.0110321246,13867.263839842,13901.3490523691,38.6739842547478,54.0936479512377,48.3961917651191,-714.407899873297,61.3107145758129,1.49011611938477e-08,1.49011611938477e-08,1.87828019706803,0.296985254233306,0.908480648710073,1.10570210034275,12,35
1.251,1000,35,253.202417716274,529.965644076991,253.202417716274,14125.8564053315,13485.2966590331,14261.6457518216,45.45385198163,56.3447788063882,48.8551802520884,-903.096156645324,4.8841179732151,1.49011611938477e-08,1.49011611938477e-08,1.79019743037682,1.49011611938477e-08,1.49011611938477e-08,1.29898838643369,12,35
1.252,1000,35,304.038602138881,528.49371771649,304.038602138881,13755.1455940592,13555.0786809304,14604.8248007818,52.9366114110006,58.8111470810961,48.8404546100371,-922.919987751311,-98.0503756591571,1.49011611938477e-08,1.49011611938477e-08,1.84682982738139,0.230529125674434,1.49011611938477e-08,2.08975823856181,12,35
1.253,1000,35,563.898852238455,217.265288907866,563.898852238455,13417.9192500593,13988.623503121,14459.3115700438,59.2602429856662,60.6603512219684,49.4918549929872,-859.350685023821,-176.639219817439,1.49011611938477e-08,1.49011611938477e-08,1.92828851018177,0.6265486699463,1.49011611938477e-08,3.0080643643827,12,35
1.254,1000,35,621.48654314242,-9237.39642540684,621.48654314242,13579.1085831237,14242.0976833635,14029.1610431806,62.1748303222297,61.2821723392754,49.7586778684345,-744.330877040892,-243.362658191772,1.49011611938477e-08,1.49011611938477e-08,1.95415452066505,0.940608790122731,1.49011611938477e-08,3.73777376103083,12,35
1.255,1000,35,592.428037197283,503.472009942878,592.428037197283,13973.4725937159,14027.3610336779,13834.2984787683,62.0030509276106,60.1513078395367,49.5996836255381,-583.096434617867,-238.60129673366,1.49011611938477e-08,1.49011611938477e-08,1.90439320077814,1.20860070836683,0.57616863131173,3.31278213574348,12,35
1.256,1000,35,529.266517853645,432.076140611785,529.266517853645,14035.3588480289,13628.4617739431,14088.8028365117,61.0999994382365,56.9281573744089,49.9913638213106,-449.226857074255,-115.408550642194,1.49011611938477e-08,1.49011611938477e-08,1.81701382127154,1.40367032055726,1.29843197917184,2.02770735350723,12,35
1.257,1000,35,616.645518519716,528.500504463797,616.645518519716,13703.7470171618,13574.4092931214,14487.91397018,60.3562781807487,51.9833814682918,49.8849600689522,-360.84004999232,40.7032375774968,1.49011611938477e-08,1.49011611938477e-08,1.84996853326049,1.60548947690619,1.7124911430993,1.33833246101695,12,35
1.258,1000,35,597.324288398486,516.644058401283,597.324288398486,13313.2013946734,13941.5264398614,14482.6366540603,59.5438068821788,46.8183502053001,48.6287126800528,-359.907002695356,141.225281493805,1.49011611938477e-08,1.49011611938477e-08,1.92581231277698,1.76872930299253,1.93606556788826,1.11144437085438,12,35
1.259,1000,35,546.98424097256,337.873073261255,546.98424097256,13364.4082364314,14241.5100076017,14067.592879772,59.6057254489784,43.7475305061888,46.789456532377,-508.171264899358,150.415300983662,1.49011611938477e-08,1.49011611938477e-08,1.95490554480328,1.69105316213502,4.58807065830308,1.17961221622398,12,35
1.26,1000,35,489.464656462596,506.559778192436,489.464656462596,13803.7791285252,14085.8373382418,13761.1553169554,60.626029132107,44.6810601118129,44.7846762376634,-748.735867411374,-3.53382306474925,1.49011611938477e-08,1.49011611938477e-08,1.93462702893024,1.42428194142335,1.26678492678105,1.5766108271009,12,35
1.261,1000,35,448.462281504029,521.763623985303,448.462281504029,14085.4790638245,13650.4484200614,13978.7523716487,61.3822582386654,49.1597812286606,43.0128607650405,-880.387731101677,-281.812256911745,1.49011611938477e-08,1.49011611938477e-08,1.8247843920093,1.26455415047351,1.49011611938477e-08,2.25745579894328,12,35
1.262,1000,35,423.752422765948,524.140702246503,423.752422765948,13876.5987815081,13475.0039714128,14437.6771187269,60.9735693498513,54.3023813845193,41.295312256008,-835.39369491895,-517.552107366515,1.49011611938477e-08,1.49011611938477e-08,1.81840841259425,1.25905751866936,1.49011611938477e-08,2.28139487377315,12,35
1.263,1000,35,382.916202982126,526.015892891176,382.916202982126,13460.1739678987,13784.3604480098,14566.3631828575,59.5639609226201,58.3256180844534,39.7589951564764,-714.965649544749,-578.615746040036,1.49011611938477e-08,1.49011611938477e-08,1.90397518836234,1.26816072918545,1.49011611938477e-08,2.30097867728969,12,35
1.264,1000,35,313.699860524661,528.179719683374,313.699860524661,13386.0660899882,14175.2122825445,14214.1634321756,58.5151468110523,60.6715767593906,39.7163282784976,-618.138117695277,-495.245855119784,1.49011611938477e-08,1.49011611938477e-08,1.94785329955359,1.16804813498024,1.49011611938477e-08,4.20335496232821,12,35
1.265,1000,35,225.615384976323,530.804995863862,225.615384976323,13765.3707256719,14159.8284208814,13823.1025106565,58.5551021207995,61.4066218832195,41.5811070611578,-555.718713185208,-334.69673857492,1.49011611938477e-08,1.49011611938477e-08,1.94077984480591,1.054508255191,1.49011611938477e-08,11.8847117017782,12,35
1.266,1000,35,230.512124945269,530.686507510125,230.512124945269,14116.5761720229,13760.7573149832,13889.9378114254,58.9704624764733,60.7482232841198,44.814426267543,-502.675651712027,-188.098915934616,1.49011611938477e-08,1.49011611938477e-08,1.8335082495174,1.12718727562236,0.730605999060621,3.16183674166536,12,35
1.267,1000,35,432.037137834917,523.719257137616,432.037137834917,14030.3270637871,13485.3643879848,14329.3492358558,57.7378419705543,58.9626916992329,48.1998296297041,-409.881996336059,-101.526408468268,1.49011611938477e-08,1.49011611938477e-08,1.79010214503069,1.44388973291719,1.47485148691977,2.29127228321757,12,35
1.268,1000,35,627.763957892047,-12821.260702412,627.763957892047,13642.6229689789,13696.7446282437,14596.3532509779,52.9887865271531,56.4791005683608,50.0655903670551,-306.465642059371,-71.4306945814782,1.49011611938477e-08,1.49011611938477e-08,1.87645556802173,1.88599804173335,2.32991814461179,2.33693868148504,12,35
1.269,1000,35,614.752165677,527.748307441984,614.752165677,13471.4410349944,14112.0260001974,14382.6863951625,45.0079438821467,54.2740447998634,50.0620873462787,-297.710606259549,-41.0613985405052,1.49011611938477e-08,1.49011611938477e-08,1.94482558585926,2.00059146135322,3.22508546666203,2.41851802733723,12,35
1.27,1000,35,576.769292639561,-77.5804441979888,576.769292639561,13752.0142636713,14199.3367752568,13968.7273525698,37.7089509919931,53.4031725333104,49.2418951542149,-457.560674913684,15.8766009303115,1.49011611938477e-08,1.49011611938477e-08,1.9585045082645,1.17424147702922,2.09574986458434,1.81974770579228,12,35
1.271,1000,35,432.061268087135,523.523351438073,432.061268087135,14118.4595669166,13842.0463180108,13899.3292983469,37.9443982633076,54.438783507525,48.9884001262814,-708.724796728983,37.3738938638325,1.49011611938477e-08,1.49011611938477e-08,1.8705234805914,0.262944010752669,0.82579809917404,1.22143923962962,12,35
1.272,1000,35,262.73247927208,529.708554457155,262.73247927208,14112.8775226374,13475.1763699467,14276.3432445925,45.1825852001187,56.8611459314321,49.4169391780983,-898.953199520676,-27.0227429476219,1.49011611938477e-08,1.49011611938477e-08,1.78898943092816,1.49011611938477e-08,1.49011611938477e-08,1.47550215497989,12,35
1.273,1000,35,313.18608458991,528.219118321338,313.18608458991,13727.7336016096,13574.1611911039,14600.1372893203,52.7597376100224,59.405746349605,49.2840622223693,-907.617617722785,-130.990796860778,1.49011611938477e-08,1.49011611938477e-08,1.85187272237856,0.317130849202617,1.49011611938477e-08,2.39691634262053,12,35
1.274,1000,35,584.208244520575,-1.22794924234131,584.208244520575,13414.5893925604,14012.8947672178,14430.2015371058,58.9702650366693,61.2469755042971,49.8002746155718,-838.587785537697,-208.878360297565,1.49011611938477e-08,1.49011611938477e-08,1.93074052882036,0.685465644034861,1.49011611938477e-08,3.47527061786113,12,35
1.275,1000,35,621.141911225417,530.716993944946,621.141911225417,13602.2058103447,14242.7857358565,13998.5583255426,61.7353758912766,61.8200420519542,49.9377424918658,-717.485577288069,-270.607796024094,1.49011611938477e-08,1.49011611938477e-08,1.95375434153827,0.997962814081917,1.49011611938477e-08,4.26603164276293,12,35
1.276,1000,35,587.983205132866,-1238.99559709013,587.983205132866,13992.0216320925,14002.9791956313,13828.8886928926,61.5149768849967,60.6388850210471,49.7472263203815,-562.405691383409,-257.284858096873,1.49011611938477e-08,1.49011611938477e-08,1.89736759907304,1.26357361952045,0.590338590851116,3.58341152120643,12,35
1.277,1000,35,537.444571493056,397.335968656834,537.444571493056,14025.3005830632,13612.6148690702,14103.1506908062,60.7694400327828,57.3552031277578,50.133051276044,-427.608428814656,-116.758983564253,1.49011611938477e-08,1.49011611938477e-08,1.81445938545637,1.44820568764603,1.31892228420806,2.06420190609298,12,35
1.278,1000,35,614.431707558077,527.535488389081,614.431707558077,13675.6675660227,13586.4422776505,14492.1600097201,60.1545853853599,52.3765877929227,49.775975935831,-347.903683747949,41.7910060519769,1.49011611938477e-08,1.49011611938477e-08,1.8542812170586,1.64177052071543,1.70882407178214,1.33948450075115,12,35
1.279,1000,35,591.309360884522,-1644.69638437875,591.309360884522,13300.1331318186,13966.4521186021,14460.6343889989,59.4491295070069,47.3098622594349,48.3332971681976,-358.011669405188,137.788313142765,1.49011611938477e-08,1.49011611938477e-08,1.92834530858538,1.7939778503641,1.97211409224052,1.11389768944621,12,35
1.28,1000,35,539.90244101708,381.755350613412,539.90244101708,13380.3865191184,14244.9515621473,14036.5718162244,59.5919266686109,44.4609953307289,46.4035937279557,-516.119472653431,136.998827118991,1.49011611938477e-08,1.49011611938477e-08,1.95576450432442,1.70179863731862,4.79352430774134,1.19667128041627,12,35
1.281,1000,35,491.127860184846,505.77066211321,491.127860184846,13823.5390105999,14061.4770150145,13754.5277568667,60.6694301284285,45.7056814190729,44.4314508107558,-747.335762878134,-16.6965457941089,1.49011611938477e-08,1.49011611938477e-08,1.92990794519204,1.42606253841,1.16801653040154,1.61568981695779,12,35
1.282,1000,35,453.024597538213,521.180277006468,453.024597538213,14080.2625800903,13626.822489113,13998.9204301554,61.4661775137296,50.1934482601955,42.7355460444208,-882.000978849749,-306.322627677146,1.49011611938477e-08,1.49011611938477e-08,1.82054054455731,1.26359729563564,1.49011611938477e-08,2.25453376902069,12,35
1.283,1000,35,428.835608207211,523.839630602336,428.835608207211,13848.3796485196,13479.1968131331,14454.475851712,61.1170421305495,55.2246453217815,41.1287508044277,-832.017984669444,-529.548114511891,1.49011611938477e-08,1.49011611938477e-08,1.82270019804852,1.25526125462371,1.49011611938477e-08,2.22690677112617,12,35
1.284,1000,35,389.601104394256,525.765326024314,389.601104394256,13438.5612647598,13808.264311102,14557.3682082692,59.7771597031752,59.1004944233337,39.6572484713883,-712.945678284396,-579.461074736131,1.49011611938477e-08,1.49011611938477e-08,1.90814256104077,1.25889669723859,1.49011611938477e-08,2.29706497288397,12,35
1.285,1000,35,318.427908780663,528.018028647913,318.427908780663,13393.9396934537,14186.2964190072,14188.7518749903,58.8022941188991,61.3067820887019,39.653131904756,-618.212302465164,-488.859313669138,1.49011611938477e-08,1.49011611938477e-08,1.94907515374411,1.15469713607251,1.49011611938477e-08,4.42528980912381,12,35
1.286,1000,35,229.317401250847,530.692881071199,229.317401250847,13786.1390386935,14142.9435116143,13813.392561117,58.9166080219595,61.9070266958067,41.6219020065902,-559.698492971033,-332.600521376369,1.49011611938477e-08,1.49011611938477e-08,1.93764916372876,1.04760977580472,1.49011611938477e-08,9.94835358851785,12,35
1.287,1000,35,245.071308964381,530.251044804964,245.071308964381,14119.3570954134,13735.2802450812,13909.8198618628,59.3391938236599,61.1295473171317,44.9893462748739,-502.854753759491,-177.112430989925,1.49011611938477e-08,1.49011611938477e-08,1.82780033486,1.13201359669064,0.760964700886221,2.94160093665429,12,35
1.288,1000,35,465.233909332315,518.883781160028,465.233909332315,14008.3895171988,13483.5360560675,14356.5656571438,57.9645336963241,59.2134872553785,48.3781222534732,-406.700692268094,-93.1982854438989,1.49011611938477e-08,1.49011611938477e-08,1.79337813493879,1.4568382267659,1.51540837664702,2.18624963000493,12,35
1.289,1000,35,626.094156509569,533.864956984508,626.094156509569,13619.2074634293,13719.7274917754,14600.8573891311,52.9617153238686,56.6083008390248,50.1070105136805,-304.530212713334,-63.2660813591059,1.49011611938477e-08,1.49011611938477e-08,1.88220771073728,1.89142449088356,2.3759019636146,2.23689055335484,12,35
1.29,1000,35,613.222990119595,-5999.64735400662,613.222990119595,13473.4057975116,14129.7413076315,14364.2419862936,44.8128278040335,54.3632428759013,49.9953088795848,-304.801074926405,-29.5053727759069,1.49011611938477e-08,1.49011611938477e-08,1.94701694602775,1.95674257120135,3.26539173888226,2.26077035365305,12,35
1.291,1000,35,574.271195708948,161.888767464076,574.271195708948,13773.0765443267,14188.4300773704,13955.4076092897,37.8021060304267,53.4927996443334,49.2099826375691,-464.264792141737,25.9041548598904,1.49011611938477e-08,1.49011611938477e-08,1.95698615136074,1.10417407872497,2.0401312092422,1.6490398351504,12,35
1.292,1000,35,420.313778017865,524.3260910397,420.313778017865,14127.7676235451,13814.8840767626,13915.2145870028,38.5238732872684,54.5428406154236,49.0314773733598,-730.43498275762,44.7956762900533,1.49011611938477e-08,1.49011611938477e-08,1.86364388487886,0.191762606148895,0.790659650545823,1.13694323644983,12,35
1.293,1000,35,251.7199463352,530.033021701805,251.7199463352,14097.5008589042,13465.4562320656,14305.0782062555,45.854276952463,56.9154776187947,49.4724507567022,-910.564171466712,-25.7204670120154,1.49011611938477e-08,1.49011611938477e-08,1.78945865195612,1.49011611938477e-08,1.49011611938477e-08,1.45233197208284,12,35
1.294,1000,35,342.258729556686,527.367726801565,342.258729556686,13700.2464193441,13593.7812061721,14606.2486336023,53.2319562939247,59.3851315478619,49.3013987388404,-909.822100020268,-128.691148059825,1.49011611938477e-08,1.49011611938477e-08,1.85794923798714,0.321079279129236,1.49011611938477e-08,2.36447631441871,12,35
1.295,1000,35,606.461752828119,-251.960891473411,606.461752828119,13411.7341918709,14035.4629321506,14414.4693412265,59.1550347394567,61.1507306128011,49.7507446444723,-837.034458754002,-204.658442457685,1.49011611938477e-08,1.49011611938477e-08,1.93340893569409,0.684640746795106,1.49011611938477e-08,3.3884070062303,12,35
1.296,1000,35,619.206379048052,-8220.78221905996,619.206379048052,13624.4071848878,14241.1114554738,13984.4102203058,61.5960919782512,61.610240355114,49.8078351938872,-722.485836967761,-258.896378806024,1.49011611938477e-08,1.49011611938477e-08,1.95363821825517,0.984097778886177,1.49011611938477e-08,4.03961185789566,12,35
1.297,1000,35,583.78004048139,420.25128906892,583.78004048139,14006.6562528286,13981.4414237117,13841.5671331857,61.2411527331787,60.2567575303488,49.6002327388671,-562.661439953394,-235.487342004898,1.49011611938477e-08,1.49011611938477e-08,1.89243548506955,1.23274892101232,0.644375859734814,3.25583098965325,12,35
1.298,1000,35,535.730235833145,405.49466084925,535.730235833145,14012.5572657419,13597.3705015446,14131.9049630872,60.5552836915202,56.7829145198324,50.1028986732199,-433.987168812791,-88.5430988923258,1.49011611938477e-08,1.49011611938477e-08,1.81374485813694,1.40898455482035,1.36270573614678,1.88386625591217,12,35
1.299,1000,35,617.174837326412,-7380.73610485803,617.174837326412,13648.4598768131,13599.9214036036,14506.893259282,59.9439409206928,51.7334322096733,49.863854120335,-358.734010440437,65.7059342826923,1.49011611938477e-08,1.49011611938477e-08,1.85948880305583,1.60018686803973,1.7236558584318,1.24549611353642,12,35
1.3,1000,35,597.229840332915,-2481.79500932724,597.229840332915,13289.6816814181,13988.6730114231,14445.8685131115,59.2405492496885,46.6962235287594,48.526530717729,-376.930634374091,154.351016340127,1.49011611938477e-08,1.49011611938477e-08,1.93103843875023,1.74038248285185,2.02893880861086,1.05633239237831,12,35
1.301,1000,35,543.772540720098,359.942087667944,543.772540720098,13400.6549795142,14248.9217348646,14013.572011782,59.3827488568915,44.0555140967592,46.6814922196096,-532.656185953338,145.207872920194,1.49011611938477e-08,1.49011611938477e-08,1.95681187477059,1.63957342229624,4.88236611577702,1.16758752579963,12,35
1.302,1000,35,480.500942236811,512.390466968584,480.500942236811,13850.995041843,14041.0784880156,13756.4183275163,60.3559420805983,45.4920885578827,44.8033202773298,-770.550272274062,-29.0733083251215,1.49011611938477e-08,1.49011611938477e-08,1.92518181884455,1.38683866662372,1.05500480482012,1.61877500232144,12,35
1.303,1000,35,433.177832519463,523.509235355403,433.177832519463,14082.2894967107,13606.999637456,14027.1688172584,60.9494045098894,50.1827528854266,43.2904049424081,-886.610573069027,-327.571518932801,1.49011611938477e-08,1.49011611938477e-08,1.81664949684018,1.25552431098231,1.49011611938477e-08,2.26887833357835,12,35
1.304,1000,35,404.156306282478,525.197758116105,404.156306282478,13824.6737930043,13486.7231639196,14474.6495338895,60.4063828463738,55.2486930227897,41.809572801387,-823.815148163157,-543.389079605699,1.49011611938477e-08,1.49011611938477e-08,1.82710214869234,1.26514961894812,1.49011611938477e-08,2.20420797704091,12,35
1.305,1000,35,361.689075125353,526.701000383431,361.689075125353,13421.0525929802,13833.7098507593,14543.9286909264,58.9964544599554,59.0931184104819,40.529066768985,-703.867103484428,-581.668276108869,1.49011611938477e-08,1.49011611938477e-08,1.91198044283205,1.272161693988,1.49011611938477e-08,2.32742639256863,12,35
1.306,1000,35,292.608712319936,528.802832402604,292.608712319936,13406.8839687819,14197.7439179327,14157.1332824095,58.0787856468129,61.2536046637542,40.6794440016638,-614.967961947294,-492.422245155756,1.49011611938477e-08,1.49011611938477e-08,1.9500133366938,1.17061330296225,1.49011611938477e-08,4.62640075058296,12,35
1.307,1000,35,201.248064824137,531.533389756077,201.248064824137,13813.8062729414,14126.89145521,13798.7185396555,58.1969181298973,61.8258522566768,42.6116464024057,-551.183066513238,-331.206187459534,1.49011611938477e-08,1.49011611938477e-08,1.93342072770558,1.07442297183412,1.49011611938477e-08,9.81778614945973,12,35
1.308,1000,35,230.108863540633,530.698393892093,230.108863540633,14128.8073495853,13712.9005361567,13924.9430941489,58.4394522293382,61.029364418543,45.7861220921693,-487.253236278955,-183.357586961914,1.49011611938477e-08,1.49011611938477e-08,1.82105999511621,1.17416716793718,0.812612623113177,3.06106502593545,12,35
1.309,1000,35,450.646075461048,521.762532525818,450.646075461048,13991.2897312107,13484.6913800085,14373.5011505473,56.7096785085457,59.1152974097551,48.9833631888368,-385.5184130842,-104.915807676613,1.49011611938477e-08,1.49011611938477e-08,1.7957736683881,1.51234296491799,1.57304778085896,2.31597851824586,12,35
1.31,1000,35,626.165841970955,-11784.3148391126,626.165841970955,13599.6507196131,13743.6251151124,14589.7939909638,51.3720488868862,56.6019686612435,50.6379925768359,-288.395761315402,-76.3625129852765,1.49011611938477e-08,1.49011611938477e-08,1.88728303391748,1.94375145418288,2.44933024038534,2.38401781671644,12,35
1.311,1000,35,612.092227685283,-5650.71694639937,612.092227685283,13478.2236141729,14145.1722655631,14328.3645430597,43.038519448347,54.5069189741447,50.5455961336004,-297.315824095916,-44.8517330951374,1.49011611938477e-08,1.49011611938477e-08,1.94898495432566,1.9605798543143,3.3034020214492,2.39867522008335,12,35
1.312,1000,35,567.923406282842,167.53758058348,567.923406282842,13795.8268425151,14176.6884066101,13926.2864125306,36.3579590376695,53.8893888832352,49.850212483273,-473.816501137444,9.00576896683113,1.49011611938477e-08,1.49011611938477e-08,1.9547436496599,1.05377480043381,1.9019792773355,1.73977393937417,12,35
1.313,1000,35,405.975617037159,525.103934880828,405.975617037159,14137.5458094892,13789.3144208944,13915.4662542751,37.8934284767624,55.2021341419947,49.7358101034292,-740.161089313372,17.5747654340116,1.49011611938477e-08,1.49011611938477e-08,1.85595216067592,0.146637547887615,0.698589527950751,1.25612484010864,12,35
1.314,1000,35,250.62197754765,530.041975592774,250.62197754765,14081.8425417178,13458.4759096095,14319.3066318926,45.658122662446,57.784597485473,50.0886807731335,-906.627906917223,-62.1399044208112,1.49011611938477e-08,1.49011611938477e-08,1.78933290742509,1.49011611938477e-08,1.49011611938477e-08,1.66548074853602,12,35
1.315,1000,35,342.037919495084,527.345562426876,342.037919495084,13673.1592618796,13614.8635895267,14597.5040046163,53.1363845152874,60.3729308211508,49.7361263705499,-894.848810578362,-166.617813385448,1.49011611938477e-08,1.49011611938477e-08,1.86299400458785,0.396348985066452,1.49011611938477e-08,2.76674323472679,12,35
1.316,1000,35,617.146905074765,-468.497423578209,617.146905074765,13411.0406570207,14057.8899113522,14381.4766229506,59.0167042870924,62.1689505868042,50.0233870527501,-820.489316999238,-238.788004362983,1.49011611938477e-08,1.49011611938477e-08,1.93553022098129,0.747614208063517,1.49011611938477e-08,4.02510696287068,12,35
1.317,1000,35,618.49041626423,-7922.39854418083,618.49041626423,13648.1980777714,14238.5225126964,13953.2191165568,61.4006823611214,62.6107892042466,49.9556554697271,-693.030609673403,-291.300955684121,1.49011611938477e-08,1.49011611938477e-08,1.95263686306797,1.05060554562552,1.49011611938477e-08,4.74242960177714,12,35
1.318,1000,35,579.460879730125,-342.529016382534,579.460879730125,14022.4648291281,13956.9343135214,13837.0650618891,61.0524104655302,61.2361131368251,49.7126761183747,-529.085114787277,-254.603407071786,1.49011611938477e-08,1.49011611938477e-08,1.88501835005701,1.30220104764756,0.648241513370879,3.57971363852172,12,35
1.319,1000,35,563.742030553513,214.721450142178,563.742030553513,14003.0738135393,13584.5583397193,14148.8684868678,60.4921571162435,57.749094949785,50.1283353179786,-406.057797677648,-94.7487876882543,1.49011611938477e-08,1.49011611938477e-08,1.81181741119244,1.47358275593379,1.37396139977599,1.94579076339912,12,35
1.32,1000,35,613.225141374724,527.117241629098,613.225141374724,13626.4949055629,13615.3305663464,14511.8388635066,59.8593301349191,52.7310207218322,49.4108612538872,-335.15695328001,60.1144569095879,1.49011611938477e-08,1.49011611938477e-08,1.8635024772074,1.66917642662202,1.70425685146877,1.27708390146416,12,35
1.321,1000,35,584.451932599328,420.637764463462,584.451932599328,13286.7392624223,14013.5180186865,14425.8528164158,59.2355533960449,47.8532426690244,47.7429974824617,-358.752650440859,144.915547674077,1.49011611938477e-08,1.49011611938477e-08,1.93295505073994,1.80277717888664,2.05949899960217,1.08225723173279,12,35
1.322,1000,35,535.525615959863,403.160125876096,535.525615959863,13425.6572610205,14248.6889595897,13988.4155491706,59.5616858712584,45.4485820601418,45.7033170805049,-530.342980260903,135.052647283668,1.49011611938477e-08,1.49011611938477e-08,1.95719138320885,1.67038769660488,4.96406020795983,1.19438131621815,12,35
1.323,1000,35,484.62428599294,510.014770967779,484.62428599294,13875.1272392604,14015.6437711796,13758.9273967557,60.7704801743271,47.128079971115,43.7061990239569,-775.10367284563,-42.1219828621189,1.49011611938477e-08,1.49011611938477e-08,1.91906004037417,1.37972180073303,0.982104991463926,1.6473297727045,12,35
1.324,1000,35,455.508036469685,520.752246526185,455.508036469685,14078.3766301822,13585.5894536419,14053.8753146303,61.6217999439313,51.7462691160124,42.0048013793655,-891.336650345967,-331.456586010737,1.49011611938477e-08,1.49011611938477e-08,1.81263439931936,1.21961069608379,1.49011611938477e-08,2.27478795909364,12,35
1.325,1000,35,434.994299447534,523.348484165804,434.994299447534,13801.1356878879,13494.5127822609,14495.0488038682,61.321775132835,56.6668938388694,40.349596983785,-829.857608634673,-533.656637011351,1.49011611938477e-08,1.49011611938477e-08,1.83136134252014,1.20586394803303,1.49011611938477e-08,2.23959863325179,12,35
1.326,1000,35,396.382473951483,525.509221081129,396.382473951483,13408.3508211099,13858.2387473748,14540.3719958557,60.0957715233921,60.3509774489686,38.9240127050753,-717.737264331549,-565.363570241602,1.49011611938477e-08,1.49011611938477e-08,1.9155300035609,1.19103050352076,1.49011611938477e-08,2.4478765734851,12,35
1.327,1000,35,319.668266042991,527.979426383952,319.668266042991,13423.0858521864,14206.0351910181,14142.7602151975,59.2969781450247,62.3579752390217,39.109718666816,-624.363906039472,-467.09157701545,1.49011611938477e-08,1.49011611938477e-08,1.95115719308845,1.0778311674363,1.49011611938477e-08,5.53279140218717,12,35
1.328,1000,35,237.282384000153,530.469601944169,237.282384000153,13836.561125344,14107.3091084577,13804.1955147411,59.5227782793785,62.7604306511558,41.3614825515418,-562.605432469597,-298.325421723729,1.49011611938477e-08,1.49011611938477e-08,1.92978171374481,0.994599510552894,1.49011611938477e-08,6.64880643976659,12,35
1.329,1000,35,269.046297917112,529.546713182119,269.046297917112,14129.7166563752,13687.9374565419,13958.9902299584,59.8487168609862,61.7868942462127,44.9545665372731,-500.154657710809,-147.369178419482,1.49011611938477e-08,1.49011611938477e-08,1.8165550951094,1.1168717494516,0.841950707390455,2.51985727135251,12,35
1.33,1000,35,500.113088644324,497.893321987425,500.113088644324,13968.443844858,13485.6957010701,14411.2771943747,58.1086572549219,59.6809770629091,48.372590426267,-397.285605811444,-70.8004982784135,1.49011611938477e-08,1.49011611938477e-08,1.80036836807992,1.46617199324872,1.61228710316339,1.98285910207782,12,35
1.331,1000,35,625.115539955123,-11124.5838814854,625.115539955123,13579.2732248238,13767.6288347428,14604.5671569713,52.7312218080718,56.9836015452381,49.9951362389268,-304.683336030857,-43.4923206643809,1.49011611938477e-08,1.49011611938477e-08,1.89288479128278,1.88649979043555,2.48382579475869,2.04459224289607,12,35
1.332,1000,35,611.320723650888,-5423.54403869002,611.320723650888,13484.7459173812,14159.9095019486,14322.5028881962,44.4718223302105,54.7431549188128,49.847983251446,-317.971966154918,-7.34264076402587,1.49011611938477e-08,1.49011611938477e-08,1.95096075473806,1.85891573740041,3.35451121391537,1.99539950511344,12,35
1.333,1000,35,562.220666177003,221.06115850766,562.220666177003,13818.2902179042,14163.320295048,13930.9567600172,38.1494413380602,53.9988755184313,49.1701871355337,-503.899710777332,48.0611599719284,1.49011611938477e-08,1.49011611938477e-08,1.95278912690529,0.981730877939012,1.91274862421541,1.40306602381143,12,35
1.334,1000,35,394.027384078707,525.561722665225,394.027384078707,14144.9594680158,13762.943455286,13949.3713624098,39.8057485301671,55.1854828846543,49.1120362366314,-771.180568101453,51.9001301399307,1.49011611938477e-08,1.49011611938477e-08,1.85010430184598,1.49011611938477e-08,0.712426404654407,1.04464340520658,12,35
1.335,1000,35,252.210539412727,530.018277416395,252.210539412727,14063.8755116341,13452.3587833363,14361.2826539196,47.2711469440654,57.5874973619366,49.4909657433982,-927.944671298103,-32.2562275475021,1.49011611938477e-08,1.49011611938477e-08,1.79170916860936,1.49011611938477e-08,1.49011611938477e-08,1.4604554757434,12,35
1.336,1000,35,373.789413443818,526.35177534872,373.789413443818,13639.9752038547,13637.1067082194,14607.1671567267,54.4471795399749,59.9954692402009,49.2973458551827,-913.994380775512,-129.052132765561,1.49011611938477e-08,1.49011611938477e-08,1.86985607498709,0.35198763724604,1.49011611938477e-08,2.36749066853908,12,35
1.337,1000,35,626.104996900696,-11528.7839593182,626.104996900696,13405.4830153447,14078.5185579104,14371.0633157331,59.9441275549724,61.6266124367214,49.7159322047816,-837.575743927133,-203.495921899566,1.49011611938477e-08,1.49011611938477e-08,1.93811592941602,0.701606558188948,1.49011611938477e-08,3.31569141048792,12,35
1.338,1000,35,616.50478404498,-7140.21603157592,616.50478404498,13665.5618000651,14232.8928911738,13948.5129773378,61.923669235045,61.8952889507459,49.7102603515582,-711.903443536425,-254.856613888167,1.49011611938477e-08,1.49011611938477e-08,1.95233246254763,0.991373146545159,1.49011611938477e-08,3.79193017886884,12,35
1.339,1000,35,574.080615615277,23.7235746246339,574.080615615277,14028.8069606194,13933.132162776,13859.8913326908,61.3260546384655,60.3011884386284,49.5612945390304,-550.401875878094,-215.558307334965,1.49011611938477e-08,1.49011611938477e-08,1.88078051376769,1.23053073789801,0.739304263774545,2.92745398414722,12,35
1.34,1000,35,560.346062871965,245.039726194343,560.346062871965,13985.2646136738,13571.8203173484,14185.6827450431,60.647547762022,56.5787720226803,50.24342341285,-427.830838908705,-61.0548541411468,1.49011611938477e-08,1.49011611938477e-08,1.81296878129622,1.40688021581793,1.43796597767524,1.71320343162015,12,35
1.341,1000,35,615.135608036673,-6675.16227297481,615.135608036673,13595.2543303183,13631.3650445167,14530.0770648236,59.8414107247716,51.3970440636159,49.8758916308464,-357.10222852653,78.5206754199791,1.49011611938477e-08,1.49011611938477e-08,1.86956252434279,1.60937074257034,1.72480590883748,1.17828207692487,12,35
1.342,1000,35,589.708785461442,-1456.45018637645,589.708785461442,13273.7795372562,14034.2665262558,14412.7542689408,59.0982677211892,46.4388706819406,48.5225100270992,-383.91982502926,161.637470209801,1.49011611938477e-08,1.49011611938477e-08,1.93562925659073,1.73530526384823,2.11532197170426,1.03451439457052,12,35
1.343,1000,35,538.615624771041,386.187802995734,538.615624771041,13441.8182017537,14249.8209611051,13968.7402570451,59.365841359992,44.1358512105688,46.6787694603055,-563.15487970457,140.005378845043,1.49011611938477e-08,1.49011611938477e-08,1.95817178310116,1.60107328689979,4.71780866840645,1.17638046381141,12,35
1.344,1000,35,475.477639372998,515.126657299587,475.477639372998,13896.2760997723,13993.9643077254,13764.5484173775,60.4261973100838,45.9678541784218,44.7597953724093,-799.970634694897,-55.0044792388337,1.49011611938477e-08,1.49011611938477e-08,1.9140292482441,1.34541594349438,0.88766789155738,1.66024706471731,12,35
1.345,1000,35,438.280201196839,523.052595714845,438.280201196839,14075.9054719112,13569.3502873203,14083.3475768358,60.9583147466323,50.7943002246201,43.1074304954337,-892.350613344696,-354.499952908906,1.49011611938477e-08,1.49011611938477e-08,1.80995743751191,1.2309472653908,1.49011611938477e-08,2.29458603512565,12,35
1.346,1000,35,410.439436307984,524.91313635193,410.439436307984,13776.9261113489,13507.0425144781,14513.0909749751,60.2781705465073,55.7620946830977,41.4027553655675,-820.004857200178,-544.724281343858,1.49011611938477e-08,1.49011611938477e-08,1.83634817509751,1.24738374818918,1.49011611938477e-08,2.21014776196939,12,35
1.347,1000,35,365.664372679659,526.573782642253,365.664372679659,13394.3288355355,13885.0325316448,14523.1392887725,58.8027537878685,59.4229136498953,40.0666693043514,-699.483993423389,-570.214351220629,1.49011611938477e-08,1.49011611938477e-08,1.91903255230159,1.24080292785546,1.49011611938477e-08,2.46080221437676,12,35
1.348,1000,35,289.414707416654,528.888110861672,289.414707416654,13439.4558064185,14215.5214754799,14109.8075612235,57.9719899058412,61.3959046279297,40.3779748754725,-609.535821847612,-464.787771201962,1.49011611938477e-08,1.49011611938477e-08,1.95192303659595,1.12538118244068,1.49011611938477e-08,5.66912250332158,12,35
1.349,1000,35,200.120867868164,531.58111809343,200.120867868164,13864.6583143628,14090.2584423104,13791.2187188962,58.1912324177011,61.8013850380206,42.5444058621187,-549.661192996197,-297.29250384889,1.49011611938477e-08,1.49011611938477e-08,1.92474901467275,1.03905113548218,1.49011611938477e-08,6.92913067459312,12,35
1.35,1000,35,248.191054375913,530.157439693919,248.191054375913,14137.2564268092,13667.8914282556,13974.1362946033,58.3955036393478,60.869073852643,45.9010730113624,-484.486536149478,-154.327207555792,1.49011611938477e-08,1.49011611938477e-08,1.81063501168719,1.16332166357095,0.893289911977121,2.68795996270638,12,35
1.351,1000,35,487.563889125438,509.336884490016,487.563889125438,13951.2682749133,13491.2647738913,14424.5612157146,56.3996426717764,58.8341096549938,49.0890274257398,-385.906314687864,-86.3087456981319,1.49011611938477e-08,1.49011611938477e-08,1.8035063213908,1.51713947540997,1.66580776039861,2.14980364047244,12,35
1.352,1000,35,625.25604836378,533.191876061301,625.25604836378,13564.2761996454,13793.3601128818,14588.8864129696,50.7558300061814,56.3039406949285,50.59504348921,-293.99691259416,-59.4009496498302,1.49011611938477e-08,1.49011611938477e-08,1.89755660101295,1.92580042570485,2.55944010156407,2.23384108490618,12,35
1.353,1000,35,610.008241995998,526.079411703887,610.008241995998,13495.573619116,14174.2800752423,14285.1490674545,42.4065973779052,54.3083243368456,50.414491387241,-320.057828309762,-23.8164685561383,1.49011611938477e-08,1.49011611938477e-08,1.95263853836682,1.83805977687971,3.29216476018083,2.1714107021579,12,35
1.354,1000,35,559.937908053628,241.186355043821,559.937908053628,13844.0909350897,14149.7394317035,13904.2355003922,36.5368262516186,53.8810065756411,49.7902615118173,-515.523803303612,26.9832367550144,1.49011611938477e-08,1.49011611938477e-08,1.94958380564318,0.919913803580749,1.7381244126068,1.52104837192533,12,35
1.355,1000,35,392.557707289813,525.626495339636,392.557707289813,14154.4859023515,13738.6273976259,13952.3861950433,39.0173788409323,55.3555450911676,49.7730274676956,-778.269384580621,22.2269246807101,1.49011611938477e-08,1.49011611938477e-08,1.84252684879788,1.49011611938477e-08,0.610198299031671,1.18104142907367,12,35
1.356,1000,35,249.274810434864,530.11122645352,249.274810434864,14048.6999578731,13450.0009640778,14374.983005684,46.8565078284989,57.9837614004898,50.0626183335669,-916.494773175145,-62.2729165906693,1.49011611938477e-08,1.49011611938477e-08,1.79243536356581,1.49011611938477e-08,1.49011611938477e-08,1.67830858643363,12,35
1.357,1000,35,367.434051745818,526.554116555374,367.434051745818,13617.9405288445,13660.9798458254,14596.3761936908,54.108713411027,60.5121024960658,49.7156375916305,-894.740556715746,-164.568836080445,1.49011611938477e-08,1.49011611938477e-08,1.87453479729037,0.428061137375115,1.49011611938477e-08,2.76197327853342,12,35
1.358,1000,35,628.870628917927,-13461.275069337,628.870628917927,13411.4501561762,14100.1332375009,14337.5402006133,59.5718799970191,62.1811290849563,49.9863263532089,-811.369594072828,-238.408301544403,1.49011611938477e-08,1.49011611938477e-08,1.93987860941307,0.770732664682845,1.49011611938477e-08,3.92344374825286,12,35
1.359,1000,35,615.68816294611,-6842.43452674479,615.68816294611,13693.6480880929,14228.7563463751,13920.1103033698,61.5110338630111,62.4335156841588,49.8731846618344,-678.122240273786,-283.504950058559,1.49011611938477e-08,1.49011611938477e-08,1.95058987742862,1.06535943497199,1.49011611938477e-08,4.41840581097349,12,35
1.36,1000,35,572.384635285643,137.88197538077,572.384635285643,14044.9251994377,13910.2351339075,13859.1716562098,60.9478462007299,60.8224598255004,49.6957044152817,-522.357396763642,-236.391113725217,1.49011611938477e-08,1.49011611938477e-08,1.87320448603455,1.30651928159841,0.744952281453317,3.19222669306115,12,35
1.361,1000,35,585.908566632672,-26.0892694599381,585.908566632672,13977.9793930634,13562.5868492356,14207.0447865093,60.4041690829365,57.1140389611261,50.2048618277982,-403.560305629106,-74.280240854574,1.49011611938477e-08,1.49011611938477e-08,1.81174909938142,1.47630522045151,1.44373950202556,1.77654429109208,12,35
1.362,1000,35,611.703248378696,526.590838755337,611.703248378696,13575.8977534111,13649.7600970841,14533.2958784453,59.6476053773492,52.0207649531968,49.3655688223137,-334.804861749292,73.9902105022924,1.49011611938477e-08,1.49011611938477e-08,1.87350646708705,1.67869122572645,1.70787034589955,1.21402097354165,12,35
1.363,1000,35,582.36850784415,331.357652208354,582.36850784415,13275.881909738,14057.9658302705,14390.7081879097,59.0504578786506,47.2819753625072,47.6670580698349,-372.938344411007,155.217703656615,1.49011611938477e-08,1.49011611938477e-08,1.93719081704024,1.7921560056232,2.17381644375132,1.06356470914097,12,35
1.364,1000,35,526.835042892976,436.337649375886,526.835042892976,13470.9614339397,14246.2773853805,13944.9762874995,59.5330967974139,45.2817305501187,45.6163000793883,-563.026560018265,128.922732189125,1.49011611938477e-08,1.49011611938477e-08,1.95814331772706,1.62494557929241,4.52201095493866,1.20752620255004,12,35
1.365,1000,35,475.556678823483,514.810328227894,475.556678823483,13920.681240771,13967.9050260356,13770.8823971148,60.8178491902788,47.3823620514652,43.5653802200706,-803.25952261446,-69.145084528488,1.49011611938477e-08,1.49011611938477e-08,1.90700343002477,1.33761353913026,0.822313851138334,1.69557434619232,12,35
1.366,1000,35,460.808559997601,519.585340911752,460.808559997601,14070.4538476384,13550.8816593365,14111.0839914911,61.5817114539385,52.1338436370825,41.7316384726192,-893.978112866577,-344.940666690243,1.49011611938477e-08,1.49011611938477e-08,1.80675838322715,1.19891521470339,1.49011611938477e-08,2.30952875437679,12,35
1.367,1000,35,440.112703780511,522.85948927334,440.112703780511,13753.9123227958,13518.2548096831,14530.4701653515,61.120615074061,56.9520802942313,39.8898050474595,-822.166618722497,-534.845336667778,1.49011611938477e-08,1.49011611938477e-08,1.84088678146041,1.194268627219,1.49011611938477e-08,2.25454055555578,12,35
1.368,1000,35,397.778039632909,525.453146864254,397.778039632909,13385.318260852,13909.7078890981,14516.4461236685,59.8160668076441,60.4479552022712,38.4475450904533,-704.110987835146,-551.393216067931,1.49011611938477e-08,1.49011611938477e-08,1.92213005151726,1.16709117308347,1.49011611938477e-08,2.60803929610405,12,35
1.369,1000,35,313.230118909542,528.189941500567,313.230118909542,13458.9248718508,14221.0603938481,14095.2979939932,59.1009121068908,62.2658642411684,38.8389848622757,-615.793698981808,-438.841500153056,1.49011611938477e-08,1.49011611938477e-08,1.9528203204225,1.04237437488584,1.49011611938477e-08,7.08182423124496,12,35
1.37,1000,35,236.295129854099,530.481438905557,236.295129854099,13886.8333830944,14068.4522746269,13799.32834914,59.4341661214598,62.508624704594,41.352921725462,-558.946874212645,-264.671066695014,1.49011611938477e-08,1.49011611938477e-08,1.9202300176432,0.970290206514824,1.49011611938477e-08,5.09606925077298,12,35
1.371,1000,35,284.406510893909,529.073968049428,284.406510893909,14135.8079600583,13644.6485063846,14009.3577355284,59.727440950986,61.4159473450371,45.1285380711012,-499.728127543002,-125.602835171207,1.49011611938477e-08,1.49011611938477e-08,1.80675398959322,1.11626819801032,0.924973006494337,2.27011016169106,12,35
1.372,1000,35,529.518353861023,432.846197087702,529.518353861023,13927.4480271905,13495.6506620378,14459.3349658609,57.7335223099489,59.2173294315104,48.5197897976015,-396.409852597572,-54.5217495869135,1.49011611938477e-08,1.49011611938477e-08,1.8086093072502,1.47962800539445,1.70340854978199,1.87488535786062,12,35
1.373,1000,35,624.964986066943,532.96572877369,624.964986066943,13546.3617249352,13818.0335341768,14598.5006941628,52.0857770404461,56.522905704782,50.0142669976278,-307.091504887056,-27.8047034699217,1.49011611938477e-08,1.49011611938477e-08,1.90264403339228,1.87622213534328,2.59317099764383,1.9500729078871,12,35
1.374,1000,35,609.467286534157,525.903969715576,609.467286534157,13505.4165572285,14185.9814133545,14276.6121715457,43.8540549801218,54.3862139326819,49.8146501261975,-341.449058347949,10.6292345421014,1.49011611938477e-08,1.49011611938477e-08,1.9543680254108,1.75030156304674,3.32661355491105,1.84917640335126,12,35
1.375,1000,35,554.697024096255,283.658429825502,554.697024096255,13866.4845741569,14133.650797565,13909.9289423102,38.315430960999,53.852761891383,49.2127052515061,-545.179568203825,61.3646846599987,1.49011611938477e-08,1.49011611938477e-08,1.9468469691893,0.866803324377771,1.7344125095197,1.26984640676467,12,35
1.376,1000,35,370.355730020845,526.389422121367,370.355730020845,14158.9922357579,13713.1331748701,13986.5364880744,40.8356633141946,55.2301609878014,49.2400053566602,-795.273480526878,53.536566213585,1.49011611938477e-08,1.49011611938477e-08,1.83711135754199,1.49011611938477e-08,0.616580286590606,1.02196825388409,12,35
1.377,1000,35,252.24052760475,530.017389223237,252.24052760475,14028.1840733214,13447.4958780706,14413.1555440793,48.3632566101701,57.7044332047899,49.5383437407203,-934.82660672862,-37.3169747166702,1.49011611938477e-08,1.49011611938477e-08,1.79572498078304,1.49011611938477e-08,1.49011611938477e-08,1.50873910105662,12,35
1.378,1000,35,414.67802390818,524.798710647195,414.67802390818,13586.9856969614,13685.0754276632,14601.7361003483,55.3520218818042,60.075148123165,49.3977123644718,-909.890922426965,-135.02407787437,1.49011611938477e-08,1.49011611938477e-08,1.88095588815107,0.39779515030998,1.49011611938477e-08,2.40559784699933,12,35
1.379,1000,35,628.412370601397,535.385955337191,628.412370601397,13409.1224451697,14118.5300884735,14324.0220965056,60.3748596226803,61.5846999397409,49.7628963043086,-827.32597941964,-206.768938612826,1.49011611938477e-08,1.49011611938477e-08,1.94206723957982,0.73235266592041,1.49011611938477e-08,3.29195528576384,12,35
1.38,1000,35,613.361472268258,-6052.42318496387,613.361472268258,13710.6340955302,14219.044268243,13916.1222263509,61.9051381040591,61.6691294304386,49.7029647738296,-696.44818255674,-250.030218036369,1.49011611938477e-08,1.49011611938477e-08,1.94970625503941,1.01213037498216,1.49011611938477e-08,3.60953825821762,12,35
1.381,1000,35,562.127812816084,221.682891844245,562.127812816084,14047.3519233503,13884.5645608293,13882.9484100421,61.1232704182,59.8499214300952,49.6384934975179,-544.026564996722,-199.780445999753,1.49011611938477e-08,1.49011611938477e-08,1.86891437258499,1.23921652431998,0.82260334403806,2.66823795201808,12,35
1.382,1000,35,582.148188238983,20.4041906620125,582.148188238983,13958.3253362364,13552.6508111485,14242.7200344428,60.4729070468217,55.9131821517223,50.4218339878163,-425.931388174436,-43.1751120507218,1.49011611938477e-08,1.49011611938477e-08,1.81380926297339,1.41311231296066,1.49864625471766,1.5810284519434,12,35
1.383,1000,35,609.873544158374,-5050.65609709106,609.873544158374,13544.3151629359,13667.7829614333,14547.1339303665,59.575416227546,50.6826302405957,49.929475121205,-357.353282111163,96.060896388585,1.49011611938477e-08,1.49011611938477e-08,1.87950147775218,1.61636525922478,1.73483960755123,1.12380771857725,12,35
1.384,1000,35,582.74966261694,402.475681950918,582.74966261694,13264.9974811066,14076.9793018459,14373.8431923384,58.876841028297,45.9139912740818,48.5378068400732,-401.769480818325,168.743685876696,1.49011611938477e-08,1.49011611938477e-08,1.93955503859941,1.71919437318421,2.27082272138572,1.01896565932789,12,35
1.385,1000,35,527.777792719149,433.181369686498,527.777792719149,13487.3600247991,14243.4254192859,13925.4045929224,59.2975578348578,44.073760322545,46.6806308134666,-598.504641039925,128.971011380933,1.49011611938477e-08,1.49011611938477e-08,1.95884826393023,1.55538729594674,4.04018135867485,1.19308605078182,12,35
1.386,1000,35,477.340890948168,514.305960000801,477.340890948168,13938.6229583377,13943.8629843232,13778.6726785019,60.3968882139499,46.375804402324,44.7420277380745,-818.999385167636,-73.7772524974512,1.49011611938477e-08,1.49011611938477e-08,1.9015522540892,1.30865452351594,0.728800003715344,1.71588754575786,12,35
1.387,1000,35,441.124195485147,522.761576891898,441.124195485147,14063.4629475793,13535.9057191979,14139.6803554648,60.7993306093111,51.3239701428636,42.9992895906828,-894.373901130667,-372.562859222992,1.49011611938477e-08,1.49011611938477e-08,1.80517120596917,1.21708554174218,1.49011611938477e-08,2.3143332321163,12,35
1.388,1000,35,412.166991503548,524.828641767515,412.166991503548,13728.349048789,13532.6497174304,14544.1363916205,59.9329791722588,56.1687482963763,41.1429803007714,-806.335855517585,-555.159387322243,1.49011611938477e-08,1.49011611938477e-08,1.84615877367388,1.24265974981073,1.49011611938477e-08,2.19636682724176,12,35
1.389,1000,35,362.412374782342,526.676306198625,362.412374782342,13373.8642371183,13934.7710592058,14494.8623383031,58.3777285795076,59.630873422583,39.81422954529,-686.680774496199,-559.418154333644,1.49011611938477e-08,1.49011611938477e-08,1.92515872971606,1.22349700486183,1.49011611938477e-08,2.58411043901081,12,35
1.39,1000,35,281.26569525961,529.130813068516,281.26569525961,13477.8060530731,14225.9285206842,14061.9907060149,57.6247895108738,61.4106050379114,40.2780797339732,-601.926674787705,-440.124435356664,1.49011611938477e-08,1.49011611938477e-08,1.95329262949443,1.09504262280013,1.49011611938477e-08,7.0392983181028,12,35
1.391,1000,35,203.214805659752,531.48770853213,203.214805659752,13914.0356583592,14048.1039284767,13788.8286152276,57.9425912827263,61.6526683816681,42.6320751325143,-549.036796956042,-276.474554297174,1.49011611938477e-08,1.49011611938477e-08,1.91424342697876,1.01724388636363,0.144465850907444,5.4684433861685,12,35
1.392,1000,35,271.870429315553,529.468628552177,271.870429315553,14140.1039663288,13624.9729451185,14025.1791265684,58.1023813605302,60.5927517043505,46.1078184804659,-484.263807961335,-136.507980050502,1.49011611938477e-08,1.49011611938477e-08,1.80156045841769,1.1624760384053,0.969628554743941,2.44812341193131,12,35
1.393,1000,35,523.286957665914,452.890679691135,523.286957665914,13909.726497652,13503.318521626,14469.8740714303,55.8313722940981,58.4451605483125,49.2145661757135,-379.521565888291,-71.3637912144002,1.49011611938477e-08,1.49011611938477e-08,1.81227857823109,1.52751851485455,1.75301874312007,2.04586377668016,12,35
1.394,1000,35,624.214295194797,-10649.098647605,624.214295194797,13535.1896773618,13842.8030411316,14579.7974094907,49.8576881490921,55.9011481287372,50.5374103947156,-297.283108288228,-45.9894338373823,1.49011611938477e-08,1.49011611938477e-08,1.90680286341397,1.90524475101871,2.66621119814591,2.13560472859382,12,35
1.395,1000,35,607.394506643431,525.217621935091,607.394506643431,13520.5900002807,14196.2050544126,14238.8269180121,41.5455490281937,54.0141446622211,50.2777835013037,-344.793107779689,-7.15041634935502,1.49011611938477e-08,1.49011611938477e-08,1.95566707875073,1.70711558902116,3.19001609114047,2.0007083187179,12,35
1.396,1000,35,549.959663462735,317.861811178521,549.959663462735,13893.2378212714,14115.8935814831,13886.5475814264,36.5700016633975,53.786401629346,49.7331395435775,-543.9397824971,37.7100470615354,1.49011611938477e-08,1.49011611938477e-08,1.94243710207628,0.790270826111221,1.56590674647166,1.36444767910547,12,35
1.397,1000,35,367.6555871289,526.476268444814,367.6555871289,14167.4213427943,13688.5266827135,13992.7783797931,39.9896185121854,55.4358804239404,49.8037646105954,-801.432555690357,23.4112318705954,1.49011611938477e-08,1.49011611938477e-08,1.82955599569574,1.49011611938477e-08,0.51284377270292,1.15668613538343,12,35
1.398,1000,35,255.841463052264,529.909967517272,255.841463052264,14013.3403849441,13447.7099948059,14426.0608953707,47.8565296316515,58.0988761411379,50.0028218227107,-924.114788795956,-72.6805622803093,1.49011611938477e-08,1.49011611938477e-08,1.79701512099094,1.49011611938477e-08,1.49011611938477e-08,1.73964794184474,12,35
1.399,1000,35,391.545985950108,525.769483851018,391.545985950108,13570.0060095434,13708.9572916506,14587.8276103594,54.9429455598721,60.5533328699138,49.737816160681,-889.46955172839,-170.12613063025,1.49011611938477e-08,1.49011611938477e-08,1.88514421866353,0.46476837182191,1.49011611938477e-08,2.82179302849618,12,35
1.4,1000,35,630.518908957473,-14822.9905958123,630.518908957473,13420.8371183069,14136.7220565114,14289.130645425,59.9953931146918,62.0758202909476,49.9981406744095,-800.020920803199,-242.047219589082,1.49011611938477e-08,1.49011611938477e-08,1.94354375846097,0.800302648101637,1.49011611938477e-08,3.9357791701161,12,35
1.401,1000,35,612.763916959228,527.032451391811,612.763916959228,13741.7734055155,14211.7595416775,13889.8573412902,61.5280566186138,62.1191931828134,49.8516482833573,-669.443358154722,-279.388826832698,1.49011611938477e-08,1.49011611938477e-08,1.94715434613602,1.08840822164515,1.49011611938477e-08,4.26044480870049,12,35
1.402,1000,35,562.058966797147,222.212590525744,562.058966797147,14062.5176971396,13862.3916365337,13884.4719077524,60.8088043652562,60.2441430847345,49.7317361108403,-507.023132952303,-216.238590934972,1.49011611938477e-08,1.49011611938477e-08,1.86146433177402,1.3197022659501,0.832548087843899,2.94537723388213,12,35
1.403,1000,35,596.76810581884,-168.726592020936,596.76810581884,13944.7548974038,13546.0659212591,14258.9702188258,60.340150581054,56.3083832017886,50.293591545733,-397.056484971783,-49.4025100205079,1.49011611938477e-08,1.49011611938477e-08,1.81368241402087,1.48604534399404,1.50517005194263,1.6626959848409,12,35
1.404,1000,35,612.05861096838,-5621.35340092924,612.05861096838,13522.1176749888,13687.9244485769,14541.7927878642,59.5903194081053,51.1539140841348,49.4431188260159,-339.114470562869,90.2443712670412,1.49011611938477e-08,1.49011611938477e-08,1.88349239462699,1.68361695027548,1.72939916094519,1.16966904748018,12,35
1.405,1000,35,583.545826031449,372.264849461763,583.545826031449,13267.0172611169,14097.7774945663,14344.0765349305,59.052556747169,46.5969725107545,47.7722687605253,-395.810783044162,157.988820954089,1.49011611938477e-08,1.49011611938477e-08,1.94094884461348,1.77333783960529,2.36727195644306,1.06123709728111,12,35
1.406,1000,35,524.571644324643,445.678650478402,524.571644324643,13515.6223580828,14236.1733067833,13897.8053385667,59.5810702696411,45.0392444036187,45.7858853562346,-587.733965334502,113.733604483336,1.49011611938477e-08,1.49011611938477e-08,1.95842023056989,1.59023160334976,3.71495544394304,1.25060022239896,12,35
1.407,1000,35,463.881780587192,518.763132244785,463.881780587192,13959.4232466696,13916.8404437839,13783.146356816,60.7339189671716,47.5817033911489,43.8705505244405,-817.650956984358,-103.914412927947,1.49011611938477e-08,1.49011611938477e-08,1.89405290364195,1.3297674565156,0.66386932599545,1.79498775662956,12,35
1.408,1000,35,439.291265904983,522.91598484988,439.291265904983,14053.0093539085,13520.1490184659,14162.2750107925,61.2153231261099,52.4545485654326,42.2137016809173,-885.506186865107,-394.758698392177,1.49011611938477e-08,1.49011611938477e-08,1.803082831545,1.22772442107805,1.49011611938477e-08,2.31671617585315,12,35
1.409,1000,35,417.683307534231,524.541566066617,417.683307534231,13701.9256599943,13546.6034372688,14551.1742238981,60.4774119669562,57.1562215031036,40.5133409224409,-796.853636873783,-562.491000595579,1.49011611938477e-08,1.49011611938477e-08,1.85101850732762,1.2427591641862,1.49011611938477e-08,2.16372389161948,12,35
1.41,1000,35,371.086993116125,526.419435984325,371.086993116125,13363.714956945,13958.7332517625,14475.602406451,59.089301177807,60.4591783249773,39.3044054563548,-680.644935490848,-557.518015257486,1.49011611938477e-08,1.49011611938477e-08,1.9278243037957,1.21343188303089,1.49011611938477e-08,2.6160927180974,12,35
1.411,1000,35,285.754125193104,529.013040936075,285.754125193104,13496.2229561856,14228.5975311714,14036.5033326168,58.4727811409699,62.0907936945081,39.8943696719788,-600.893934628838,-441.624057055805,1.49011611938477e-08,1.49011611938477e-08,1.95369192869072,1.08695128371554,1.49011611938477e-08,7.72958372726039,12,35
1.412,1000,35,210.645921622263,531.257408735294,210.645921622263,13933.470183254,14024.9686250416,13788.1205898332,58.8535500600081,62.1825396926489,42.4264174066187,-544.307345946946,-268.887801916648,1.49011611938477e-08,1.49011611938477e-08,1.90834967263423,1.02789565677054,0.194642855523752,5.05839733531244,12,35
1.413,1000,35,284.863630121145,529.066517504934,284.863630121145,14135.3163608809,13604.790076079,14049.7893329085,58.9398178638047,60.9777628633697,46.0536212245142,-475.782432024899,-131.591498389236,1.49011611938477e-08,1.49011611938477e-08,1.79770471202657,1.19512228011386,1.00573471195648,2.3784791048968,12,35
1.414,1000,35,542.060552530478,375.579081908021,542.060552530478,13883.2545823023,13511.7917197113,14488.9291395434,56.4699280445248,58.6974717958937,49.176423976914,-368.095354098929,-68.8818042833554,1.49011611938477e-08,1.49011611938477e-08,1.81724251581572,1.57717455616653,1.79508529110498,2.0272377898402,12,35
1.415,1000,35,623.846385420288,532.264352677865,623.846385420288,13517.8456490983,13868.0702146707,14571.417801574,50.3300585106109,56.0346514215799,50.4476924171202,-290.47015199197,-43.2323091111234,1.49011611938477e-08,1.49011611938477e-08,1.91119789988752,1.95744825858289,2.71421425868725,2.12753529972247,12,35
1.416,1000,35,606.4251996598,-4165.51182441701,606.4251996598,13531.3536917394,14205.4898312091,14215.8473396589,41.9055069067727,54.0740553792005,50.1354031305597,-341.325891182608,-4.4846886880965,1.49011611938477e-08,1.49011611938477e-08,1.95707693143357,1.7186442998073,3.21475917682566,1.97138955996414,12,35
1.417,1000,35,542.332428037263,365.704992110161,542.332428037263,13913.1854412799,14097.8827955021,13880.9286043015,37.0769276960734,53.831265935301,49.5777450219215,-556.384786883657,43.4908269077487,1.49011611938477e-08,1.49011611938477e-08,1.93854262494902,0.777516069522563,1.53230850102406,1.32708240394833,12,35
1.418,1000,35,339.763306630035,527.369674744943,339.763306630035,14166.7875852101,13664.5282477362,14014.6788297866,40.6728874857171,55.4763091536818,49.67837824079,-813.695416154297,24.8901284338641,1.49011611938477e-08,1.49011611938477e-08,1.82410698348072,1.49011611938477e-08,0.485553831930836,1.14872061808093,12,35
1.419,1000,35,245.621035145098,530.220516587814,245.621035145098,13989.0422924328,13448.7952780462,14449.1343826826,48.5286096157561,58.0730662728339,49.8905505657548,-927.943785945675,-73.1564533407146,1.49011611938477e-08,1.49011611938477e-08,1.80045423317233,1.49011611938477e-08,1.49011611938477e-08,1.74256811851709,12,35
1.42,1000,35,439.129177724517,523.050798591454,439.129177724517,13545.8808455509,13734.6725710702,14583.5741368199,55.4932023258802,60.4449164614681,49.7313847515988,-889.83900297605,-167.223947398159,1.49011611938477e-08,1.49011611938477e-08,1.89044464027846,0.476180665820483,1.49011611938477e-08,2.77494365548992,12,35
1.421,1000,35,628.126421321521,535.270165909354,628.126421321521,13425.6162009142,14153.0727663401,14266.4295803203,60.2066521000417,61.8667062612957,49.9770605770513,-804.522202429747,-233.90581499477,1.49011611938477e-08,1.49011611938477e-08,1.94522490069266,0.802096048316861,1.49011611938477e-08,3.78683559237373,12,35
1.422,1000,35,610.536763650194,-5209.19838947255,610.536763650194,13761.7797922518,14198.9837969244,13880.0268025101,61.466279091837,61.7908812216561,49.8215603451132,-668.17168549729,-269.465958326963,1.49011611938477e-08,1.49011611938477e-08,1.94523967598534,1.07929827762613,1.49011611938477e-08,3.98538009654183,12,35
1.423,1000,35,550.38847087234,314.443075723076,550.38847087234,14064.2975816593,13836.4994331226,13902.2383407137,60.684206226761,59.7692486467092,49.7527827743248,-510.0299685512,-196.757602426424,1.49011611938477e-08,1.49011611938477e-08,1.85649474141696,1.29645692631127,0.882910495944316,2.70654237793692,12,35
1.424,1000,35,606.176544062524,-1944.44095111901,606.176544062524,13931.1251701921,13540.0841034244,14291.5775159191,60.1630510600422,55.6553883014706,50.3347249879643,-401.552480195267,-29.8580814934333,1.49011611938477e-08,1.49011611938477e-08,1.81561306983626,1.46512016319182,1.53987654516185,1.56262182052428,12,35
1.425,1000,35,608.929435167632,525.614312776097,608.929435167632,13499.584204125,13708.710678943,14550.2942432841,59.340403022177,50.4575182874928,49.4967459734237,-346.69913179443,105.035384187526,1.49011611938477e-08,1.49011611938477e-08,1.88852042979935,1.66268623645073,1.74335036387122,1.12212240331332,12,35
1.426,1000,35,573.098741683512,65.719469623121,573.098741683512,13268.3326644725,14116.7081649616,14325.5429993998,58.8192509058915,46.0007893587862,47.8635386085641,-405.758568795809,166.717360078688,1.49011611938477e-08,1.49011611938477e-08,1.94268770952926,1.73724481716144,2.49362362511667,1.03767216621247,12,35
1.427,1000,35,513.893710637294,472.846926605839,513.893710637294,13540.4964223022,14230.7030662303,13882.986314717,59.4694634923668,44.7125035146484,45.8776989884274,-614.230421366447,116.298981369947,1.49011611938477e-08,1.49011611938477e-08,1.95824828489915,1.53605671101697,3.28623901842425,1.23864527215122,12,35
1.428,1000,35,479.267977520351,513.400113288449,479.267977520351,13978.556869642,13892.4741249287,13798.0008730509,60.681583697853,47.4751409462953,43.9049986423534,-840.433443188893,-109.19494461798,1.49011611938477e-08,1.49011611938477e-08,1.88790320043457,1.28176044715053,0.567305045056133,1.79122890932382,12,35
1.429,1000,35,449.350234536413,521.741025485824,449.350234536413,14044.9335643435,13508.3255931663,14194.5440332765,61.1054171602193,52.4867902259032,42.1523867374098,-894.881658472795,-398.234407159276,1.49011611938477e-08,1.49011611938477e-08,1.80251288866823,1.19216458827337,1.49011611938477e-08,2.33472721149791,12,35
1.43,1000,35,423.35212119849,524.207133137151,423.35212119849,13679.4519762932,13564.0620920905,14567.5231751375,60.269544317244,57.1852251297372,40.2985755077067,-799.073678739101,-556.271388665565,1.49011611938477e-08,1.49011611938477e-08,1.85638514833822,1.20917510336183,1.49011611938477e-08,2.22098987025126,12,35
1.431,1000,35,370.928947180235,526.401782567288,370.928947180235,13360.2768417058,13983.3261969797,14462.1851791825,58.8379149940896,60.4424245310535,39.1174115492399,-688.098866512308,-545.029948586224,1.49011611938477e-08,1.49011611938477e-08,1.93051047638883,1.16962664273944,1.49011611938477e-08,2.80986598854998,12,35
1.432,1000,35,280.85597912578,529.14125942264,280.85597912578,13520.6681654495,14230.3813749034,14018.2854587835,58.2538127276073,62.0229185911507,39.8566945610976,-605.766623352486,-417.819221523693,1.49011611938477e-08,1.49011611938477e-08,1.95405985939744,1.03557961222534,1.49011611938477e-08,9.79433900034758,12,35
1.433,1000,35,212.624462543701,531.205381321592,212.624462543701,13959.4032446256,14003.0543883823,13795.6416395572,58.6720204159234,62.0870407338302,42.5522684790457,-551.442739599794,-242.661098695632,1.49011611938477e-08,1.49011611938477e-08,1.90253167128132,0.983256248640579,0.268432319338965,4.28529829444985,12,35
1.434,1000,35,300.722196009116,528.605277717064,300.722196009116,14135.0836105116,13586.8331510909,14081.0112128733,58.7227564450803,60.8676731341119,46.256323207225,-482.49593806505,-109.560529190656,1.49011611938477e-08,1.49011611938477e-08,1.79485369572611,1.16181370521074,1.0463614314019,2.19963008514957,12,35
1.435,1000,35,561.66420034755,234.977273327842,561.66420034755,13864.3097899894,13522.6575513026,14512.0791140884,56.1113847177422,58.5631523473505,49.3331613733863,-374.613746112903,-51.7641824544779,1.49011611938477e-08,1.49011611938477e-08,1.82258539429069,1.54434099740489,1.84738052355455,1.91945006863727,12,35
1.436,1000,35,623.213663976908,531.894968653072,623.213663976908,13509.0906908531,13893.4262487009,14566.360949591,49.820779538513,55.9723835196873,50.5034482628123,-303.675993792349,-28.4367831196681,1.49011611938477e-08,1.49011611938477e-08,1.91540844582783,1.89500179531491,2.78713532735991,2.00886427946779,12,35
1.437,1000,35,604.409203239932,524.314992711631,604.409203239932,13549.3162419631,14213.1860403048,14195.2247069832,41.5901375015717,54.1547077588492,50.1777246084432,-364.084915273525,12.3345564611034,1.49011611938477e-08,1.49011611938477e-08,1.95830150149318,1.60192296551921,3.1189964756139,1.81714594258911,12,35
1.438,1000,35,537.162843771336,391.681977159361,537.162843771336,13938.9894803507,14078.5594834727,13878.9513830159,37.3819665553043,54.0736622042673,49.6869193835719,-585.932125546696,55.3706995380223,1.49011611938477e-08,1.49011611938477e-08,1.93401261455366,0.696684558914075,1.44339532748324,1.21759972639232,12,35
1.439,1000,35,346.075548992331,527.179663927396,346.075548992331,14172.2645972567,13642.2162628383,14041.1698338873,41.4208855499609,55.8219488294297,49.8222973224667,-835.651750430915,28.4551279381915,1.49011611938477e-08,1.49011611938477e-08,1.81870437470332,1.49011611938477e-08,0.433724882972687,1.1152295875247,12,35
1.44,1000,35,261.756748094716,529.733094148328,261.756748094716,13972.0802407937,13453.3981984979,14477.2499882874,49.1473381593204,58.4554654512189,49.9239865711711,-933.335880363929,-74.1947090849516,1.49011611938477e-08,1.49011611938477e-08,1.80393985846399,1.49011611938477e-08,1.49011611938477e-08,1.74162527803514,12,35
1.441,1000,35,432.284505102464,523.720127064627,432.284505102464,13525.8563110295,13760.4297866174,14579.1962104645,56.0520230446133,60.7946139546378,49.8110388732002,-893.50205551021,-162.36445388859,1.49011611938477e-08,1.49011611938477e-08,1.89533476332355,0.484452692900756,1.49011611938477e-08,2.74817290054912,12,35
1.442,1000,35,628.15463732888,-13067.2279918851,628.15463732888,13434.2594774071,14169.0898997559,14243.2874074532,60.6279689105489,62.1380064638718,50.0680322804272,-801.374268386247,-233.030485705597,1.49011611938477e-08,1.49011611938477e-08,1.94679130737706,0.811401875363764,1.49011611938477e-08,3.72388684937073,12,35
1.443,1000,35,609.180834108651,-4844.57890968199,609.180834108651,13786.5521502103,14189.1802041725,13868.8052233904,61.7192289780111,61.9377678911436,49.9141570233534,-659.714377815442,-266.258703617164,1.49011611938477e-08,1.49011611938477e-08,1.94259060155241,1.0917377952167,1.49011611938477e-08,3.86644472766071,12,35
1.444,1000,35,546.962998093333,337.249985684987,546.962998093333,14070.589892387,13814.7977768806,13917.750849545,60.8171230647686,59.7655835521213,49.9103239841259,-498.741240072186,-188.416197574174,1.49011611938477e-08,1.49011611938477e-08,1.85079108406065,1.31457556748774,0.931727918716197,2.61949947686042,12,35
1.445,1000,35,615.624634203666,-447.310441572091,615.624634203666,13910.9772063639,13536.6707872779,14317.1702329033,60.2674889668999,55.5790985467389,50.4896126365904,-392.143172026683,-22.290600107828,1.49011611938477e-08,1.49011611938477e-08,1.81761263378919,1.48809022902064,1.56398488124516,1.53737325416307,12,35
1.446,1000,35,610.70436120827,526.264663449418,610.70436120827,13474.1661066317,13730.4876839924,14550.7078135395,59.4085352274508,50.3495811984625,49.6294649615772,-342.272615821043,103.306004085593,1.49011611938477e-08,1.49011611938477e-08,1.89314514748376,1.68755623139511,1.73660012174109,1.12376513455806,12,35
1.447,1000,35,575.905426668743,195.392902788076,575.905426668743,13268.2154798582,14134.6413143466,14299.9357900673,58.9168794374397,45.9777317502242,47.9856211775395,-410.328228692286,164.548398900381,1.49011611938477e-08,1.49011611938477e-08,1.94423912023146,1.75151202039194,2.57659006906458,1.056346500998,12,35
1.448,1000,35,520.684716604127,455.936356968776,520.684716604127,13565.8473428031,14220.3362129507,13860.9710150252,59.5713334039443,44.8716002103759,46.0185349029856,-624.779330859132,100.769009128638,1.49011611938477e-08,1.49011611938477e-08,1.95759648687344,1.54379849242813,3.03765243347068,1.28291332260696,12,35
1.449,1000,35,451.352435525595,521.466206878757,451.352435525595,13996.1782999205,13865.1373143017,13807.776339892,60.7003872536004,47.8429817247326,44.0963481851019,-842.543343221819,-139.682019710995,1.49011611938477e-08,1.49011611938477e-08,1.88036639563881,1.30091521785479,0.511853629037425,1.8708444745696,12,35
1.45,1000,35,434.374037054553,523.409027093326,434.374037054553,14032.2504263495,13495.9736373581,14218.6666531259,61.0083221767238,52.8466543196596,42.3427430903675,-882.713962894662,-427.189003150907,1.49011611938477e-08,1.49011611938477e-08,1.80145330597106,1.22424818352567,1.49011611938477e-08,2.32358116172032,12,35
1.451,1000,35,409.232579732837,524.968909466614,409.232579732837,13653.5441765782,13581.0304147809,14570.7905369619,60.0636576790568,57.4735824495258,40.4979003545972,-787.594711286273,-570.50198999433,1.49011611938477e-08,1.49011611938477e-08,1.86133896057304,1.24662125736962,1.49011611938477e-08,2.14318824749129,12,35
1.452,1000,35,360.556280043501,526.734058520574,360.556280043501,13352.879365655,14006.0561858853,14435.8971060774,58.6264424859247,60.6275096034705,39.3334666482609,-671.95952934649,-553.547832199015,1.49011611938477e-08,1.49011611938477e-08,1.93280400237451,1.20332090079944,1.49011611938477e-08,2.7438892295313,12,35
1.453,1000,35,278.96583173381,529.215142898784,278.96583173381,13541.1185995028,14229.6302268525,13988.0774480817,58.0931602042823,62.1146527664194,40.0820561340129,-591.236680751923,-422.254351217783,1.49011611938477e-08,1.49011611938477e-08,1.95398928806245,1.06843226837631,1.49011611938477e-08,9.694119556144,12,35
1.454,1000,35,207.200614197767,531.369761313429,207.200614197767,13978.5153410645,13978.4326458181,13792.3747496071,58.5245735496066,62.0880935528891,42.7511131757384,-536.454821018911,-248.293559129984,1.49011611938477e-08,1.49011611938477e-08,1.89559758220736,1.02430310003942,0.335275755905977,4.45304859353592,12,35
1.455,1000,35,304.346246601983,528.482552813136,304.346246601983,14129.363903936,13568.9892632377,14100.7950434292,58.4642998868312,60.7979210540632,46.391993381586,-463.826313887191,-119.82805627679,1.49011611938477e-08,1.49011611938477e-08,1.79137108544691,1.21644608521754,1.09085517994893,2.29939501828297,12,35
1.456,1000,35,572.532219034494,131.025135216131,572.532219034494,13839.324196877,13533.7599519846,14522.5861359248,55.6210613437107,58.4754471500909,49.3384612021993,-360.364765222741,-66.5453104412142,1.49011611938477e-08,1.49011611938477e-08,1.82730033867962,1.61232934737679,1.89294834016005,2.0343387476613,12,35
1.457,1000,35,622.456581292643,531.431340793713,622.456581292643,13496.980806429,13917.4850291201,14548.2492065418,49.1075101175376,55.8804888027764,50.3939085520593,-290.808793375177,-41.1120364090558,1.49011611938477e-08,1.49011611938477e-08,1.91908216679281,1.95915670877066,2.84335859563596,2.14194878557769,12,35
1.458,1000,35,602.610477918782,523.095499204707,602.610477918782,13564.7599082196,14218.655316636,14165.336181285,40.7539978498008,54.1206512724031,49.9852644733354,-363.509112467486,2.50615078571462,1.49011611938477e-08,1.49011611938477e-08,1.95924673974615,1.60492236499791,3.04233083660405,1.91613918318537,12,35
1.459,1000,35,528.088822604669,431.519796608449,528.088822604669,13960.051800817,14056.7960850505,13868.8630744465,36.8836493810765,54.1607200812606,49.4886485124584,-594.166778657552,45.0260180746014,1.49011611938477e-08,1.49011611938477e-08,1.92863400144752,0.664484705420516,1.3663016089396,1.27153188806186,12,35
1.46,1000,35,321.556726114559,527.924454886631,321.556726114559,14170.7046080105,13618.7042299752,14057.2215056571,41.4394017644267,56.0283032249367,49.660382834514,-840.928677308585,13.2770032897027,1.49011611938477e-08,1.49011611938477e-08,1.81300567030766,1.49011611938477e-08,0.370407291994277,1.1944201187833,12,35
1.461,1000,35,255.473527750681,529.950345120475,255.473527750681,13948.9487320748,13457.15615991,14491.5808763556,49.3676435320474,58.691360724849,49.7600284159635,-928.487817298529,-85.1436651022781,1.49011611938477e-08,1.49011611938477e-08,1.80717872794159,1.49011611938477e-08,1.49011611938477e-08,1.87076084682903,12,35
1.462,1000,35,455.685020659051,520.854887842517,455.685020659051,13507.8073154692,13785.5705412828,14566.7362781262,56.2781602060982,61.0031218359915,49.721129903566,-884.669724338149,-176.479905970684,1.49011611938477e-08,1.49011611938477e-08,1.89966851964627,0.514273510035859,1.49011611938477e-08,2.9311240038585,12,35
1.463,1000,35,626.301812418892,534.642798069882,626.301812418892,13445.4299172243,14182.2593083419,14213.9363018448,60.6560831755922,62.2905654726164,49.9458802989702,-789.26399845386,-246.064237457706,1.49011611938477e-08,1.49011611938477e-08,1.94805853550873,0.836729004654687,1.49011611938477e-08,3.94276876536633,12,35
1.464,1000,35,607.372066730255,525.231559886589,607.372066730255,13809.162528672,14172.5790587836,13855.1068033775,61.6059080911154,62.0144721542997,49.7624052627925,-644.992700702904,-273.229710911493,1.49011611938477e-08,1.49011611938477e-08,1.93948731757931,1.11339657589005,1.49011611938477e-08,3.99421802521175,12,35
1.465,1000,35,537.924395553008,390.024402733104,537.924395553008,14071.8409236617,13788.9776402343,13931.2005149092,60.7489802109804,59.7492937187255,49.7544808647102,-487.959477184553,-183.18695702839,1.49011611938477e-08,1.49011611938477e-08,1.84539613896459,1.32689242536761,0.962923738227213,2.59031973233154,12,35
1.466,1000,35,613.504654090077,-5939.9609474724,613.504654090077,13890.0607299446,13533.6810726523,14336.4729733626,60.2748952868012,55.4358539310828,50.2912654927782,-390.842476362691,-20.403886904374,1.49011611938477e-08,1.49011611938477e-08,1.82004192042539,1.49858397508686,1.58327820435399,1.50400819849479,12,35
1.467,1000,35,609.634624027574,-4923.08682595883,609.634624027574,13449.9198425339,13752.5508262906,14545.4354001653,59.4730661043685,50.2273194689435,49.4040165560373,-344.683373006513,110.016998218731,1.49011611938477e-08,1.49011611938477e-08,1.89766706445768,1.69257887374896,1.75039864852306,1.10547245480703,12,35
1.468,1000,35,567.132352853743,174.864891903714,567.132352853743,13270.5768136648,14151.2390246329,14272.0276185412,59.0320458176132,46.0399494605355,47.7711944634877,-424.09973641478,163.354230416812,1.49011611938477e-08,1.49011611938477e-08,1.94573953557774,1.74354033388085,2.75968499175035,1.05699963228316,12,35
1.469,1000,35,506.446621499737,487.88064127501,506.446621499737,13588.3925115126,14209.9153817586,13841.3006123907,59.7567822912014,45.2857203147563,45.8557574750371,-647.296950926583,87.7948519142918,1.49011611938477e-08,1.49011611938477e-08,1.95684256461156,1.52266628628013,2.66419647329597,1.30368358165724,12,35
1.47,1000,35,470.31464992919,516.793204595528,470.31464992919,14008.2989182714,13839.0272282186,13819.1562580444,60.9001299360201,48.4882492230238,44.0359465662084,-859.602441220743,-160.777428801434,1.49011611938477e-08,1.49011611938477e-08,1.87431134282843,1.28187487128786,0.403494081121303,1.89899774553028,12,35
1.471,1000,35,439.838588131736,522.894191566499,439.838588131736,14016.2029827979,13485.8852136543,14243.776323733,61.1717401086998,53.5641176616766,42.4284372089072,-890.931236867277,-431.536560521936,1.49011611938477e-08,1.49011611938477e-08,1.80225266887464,1.21131257732127,1.49011611938477e-08,2.30382971280654,12,35
1.472,1000,35,408.218964268888,525.014946602578,408.218964268888,13625.9884649126,13599.5635189984,14576.8585785087,60.2256555307095,58.1412813130774,40.709196858622,-789.386002576378,-575.077206644279,1.49011611938477e-08,1.49011611938477e-08,1.86693552366624,1.23246269760508,1.49011611938477e-08,2.14246274378783,12,35
1.473,1000,35,350.895814846624,527.034726324631,350.895814846624,13347.1222024487,14028.1302800219,14413.3727933864,58.8672142709182,61.216050424881,39.7691592951637,-675.797230419812,-548.233294396165,1.49011611938477e-08,1.49011611938477e-08,1.93512808104735,1.18402542631807,1.49011611938477e-08,2.85971206357273,12,35
1.474,1000,35,259.99414146095,529.782185411309,259.99414146095,13562.122131156,14227.0873424803,13964.219561833,58.4258432914909,62.625471152028,40.7270496873649,-596.816762394318,-411.513754176941,1.49011611938477e-08,1.49011611938477e-08,1.95381346303246,1.05366720279745,1.49011611938477e-08,11.0696049495445,12,35
1.475,1000,35,208.07689257733,531.341005338607,208.07689257733,13997.7761495636,13954.4307004489,13795.9707242352,58.856194908334,62.5438500597157,43.5154057711395,-540.285728988658,-238.501317973746,1.49011611938477e-08,1.49011611938477e-08,1.88915831157632,1.02583760281557,0.368081933759573,4.17925669179255,12,35
1.476,1000,35,328.303037847205,527.774888272361,328.303037847205,14121.7095030424,13553.0757192441,14125.9817982658,58.630415738229,61.197724106481,47.1379585576886,-467.161936070569,-119.352228019347,1.49011611938477e-08,1.49011611938477e-08,1.78954556799944,1.2336040594605,1.12786178090805,2.2716165141477,12,35
1.477,1000,35,588.346884634836,-54.0668496026337,588.346884634836,13815.5769357219,13547.2620160353,14536.1643164832,55.4737538752446,58.7894521597117,49.9303351069897,-356.173149613907,-65.2381546042008,1.49011611938477e-08,1.49011611938477e-08,1.8331367357609,1.63642111902917,1.94852050405005,2.04273219632427,12,35
1.478,1000,35,621.572135073872,530.923777000162,621.572135073872,13486.7505922151,13942.1061267068,14534.0623069018,48.6537231784344,56.2202629030454,50.8198488749145,-292.418769283699,-39.2205241434885,1.49011611938477e-08,1.49011611938477e-08,1.92291857446664,1.96158164614929,2.9262135931972,2.1416348193837,12,35
1.479,1000,35,599.013016540503,519.753142421136,599.013016540503,13581.0910271775,14222.6150607604,14139.4564794397,40.3474256720771,54.5621709787313,50.3576890318186,-377.184615156083,6.54933114132376,1.49011611938477e-08,1.49011611938477e-08,1.96016666817348,1.54964366310933,2.96659610895072,1.87059059660045,12,35
1.48,1000,35,516.074979162469,467.486423026664,516.074979162469,13980.4715163599,14035.3177181242,13864.7705203889,36.945756173938,54.7183681875899,49.8977660425304,-615.832418918545,46.3161716900054,1.49011611938477e-08,1.49011611938477e-08,1.92344488366124,0.610802860481129,1.2945134662991,1.23025077629753,12,35
1.481,1000,35,324.936493074347,527.821827851513,324.936493074347,14169.9233561241,13597.7284267897,14080.5870480905,41.9027169354587,56.6471229981828,50.1003887405188,-848.077786122322,12.581831522179,1.49011611938477e-08,1.49011611938477e-08,1.80858155983711,1.49011611938477e-08,0.306541451919717,1.20711304698897,12,35
1.482,1000,35,261.831598518264,529.73093745389,261.831598518264,13927.453329752,13464.5009929637,14512.7032258628,49.772495887359,59.3153584310234,50.1065028618786,-931.956415203539,-92.8937210276006,1.49011611938477e-08,1.49011611938477e-08,1.81149064611773,1.49011611938477e-08,1.49011611938477e-08,1.92315677290939,12,35
1.483,1000,35,467.286821752081,518.46587923736,467.286821752081,13492.4291590496,13811.7428496893,14558.8239770364,56.5920332525038,61.5851384187203,50.0048625682648,-882.083142820607,-183.307948271847,1.49011611938477e-08,1.49011611938477e-08,1.90399521442313,0.528304720626021,1.49011611938477e-08,3.01717897376151,12,35
1.484,1000,35,626.737587158216,534.244882649362,626.737587158216,13459.217750651,14194.5633668591,14190.5795665381,60.8037590770709,62.7840875292078,50.1488024108801,-782.05611867168,-251.433644116207,1.49011611938477e-08,1.49011611938477e-08,1.94934995226272,0.849039375906241,1.49011611938477e-08,4.0377754651684,12,35
1.485,1000,35,605.688185642378,524.62278106049,605.688185642378,13835.3049082747,14160.5295713514,13847.7989388918,61.6035071427642,62.3568472814571,49.9158783979898,-632.476108814856,-271.97224600984,1.49011611938477e-08,1.49011611938477e-08,1.93611741764177,1.12537252762921,0.12032660249996,3.97889470864678,12,35
1.486,1000,35,532.468774356319,413.829285373506,532.468774356319,14076.3108861177,13768.1691118326,13949.414883938,60.6904346103039,59.8903493459432,49.9260685137073,-480.904911846311,-179.830511948208,1.49011611938477e-08,1.49011611938477e-08,1.84019091726408,1.34019695199657,1.01160911212167,2.51231646357984,12,35
1.487,1000,35,618.476812889985,529.486497433901,618.476812889985,13875.4966225211,13533.7339567775,14365.4088223314,60.1467104173344,55.4854367871219,50.2789647882297,-377.661708758633,-9.00925954240546,1.49011611938477e-08,1.49011611938477e-08,1.82230534242062,1.51896901221804,1.60032606413146,1.47679381043205,12,35
1.488,1000,35,605.908549749087,524.81298923103,605.908549749087,13434.2028150951,13776.0290287926,14547.943007028,59.3084719702684,50.2462794971741,49.2045585003132,-336.444533827711,119.100141161328,1.49011611938477e-08,1.49011611938477e-08,1.90157698827504,1.71478612337493,1.7375939032304,1.09803446773636,12,35
1.489,1000,35,567.750756629206,171.946653619944,567.750756629206,13282.627769392,14167.5387825672,14250.6088926021,58.9564346319897,46.1585535098011,47.4256609487881,-426.654158151776,169.225419640528,1.49011611938477e-08,1.49011611938477e-08,1.94695774273543,1.74754266789262,2.86663449628198,1.05904609567519,12,35
1.49,1000,35,508.828462816276,482.827309111573,508.828462816276,13623.0240021358,14198.8844075614,13829.637549974,59.7791658431636,45.5483889017253,45.3991245507956,-656.290351246517,84.5860448338886,1.49011611938477e-08,1.49011611938477e-08,1.95513086108502,1.50806015842081,2.48682095089487,1.31972185872806,12,35
1.491,1000,35,453.078439948182,521.190133448396,453.078439948182,14029.3844296549,13813.6035323837,13839.5516749254,60.961996018575,48.8825921085337,43.4568605702958,-856.232935959634,-156.260278527879,1.49011611938477e-08,1.49011611938477e-08,1.86638238698816,1.2659990528386,0.339982931313863,1.9398362288435,12,35
1.492,1000,35,437.577997764552,523.120570235069,437.577997764552,14006.3053446387,13478.2362280112,14274.7524509135,61.2598740274378,53.9365994284418,41.6645220168645,-885.660654068149,-436.680337903392,1.49011611938477e-08,1.49011611938477e-08,1.80197711399464,1.19354019751081,1.49011611938477e-08,2.33664129301842,12,35
1.493,1000,35,414.328992133392,524.71891451659,414.328992133392,13606.6430989991,13620.0921240461,14584.7655216163,60.3294191547458,58.4361321734709,39.826218363217,-781.66412886472,-568.454036706515,1.49011611938477e-08,1.49011611938477e-08,1.87167764303618,1.2060103334973,1.49011611938477e-08,2.19133969328684,12,35
1.494,1000,35,363.564238867059,526.637786084009,363.564238867059,13349.7092816626,14050.492724864,14394.6238356677,59.0454644366039,61.4096854799818,38.9049559190334,-670.048094867946,-533.396111834249,1.49011611938477e-08,1.49011611938477e-08,1.9371038616213,1.14427488895228,1.49011611938477e-08,3.0494578848192,12,35
1.495,1000,35,280.541874315878,529.149419617341,280.541874315878,13589.3884338511,14223.9994026,13946.956444393,58.6860589898662,62.7242912229215,40.0081492193412,-592.999169479882,-392.181819397012,1.49011611938477e-08,1.49011611938477e-08,1.95334894008092,1.01390562099139,1.49011611938477e-08,13.9114455829491,12,35
1.496,1000,35,213.961291520899,531.16460986337,213.961291520899,14018.4445115803,13929.9459502858,13807.685272562,59.1633273199483,62.5424548655001,43.0009174969221,-540.88355864896,-227.062360785706,1.49011611938477e-08,1.49011611938477e-08,1.88222662657223,1.00322067557505,0.420778826035543,3.72094070217687,12,35
1.497,1000,35,334.315399718621,527.593912704819,334.315399718621,14115.7065436252,13538.9799848902,14156.8051017634,58.8893227003487,61.1173259686316,46.7962536590584,-463.864410109853,-104.044850928185,1.49011611938477e-08,1.49011611938477e-08,1.7878694192412,1.23007258450398,1.17265198025473,2.14230224636823,12,35
1.498,1000,35,605.983565065538,-298.252207968335,605.983565065538,13792.1704579658,13562.3484539709,14553.6272692295,55.6357185106872,58.6910978038937,49.6552252102226,-353.733664323654,-53.4827102772393,1.49011611938477e-08,1.49011611938477e-08,1.83865956929755,1.64080129859814,1.99441322212172,1.96682798088904,12,35
1.499,1000,35,621.425500026834,530.849659894186,621.425500026834,13479.0769186683,13966.4801321874,14522.2491707896,48.7743471229717,56.1030679270669,50.5641134883037,-297.192885007714,-27.88985598418,1.49011611938477e-08,1.49011611938477e-08,1.92642509197581,1.94987222119571,2.98463243566091,2.06693519826383,12,35
1.5,1000,35,599.475724813626,520.428166726751,599.475724813626,13599.961093496,14225.8780621531,14119.2351730247,40.5884816816237,54.4924804627959,50.1154981584734,-393.382714793222,18.1656084313944,1.49011611938477e-08,1.49011611938477e-08,1.96097555296296,1.49655800685964,2.89109395737481,1.78625480358835,12,35
