Time,Irradiance,Temp,Vpv,Ipv,Vdc,Vrms_1,Vrms_2,Vrms_3,Irms_1,Irms_2,Irms_3,Pac,Q,THDv_1,THDv_2,THDv_3,THDi_1,THDi_2,THDi_3,ScenarioID,SetTemp
0,1000,45,480.050256339729,539.144292038506,480.050256339729,120,120,120,120,120,120,0,0,1.49011611938477e-08,1.49011611938477e-08,1.49011611938477e-08,1.49011611938477e-08,1.49011611938477e-08,1.49011611938477e-08,16,45
0.001,1000,45,487.352859485509,494.537447390453,487.352859485509,120,120,120,120,120,120,0,0,1.49011611938477e-08,1.49011611938477e-08,1.49011611938477e-08,1.49011611938477e-08,1.49011611938477e-08,1.49011611938477e-08,16,45
0.002,1000,45,472.602042894548,509.342105235408,472.602042894548,120,120,120,120,120,120,0,0,1.49011611938477e-08,1.49011611938477e-08,1.49011611938477e-08,1.49011611938477e-08,1.49011611938477e-08,1.49011611938477e-08,16,45
0.003,1000,45,438.553623143213,522.851150329403,438.553623143213,120,120,120,120,120,120,0,0,1.49011611938477e-08,1.49011611938477e-08,1.49011611938477e-08,1.49011611938477e-08,1.49011611938477e-08,1.49011611938477e-08,16,45
0.004,1000,45,412.780606075885,525.849436673197,412.780606075885,120,120,120,120,120,120,0,0,1.49011611938477e-08,1.49011611938477e-08,1.49011611938477e-08,1.49011611938477e-08,1.49011611938477e-08,1.49011611938477e-08,16,45
0.005,1000,45,389.746468278243,527.21824882608,389.746468278243,120,120,120,120,120,120,0,0,1.49011611938477e-08,1.49011611938477e-08,1.49011611938477e-08,1.49011611938477e-08,1.49011611938477e-08,1.49011611938477e-08,16,45
0.006,1000,45,381.370596126102,527.565561324529,381.370596126102,120,120,120,120,120,120,0,0,1.49011611938477e-08,1.49011611938477e-08,1.49011611938477e-08,1.49011611938477e-08,1.49011611938477e-08,1.49011611938477e-08,16,45
0.007,1000,45,440.009038735837,522.601480072369,440.009038735837,120,120,120,120,120,120,0,0,1.49011611938477e-08,1.49011611938477e-08,1.49011611938477e-08,1.49011611938477e-08,1.49011611938477e-08,1.49011611938477e-08,16,45
0.008,1000,45,439.612140864177,522.58361873942,439.612140864177,120,120,120,120,120,120,0,0,1.49011611938477e-08,1.49011611938477e-08,1.49011611938477e-08,1.49011611938477e-08,1.49011611938477e-08,1.49011611938477e-08,16,45
0.009,1000,45,452.723977607936,519.420240269759,452.723977607936,120,120,120,120,120,120,0,0,1.49011611938477e-08,1.49011611938477e-08,1.49011611938477e-08,1.49011611938477e-08,1.49011611938477e-08,1.49011611938477e-08,16,45
0.01,1000,45,454.613582841165,518.783306295584,454.613582841165,120,120,120,120,120,120,0,0,1.49011611938477e-08,1.49011611938477e-08,1.49011611938477e-08,1.49011611938477e-08,1.49011611938477e-08,1.49011611938477e-08,16,45
0.011,1000,45,427.238836153184,524.499489975239,427.238836153184,120,120,120,120,120,120,0,0,1.49011611938477e-08,1.49011611938477e-08,1.49011611938477e-08,1.49011611938477e-08,1.49011611938477e-08,1.49011611938477e-08,16,45
0.012,1000,45,379.05047385595,527.663375340026,379.05047385595,120,120,120,120,120,120,0,0,1.49011611938477e-08,1.49011611938477e-08,1.49011611938477e-08,1.49011611938477e-08,1.49011611938477e-08,1.49011611938477e-08,16,45
0.013,1000,45,277.370852150118,530.890501082016,277.370852150118,120,120,120,120,120,120,0,0,1.49011611938477e-08,1.49011611938477e-08,1.49011611938477e-08,1.49011611938477e-08,1.49011611938477e-08,1.49011611938477e-08,16,45
0.014,1000,45,245.178282703883,531.868120558031,245.178282703883,120,120,120,120,120,120,0,0,1.49011611938477e-08,1.49011611938477e-08,1.49011611938477e-08,1.49011611938477e-08,1.49011611938477e-08,1.49011611938477e-08,16,45
0.015,1000,45,268.054890627796,531.202440884461,268.054890627796,120,120,120,120,120,120,0,0,1.49011611938477e-08,1.49011611938477e-08,1.49011611938477e-08,1.49011611938477e-08,1.49011611938477e-08,1.49011611938477e-08,16,45
0.016,1000,45,271.406298788174,531.113002448923,271.406298788174,120,120,120,120,120,120,0,0,1.49011611938477e-08,1.49011611938477e-08,1.49011611938477e-08,1.49011611938477e-08,1.49011611938477e-08,1.49011611938477e-08,16,45
0.017,1000,45,405.760728003117,526.365530076452,405.760728003117,13648.9689479252,13842.6040589664,14471.243999656,54.347943727294,68.0000852976433,15.9321299208245,-665.022708102554,-393.66699389177,1.49011611938477e-08,1.49011611938477e-08,1.89138933024829,1.49011611938477e-08,1.49011611938477e-08,0.555621431843536,16,45
0.018,1000,45,446.855347578818,521.084967719616,446.855347578818,13674.60634732,14195.7979419779,14081.3645417026,56.9225198513446,70.1966880243762,15.9351128089899,-561.3562924133,-429.624388774136,1.49011611938477e-08,1.49011611938477e-08,1.93879191388175,1.49011611938477e-08,1.49011611938477e-08,0.588347143425978,16,45
0.019,1000,45,410.934491781589,525.99757988355,410.934491781589,14105.8191737608,14120.5715296168,13766.7127288007,58.2875308561603,70.9260196487589,15.8043767735933,-373.076323707024,-454.454130745341,1.49011611938477e-08,1.49011611938477e-08,1.90089725527212,0.294699134054699,1.49011611938477e-08,0.92103643058794,16,45
0.02,1000,45,306.2532872382,530.030012226831,306.2532872382,14402.8679649629,13721.2341507034,13938.6000111793,58.6802175138208,70.2111555988386,15.6062403771946,-118.008638484687,-417.187139949573,1.49011611938477e-08,1.49011611938477e-08,1.77536061133786,1.24149325653197,0.731727229009688,1.38722821518951,16,45
0.021,1000,45,249.604263296734,531.730231863517,249.604263296734,14194.8061999265,13520.467210555,14350.0000428757,58.6020605599737,68.3419250261552,14.2578040556946,71.3811250448996,-293.288269562829,1.49011611938477e-08,1.49011611938477e-08,1.77069504879726,2.04346342743128,1.68842759321256,2.39857296136428,16,45
0.022,1000,45,222.449631490589,532.541012297808,222.449631490589,13782.7399820027,13787.9930984974,14477.768412762,57.8795224571499,66.429055414387,12.9442852884817,124.278981042617,-165.793452441104,1.49011611938477e-08,1.49011611938477e-08,1.87224450922331,2.70072555577549,2.74023446979966,4.41516825803435,16,45
0.023,1000,45,160.052648787748,534.39921442657,160.052648787748,13689.2375949785,14168.7120975364,14139.5525530822,57.0523239142377,65.889598756176,13.5880027369602,4.17759812752578,-112.916188079065,1.49011611938477e-08,1.49011611938477e-08,1.93530375454427,8.07354306646183,7.69547510937032,2.85086344547143,16,45
0.024,1000,45,45.9326937937589,537.808622953214,45.9326937937589,14041.6470596314,14167.3347022077,13734.8754108048,58.072472270993,67.8564233531439,14.5981123943014,-271.723600956961,-169.188172552336,1.49011611938477e-08,1.49011611938477e-08,1.92166575221372,2.5934642154409,1.16446333171071,0.913365732278287,16,45
0.025,1000,45,18.0979159770335,538.683201755845,18.0979159770335,14369.0492341691,13763.4709562793,13778.3320592434,60.9097145589155,71.8503731553545,15.3406398500952,-568.088803354087,-320.456620330482,1.49011611938477e-08,1.49011611938477e-08,1.80092718314996,0.527783188358764,1.49011611938477e-08,1.49011611938477e-08,16,45
0.026,1000,45,68.988564323325,537.159282996953,68.988564323325,14233.4165611859,13450.5019667264,14182.0166663045,65.1266585737699,76.5063768276917,15.4885375786476,-741.573887042036,-460.969984373803,1.49011611938477e-08,1.49011611938477e-08,1.7545302527913,1.49011611938477e-08,1.49011611938477e-08,1.49011611938477e-08,16,45
0.027,1000,45,218.30520484665,532.713285869369,218.30520484665,13776.9636368996,13630.3662147331,14410.3129312186,69.7814584225095,80.5468151993666,15.4122170786831,-786.856858253311,-548.436395109219,1.49011611938477e-08,1.49011611938477e-08,1.84797954334071,1.49011611938477e-08,1.49011611938477e-08,1.49011611938477e-08,16,45
0.028,1000,45,424.710197128068,524.895774749765,424.710197128068,13550.7315444129,14072.6817323486,14182.2288833315,73.1726169969926,83.1438819876398,15.3814768349369,-714.297181864107,-617.119309217458,1.49011611938477e-08,1.49011611938477e-08,1.92693898104572,1.49011611938477e-08,1.49011611938477e-08,1.49011611938477e-08,16,45
0.029,1000,45,556.573396234458,146.027429967412,556.573396234458,13812.8231817693,14229.1750014623,13769.0410247066,74.1039032458214,83.9321256551195,15.3398808596563,-529.420266563525,-654.275486230759,1.49011611938477e-08,1.49011611938477e-08,1.93761435373522,1.49011611938477e-08,1.49011611938477e-08,1.49011611938477e-08,16,45
0.03,1000,45,558.364194249045,126.467794227431,558.364194249045,14184.0160307962,13928.7023355356,13679.6396618265,72.6601011686442,82.8101967453529,17.3684911450574,-286.198467444181,-576.76912766921,1.49011611938477e-08,1.49011611938477e-08,1.84771454887349,0.687520616796053,1.49011611938477e-08,0.887241120871363,16,45
0.031,1000,45,599.975551448809,-5611.63276767288,599.975551448809,14198.5774531778,13556.5906842074,14054.500355815,70.2293300745118,79.9942324540246,20.1023208556308,-84.9905896698083,-428.906831942743,1.49011611938477e-08,1.49011611938477e-08,1.76771838185166,1.58100916412294,1.17926762078241,3.28830836188517,16,45
0.032,1000,45,596.482598410418,-4712.92926521568,596.482598410418,13824.7368947517,13619.3002036519,14426.0757174568,67.2728344140089,76.2668408885323,21.0632818277062,42.6364535386729,-295.373091127182,1.49011611938477e-08,1.49011611938477e-08,1.83518575296516,2.13203594455113,2.17028848705802,5.23644069149807,16,45
0.033,1000,45,575.662330949115,-1210.91391097321,575.662330949115,13529.9009836811,14039.5413025334,14351.7744463019,63.4345302050726,72.6673623414393,21.4035703839294,54.272836079239,-212.499417047763,1.49011611938477e-08,1.49011611938477e-08,1.92287066323078,2.79098685831552,3.57725552236154,4.09964719095809,16,45
0.034,1000,45,524.970552974203,383.204574702143,524.970552974203,13691.7382881084,14269.7564807745,13926.9145538024,60.8824392141178,70.3884812968453,21.4180166631035,-101.833286728316,-150.843690686257,1.49011611938477e-08,1.49011611938477e-08,1.94971628544812,5.22645684616446,6.26286958983273,3.82510220145621,16,45
0.035,1000,45,454.780583254055,518.463847478293,454.780583254055,14093.1945856633,14015.0400723043,13730.0497236421,61.1122736345872,70.2530583689238,21.4461591614752,-398.435846516888,-141.187999789716,1.49011611938477e-08,1.49011611938477e-08,1.88980049827532,1.95320261357724,1.38075865954844,4.12149371634209,16,45
0.036,1000,45,350.913650603692,528.639203151202,350.913650603692,14176.552946347,13579.4393218756,14012.8753984209,63.7591711613927,71.9057464641931,21.6319193469981,-684.049656346012,-185.284392019206,1.49011611938477e-08,1.49011611938477e-08,1.78769933930452,0.586847262742406,1.49011611938477e-08,4.58912583346796,16,45
0.037,1000,45,323.383468052017,529.546650794845,323.383468052017,13797.7829105231,13510.0882717779,14390.6665504567,68.3503674919536,74.1739056149826,22.5679352384315,-870.046381952558,-250.297001723664,1.49011611938477e-08,1.49011611938477e-08,1.82265713712823,1.49011611938477e-08,1.49011611938477e-08,3.52553256032149,16,45
0.038,1000,45,536.094374580922,324.830953432829,536.094374580922,13402.0055387088,13898.6566180514,14411.9754014931,72.5741353244796,75.7539503885288,23.9348322193326,-892.372638540428,-338.254353709518,1.49011611938477e-08,1.49011611938477e-08,1.91297720365018,1.49011611938477e-08,1.49011611938477e-08,3.27469130628226,16,45
0.039,1000,45,590.483068899294,-3376.92300361181,590.483068899294,13449.70484856,14247.454548927,14057.1147890356,74.4316515311645,75.8364117777431,24.1078518866699,-770.39194981826,-422.631719435488,1.49011611938477e-08,1.49011611938477e-08,1.95193675355842,0.307744529782139,1.49011611938477e-08,3.53673507016396,16,45
0.04,1000,45,583.758979614974,-2295.68155645653,583.758979614974,13867.5540799466,14148.4714319884,13768.6156730343,74.4645121596714,74.1346629663462,23.1730043935414,-529.017087446123,-440.415817992909,1.49011611938477e-08,1.49011611938477e-08,1.92781753616208,0.77888795667918,0.365670274036422,3.63111604839765,16,45
0.041,1000,45,508.743801757235,448.267522520322,508.743801757235,14153.6813480349,13736.9801614507,13981.7517842166,73.065874505798,70.5200339745055,22.0790386167925,-249.547166706613,-364.646599358087,1.49011611938477e-08,1.49011611938477e-08,1.81728005311538,1.27424366281061,1.17217976140607,2.69004307532751,16,45
0.042,1000,45,395.392665465499,526.911061474679,395.392665465499,13958.8265985742,13557.6795181637,14435.1899609151,70.84235593605,65.4875331387108,21.6300430036043,10.1002969107196,-239.796722771034,1.49011611938477e-08,1.49011611938477e-08,1.81006685936314,1.76324838585698,1.27090823180856,2.27457114436168,16,45
0.043,1000,45,284.719118487385,530.692243448676,284.719118487385,13560.1499678115,13844.5727189532,14565.5794849451,67.7309816582294,60.2710730617649,21.7592099563885,120.349340831901,-105.472348772104,1.49011611938477e-08,1.49011611938477e-08,1.89727705980383,2.25829841478874,1.02134939719418,2.14943369236726,16,45
0.044,1000,45,260.62567895398,531.402548173651,260.62567895398,13500.0461187633,14216.9941490608,14221.8812916032,64.4389495381351,56.7424041556305,21.7807986974951,15.3478117465409,1.55906127210335,1.49011611938477e-08,1.49011611938477e-08,1.94637450209818,3.91949226557635,1.89821078878656,2.17425407260899,16,45
0.045,1000,45,247.788350720061,531.799859515772,247.788350720061,13886.2202663126,14193.3578041973,13833.0256334996,62.7332098340121,56.0935843984309,22.0736352001712,-279.486224177343,24.2497063523292,1.49011611938477e-08,1.49011611938477e-08,1.9377064548219,2.62927014934004,3.71693895007457,2.59398213026946,16,45
0.046,1000,45,164.670966598282,534.289152725288,164.670966598282,14228.9516075587,13780.0484729214,13896.1956443309,64.5113027415247,58.4592920753328,21.931995319102,-591.609390795835,-80.0007944467192,1.49011611938477e-08,1.49011611938477e-08,1.8211617416092,1.01346232893792,0.175156913417858,3.6664109487181,16,45
0.047,1000,45,167.342571723029,534.197964484381,167.342571723029,14117.0653016859,13491.5309191654,14318.1897877365,68.8210714222785,62.4161987623505,19.3193198518736,-761.291024613535,-263.733735226439,1.49011611938477e-08,1.49011611938477e-08,1.77497457013441,0.357406228859474,1.49011611938477e-08,3.98100625243573,16,45
0.048,1000,45,306.118687116959,530.082421556689,306.118687116959,13675.359781187,13697.2703828716,14525.8497706509,73.308963350434,66.1153759961071,16.5891537985754,-761.933242992055,-379.30375157399,1.49011611938477e-08,1.49011611938477e-08,1.86653512280814,1.49011611938477e-08,1.49011611938477e-08,2.57405847494023,16,45
0.049,1000,45,514.930697995635,431.326016335705,514.930697995635,13474.3413010678,14121.5555931403,14257.9227390063,76.4261987738095,68.6090990663085,15.4311541434335,-672.939215937002,-435.675582494311,1.49011611938477e-08,1.49011611938477e-08,1.9367727261338,1.49011611938477e-08,1.49011611938477e-08,2.0661372025736,16,45
0.05,1000,45,587.75662109837,-2950.03636048855,587.75662109837,13755.0237002758,14231.4157354879,13825.6259900029,77.3369684467547,69.6941037819694,15.3654255364912,-530.336711491837,-451.790970176898,1.49011611938477e-08,1.49011611938477e-08,1.94466016086108,1.49011611938477e-08,1.49011611938477e-08,2.78148839030339,16,45
0.051,1000,45,529.390725978442,360.789143176479,529.390725978442,14118.1880073243,13903.2609004453,13754.5022838636,76.4489553278373,69.3798147805259,18.0642805030619,-376.12375428829,-396.061689319056,1.49011611938477e-08,1.49011611938477e-08,1.85491210809996,0.759071455127704,0.250452939349142,6.44387659443882,16,45
0.052,1000,45,604.829784184085,-7180.04707249557,604.829784184085,14117.8327740971,13549.3763797709,14149.5337577731,74.4812117166566,67.4821558900171,22.2867795488253,-223.237429141344,-297.24219937546,1.49011611938477e-08,1.49011611938477e-08,1.78041588378972,1.5667419678512,1.27186653777058,3.86629541621208,16,45
0.053,1000,45,603.129391623364,-6665.28680570496,603.129391623364,13759.5234715955,13645.5583711435,14517.0447022912,70.5744879993181,64.3918892937006,23.7119009345518,-89.6322229488177,-232.742916771313,1.49011611938477e-08,1.49011611938477e-08,1.84803064736958,2.3875199127821,2.14432063456223,3.77368650602803,16,45
0.054,1000,45,588.427685763272,-3064.3697349649,588.427685763272,13487.5103089911,14073.8307721734,14417.1117920034,64.6946983903151,61.0914311914533,23.0227260526446,-44.5602818964155,-176.080199622043,1.49011611938477e-08,1.49011611938477e-08,1.92979709771812,3.30346616247862,3.29125123757332,4.43521339231642,16,45
0.055,1000,45,547.809706545839,224.342025542264,547.809706545839,13674.4538984746,14290.0210966721,13991.3606552674,59.7097980855922,58.5955259080296,21.8633308234718,-157.46381631121,-90.8132931405976,1.49011611938477e-08,1.49011611938477e-08,1.95442610020409,3.80174904061142,5.01087741930611,4.20701818277158,16,45
0.056,1000,45,457.911274765995,517.345030840876,457.911274765995,14074.5923869257,14021.1248578876,13804.3489148239,58.9050282204135,57.6096858139051,22.2411505322957,-391.447928976119,-23.9614085437137,1.49011611938477e-08,1.49011611938477e-08,1.89184188763966,1.73434505970452,2.06821096083372,2.63058857896512,16,45
0.057,1000,45,402.784436814087,526.500369659832,402.784436814087,14170.9024023502,13594.6027398418,14111.3595224315,61.6365474410356,58.0740626140825,23.680163704389,-642.492731736027,-33.531375810044,1.49011611938477e-08,1.49011611938477e-08,1.78886860045563,0.781315266452791,0.844258207614329,1.93938296095756,16,45
0.058,1000,45,379.507101855505,527.684710626563,379.507101855505,13754.3016734982,13561.6119475541,14451.4607889109,66.0348147467203,59.3108813822599,26.1944751015459,-790.504071484156,-70.7478577769078,1.49011611938477e-08,1.49011611938477e-08,1.83459314789506,0.336590120530634,0.243209983947045,1.59693083180767,16,45
0.059,1000,45,567.696163930899,28.1838813619109,567.696163930899,13354.5511134665,13958.5359480747,14406.058688464,70.0555198464709,60.197202708263,29.1830928092518,-822.372120538698,-146.872109810133,1.49011611938477e-08,1.49011611938477e-08,1.92062227624972,0.377589313924088,1.49011611938477e-08,1.72890773046234,16,45
0.06,1000,45,609.360776766601,533.142188980826,609.360776766601,13423.605776096,14288.0348523325,14030.705833548,71.2094369437435,59.8216278967278,30.6676184390664,-740.359583535674,-264.416897013026,1.49011611938477e-08,1.49011611938477e-08,1.95506201642996,0.669921050380841,0.438421019471471,2.1229934052542,16,45
0.061,1000,45,587.628911012401,-2930.06799829285,587.628911012401,13818.952766984,14150.6710941933,13771.913558155,70.26404696565,57.8513588481323,30.8426898322642,-581.075252350142,-324.318987228436,1.49011611938477e-08,1.49011611938477e-08,1.93208799605844,0.984499688516576,0.982776851432444,2.25518576671395,16,45
0.062,1000,45,568.648121553916,-322.678359989562,568.648121553916,14041.9267858397,13733.0723204189,13999.4156990155,68.3973945817517,54.2804224255564,30.6483011611085,-385.156775344374,-283.343787807199,1.49011611938477e-08,1.49011611938477e-08,1.83158195034289,1.32540209812089,1.61104447388541,1.94023311769523,16,45
0.063,1000,45,535.311119955256,321.94925228184,535.311119955256,13825.5542624957,13583.857560769,14458.4279677739,65.0791426984194,48.8740928992246,30.6796389864673,-181.458846320809,-213.935003076983,1.49011611938477e-08,1.49011611938477e-08,1.83036369433728,1.75167628196385,1.82663711982552,1.89977120299157,16,45
0.064,1000,45,464.982008043973,514.203846443889,464.982008043973,13434.3033477053,13899.0228820172,14588.9864845719,60.3450962741336,42.3763612829693,31.1501773263823,-64.4780125064699,-115.473374528912,1.49011611938477e-08,1.49011611938477e-08,1.91045066681656,2.22692162029276,1.6183976673372,2.00927863509948,16,45
0.065,1000,45,446.182862059844,521.317806839952,446.182862059844,13397.7398845738,14255.457585019,14233.5019491318,55.9561965063524,36.6690793943273,31.3882886630754,-128.031158842309,1.82452411439612,1.49011611938477e-08,1.49011611938477e-08,1.95039864616916,2.74267517397685,2.21212726291816,1.92027150478176,16,45
0.066,1000,45,460.101544286453,516.80085371978,460.101544286453,13809.719083165,14204.8867559576,13855.1788907393,53.7599666054311,33.8833763427751,31.3615454749906,-344.367261159685,52.8769106361245,1.49011611938477e-08,1.49011611938477e-08,1.94257619609175,1.93110726354784,3.94774225314248,1.85672149460385,16,45
0.067,1000,45,448.035099349636,520.596275461861,448.035099349636,14152.0497797073,13786.9579027128,13949.1370355633,54.8221412535663,34.6864926617613,31.0379213013263,-587.063590903352,-25.1241393389606,1.49011611938477e-08,1.49011611938477e-08,1.83068603838222,1.11883421836284,0.829118956757005,2.12444515971444,16,45
0.068,1000,45,438.757183392235,522.843280214974,438.757183392235,14031.4199308718,13521.2176521628,14387.7732342238,57.7464216743061,37.6681561506733,28.6991434896059,-684.735686235217,-180.267591274614,1.49011611938477e-08,1.49011611938477e-08,1.79114069668018,0.782292112860023,1.49011611938477e-08,2.74725355186234,16,45
0.069,1000,45,557.269357112772,141.891758418891,557.269357112772,13597.7047135384,13752.5718779321,14582.7131137738,60.0952869524094,40.6766263922552,26.1921941862473,-649.263809125942,-267.808482704578,1.49011611938477e-08,1.49011611938477e-08,1.88127187965232,0.628209609875208,1.49011611938477e-08,3.25751481895345,16,45
0.07,1000,45,591.403092473442,525.522640199659,591.403092473442,13425.643371316,14166.4861700413,14308.8878386326,61.0088036953873,42.4802614493518,24.9996402976111,-582.32199975208,-275.742850981953,1.49011611938477e-08,1.49011611938477e-08,1.94303188242178,0.506441795413696,1.49011611938477e-08,3.48570270880719,16,45
0.071,1000,45,539.671300198904,289.882690612461,539.671300198904,13724.1313286095,14238.1557579549,13886.2346898043,61.0814097896589,43.0462449885808,25.4588569732206,-535.567350139773,-232.321712126698,1.49011611938477e-08,1.49011611938477e-08,1.95000367993444,0.504857129866103,0.237034460386003,2.69460674413743,16,45
0.072,1000,45,499.278411109578,474.757095336048,499.278411109578,14101.957680501,13874.3958866294,13845.0476137175,61.1263171003827,42.7206634861423,27.9234781643301,-504.088500489874,-169.391227344271,1.49011611938477e-08,1.49011611938477e-08,1.85701554671912,0.796424969143277,0.710284019212196,1.97998418343572,16,45
0.073,1000,45,595.572198910845,-4423.38514611235,595.572198910845,14089.791791391,13528.3346456622,14258.1336425743,60.2149911253816,41.5176119313572,29.6193703755334,-430.803309331972,-154.401824698827,1.49011611938477e-08,1.49011611938477e-08,1.78590635037127,1.24491690286815,1.22371983872064,2.00806263739361,16,45
0.074,1000,45,605.873784024892,-7613.7492935326,605.873784024892,13710.7876311677,13653.5332943555,14604.4911350622,57.1894248611874,39.5530673448304,29.2760874728645,-319.900170770592,-156.95827586436,1.49011611938477e-08,1.49011611938477e-08,1.85686734686502,1.79033038261777,1.82838679435997,2.44867779870932,16,45
0.075,1000,45,591.377100928089,-3576.5588533985,591.377100928089,13464.721183704,14086.718184859,14487.9992535072,51.23216224434,37.2085320587138,26.7061929206165,-250.631437356961,-123.790970593782,1.49011611938477e-08,1.49011611938477e-08,1.93394963863623,2.20212393603004,2.37043681632683,2.79518422351958,16,45
0.076,1000,45,570.067369794549,-596.990308521462,570.067369794549,13685.9815901085,14285.2508155198,14064.1812642251,45.0876174382228,35.4442683510098,23.3434586791693,-289.339986170198,-35.9621822812182,1.49011611938477e-08,1.49011611938477e-08,1.95668275444191,1.85114511450168,2.50535764003404,1.90787336297769,16,45
0.077,1000,45,500.59725618427,469.47472059891,500.59725618427,14099.2402527787,14012.1728603699,13898.0842456018,43.0269463916145,34.7070586362483,22.6779225970762,-423.810788015946,66.2966423930983,1.49011611938477e-08,1.49011611938477e-08,1.88868091365733,1.1037425552708,2.06633911180842,0.983378596565708,16,45
0.078,1000,45,431.223631300805,524.004601407546,431.223631300805,14177.3054149855,13604.6568733513,14214.0055637891,45.3865850809779,34.7223951124202,25.4861612497713,-561.025616055849,115.159163482334,1.49011611938477e-08,1.49011611938477e-08,1.79048151099874,0.666730317597334,1.63634299714009,0.697373834127423,16,45
0.079,1000,45,477.476738276556,505.88340254045,477.476738276556,13777.8540862368,13600.0260747862,14542.45257828,49.5260012635523,35.0161977512439,29.5978232124988,-624.301427351455,111.896278363608,1.49011611938477e-08,1.49011611938477e-08,1.8400043647176,0.556097875579783,1.45599562163388,0.77478915617191,16,45
0.08,1000,45,618.459624160525,-14318.5714379616,618.459624160525,13400.6342284301,14001.146928927,14454.1611580315,53.2237423291712,35.0977517645545,33.8914516271561,-644.206727164137,66.3327832416473,1.49011611938477e-08,1.49011611938477e-08,1.92400398984052,0.679749243637733,1.44192140230168,1.08046534323094,16,45
0.081,1000,45,608.741529383674,-8879.71294941739,608.741529383674,13495.3657117592,14300.1427504854,14046.335268659,54.0597987028325,35.0630037902069,35.7113577863281,-642.152781439025,-35.2749149872474,1.49011611938477e-08,1.49011611938477e-08,1.95585985432688,0.871883852035177,1.45653944933791,1.52598797276039,16,45
0.082,1000,45,577.088168802956,-1461.37209344646,577.088168802956,13879.1790417564,14134.1073374192,13805.7585518336,53.0962478369506,34.6245314559275,36.0192887265565,-610.335290587517,-135.235627274951,1.49011611938477e-08,1.49011611938477e-08,1.92700034750807,1.03533078486137,1.5671325522709,1.87085030895596,16,45
0.083,1000,45,555.011788482382,162.11826898273,555.011788482382,14027.962625733,13713.1459242073,14036.7296575169,52.8919762505913,33.4384039177721,36.1342216874879,-566.109355994885,-145.506309764564,1.49011611938477e-08,1.49011611938477e-08,1.83192592178263,1.1515231386607,1.84157048166788,1.75177845167049,16,45
0.084,1000,45,587.223618794308,-2890.0627339486,587.223618794308,13765.4319878283,13592.2309246782,14485.5683835339,51.9702948375546,31.769476771994,36.1365646793829,-472.503224726294,-139.090955025026,1.49011611938477e-08,1.49011611938477e-08,1.83918839665068,1.35152833001506,2.2374730945679,1.72868555072035,16,45
0.085,1000,45,580.365840242907,-1849.37033666224,580.365840242907,13372.9793001169,13933.942061115,14588.5418478857,48.9718771069479,29.0169064173558,36.1934810899055,-373.164327045639,-98.2794902075861,1.49011611938477e-08,1.49011611938477e-08,1.91697328084343,1.56510384652264,2.54550145584693,1.8121437855358,16,45
0.086,1000,45,544.465877025265,254.167455850269,544.465877025265,13349.2916746742,14291.8452249403,14225.970905181,46.1121031000901,25.8484682987569,36.7444769417768,-365.344074513991,-16.6679397317039,1.49011611938477e-08,1.49011611938477e-08,1.95150135778114,1.55365041275614,2.61297944154277,1.67897864386103,16,45
0.087,1000,45,572.240512339368,-29.8332031309725,572.240512339368,13771.6304611895,14214.2806129938,13860.5251631004,45.5460539364133,23.4940595670503,37.2404096821635,-461.420393101604,39.2310629409645,1.49011611938477e-08,1.49011611938477e-08,1.9420008962568,1.30113522128255,2.28805879358252,1.47206994855438,16,45
0.088,1000,45,580.985583984101,-1894.38408802648,580.985583984101,14124.1716237878,13795.5401821852,13994.0472774845,45.8241754251738,22.8913929599483,36.426843170524,-531.019557968925,-29.3304455568167,1.49011611938477e-08,1.49011611938477e-08,1.83202147584524,1.19388016511577,1.56987812159347,1.57709758901808,16,45
0.089,1000,45,580.364376655045,-1818.84470760824,580.364376655045,13978.1204304468,13558.6830910351,14441.6212375549,45.0910876423207,23.3931168239195,34.2518676932711,-492.565505397485,-134.235211956639,1.49011611938477e-08,1.49011611938477e-08,1.80573424662039,1.27889384576509,1.26918562193444,1.92816264380295,16,45
0.09,1000,45,572.062738432625,408.14408514826,572.062738432625,13560.5656977942,13810.4147371159,14626.8590192184,43.2339144614994,23.6637719104134,32.5558076919943,-416.725510620743,-155.438034952173,1.49011611938477e-08,1.49011611938477e-08,1.89286624717595,1.40249399233181,1.38742315656746,2.24332848646728,16,45
0.091,1000,45,519.048139122132,410.19882570961,519.048139122132,13415.2616857891,14213.1466395695,14331.1063386344,41.8838593321054,23.2886034499465,32.1381236640288,-405.678536561752,-102.163436966734,1.49011611938477e-08,1.49011611938477e-08,1.94662823337965,1.36264938109083,1.47689005371198,2.18996939414467,16,45
0.092,1000,45,398.512517629311,526.763128107002,398.512517629311,13737.0593971757,14246.8083448248,13915.4165670327,43.103013000822,23.3968772562273,33.0250330083443,-496.163996285921,-15.5453235396999,1.49011611938477e-08,1.49011611938477e-08,1.95190440878487,1.09138463982606,1.2650708610178,1.72828070414361,16,45
0.093,1000,45,369.053250595723,528.045729973988,369.053250595723,14103.0738576133,13858.7866260905,13911.2942195723,46.6983251407061,24.5588435653811,34.6382067881489,-633.149058788512,27.2889870204598,1.49011611938477e-08,1.49011611938477e-08,1.85915133637734,0.855646053027492,0.930375386558249,1.43046431795136,16,45
0.094,1000,45,461.288919131319,516.450502426315,461.288919131319,14062.3745162608,13518.9749659007,14337.1099516155,50.6482698980001,26.9954057140487,35.3642502765413,-688.88131058005,-26.4548205568664,1.49011611938477e-08,1.49011611938477e-08,1.79227019550226,0.864570371300092,0.729563585731347,1.55720989297442,16,45
0.095,1000,45,616.054513156259,-12760.1328873451,616.054513156259,13673.8033369495,13672.4219297733,14659.9078694093,52.4328996408065,29.8070140338548,33.9816713616809,-621.80475623203,-98.6932743381852,1.49011611938477e-08,1.49011611938477e-08,1.86534954928202,1.03677235344507,0.759251436820433,1.97247834760128,16,45
0.096,1000,45,606.630557183696,-7975.68354452405,606.630557183696,13442.4086170598,14104.9866869555,14515.571258405,50.9540654111367,31.5996799070585,30.3175730969548,-529.843252321087,-108.433183453042,1.49011611938477e-08,1.49011611938477e-08,1.93801180815662,1.11122210916989,0.882733611475605,2.13514553239449,16,45
0.097,1000,45,579.671679208306,-1781.41121673655,579.671679208306,13687.2800655815,14279.5379508584,14095.9780468085,48.3206415939448,32.4806902804709,25.624852756479,-483.643905785031,-31.1422953777267,1.49011611938477e-08,1.49011611938477e-08,1.95864142503835,0.862431559211432,1.02782938496206,1.29267857357912,16,45
0.098,1000,45,544.396122761829,252.99783968576,544.396122761829,14105.094688879,13990.5739955962,13960.130875044,47.5869121096824,32.7307429947191,23.8689922011682,-485.210146498963,80.7521645730534,1.49011611938477e-08,1.49011611938477e-08,1.88691421652218,0.583245789274133,1.26240878456264,0.396023452115205,16,45
0.099,1000,45,459.609614630432,516.901728182502,459.609614630432,14168.8128976082,13601.0699618897,14283.3282208557,48.1873773783283,32.251339202295,26.4374175412837,-482.064277413235,165.572697695181,1.49011611938477e-08,1.49011611938477e-08,1.79306278082765,0.628795377167837,1.62920719413521,1.49011611938477e-08,16,45
0.1,1000,45,543.499688076505,268.926726794297,543.499688076505,13795.7902132391,13625.9775464896,14612.0153584086,48.6585703881332,30.8611475016089,31.0788017042218,-445.002446491993,197.964859722599,1.49011611938477e-08,1.49011611938477e-08,1.84493396669552,0.910254062145327,2.07690877549414,0.427303780903986,16,45
0.101,1000,45,613.516081117474,535.047351811669,613.516081117474,13453.4410288167,14031.5845293014,14510.3822695472,48.8208485070944,28.6449666566735,35.0952500414009,-438.068235894509,198.798700606461,1.49011611938477e-08,1.49011611938477e-08,1.92702890422089,1.16502752715297,2.67306768325421,0.805071990724219,16,45
0.102,1000,45,600.751418152712,529.111625198967,600.751418152712,13575.1578564165,14295.1941290884,14080.5769784551,48.7307798065081,27.7749811685532,36.8563918740523,-508.943433496421,144.829320054512,1.49011611938477e-08,1.49011611938477e-08,1.95642884057442,1.24588744690703,2.80478714346519,1.20418901273763,16,45
0.103,1000,45,548.795394510351,215.744411076304,548.795394510351,13972.8205077045,14093.4980743902,13837.6010615563,49.1732084661214,29.4423807323369,36.4909397993175,-628.962687630602,39.2957248407121,1.49011611938477e-08,1.49011611938477e-08,1.9153448636233,1.12278860431948,1.54643413619672,1.58782680557564,16,45
0.104,1000,45,489.896639174343,490.705597743417,489.896639174343,14083.1876624405,13673.2421463933,14085.0422905197,51.8480192745127,32.7053689887324,36.2599363238293,-724.519802180135,-39.8643821692318,1.49011611938477e-08,1.49011611938477e-08,1.82093359585076,0.917205968529833,0.928699238547156,1.69842361001005,16,45
0.105,1000,45,591.555325737889,-469.201857674112,591.555325737889,13766.3020465938,13578.1013783179,14506.703189161,54.8726881792198,36.6074202038047,36.2558837012449,-731.740396378557,-90.7993565605021,1.49011611938477e-08,1.49011611938477e-08,1.84064541214425,0.830155211340277,0.711666598525774,1.74022994645144,16,45
0.106,1000,45,597.273178268731,527.883210718388,597.273178268731,13359.8122408175,13938.2136409394,14559.7247118737,56.451005875932,39.4841120090437,36.2790972928452,-680.791542193723,-95.0229221279625,1.49011611938477e-08,1.49011611938477e-08,1.91971490948817,0.851718062002071,0.67117232625707,1.76374858845115,16,45
0.107,1000,45,574.844109496308,461.244850234448,574.844109496308,13360.0623873974,14285.6337824416,14173.9111730207,56.7929458939064,40.9607467740604,36.6195821916502,-639.740964358313,-66.0301917918705,1.49011611938477e-08,1.49011611938477e-08,1.95191683438363,0.885559531576268,0.635335146401361,1.63631321874197,16,45
0.108,1000,45,581.416214051873,507.214741962313,581.416214051873,13799.0252115685,14187.5272074588,13830.0197520692,56.456626887747,41.3316834090732,36.6358800767234,-614.164460828451,-72.4742598482736,1.49011611938477e-08,1.49011611938477e-08,1.93727089080426,0.97335666295801,0.686876475311467,1.52412656805671,16,45
0.109,1000,45,570.240317861516,361.972216897044,570.240317861516,14125.7544778237,13766.2926165072,14001.7249231181,54.6440544936984,41.035542076676,35.502237444541,-514.262755371932,-159.773339595862,1.49011611938477e-08,1.49011611938477e-08,1.82805268275969,1.24106629691253,1.04788004911914,1.77290223160847,16,45
0.11,1000,45,541.338665077557,278.658096831011,541.338665077557,13959.1160217575,13555.9089560523,14460.5861510076,51.0258515389484,40.1504802854564,33.9311666492765,-349.97453358269,-223.297031695182,1.49011611938477e-08,1.49011611938477e-08,1.8109353283614,1.65609884575199,1.6032386742368,2.38504491807481,16,45
0.111,1000,45,475.724422471276,506.706453317752,475.724422471276,13552.8672697718,13828.3512062235,14631.8830064705,45.917258042762,38.2403138377627,32.7941471951938,-227.455339793434,-196.707054903896,1.49011611938477e-08,1.49011611938477e-08,1.89732335430845,2.1168638558509,2.2688758898746,3.17571195217243,16,45
0.112,1000,45,353.008008827722,528.565880517463,353.008008827722,13440.6650944312,14217.6826917502,14310.4401578587,42.1472621612943,35.9932839906009,32.7803896962548,-237.374786409529,-88.4808638372019,1.49011611938477e-08,1.49011611938477e-08,1.94747933954682,2.24474114886815,2.85493913969498,3.1768571240787,16,45
0.113,1000,45,189.122257238812,533.53679751777,189.122257238812,13790.0781348446,14224.8303668237,13898.371962531,43.10239032981,35.3443857068589,33.7558120366069,-410.194275375151,27.8001189651782,1.49011611938477e-08,1.49011611938477e-08,1.94759845055658,1.44731080580675,1.9733109975832,2.29084321818723,16,45
0.114,1000,45,125.831679314031,535.449061505168,125.831679314031,14143.5271722126,13823.6148632578,13924.2109224467,47.6997929503349,36.5350188848064,35.0860274816749,-640.718010197062,57.4875772019138,1.49011611938477e-08,1.49011611938477e-08,1.8473548100332,0.821978334388035,0.897963722293862,1.8314719629489,16,45
0.115,1000,45,242.787800229635,531.972168644417,242.787800229635,14064.5779932324,13503.4955358936,14345.4685721254,53.6908230841047,38.7560784111642,36.1971518240358,-771.519096339763,-9.20578923097219,1.49011611938477e-08,1.49011611938477e-08,1.79048730868879,0.587971947620788,0.240503903863046,1.86245018672613,16,45
0.116,1000,45,506.093340462664,461.157243369607,506.093340462664,13672.9299086365,13677.5480003131,14639.8117172833,58.3547035389035,40.9503283797057,35.4948103220778,-750.603735401812,-100.950151381926,1.49011611938477e-08,1.49011611938477e-08,1.86791667462739,0.620319051819732,1.49011611938477e-08,2.33275519534197,16,45
0.117,1000,45,613.998907924362,535.524674118726,613.998907924362,13458.3419137138,14108.2431797394,14455.9547658341,60.1007007687258,42.215089737922,32.5695270500512,-663.647610840852,-150.711946542187,1.49011611938477e-08,1.49011611938477e-08,1.94008170175889,0.617477174932707,1.49011611938477e-08,2.68990951956895,16,45
0.118,1000,45,595.158242710685,527.231907292585,595.158242710685,13711.491116809,14246.4361140274,14036.8904609956,60.0523439672126,42.3887480583491,28.9923665979912,-594.71467132578,-121.764178535627,1.49011611938477e-08,1.49011611938477e-08,1.95805539749447,0.387741930627247,0.364530541053077,1.90156444183162,16,45
0.119,1000,45,532.458235761585,338.756508880421,532.458235761585,14097.1815587054,13931.3102903973,13925.2132566008,60.0920457069207,41.5545402280919,27.6305046809305,-559.546544211535,-35.8115598711525,1.49011611938477e-08,1.49011611938477e-08,1.87990707951484,0.318386066215264,0.788507318444225,0.919934510385353,16,45
0.12,1000,45,462.670144843142,515.522338990649,462.670144843142,14130.8987785074,13552.263998199,14272.2849279993,60.4847586566612,39.7049716799757,29.8129568871355,-517.432646940446,38.8303514027551,1.49011611938477e-08,1.49011611938477e-08,1.79150564479758,0.71983503525547,1.28039676271489,0.696301872756869,16,45
0.121,1000,45,527.522727062178,370.87014618591,527.522727062178,13752.388400521,13609.8520895001,14600.2825722052,59.8807117621645,36.6806922489643,32.962039539551,-441.586994114362,66.0511023818491,1.49011611938477e-08,1.49011611938477e-08,1.84879067000946,1.19622819206325,1.82128897525814,0.948095713980155,16,45
0.122,1000,45,615.950235074667,-12675.8651406853,615.950235074667,13427.4424549828,14031.614472863,14469.5082174873,59.3644156919829,32.4950641421138,36.1467217160871,-402.368510245791,69.0147417932026,1.49011611938477e-08,1.49011611938477e-08,1.92906107914262,1.6352202661294,2.31275510774014,1.33109506892429,16,45
0.123,1000,45,603.524873922383,-6821.28839288314,603.524873922383,13578.4004985023,14275.8906714334,14032.5702031666,58.8478287808788,29.0847369548743,37.5050630176918,-446.806541263104,29.0958880059377,1.49011611938477e-08,1.49011611938477e-08,1.95558646375228,1.83790799714127,2.37152673267333,1.78184709527477,16,45
0.124,1000,45,561.098530896081,29.9703487847755,561.098530896081,13978.6272599611,14050.3879295079,13811.251459266,58.8514003019147,27.9463041067476,37.1449637134683,-550.243131183989,-48.7662485164249,1.49011611938477e-08,1.49011611938477e-08,1.90620702316971,1.70657462627905,1.45458485823594,2.18134353547618,16,45
0.125,1000,45,564.997041466536,58.6955870806941,564.997041466536,14064.8169438411,13636.1132780308,14079.9597053122,60.3407983998299,28.9002845807195,37.2586518059477,-651.128133772728,-91.6060399153458,1.49011611938477e-08,1.49011611938477e-08,1.81531929664121,1.38460058587053,0.860208125683985,2.12636301296401,16,45
0.126,1000,45,597.117658597512,-4878.79482375912,597.117658597512,13740.4873376988,13566.9507770022,14493.5271360887,61.3189023354855,30.1903017950318,37.3039890324893,-672.008508225055,-105.524724182191,1.49011611938477e-08,1.49011611938477e-08,1.8444674503796,1.23189641492322,0.636584931226305,2.01354274713019,16,45
0.127,1000,45,582.586406897405,-2135.70126088268,582.586406897405,13338.8302034123,13936.296323756,14505.3282245312,61.5350783493668,30.8148710718723,37.1393779478735,-665.876343626837,-85.6969681154977,1.49011611938477e-08,1.49011611938477e-08,1.92266793688293,1.200722307633,0.568468321331408,1.89050219978185,16,45
0.128,1000,45,569.182788928924,-446.003417600927,569.182788928924,13381.5032157341,14256.9297924824,14086.1070028912,61.2703701256862,30.8673033513028,36.6958127249771,-690.607959310572,-82.427883178352,1.49011611938477e-08,1.49011611938477e-08,1.95289020509623,1.20459951135109,0.557855099822084,1.80663831910778,16,45
0.129,1000,45,548.22936662734,221.517301183698,548.22936662734,13838.5546237263,14125.4735607094,13766.1079375645,60.1563013650928,31.2056909132811,36.0108884962132,-700.488317059935,-193.322349882145,1.49011611938477e-08,1.49011611938477e-08,1.93125028523167,1.30723986139655,0.679368242399077,2.12288794829687,16,45
0.13,1000,45,514.245264215034,429.889831202226,514.245264215034,14116.9689706407,13699.3721904295,13962.5587886248,57.5171463072662,31.7887927706285,35.562497474772,-602.787487774496,-356.555646137629,1.49011611938477e-08,1.49011611938477e-08,1.82066586553946,1.56326292736622,0.918966364630662,2.83109026999954,16,45
0.131,1000,45,483.545537963345,499.435758797757,483.545537963345,13903.5028045421,13513.7572597987,14408.3263467004,53.200972367413,32.0544348952,34.8545342998919,-444.07842960327,-443.458753207855,1.49011611938477e-08,1.49011611938477e-08,1.81230403612348,1.90558868554549,1.23811306799086,3.2115033279962,16,45
0.132,1000,45,441.606172619823,522.215589774973,441.606172619823,13495.4913244334,13815.1167075004,14562.1301017179,46.8106854874238,31.4417571476642,33.7082472990149,-298.237510896717,-434.506243410338,1.49011611938477e-08,1.49011611938477e-08,1.89992592922118,2.19722005698803,1.59250902314025,3.55134754619016,16,45
0.133,1000,45,374.187793381386,527.833936658363,374.187793381386,13415.2537978413,14205.5884101529,14237.4376154395,39.9430860521253,30.0490811880099,33.0242346704884,-252.8358254255,-330.108248886895,1.49011611938477e-08,1.49011611938477e-08,1.94818622676786,2.21139127024597,1.78826387955761,6.4766010044455,16,45
0.134,1000,45,284.855773334663,530.673924566181,284.855773334663,13781.1835375469,14193.9209751842,13840.4040724936,36.9780558466676,28.8564117566768,34.0778696915145,-336.943875512577,-176.62737531162,1.49011611938477e-08,1.49011611938477e-08,1.94304944059356,1.53674762125271,1.63913606411426,6.64069019487503,16,45
0.135,1000,45,269.700702533866,531.149080745184,269.700702533866,14136.6758108112,13791.7002867222,13893.3268410602,38.9351137770229,28.5049925137541,36.3492794433675,-473.256220417458,-82.4398780100341,1.49011611938477e-08,1.49011611938477e-08,1.83450710686281,0.999005353749797,1.34407618044743,3.14200943626357,16,45
0.136,1000,45,401.852605725625,526.651152862406,401.852605725625,14059.1570377025,13499.4872691099,14333.6463426274,42.2985201234163,28.7787542914232,38.2280901089948,-527.870792437107,-94.5944195576492,1.49011611938477e-08,1.49011611938477e-08,1.78403268496831,0.959242001169966,1.19574378616056,2.82599879926524,16,45
0.137,1000,45,613.034592054945,-11139.1946528171,613.034592054945,13666.3894227125,13701.9418175015,14608.6639073483,43.2316259303859,29.1070515616092,38.0886699590147,-483.517837881589,-147.329917305942,1.49011611938477e-08,1.49011611938477e-08,1.86964047584156,1.13170250357375,1.23306037504374,3.47202640538803,16,45
0.138,1000,45,604.832686137001,-7284.72833537689,604.832686137001,13481.9087664445,14123.2761034073,14403.3696737804,41.0943085149741,29.1101294812106,36.0725290623032,-435.948565631713,-161.0056871106,1.49011611938477e-08,1.49011611938477e-08,1.94125521702612,1.14422887227751,1.29283002832574,4.07251668197937,16,45
0.139,1000,45,573.54986940469,-1044.0522379348,573.54986940469,13755.5301335298,14224.9748760825,13987.241194987,38.4091276205993,29.1995403854412,33.4352108570561,-466.743243088004,-108.023569542811,1.49011611938477e-08,1.49011611938477e-08,1.95505844317011,0.7354678506057,1.20765266833236,2.68585466068634,16,45
0.14,1000,45,463.199913783633,515.020053119194,463.199913783633,14129.1024498537,13882.7301997108,13905.338807252,39.4320698608011,29.7729321603535,32.7203347944771,-564.187401538748,-34.9601542723661,1.49011611938477e-08,1.49011611938477e-08,1.86707047530439,0.353131155763263,1.04919276866814,1.35370790443686,16,45
0.141,1000,45,416.87460464475,525.557375745033,416.87460464475,14148.9384763124,13513.3620171655,14283.0975064498,43.2013698827912,30.6009399262923,33.9592341265489,-614.226333247988,-18.7557376211606,1.49011611938477e-08,1.49011611938477e-08,1.78199981921688,0.503284933774952,0.971710518715217,1.20312388114845,16,45
0.142,1000,45,427.521462278842,524.489604563882,427.521462278842,13731.3497495198,13599.0398901446,14579.1167320629,46.7461553606114,31.0802470116802,35.7237132450523,-577.268401177007,-41.4267723482212,1.49011611938477e-08,1.49011611938477e-08,1.84796975674064,0.83082411605497,0.984879097146114,1.57723700033848,16,45
0.143,1000,45,591.93699412037,-298.040637794331,591.93699412037,13413.8358949074,14029.909901957,14409.9057205046,51.1811285119033,31.2217204783927,38.3412474792874,-537.887799914772,-82.9490122909001,1.49011611938477e-08,1.49011611938477e-08,1.9285492204862,1.19152655671909,0.987660817037056,2.15620177772535,16,45
0.144,1000,45,608.749331721972,-8884.01228346021,608.749331721972,13590.5606652161,14262.7043214463,13975.6071516304,53.3163649690266,31.2782083754352,39.4846454639358,-502.905115493798,-160.804120993416,1.49011611938477e-08,1.49011611938477e-08,1.95257436152553,1.50224442754773,0.945436354012527,2.93118527655252,16,45
0.145,1000,45,575.978171478415,477.399245352441,575.978171478415,13969.0790194866,14029.7144654726,13804.1786141803,53.48423671504,31.2252371575792,39.5724416860401,-471.04808049121,-200.884298255044,1.49011611938477e-08,1.49011611938477e-08,1.90059162533907,1.63226372587081,1.02471613498526,3.21813311243907,16,45
0.146,1000,45,580.674502908901,-136.303598336528,580.674502908901,14023.9130556207,13627.145804306,14092.6068780993,54.0810411452694,30.2988078828529,39.6910314920208,-466.452413360262,-136.54820707857,1.49011611938477e-08,1.49011611938477e-08,1.81468164940185,1.53490823349685,1.31929590878049,2.27481512420791,16,45
0.147,1000,45,591.524534771426,525.575335741946,591.524534771426,13705.7199987923,13587.1968602369,14502.1707463325,54.2025151179574,27.9860905432184,39.1385140692101,-433.466746781915,-60.965898194292,1.49011611938477e-08,1.49011611938477e-08,1.84860719998936,1.56460427523636,1.72238425540357,1.74144403264857,16,45
0.148,1000,45,569.395313612855,351.616585515063,569.395313612855,13337.7747861794,13955.6025313791,14489.1531224597,53.9339678172577,24.8139652708365,38.4491330626097,-428.926511207153,4.89893752650423,1.49011611938477e-08,1.49011611938477e-08,1.92489313743857,1.64490167635661,2.1058806171481,1.54440658252411,16,45
0.149,1000,45,543.554271849451,260.888545817747,543.554271849451,13415.3527334035,14243.0310113797,14053.2882627242,54.0823138382992,23.3371703964984,37.6184953122449,-528.960287050908,11.1561034458001,1.49011611938477e-08,1.49011611938477e-08,1.95431358875583,1.57899889573252,1.96738020820698,1.5954772395593,16,45
0.15,1000,45,477.388127380225,505.076039948381,477.388127380225,13884.1259269747,14080.2012534514,13755.4420117745,54.2428792903182,26.1287537813658,37.1814464911966,-664.188307862708,-140.233176011101,1.49011611938477e-08,1.49011611938477e-08,1.92433599436484,1.49183299734657,0.983729859659695,2.17689191075742,16,45
0.151,1000,45,431.267899687183,523.998530855183,431.267899687183,14139.4427152348,13651.3872048204,13976.2709252123,53.5921686366042,31.6126335754988,37.1985952599822,-687.017757744493,-370.531553437338,1.49011611938477e-08,1.49011611938477e-08,1.81049622808589,1.54463482225368,0.455373156090764,2.85582374907835,16,45
0.152,1000,45,367.951166307254,528.06110336789,367.951166307254,13895.9214080821,13492.0662482438,14408.4287162536,51.9886899643326,36.9258613251073,36.4014969570431,-597.393883843247,-530.367697290284,1.49011611938477e-08,1.49011611938477e-08,1.81152480941657,1.67149017608394,0.29436070264456,2.43280576217638,16,45
0.153,1000,45,329.71034357897,529.32550136142,329.71034357897,13484.4384390688,13811.9816672719,14514.8786086463,49.3336310513996,40.6308803166229,34.9805487068243,-480.634484343639,-557.249439230176,1.49011611938477e-08,1.49011611938477e-08,1.90175759130353,1.76136944198592,0.412261769833723,2.27471413260283,16,45
0.154,1000,45,301.095806026527,530.188527515645,301.095806026527,13430.3042353189,14193.4592814793,14151.5722492467,46.9334015624388,42.6065813285346,34.4072120211964,-410.653662484893,-484.767023618895,1.49011611938477e-08,1.49011611938477e-08,1.94764634225551,1.64045611859608,0.554323537584008,3.31613111104681,16,45
0.155,1000,45,256.146727230192,531.538258625039,256.146727230192,13817.8947514648,14162.928320445,13766.9644773409,46.3282209970806,43.4593807213384,35.4525453034077,-396.601068803944,-365.515529267934,1.49011611938477e-08,1.49011611938477e-08,1.93503062080825,1.38455051582371,0.718707078873469,10.627052889696,16,45
0.156,1000,45,280.944988505703,530.814613480531,280.944988505703,14161.330201162,13757.2106020603,13850.8191988233,46.8438845575331,43.5243215459959,37.5285569360523,-390.053136653575,-276.357009966421,1.49011611938477e-08,1.49011611938477e-08,1.82006296321183,1.34561334605197,0.999342552366315,8.48666030481046,16,45
0.157,1000,45,425.272895137959,524.856727340483,425.272895137959,14054.260508697,13491.1506623591,14298.8707497576,46.1866617431193,42.8783016835743,39.120673927496,-335.052291145444,-251.663537844361,1.49011611938477e-08,1.49011611938477e-08,1.7806151691268,1.63571738752105,1.41150614732377,6.33041874159898,16,45
0.158,1000,45,603.572215569149,529.834091146997,603.572215569149,13652.1166972636,13719.7056852473,14543.9839607772,42.9972244312703,41.6456534191389,39.3963202699082,-257.301259478905,-254.143402599798,1.49011611938477e-08,1.49011611938477e-08,1.87290945858313,2.07019521673128,1.90804902908268,7.29030657596308,16,45
0.159,1000,45,595.902379154956,527.464883496996,595.902379154956,13495.9189354436,14134.5535277576,14323.006995787,36.6292829527856,40.470923972004,37.88043193287,-237.668409479058,-232.833302321634,1.49011611938477e-08,1.49011611938477e-08,1.94255957146399,2.22338197544602,2.14344018828971,8.85146709191956,16,45
0.16,1000,45,548.848128681573,215.323895151553,548.848128681573,13787.1785576974,14207.7786141313,13914.1259702756,30.3550397045206,40.199553934093,35.5911065730061,-346.561877943715,-153.268696917384,1.49011611938477e-08,1.49011611938477e-08,1.95193898226329,1.32581049647817,1.63950519334707,7.43778309120554,16,45
0.161,1000,45,418.450821308584,525.369342444846,418.450821308584,14152.5791869179,13845.8123386358,13862.7812084574,32.0519178734442,41.3661808414617,35.1474855825944,-534.358852371184,-84.7581316951672,1.49011611938477e-08,1.49011611938477e-08,1.85534651654545,0.493813897450935,0.971378834136161,2.56288064673247,16,45
0.162,1000,45,357.309775002025,528.421661182363,357.309775002025,14145.4096783584,13489.5154885536,14256.864294973,39.0684862149897,43.7024888668551,36.0693705604392,-665.893331393739,-102.650697078948,1.49011611938477e-08,1.49011611938477e-08,1.77627756718592,0.365785501750953,0.511777570383033,2.24421181969863,16,45
0.163,1000,45,316.462779885591,529.734478326611,316.462779885591,13713.9524704995,13604.8556328434,14529.2676403752,46.4560448815068,45.9621801815932,37.5781052772966,-667.09233100373,-159.500353197841,1.49011611938477e-08,1.49011611938477e-08,1.84939041877347,0.646542829535209,0.177629472138776,3.01694844291832,16,45
0.164,1000,45,493.358563587028,487.043472150283,493.358563587028,13419.306082239,14041.5352422966,14332.8003331998,53.5930561642107,47.5149114995816,40.3497462614102,-623.441884964687,-237.309877779422,1.49011611938477e-08,1.49011611938477e-08,1.92937800273276,1.03268721387051,1.49011611938477e-08,4.38784604749124,16,45
0.165,1000,45,614.46868512376,-11840.8307547031,614.46868512376,13622.3334366391,14260.6527790792,13909.7846169425,57.1182322081282,48.0878059146606,41.991330005187,-525.376928102671,-345.566797078484,1.49011611938477e-08,1.49011611938477e-08,1.95150918005623,1.45166335492006,0.35321913775854,6.08639776254093,16,45
0.166,1000,45,588.923508966814,-3167.13324111332,588.923508966814,13991.8950500031,14007.6915867585,13766.456723172,57.4481489415534,47.2171561187172,42.0096374161779,-399.449043584925,-368.669758344315,1.49011611938477e-08,1.49011611938477e-08,1.89189758728367,1.75038645649193,0.843113579252818,6.44015788436438,16,45
0.167,1000,45,584.209207789448,-2339.65579273123,584.209207789448,14017.4874171444,13615.8471197319,14072.4191283608,57.3808295298584,44.6043174096369,40.9966403485299,-314.08429170546,-246.089649408652,1.49011611938477e-08,1.49011611938477e-08,1.8102846649302,1.83412735952371,1.41403346863459,3.62669164746378,16,45
0.168,1000,45,576.081454850351,-1299.71585391481,576.081454850351,13687.5549657422,13603.2479914371,14473.222505306,56.9881046697023,40.5148932032074,39.2888494723575,-246.393626541593,-118.264486084711,1.49011611938477e-08,1.49011611938477e-08,1.85059017617667,2.02704647377349,1.82933903091854,2.32853133406845,16,45
0.169,1000,45,533.853843985354,331.389765327363,533.853843985354,13341.6902325827,13980.4495335475,14438.8426052749,56.4999204603028,36.1445571921622,37.9644314604373,-251.485506756811,-25.1633476387823,1.49011611938477e-08,1.49011611938477e-08,1.92599851574225,2.26123622537133,2.24842560023503,1.9377602339224,16,45
0.17,1000,45,493.037380361452,485.636898743305,493.037380361452,13450.2182267004,14247.2153851315,14003.8810615474,56.8669506021347,34.3268192135103,36.8862614836679,-398.681602602784,-6.66462505766338,1.49011611938477e-08,1.49011611938477e-08,1.95388075521808,2.14018642395947,3.52554816696039,1.9756817309324,16,45
0.171,1000,45,473.8103192019,508.64781677542,473.8103192019,13917.893087513,14056.9496376035,13735.6726412875,57.7043168477916,36.628419782263,36.3200044147849,-598.858046424062,-134.230442320449,1.49011611938477e-08,1.49011611938477e-08,1.91663608071535,1.76072475566388,1.09215630761628,2.5647215231336,16,45
0.172,1000,45,414.751901280407,525.66898297186,414.751901280407,14161.3218985877,13622.6995970177,13992.7926559969,58.1334124413934,41.3908237968351,36.4692432830482,-697.896729862445,-378.212960768624,1.49011611938477e-08,1.49011611938477e-08,1.80134427899566,1.57860218925128,1.49011611938477e-08,2.86539518875734,16,45
0.173,1000,45,364.547382741978,528.180689144102,364.547382741978,13896.1287145592,13489.8365717457,14421.1439423762,58.0980549738478,46.3622787131618,36.096258173089,-657.024978485983,-548.821785526233,1.49011611938477e-08,1.49011611938477e-08,1.81207377491648,1.53471749907171,1.49011611938477e-08,2.20415405554295,16,45
0.174,1000,45,355.759691210024,528.497331099814,355.759691210024,13491.1040247576,13826.7008458349,14493.5475455825,57.3718104133286,50.0336511421236,35.3155510542352,-563.011177799591,-580.971200473521,1.49011611938477e-08,1.49011611938477e-08,1.90407686872006,1.51056235150081,1.49011611938477e-08,2.08741104403804,16,45
0.175,1000,45,332.257713831143,529.240775830417,332.257713831143,13466.1982068075,14195.3547299522,14116.1009412505,56.5957084957595,52.0955022782285,35.4649617822005,-489.21266065785,-513.263737777792,1.49011611938477e-08,1.49011611938477e-08,1.94780044119312,1.37796774626998,1.49011611938477e-08,3.12119630752584,16,45
0.176,1000,45,302.664171423854,530.153187043766,302.664171423854,13862.3741875261,14138.2902720888,13748.9226480365,56.6135839488907,52.862115600624,37.2408794015049,-447.688079179288,-401.186854373766,1.49011611938477e-08,1.49011611938477e-08,1.92885503000506,1.27614870812103,0.147007673421749,10.6762560278389,16,45
0.177,1000,45,328.130228879132,529.377374392657,328.130228879132,14187.1104036984,13725.6740711281,13863.6569988144,56.6764490574034,52.571410665269,39.9175952593114,-397.201722240882,-299.781977591816,1.49011611938477e-08,1.49011611938477e-08,1.8104347459698,1.44145988638343,0.776958063475346,10.8236811269947,16,45
0.178,1000,45,482.19802440703,501.886419038217,482.19802440703,14047.7901233823,13487.4265204148,14310.1145093916,55.0924219089117,51.2175246943403,41.9631047000906,-306.913140154872,-258.348947319662,1.49011611938477e-08,1.49011611938477e-08,1.78310756148171,1.91617509220421,1.40641302680708,7.25542012700385,16,45
0.179,1000,45,609.699147819867,-9252.97918118386,609.699147819867,13649.6481669729,13741.0694222051,14539.1614129492,50.9108007443695,49.1003558346943,42.5925780617286,-215.151781617952,-244.27233759415,1.49011611938477e-08,1.49011611938477e-08,1.87794355168037,2.56510352887317,2.14308365701187,8.33185451363385,16,45
0.18,1000,45,596.234368558963,-4680.49414452119,596.234368558963,13522.43129122,14151.7589245692,14303.4492953739,43.2661116166582,47.1448637745138,41.1687608993849,-202.314347574065,-209.97830829925,1.49011611938477e-08,1.49011611938477e-08,1.94463616137843,2.93853456869545,2.5602176915473,10.8328598993132,16,45
0.181,1000,45,547.81712789239,224.429561370765,547.81712789239,13829.6802356927,14199.9671910764,13912.0166227803,35.3632629571003,46.3728343336777,38.6013582893257,-329.091075699987,-119.180638888211,1.49011611938477e-08,1.49011611938477e-08,1.95093237336852,1.67506053243433,1.80711535292938,7.85698724483892,16,45
0.182,1000,45,413.970514191756,525.748779445322,413.970514191756,14178.9318508577,13819.5816409656,13890.4180105085,35.2221875940534,47.2122779170577,37.7479494166297,-566.141736921725,-33.8679268973301,1.49011611938477e-08,1.49011611938477e-08,1.84957510563617,0.522568777716212,0.935601347164681,2.4996395973397,16,45
0.183,1000,45,321.578026527187,529.578357293651,321.578026527187,14141.0024183784,13480.6945875572,14294.8813735953,41.9787655193618,49.3185709201407,38.6714931352138,-732.871034798891,-49.5877134778271,1.49011611938477e-08,1.49011611938477e-08,1.77831958058466,0.113811760810671,0.345004187008429,2.02980922446184,16,45
0.184,1000,45,258.493325589174,531.478704588256,258.493325589174,13695.569725492,13623.5631117029,14541.0087492755,50.0598393575234,51.5257098145276,40.4263240326372,-756.913261151956,-113.158840885421,1.49011611938477e-08,1.49011611938477e-08,1.85583175638603,0.457347925951212,1.49011611938477e-08,2.60561654841647,16,45
0.185,1000,45,464.12907951322,515.645107400447,464.12907951322,13426.6569845063,14061.5716904567,14319.8416494025,57.2676716432859,52.9402817673367,43.3056225033826,-715.777855887693,-206.860447265078,1.49011611938477e-08,1.49011611938477e-08,1.93200009401776,0.860002940116854,1.49011611938477e-08,3.79783712810886,16,45
0.186,1000,45,615.19212659118,536.401831043776,615.19212659118,13655.6765037965,14261.4661585374,13901.5085497338,60.4582254132097,53.0632501412228,45.0380246174277,-603.894008974448,-328.763545376146,1.49011611938477e-08,1.49011611938477e-08,1.95109642909718,1.30129961303828,0.31248770925702,5.66083034709177,16,45
0.187,1000,45,590.956908143001,525.395682559769,590.956908143001,14020.9501592817,13988.7561242774,13783.5236598185,60.2339480725457,51.3412072156453,45.1661623911443,-429.120276716351,-367.152977059399,1.49011611938477e-08,1.49011611938477e-08,1.88532038352173,1.67728958412259,0.905096431772095,6.15746059954676,16,45
0.188,1000,45,581.801901683617,507.934754499271,581.801901683617,14018.7390219673,13602.1688812932,14109.2615666879,59.5879989269354,47.7863506440247,44.3828450463389,-300.538021407312,-250.131169417589,1.49011611938477e-08,1.49011611938477e-08,1.80825637384222,1.88177449489628,1.50506743732234,3.73234397375366,16,45
0.189,1000,45,569.427220424482,353.444131250082,569.427220424482,13655.8793076134,13617.2378720333,14486.2402194429,58.9713657759357,42.9077873538498,42.6043865080513,-218.665176656785,-113.957698071812,1.49011611938477e-08,1.49011611938477e-08,1.85650657770743,2.13447953310407,1.80752630393907,2.45722138869796,16,45
0.19,1000,45,524.560160941614,385.752988668917,524.560160941614,13321.0122915947,14002.8942565452,14419.0893454758,58.4907025731645,38.0480360455048,41.1415979057259,-231.554301453332,-15.7001166605595,1.49011611938477e-08,1.49011611938477e-08,1.92893272456486,2.39763386618226,2.12948150257311,2.05402153565321,16,45
0.191,1000,45,492.236607136409,486.800865417949,492.236607136409,13458.6252453594,14250.6305636574,13976.3762723471,58.9899630187766,35.9660254446751,39.8903893423521,-383.647872705962,2.73005914302229,1.49011611938477e-08,1.49011611938477e-08,1.95441663011141,2.25725222474564,4.00811390647875,2.09487511547034,16,45
0.192,1000,45,471.017141394968,510.720300560016,471.017141394968,13933.1319272095,14038.0408841599,13732.9008395152,59.8915260190269,37.8573776948921,38.8994420144894,-600.854498527491,-138.557972354195,1.49011611938477e-08,1.49011611938477e-08,1.91088624829927,1.85073371525403,1.12191717151919,2.68423544616534,16,45
0.193,1000,45,431.315936187385,523.963242964683,431.315936187385,14156.3248761418,13606.5709398144,14016.8774582811,60.2659665745756,42.1892240528406,38.2809315662547,-693.255408092075,-394.520479291583,1.49011611938477e-08,1.49011611938477e-08,1.7973191542524,1.67635656149023,1.49011611938477e-08,2.8644879270328,16,45
0.194,1000,45,371.711321017935,527.944106779009,371.711321017935,13880.862432197,13502.0013203178,14447.8172028261,59.8526293865204,46.7505856311205,37.5800422010252,-637.142461945342,-570.827011536225,1.49011611938477e-08,1.49011611938477e-08,1.81618309909718,1.67968901285564,1.49011611938477e-08,2.12120605653737,16,45
0.195,1000,45,350.001756607475,528.681936163232,350.001756607475,13489.6064586318,13855.0134080603,14496.2329699996,58.6419617357895,50.1267680487137,37.0775649331176,-536.483681407191,-591.579218625217,1.49011611938477e-08,1.49011611938477e-08,1.90790691540232,1.68524799164764,1.49011611938477e-08,2.06836284668426,16,45
0.196,1000,45,314.478547798011,529.774438121734,314.478547798011,13493.4043025497,14207.1381599608,14100.9612350248,57.7565484851128,51.9730087424518,37.8099726037527,-472.051348297977,-508.338648549765,1.49011611938477e-08,1.49011611938477e-08,1.94850549827988,1.53557719025756,1.49011611938477e-08,3.37126531788696,16,45
0.197,1000,45,253.424250682249,531.631731171534,253.424250682249,13903.8060925394,14122.4990328474,13752.2628352496,57.9813396302405,52.5725529091573,40.0986447635269,-441.487532388704,-369.523344712418,1.49011611938477e-08,1.49011611938477e-08,1.92355953265327,1.38960925232101,1.49011611938477e-08,17.8596184429903,16,45
0.198,1000,45,292.385366878517,530.473283527051,292.385366878517,14206.1558805594,13704.2073029663,13894.6400907316,58.4099870374732,52.1385797139216,43.2027232787087,-405.002277984771,-256.068553785917,1.49011611938477e-08,1.49011611938477e-08,1.80363189690067,1.52019820773922,0.749800393438513,8.63506879769219,16,45
0.199,1000,45,487.926521411395,495.229537755817,487.926521411395,14043.1420348785,13490.7630413079,14344.6957215238,57.2453433781376,50.6504853029391,45.7378366225,-323.294622000955,-210.867856426531,1.49011611938477e-08,1.49011611938477e-08,1.78526611119732,1.98832071233344,1.40198730981458,6.14876726592951,16,45
0.2,1000,45,613.997064889919,535.532698395289,613.997064889919,13651.2587496907,13766.9351529236,14548.5296607055,53.2425820991909,48.3682319165898,46.7242750225318,-234.785507936741,-200.135779915063,1.49011611938477e-08,1.49011611938477e-08,1.88269360375959,2.67752921765961,2.1508726199945,7.57776110971809,16,45
0.201,1000,45,600.486229605844,528.991667144845,600.486229605844,13551.441161999,14168.5916850152,14293.2052567385,45.5387402588923,46.2716823598881,45.5451047469442,-224.3213225716,-172.544724336362,1.49011611938477e-08,1.49011611938477e-08,1.94682302950239,2.99906346777443,2.50779632829831,10.7800848583266,16,45
0.202,1000,45,559.957048695514,138.204691852111,559.957048695514,13874.0596638592,14191.0078439087,13912.5744010967,37.5245004080307,45.5217659652463,43.0875925502214,-359.456542206952,-83.2989308866807,1.49011611938477e-08,1.49011611938477e-08,1.94907487113622,1.64910381945717,1.68473937643001,6.40020596631313,16,45
0.203,1000,45,427.754068528003,524.374027699426,427.754068528003,14205.247070882,13798.9781709333,13919.4575144626,36.7978398517959,46.3796757331422,42.0966197158306,-595.522970462276,-2.08924837160613,1.49011611938477e-08,1.49011611938477e-08,1.84355060026556,0.536988506518986,0.843694100564824,2.41712861650668,16,45
0.204,1000,45,307.010115019225,529.994908689719,307.010115019225,14137.5001554735,13479.9201424387,14331.2875951363,43.1448881811086,48.4347130986051,42.9285434723616,-757.147991634388,-17.0729342801403,1.49011611938477e-08,1.49011611938477e-08,1.78059820826742,0.197226290852846,0.214872261838786,1.96831428100822,16,45
0.205,1000,45,257.843515088692,531.497869659182,257.843515088692,13682.7216593002,13650.738154656,14553.1667600385,51.0313959691297,50.5627763216671,44.6654330122978,-779.725603061853,-78.49442235047,1.49011611938477e-08,1.49011611938477e-08,1.86208136593359,0.507788655263526,1.49011611938477e-08,2.46333115801984,16,45
0.206,1000,45,454.803087029122,519.068925722055,454.803087029122,13440.4084271593,14089.8667111435,14309.8550357238,57.8461093300082,51.8592065642196,47.3026944129516,-740.140094239766,-169.333751100835,1.49011611938477e-08,1.49011611938477e-08,1.9344576715002,0.905491562625683,1.49011611938477e-08,3.55201741345495,16,45
0.207,1000,45,614.111663599187,-11599.1115068741,614.111663599187,13692.5763885255,14261.7542390764,13893.9125714744,60.7261744583653,51.8259674628947,48.8885625309333,-619.221150950079,-300.677950712218,1.49011611938477e-08,1.49011611938477e-08,1.95012423357476,1.3586686221646,0.291941927988251,5.37673532951802,16,45
0.208,1000,45,589.718684719446,-3310.48099933828,589.718684719446,14045.2095434311,13966.5206645822,13801.5718135875,60.2990548006301,49.947347409284,49.0163466695706,-442.451744931476,-337.357877931312,1.49011611938477e-08,1.49011611938477e-08,1.87905490499615,1.74800744252638,0.908592183120718,5.85675467468391,16,45
0.209,1000,45,582.319686327331,509.563256592074,582.319686327331,14019.4639323947,13592.1193456529,14145.104867208,59.5647905213332,46.290316865847,48.3889080926469,-314.593803427773,-223.942560059147,1.49011611938477e-08,1.49011611938477e-08,1.80749709839529,1.95863403797306,1.51888831633044,3.67843355658625,16,45
0.21,1000,45,568.518953669589,310.627306666753,568.518953669589,13631.2070230818,13635.6665343479,14497.1605476778,58.9866877756665,41.4060222639505,46.7757622183972,-237.894759546612,-92.4509926209522,1.49011611938477e-08,1.49011611938477e-08,1.86231397505335,2.20766104245586,1.84254414108159,2.53965434296595,16,45
0.211,1000,45,515.753237785264,424.997813357037,515.753237785264,13306.7017613292,14029.7977503427,14392.0138181238,58.8436716586623,36.6919462684601,45.0525521674397,-260.366601615169,-1.37063032733952,1.49011611938477e-08,1.49011611938477e-08,1.9316117151482,2.40584338211657,2.25425064500617,2.12960984313199,16,45
0.212,1000,45,479.389370863915,504.009272328163,479.389370863915,13471.0706739174,14254.304396777,13940.5597895893,59.7025569881494,34.9792078586887,43.2741822355644,-426.671670960475,3.56072842657079,1.49011611938477e-08,1.49011611938477e-08,1.95461273630013,2.21772667255812,3.67294961937366,2.18037362326749,16,45
0.213,1000,45,472.202558720426,509.444562951729,472.202558720426,13944.6366747286,14015.7723074658,13723.237033594,60.7190629885388,37.3989609676496,41.6624790322632,-636.437605139327,-162.974013987768,1.49011611938477e-08,1.49011611938477e-08,1.90540483229036,1.86253573203277,0.980094553728886,2.75234912858191,16,45
0.214,1000,45,456.62743127568,517.773072323533,456.62743127568,14140.5999397507,13587.965575781,14032.321519935,60.927398793702,42.0721568244247,40.3305612575967,-707.946874721077,-430.657510873763,1.49011611938477e-08,1.49011611938477e-08,1.79555128260162,1.7371064385748,1.49011611938477e-08,2.72851836730268,16,45
0.215,1000,45,407.400414232435,526.241642068684,407.400414232435,13854.1674474412,13512.5401523622,14465.7938152123,60.0157154561828,46.7280669238863,39.1553637671607,-629.951936569192,-605.659788128231,1.49011611938477e-08,1.49011611938477e-08,1.82227770427444,1.79639889235607,1.49011611938477e-08,1.97642831507432,16,45
0.216,1000,45,339.531252410503,529.007831109973,339.531252410503,13473.622746358,13880.7580968838,14488.6577780482,58.2229707078238,50.092910210297,38.3822952929462,-524.39874639209,-619.319000360371,1.49011611938477e-08,1.49011611938477e-08,1.91236019115186,1.82959149816058,1.49011611938477e-08,1.94349276625743,16,45
0.217,1000,45,263.753617433229,531.314432423377,263.753617433229,13507.6087844272,14216.0091893077,14079.6277884168,57.035812587678,51.8940359244739,38.9685103654924,-455.950951541979,-516.55574115034,1.49011611938477e-08,1.49011611938477e-08,1.94975418511744,1.64172329396064,1.49011611938477e-08,3.28369487716268,16,45
0.218,1000,45,211.458327606323,532.870511378589,211.458327606323,13928.6425222915,14103.2551023421,13750.3977882694,57.2822316392236,52.4441380361781,41.1591440305505,-431.951700753767,-359.194375708748,1.49011611938477e-08,1.49011611938477e-08,1.91932945343591,1.42214570065458,0.146292306362163,21.4603834562207,16,45
0.219,1000,45,251.452388806277,531.701680895619,251.452388806277,14212.2567560467,13680.4387333294,13922.0864639319,57.9496300568923,51.9762999314401,44.316038605502,-403.723301690968,-233.459147512066,1.49011611938477e-08,1.49011611938477e-08,1.79854188385206,1.50804085066519,0.804715762526748,7.56863239287993,16,45
0.22,1000,45,447.927899642631,521.166374921939,447.927899642631,14030.3203928505,13491.8204901912,14371.0724384359,57.0515469965884,50.5155059595224,47.1040147538349,-328.964464360812,-184.417902818167,1.49011611938477e-08,1.49011611938477e-08,1.7887134131895,1.95654707577887,1.4525297705271,5.53564759903716,16,45
0.221,1000,45,614.580129386555,535.856518187582,614.580129386555,13641.7284266023,13788.3143300487,14547.5159346283,53.2086778936094,48.355340129832,48.380855862633,-250.962206676649,-176.509626826039,1.49011611938477e-08,1.49011611938477e-08,1.88767268969446,2.6283932135291,2.18446012991101,6.92429418676248,16,45
0.222,1000,45,602.008763138364,529.535620366181,602.008763138364,13567.305477308,14180.680422236,14271.257819335,45.7360108092052,46.4917878048669,47.4297940709768,-248.10292673699,-152.535780546484,1.49011611938477e-08,1.49011611938477e-08,1.94881089734033,2.85569549732262,2.42837378828654,9.78885598637087,16,45
0.223,1000,45,562.271571810948,163.803676224142,562.271571810948,13903.8218926548,14173.4830603554,13902.3848702033,38.1078911248334,46.0240848067125,45.163367165681,-394.043212076609,-70.745079652157,1.49011611938477e-08,1.49011611938477e-08,1.94652352523414,1.52701464308751,1.53821295709506,5.97418604521768,16,45
0.224,1000,45,412.834253272499,525.781004759706,412.834253272499,14218.1869473645,13770.6338701601,13936.5672449417,37.6731942449209,47.1319116492264,44.1887666771178,-630.575934545395,-0.764092284358292,1.49011611938477e-08,1.49011611938477e-08,1.8371403587189,0.490511758874383,0.724672373467997,2.46114602658503,16,45
0.225,1000,45,288.978421590827,530.551301437893,288.978421590827,14121.2828671497,13471.4778517038,14354.6448897414,44.2203533913971,49.3679252519136,44.9627722190345,-783.177890686293,-22.7389268239606,1.49011611938477e-08,1.49011611938477e-08,1.782725764279,0.200900096922643,1.49011611938477e-08,2.05296936633642,16,45
0.226,1000,45,211.40526180897,532.888060404661,211.40526180897,13659.9616551705,13668.2261941553,14549.6549528122,52.1639146972984,51.54536081274,46.6690564556071,-800.229400245179,-81.3184091332675,1.49011611938477e-08,1.49011611938477e-08,1.86791445036654,0.527909184368397,1.49011611938477e-08,2.56577593521735,16,45
0.227,1000,45,449.925424772395,520.73625561535,449.925424772395,13445.0964969198,14106.2968386153,14281.92012168,58.942698675195,52.849301077912,49.2278405145216,-754.580746455416,-179.945529547632,1.49011611938477e-08,1.49011611938477e-08,1.93660142880302,0.93540228302946,1.49011611938477e-08,3.72874064651795,16,45
0.228,1000,45,614.941238731214,536.249798222085,614.941238731214,13719.9537239401,14255.5047178665,13871.997859655,61.7387732228896,52.7946632122107,50.7471102187165,-624.941422433464,-314.449372506579,1.49011611938477e-08,1.49011611938477e-08,1.94877551322018,1.40446087345185,0.0902824319422786,5.63165188144528,16,45
0.229,1000,45,588.943190193328,523.973243866734,588.943190193328,14062.7520376912,13942.5589830377,13805.7259016619,61.2238968237468,50.85471836038,50.870453794029,-440.133658849569,-346.799009280043,1.49011611938477e-08,1.49011611938477e-08,1.87241750629841,1.81268980263506,0.865384339683062,6.10762519309529,16,45
0.23,1000,45,581.452727786973,506.065636982064,581.452727786973,14014.3806725907,13580.0765809988,14166.9168084145,60.3730300511931,47.1198721631529,50.3050282757135,-306.537024142829,-231.989594887218,1.49011611938477e-08,1.49011611938477e-08,1.80656051119571,2.04862345914799,1.50760496245656,3.93305734630129,16,45
0.231,1000,45,563.535597903978,140.984800199159,563.535597903978,13608.4226185034,13652.2667385645,14497.6422401345,59.7347482850027,42.2342741365053,48.8257059004684,-231.998702156377,-107.289871774093,1.49011611938477e-08,1.49011611938477e-08,1.86724529384839,2.3260445537282,1.86208523322882,2.76832357983214,16,45
0.232,1000,45,515.521421778647,425.836995139972,515.521421778647,13297.4100576343,14052.1534561339,14354.2311026815,59.7683841626371,37.6725625529529,46.904946187729,-265.286788939879,-12.5271087756476,1.49011611938477e-08,1.49011611938477e-08,1.93374676755821,2.51096196516927,2.38923198966013,2.3109398682557,16,45
0.233,1000,45,489.390446308032,492.095555600751,489.390446308032,13492.1564233697,14255.8225400874,13898.9396035473,60.7254068833166,36.0472752613197,44.825980126512,-439.266227163428,-19.8788809919841,1.49011611938477e-08,1.49011611938477e-08,1.95452588698719,2.30133341930487,3.43189773590848,2.36152077873902,16,45
0.234,1000,45,473.84479753331,508.703504222798,473.84479753331,13963.0126008264,13994.0063454363,13712.3758265178,61.6862063050802,38.461767991124,42.9585347225159,-641.376406780549,-202.210898317687,1.49011611938477e-08,1.49011611938477e-08,1.89888658523426,1.95476389485485,0.855887212896476,2.86796392747966,16,45
0.235,1000,45,459.665015585418,516.807850869614,459.665015585418,14127.8486884153,13572.6475653779,14044.4194732381,61.8172707836766,43.0561149549845,41.4806042754114,-699.716198180287,-470.262564873154,1.49011611938477e-08,1.49011611938477e-08,1.79351932181408,1.84015667729068,1.49011611938477e-08,2.55183102300035,16,45
0.236,1000,45,423.797021473082,524.864141872088,423.797021473082,13822.5802345475,13525.4166276348,14469.5149044306,60.8178884293883,47.5326263378915,40.121309556479,-621.297152223034,-632.479773144197,1.49011611938477e-08,1.49011611938477e-08,1.82793702314864,1.91248608861687,1.49011611938477e-08,1.82143464750491,16,45
0.237,1000,45,362.51439412902,528.255416811496,362.51439412902,13456.5290630291,13907.6042541911,14469.3136030592,58.9120388413156,50.6952587135091,39.0539242014223,-510.020107240509,-642.949274835053,1.49011611938477e-08,1.49011611938477e-08,1.91631097468025,1.9537530071295,1.49011611938477e-08,1.802272125236,16,45
0.238,1000,45,283.499009039145,530.704459647525,283.499009039145,13519.3050431635,14223.7352475529,14050.9689179044,57.707428668368,52.3050605254948,39.3808042236712,-444.361465461365,-529.466335379932,1.49011611938477e-08,1.49011611938477e-08,1.95081855830509,1.7460794131932,1.49011611938477e-08,3.08567214849481,16,45
0.239,1000,45,208.34223031887,532.9757445854,208.34223031887,13947.0104767745,14082.5311750245,13743.4182305123,58.1102898820942,52.6233156218713,41.4923456514975,-426.264281633706,-360.119239070209,1.49011611938477e-08,1.49011611938477e-08,1.91465023006077,1.49168753360067,1.49011611938477e-08,20.3539110782845,16,45
0.24,1000,45,252.406218554663,531.680788653677,252.406218554663,14206.4142829843,13656.6979515506,13942.2427490083,59.0399873082987,51.9001970637785,44.709207603985,-404.170256441485,-227.895082636941,1.49011611938477e-08,1.49011611938477e-08,1.79439551985389,1.55913969268816,0.794513405264332,7.23871251797383,16,45
0.241,1000,45,474.414280590434,509.036675798859,474.414280590434,14005.4951900242,13494.4428137247,14392.2293195828,58.3532268947613,50.2294759379605,47.6366798977993,-336.449000083942,-179.229163658974,1.49011611938477e-08,1.49011611938477e-08,1.79324491890461,2.00621139024284,1.45519370937097,5.33028114034096,16,45
0.242,1000,45,615.202233304417,536.378959643361,615.202233304417,13624.3602939118,13810.1537537741,14546.0415108079,54.4315565892284,47.8835416438568,48.8843353599309,-254.815894894159,-170.420875705482,1.49011611938477e-08,1.49011611938477e-08,1.89280261224267,2.68072690641268,2.17860819341266,6.72970967452081,16,45
0.243,1000,45,601.684214091488,529.418246875179,601.684214091488,13576.6318151665,14190.3830348081,14251.7900720869,46.9314590536218,45.9199856742757,47.8710246217679,-258.735614455445,-143.312673659658,1.49011611938477e-08,1.49011611938477e-08,1.95059272891452,2.84539532705623,2.36831744563153,9.26623861307505,16,45
0.244,1000,45,561.061041953944,39.2088068239403,561.061041953944,13925.9392284684,14154.9030627902,13895.9032515874,39.4656435091094,45.4115633379304,45.5949992869816,-413.7242490705,-58.2321965364644,1.49011611938477e-08,1.49011611938477e-08,1.943388873189,1.49200547871933,1.47259994599551,5.32183463188489,16,45
0.245,1000,45,412.426812221562,525.811965984412,412.426812221562,14222.5822306654,13741.918213178,13958.9832764955,39.1120298227099,46.4909195365126,44.6654651899419,-652.404045302202,10.2884201683907,1.49011611938477e-08,1.49011611938477e-08,1.830936932419,0.491902066169439,0.682765521768426,2.30383440791025,16,45
0.246,1000,45,267.0844555169,531.221092327062,267.0844555169,14100.0191012672,13466.0987603669,14381.8629513416,45.5212535330318,48.5523512539284,45.5896941917929,-795.062575953285,-8.6301685596306,1.49011611938477e-08,1.49011611938477e-08,1.78559615589918,0.238060271102836,1.49011611938477e-08,1.97278860005932,16,45
0.247,1000,45,227.454957664587,532.409174934419,227.454957664587,13634.4834776853,13689.0640117234,14551.5936358758,53.240558608808,50.4881535254568,47.5344527602323,-813.718056365794,-69.0330203252189,1.49011611938477e-08,1.49011611938477e-08,1.87394360465918,0.547601343551134,1.49011611938477e-08,2.47511010795881,16,45
0.248,1000,45,459.230726156233,517.747604495317,459.230726156233,13447.1176738781,14124.2862356506,14262.2142250365,59.638160754177,51.5852496937742,50.1891065828742,-766.80937784975,-172.884067354833,1.49011611938477e-08,1.49011611938477e-08,1.93901011907881,0.949069469202218,1.49011611938477e-08,3.61620794751676,16,45
0.249,1000,45,614.066946792716,-11593.992446297,614.066946792716,13741.5666477809,14240.6613275748,13856.6491439724,62.1396852938857,51.393489813517,51.7130564465965,-636.386560976829,-310.297463325277,1.49011611938477e-08,1.49011611938477e-08,1.94750693178155,1.41154065356876,0.220438480243468,5.45356797533097,16,45
0.25,1000,45,587.592059514465,-2937.79550614985,587.592059514465,14069.9204173054,13910.5503023264,13817.8234783856,61.5337871971304,49.374139775122,51.8366023510781,-456.745393806384,-340.0618642346,1.49011611938477e-08,1.49011611938477e-08,1.86682446747391,1.80419753270617,0.892213184802756,5.8912988896802,16,45
0.251,1000,45,581.859461389855,-2014.08047244799,581.859461389855,13998.5954828631,13565.1576077064,14194.8855729682,60.67846654205,45.4698266281799,51.2548999334264,-332.632576855876,-233.366186369115,1.49011611938477e-08,1.49011611938477e-08,1.80766390733816,2.03456958900753,1.53625768361917,3.9024057513578,16,45
0.252,1000,45,562.827376239434,46.1189400266474,562.827376239434,13580.5605606617,13665.7035038929,14504.42119387,60.0342986573894,40.3784034110457,49.8181786850608,-256.066065939888,-105.75618822585,1.49011611938477e-08,1.49011611938477e-08,1.87282582908683,2.30586936427013,1.95364198232941,2.8169392664125,16,45
0.253,1000,45,505.040488835834,459.349177500313,505.040488835834,13289.4046407498,14070.8149077601,14334.4551037973,60.1146496206797,35.6697930677485,47.9470286082099,-296.010836235584,-14.3631598284909,1.49011611938477e-08,1.49011611938477e-08,1.93587922903371,2.45915401413932,2.59039681047957,2.37685742106881,16,45
0.254,1000,45,476.496706692221,506.294429111933,476.496706692221,13509.047167732,14249.5963255854,13875.8377112685,61.1296387691568,34.0875213592975,45.8204579785711,-474.23191170729,-28.9919121309763,1.49011611938477e-08,1.49011611938477e-08,1.954447061775,2.22569098098127,2.80666029516833,2.43241766598752,16,45
0.255,1000,45,475.278397362718,507.597386497778,475.278397362718,13977.7902243431,13966.7957255529,13716.8173025143,62.1032975436295,36.8173944456626,43.7725589411669,-668.613865644927,-219.396534198891,1.49011611938477e-08,1.49011611938477e-08,1.89273925648,1.90204087383239,0.72234172143341,2.92243181038959,16,45
0.256,1000,45,474.50823893587,508.04382727701,474.50823893587,14117.5699139963,13555.1206676027,14070.6802923308,62.0958619403267,41.6622759471447,42.0303232868295,-711.165032537538,-471.715703642308,1.49011611938477e-08,1.49011611938477e-08,1.79213740614797,1.81659111772153,1.49011611938477e-08,2.57620923851877,16,45
0.257,1000,45,448.776598244552,520.496140792779,448.776598244552,13796.8063069666,13537.7622029026,14485.1767852636,60.8093451929309,46.2051524648417,40.4325541460649,-618.804661564004,-633.323016399231,1.49011611938477e-08,1.49011611938477e-08,1.8340191342037,1.90586189170268,1.49011611938477e-08,1.86717785619258,16,45
0.258,1000,45,396.045233254203,526.918173451248,396.045233254203,13443.4113268653,13930.9076628756,14456.0518376128,58.6697746527261,49.2765001502393,39.2310873318035,-507.216569918093,-632.168155506879,1.49011611938477e-08,1.49011611938477e-08,1.92022182268566,1.93773638876141,1.49011611938477e-08,1.89253704445304,16,45
0.259,1000,45,304.956816506751,530.072175136386,304.956816506751,13533.3184263866,14226.8072964955,14028.4491967053,57.4695487236385,50.7529522859448,39.6398957888172,-449.540859742473,-509.350012172551,1.49011611938477e-08,1.49011611938477e-08,1.95180468412974,1.70483893661989,1.49011611938477e-08,3.41359985420068,16,45
0.26,1000,45,229.202708582298,532.343792546183,229.202708582298,13964.1112441625,14056.7587546013,13743.7489570494,58.0623695434386,50.9459758047944,41.851482786782,-444.757634694061,-337.152079463008,1.49011611938477e-08,1.49011611938477e-08,1.90998646073533,1.43606903096925,0.140069161632479,45.8431834688671,16,45
0.261,1000,45,280.116765089576,530.851523206654,280.116765089576,14199.8391475511,13629.8640785547,13969.8302881445,59.2811992376887,50.1333856868816,45.1101384191191,-435.180655609603,-216.023639538618,1.49011611938477e-08,1.49011611938477e-08,1.79121957699932,1.49741197309905,0.807317017172725,6.30240481330726,16,45
0.262,1000,45,508.16118936621,455.240321446399,508.16118936621,13978.2975131283,13493.3726839486,14419.7092806094,58.8014812422187,48.4830382420478,47.9477732169794,-368.458242340928,-172.425818643024,1.49011611938477e-08,1.49011611938477e-08,1.79844157559126,1.92197239124502,1.42250763520502,5.03115976828804,16,45
0.263,1000,45,614.901611902474,-12072.9375461151,614.901611902474,13604.8418993949,13828.6693354476,14548.9197885951,54.9336488598101,46.2712616002797,48.9250499067637,-288.505076873051,-168.624048002656,1.49011611938477e-08,1.49011611938477e-08,1.89808763276926,2.53438547992778,2.05118021297652,6.49121365035463,16,45
0.264,1000,45,600.828093581756,-5941.222766528,600.828093581756,13583.206154908,14195.6360156652,14236.4206226069,47.685371175476,44.5277162795441,47.6095102920683,-296.330498388808,-139.135905676262,1.49011611938477e-08,1.49011611938477e-08,1.95238747736893,2.58529764614817,2.12544462849594,8.56470121872569,16,45
0.265,1000,45,557.135817576549,131.365922599681,557.135817576549,13943.6810864345,14130.825556849,13894.3246762694,40.7151912031217,44.149350559623,45.1620020002409,-453.328786865306,-49.0899573416224,1.49011611938477e-08,1.49011611938477e-08,1.94015475934971,1.35151621072464,1.35263307637865,4.57472600358025,16,45
0.266,1000,45,402.744819068497,526.515965356801,402.744819068497,14222.1516268471,13709.8098692423,13985.113068972,40.7370405741069,45.2680049928033,44.2588773002512,-673.904830927487,19.1414358452632,1.49011611938477e-08,1.49011611938477e-08,1.82551602021243,0.448862469546475,0.656917605187794,2.07278534947198,16,45
0.267,1000,45,256.686739082384,531.507420423871,256.686739082384,14075.0333766108,13457.5929829494,14410.2254734009,46.9787272017965,47.2292373095462,45.3368894039438,-813.437293322308,3.48728224218228,1.49011611938477e-08,1.49011611938477e-08,1.78918906295708,0.240349606340337,1.49011611938477e-08,1.82093693998374,16,45
0.268,1000,45,219.021546843852,532.687237477408,219.021546843852,13608.1430167194,13704.6402903645,14552.0660428776,54.3444548912926,48.9519832560112,47.5383478673009,-826.594006444827,-52.6879943684737,1.49011611938477e-08,1.49011611938477e-08,1.87985375163974,0.551903054972476,1.49011611938477e-08,2.29022060803264,16,45
0.269,1000,45,491.986757441722,490.358505604827,491.986757441722,13449.3661089077,14136.1640091336,14242.6295018071,60.4102240119093,49.9168753362347,50.3245782234491,-779.062529225976,-159.784127850693,1.49011611938477e-08,1.49011611938477e-08,1.94121605934735,0.949734238364422,1.49011611938477e-08,3.36124241695036,16,45
0.27,1000,45,613.47159388224,-11266.5715951509,613.47159388224,13761.6487757477,14227.5026591704,13847.3496204242,62.5657878195014,49.6350484225072,51.8215635559882,-650.968143036232,-298.557965228852,1.49011611938477e-08,1.49011611938477e-08,1.94631103622572,1.3957417680572,0.33124270075934,5.04349239256793,16,45
0.271,1000,45,584.664868057475,-2474.60123182034,584.664868057475,14075.8083477721,13881.7681286094,13834.2976529185,61.8052874757542,47.5282264122028,51.9514611156594,-485.257974530808,-329.668509515368,1.49011611938477e-08,1.49011611938477e-08,1.86184861882424,1.76748680543584,0.927785799073729,5.43512019212532,16,45
0.272,1000,45,583.046688492849,-2181.42567297569,583.046688492849,13981.2963521405,13551.3418439552,14224.4051677714,60.9106184589245,43.5232446136324,51.4522746230129,-356.517622532781,-225.392446889933,1.49011611938477e-08,1.49011611938477e-08,1.80922229068346,1.99315599953977,1.55910998431366,3.75099976788038,16,45
0.273,1000,45,562.745763750863,50.9615742663594,562.745763750863,13552.3721352377,13679.9597073611,14512.5524287502,60.222942243418,38.2842567994797,50.1455234740611,-283.43481802098,-103.125149520208,1.49011611938477e-08,1.49011611938477e-08,1.87831302672732,2.25573987156844,2.0274967664565,2.79574575718396,16,45
0.274,1000,45,516.028579694125,423.322427896697,516.028579694125,13283.2040620701,14088.9140637597,14312.8555313498,60.2794792850246,33.4377541816078,48.3828038990612,-328.650643817567,-16.9140496960606,1.49011611938477e-08,1.49011611938477e-08,1.93784465892964,2.37888547413094,2.72038401025775,2.394585165281,16,45
0.275,1000,45,496.872003347267,478.712170515795,496.872003347267,13532.7979611435,14245.5858521884,13854.3539863388,61.1842895032728,31.7621909748849,46.3004363112493,-503.768938013043,-41.3362541716732,1.49011611938477e-08,1.49011611938477e-08,1.95429937845291,2.14948244903073,2.34963925135652,2.46875603189775,16,45
0.276,1000,45,490.31620235269,490.530350617551,490.31620235269,13997.3362585242,13942.015058066,13726.0723968328,61.9283991107744,34.6396131164938,44.24522068647,-672.9838858317,-229.759795872542,1.49011611938477e-08,1.49011611938477e-08,1.88590938645808,1.88557739142954,0.637801670892903,2.96599684443541,16,45
0.277,1000,45,475.453157962909,507.244158417576,475.453157962909,14110.1354195765,13542.6510919459,14099.5333074046,61.5789085035226,39.646424379348,42.5298372876105,-696.140617683539,-491.335552860883,1.49011611938477e-08,1.49011611938477e-08,1.79070272458786,1.85766536458291,1.49011611938477e-08,2.56831120921854,16,45
0.278,1000,45,438.301024445884,522.829460709675,438.301024445884,13772.5220416102,13554.72720585,14499.2430958101,59.864443225539,44.1598121676804,40.9343526319381,-589.106557915848,-638.762726151213,1.49011611938477e-08,1.49011611938477e-08,1.83959189993899,1.98867702390664,1.49011611938477e-08,1.88224627292779,16,45
0.279,1000,45,374.022517669884,527.840290943181,374.022517669884,13432.7758417142,13958.2320243346,14438.4059387511,57.4445435258519,47.0979253430377,39.8008748511845,-478.857960393679,-624.649832643608,1.49011611938477e-08,1.49011611938477e-08,1.92350196533233,2.03414174348082,1.49011611938477e-08,1.96309378124475,16,45
0.28,1000,45,279.517582985716,530.821650962588,279.517582985716,13551.7486342308,14232.2940928359,14000.8507758665,56.2372685776821,48.4452155292291,40.280369823254,-430.28029131886,-495.492578096069,1.49011611938477e-08,1.49011611938477e-08,1.95228990544458,1.78509026700718,1.49011611938477e-08,3.63834959737303,16,45
0.281,1000,45,208.969691769337,532.954419739968,208.969691769337,13987.2335531799,14036.0522827173,13740.0133536832,56.9453003643446,48.5465093349932,42.388748630251,-434.783798192006,-335.336580315941,1.49011611938477e-08,1.49011611938477e-08,1.90374606721792,1.49177407054209,0.276991682567814,58.8593107322651,16,45
0.282,1000,45,273.593144881305,531.047026382768,273.593144881305,14197.8767579405,13610.0168704761,13991.4047180338,58.2660028775963,47.711148146566,45.450109543813,-430.16663417012,-217.719616511843,1.49011611938477e-08,1.49011611938477e-08,1.78663928789268,1.54540160608593,0.837846086771403,6.67033985703285,16,45
0.283,1000,45,507.447646246276,456.243653641202,507.447646246276,13956.2492361819,13501.7085882856,14435.6947170754,57.7639756646952,46.0698512419537,48.0626460597463,-363.682404419491,-183.050174185265,1.49011611938477e-08,1.49011611938477e-08,1.80303355259152,1.97160838000289,1.41789227024137,5.53869845399343,16,45
0.284,1000,45,612.363039973487,-10694.3906198784,612.363039973487,13591.4817816192,13853.1137592951,14539.6505523732,53.7476323110738,43.9999813798757,48.715234659454,-286.729705845887,-183.076550410171,1.49011611938477e-08,1.49011611938477e-08,1.90248765209212,2.56901353328162,1.97434735979237,7.5040702177917,16,45
0.285,1000,45,599.091373812844,-5433.35242808666,599.091373812844,13596.4239703026,14203.8453433814,14210.9849945949,46.4390535945439,42.46810038126,47.0702369883626,-300.886025412578,-149.931964774431,1.49011611938477e-08,1.49011611938477e-08,1.95366958302678,2.53243140649609,1.96960949746965,10.1549484297166,16,45
0.286,1000,45,550.39714164011,200.116203370532,550.39714164011,13966.9298504497,14111.2252525731,13883.595504662,39.7477656031255,42.2902165610532,44.4664826816258,-451.687097115147,-60.0829883783075,1.49011611938477e-08,1.49011611938477e-08,1.93542859202024,1.26439429215311,1.24918262614372,4.70052404079405,16,45
0.287,1000,45,387.348688766922,527.298218614835,387.348688766922,14226.1299384117,13684.3245475213,14001.6401256881,40.3923618435489,43.5512386760786,43.6475177602466,-678.02284465862,13.4761086090522,1.49011611938477e-08,1.49011611938477e-08,1.81862892376918,0.401334308233942,0.607710880958768,2.07198208505762,16,45
0.288,1000,45,235.102790755345,532.153604391024,235.102790755345,14055.8127702638,13457.141196302,14429.2868997277,46.9539364299561,45.4963381198185,44.9366671528626,-804.697911649335,-0.803493767120883,1.49011611938477e-08,1.49011611938477e-08,1.79154067313785,0.26913336147277,1.49011611938477e-08,1.85261321980379,16,45
0.289,1000,45,231.177940038812,532.311812365413,231.177940038812,13589.2861936051,13728.2773580536,14544.9697015381,54.3466142603985,47.0933766841938,47.4210514092068,-812.899952848942,-55.3931022732606,1.49011611938477e-08,1.49011611938477e-08,1.88471870119769,0.593708116142132,1.49011611938477e-08,2.34857843520982,16,45
0.29,1000,45,499.309493201213,477.383258850321,499.309493201213,13459.1864192359,14152.3710906416,14214.7417359834,60.2986127532675,47.9724316745876,50.3461995646912,-763.123593106303,-167.25857047177,1.49011611938477e-08,1.49011611938477e-08,1.94296458552846,1.00042106492915,1.49011611938477e-08,3.50136886777224,16,45
0.291,1000,45,613.102019940065,-11056.806046439,613.102019940065,13788.1068911995,14210.7328411701,13827.3937120494,62.3916749089145,47.7311760456435,51.8669203952966,-644.5448594934,-302.145036532377,1.49011611938477e-08,1.49011611938477e-08,1.94365647253851,1.45356596147308,0.350121247540833,5.28335537330222,16,45
0.292,1000,45,583.542191147975,515.822757888596,583.542191147975,14084.4713543693,13851.9427301892,13842.7227195006,61.7295713514438,45.7581946719037,51.9922725877771,-480.273145794874,-334.076318828964,1.49011611938477e-08,1.49011611938477e-08,1.8552943142228,1.81394652546968,0.923414850337894,5.66302067744731,16,45
0.293,1000,45,582.422702413045,510.372530692226,582.422702413045,13965.9364242093,13541.9549677121,14245.3748040861,60.9684626229094,41.7917095382872,51.4209885720959,-360.722478438544,-229.029606348562,1.49011611938477e-08,1.49011611938477e-08,1.81027563107947,2.02689639217419,1.55120887112718,3.92443401387651,16,45
0.294,1000,45,559.786903230813,112.67549038678,559.786903230813,13528.7653751289,13697.9618464452,14510.2033746962,60.3989607920548,36.6003296622368,50.0598262908521,-296.941577439279,-109.403246680131,1.49011611938477e-08,1.49011611938477e-08,1.8830499694098,2.27314577672681,2.07342963092868,2.92394991107127,16,45
0.295,1000,45,503.951418740887,463.153895065139,503.951418740887,13283.4824479601,14107.2177986116,14287.0995881941,60.5847242548734,31.8725038245245,48.2739028870483,-350.690702813087,-27.0352677996593,1.49011611938477e-08,1.49011611938477e-08,1.9393777527291,2.36400894692904,2.7926750897636,2.49887534394482,16,45
0.296,1000,45,482.607832174788,500.276265893455,482.607832174788,13555.4882641373,14236.3784588858,13831.6740042769,61.5801453081451,30.5021127670334,46.1721395030965,-518.2562600597,-52.3643666443565,1.49011611938477e-08,1.49011611938477e-08,1.95355247695053,2.11093675815262,1.95780212857147,2.56319017915415,16,45
0.297,1000,45,492.882125086299,486.526490337938,492.882125086299,14013.0629684296,13915.2927267193,13734.1613353118,62.3748906250086,33.7667743716587,44.0999011113406,-690.563469515378,-247.301505314258,1.49011611938477e-08,1.49011611938477e-08,1.87934104099371,1.84618264931883,0.526526500767978,3.0159610077081,16,45
0.298,1000,45,491.607406086062,488.264401408681,491.607406086062,14097.8618286998,13528.4682359265,14125.9936877551,62.0102515372689,38.9383518280395,42.3882731802641,-701.927885356096,-496.58030033144,1.49011611938477e-08,1.49011611938477e-08,1.79045099677382,1.81848031804578,1.49011611938477e-08,2.60346375000903,16,45
0.299,1000,45,463.21737173135,515.082184177076,463.21737173135,13745.8986946209,13569.8570422971,14511.6360013189,60.2325922649112,43.4465918593145,40.8312006418332,-590.621327073613,-628.180155459986,1.49011611938477e-08,1.49011611938477e-08,1.8457721951241,1.93904479889782,1.49011611938477e-08,1.96637858017587,16,45
0.3,1000,45,403.310234174049,526.480754221309,403.310234174049,13423.1368006508,13981.2784641537,14424.0034374819,57.8410182799292,46.2898940571082,39.8098927161428,-484.274966214132,-603.47551685834,1.49011611938477e-08,1.49011611938477e-08,1.92684876945224,1.95760924321826,1.49011611938477e-08,2.12993258530989,16,45
0.301,1000,45,307.177549527453,530.002135878532,307.177549527453,13568.5389241104,14232.7164001049,13981.3840115423,56.786153060239,47.5228176532003,40.4656637868471,-443.745337536455,-476.771150746088,1.49011611938477e-08,1.49011611938477e-08,1.95289093773859,1.69087690998749,1.49011611938477e-08,4.26172583371517,16,45
0.302,1000,45,234.170534091888,532.206394539349,234.170534091888,14003.8807387658,14009.8404075111,13746.159428285,57.6862218572352,47.5256497310575,42.7096735678186,-455.898221247434,-310.304220647886,1.49011611938477e-08,1.49011611938477e-08,1.89832653767963,1.42010052200548,0.331472363300214,50.8069971845233,16,45
0.303,1000,45,302.90437019739,530.155305766216,302.90437019739,14190.2616734682,13587.4416643466,14022.5390693016,59.1436519933413,46.6295399526379,45.8017657058905,-454.47570294129,-202.325744760272,1.49011611938477e-08,1.49011611938477e-08,1.78437092403347,1.49506357408354,0.855502982176992,5.80235592629424,16,45
0.304,1000,45,551.311509669047,203.578333427164,551.311509669047,13930.5077752191,13506.9386097449,14463.6175186227,58.5768524070078,45.0084348029912,48.2052270543953,-385.094587211138,-177.479774551828,1.49011611938477e-08,1.49011611938477e-08,1.80878095367553,1.92047531186776,1.40533881253117,5.23201167053221,16,45
0.305,1000,45,613.508639176804,535.21877691294,613.508639176804,13575.4696029727,13874.5626183317,14541.3096389965,54.408087222423,43.033711813799,48.4926908587505,-308.417433224808,-179.032232988012,1.49011611938477e-08,1.49011611938477e-08,1.90732410401954,2.47560860106726,1.90237450905232,7.1843363746686,16,45
0.306,1000,45,597.321329275316,527.947546383067,597.321329275316,13606.8036061257,14208.636695915,14197.7258238958,47.1965021097062,41.6654914016195,46.4864752020316,-323.153342212677,-143.495462953647,1.49011611938477e-08,1.49011611938477e-08,1.95513393968613,2.35376406809939,1.85142703942575,8.95950290836435,16,45
0.307,1000,45,544.726012486578,250.35738370314,544.726012486578,13984.9873524949,14086.9796652854,13887.2037900403,40.8844524213652,41.576570993683,43.6998301831177,-483.47477932909,-42.7264609167092,1.49011611938477e-08,1.49011611938477e-08,1.93132168585976,1.15805037836882,1.18982395899003,3.92800669408835,16,45
0.308,1000,45,380.206041135919,527.598931983257,380.206041135919,14223.8423382028,13655.5516977924,14032.7176394883,41.8761793175237,42.8527625508705,42.9403652958776,-706.470550186416,32.855246920438,1.49011611938477e-08,1.49011611938477e-08,1.81382154019269,0.347553772378901,0.601348434735872,1.82486429654695,16,45
0.309,1000,45,215.807225550279,532.731233261066,215.807225550279,14030.8795499089,13454.3060477928,14459.2488280908,48.3262070819666,44.7066651529488,44.4087546765123,-822.154853272112,18.8232452416531,1.49011611938477e-08,1.49011611938477e-08,1.79578444882313,0.241771920571028,1.49011611938477e-08,1.67964557760608,16,45
0.31,1000,45,230.277328598687,532.350984102867,230.277328598687,13567.0256896557,13748.2194249857,14547.0157138005,55.4660780750667,46.1588600564762,47.1102403717003,-826.67936160335,-34.2321746698071,1.49011611938477e-08,1.49011611938477e-08,1.89012099830312,0.577321935079217,1.49011611938477e-08,2.1410138740944,16,45
0.311,1000,45,515.582943688659,429.537103260336,515.582943688659,13466.4709764719,14164.5489272123,14198.8747304363,61.1694531755405,46.9635053229763,50.1190517856917,-779.398972032624,-143.108201889931,1.49011611938477e-08,1.49011611938477e-08,1.94485517556504,0.983767280513629,1.49011611938477e-08,3.20388145249206,16,45
0.312,1000,45,612.360089916464,-10658.3044608931,612.360089916464,13809.5515387315,14196.2384171153,13824.3482204736,62.9801673610086,46.6542468311431,51.6049947794865,-656.012402047466,-287.451970825156,1.49011611938477e-08,1.49011611938477e-08,1.94175159684387,1.42507739712949,0.430352426850809,4.83727306652868,16,45
0.313,1000,45,581.118808329325,-1970.54187415553,581.118808329325,14088.4821554299,13824.6950191562,13864.6539093775,62.1666014242572,44.589164154926,51.7349372502929,-493.259070441547,-318.334450513189,1.49011611938477e-08,1.49011611938477e-08,1.85031517244075,1.77477108470757,0.964972267489025,5.19201337765617,16,45
0.314,1000,45,582.865287964449,-2162.45450219348,582.865287964449,13947.0479000317,13532.8984932521,14275.833199756,61.3208827222172,40.5643045341884,51.256935329254,-373.845923771179,-219.289363080256,1.49011611938477e-08,1.49011611938477e-08,1.81235436234366,1.99586854495679,1.57571473696125,3.74746969927163,16,45
0.315,1000,45,558.896670574276,119.083957124965,558.896670574276,13503.7832861442,13715.347375438,14516.8741397338,60.6939437609997,35.2916554450413,50.0376309632659,-312.536759557718,-104.407483925327,1.49011611938477e-08,1.49011611938477e-08,1.88794929890478,2.24272671691258,2.10181049992573,2.87984560572295,16,45
0.316,1000,45,510.150248437126,444.317944383338,510.150248437126,13283.9213128511,14125.4115037468,14265.6471706075,60.8489488144285,30.4981918076454,48.3664730915899,-365.035103023519,-28.9512215039864,1.49011611938477e-08,1.49011611938477e-08,1.94096799634692,2.31517108371894,2.76715889963271,2.4972960594994,16,45
0.317,1000,45,498.849581845056,474.637614263018,498.849581845056,13583.5912341801,14230.4689222911,13814.6620150372,61.7475635390545,29.1042848864898,46.3106372733013,-536.814944366044,-61.4255842626453,1.49011611938477e-08,1.49011611938477e-08,1.95272333205875,2.06843827913031,1.76726563490929,2.58825940251191,16,45
0.318,1000,45,503.889169389498,463.402623373279,503.889169389498,14032.2061516369,13890.3606273304,13748.7366346696,62.3480695077193,32.5482679833442,44.2594086167891,-692.512393556338,-266.429629686576,1.49011611938477e-08,1.49011611938477e-08,1.87193551627654,1.84496481724516,0.485904278114076,3.06146645667709,16,45
0.319,1000,45,490.484851182226,489.969812168375,490.484851182226,14089.0512727424,13518.332143485,14156.6408207137,61.7001459532673,37.8153028379477,42.5920031104018,-683.021138296222,-510.744971142654,1.49011611938477e-08,1.49011611938477e-08,1.78952163571706,1.85706783140229,1.49011611938477e-08,2.60332294225468,16,45
0.32,1000,45,452.01891185611,519.528982469273,452.01891185611,13722.9944836516,13588.9164768803,14523.7599769891,59.6040244723225,42.240714877747,41.0631799869365,-562.730007324512,-629.400761209627,1.49011611938477e-08,1.49011611938477e-08,1.85105027817639,2.0028647505678,1.49011611938477e-08,1.98548075690603,16,45
0.321,1000,45,381.014335385604,527.565422875374,381.014335385604,13416.6809616314,14006.8883420404,14403.5993762791,57.1041098192099,44.9471019024133,40.2151787639154,-463.820669382339,-598.285634420551,1.49011611938477e-08,1.49011611938477e-08,1.92949515078864,2.02370208594424,1.49011611938477e-08,2.22038555776677,16,45
0.322,1000,45,280.277080844543,530.810967170878,280.277080844543,13590.1020260667,14234.0941898842,13955.373531448,56.1500198206813,46.0713141935444,41.0199028623266,-427.502905809104,-463.008862700948,1.49011611938477e-08,1.49011611938477e-08,1.95277030489817,1.74493879368624,1.49011611938477e-08,4.60582783141976,16,45
0.323,1000,45,214.686373585544,532.78929704035,214.686373585544,14025.9913130626,13987.1876150741,13746.5305285569,57.1696067472468,46.0102936424661,43.2312660081353,-446.504908357423,-303.009936325691,1.49011611938477e-08,1.49011611938477e-08,1.89103257002599,1.4691277821681,0.407243023334965,41.2284589067212,16,45
0.324,1000,45,307.840562277956,530.026833864883,307.840562277956,14185.7800776535,13569.5457859357,14045.7155937641,58.6460485382726,45.1130574540954,46.1740889245207,-445.064152180685,-207.025766732546,1.49011611938477e-08,1.49011611938477e-08,1.78037798374619,1.5525079053681,0.888299195982674,6.15302389252451,16,45
0.325,1000,45,546.175673971004,248.804777097033,546.175673971004,13906.8060969432,13518.0017022761,14476.1994705043,57.9641241575128,43.5012213760513,48.3958965470907,-373.977290886251,-189.026645556747,1.49011611938477e-08,1.49011611938477e-08,1.81371777666282,1.99121772798385,1.4149559573652,5.77606550481612,16,45
0.326,1000,45,612.23587795503,-10546.8514978913,612.23587795503,13563.7644524158,13899.1931547952,14527.002709129,53.61140068309,41.6410983257836,48.4200407842143,-302.753255034238,-192.940628454157,1.49011611938477e-08,1.49011611938477e-08,1.91129107736256,2.54341107931411,1.86354423479402,8.33401728797891,16,45
0.327,1000,45,595.768526072341,-4571.21578636148,595.768526072341,13621.994341002,14213.5413984699,14170.1069994115,46.3268674884548,40.407275291573,46.2020931496539,-322.895397680808,-153.15530792319,1.49011611938477e-08,1.49011611938477e-08,1.95607035711577,2.34524638492784,1.76284915404076,10.6149046991926,16,45
0.328,1000,45,537.55711589054,305.108775923185,537.55711589054,14006.5851538118,14065.5068012634,13878.1002059878,40.2532786677443,40.468403657247,43.3374468027606,-489.367457390173,-48.8912583611687,1.49011611938477e-08,1.49011611938477e-08,1.92576739251257,1.10941034124174,1.12191401826344,4.05801563045272,16,45
0.329,1000,45,352.767026719539,528.554417876799,352.767026719539,14223.8105729693,13631.8561362428,14049.4989633105,41.7223378554572,41.8471848085077,42.6757715411555,-708.393736932258,25.2693910987726,1.49011611938477e-08,1.49011611938477e-08,1.80784061280433,0.325170367667399,0.562870479881251,1.86024920429035,16,45
0.33,1000,45,198.230502699117,533.281534535348,198.230502699117,14008.6347532384,13457.36957865,14474.308403592,48.4185898515805,43.6837751076361,44.3277255305369,-813.773518482134,11.1692507861401,1.49011611938477e-08,1.49011611938477e-08,1.79914673588386,0.284768889069368,1.49011611938477e-08,1.73989158930716,16,45
0.331,1000,45,265.392343373053,531.288265939526,265.392343373053,13548.9057417713,13772.6868783099,14534.4170094448,55.5758020621169,45.0421119070461,47.2341458058726,-816.213565817333,-38.3996481919405,1.49011611938477e-08,1.49011611938477e-08,1.89468279821284,0.620271252483559,1.49011611938477e-08,2.22955363045195,16,45
0.332,1000,45,556.820245409237,151.647661245723,556.820245409237,13477.5289360658,14178.2434934051,14170.0247741719,61.0796165814828,45.7857362224006,50.2307697131606,-765.636835806689,-155.08874593955,1.49011611938477e-08,1.49011611938477e-08,1.94626555580843,1.02978890399119,1.49011611938477e-08,3.36066775721392,16,45
0.333,1000,45,611.015582746267,533.731514207627,611.015582746267,13833.3601620701,14177.7591319869,13808.583459081,62.6963969962409,45.5095997383862,51.5850419697845,-643.817116519897,-295.995953421978,1.49011611938477e-08,1.49011611938477e-08,1.9382809138858,1.46498845464367,0.441434883319017,5.01155870519542,16,45
0.334,1000,45,577.264374261297,488.091311128036,577.264374261297,14091.8138828817,13797.5584643344,13877.0600006887,61.9337762522743,43.5300233427991,51.6688304622578,-491.024904900303,-316.275745852294,1.49011611938477e-08,1.49011611938477e-08,1.84464174193746,1.79057958934207,0.965640592896999,5.22010542017964,16,45
0.335,1000,45,584.501884054917,516.63770004444,584.501884054917,13925.9944649929,13528.2662570351,14296.1514710485,61.2145299599332,39.4929745806549,51.1461038621872,-380.533145534292,-212.441169616833,1.49011611938477e-08,1.49011611938477e-08,1.81488423367099,1.99299445045997,1.57554481237542,3.70277432941352,16,45
0.336,1000,45,560.130482061898,110.278721112601,560.130482061898,13478.5758445463,13736.5635591393,14512.4211330129,60.6737646904974,34.2459708999842,49.8590324818438,-329.086502340684,-104.220484205513,1.49011611938477e-08,1.49011611938477e-08,1.89282801891631,2.21674360692137,2.12476522854573,2.83926211653304,16,45
0.337,1000,45,508.229098647147,450.298883294428,508.229098647147,13284.8770399852,14141.2037371564,14238.7233387441,60.9145699460639,29.631248685161,48.1323550091829,-390.576096833217,-28.694279686937,1.49011611938477e-08,1.49011611938477e-08,1.94250160184793,2.25759915700917,2.73988112124641,2.4736907902206,16,45
0.338,1000,45,493.906579934158,484.888797703466,493.906579934158,13604.5508369704,14216.9340344932,13794.9439184251,61.8640479199275,28.6977462297873,46.0487743995339,-567.386579317737,-72.1056120963577,1.49011611938477e-08,1.49011611938477e-08,1.95184031692455,2.00152766000393,1.53375361355336,2.58029714892706,16,45
0.339,1000,45,502.797462321379,466.201165987213,502.797462321379,14043.9839550749,13863.3730732714,13760.6682664419,62.463336504945,32.5423745169364,44.0365993493522,-715.673287212624,-282.478462622221,1.49011611938477e-08,1.49011611938477e-08,1.86606625526735,1.78910668221384,0.381207882616437,3.01742189531651,16,45
0.34,1000,45,496.353320924128,479.838934991619,496.353320924128,14072.4546270571,13507.5694622369,14182.9234734737,61.7546374296113,37.934446054812,42.463806113157,-694.506477571446,-517.854947952092,1.49011611938477e-08,1.49011611938477e-08,1.79110676745916,1.80745810505996,1.49011611938477e-08,2.57715378841113,16,45
0.341,1000,45,461.897214102644,515.705999864502,461.897214102644,13693.7396996099,13606.6878270708,14531.8413730427,59.5961711415747,42.3396918962589,41.034766797372,-577.653873931845,-621.874235700568,1.49011611938477e-08,1.49011611938477e-08,1.85768773701015,1.94324935607872,1.49011611938477e-08,2.03197276298933,16,45
0.342,1000,45,393.899970674083,526.990201740476,393.899970674083,13407.7464051973,14029.2905135187,14385.2087819365,57.1325653009802,44.9822373975769,40.291697716868,-475.777341080045,-583.291619284074,1.49011611938477e-08,1.49011611938477e-08,1.93248041015158,1.93878943634751,1.49011611938477e-08,2.36581400534467,16,45
0.343,1000,45,292.901746857676,530.417439829698,292.901746857676,13607.1165039943,14232.0793596091,13935.3073187949,56.303145942791,46.0359255286694,41.2193786084173,-444.737613271292,-442.68959268982,1.49011611938477e-08,1.49011611938477e-08,1.95294813681697,1.65033133112351,1.49011611938477e-08,5.34915684422708,16,45
0.344,1000,45,234.889507053139,532.176816966571,234.889507053139,14039.8585562751,13961.0503352509,13754.1786068756,57.4375005901203,45.9198728169605,43.5154041337176,-466.973513705215,-284.788559309099,1.49011611938477e-08,1.49011611938477e-08,1.88529684840092,1.40210187190187,0.437855655725574,19.6079353722726,16,45
0.345,1000,45,326.672934920077,529.454541192,326.672934920077,14175.3562245929,13551.7178863689,14075.8080053282,58.9219923969417,44.9818329006977,46.4861829330411,-463.055096800681,-195.251603359757,1.49011611938477e-08,1.49011611938477e-08,1.7795330258595,1.50626726293392,0.912393762399918,5.47957813128138,16,45
0.346,1000,45,585.978809464554,-204.127424960889,585.978809464554,13881.7301662011,13529.2227851145,14500.2470230092,57.9963961058498,43.3803058901136,48.4836845461848,-391.835727433102,-182.797239035953,1.49011611938477e-08,1.49011611938477e-08,1.82021556458973,1.94323988610908,1.43016491101148,5.41846474195519,16,45
0.347,1000,45,611.700088383669,-10294.3823533886,611.700088383669,13550.7862481701,13922.8882820002,14523.4239444758,53.3536096962842,41.6113849548397,48.1797548217683,-317.806514970676,-185.457723087947,1.49011611938477e-08,1.49011611938477e-08,1.9158686533035,2.44543929027012,1.84666278887457,7.72934465100606,16,45
0.348,1000,45,593.048292224964,-3958.03806699024,593.048292224964,13635.2317022017,14217.3713659449,14154.65825281,45.9993302358888,40.5300799907733,45.6696582307253,-346.20498818049,-137.818903165179,1.49011611938477e-08,1.49011611938477e-08,1.95731053714251,2.15296698932252,1.70721277052117,8.71040842750034,16,45
0.349,1000,45,528.617519153757,361.88888610537,528.617519153757,14025.0248421027,14041.4109272195,13880.9556588556,40.3709817481911,40.6876975460658,42.8329418896818,-521.28029517748,-29.4454131851945,1.49011611938477e-08,1.49011611938477e-08,1.92080697874478,0.981310247837281,1.07976412406214,3.38122297992321,16,45
0.35,1000,45,344.533821744969,528.820695309347,344.533821744969,14220.4885601381,13607.1324969434,14078.5258215416,42.4465467315076,42.1090927691847,42.3974689463658,-736.979134859596,39.8413523137837,1.49011611938477e-08,1.49011611938477e-08,1.80371353281567,0.224784463705064,0.542739102234055,1.66563058513156,16,45
0.351,1000,45,189.651210542452,533.54189877669,189.651210542452,13983.9140016579,13460.1063058416,14498.9892471854,49.2508518439142,43.8799622566891,44.2332790653855,-829.75660009423,23.1988559951512,1.49011611938477e-08,1.49011611938477e-08,1.80389367463395,0.246539584935184,1.49011611938477e-08,1.64678027172131,16,45
0.352,1000,45,270.565211525627,531.150480482905,270.565211525627,13531.0165541536,13796.5417909378,14531.8030520813,56.3652948322713,45.168082042552,47.2825504599243,-828.290945347967,-31.3404139556294,1.49011611938477e-08,1.49011611938477e-08,1.89958032015372,0.608328273611301,1.49011611938477e-08,2.15463770464256,16,45
0.353,1000,45,569.293006640729,13.9485230046134,569.293006640729,13489.1559779422,14189.6273536644,14152.1054450492,61.755436348601,45.8641253278365,50.3216518167483,-772.980694518573,-152.772382937855,1.49011611938477e-08,1.49011611938477e-08,1.94791501235283,1.02273857739849,1.49011611938477e-08,3.27759147462901,16,45
0.354,1000,45,610.382817787409,-9653.75911298361,610.382817787409,13855.354956595,14162.8782941181,13806.61552168,63.1835608075782,45.4809724294008,51.639053898785,-647.197362426555,-291.630804674948,1.49011611938477e-08,1.49011611938477e-08,1.93574936462963,1.45083431282023,0.480087539522597,4.85870479571545,16,45
0.355,1000,45,575.313685602061,-1252.31356724139,575.313685602061,14092.8631756403,13772.3050842996,13898.7269399487,62.3277757666187,43.3307561239766,51.6998073871207,-493.253034613543,-305.116469677082,1.49011611938477e-08,1.49011611938477e-08,1.83999449016435,1.77089630249202,1.00136730669186,4.98670343526138,16,45
0.356,1000,45,581.006309457122,-1916.72105332501,581.006309457122,13909.7796110323,13524.4281540745,14326.513120795,61.5230826440537,39.1893387977525,51.1552767303066,-383.986763218451,-210.053511795846,1.49011611938477e-08,1.49011611938477e-08,1.81722341717314,1.99587721680686,1.60813655217864,3.65588962896455,16,45
0.357,1000,45,550.344931613142,202.903968798211,550.344931613142,13461.7672122915,13757.0140549028,14517.7195335007,60.9807120696676,33.8596102951133,49.9150790883499,-329.749131426902,-97.0380705765039,1.49011611938477e-08,1.49011611938477e-08,1.8969062801597,2.23046566349261,2.15267964956528,2.85414158764347,16,45
0.358,1000,45,497.186229403679,477.787714436553,497.186229403679,13296.3232815541,14159.15994292,14219.6569219413,61.2810574052449,29.2074484768795,48.241209313128,-397.69643955334,-23.0515049020148,1.49011611938477e-08,1.49011611938477e-08,1.94364631753888,2.25323491633454,2.71742192693223,2.50093662104676,16,45
0.359,1000,45,490.850336778202,489.342482228573,490.850336778202,13639.4765328491,14209.7934362523,13785.5035007953,62.2663376389101,28.2312393176686,46.1513816700586,-575.80368839434,-70.6636368208445,1.49011611938477e-08,1.49011611938477e-08,1.94991648769513,1.97990907994464,1.45003119437994,2.6195559021935,16,45
0.36,1000,45,502.759365746119,464.915953457576,502.759365746119,14064.2782137218,13839.1849231762,13783.0929774925,62.8575630598996,32.1297739188051,44.0488519702646,-715.601483728249,-282.886101039923,1.49011611938477e-08,1.49011611938477e-08,1.85829576829244,1.76986920153322,0.347135699762651,3.10943367641163,16,45
0.361,1000,45,504.625970665128,460.457528104359,504.625970665128,14064.2917434136,13500.3321204678,14217.9070171639,62.0874758931091,37.468248826601,42.3123545043712,-689.854508236035,-500.898500717518,1.49011611938477e-08,1.49011611938477e-08,1.7908415512327,1.79089597237699,1.49011611938477e-08,2.6970193037392,16,45
0.362,1000,45,473.820682403418,508.88808035635,473.820682403418,13675.4741352071,13627.8496274985,14546.1959191963,59.8540133105514,41.7391673492027,40.7003922238741,-566.189358049522,-603.633418061166,1.49011611938477e-08,1.49011611938477e-08,1.86273567162669,1.91703786593198,1.49011611938477e-08,2.15110286190326,16,45
0.363,1000,45,402.668290931643,526.548402796868,402.668290931643,13408.9411671481,14053.2350591696,14369.9342135101,57.5095524742017,44.2377087374159,40.0487065363798,-469.591718551396,-556.734417666936,1.49011611938477e-08,1.49011611938477e-08,1.93478304120272,1.88570494406911,1.49011611938477e-08,2.60004417725833,16,45
0.364,1000,45,294.642468097801,530.37710044103,294.642468097801,13633.1287070478,14230.1832799469,13920.1506242636,56.8826608987389,45.1882016152193,41.1566832726805,-445.246601995729,-413.358730346589,1.49011611938477e-08,1.49011611938477e-08,1.95250976700932,1.59025636324777,1.49011611938477e-08,6.65084907750989,16,45
0.365,1000,45,234.784464034339,532.198240680102,234.784464034339,14060.9987749412,13938.1449470603,13767.2662939338,58.1703613646398,45.0007107256622,43.6091729824372,-471.915869331605,-259.873423656429,1.49011611938477e-08,1.49011611938477e-08,1.87826022818741,1.37248496849056,0.481570762981132,12.6012158717802,16,45
0.366,1000,45,339.416685567778,529.049759477301,339.416685567778,14167.9828328163,13537.4108452226,14108.6929824089,59.6773809087188,44.0197896376891,46.6265666633093,-468.20209319829,-181.515761341935,1.49011611938477e-08,1.49011611938477e-08,1.77764859152879,1.50564476890713,0.944458448906658,4.98002229818559,16,45
0.367,1000,45,591.297751437175,-289.244565857678,591.297751437175,13856.4837926931,13544.3377307523,14519.1194046458,58.7100632131665,42.3835648938856,48.5979812894406,-392.780054841083,-172.491489847837,1.49011611938477e-08,1.49011611938477e-08,1.82609663450468,1.95676296202735,1.4534926880686,5.1504683744882,16,45
0.368,1000,45,611.730666901782,-10299.9678446849,611.730666901782,13540.6876545084,13948.5001511055,14514.5419207498,54.0211078645464,40.6596770271955,48.1423112729969,-320.851982709678,-177.187091105687,1.49011611938477e-08,1.49011611938477e-08,1.91972849189645,2.44939294170599,1.84405407068675,7.39066364664757,16,45
0.369,1000,45,593.063011426483,-3961.62161120144,593.063011426483,13651.5025191205,14220.6907263115,14135.9911953927,46.7109923853723,39.5949199067135,45.5311931033961,-355.66259247867,-126.664980852488,1.49011611938477e-08,1.49011611938477e-08,1.95812289269643,2.11177452825267,1.67676973889162,7.83795724204387,16,45
0.37,1000,45,526.704106797242,372.517677057485,526.704106797242,14044.6673280725,14020.7003737949,13883.7022279741,41.3763127706377,39.8128334508359,42.6784075748249,-533.885376466545,-18.1765360129092,1.49011611938477e-08,1.49011611938477e-08,1.91513727843528,0.970984956909079,1.0600160960433,3.14320126133171,16,45
0.371,1000,45,326.057548861905,529.398966725971,326.057548861905,14215.9461131626,13587.7933966744,14105.198558486,43.5896207744923,41.2572107026467,42.3173060413583,-734.327462876939,46.0549657565012,1.49011611938477e-08,1.49011611938477e-08,1.79969575460806,0.278898435906243,0.546807055290103,1.6218791330511,16,45
0.372,1000,45,197.888610396785,533.295668922151,197.888610396785,13955.1989608784,13469.1836110678,14517.5496189717,50.26828568517,42.9851609178102,44.2572877025687,-825.462691666663,29.1664858942291,1.49011611938477e-08,1.49011611938477e-08,1.80910094204766,0.318225822251133,0.111742548226404,1.62826489587472,16,45
0.373,1000,45,294.48941204982,530.432103706477,294.48941204982,13507.9470542688,13823.5281080362,14520.3517944068,57.2346368664649,44.2193198022418,47.4041028026294,-824.666419053431,-24.742316368343,1.49011611938477e-08,1.49011611938477e-08,1.90437833467034,0.646382876535908,1.49011611938477e-08,2.09622111202241,16,45
0.374,1000,45,605.491449842945,-493.983595886501,605.491449842945,13494.9065108632,14202.3689253813,14127.4669068224,62.208726906811,44.8621826920431,50.2824677935515,-768.613470567975,-149.997203981208,1.49011611938477e-08,1.49011611938477e-08,1.94919983434064,1.05009823553536,1.49011611938477e-08,3.15028888651414,16,45
0.375,1000,45,608.384500950183,532.313559824786,608.384500950183,13870.4492388642,14144.758171778,13798.6596096227,63.2943496099598,44.4908090577282,51.3982854193092,-644.133242981533,-286.611503051842,1.49011611938477e-08,1.49011611938477e-08,1.93209338227199,1.46239414241992,0.534054906369581,4.5642559309605,16,45
0.376,1000,45,568.99340619392,370.942207540136,568.99340619392,14086.3857569567,13748.7857916494,13917.6683246184,62.3554816653068,42.3785169190258,51.4466286785047,-503.733703723461,-297.768063711049,1.49011611938477e-08,1.49011611938477e-08,1.83585779468602,1.75821197031181,1.03795581094055,4.59649884863935,16,45
0.377,1000,45,584.183986598324,516.174730037229,584.183986598324,13879.6486340614,13525.3013779157,14347.6818734225,61.5344430364014,38.1997654463597,50.9936199719556,-391.784453268449,-198.822961339533,1.49011611938477e-08,1.49011611938477e-08,1.82144625773984,1.97462070848584,1.63801462485781,3.41682823045541,16,45
0.378,1000,45,555.289279130073,155.997494264838,555.289279130073,13431.2650340293,13781.046555484,14512.0519120196,60.9631647942473,32.8986102926227,49.8440300374558,-344.08243920693,-89.7477871626697,1.49011611938477e-08,1.49011611938477e-08,1.90200624795041,2.1957837284768,2.17597042471449,2.7231115230776,16,45
0.379,1000,45,503.499768664859,464.302773262652,503.499768664859,13293.4465896524,14172.0483884277,14190.8760388108,61.2853684106521,28.4957644952697,48.2391168546068,-421.652941111952,-22.6927738284199,1.49011611938477e-08,1.49011611938477e-08,1.94534802629294,2.20146127489733,2.68966751944606,2.42950192046558,16,45
0.38,1000,45,496.79559936114,479.87118433458,496.79559936114,13655.1170583122,14192.8507895581,13766.6604596623,62.2939463946192,28.1633277230759,46.2005765571131,-605.848542089486,-84.9207206593752,1.49011611938477e-08,1.49011611938477e-08,1.94888167880513,1.93164989943478,1.31226654241212,2.58542732497094,16,45
0.381,1000,45,506.950226241582,455.206783762207,506.950226241582,14070.1021603628,13812.5252138913,13795.2677709614,62.7946237910481,32.4868645834273,44.1570754601111,-732.980820662239,-294.894531997815,1.49011611938477e-08,1.49011611938477e-08,1.85289588038271,1.74824960645405,0.272660284529857,3.02261614947684,16,45
0.382,1000,45,501.732280368336,468.287611312465,501.732280368336,14042.1968778349,13492.5722920071,14240.4235267675,61.8313459569626,37.9527400635403,42.461719893773,-695.633253088069,-522.924574249267,1.49011611938477e-08,1.49011611938477e-08,1.79343919520698,1.79307711926955,1.49011611938477e-08,2.56574387627457,16,45
0.383,1000,45,466.698377052636,513.186051888992,466.698377052636,13644.4791258028,13647.7677459072,14546.5690306416,59.3859978151208,42.2124994787639,40.8832012485538,-566.942208798058,-615.019103244966,1.49011611938477e-08,1.49011611938477e-08,1.86918803482144,1.92693355450513,1.49011611938477e-08,2.08783726512076,16,45
0.384,1000,45,394.261635992204,526.970441792377,394.261635992204,13402.2209389873,14073.4999699784,14344.0534267669,56.8874573098992,44.6726363355496,40.228736458445,-472.317807806293,-558.49268926255,1.49011611938477e-08,1.49011611938477e-08,1.93726969174169,1.88386821499658,1.49011611938477e-08,2.59878870817491,16,45
0.385,1000,45,291.300105135746,530.479334848371,291.300105135746,13651.4137362319,14224.5640724875,13896.1844504177,56.2421544476239,45.5932471660678,41.3583101502355,-452.495030980579,-408.104774463676,1.49011611938477e-08,1.49011611938477e-08,1.95204237899636,1.56664960373197,1.49011611938477e-08,6.9859351219844,16,45
0.386,1000,45,237.105708424075,532.109492429283,237.105708424075,14074.1092309522,13912.2818158026,13772.5920754989,57.571549342174,45.4076074078197,43.8393231272399,-479.66415477423,-260.056122683101,1.49011611938477e-08,1.49011611938477e-08,1.87193549838616,1.34632613005705,0.51218839417595,11.2422008467082,16,45
0.387,1000,45,357.738228205555,528.470637511557,357.738228205555,14156.5667712416,13523.5210787593,14133.6703394308,59.0490889035675,44.4416605628858,46.8848568193507,-474.608590290342,-177.624228273076,1.49011611938477e-08,1.49011611938477e-08,1.77744621824867,1.48411850773517,0.972851151980386,4.82103715221265,16,45
0.388,1000,45,618.084470380529,-2068.5240139293,618.084470380529,13833.1804219953,13559.9923943207,14534.4121076944,57.8309995763316,42.859301423247,48.6555591377149,-396.514933826162,-171.061675697583,1.49011611938477e-08,1.49011611938477e-08,1.83261244867004,1.92956579433136,1.48064870595458,5.08845727771499,16,45
0.389,1000,45,610.331076099579,-9612.17818431471,610.331076099579,13533.9012173633,13972.5085412799,14502.4115418514,52.8335320890882,41.2393331367319,47.9583756063252,-329.681033210154,-172.010691921853,1.49011611938477e-08,1.49011611938477e-08,1.92370081179055,2.37097915360284,1.84574025781744,7.19210054252712,16,45
0.39,1000,45,589.34100924936,-3234.35813797854,589.34100924936,13670.1275039559,14222.2768920245,14115.409471009,45.4277546874798,40.3380570826583,45.1855604025586,-376.259079476551,-113.467368988543,1.49011611938477e-08,1.49011611938477e-08,1.95887061473767,1.93607097612595,1.62831842412579,6.96779313394287,16,45
0.391,1000,45,514.219587308217,428.993979548494,514.219587308217,14064.8659503941,13996.1770333583,13884.2359241699,40.6480730297502,40.6959442234336,42.5159734060448,-553.345537727748,-9.42193782861986,1.49011611938477e-08,1.49011611938477e-08,1.90923416654132,0.836763490387259,1.00558665650634,2.79262735441669,16,45
0.392,1000,45,302.93307769892,530.099872060816,302.93307769892,14213.334359127,13567.0308215551,14130.3835706113,43.6336325428966,42.2285469232037,42.4311621433783,-761.848299388876,52.0818230932635,1.49011611938477e-08,1.49011611938477e-08,1.79614588874974,0.122951271058657,0.49560727194051,1.52167551609096,16,45
0.393,1000,45,179.527370737294,533.850012477346,179.527370737294,13931.3734367581,13476.8383497585,14534.8608266115,50.6477844225549,43.9627713178639,44.5181991633536,-841.667649665064,28.5048144629688,1.49011611938477e-08,1.49011611938477e-08,1.81416070825109,0.277409733664491,1.49011611938477e-08,1.61672695129537,16,45
0.394,1000,45,293.864206158575,530.446099276617,293.864206158575,13496.0953888088,13848.2528726748,14510.2540704155,57.7433469923826,45.17785763561,47.7746137651061,-834.909482085443,-31.1465956427291,1.49011611938477e-08,1.49011611938477e-08,1.90858729112634,0.639597506981917,1.49011611938477e-08,2.14299788854213,16,45
0.395,1000,45,602.510389775482,116.452104993825,602.510389775482,13513.0093332857,14211.1326147603,14104.5119586567,62.7691928945057,45.7662768783861,50.771080071111,-771.738854019199,-162.745623237893,1.49011611938477e-08,1.49011611938477e-08,1.95050439261099,1.05734670802623,1.49011611938477e-08,3.28918854913076,16,45
0.396,1000,45,608.439936356861,532.341922139258,608.439936356861,13895.2776050273,14128.1047450723,13794.5954460427,63.8159928291164,45.2292420320938,51.9549738735186,-646.527520391767,-292.737604916491,1.49011611938477e-08,1.49011611938477e-08,1.92855368043448,1.4780284059711,0.533373067405385,4.77523036927369,16,45
0.397,1000,45,569.098216551979,371.585190500455,569.098216551979,14086.5717909324,13724.9863018032,13936.2366346656,62.8525226197375,42.8744524454199,51.9718070095565,-493.328100137032,-298.956420863702,1.49011611938477e-08,1.49011611938477e-08,1.83126605629697,1.78236381302091,1.05984431867189,4.72664347138397,16,45
0.398,1000,45,580.565117470949,504.073101263128,580.565117470949,13857.8318040807,13525.4049132543,14367.7397704524,62.0189834643017,38.5627299537028,51.4181289098456,-380.848397401604,-198.193410346167,1.49011611938477e-08,1.49011611938477e-08,1.82433263771398,2.01402801019259,1.66801303196584,3.52916138598435,16,45
0.399,1000,45,547.776823420313,225.695721030654,547.776823420313,13413.5436531998,13802.9873201652,14506.0162773877,61.4885279108437,33.1821095891368,50.212096845698,-338.580225782948,-88.6291039202362,1.49011611938477e-08,1.49011611938477e-08,1.90560001442527,2.23908613744368,2.20925968790319,2.81239920604709,16,45
0.4,200,45,496.36414493942,480.087034916449,496.36414493942,13306.0105278657,14188.1243643569,14164.6442337207,61.8509424843804,28.7556242443063,48.5653740675781,-423.302206994952,-25.2030348109763,1.49011611938477e-08,1.49011611938477e-08,1.9462758824492,2.22740865986828,2.68039322994604,2.51135249661057,16,45
0.401,200,45,492.587284100126,483.520921176623,492.587284100126,13688.3743141037,14182.7312537424,13753.8356556339,62.8242700493327,28.3021910766535,46.4805638268595,-597.252195512149,-87.538432324634,1.49011611938477e-08,1.49011611938477e-08,1.94603120404598,1.94798305165344,1.26010864790471,2.68459974651516,16,45
0.402,200,45,504.536833293077,456.185513590771,504.536833293077,14085.6963182546,13787.6613780553,13814.4815670223,63.2524946062225,32.5069409068008,44.4036392909992,-723.548891476913,-309.316692614792,1.49011611938477e-08,1.49011611938477e-08,1.84508831039446,1.77056551109224,0.216251793201897,3.11753369364252,16,45
0.403,200,45,502.605275950329,457.681160696819,502.605275950329,14029.0427698859,13486.954420608,14268.7504601098,62.2394612980394,37.7747622199892,42.6410767197221,-677.706006502182,-530.152690995831,1.49011611938477e-08,1.49011611938477e-08,1.79386962597006,1.82050265190208,1.49011611938477e-08,2.58636979887645,16,45
0.404,200,45,467.312929798087,500.513439277218,467.312929798087,13623.9865085491,13669.1126333761,14550.3178684489,59.8299916022082,41.8325077956675,41.0066811281094,-550.277671283173,-612.163020011727,1.49011611938477e-08,1.49011611938477e-08,1.87397483954073,1.94869199884975,1.49011611938477e-08,2.11734328028769,16,45
0.405,200,45,393.342352010057,511.208615260904,393.342352010057,13403.8278715611,14093.9440163201,14319.1687562799,57.6004948901072,44.1199846494204,40.5372442441463,-462.958489079057,-548.694797911859,1.49011611938477e-08,1.49011611938477e-08,1.93915562338725,1.89384038968047,1.49011611938477e-08,2.71736893608672,16,45
0.406,200,45,277.262520153135,511.792449280315,277.262520153135,13676.4214872835,14218.3106855418,13874.3847799072,57.2162004095461,44.9145946763428,41.8080098978721,-447.610816886696,-406.903036261496,1.49011611938477e-08,1.49011611938477e-08,1.95074574833514,1.58645622602524,1.49011611938477e-08,7.73529591925584,16,45
0.407,200,45,238.101577282439,509.761530942876,238.101577282439,14091.8546339613,13887.8120021003,13780.1838377449,58.6268369331834,44.6257772171339,44.3405796862271,-474.507820361002,-257.491744694397,1.49011611938477e-08,1.49011611938477e-08,1.86398375349038,1.39796682396495,0.52992919422787,10.8370556854986,16,45
0.408,200,45,364.459745027864,502.891519393339,364.459745027864,14146.8674083666,13511.7122209841,14159.2900564522,59.9275935362166,43.5553217277988,47.2737277617029,-461.103541614928,-184.671053217963,1.49011611938477e-08,1.49011611938477e-08,1.7758061291049,1.56837041031327,0.995691506815254,5.06578746378244,16,45
0.409,200,45,613.260303935968,504.815811522239,613.260303935968,13810.224309448,13577.4487938575,14543.7918624161,58.4140169908332,41.856068748273,48.8724653120526,-377.997464271771,-182.134545809396,1.49011611938477e-08,1.49011611938477e-08,1.83789040103828,2.04902438335143,1.50247027338893,5.56893918307518,16,45
0.41,200,45,611.236523308304,501.004980794521,611.236523308304,13527.7393375752,13996.5224760717,14482.7029006076,53.1507726751927,40.1708204488231,47.9772254352849,-313.776763710985,-182.296302798196,1.49011611938477e-08,1.49011611938477e-08,1.92683496169283,2.51099982735391,1.85017052670812,8.20712262191526,16,45
0.411,200,45,589.349283537952,488.108506136002,589.349283537952,13688.9429762043,14224.0007732332,14090.7055779138,45.5937368164129,39.2425308595324,45.042531782388,-361.464127354573,-123.482350642734,1.49011611938477e-08,1.49011611938477e-08,1.95901358761897,2.00552110807109,1.60650681606759,7.73655003633769,16,45
0.412,200,45,508.828729544459,414.480498083168,508.828729544459,14082.7481118799,13975.4740170124,13884.4468809811,40.8565780101667,39.6409720709679,42.2420277251976,-549.670178376446,-9.5302195577914,1.49011611938477e-08,1.49011611938477e-08,1.90263718095767,0.853409542994713,0.989386093694251,2.84055820722239,16,45
0.413,200,45,296.075958749233,488.995831167588,296.075958749233,14205.673113749,13551.1015285561,14152.9650983054,43.9664362711468,41.2036432336277,42.1831497352075,-754.982118646909,52.7965859314231,1.49011611938477e-08,1.49011611938477e-08,1.79262036784424,0.193824868551374,0.498608770761045,1.53840937693618,16,45
0.414,200,45,180.933223250501,488.980407497787,180.933223250501,13903.82270419,13490.6809485543,14546.998913897,50.8989852528279,42.9171441486966,44.3336857555337,-827.584174676457,29.4386223426104,1.49011611938477e-08,1.49011611938477e-08,1.8192620227773,0.333054406713951,1.49011611938477e-08,1.63068429556177,16,45
0.415,200,45,311.135569338939,482.274948946699,311.135569338939,13482.4689601922,13876.7556795054,14494.4995992568,57.8680525636723,44.1056511623264,47.6066616798104,-819.551726368725,-31.1927278309483,1.49011611938477e-08,1.49011611938477e-08,1.91236971721682,0.680427697315768,1.49011611938477e-08,2.14558333083784,16,45
0.416,200,45,626.390705685943,-852.923823594092,626.390705685943,13528.8218653326,14222.6855789899,14079.8166657304,62.5312654159721,44.6714705015882,50.3921069193297,-759.256656895211,-157.241981045869,1.49011611938477e-08,1.49011611938477e-08,1.95119809105888,1.09451795330123,0.06328932407383,3.27226497393502,16,45
0.417,200,45,608.429424426661,476.990749616566,608.429424426661,13916.4813414502,14110.9993582112,13790.4750209132,63.3064070298723,44.1536607023577,51.3811913525528,-630.226940613413,-289.23676306263,1.49011611938477e-08,1.49011611938477e-08,1.92369873471484,1.5043310604015,0.581063173310837,4.66338860134434,16,45
0.418,200,45,565.532877318317,91.4402252654957,565.532877318317,14082.2046928793,13705.2334834097,13956.8063244164,62.3532799420802,41.8327505042823,51.3808286465704,-486.288633771273,-284.862201511687,1.49011611938477e-08,1.49011611938477e-08,1.82720648533069,1.78333788420079,1.09711733138024,4.46332900329307,16,45
0.419,200,45,585.832724734897,454.137456831632,585.832724734897,13830.7423896078,13531.3677761532,14386.517767183,61.5892615054025,37.5262512084448,50.8539706848229,-381.811436184078,-181.043856466352,1.49011611938477e-08,1.49011611938477e-08,1.82850014420855,1.99895706702511,1.69775820504895,3.30165820851295,16,45
0.42,200,45,553.875942963157,132.448034992299,553.875942963157,13390.6318494233,13829.4719969181,14497.5990027843,61.0988586005736,32.2503875976677,49.6411471163825,-349.050182161795,-75.2500381031977,1.49011611938477e-08,1.49011611938477e-08,1.90981366198878,2.202548870188,2.22988296354516,2.65413471159389,16,45
0.421,200,45,506.922740772806,396.68800231116,506.922740772806,13312.695508996,14199.7444658211,14136.3374289871,61.5093488210358,28.1913717379006,47.9761366564537,-436.178390411736,-20.9806000116248,1.49011611938477e-08,1.49011611938477e-08,1.94773783316379,2.16935906355266,2.64239531723835,2.40810173208862,16,45
0.422,200,45,496.891290321121,414.848039695843,496.891290321121,13709.9236135256,14165.3207699993,13741.4884940491,62.512380302869,28.4460910850773,45.9041908371598,-622.248431208173,-97.4241167694844,1.49011611938477e-08,1.49011611938477e-08,1.94401073324288,1.89299579788667,1.16074603435929,2.61818229433449,16,45
0.423,200,45,506.154229879008,393.120255365196,506.154229879008,14091.6466541386,13763.0274499497,13833.0086976702,62.8773621878117,33.0424308264168,43.8796550949382,-738.532646302405,-326.941651720017,1.49011611938477e-08,1.49011611938477e-08,1.83979861025756,1.73499371923654,0.147641047589288,3.01456433529437,16,45
0.424,200,45,495.810563303714,411.045245534166,495.810563303714,14005.0224718851,13483.5216956446,14292.5931930661,61.7659259853346,38.4158274277382,42.1795070055324,-682.312191222847,-541.496838841239,1.49011611938477e-08,1.49011611938477e-08,1.79733328941007,1.79434728497345,1.49011611938477e-08,2.49530663221886,16,45
0.425,200,45,455.62792434626,440.572704312287,455.62792434626,13594.1054576701,13691.7421197995,14548.6838200774,59.2970655757975,42.4615154682957,40.6404392931929,-554.133931379447,-612.194769576791,1.49011611938477e-08,1.49011611938477e-08,1.88008638686241,1.91436903822292,1.49011611938477e-08,2.10398908159337,16,45
0.426,200,45,376.665545941172,445.479665789594,376.665545941172,13400.8047387419,14112.9443014938,14293.2362360289,57.0293574693933,44.718782089694,40.2043694657318,-472.161065078618,-547.098620353584,1.49011611938477e-08,1.49011611938477e-08,1.94124765368976,1.83898747590267,1.49011611938477e-08,2.79743873372363,16,45
0.427,200,45,278.977088325167,444.925019126924,278.977088325167,13696.1352463293,14210.0402766477,13854.3279699307,56.6582300945516,45.4926804952585,41.5085394693939,-457.393503403889,-396.129087405359,1.49011611938477e-08,1.49011611938477e-08,1.94962499108035,1.5255115806836,1.49011611938477e-08,8.65892431821825,16,45
0.428,200,45,237.565403930835,442.78949285888,237.565403930835,14103.2234479239,13861.9468459696,13790.6121679899,58.039992581972,45.2135393944214,44.0386207812773,-483.021758831312,-250.74205598874,1.49011611938477e-08,1.49011611938477e-08,1.8574417010266,1.35637218633126,0.56375857763159,9.41710722422117,16,45
0.429,200,45,382.309892515884,435.859926841278,382.309892515884,14132.0879709032,13500.9073478652,14185.4752796446,59.197722994381,44.1680027344026,46.9297984185659,-464.121302123592,-183.544613671837,1.49011611938477e-08,1.49011611938477e-08,1.77658950021966,1.54330521226862,1.02967451430259,4.87646889885216,16,45
0.43,200,45,618.262136029628,-11566.771628283,618.262136029628,13783.425227276,13595.6356568143,14553.1982786005,57.3807416189998,42.517159276159,48.3211365241005,-378.46727359948,-182.823925806753,1.49011611938477e-08,1.49011611938477e-08,1.84470046677089,2.02072659277833,1.53931005711825,5.46411725721058,16,45
0.431,200,45,611.676685462424,-8398.762006815,611.676685462424,13520.5839582837,14019.4846320145,14465.8388368646,51.8648521572686,40.9243257502198,47.2415629003073,-321.660879591694,-179.70401449132,1.49011611938477e-08,1.49011611938477e-08,1.93041044035509,2.42764295934609,1.86420819179574,7.84521961878389,16,45
0.432,200,45,586.475406102447,-2204.61335939466,586.475406102447,13705.7793551283,14221.3529675285,14068.5917588725,44.2706488284141,40.1255835581801,44.2076529886675,-380.983719497333,-112.07618422687,1.49011611938477e-08,1.49011611938477e-08,1.9592636667711,1.83699626162339,1.57198501315698,6.75688338841147,16,45
0.433,200,45,491.781246543285,389.509134984116,491.781246543285,14097.6540506268,13949.5310432774,13886.1241387528,40.1821816856941,40.6467720014869,41.6419023703528,-579.237476075699,0.710530144223269,1.49011611938477e-08,1.49011611938477e-08,1.8963494081577,0.733382916469675,0.944735033568116,2.52421484438008,16,45
0.434,200,45,274.346018306928,422.754486451351,274.346018306928,14197.5344383444,13532.6697022347,14177.5251644887,44.0361170231464,42.2805485301091,41.8764293692071,-780.057915497685,53.39957296626,1.49011611938477e-08,1.49011611938477e-08,1.79030553349122,1.49011611938477e-08,0.450511567885236,1.44952308440679,16,45
0.435,200,45,178.767920002781,421.854322897528,178.767920002781,13876.0782601144,13501.0665714512,14559.4073069646,51.177070975093,43.9864461075226,44.1311461577147,-841.051425849136,22.6704240780714,1.49011611938477e-08,1.49011611938477e-08,1.82485025839352,0.30062177340078,1.49011611938477e-08,1.63040705131154,16,45
0.436,200,45,325.324882372324,415.219298356813,325.324882372324,13471.2271183366,13901.282444502,14480.5407291171,58.1937373911734,45.1569180291373,47.4758987697083,-828.933837145279,-38.8081623122234,1.49011611938477e-08,1.49011611938477e-08,1.91621840023884,0.67321983044049,1.49011611938477e-08,2.2067427882549,16,45
0.437,200,45,620.346015127222,416.644515526044,620.346015127222,13546.5422384237,14227.8077987505,14057.1534444714,62.7829312612059,45.6548790929893,50.2993630694842,-760.303564565547,-173.301076048229,1.49011611938477e-08,1.49011611938477e-08,1.95220645569224,1.09313352726198,1.49011611938477e-08,3.41093198478156,16,45
0.438,200,45,610.083518511843,409.572371375157,610.083518511843,13937.2437069882,14090.8116049372,13788.7839001238,63.4601125996072,44.9704248785676,51.2794206644653,-624.240079290428,-298.270054558625,1.49011611938477e-08,1.49011611938477e-08,1.91937954374724,1.50086847150525,0.588804670117481,4.79660761327312,16,45
0.439,200,45,571.251284222774,-45.4725811217061,571.251284222774,14077.5190494791,13682.6927936495,13976.8538518807,62.4641593858079,42.410480364216,51.2374184844353,-477.889873037922,-282.010411204479,1.49011611938477e-08,1.49011611938477e-08,1.82336848888997,1.77954965598198,1.12577109680512,4.44964124600077,16,45
0.44,200,45,585.625283963059,376.64140125029,585.625283963059,13806.1014474701,13534.9803945693,14404.4895836792,61.667625027606,37.9572148630527,50.6313079698307,-373.765125302638,-176.67391707867,1.49011611938477e-08,1.49011611938477e-08,1.83210695631516,2.00631987065879,1.73337540293409,3.29678167949119,16,45
0.441,200,45,550.498930417062,120.303009964779,550.498930417062,13374.3713203593,13852.009951855,14488.8040311509,61.1771327073496,32.5937526038771,49.3778297973185,-344.979395260995,-76.1181213211037,1.49011611938477e-08,1.49011611938477e-08,1.91313217514116,2.21102916498877,2.26810500316133,2.65914656550227,16,45
0.442,200,45,501.393619584143,348.730532500781,501.393619584143,13327.2382533849,14212.7074322961,14111.5959034194,61.5953056573808,28.5136944192408,47.6935832900811,-440.134638528712,-21.7357080185374,1.49011611938477e-08,1.49011611938477e-08,1.94866242598611,2.16277416695858,2.63222888779211,2.42482275782845,16,45
0.443,200,45,490.929793330898,362.463589600311,490.929793330898,13741.0019990753,14151.1602668397,13733.3531447925,62.554840375205,28.6849633637277,45.6179893493852,-625.567076628366,-106.586591232829,1.49011611938477e-08,1.49011611938477e-08,1.94056979733835,1.88281295528573,1.11295249510287,2.65949283162215,16,45
0.444,200,45,496.639455405503,351.368084461554,496.639455405503,14101.9421889405,13737.8266647373,13855.8052763131,62.8759161951385,33.2117796552669,43.6471315218729,-732.41282532558,-339.059378661071,1.49011611938477e-08,1.49011611938477e-08,1.83297664982945,1.73113871168618,1.49011611938477e-08,3.05461405272972,16,45
0.445,200,45,487.038906121674,360.33459857316,487.038906121674,13987.8803869922,13481.0421290956,14319.8607015566,61.768422887127,38.4242152261309,41.9868764385637,-670.347047062654,-544.70462955649,1.49011611938477e-08,1.49011611938477e-08,1.79925169181984,1.7912341291673,1.49011611938477e-08,2.50707775355182,16,45
0.446,200,45,446.003608945909,377.331156434684,446.003608945909,13572.9547980086,13714.3390800039,14548.1461133704,59.3885141901381,42.2997324093087,40.4773485842112,-550.77023959084,-605.686553231942,1.49011611938477e-08,1.49011611938477e-08,1.88490085838786,1.89982100258528,1.49011611938477e-08,2.14996311874585,16,45
0.447,200,45,366.833492989402,379.291921707625,366.833492989402,13405.1276436502,14130.9911920803,14267.2117897463,57.3757408364449,44.4164075021503,40.1788117351006,-469.395214363673,-534.94504472649,1.49011611938477e-08,1.49011611938477e-08,1.94289904028852,1.8108739823792,1.49011611938477e-08,2.95201643255727,16,45
0.448,200,45,253.31695403814,378.632384223839,253.31695403814,13721.7445823019,14201.0786863997,13835.2430139219,57.1941904139838,45.0921676208586,41.5525355845637,-457.51044092007,-386.629633332941,1.49011611938477e-08,1.49011611938477e-08,1.94762649023451,1.51713882640612,1.49011611938477e-08,9.80644819831504,16,45
0.449,200,45,231.141245374235,375.925960948759,231.141245374235,14118.2601433885,13838.0472513372,13801.4568679071,58.5451491320385,44.7246884037199,44.0861903492375,-477.754821406063,-250.226041446614,1.49011611938477e-08,1.49011611938477e-08,1.84967752306348,1.38924185356288,0.587207778248626,9.06110013616128,16,45
0.45,200,45,384.689142233711,369.354481128859,384.689142233711,14120.4609541832,13493.728799818,14210.9368074238,59.3803442611974,43.5677983769142,46.8410854247158,-447.284209635943,-191.386047623064,1.49011611938477e-08,1.49011611938477e-08,1.77642237937313,1.61386177759693,1.06397278796862,5.07822323238865,16,45
0.451,200,45,618.343467865306,369.981260752907,618.343467865306,13760.572744714,13616.6869753792,14558.0870089051,57.1441375838234,41.8056695074428,48.0643072008127,-361.957665093469,-191.968812673744,1.49011611938477e-08,1.49011611938477e-08,1.85035198094595,2.12357184741598,1.57899282985695,5.89667887855369,16,45
0.452,200,45,613.829352797304,365.466318503867,613.829352797304,13517.5037802435,14042.3985661826,14442.2249014448,51.2810449857715,40.1721462609236,46.8266988756891,-306.018759872829,-186.786249900724,1.49011611938477e-08,1.49011611938477e-08,1.9332837698502,2.53079365384902,1.88476650365885,8.69077084122707,16,45
0.453,200,45,586.492569025653,333.140061282587,586.492569025653,13725.9129727373,14220.6193163814,14043.2279659851,43.5368414677295,39.4184050219029,43.6879836859586,-376.718731974664,-113.783671084808,1.49011611938477e-08,1.49011611938477e-08,1.95893049745438,1.84455466372566,1.54319571122277,7.20495538022714,16,45
0.454,200,45,483.021959254199,336.24904353684,483.021959254199,14113.4374012604,13927.242734799,13886.9700660419,39.717744232176,40.0658329831731,41.1186153154897,-582.540078513357,0.301051810793383,1.49011611938477e-08,1.49011611938477e-08,1.88927732016304,0.707241695309678,0.904303090784042,2.5268013325103,16,45
0.455,200,45,256.414425737493,356.250814001359,256.414425737493,14187.0396813261,13518.9436523421,14198.1157267607,44.0012855002985,41.822286928878,41.4605479652236,-780.183943206986,48.4250724986176,1.49011611938477e-08,1.49011611938477e-08,1.78782071381768,1.49011611938477e-08,0.406373205831286,1.47186511283346,16,45
0.456,200,45,170.562059181931,354.78766057127,170.562059181931,13847.8219009254,13517.8286558231,14565.5668196099,51.2676119459933,43.5912306348104,43.764881180768,-833.486273165719,17.4894183039124,1.49011611938477e-08,1.49011611938477e-08,1.83040408887964,0.332168155418974,1.49011611938477e-08,1.67346315769467,16,45
0.457,200,45,327.787030445747,348.493734965462,327.787030445747,13461.0080382178,13928.5632474371,14459.1062267156,58.3154513269397,44.7971878565982,47.1250635005262,-818.106986813193,-49.32793959381,1.49011611938477e-08,1.49011611938477e-08,1.91960091198509,0.706282179659526,1.49011611938477e-08,2.2702261354958,16,45
0.458,200,45,631.588379121206,-19035.3133841924,631.588379121206,13565.3239482582,14235.6920657879,14029.2017759764,62.7297397729794,45.3066339531964,49.8123101036183,-744.315736451491,-186.899900585269,1.49011611938477e-08,1.49011611938477e-08,1.95258641489719,1.13195366878149,1.49011611938477e-08,3.51266910366416,16,45
0.459,200,45,610.827617729683,-6766.3325516632,610.827617729683,13957.5143910722,14072.8085959123,13783.8029171427,63.2739800263646,44.6348807961058,50.6771605370436,-605.249189464489,-305.872417191053,1.49011611938477e-08,1.49011611938477e-08,1.91398755440457,1.5407936545448,0.592924614385018,4.85967243351164,16,45
0.46,200,45,578.919091523375,-282.429537839244,578.919091523375,14070.7256298803,13664.7244141786,13994.1774356306,62.3374375663693,42.0950234730591,50.623881706248,-464.618976564602,-278.223009897228,1.49011611938477e-08,1.49011611938477e-08,1.82007158076723,1.80723730338536,1.14099116900095,4.37086081656669,16,45
0.461,200,45,584.067320012455,-1473.98663577033,584.067320012455,13783.527276308,13544.1259624822,14419.1172918062,61.5510333500767,37.6695365470474,49.9703280495583,-366.09528594311,-176.495477891961,1.49011611938477e-08,1.49011611938477e-08,1.83617994509878,2.04595665921928,1.75470035369629,3.25691561782667,16,45
0.462,200,45,542.100391406844,137.816069639656,542.100391406844,13361.8226170783,13878.4387419494,14476.8685831622,61.1412320220203,32.493518462492,48.7112579430325,-341.552065988962,-71.2450591861508,1.49011611938477e-08,1.49011611938477e-08,1.91645439368146,2.25039036013558,2.30572888844196,2.64323749849064,16,45
0.463,200,45,482.947880800259,309.41817592797,482.947880800259,13345.6820324027,14221.0687960966,14084.1184650876,61.7403670931888,28.9217129696048,47.0557148365861,-449.33039934699,-20.708729373805,1.49011611938477e-08,1.49011611938477e-08,1.94975792536378,2.17270541250551,2.60607700584391,2.42680652140781,16,45
0.464,200,45,474.557017279975,311.951376180628,474.557017279975,13769.732209423,14132.2755778044,13726.8618389254,62.9329724646573,29.784162625452,45.0180017094329,-644.440906802109,-110.963609710032,1.49011611938477e-08,1.49011611938477e-08,1.93712982592829,1.85250834495526,1.01930744866112,2.66523499542997,16,45
0.465,200,45,498.83613565728,285.338932102982,498.83613565728,14108.9598223514,13714.2422368003,13878.7679516324,63.464568665009,34.5489751363178,42.987336325073,-751.280035660524,-339.413799135784,1.49011611938477e-08,1.49011611938477e-08,1.82777712497071,1.67327272655407,1.49011611938477e-08,3.03776441919539,16,45
0.466,200,45,500.086207155339,281.157557943801,500.086207155339,13965.2395114174,13480.4466588258,14344.4629522418,62.5595463153716,39.7842446017119,41.167323912315,-695.394053276035,-528.05548931195,1.49011611938477e-08,1.49011611938477e-08,1.80311678051655,1.70165029784556,1.49011611938477e-08,2.54203253357694,16,45
0.467,200,45,467.584787143753,305.906004125651,467.584787143753,13549.4600012713,13737.8108963237,14547.7341143445,60.394085327575,43.6265029142395,39.5319375181384,-573.635773519331,-587.405273780776,1.49011611938477e-08,1.49011611938477e-08,1.89043394477188,1.76716414369641,1.49011611938477e-08,2.24094957688103,16,45
0.468,200,45,390.824747144134,312.203383389395,390.824747144134,13409.674816428,14147.3458358998,14247.7696347143,58.5243732500834,45.7108194056846,39.1605512651415,-494.585825266193,-511.948277437928,1.49011611938477e-08,1.49011611938477e-08,1.94482616904443,1.63743642342388,1.49011611938477e-08,3.22681190194107,16,45
0.469,200,45,291.129780819703,311.009345126738,291.129780819703,13743.9120311385,14189.1869924263,13826.6023575738,58.4384882521369,46.3430104323259,40.6455616048506,-484.080132440467,-360.870002844168,1.49011611938477e-08,1.49011611938477e-08,1.94618133543106,1.36052484109408,1.49011611938477e-08,14.1376369330354,16,45
0.47,200,45,259.789013112645,308.3889927425,259.789013112645,14126.6795523994,13810.9513618847,13823.6105032372,59.8006336235332,45.9304253885003,43.3476094855161,-502.114270967649,-227.21807723856,1.49011611938477e-08,1.49011611938477e-08,1.84411482014596,1.28453522517052,0.59505476344941,6.70389868249811,16,45
0.471,200,45,418.641324798279,301.720117056652,418.641324798279,14101.6954509718,13484.7645222109,14245.4216357206,60.5322191708924,44.7281125185562,46.178743731706,-469.700560413498,-174.14188637112,1.49011611938477e-08,1.49011611938477e-08,1.77914123718145,1.54057221133892,1.08999826286273,4.34231217437424,16,45
0.472,200,45,625.617138015629,-12760.1949956567,625.617138015629,13733.4091646749,13636.1042193484,14574.3960182715,58.0849101671076,42.9380323865144,47.2427101766869,-377.398855359163,-175.159037420034,1.49011611938477e-08,1.49011611938477e-08,1.8575329416101,2.04691600411348,1.61916142156276,5.09596678507676,16,45
0.473,200,45,614.819082733058,-7526.51367715779,614.819082733058,13512.1257604346,14063.2788540489,14433.545197533,52.140610138467,41.3041616577802,45.8263952537725,-326.052250184188,-164.55591387864,1.49011611938477e-08,1.49011611938477e-08,1.93652829117601,2.39999727867828,1.91740704675923,7.00701984395701,16,45
0.474,200,45,583.957056600201,-1324.5835643824,583.957056600201,13742.6149218563,14213.9928081693,14033.7552950595,44.5633910701909,40.5419999329809,42.5796816760769,-407.38290897095,-82.8780417212978,1.49011611938477e-08,1.49011611938477e-08,1.95881862326726,1.69188424798552,1.54953512211267,5.20414320686644,16,45
0.475,200,45,467.711154700105,280.821611971911,467.711154700105,14124.279037619,13900.6815170843,13904.0398184876,41.2836243906674,41.1509836613267,40.1700724708476,-620.535365447057,31.7301458893242,1.49011611938477e-08,1.49011611938477e-08,1.88359921316457,0.641300448497886,0.909657078709834,2.0472685586776,16,45
0.476,200,45,232.490103908117,289.674840828727,232.490103908117,14174.1910317361,13503.8137837775,14235.0110875082,45.7574722928247,42.8098532504383,40.7771665629939,-806.251936478762,73.385413249225,1.49011611938477e-08,1.49011611938477e-08,1.78780880999048,1.49011611938477e-08,0.425557741508472,1.28072218005478,16,45
0.477,200,45,168.683109358938,287.536620483103,168.683109358938,13809.8742835349,13531.5688804047,14580.0714329018,52.8663998537431,44.4513348538454,43.2747868751653,-858.54076360484,38.2175963476282,1.49011611938477e-08,1.49011611938477e-08,1.8376558636804,0.288194577843187,1.49011611938477e-08,1.51946311729582,16,45
0.478,200,45,351.970758554682,281.406619346051,351.970758554682,13444.5046306456,13952.7654319899,14448.4829869557,59.6742497466628,45.5381632081685,46.7973362695624,-842.714605979463,-33.2999676614715,1.49011611938477e-08,1.49011611938477e-08,1.92356375765258,0.66614415339576,1.49011611938477e-08,2.08900017853332,16,45
0.479,200,45,627.833891493436,-13495.520879301,627.833891493436,13576.8300842066,14237.0330846251,14014.3959748898,63.7299040091045,45.8895630979345,49.5344808664985,-766.032954732275,-176.806259371313,1.49011611938477e-08,1.49011611938477e-08,1.9536058654616,1.08111181616648,0.165764955248543,3.22545453504667,16,45
0.48,200,45,612.395100945333,275.069504547646,612.395100945333,13968.7288861593,14049.0538897214,13791.8664443725,63.9426834292031,44.9733756267498,50.3799436920462,-621.63561478454,-295.113358783171,1.49011611938477e-08,1.49011611938477e-08,1.90990830065376,1.47418500281728,0.664416139219576,4.40953618829045,16,45
0.481,200,45,581.118068305241,-237.35107160311,581.118068305241,14058.5266527058,13642.9304169146,14024.4782658716,62.7602651020233,42.1333815045375,50.351439752314,-481.412414487535,-271.857181788583,1.49011611938477e-08,1.49011611938477e-08,1.81793616253007,1.74436252220316,1.20858728352956,3.99835020631534,16,45
0.482,200,45,584.569643988659,182.282813413626,584.569643988659,13752.7420596332,13550.0329643899,14443.5453468437,61.7350086272041,37.4716072269064,49.8011324068741,-370.647047195958,-173.004907228551,1.49011611938477e-08,1.49011611938477e-08,1.84104051033824,2.00526171911924,1.80823671450175,3.14452888196567,16,45
0.483,200,45,539.009386946115,106.216364032373,539.009386946115,13341.7546314614,13900.5565621841,14472.8372236621,61.1612879086789,32.0382338289569,48.7404145100041,-345.562551702447,-70.8925713315307,1.49011611938477e-08,1.49011611938477e-08,1.91981604760807,2.2201640870719,2.33040313429681,2.6257933698874,16,45
0.484,200,45,487.05408549567,242.334746769289,487.05408549567,13355.7034501171,14230.3211288018,14064.8039540957,61.6629885345574,28.1656308473748,47.2576130194078,-455.955167697233,-22.8400182031075,1.49011611938477e-08,1.49011611938477e-08,1.95074801187015,2.13811232191115,2.54533088212942,2.43417525855746,16,45
0.485,200,45,484.913780339813,241.349466922265,484.913780339813,13793.8014933263,14114.3025236911,13725.0104212021,62.7273757698914,28.7461356891786,45.2921164399493,-645.656795539237,-120.217966218205,1.49011611938477e-08,1.49011611938477e-08,1.93305636020816,1.83399268945119,0.998157739658256,2.70315381087694,16,45
0.486,200,45,493.765382374077,230.201544124155,493.765382374077,14114.2648075788,13690.1761498615,13906.0519076551,63.0622702826258,33.3554522769857,43.2642453550517,-736.18024408401,-340.417894179792,1.49011611938477e-08,1.49011611938477e-08,1.82140345066474,1.68715767774805,1.49011611938477e-08,3.10624859452234,16,45
0.487,200,45,488.432968426845,232.101392395184,488.432968426845,13947.4153907436,13482.6186806532,14372.3259722083,61.91331421666,38.3772071122523,41.3917220582375,-668.577913464712,-533.367819561637,1.49011611938477e-08,1.49011611938477e-08,1.8056352888028,1.74413404487778,1.49011611938477e-08,2.57631597964717,16,45
0.488,200,45,449.13974597621,245.190271779042,449.13974597621,13531.3294743251,13762.4132879459,14544.4645857569,59.5797856316982,41.9790568035717,39.7519672381813,-546.768737239487,-581.178523760118,1.49011611938477e-08,1.49011611938477e-08,1.89482908310067,1.82140143517717,1.49011611938477e-08,2.30338890330029,16,45
0.489,200,45,366.547156033181,246.237829187883,366.547156033181,13418.9704753291,14163.036304449,14219.6768573705,57.774286571136,43.858917673829,39.5053979920186,-475.907446119996,-499.219625791111,1.49011611938477e-08,1.49011611938477e-08,1.94620971701969,1.68931621639389,1.49011611938477e-08,3.41676576190474,16,45
0.49,200,45,256.412306151289,244.653716525095,256.412306151289,13772.0399507404,14177.4637731643,13809.1650441668,57.8109714674473,44.3786309865863,40.9979715025552,-473.167253645116,-351.143694804815,1.49011611938477e-08,1.49011611938477e-08,1.94322230335849,1.40960725670579,0.124310273116882,15.8574076840117,16,45
0.491,200,45,237.227511544579,241.740020030835,237.227511544579,14141.6208245701,13787.4778448812,13836.3733812964,59.183645282055,43.9211937069563,43.6091652022417,-491.100721511374,-232.491410313419,1.49011611938477e-08,1.49011611938477e-08,1.83609916007928,1.34267880822255,0.630898096601043,6.93158477040628,16,45
0.492,200,45,405.195199431078,235.930215964291,405.195199431078,14090.2035748271,13481.0648631272,14268.9284830514,59.7173537083159,42.6908024914788,46.211630161475,-452.808951088362,-184.966499004305,1.49011611938477e-08,1.49011611938477e-08,1.77947979935777,1.61592936085049,1.10594197569887,4.72841900785487,16,45
0.493,200,45,625.988305130249,-11300.6893156287,625.988305130249,13713.8754531729,13659.0995780261,14573.5013364863,57.0397657295943,40.8878864749483,47.0844439358639,-360.230550699311,-189.71127890272,1.49011611938477e-08,1.49011611938477e-08,1.86269650743773,2.13939397010638,1.60644787236454,5.78141946919881,16,45
0.494,200,45,616.898469279597,-7314.92188395559,616.898469279597,13514.9372191146,14084.6857274052,14406.1843385541,50.8928112429766,39.285498133551,45.4915547634992,-315.002636552119,-178.015981747327,1.49011611938477e-08,1.49011611938477e-08,1.938887770275,2.47439018404908,1.8546439307824,8.31422073100414,16,45
0.495,200,45,584.032727464703,-1089.84850829214,584.032727464703,13766.4467804894,14210.4854948547,14008.2990992112,43.295039729447,38.6487865904701,42.0881395731718,-403.994891103171,-92.5042906917408,1.49011611938477e-08,1.49011611938477e-08,1.95771220463678,1.67701179181053,1.46244317940962,5.85164650899322,16,45
0.496,200,45,460.160463826723,217.834319974796,460.160463826723,14140.5873236454,13878.4083195255,13905.8859608044,40.3930800101829,39.4319775025217,39.6585526235399,-606.107886201247,17.8725316354722,1.49011611938477e-08,1.49011611938477e-08,1.87573727843051,0.613768084235102,0.850455722996932,2.13430170924094,16,45
0.497,200,45,222.81109989008,222.734748648351,222.81109989008,14163.6274247193,13493.8887757147,14253.8375870128,45.3022552131753,41.2399313717679,40.3562157604753,-794.214491565005,60.7852632201166,1.49011611938477e-08,1.49011611938477e-08,1.78576497684283,1.49011611938477e-08,0.384218762764217,1.34862156478986,16,45
0.498,200,45,160.915642142511,220.322190368508,160.915642142511,13783.3178805447,13552.2074642779,14578.6919064285,52.5011662264872,42.9491261365377,42.9010804389276,-836.830876751307,26.037222117636,1.49011611938477e-08,1.49011611938477e-08,1.84299527876813,0.357690450562978,1.49011611938477e-08,1.59440715778838,16,45
0.499,200,45,339.276852614988,214.950783952274,339.276852614988,13440.336133802,13979.8973400869,14421.0020482382,59.3193623125715,44.0703015197572,46.4134053652915,-817.116188780037,-47.9396431222721,1.49011611938477e-08,1.49011611938477e-08,1.92628426575806,0.731188809702449,1.49011611938477e-08,2.19384069795681,16,45
0.5,200,45,630.440488305383,-13394.6577692083,630.440488305383,13600.6599581439,14242.2661854737,13984.0489788158,63.2565586252209,44.4569380144343,49.0351848904397,-736.717851929563,-194.419470586882,1.49011611938477e-08,1.49011611938477e-08,1.95339845731102,1.15681602035921,0.157018703984489,3.41188581124543,16,45
0.501,200,45,613.169869697519,-5866.52545485564,613.169869697519,13989.1010660204,14030.2341432107,13786.6710167383,63.4354559787089,43.6170383470811,49.7986949776255,-601.009274488063,-304.529473850026,1.49011611938477e-08,1.49011611938477e-08,1.90370243821893,1.55584036991276,0.661448328628729,4.62091140852718,16,45
0.502,200,45,583.741924079982,-325.754005228942,583.741924079982,14049.5765113995,13627.1256071084,14038.3177322578,62.4217240351442,40.9010072277915,49.7643705062607,-463.2314458625,-274.264130613738,1.49011611938477e-08,1.49011611938477e-08,1.81521051266913,1.80982826911555,1.20470775037338,4.08594156072703,16,45
0.503,200,45,586.490528013898,-1231.875482291,586.490528013898,13725.1505813799,13562.177187202,14447.654580933,61.5540304413969,36.4044017422623,49.1721007152645,-363.27608262137,-172.232445276563,1.49011611938477e-08,1.49011611938477e-08,1.84561568566378,2.05802598998679,1.80306334421884,3.16406615866191,16,45
0.504,200,45,541.097375766022,44.3402552615633,541.097375766022,13327.0452473592,13926.1801314693,14448.8640306164,61.1298505559158,31.3244280579172,48.0572516101638,-350.76779374617,-74.080145439854,1.49011611938477e-08,1.49011611938477e-08,1.92282834448468,2.25335914594221,2.34739937097331,2.63912625326038,16,45
0.505,200,45,482.257890322489,181.635864146538,482.257890322489,13372.5879485818,14235.5373105869,14028.055331104,61.7467306055834,28.163268802927,46.5475670902034,-472.150893297072,-37.0653087858656,1.49011611938477e-08,1.49011611938477e-08,1.95179359416915,2.14759211880958,2.3840290467126,2.47190041803777,16,45
0.506,200,45,467.987539099938,184.667745728298,467.987539099938,13818.5385118759,14093.0996489099,13712.7097722651,62.8819383319567,29.6051185253093,44.6534409618675,-654.901903731689,-137.797480200418,1.49011611938477e-08,1.49011611938477e-08,1.92886427328307,1.83369674126966,0.891673305533683,2.75058759063485,16,45
0.507,200,45,483.054835850496,175.081518378626,483.054835850496,14113.9690787412,13667.0979434871,13922.241898747,63.2390691294928,34.5715293661686,42.7616225313769,-744.836534864554,-367.696924264589,1.49011611938477e-08,1.49011611938477e-08,1.81710252546135,1.68587416660932,1.49011611938477e-08,3.01088592125525,16,45
0.508,200,45,483.175208156811,171.807444989095,483.175208156811,13917.2640807562,13484.1249818579,14385.5992434985,62.1572359732358,39.6743796071871,41.0141635968396,-672.742336906357,-550.483284739416,1.49011611938477e-08,1.49011611938477e-08,1.81030899817268,1.73321617227069,1.49011611938477e-08,2.44681027419304,16,45
0.509,200,45,449.860615438327,179.255271234763,449.860615438327,13505.0631559212,13785.5348061246,14531.1099315646,59.9201729394634,43.2765786112189,39.4791605279948,-553.355609031189,-588.537879578408,1.49011611938477e-08,1.49011611938477e-08,1.89984930550543,1.79091961624172,1.49011611938477e-08,2.23954212664333,16,45
0.51,200,45,368.677261712274,179.651641466046,368.677261712274,13422.1118351628,14175.7835057525,14188.4328022565,58.1708278152785,45.1526203449517,39.2252024276985,-484.395782400487,-501.661727924776,1.49011611938477e-08,1.49011611938477e-08,1.94771959890812,1.63991668402381,1.49011611938477e-08,3.39776838162378,16,45
0.511,200,45,266.035522318063,177.567680799072,266.035522318063,13791.9400582079,14161.5385099835,13790.9314623059,58.2255015443654,45.6538578560979,40.7239672754721,-480.38114447851,-360.583430096144,1.49011611938477e-08,1.49011611938477e-08,1.94048101614764,1.37002702039383,0.143165558163038,15.580697785333,16,45
0.512,200,45,256.240845825188,174.482548860134,256.240845825188,14146.3712948605,13760.500427486,13849.0720103176,59.4963641647071,45.1808184779105,43.3113864294248,-493.461349818192,-238.916656808375,1.49011611938477e-08,1.49011611938477e-08,1.82979442407074,1.33274373925428,0.653737174202075,6.86415430493036,16,45
0.513,200,45,430.088731615914,168.612075620532,430.088731615914,14068.799743511,13475.2668064482,14290.2170079523,59.7842834976429,43.9381279698465,45.813870816161,-447.440793986237,-195.469619844601,1.49011611938477e-08,1.49011611938477e-08,1.78208537319154,1.63186582947884,1.14125835628475,4.84030058155831,16,45
0.514,200,45,627.761195707335,168.295266361776,627.761195707335,13688.0783640253,13679.6128691527,14573.2452749506,56.7403100168927,42.1291861557616,46.4687744572095,-353.311272203906,-199.039903996141,1.49011611938477e-08,1.49011611938477e-08,1.86893999931942,2.16634173213197,1.65316770529361,5.99927123336593,16,45
0.515,200,45,616.906195463886,163.75436348362,616.906195463886,13513.0063940959,14102.058312848,14381.8853275184,50.3426522073666,40.5687980332817,44.6983387903151,-316.528223458456,-180.783239241221,1.49011611938477e-08,1.49011611938477e-08,1.94145868840531,2.46209322476734,1.87946192996792,8.50146131283467,16,45
0.516,200,45,578.31394386836,-191.044864948928,578.31394386836,13784.3153307029,14199.6688402023,13987.2571592508,42.7586484666125,39.9963149648647,41.215121083323,-410.899489651582,-92.9627519772957,1.49011611938477e-08,1.49011611938477e-08,1.95662383635151,1.58723293961672,1.44215498617752,5.50370212553171,16,45
0.517,200,45,436.513933843621,155.412510621954,436.513933843621,14148.8404855101,13849.9792217654,13913.1040704849,40.4022361881524,40.8498415343114,38.9302300807816,-631.028913682851,24.1710487000141,1.49011611938477e-08,1.49011611938477e-08,1.86911886631063,0.537348269788064,0.82223665616408,1.96847129018544,16,45
0.518,200,45,198.853241557336,155.830618447693,198.853241557336,14149.1930142203,13480.7819282862,14278.6838396113,45.7525830636686,42.6532344726561,39.8488566293064,-814.971426988204,60.9893369953927,1.49011611938477e-08,1.49011611938477e-08,1.78576011981931,1.49011611938477e-08,0.348938768936686,1.29073357389645,16,45
0.519,200,45,157.676994439088,152.99181563045,157.676994439088,13752.9698723421,13567.9004885556,14584.2019594168,53.0445599508857,44.3146750411663,42.5129721010554,-850.549640572145,21.3489215091776,1.49011611938477e-08,1.49011611938477e-08,1.84890106747073,0.320960227985522,1.49011611938477e-08,1.5859589283815,16,45
0.52,200,45,378.065656248922,147.853301853774,378.065656248922,13434.0294887213,14002.3598597662,14402.0322620563,59.808303870556,45.3878245188654,46.1023284594838,-826.432002920804,-58.9016622897341,1.49011611938477e-08,1.49011611938477e-08,1.92926915981061,0.712051325687745,1.49011611938477e-08,2.22924156719842,16,45
0.521,200,45,633.329342127939,-13500.3060340863,633.329342127939,13620.3215385559,14240.2701626077,13964.6561647322,63.5254749812856,45.6722356963391,48.6903467650351,-745.753170077736,-199.218437362671,1.49011611938477e-08,1.49011611938477e-08,1.95357943807729,1.13528572057114,0.17031646313201,3.47446258787219,16,45
0.522,200,45,613.857785671404,-5352.461033785,613.857785671404,14004.6858434305,14005.5650119399,13792.5264010922,63.5269535458222,44.6281966268207,49.3939758663549,-597.842936161441,-307.003230876554,1.49011611938477e-08,1.49011611938477e-08,1.89813782381898,1.52431828631567,0.694563817615562,4.59107445372512,16,45
0.523,200,45,585.397193840778,-376.118671935586,585.397193840778,14041.1869069697,13609.1497529932,14066.5577577128,62.4238481437059,41.619726340195,49.3310224746453,-457.597508525565,-266.208461232435,1.49011611938477e-08,1.49011611938477e-08,1.81292416166933,1.77979885877485,1.25569146561514,3.94196797095135,16,45
0.524,200,45,587.353952445704,-1072.24644056274,587.353952445704,13699.1321499083,13572.6292028666,14465.1562866234,61.465681500278,36.9183387451298,48.6933700465401,-357.078630786977,-164.163930260301,1.49011611938477e-08,1.49011611938477e-08,1.85010309956908,2.03953803413491,1.85320774203773,3.07923120783108,16,45
0.525,200,45,535.234362093477,19.9869083576516,535.234362093477,13315.7536904387,13949.4115722334,14438.3970323401,60.987241360366,31.6728741863394,47.5821972598768,-349.238057663817,-67.1975104883276,1.49011611938477e-08,1.49011611938477e-08,1.92545512993797,2.23515553565603,2.39230929377138,2.58836868746232,16,45
0.526,200,45,482.608717560744,116.693325672384,482.608717560744,13391.2657027776,14242.1392870059,14008.2697126306,61.5845391623348,28.3631165904074,46.0901961955113,-467.383871280915,-32.4815774649637,1.49011611938477e-08,1.49011611938477e-08,1.95250352679189,2.11445357555936,2.38362513000192,2.43890730483629,16,45
0.527,200,45,482.604379165846,113.883189132187,482.604379165846,13845.2027834342,14073.3226653112,13715.5756885804,62.6671830906688,29.6371437191985,44.2054959355453,-657.279013157461,-141.489851046713,1.49011611938477e-08,1.49011611938477e-08,1.92386254500932,1.80197429980321,0.867382833574048,2.74785252245886,16,45
0.528,200,45,483.42289161991,110.266027800358,483.42289161991,14116.7143104931,13644.9268425436,13952.3877805725,62.9751838912686,34.4544794721983,42.3581078055581,-737.785482065793,-371.837673415824,1.49011611938477e-08,1.49011611938477e-08,1.81193709709412,1.66383635718699,1.49011611938477e-08,3.04507589079245,16,45
0.529,200,45,473.600119661342,111.354127736835,473.600119661342,13897.4010757027,13489.8821636432,14411.753999765,61.8755146705626,39.3606296453183,40.6528106803628,-660.930858656687,-544.730878858103,1.49011611938477e-08,1.49011611938477e-08,1.81400774089052,1.71357047888821,1.49011611938477e-08,2.50170816530082,16,45
0.53,200,45,431.296468323086,114.83709486348,431.296468323086,13487.9274585375,13811.0670684708,14525.5387446023,59.7415671921515,42.7732252083815,39.2126413500899,-545.618905923279,-572.876134538964,1.49011611938477e-08,1.49011611938477e-08,1.90404334064542,1.7606933928586,1.49011611938477e-08,2.35466753352421,16,45
0.531,200,45,345.330501322608,113.254882879901,345.330501322608,13434.1009877102,14189.2899394464,14163.0655578332,58.2182323470696,44.5021841367968,39.1126261776231,-484.666894920714,-488.989832543438,1.49011611938477e-08,1.49011611938477e-08,1.94892109695261,1.60530739836755,1.49011611938477e-08,3.73832208009788,16,45
0.532,200,45,245.286214993118,110.724182543611,245.286214993118,13818.759221131,14147.939998998,13780.5809767918,58.4155010961213,44.9108456096836,40.6899618215599,-481.063461151962,-345.945025228201,1.49011611938477e-08,1.49011611938477e-08,1.9368170741901,1.36317583074303,0.188695366696517,19.1453458869175,16,45
0.533,200,45,244.606662652027,107.538407421815,244.606662652027,14156.4876079531,13738.4296336606,13868.5675333254,59.597306605639,44.3538658227794,43.2597880667416,-487.677166049886,-234.204131324779,1.49011611938477e-08,1.49011611938477e-08,1.82284797227484,1.36249688145559,0.684669095860316,6.48270255549389,16,45
0.534,200,45,421.359005060335,104.827695717511,421.359005060335,14053.2506584448,13475.9197182915,14316.8180231646,59.5368947397586,43.0068821094659,45.5904126842816,-431.49307603876,-198.360008239182,1.49011611938477e-08,1.49011611938477e-08,1.78420258839049,1.69206674855672,1.17895863947666,4.91801017508693,16,45
0.535,200,45,630.700223995643,106.366262785981,630.700223995643,13667.2703321599,13705.0037998256,14573.2420078325,56.1521814042286,41.1263857923444,46.0824191609231,-336.605950402122,-203.012504815332,1.49011611938477e-08,1.49011611938477e-08,1.8744900456165,2.24356687680074,1.68810226706236,6.26176651087353,16,45
0.536,200,45,618.018330178263,105.419666110966,618.018330178263,13516.6236992563,14122.2330710495,14357.8108330766,49.457482208146,39.5464462234222,44.1546648430759,-305.652020029777,-183.889431365128,1.49011611938477e-08,1.49011611938477e-08,1.94370925172432,2.50820230316637,1.88486357990837,8.91453983106152,16,45
0.537,200,45,575.41389052414,-274.691993892367,575.41389052414,13806.4088259827,14193.1198238483,13967.9074709493,41.864232347117,39.0552713123414,40.5941688320114,-411.735108607553,-88.9754148533652,1.49011611938477e-08,1.49011611938477e-08,1.95501469078183,1.54709172583212,1.40610809018453,5.40483615160777,16,45
0.538,200,45,423.348790721883,104.673850060021,423.348790721883,14160.5766860778,13827.2285780447,13921.6188492544,39.9606402033003,40.0333081469943,38.4284426239307,-635.888420607381,25.6832432733571,1.49011611938477e-08,1.49011611938477e-08,1.86168820378462,0.500256451320423,0.783066702750489,1.92209118947329,16,45
0.539,200,45,182.15257494186,106.857399517151,182.15257494186,14134.0467297075,13473.8551247231,14300.8615440618,45.7350610999022,41.9513171984143,39.5063318300603,-812.648443240855,55.2984232228754,1.49011611938477e-08,1.49011611938477e-08,1.78546608044376,1.49011611938477e-08,0.303575626429617,1.3109547560884,16,45
0.54,200,45,154.629949223971,107.026615968925,154.629949223971,13724.9792797085,13590.5059252622,14581.9578132828,53.1076951203903,43.6564074206068,42.2296726755085,-840.641537606001,14.3044216001108,1.49011611938477e-08,1.49011611938477e-08,1.85473801102672,0.362202253664452,1.49011611938477e-08,1.62375173286663,16,45
0.541,200,45,374.952910134258,105.648726657987,374.952910134258,13431.3530183505,14027.8650506498,14375.5091854771,59.8356430029266,44.733962647289,45.8327170716452,-815.202109326307,-64.0587658648004,1.49011611938477e-08,1.49011611938477e-08,1.93186167419948,0.753260397945629,1.49011611938477e-08,2.30084921927235,16,45
0.542,200,45,634.787320793019,-13404.6318893849,634.787320793019,13643.2360801229,14241.9468693668,13939.443174417,63.3844518962639,45.0037871833096,48.3294816575906,-727.459336561664,-212.998230671674,1.49011611938477e-08,1.49011611938477e-08,1.95315587060068,1.1825909930847,0.153431999874108,3.59627755301353,16,45
0.543,200,45,613.414231484928,-4903.98441453863,613.414231484928,14020.0087802846,13984.8511298575,13793.2502349177,63.3037889826971,43.9612428366255,48.9625249422817,-578.929759413776,-314.477489404411,1.49011611938477e-08,1.49011611938477e-08,1.89214128362278,1.57173893796385,0.697397401832281,4.68015063222602,16,45
0.544,200,45,587.162501279827,-412.900378503114,587.162501279827,14028.550898318,13595.1595670959,14083.3605223818,62.3041455425084,41.0037970811648,48.9056690161782,-446.397691076653,-265.100664332704,1.49011611938477e-08,1.49011611938477e-08,1.81165553385899,1.81520825373331,1.26376566342623,3.93401834278204,16,45
0.545,200,45,588.971571134862,-1149.29234708888,588.971571134862,13670.6683382368,13587.2395591916,14469.1158038108,61.4148454823893,36.3770145956019,48.2518719308635,-353.362646533783,-161.093348736893,1.49011611938477e-08,1.49011611938477e-08,1.85522068548448,2.069996185457,1.86636630911539,3.05386959770684,16,45
0.546,200,45,538.812583966632,-17.0391391259568,538.812583966632,13303.7976237619,13973.8668924421,14413.9069675417,61.0159571320075,31.3884934311261,47.1260941195651,-352.768870306576,-71.7267043201228,1.49011611938477e-08,1.49011611938477e-08,1.92818007764435,2.25219916337268,2.43348559845898,2.58024162385254,16,45
0.547,200,45,483.99343208657,93.3784141319739,483.99343208657,13410.4724219005,14244.2802373207,13974.5721329564,61.678754623563,28.6573371589493,45.6436940153482,-484.123520804872,-43.6994519537995,1.49011611938477e-08,1.49011611938477e-08,1.95342533090098,2.11190473858277,2.24017928139682,2.46394771335182,16,45
0.548,200,45,461.575119166849,101.134548902304,461.575119166849,13869.0673286471,14050.2206894282,13708.342123097,62.8111015139516,30.5822770708948,43.8477296217915,-675.595345340468,-165.343155945321,1.49011611938477e-08,1.49011611938477e-08,1.91895133939029,1.79217215199304,0.77225675691915,2.77975675875658,16,45
0.549,200,45,476.624302688564,96.8929099788012,476.624302688564,14113.668196884,13623.0513614807,13971.5977067257,63.1357366635884,35.6438573207354,42.1257685943111,-747.553945179751,-396.43777768294,1.49011611938477e-08,1.49011611938477e-08,1.80853996746339,1.65431543897708,1.49011611938477e-08,2.94694287115395,16,45
0.55,200,45,470.387221561142,98.9165292096824,470.387221561142,13867.5242944672,13494.4760907909,14424.5797714934,62.0891536319558,40.6027852275494,40.5268037870264,-667.04242025178,-560.845269508566,1.49011611938477e-08,1.49011611938477e-08,1.81915138316175,1.69670608313276,1.49011611938477e-08,2.38853877168376,16,45
0.551,200,45,432.062879623748,104.299756842395,432.062879623748,13466.1517325204,13834.2739570512,14510.3230040303,60.0421643560506,44.0092210106998,39.2103574718558,-558.748920064443,-582.406871423278,1.49011611938477e-08,1.49011611938477e-08,1.90852719422342,1.72766796931454,1.49011611938477e-08,2.30365148981228,16,45
0.552,200,45,353.734827881277,105.805417071215,353.734827881277,13441.8062095885,14198.7134296329,14131.9728413294,58.6151429971272,45.726698346112,39.1899666163907,-494.926432132816,-491.383119681552,1.49011611938477e-08,1.49011611938477e-08,1.95013042146306,1.56071104443598,1.49011611938477e-08,3.75564016676571,16,45
0.553,200,45,247.77159428384,106.465045500349,247.77159428384,13840.1220945569,14129.2693356118,13766.0464897422,58.8630616187064,46.1027783943169,40.8349911537635,-490.656327712039,-347.623602300418,1.49011611938477e-08,1.49011611938477e-08,1.93310473948696,1.33447762228996,0.189058814765607,18.5177694444593,16,45
0.554,200,45,259.56686277063,106.39884965124,259.56686277063,14159.8432525923,13712.3860626352,13884.2471977844,59.949277298599,45.5119694308806,43.4189837496747,-490.399094217634,-239.811949438502,1.49011611938477e-08,1.49011611938477e-08,1.81701808063547,1.36245337978513,0.704524724821489,6.46697715690835,16,45
0.555,200,45,449.083806359292,103.104207500101,449.083806359292,14030.4197192658,13473.6817608641,14336.4928920976,59.6443408503271,44.1256920714153,45.6749014543856,-426.976898889728,-206.822000520966,1.49011611938477e-08,1.49011611938477e-08,1.78773693152718,1.71471621282353,1.21323606681402,5.04790577044658,16,45
0.556,200,45,629.358562593888,106.184072656637,629.358562593888,13643.8172852245,13727.1740667438,14569.6019610061,55.9126556313193,42.2252751329506,46.0040690637104,-335.900615117439,-209.930786750167,1.49011611938477e-08,1.49011611938477e-08,1.88040533789707,2.2724573293606,1.73145518292343,6.47976896710248,16,45
0.557,200,45,615.976719805932,105.279420149291,615.976719805932,13518.5325847853,14137.341777527,14331.8920626013,48.9956863355876,40.6967008948049,43.9494094181791,-309.81119359455,-185.420779386465,1.49011611938477e-08,1.49011611938477e-08,1.94598683543179,2.48881308405584,1.89660391666498,9.07003606223481,16,45
0.558,200,45,568.947762899923,-223.248972873266,568.947762899923,13825.8010557155,14179.9612178005,13948.8308448807,41.4749025398037,40.2914200147411,40.372737970447,-429.172359798669,-84.4316104710461,1.49011611938477e-08,1.49011611938477e-08,1.95328954822877,1.46427461936247,1.37558658954662,5.1554231827193,16,45
0.559,200,45,404.943335413371,105.209748291809,404.943335413371,14167.3111966618,13799.3299533894,13931.4572646959,40.1096738838052,41.3455760901139,38.3763374648956,-659.23598264311,27.9856517160083,1.49011611938477e-08,1.49011611938477e-08,1.85510893855843,0.436534821537546,0.75183973485098,1.82682193643977,16,45
0.56,200,45,174.388253328184,106.903833057324,174.388253328184,14117.5465383662,13464.3660582459,14324.6246441205,46.1791194478055,43.2696374897347,39.5810935546468,-828.292008904009,50.5646253390913,1.49011611938477e-08,1.49011611938477e-08,1.78641340116935,1.49011611938477e-08,0.258543750662916,1.29745684338675,16,45
0.561,200,45,167.211378783387,106.955203092173,167.211378783387,13696.0722643333,13609.2599504256,14584.0597861693,53.5793893060526,44.9526355961002,42.3120003042105,-849.640325578127,7.25617450668352,1.49011611938477e-08,1.49011611938477e-08,1.86045037746571,0.35209504540303,1.49011611938477e-08,1.6570926029146,16,45
0.562,200,45,406.21881751612,105.227673653098,406.21881751612,13428.6675907719,14049.2666494078,14354.7006721925,60.2070556924944,46.0070275546809,45.8608008767428,-818.867905370188,-78.9982453994744,1.49011611938477e-08,1.49011611938477e-08,1.93439756587884,0.752356475118922,1.49011611938477e-08,2.38151310368038,16,45
0.563,200,45,634.302455939669,-13127.3760389416,634.302455939669,13664.358078208,14237.5174213616,13921.5245594739,63.515638442617,46.202208098274,48.2030632498613,-723.959277839025,-226.467640868569,1.49011611938477e-08,1.49011611938477e-08,1.95264374682872,1.17803046706154,0.180611578028334,3.69670846127051,16,45
0.564,200,45,610.696123306936,-4311.08002277606,610.696123306936,14033.9291427447,13960.4019993275,13802.1718791009,63.2731108793691,44.9734203455862,48.7348214223697,-570.045543661723,-313.893758173166,1.49011611938477e-08,1.49011611938477e-08,1.88600034997048,1.55636458719512,0.736740032031612,4.65108318327435,16,45
0.565,200,45,589.337281169285,-439.598214568791,589.337281169285,14023.8290765171,13580.961589409,14119.1704648666,62.1987294862647,41.7462883263128,48.6280414926507,-435.396168615006,-254.027851027908,1.49011611938477e-08,1.49011611938477e-08,1.8098541168653,1.80276498066413,1.32188214556651,3.78998951533895,16,45
0.566,200,45,582.504846753666,-487.200893926204,582.504846753666,13649.6473749065,13601.9011695129,14488.7607373997,61.2315516926701,36.9423918553308,47.8940397723551,-343.631148888533,-154.88821709702,1.49011611938477e-08,1.49011611938477e-08,1.85960196025423,2.07613036047775,1.91717763474176,2.98281300998254,16,45
0.567,200,45,522.06091251685,42.5997204694806,522.06091251685,13300.2597849923,13997.9390662773,14405.1526682475,60.8554241150381,31.8417687821683,46.7493997126973,-345.809657796599,-59.5654441717715,1.49011611938477e-08,1.49011611938477e-08,1.93029381284838,2.25791272483817,2.48395013041266,2.53385021219649,16,45
0.568,200,45,470.899971559013,98.8409941854406,470.899971559013,13435.4251704542,14248.4148680148,13960.1956125253,61.6228365500279,29.0275500288158,45.2509184333101,-484.926012824287,-31.8646114847752,1.49011611938477e-08,1.49011611938477e-08,1.95376258831932,2.08739312244841,2.27331884676004,2.42198215498855,16,45
0.569,200,45,470.854080061752,98.7215403640281,470.854080061752,13896.9171006207,14030.0577908252,13719.7517686232,62.8295154656673,30.8093861958328,43.3723571450744,-676.893460043404,-155.931166007332,1.49011611938477e-08,1.49011611938477e-08,1.91291610999487,1.75224919497765,0.765775382348975,2.76331037528108,16,45
0.57,200,45,485.647573509812,92.6627597526449,485.647573509812,14115.3375278931,13604.6854013187,14007.669173155,63.2187526687596,35.7118168322889,41.4968320665167,-743.780429833373,-383.398808121547,1.49011611938477e-08,1.49011611938477e-08,1.8041626341923,1.60905091079356,1.49011611938477e-08,3.04157913330097,16,45
0.571,200,45,482.023452179443,94.4697224161111,482.023452179443,13849.1386056649,13505.2880868241,14453.3019844374,62.2241114372066,40.4796223004905,39.7158203704362,-667.387255842434,-533.777130453325,1.49011611938477e-08,1.49011611938477e-08,1.82335049555867,1.6407412329005,1.49011611938477e-08,2.54012566357386,16,45
0.572,200,45,442.720364635047,103.552942004904,442.720364635047,13455.5475407657,13861.7150081824,14509.4552879743,60.2799769874218,43.7103772465102,38.3048615851845,-556.613936626199,-552.181735773374,1.49011611938477e-08,1.49011611938477e-08,1.91229391187964,1.64938751409742,1.49011611938477e-08,2.52343945844553,16,45
0.573,200,45,354.040025163156,105.802988269698,354.040025163156,13460.1734575326,14210.5843724902,14116.8351439656,59.0230523594807,45.2894326491405,38.3697002282757,-498.134668779334,-456.811472447065,1.49011611938477e-08,1.49011611938477e-08,1.95125260996215,1.46839318244973,1.49011611938477e-08,4.49027152647592,16,45
0.574,200,45,259.015723818545,106.399888889246,259.015723818545,13866.8363024328,14113.6607510598,13770.2866186742,59.4258863622561,45.5687335703706,40.2096996353885,-498.091932866756,-312.401538470542,1.49011611938477e-08,1.49011611938477e-08,1.92907980923504,1.26454705289103,0.22913739387887,18.960776627002,16,45
0.575,200,45,271.61634418288,106.326469714301,271.61634418288,14165.5614031759,13691.1063378651,13917.2685526237,60.5764811915801,44.8863297591892,42.9793758026067,-497.547583927373,-209.05699250633,1.49011611938477e-08,1.49011611938477e-08,1.81171165658718,1.32341880624889,0.737139361740346,5.1210760641142,16,45
0.576,200,45,461.576113487966,101.260246952942,461.576113487966,14012.574631575,13477.7520882619,14373.5409002965,60.1751296301441,43.4043344099009,45.2609801172777,-434.895354904871,-181.474551807589,1.49011611938477e-08,1.49011611938477e-08,1.79161384334069,1.69127432893218,1.25349786792448,4.35055923145848,16,45
0.577,200,45,629.02949153664,-10177.210108569,629.02949153664,13625.4761533735,13753.9923562536,14580.5407378086,56.3594617229947,41.4370675139496,45.5138043722297,-339.574802237063,-185.325471775045,1.49011611938477e-08,1.49011611938477e-08,1.88608423535815,2.23641222539466,1.77132754571823,5.59961239446878,16,45
0.578,200,45,615.337035275911,-5361.35552550689,615.337035275911,13525.9786969322,14154.9534582697,14321.1556124712,49.4046366563411,39.8569470980006,43.3641975855801,-319.540860539857,-156.620352862671,1.49011611938477e-08,1.49011611938477e-08,1.94807867190584,2.38887948901873,1.91762406294388,7.27144638022961,16,45
0.579,200,45,565.010942295749,-188.253477426217,565.010942295749,13848.9535178709,14169.54588977,13946.1157629295,42.1793073774641,39.4549557216202,39.8324577463755,-447.840321738016,-52.1643975934317,1.49011611938477e-08,1.49011611938477e-08,1.95118206837322,1.371358475976,1.36975218705639,3.97459009564383,16,45
0.58,200,45,395.354467943109,105.378071849029,395.354467943109,14177.2394785241,13776.3218099137,13956.7421170339,41.2677548809455,40.5277828495784,38.0773102744993,-678.790106322978,54.4598591566034,1.49011611938477e-08,1.49011611938477e-08,1.84859389217069,0.406565469409322,0.746293240661084,1.5977108413534,16,45
0.581,200,45,167.481316146376,106.945140566148,167.481316146376,14100.9558300361,13460.6237630962,14359.7772735912,47.389338919343,42.4608814399317,39.464129645732,-833.748075376848,69.7367696118697,1.49011611938477e-08,1.49011611938477e-08,1.7880093579185,1.49011611938477e-08,0.273128804628715,1.21540613941735,16,45
0.582,200,45,175.535225159317,106.901479182159,175.535225159317,13663.308933307,13633.4074800625,14585.5751553135,54.6484405307038,44.1029516269206,42.3186991669244,-854.620852865872,25.3095528590746,1.49011611938477e-08,1.49011611938477e-08,1.86706494241662,0.370956462231689,1.49011611938477e-08,1.55481177261096,16,45
0.583,200,45,423.215869083011,104.791358330191,423.215869083011,13424.4687332246,14072.9933482324,14334.6034427915,61.0178482922844,45.1021971434192,45.8783459228002,-822.340379753977,-65.3426182034684,1.49011611938477e-08,1.49011611938477e-08,1.93695956868485,0.764034489976713,1.49011611938477e-08,2.2391375424067,16,45
0.584,200,45,634.019710645262,106.676341609912,634.019710645262,13682.6086994055,14235.3492678013,13908.1469604918,63.9602309541154,45.2310995051514,48.0887845698976,-725.430822649865,-215.737354550281,1.49011611938477e-08,1.49011611938477e-08,1.95218237990728,1.18168000803376,0.270031381288135,3.43820524227219,16,45
0.585,200,45,608.03588432504,103.531498972626,608.03588432504,14040.6464672534,13936.6583672241,13814.8750518558,63.4980352505807,43.9701282566798,48.5410949648375,-573.111367976329,-300.941390186843,1.49011611938477e-08,1.49011611938477e-08,1.88090023686241,1.54755942133405,0.775264448676192,4.28193299616737,16,45
0.586,200,45,590.910723792369,-458.412348007116,590.910723792369,14005.9823585489,13568.0847284179,14146.1460117306,62.397951051311,40.7673093182923,48.5003667527329,-449.040335780538,-246.267344046902,1.49011611938477e-08,1.49011611938477e-08,1.81049730011935,1.78534950456611,1.34964241139692,3.53128976891119,16,45
0.587,200,45,584.431516911458,-176.551191586089,584.431516911458,13617.6853267036,13617.6858012698,14498.7985007874,61.3719817181418,35.9815052908426,47.8746430745884,-354.774755399718,-145.452186857185,1.49011611938477e-08,1.49011611938477e-08,1.86548281766836,2.05575766063796,1.93678459852159,2.84778718282767,16,45
0.588,200,45,528.279733701259,24.5680457706707,528.279733701259,13286.9211756891,14020.0931473298,14385.1901413671,60.9753022333795,31.0228724767292,46.8404266486135,-364.198716065781,-54.9720875036135,1.49011611938477e-08,1.49011611938477e-08,1.93292083539742,2.22226309131782,2.50776335980223,2.46792266324545,16,45
0.589,200,45,476.602999296899,96.761539558196,476.602999296899,13452.2995393626,14246.9970472442,13933.0366685956,61.7302799422624,28.6261893809329,45.4174821773215,-510.765836009705,-38.2987657904176,1.49011611938477e-08,1.49011611938477e-08,1.95460265619411,2.0421254212911,2.09749696221476,2.4050482181389,16,45
0.59,200,45,466.047788833975,100.173218857711,466.047788833975,13916.3632219197,14004.5582665893,13719.4268875025,62.8868047955364,30.9449361194278,43.607310704028,-699.053299045257,-177.36200108577,1.49011611938477e-08,1.49011611938477e-08,1.90755026675097,1.72749114515819,0.687346069194481,2.77431248019592,16,45
0.591,200,45,481.312222169894,94.8981686456039,481.312222169894,14109.3091134397,13584.379789063,14031.4082846185,63.1025626635816,36.0716675954766,41.7609833629379,-751.479505916551,-398.627494255866,1.49011611938477e-08,1.49011611938477e-08,1.80156878459191,1.61370058222783,1.49011611938477e-08,2.96307959042611,16,45
0.592,200,45,474.872129823507,97.4616324039968,474.872129823507,13820.9334218275,13513.1743665215,14467.4479306039,61.8871250734139,40.8755868859546,39.9660160411456,-663.293717821241,-553.762566243081,1.49011611938477e-08,1.49011611938477e-08,1.82863487033131,1.66344169374501,1.49011611938477e-08,2.42986205063774,16,45
0.593,200,45,433.34563567751,104.224991823039,433.34563567751,13438.3197099752,13884.6651049711,14492.3765576021,59.7852411998436,44.0661126412209,38.6321349847251,-552.092830906444,-562.243282391276,1.49011611938477e-08,1.49011611938477e-08,1.91616510089159,1.67170704123897,1.49011611938477e-08,2.46305262822162,16,45
0.594,200,45,348.856186016886,105.837238033117,348.856186016886,13472.3595651682,14216.1979416068,14084.7712337985,58.5263547884534,45.6055616129334,38.8217545103721,-497.383525978859,-459.938654988868,1.49011611938477e-08,1.49011611938477e-08,1.95210011601516,1.48069696824611,1.49011611938477e-08,4.47926633625598,16,45
0.595,200,45,247.777963013086,106.4672949048,247.777963013086,13890.6057019344,14092.5897022616,13758.0330743771,58.9658456337693,45.8561707333922,40.686966448835,-499.69122895842,-315.404716631482,1.49011611938477e-08,1.49011611938477e-08,1.92415112871829,1.27505568395718,0.276738976478723,18.9271737418276,16,45
0.596,200,45,273.633754435786,106.317419823971,273.633754435786,14168.7434749831,13666.224971863,13933.9414162991,60.0563846390892,45.1752913775378,43.3861356121048,-497.042636713624,-220.372065681037,1.49011611938477e-08,1.49011611938477e-08,1.80600223936521,1.34297498798618,0.762248381465334,5.39076503598599,16,45
0.597,200,45,481.886970745336,95.1187002003295,481.886970745336,13990.5535238201,13478.6313390849,14389.49365502,59.4881394789157,43.7118494789971,45.5395810511025,-429.004530947762,-193.507833405782,1.49011611938477e-08,1.49011611938477e-08,1.79531928622706,1.72101944354833,1.27428730754589,4.66447130318838,16,45
0.598,200,45,629.901511398076,106.248272320776,629.901511398076,13606.797152021,13776.8264475668,14571.4029742083,55.4234924471522,41.7981457493281,45.6351246068065,-336.159254192262,-196.95011479359,1.49011611938477e-08,1.49011611938477e-08,1.89120573653839,2.26166823693049,1.77683960550064,6.10376676513066,16,45
0.599,200,45,613.490958965926,105.03276794014,613.490958965926,13533.7485794195,14167.2137442594,14291.9282020078,48.3046415434489,40.338924751037,43.3507509417373,-325.136064990193,-164.119461309927,1.49011611938477e-08,1.49011611938477e-08,1.94992480924454,2.35347139504817,1.87206543112857,7.96763557013638,16,45
0.6,200,45,559.246505139562,-141.602715245087,559.246505139562,13871.5817644181,14153.5538795205,13926.9114761386,41.2251709256378,40.0735274014564,39.8245577272392,-463.648301203889,-56.1212055792032,1.49011611938477e-08,1.49011611938477e-08,1.94833477173938,1.28735701120484,1.3078267594397,4.03445748456756,16,45
0.601,200,45,379.619852934905,105.576956114677,379.619852934905,14184.5983405584,13748.7163979899,13966.5112067949,40.9247008083135,41.2557863362413,38.2590479003398,-683.273814440536,42.7237300441168,1.49011611938477e-08,1.49011611938477e-08,1.8414383862587,0.342446762833242,0.70472862901005,1.5984779552799,16,45
0.602,200,45,160.920898840689,106.984461367602,160.920898840689,14084.5048978014,13454.5437857902,14378.7436867428,47.3525392931334,43.2020721438551,39.7463425312308,-837.873412161915,55.3847742991964,1.49011611938477e-08,1.49011611938477e-08,1.78922284047644,1.49011611938477e-08,0.226750656132605,1.26494852196608,16,45
0.603,200,45,188.092511896699,106.830784187226,188.092511896699,13639.5087864671,13654.6246857706,14581.8618704206,54.6363399941473,44.8282043440294,42.5796870710259,-850.928475242905,7.56999917835828,1.49011611938477e-08,1.49011611938477e-08,1.87209621971424,0.394486386110529,1.49011611938477e-08,1.64975881663617,16,45
0.604,200,45,444.507401089156,103.585685491391,444.507401089156,13428.1019720991,14092.699608519,14309.7057525217,60.9126740888986,45.8093448416015,46.0417316762233,-813.007577828627,-87.468475830449,1.49011611938477e-08,1.49011611938477e-08,1.93896921178694,0.791911035089621,1.49011611938477e-08,2.40089140899703,16,45
0.605,200,45,632.038729592702,106.454520314409,632.038729592702,13707.6245798421,14228.0748593242,13888.7514254087,63.6485763890964,45.8933387518589,48.0653113343325,-710.131876000276,-233.848695578698,1.49011611938477e-08,1.49011611938477e-08,1.95073486904176,1.20813419125984,0.287318579258961,3.65881349682379,16,45
0.606,200,45,604.615098296416,100.686081068715,604.615098296416,14055.1452031929,13913.3423015683,13823.6890177055,63.1060678969037,44.4875505300434,48.4296712821622,-563.035237380447,-302.836599409863,1.49011611938477e-08,1.49011611938477e-08,1.87418909080237,1.56576614887175,0.809034207642206,4.38687880538191,16,45
0.607,200,45,592.005798362318,-471.888216349956,592.005798362318,13995.3636993856,13557.8679370121,14175.5757808308,62.0483795085697,41.076240911807,48.347142257966,-433.824354643579,-235.946212845042,1.49011611938477e-08,1.49011611938477e-08,1.80970874764167,1.79781840382248,1.39861985140494,3.47034559233271,16,45
0.608,200,45,584.839459293789,-158.253321736772,584.839459293789,13592.5437013054,13635.8430892813,14507.7698941963,61.0745247725894,36.1844929610709,47.6142039929066,-346.059261651436,-132.647322180371,1.49011611938477e-08,1.49011611938477e-08,1.87013223096962,2.06149327406492,1.9742712694712,2.76704609483182,16,45
0.609,200,45,528.381700905261,24.2816657846161,528.381700905261,13281.7952802387,14043.172459173,14366.6408854238,60.7413554153142,31.2221789136676,46.4680628823772,-364.874995230468,-44.6813076484655,1.49011611938477e-08,1.49011611938477e-08,1.93486662112684,2.21042185485739,2.55394218675797,2.39822125324401,16,45
0.61,200,45,484.65452905801,93.2789722283265,484.65452905801,13474.4726020564,14246.8808598255,13912.0925422973,61.538287858756,28.9047628902741,44.9416425520208,-518.177242732238,-35.8224723060296,1.49011611938477e-08,1.49011611938477e-08,1.95478803416572,2.01326736197963,2.08235242402257,2.35517369344371,16,45
0.611,200,45,472.90746096568,98.053034570025,472.90746096568,13939.1170389536,13982.754893863,13727.5611264464,62.6260776178789,31.2484568593878,43.0723930122681,-693.98201191328,-174.350545544204,1.49011611938477e-08,1.49011611938477e-08,1.90121677808435,1.71082222007675,0.670099061954557,2.75374348297868,16,45
0.612,200,45,482.505635878831,93.9801907040254,482.505635878831,14104.2699009174,13568.7396726293,14062.1120001746,62.7580293353752,36.2995917941161,41.2581472835796,-742.314509853927,-406.378585825829,1.49011611938477e-08,1.49011611938477e-08,1.79880121089059,1.61138675412011,1.49011611938477e-08,2.94606569944554,16,45
0.613,200,45,470.288223614397,98.9350073703802,470.288223614397,13797.1288985369,13527.2146214235,14486.3779354371,61.4873791509409,40.9556110467354,39.555397876935,-649.533313415907,-551.457891907353,1.49011611938477e-08,1.49011611938477e-08,1.83372576002245,1.66715504987649,1.49011611938477e-08,2.44444718589455,16,45
0.614,200,45,420.789364613652,104.81885396431,420.789364613652,13425.942397721,13912.109572736,14481.5960288681,59.4316714484465,44.007826776439,38.3287645149729,-541.599668633096,-550.934016348588,1.49011611938477e-08,1.49011611938477e-08,1.9195864483243,1.6703804203787,1.49011611938477e-08,2.56113663681803,16,45
0.615,200,45,328.976545807074,105.971969956908,328.976545807074,13489.8060130924,14225.2656189639,14062.2567667669,58.2972113108209,45.4410730117621,38.645020983885,-491.606584882565,-443.522133826478,1.49011611938477e-08,1.49011611938477e-08,1.95283528839703,1.47560098118936,1.49011611938477e-08,4.97769677270027,16,45
0.616,200,45,238.199693094101,106.522959080148,238.199693094101,13915.0329133529,14075.0173476084,13757.2546448215,58.8355359037251,45.622171420948,40.6159417434272,-494.843075036567,-305.845178477481,1.49011611938477e-08,1.49011611938477e-08,1.918895937602,1.28164213400023,0.317432840254487,15.7885047738321,16,45
0.617,200,45,274.451586921115,106.309396446219,274.451586921115,14171.3683661077,13647.2299719603,13960.855640574,59.8940325741904,44.8717553439629,43.3613758060898,-489.130866611021,-208.618319277319,1.49011611938477e-08,1.49011611938477e-08,1.80088006747255,1.36651908127183,0.802158461385114,4.99211104639693,16,45
0.618,200,45,485.85551568644,93.2223248616372,485.85551568644,13971.7310974329,13486.9458260811,14416.8570746116,59.0938117188578,43.3282200568241,45.4314437192065,-415.562519618727,-185.283863133591,1.49011611938477e-08,1.49011611938477e-08,1.79938359349484,1.7589398850933,1.32681778697372,4.50148056481745,16,45
0.619,200,45,628.928320154821,106.157682754389,628.928320154821,13591.2715450991,13804.8769691127,14570.2787536886,54.790028718598,41.3730932733515,45.4127446727245,-324.827466084919,-187.970815999198,1.49011611938477e-08,1.49011611938477e-08,1.89621074474018,2.29521250560653,1.8340285378367,5.91931321284881,16,45
0.62,200,45,611.751548586626,104.751380080363,611.751548586626,13544.969782265,14182.6885798227,14271.810159119,47.4780473944364,39.9063987137891,43.0548229276423,-322.910590370891,-150.039670892205,1.49011611938477e-08,1.49011611938477e-08,1.95165885600964,2.31958704576201,1.89972871308465,7.37076845489775,16,45
0.621,200,45,551.470197227449,-86.8253044570728,551.470197227449,13895.5143182985,14139.8687670025,13917.6435895099,40.6031409929338,39.705325198975,39.650062445322,-461.98754878625,-46.1160976636104,1.49011611938477e-08,1.49011611938477e-08,1.94504833173984,1.21169614253421,1.28938817033,3.59433642915762,16,45
0.622,200,45,361.538713411247,105.739886015279,361.538713411247,14192.0965794931,13725.5387759626,13985.32559621,40.8640366724154,40.9808326139972,38.358614524033,-694.566371640242,51.5344315553085,1.49011611938477e-08,1.49011611938477e-08,1.83462503860982,0.283369457427512,0.674841152572223,1.50874697024183,16,45
0.623,200,45,168.948550025328,106.938341560029,168.948550025328,14067.6215755117,13453.5661452474,14405.0351754984,47.5369998365264,43.00726017564,39.9360229412759,-839.787663352786,54.0531635870065,1.49011611938477e-08,1.49011611938477e-08,1.79095280010627,1.49011611938477e-08,0.17017484350741,1.26992291181448,16,45
0.624,200,45,196.80577401631,106.778554465651,196.80577401631,13617.9267601247,13679.5192916422,14579.172011499,54.8311778467446,44.6484654541014,42.7652506831445,-846.410264901395,3.89561620486644,1.49011611938477e-08,1.49011611938477e-08,1.87736360844929,0.420850280050147,1.49011611938477e-08,1.67729666567379,16,45
0.625,200,45,477.350172605037,97.2359344170717,477.350172605037,13435.2628529751,14114.083360516,14286.3586115045,60.9658977610918,45.6246075071753,46.1252067657158,-803.541901071642,-95.0430685368857,1.49011611938477e-08,1.49011611938477e-08,1.94087485042069,0.820337806087458,1.49011611938477e-08,2.45860606049174,16,45
0.626,200,45,631.550311779629,106.417003054379,631.550311779629,13733.2019173533,14222.86457693,13875.3237136781,63.4440775441463,45.6509329542346,47.9806002731068,-703.2589711996,-231.863272938368,1.49011611938477e-08,1.49011611938477e-08,1.94925939360625,1.23350464500122,0.299387574507604,3.71339190578863,16,45
0.627,200,45,601.070389311671,94.441528302817,601.070389311671,14064.5686661118,13888.849890009,13836.3573135665,62.8113087189545,44.2028838786199,48.2621517436585,-550.995075867267,-296.627862651859,1.49011611938477e-08,1.49011611938477e-08,1.86812691605482,1.57966153874702,0.826405920827005,4.33340936841034,16,45
0.628,200,45,595.516427155711,-516.886137510185,595.516427155711,13987.6463691008,13548.6161542027,14205.5909305364,61.815171856047,40.7862718403347,48.1578203237746,-427.405746663338,-222.668795055245,1.49011611938477e-08,1.49011611938477e-08,1.80998688930572,1.80508017159259,1.42097344567392,3.36456152577389,16,45
0.629,200,45,581.251198863505,-402.967423072718,581.251198863505,13571.9898848081,13654.595293256,14516.5240512007,60.8980225126389,35.9308134672504,47.3749800329625,-345.528971744944,-117.779822215105,1.49011611938477e-08,1.49011611938477e-08,1.87499407244468,2.06780535483607,1.99870701353717,2.68500977348553,16,45
0.63,200,45,519.358874607992,48.5396442880019,519.358874607992,13283.1765150562,14065.058717453,14346.4835027339,60.6834162756715,31.1898304922191,46.1803424429333,-374.966576000129,-32.3896180658975,1.49011611938477e-08,1.49011611938477e-08,1.93671964630679,2.19569922744282,2.61244129107575,2.34078652723691,16,45
0.631,200,45,464.394698928108,100.412432543353,464.394698928108,13503.3874773475,14243.9584080856,13891.6536913147,61.6175746283034,29.3679721184734,44.6094006113081,-528.498545177278,-28.8817856873795,1.49011611938477e-08,1.49011611938477e-08,1.95486898661083,1.96940355902822,1.94657455468988,2.3273106372058,16,45
0.632,200,45,466.432078205434,100.084265695707,466.432078205434,13961.7701412992,13957.051497219,13736.2304640867,62.8638378339909,32.2057159413664,42.6865898968808,-717.076590706474,-178.443083146773,1.49011611938477e-08,1.49011611938477e-08,1.89493942289766,1.65445237080952,0.592150818630118,2.73778669037982,16,45
0.633,200,45,485.776938026561,92.5860434453491,485.776938026561,14096.975747647,13550.9223475618,14091.0710587047,63.1082325094886,37.4235434274314,40.7606688519212,-760.689794315576,-407.628541144633,1.49011611938477e-08,1.49011611938477e-08,1.79726399484388,1.54549060126131,1.49011611938477e-08,2.93763051749034,16,45
0.634,200,45,483.638241739994,93.6384030747223,483.638241739994,13770.562355567,13538.1939081314,14502.9335711389,61.9263080441205,42.1101966256909,38.8758357986934,-666.367495720329,-545.141989753834,1.49011611938477e-08,1.49011611938477e-08,1.83932953542829,1.58136021722456,1.49011611938477e-08,2.47399126338929,16,45
0.635,200,45,442.16567934569,103.597244651949,442.16567934569,13414.161536447,13934.8888329561,14469.0608954303,59.9666036669067,45.145563466979,37.6078876328843,-560.439841575434,-537.504791787714,1.49011611938477e-08,1.49011611938477e-08,1.92306643408253,1.55444549492565,1.49011611938477e-08,2.67473508665943,16,45
0.636,200,45,352.017054493107,105.81446248415,352.017054493107,13506.1241784896,14227.7539990615,14041.0195343023,58.9421848298305,46.556861648578,38.0312616350996,-513.262743499454,-432.755703028501,1.49011611938477e-08,1.49011611938477e-08,1.95361988498137,1.34855291190495,1.49011611938477e-08,5.67641927502739,16,45
0.637,200,45,258.313864900317,106.403963465442,258.313864900317,13935.9606250081,14051.704462825,13759.3796482384,59.5503703962769,46.6974108579341,40.1896526615102,-516.161015628968,-287.2969613286,1.49011611938477e-08,1.49011611938477e-08,1.91403281572255,1.18410104182832,0.325109599547975,11.1517454160542,16,45
0.638,200,45,303.805664037395,106.133422738779,303.805664037395,14167.6953283864,13623.8503288826,13989.5623677223,60.5784379717017,45.8992036843874,43.0878955077746,-506.324012929282,-193.033437906525,1.49011611938477e-08,1.49011611938477e-08,1.79767719682605,1.30137614280145,0.824057737824302,4.35136902501696,16,45
0.639,200,45,518.747508159568,53.0761439120975,518.747508159568,13944.3609457537,13491.0873046399,14440.851933324,59.6678169874604,44.3118036131496,45.1947583591003,-428.870595794843,-172.370076977987,1.49011611938477e-08,1.49011611938477e-08,1.80521641901624,1.70349395411787,1.3603046284498,4.06770190462506,16,45
0.64,200,45,629.152240563992,106.186500409045,629.152240563992,13570.9087499939,13828.354768004,14569.5903616742,55.2353829810319,42.3576588833251,45.1068947665029,-340.446429277015,-173.431597963405,1.49011611938477e-08,1.49011611938477e-08,1.90166791826623,2.21302288457282,1.86744449989324,5.2622820114926,16,45
0.641,200,45,610.401495677445,104.424477971898,610.401495677445,13551.4958430788,14191.739224767,14253.1803829756,47.9502208227531,40.9435733586044,42.6870485287799,-343.686140178555,-134.555392439711,1.49011611938477e-08,1.49011611938477e-08,1.95349283742083,2.17100112147235,1.89561958519996,6.07756105803367,16,45
0.642,200,45,546.986952643211,-59.6750143138523,546.986952643211,13913.9807967936,14121.5872427523,13912.8306815747,41.4764082124392,40.7921211786902,39.3845471963334,-496.232351466667,-24.9074139890011,1.49011611938477e-08,1.49011611938477e-08,1.94209408967046,1.11369520817052,1.26719220688199,3.0106389616288,16,45
0.643,200,45,349.825427727205,105.826719112004,349.825427727205,14192.6273926753,13698.9777015523,14008.9770189532,42.2419040885641,42.0859054731438,38.3364771575618,-727.514423123055,64.8866499169179,1.49011611938477e-08,1.49011611938477e-08,1.82948801741984,0.23573164713538,0.663307384393821,1.35841460708018,16,45
0.644,200,45,156.423350137408,107.015322313555,156.423350137408,14044.2358801696,13450.8585294716,14433.0985414827,48.9024444898082,44.0551335127761,40.0320754512556,-860.479787337139,59.4075364500108,1.49011611938477e-08,1.49011611938477e-08,1.79460719318548,1.49011611938477e-08,0.16743424434595,1.21581579857366,16,45
0.645,200,45,207.215272779026,106.711753962414,207.215272779026,13586.2330113795,13702.2871884108,14579.0629707508,56.0570029263478,45.6527096811814,42.8859516378337,-863.155458776803,6.41338672472944,1.49011611938477e-08,1.49011611938477e-08,1.88340760424599,0.41376415239252,1.49011611938477e-08,1.62523317842202,16,45
0.646,200,45,488.218602103738,92.0834940212837,488.218602103738,13431.7150514002,14131.1936690797,14266.6037504552,61.9306223560345,46.5757274854227,46.1671289399161,-819.929608482802,-90.3527206930992,1.49011611938477e-08,1.49011611938477e-08,1.94307770818101,0.809837649814217,1.49011611938477e-08,2.38732801632696,16,45
0.647,200,45,630.130177752084,106.277503579387,630.130177752084,13749.0003394711,14212.1933602662,13863.8099759079,64.1174704400587,46.5176419900469,47.8742428055906,-709.77303636699,-233.013727643445,1.49011611938477e-08,1.49011611938477e-08,1.94785125519289,1.21433746773957,0.367832298071079,3.54147540850589,16,45
0.648,200,45,597.959215570113,83.8294256151769,597.959215570113,14068.5786473437,13865.6406212351,13852.9471846317,63.2863803224263,44.8595001602734,48.1059699671193,-550.993754102592,-288.391224810868,1.49011611938477e-08,1.49011611938477e-08,1.86289034241989,1.55424203914588,0.891152955917464,4.01895613196437,16,45
0.649,200,45,597.286639645843,-523.264570469021,597.286639645843,13968.1975808619,13541.1542475659,14238.7377758239,62.1200021653248,41.1891414780966,48.0446885136781,-421.919473533964,-211.207241775242,1.49011611938477e-08,1.49011611938477e-08,1.81142973848329,1.7925986904919,1.49345798817257,3.14795503601089,16,45
0.65,200,45,581.019161710052,-298.327310625337,581.019161710052,13542.3063027128,13674.5966501747,14526.7516871667,61.0494714146558,36.1433177921342,47.3356282015098,-339.95391503013,-107.454058174781,1.49011611938477e-08,1.49011611938477e-08,1.88034394836499,2.066910936233,2.04087748198994,2.5679724630675,16,45
0.651,200,45,519.779878908849,48.0158015679833,519.779878908849,13275.6394156811,14085.7149773062,14329.0027375174,60.77319616313,31.3173039465735,46.2242522861561,-370.958211999273,-27.099129075654,1.49011611938477e-08,1.49011611938477e-08,1.93871971921575,2.19227130128243,2.67338761496447,2.27384799498162,16,45
0.652,200,45,479.966215956266,95.4352334657497,479.966215956266,13522.3137338657,14239.0386295696,13872.979498128,61.7027522152284,29.5309186360577,44.6894581040024,-536.814011801621,-27.1679117868606,1.49011611938477e-08,1.49011611938477e-08,1.95495019423529,1.95409401706985,1.95602799118592,2.28915320902364,16,45
0.653,200,45,463.248995036256,100.79160738262,463.248995036256,13980.933507589,13933.4729015689,13747.4790327815,62.8335018138533,32.4126467350943,42.769620066752,-719.720265041007,-189.38694294494,1.49011611938477e-08,1.49011611938477e-08,1.88829429205456,1.65644941194895,0.580656858947238,2.73965454205913,16,45
0.654,200,45,479.415397587166,95.7477223824398,479.415397587166,14089.7767782405,13538.2523886696,14121.7567176546,62.8944150890708,37.6072983296071,40.8202896381415,-749.248356201248,-422.226135428471,1.49011611938477e-08,1.49011611938477e-08,1.79538046166087,1.57222448247594,1.49011611938477e-08,2.91256978942833,16,45
0.655,200,45,471.227072844885,98.6556760262143,471.227072844885,13747.3973624718,13555.4846354091,14517.2317185675,61.5151565792255,42.1967832531969,38.9409486842282,-647.655436172741,-551.815123215801,1.49011611938477e-08,1.49011611938477e-08,1.84455210343171,1.62359649189078,1.49011611938477e-08,2.4425314006484,16,45
0.656,200,45,426.923069966564,104.553914272652,426.923069966564,13405.8046095305,13961.8011439695,14452.430098207,59.4801021355409,45.1302315531731,37.7216813232546,-547.410829743472,-539.128882948601,1.49011611938477e-08,1.49011611938477e-08,1.92599981926779,1.5948898710657,1.49011611938477e-08,2.70720139064217,16,45
0.657,200,45,331.511172797322,105.95551847328,331.511172797322,13526.8651601815,14233.9776434651,14015.1437263034,58.5195868657173,46.4650915550017,38.2513123059765,-500.177378035508,-425.647566861245,1.49011611938477e-08,1.49011611938477e-08,1.95396670766701,1.38231892632132,1.49011611938477e-08,6.02741560178327,16,45
0.658,200,45,242.709730856644,106.495827084699,242.709730856644,13960.3844515728,14032.0406389581,13757.7198900501,59.1817729848187,46.5610661255831,40.4464240956797,-503.958497461674,-280.772643828003,1.49011611938477e-08,1.49011611938477e-08,1.90766433841394,1.22105498479987,0.374203102323297,10.7102214760303,16,45
0.659,200,45,298.174640993542,106.167734109453,298.174640993542,14169.2626285764,13606.9642032658,14013.7950969948,60.1399852420947,45.7291457941039,43.3181192615731,-489.891191466369,-191.207196514742,1.49011611938477e-08,1.49011611938477e-08,1.79295437282671,1.35059905998258,0.867755141807124,4.38735964673279,16,45
0.66,200,45,522.98106203868,43.7719844656564,522.98106203868,13926.3715765529,13502.9694963001,14461.3188620405,58.9709839154626,44.1071649300563,45.2979082564782,-408.065935776576,-173.271575049134,1.49011611938477e-08,1.49011611938477e-08,1.80938451142885,1.77028898123432,1.4150720372683,4.20425083845937,16,45
0.661,200,45,628.183130690691,-9832.38871704149,628.183130690691,13560.213199448,13856.4922096293,14559.8556845408,54.2692063482227,42.1595301213301,45.0867298086669,-326.19004654771,-173.786356106134,1.49011611938477e-08,1.49011611938477e-08,1.90596591318846,2.28404735952624,1.92337475952567,5.50836949751269,16,45
0.662,200,45,608.323707793681,-3830.74218431298,608.323707793681,13567.8920137064,14204.4684313592,14227.7170557712,46.7909962751865,40.7935953479199,42.6039629577158,-336.867102785988,-129.778849555605,1.49011611938477e-08,1.49011611938477e-08,1.95484033687851,2.17404839573017,1.90753218279132,6.22172607003276,16,45
0.663,200,45,538.235667152342,-15.0293106695009,538.235667152342,13939.5694496113,14105.3444389708,13901.938254006,40.5354163476233,40.7517340638442,39.4243694403514,-500.939490291239,-18.7097220004154,1.49011611938477e-08,1.49011611938477e-08,1.93767835799304,1.05894642692927,1.23308297896041,2.93622650444228,16,45
0.664,200,45,332.409945090512,105.94808826908,332.409945090512,14198.8528021616,13677.1138164598,14025.7088911519,41.8587154839127,42.1503955925488,38.5955880392392,-733.582510567346,64.4587964967074,1.49011611938477e-08,1.49011611938477e-08,1.82290497841486,0.165224509404757,0.621106866452682,1.35790451338853,16,45
0.665,200,45,159.534942162009,106.992692175303,159.534942162009,14027.7581767106,13453.8849152196,14453.9860253477,48.777497015695,44.1859198541778,40.3355263044439,-857.040358772669,51.0700281869916,1.49011611938477e-08,1.49011611938477e-08,1.79686005616283,1.49011611938477e-08,1.49011611938477e-08,1.27132177296203,16,45
0.666,200,45,227.616279027494,106.593968682833,227.616279027494,13569.7268339282,13728.7219760675,14571.2288164285,56.0064669824043,45.7931910380672,43.1882558961872,-855.869509084347,-0.776081476574303,1.49011611938477e-08,1.49011611938477e-08,1.88802547593284,0.442395655019831,1.49011611938477e-08,1.70872187826528,16,45
0.667,200,45,520.852588868213,49.746026057113,520.852588868213,13444.5584802045,14150.7491388009,14239.9582811546,61.7660165275813,46.7060417625776,46.3548744879389,-806.752445242382,-104.961033374459,1.49011611938477e-08,1.49011611938477e-08,1.94460853873816,0.842627725336062,1.49011611938477e-08,2.52404423820786,16,45
0.668,200,45,628.99360580084,106.179702254427,628.99360580084,13776.5579245692,14203.8023521972,13850.225044833,63.7120497326709,46.5679261378334,47.9043684231268,-691.480280243403,-243.390792770766,1.49011611938477e-08,1.49011611938477e-08,1.94551238601147,1.24603079727851,0.364201233781097,3.70894701078928,16,45
0.669,200,45,593.552330082159,55.1494847235873,593.552330082159,14075.4852890253,13840.7984737974,13865.4441430524,62.8349480991397,44.8512262429883,48.07187655373,-534.994096981046,-285.876082193915,1.49011611938477e-08,1.49011611938477e-08,1.85679535302112,1.57592170904176,0.903968846460383,4.0754911527569,16,45
0.67,200,45,600.254771274749,-700.526566260968,600.254771274749,13951.2275345546,13535.4479681253,14260.1529152769,61.8009206796591,41.1407818085937,47.984525813495,-413.846475371791,-199.328289808796,1.49011611938477e-08,1.49011611938477e-08,1.81283572520051,1.80233086712942,1.51620210855521,3.08669787617707,16,45
0.671,200,45,583.043891761311,-496.703460069593,583.043891761311,13517.6146785545,13695.7928586577,14525.5333693118,60.8377175771168,36.12159642113,47.1863518561156,-343.354258268007,-98.9722979588711,1.49011611938477e-08,1.49011611938477e-08,1.8851867349834,2.06129931615346,2.06893990162006,2.48730947713979,16,45
0.672,200,45,520.654591603897,45.8365192725197,520.654591603897,13276.1099299379,14106.5433793171,14301.4522986956,60.641005953185,31.4937848896953,45.9657509601002,-383.917175045961,-19.031488921746,1.49011611938477e-08,1.49011611938477e-08,1.94040306723876,2.161708243895,2.74450047007072,2.21365699545198,16,45
0.673,200,45,469.008961993322,99.2726203561025,469.008961993322,13548.535895405,14233.6089610243,13849.4775986258,61.5835357873668,30.1221810014966,44.3589058512288,-557.282799167109,-33.3911229335688,1.49011611938477e-08,1.49011611938477e-08,1.95469207788787,1.91483106296508,1.82441506709432,2.2700489262798,16,45
0.674,200,45,472.589158457714,98.3541966800379,472.589158457714,13997.459097668,13906.7906609787,13754.5403103071,62.7104696632145,33.4060986445752,42.4575790167664,-736.97090281604,-209.134828784936,1.49011611938477e-08,1.49011611938477e-08,1.88199760169399,1.62597394405694,0.502467665274958,2.73323010461281,16,45
0.675,200,45,478.529855303377,96.1135416746524,478.529855303377,14076.0022719654,13522.8043753897,14146.2173215018,62.7454785875125,38.7048795813322,40.603106540419,-757.014893803368,-441.128293206091,1.49011611938477e-08,1.49011611938477e-08,1.79505871492575,1.54833109995848,1.49011611938477e-08,2.82161366875417,16,45
0.676,200,45,464.321058419383,100.460564428301,464.321058419383,13717.378615659,13568.9962809488,14525.700508691,61.3827211789778,43.2941740107267,38.7850298362206,-659.006619871042,-560.334346059156,1.49011611938477e-08,1.49011611938477e-08,1.85031282407931,1.59499616966047,1.49011611938477e-08,2.36590814491694,16,45
0.677,200,45,412.9505571219,105.038778844014,412.9505571219,13393.4989390056,13983.5759503478,14430.7228565954,59.4418374440706,46.1969738936823,37.7073322951417,-555.387673237791,-542.515756198522,1.49011611938477e-08,1.49011611938477e-08,1.92892041983798,1.55448708982666,1.49011611938477e-08,2.70085910160074,16,45
0.678,200,45,316.511814140742,106.047895244275,316.511814140742,13542.9957312398,14232.9442324426,13987.1099475891,58.6022969973815,47.5002662947707,38.3625261160891,-509.557007387784,-425.182749995695,1.49011611938477e-08,1.49011611938477e-08,1.95419619825989,1.34571401252811,1.49011611938477e-08,6.25100430672326,16,45
0.679,200,45,237.560559535072,106.528404684928,237.560559535072,13979.4750819756,14008.0018539973,13755.2151008227,59.2853950051749,47.5490466735593,40.6359682710972,-509.95188660221,-281.631254060845,1.49011611938477e-08,1.49011611938477e-08,1.90151928251672,1.20889666594494,0.395300218599904,10.0427024459684,16,45
0.68,200,45,311.687799212192,106.086615031225,311.687799212192,14162.9363368036,13586.35068037,14035.9037164888,60.0781216040043,46.6529748588721,43.5054897666133,-486.785765365999,-195.744229649011,1.49011611938477e-08,1.49011611938477e-08,1.78967981811951,1.3625743766062,0.902680216692409,4.37758753217819,16,45
0.681,200,45,532.383261657468,14.5837559008449,532.383261657468,13899.0030738523,13510.6668433117,14474.6936966849,58.6130155359795,44.9690567565613,45.4106407718573,-404.877461033787,-179.032474086589,1.49011611938477e-08,1.49011611938477e-08,1.81487349021455,1.79607662792965,1.46451075786407,4.27199383692791,16,45
0.682,200,45,626.577171384865,-9099.4784736266,626.577171384865,13543.1530671935,13879.8824253797,14546.829068451,53.6027423162129,43.0213499064838,45.1147071877416,-322.018347392483,-177.102455037776,1.49011611938477e-08,1.49011611938477e-08,1.91054044101565,2.29607220740218,1.97273585664613,5.58817161753984,16,45
0.683,200,45,605.941424313353,-3408.07769998122,605.941424313353,13577.6736532887,14209.4199086231,14199.1224160988,45.9422538942766,41.7352288219481,42.5962389150087,-345.012638163207,-128.087257384182,1.49011611938477e-08,1.49011611938477e-08,1.95621513020145,2.11057402022996,1.89802271866408,6.13163753006389,16,45
0.684,200,45,527.865071520767,24.1267882235319,527.865071520767,13958.0482127702,14084.1867478659,13890.3794515023,39.9824729043308,41.8224372944525,39.5562345771411,-521.938630749792,-16.6166816746645,1.49011611938477e-08,1.49011611938477e-08,1.93338320517798,0.978011379406303,1.18668157839992,2.80522686172936,16,45
0.685,200,45,311.140729292091,106.078093451511,311.140729292091,14197.2253871081,13651.1341968546,14042.079290936,41.9594669371344,43.3546380239407,38.942765638586,-754.510831811944,56.9304322645717,1.49011611938477e-08,1.49011611938477e-08,1.81743137022114,1.49011611938477e-08,0.570968315113571,1.33975084061152,16,45
0.686,200,45,145.290127219002,107.079973152665,145.290127219002,14003.6705496928,13453.820386484,14471.189097829,49.149251108306,45.4494120067223,40.7134020481351,-865.534094648613,37.9701909319958,1.49011611938477e-08,1.49011611938477e-08,1.80035357905093,1.49011611938477e-08,1.49011611938477e-08,1.32238086083538,16,45
0.687,200,45,233.220857053614,106.55981786566,233.220857053614,13547.5582195755,13751.7312125289,14562.3068766835,56.4306423419315,47.0940665443723,43.4891390753778,-859.795876828317,-20.5406977507917,1.49011611938477e-08,1.49011611938477e-08,1.89283483667184,0.45772134876638,1.49011611938477e-08,1.80523684253844,16,45
0.688,200,45,528.06039998929,30.3525880401314,528.06039998929,13451.3809146562,14163.8001387908,14213.1054428399,62.0993913797343,48.0023960079836,46.5317634995517,-803.788382531501,-128.488163937112,1.49011611938477e-08,1.49011611938477e-08,1.94617415540747,0.861566897958422,1.49011611938477e-08,2.68528018404025,16,45
0.689,200,45,627.921814669124,106.088087188608,627.921814669124,13799.1840021007,14189.7398216252,13835.5077254217,63.9289514959431,47.8197154777412,47.952796902646,-680.2393662217,-261.881428316162,1.49011611938477e-08,1.49011611938477e-08,1.94275432113328,1.26654998188143,0.360145298452756,3.90045737465874,16,45
0.69,200,45,590.763730258646,23.1656487880613,590.763730258646,14082.1455150885,13817.7949466334,13878.8107287398,63.019744763045,45.9340529179885,48.073909230903,-518.827471113645,-288.047742632003,1.49011611938477e-08,1.49011611938477e-08,1.85087939681715,1.59505187956282,0.932124158377257,4.11158138960353,16,45
0.691,200,45,601.42566715522,92.5228231824191,601.42566715522,13933.0219675241,13530.7927560311,14286.066727895,61.9801629669376,42.0462755019584,47.9331569355266,-403.115090813363,-197.980947599147,1.49011611938477e-08,1.49011611938477e-08,1.81432136949407,1.82783427167194,1.5597132972265,3.04195623919215,16,45
0.692,200,45,581.532462200027,-283.888977871468,581.532462200027,13493.3767851807,13717.1290947947,14526.5454032671,61.0287972705968,36.9532861856958,47.0555863145861,-332.683135141907,-90.1975830319321,1.49011611938477e-08,1.49011611938477e-08,1.88971055165435,2.08914837110755,2.09647922065293,2.4407885249854,16,45
0.693,200,45,517.661174963011,53.1416888572732,517.661174963011,13277.2606067703,14124.1634039026,14277.3904636471,60.8944569803861,32.4167702461838,45.7635916066704,-383.89344769512,-12.8878916511109,1.49011611938477e-08,1.49011611938477e-08,1.94191426164631,2.1765827593102,2.83597322224119,2.18255738785024,16,45
0.694,200,45,479.471404684032,95.5364818952054,479.471404684032,13573.8323787911,14224.8625680222,13830.8225854686,61.8938501065664,31.2010101197443,44.0900516310959,-565.552062174875,-35.7671881352872,1.49011611938477e-08,1.49011611938477e-08,1.95394193637654,1.90879765264867,1.79641088091911,2.25956720217979,16,45
0.695,200,45,467.738798080653,99.740822572537,467.738798080653,14016.5520179143,13882.0796837367,13768.1213342497,62.9710641816363,34.4576655045751,42.1613928955995,-739.897493291398,-221.012446680542,1.49011611938477e-08,1.49011611938477e-08,1.87484944577757,1.62395380917401,0.466300510817456,2.74135504336088,16,45
0.696,200,45,475.796502245148,97.1839165631134,475.796502245148,14065.585604329,13511.9436785526,14175.4349191979,62.965301038639,39.6386914033417,40.2926070054883,-754.490962734308,-441.925289256549,1.49011611938477e-08,1.49011611938477e-08,1.79436697053242,1.55163679489147,1.49011611938477e-08,2.78822221918203,16,45
0.697,200,45,460.677483141159,101.209348806889,460.677483141159,13693.2381985534,13587.4343489914,14535.6329739463,61.6017206628923,44.0822511476747,38.5198624027945,-651.307518651254,-561.714042005609,1.49011611938477e-08,1.49011611938477e-08,1.85571789585549,1.59560049126554,1.49011611938477e-08,2.35310670164022,16,45
0.698,200,45,409.726399564384,105.11892929819,409.726399564384,13387.9490130256,14008.224316278,14412.4876160968,59.7631368225469,46.8709219224609,37.5110908976591,-550.899816686292,-536.430595129855,1.49011611938477e-08,1.49011611938477e-08,1.93148692080842,1.54452658596216,1.49011611938477e-08,2.7705861666807,16,45
0.699,200,45,315.185279930218,106.058311608621,315.185279930218,13564.9343681733,14235.2537530362,13964.935896989,59.0640934427175,48.0844389586697,38.280530865425,-507.387926100724,-414.997537888992,1.49011611938477e-08,1.49011611938477e-08,1.95420436705352,1.33795365481501,1.49011611938477e-08,6.91758333084458,16,45
0.7,200,45,241.445543442291,106.506069818583,241.445543442291,14001.2238721621,13986.1800485038,13759.8216296557,59.7884198558696,48.0433033987094,40.6251503049051,-504.848038578804,-272.820571261676,1.49011611938477e-08,1.49011611938477e-08,1.8947391151721,1.22459305559084,0.407354171925111,8.98325161275326,16,45
0.701,200,45,314.601983707565,106.068741538563,314.601983707565,14159.8128838247,13571.2529106949,14063.7810272092,60.4438345647917,47.0407840096833,43.5099162937453,-477.27616538187,-192.982785843096,1.49011611938477e-08,1.49011611938477e-08,1.78651095193319,1.40378634571762,0.939558043445834,4.23570555605291,16,45
0.702,200,45,549.797070961787,-68.133490043642,549.797070961787,13877.8165188034,13525.4815381944,14494.5475483778,58.6585612155386,45.223623082003,45.3345881469268,-386.735235799477,-174.89539203333,1.49011611938477e-08,1.49011611938477e-08,1.81999980057925,1.86074054409503,1.52882552628135,4.22861890256317,16,45
0.703,200,45,626.623315574761,105.978698693265,626.623315574761,13532.7241311472,13907.8636960609,14536.3417614473,53.3581446450927,43.1837872644113,44.9567612238292,-307.339710530634,-170.47046753858,1.49011611938477e-08,1.49011611938477e-08,1.91461822199999,2.36508586202856,2.05611737950685,5.52818125445926,16,45
0.704,200,45,604.00244971523,-3092.46024667015,604.00244971523,13594.177754849,14219.549769332,14176.6502702061,45.5291645956221,41.8625687070641,42.4121641371045,-340.987386207454,-116.005348830119,1.49011611938477e-08,1.49011611938477e-08,1.95732737915313,2.11061319560836,1.943751999016,5.79406885091634,16,45
0.705,200,45,521.715340215758,42.3443723229303,521.715340215758,13980.3869232027,14065.9070194481,13886.1145102202,39.785903634051,41.9793596738896,39.5147844825147,-529.2867525899,-4.01091536555011,1.49011611938477e-08,1.49011611938477e-08,1.92836184338037,0.939954838096845,1.17678363006115,2.60760772375574,16,45
0.706,200,45,311.729771875479,106.078207399117,311.729771875479,14197.8999949762,13630.8758788819,14064.3945242068,42.1565494160249,43.5463472646477,39.1022366732343,-752.94411760301,61.3160813016934,1.49011611938477e-08,1.49011611938477e-08,1.8121238557528,1.49011611938477e-08,0.54622656670123,1.29968147023147,16,45
0.707,200,45,146.199918099803,107.072467251149,146.199918099803,13983.1259278976,13460.752901303,14493.8423107793,49.4006608077496,45.6561961845196,40.8795507001417,-865.0840909908,35.7447369715661,1.49011611938477e-08,1.49011611938477e-08,1.80387381038244,1.49011611938477e-08,1.49011611938477e-08,1.34169019345523,16,45
0.708,200,45,254.92250069774,106.430211833305,254.92250069774,13531.0079661501,13779.6049775914,14555.5409677927,56.6617782603999,47.2926255174032,43.6484577417816,-855.37052634746,-25.0864599849087,1.49011611938477e-08,1.49011611938477e-08,1.89740053462711,0.47867991954056,1.49011611938477e-08,1.84148462421198,16,45
0.709,200,45,552.89999408198,-89.2237808623549,552.89999408198,13464.2442845509,14181.5804520284,14191.145330022,62.0932663867111,48.1700569884862,46.5277756844737,-794.423627098452,-135.7226127739,1.49011611938477e-08,1.49011611938477e-08,1.947611644598,0.881247256790711,1.49011611938477e-08,2.73806294572168,16,45
0.71,200,45,626.149768637253,-8956.82132018484,626.149768637253,13823.0497423505,14178.0121603513,13828.6916661693,63.6008672223307,47.8725126361508,47.7616616237222,-666.636433581662,-262.014970827516,1.49011611938477e-08,1.49011611938477e-08,1.93987704553779,1.27709082752736,0.397269224360167,3.89392651577113,16,45
0.711,200,45,585.02962953858,-788.456659424427,585.02962953858,14082.9197959113,13792.5212013529,13897.0554142459,62.6018593516254,45.9081138712427,47.8350069948735,-516.122985714787,-278.989567353651,1.49011611938477e-08,1.49011611938477e-08,1.8454246986956,1.58983692561845,0.968351623110022,3.95555244494471,16,45
0.712,200,45,604.155581220691,99.0165937167254,604.155581220691,13911.3344143499,13528.1621525263,14309.168304214,61.628374450546,41.9510468378755,47.7244215864025,-399.43332128712,-179.920168299937,1.49011611938477e-08,1.49011611938477e-08,1.81685807555659,1.81319824679629,1.59773030637136,2.87015591648935,16,45
0.713,200,45,585.325619763049,-153.983276319836,585.325619763049,13468.2697285276,13739.8329575975,14525.1125633171,60.7120270297737,36.852651217716,46.8225599198646,-337.576012531671,-72.792214753346,1.49011611938477e-08,1.49011611938477e-08,1.89446369718583,2.06021401912348,2.12380934019116,2.30481597860728,16,45
0.714,200,45,523.001869036505,39.7203486927048,523.001869036505,13279.1666254199,14143.5890914977,14251.781130299,60.5924980422906,32.4632144126171,45.4767548564862,-398.690941694085,-2.59813549508891,1.49011611938477e-08,1.49011611938477e-08,1.94351330941678,2.12588061550985,2.90719731989161,2.08678156419475,16,45
0.715,200,45,472.505718619184,98.365898084362,472.505718619184,13598.0555151163,14215.5340995172,13811.8681403371,61.560705279928,31.6316396337778,43.7740276603131,-586.241759351865,-41.5324242354379,1.49011611938477e-08,1.49011611938477e-08,1.95322936016563,1.85979476811532,1.69455742717459,2.21280821727591,16,45
0.716,200,45,469.971944424917,98.9241997692191,469.971944424917,14028.5692461516,13854.3409024734,13779.8778694726,62.5907983846972,35.3104998131284,41.8986485706014,-750.275793426013,-229.561811947791,1.49011611938477e-08,1.49011611938477e-08,1.86854629570197,1.59318896732395,0.404250541044232,2.71228392863156,16,45
0.717,200,45,467.097575312047,99.8404937676773,467.097575312047,14047.581791392,13499.1664605258,14200.8180057241,62.5154657926944,40.635442616529,40.1586001656777,-759.503685120845,-462.699055068035,1.49011611938477e-08,1.49011611938477e-08,1.79506383118373,1.53380190089659,1.49011611938477e-08,2.68750711990644,16,45
0.718,200,45,444.300279792549,103.425955703659,444.300279792549,13662.7030358051,13603.3617883375,14541.0278045426,61.1125646061311,45.1106090913973,38.4616197837555,-652.92026989525,-574.545067323432,1.49011611938477e-08,1.49011611938477e-08,1.86144804049569,1.57816659620478,1.49011611938477e-08,2.27711059403559,16,45
0.719,200,45,386.971201258196,105.501832028421,386.971201258196,13377.9712736093,14028.4333134018,14387.4971377593,59.3218674492382,47.8884305741529,37.591959637499,-554.585794434481,-541.579144005592,1.49011611938477e-08,1.49011611938477e-08,1.93393814037629,1.51985301107644,1.49011611938477e-08,2.75924787011407,16,45
0.72,200,45,294.003245509422,106.18802612357,294.003245509422,13582.3717031414,14230.2435217766,13936.9954020774,58.6939315191101,49.0835736315543,38.4554677947961,-511.744402503726,-417.436931332214,1.49011611938477e-08,1.49011611938477e-08,1.95390670973488,1.31823955501004,1.49011611938477e-08,7.05107804850101,16,45
0.721,200,45,227.623042699872,106.588906970738,227.623042699872,14017.5360133874,13960.1309630659,13759.4166862229,59.3975542932879,49.0202462017498,40.8348027835244,-505.609118153815,-283.730253179744,1.49011611938477e-08,1.49011611938477e-08,1.88788876167866,1.22376591428741,0.44970688768972,8.85125136309704,16,45
0.722,200,45,328.509855493077,105.981506550804,328.509855493077,14149.5171073355,13552.6988207722,14085.4038186525,59.8616222198131,47.9836429429503,43.6745565723507,-469.255698727353,-201.49952885403,1.49011611938477e-08,1.49011611938477e-08,1.78414815599833,1.42175298805936,0.984799878847337,4.32369357951921,16,45
0.723,200,45,556.346037313422,-111.420808056291,556.346037313422,13849.3946209491,13535.4911663699,14503.8451687516,57.7539750944605,46.1514860157597,45.3844036438276,-374.924402202284,-184.31418691233,1.49011611938477e-08,1.49011611938477e-08,1.82574492215354,1.88728963705004,1.58484396175639,4.37900705699421,16,45
0.724,200,45,625.016923398387,-8466.49109835894,625.016923398387,13518.6603589116,13929.8817844923,14518.9447168894,52.1044675451128,44.1604716498162,44.90461906161,-302.032223018196,-176.614679351047,1.49011611938477e-08,1.49011611938477e-08,1.91866146973061,2.36712308172322,2.10511737828937,5.71256082191081,16,45
0.725,200,45,600.170207972449,-2529.30543094993,600.170207972449,13606.6170263325,14220.5552441203,14146.4331427034,44.0918801592672,42.9582883115743,42.3462983180394,-349.941609028006,-116.970630953879,1.49011611938477e-08,1.49011611938477e-08,1.95829806978243,2.02144069085361,1.91679443823416,5.81340652993821,16,45
0.726,200,45,506.600582478492,72.0432627825456,506.600582478492,13998.3792345242,14041.9346102829,13875.436421303,38.8153418450147,43.2415529522595,39.6633015895315,-538.304519607009,-12.0437105487425,1.49011611938477e-08,1.49011611938477e-08,1.9229644129166,0.844166084575019,1.11973955876543,2.52475852456717,16,45
0.727,200,45,269.471938777535,106.330650789741,269.471938777535,14194.2312085699,13606.3232519191,14079.9957665551,42.0022902677779,44.9664516162691,39.4865259472158,-772.244868183995,47.4268820330825,1.49011611938477e-08,1.49011611938477e-08,1.80713032022732,1.49011611938477e-08,0.483770868413573,1.31263427215752,16,45
0.728,200,45,139.391204521712,107.117345465753,139.391204521712,13958.6155334185,13463.4499385183,14506.4067752214,49.5840042589492,47.1358811457086,41.2785439660263,-872.143012327868,13.4350000270254,1.49011611938477e-08,1.49011611938477e-08,1.80778728888629,1.49011611938477e-08,1.49011611938477e-08,1.43424284267792,16,45
0.729,200,45,269.083790317543,106.34905859006,269.083790317543,13512.7678690297,13802.3342395599,14541.3336242549,56.9342115746118,48.7945295929772,43.974222274699,-855.625617468155,-51.8919692944826,1.49011611938477e-08,1.49011611938477e-08,1.90168906874317,0.497163363257326,1.49011611938477e-08,2.0027221839585,16,45
0.73,200,45,572.369991027992,-244.720184796728,572.369991027992,13475.3313581602,14190.25108783,14160.814839909,62.3058490075763,49.6542853690931,46.7467461508637,-787.425164369916,-165.564324753517,1.49011611938477e-08,1.49011611938477e-08,1.94883759135682,0.904533408198694,1.49011611938477e-08,3.00570853611636,16,45
0.731,200,45,624.965254945809,-8470.17927275851,624.965254945809,13846.0362145937,14160.922317834,13814.852899435,63.728712905216,49.3033773324915,47.8735905770769,-660.422885971488,-280.576990370733,1.49011611938477e-08,1.49011611938477e-08,1.93629656900348,1.30127942859676,0.379615492467921,4.21732548166782,16,45
0.732,200,45,580.896680912772,-494.262263884783,580.896680912772,14086.8464598539,13770.2003179187,13910.2872468085,62.7404335450365,47.1446204966037,47.8962912365242,-498.911351494414,-283.954263780388,1.49011611938477e-08,1.49011611938477e-08,1.8400636020172,1.61113653873009,0.988327494724192,4.07025101959862,16,45
0.733,200,45,604.201817218517,99.1443945942994,604.201817218517,13890.8632205157,13526.4019934215,14330.6196716602,61.8091070799336,43.0167191395803,47.6738254383692,-383.951650333324,-175.174937172909,1.49011611938477e-08,1.49011611938477e-08,1.81917429667898,1.83806775468928,1.63286038187371,2.86436135409021,16,45
0.734,200,45,582.538217733803,-229.596098420974,582.538217733803,13446.5220521705,13762.2398717515,14521.1069422144,60.9326921180904,37.8474677664723,46.643898083243,-329.330179763335,-65.9551686694317,1.49011611938477e-08,1.49011611938477e-08,1.89862926178897,2.08434558022549,2.15344787836714,2.28130225406974,16,45
0.735,200,45,521.434924040499,44.2639139501724,521.434924040499,13285.3135376646,14157.7001889867,14224.8974395585,60.8842091401825,33.5549155311492,45.2010489846568,-401.846561958609,0.779105582736272,1.49011611938477e-08,1.49011611938477e-08,1.94481842626018,2.13395991702192,3.01515309247543,2.07347605405146,16,45
0.736,200,45,483.581662332233,93.8309318285005,483.581662332233,13626.0698056804,14203.3826451239,13796.036560749,61.9079103526331,32.8274908112106,43.4375636188784,-586.011986327121,-40.08234143601,1.49011611938477e-08,1.49011611938477e-08,1.95176134551419,1.84627730302431,1.63061386917461,2.21574574823923,16,45
0.737,200,45,470.022544952659,99.108749483931,470.022544952659,14045.4930863908,13829.0855806878,13796.9471834106,62.912374742646,36.3998862911974,41.5604953544405,-755.530867652253,-240.524967193565,1.49011611938477e-08,1.49011611938477e-08,1.86148079452166,1.57984540672765,0.336644616678678,2.72131581199134,16,45
0.738,200,45,468.155290470566,99.5668900170384,468.155290470566,14034.8055770527,13491.0924754507,14229.7262912978,62.8372626781596,41.5573556079498,39.8238976854657,-757.506688107295,-469.576526020338,1.49011611938477e-08,1.49011611938477e-08,1.79559848938323,1.52053345768044,1.49011611938477e-08,2.66698879280225,16,45
0.739,200,45,444.838126232036,103.373703658176,444.838126232036,13639.1297068372,13623.5814534106,14547.9509920143,61.4917402664749,45.8607204543164,38.2033707586467,-650.764706561296,-571.384752325309,1.49011611938477e-08,1.49011611938477e-08,1.86688854408436,1.55728700674312,1.49011611938477e-08,2.29473395588478,16,45
0.74,200,45,386.879020842198,105.502712358048,386.879020842198,13375.9970705434,14051.4424210029,14367.8516004602,59.8715455175275,48.5059564240508,37.4559709647094,-556.362190468784,-531.465389017041,1.49011611938477e-08,1.49011611938477e-08,1.9361719773127,1.48925073429887,1.49011611938477e-08,2.88824632647392,16,45
0.741,200,45,289.267142606881,106.214425655378,289.267142606881,13606.096762687,14228.7297964696,13917.6590926353,59.4148104652439,49.5901518125029,38.4762576849683,-516.268327702637,-411.449088549435,1.49011611938477e-08,1.49011611938477e-08,1.95345059611144,1.29855693262496,1.49011611938477e-08,8.17851362732362,16,45
0.742,200,45,230.3648772236,106.571517547054,230.3648772236,14037.1006640152,13936.5127921828,13768.8650128857,60.1479729340659,49.4090302912527,40.9443967618223,-505.696005782745,-272.53163782253,1.49011611938477e-08,1.49011611938477e-08,1.88080216429215,1.23347355182486,0.456235802832854,7.75580075323364,16,45
0.743,200,45,331.754001931046,105.960919198829,331.754001931046,14143.0557585795,13539.7084915659,14114.8958185595,60.4509099188975,48.2322883421878,43.8187911583794,-461.463001616893,-194.104699061493,1.49011611938477e-08,1.49011611938477e-08,1.78243391169031,1.45775171555253,1.01818930574181,4.12600457266225,16,45
0.744,200,45,569.625188467375,-220.544985913363,569.625188467375,13826.9382310561,13552.4116985695,14520.8021773344,58.0159912634074,46.2386866397195,45.4905669224693,-362.212359057724,-177.507734105562,1.49011611938477e-08,1.49011611938477e-08,1.83146949638159,1.94351074703974,1.64394873955124,4.26583936075895,16,45
0.745,200,45,624.85820604198,105.8496118717,624.85820604198,13509.9397712962,13956.4019294996,14505.8140270939,52.1036096622419,44.1477603082402,44.9699111540569,-293.958090482386,-167.595194480258,1.49011611938477e-08,1.49011611938477e-08,1.92243194968965,2.41878970118612,2.17754713310645,5.53256459223434,16,45
0.746,200,45,598.813738667195,86.8450226540637,598.813738667195,13623.9845546736,14226.57168264,14124.5644910786,43.9748958554842,42.923930756029,42.412968825851,-346.032422740282,-108.760702112174,1.49011611938477e-08,1.49011611938477e-08,1.95917224008862,2.00185528486683,1.93694413543928,5.38182371744999,16,45
0.747,200,45,502.300329023541,77.678691455981,502.300329023541,14018.3999516365,14021.8679319773,13874.8238887389,38.9359274183257,43.2436455566553,39.8648703809157,-550.495986667782,-0.148272756668399,1.49011611938477e-08,1.49011611938477e-08,1.91744767196137,0.810926449598082,1.09573999145216,2.35331319002051,16,45
0.748,200,45,281.003342335037,106.261226649154,281.003342335037,14191.0691532216,13588.1913656513,14104.489039503,42.4262527275964,44.998808954958,39.8425039269326,-782.637880222731,51.5549828349774,1.49011611938477e-08,1.49011611938477e-08,1.80312486798014,1.49011611938477e-08,0.44947723118391,1.28525781637804,16,45
0.749,200,45,153.063297629615,107.035442655313,153.063297629615,13935.6495411928,13474.1916799982,14527.1013514433,49.9399069013933,47.165866490058,41.5913923403515,-872.208560858963,11.1027042462492,1.49011611938477e-08,1.49011611938477e-08,1.81237633821323,1.49011611938477e-08,1.49011611938477e-08,1.4560115489958,16,45
0.75,200,45,293.00567291931,106.200771913832,293.00567291931,13497.8128893779,13831.1437225415,14532.345119612,57.1976293523928,48.8098373031846,44.2525112293139,-851.810583576669,-55.6193232149689,1.49011611938477e-08,1.49011611938477e-08,1.90606299927918,0.523478933981089,1.49011611938477e-08,2.03408639771541,16,45
0.751,200,45,598.866446494155,-553.092877475055,598.866446494155,13489.368761382,14206.3255590973,14140.8778283949,62.2460504762485,49.6440743828859,46.7793215125726,-784.054193225342,-162.585199823628,1.49011611938477e-08,1.49011611938477e-08,1.95010700740756,0.924131480526123,1.49011611938477e-08,3.01870677472481,16,45
0.752,200,45,622.328373391582,105.687374186547,622.328373391582,13868.0077691804,14147.1573572689,13811.7801566492,63.3399858118381,49.1956899333985,47.6878426937201,-648.663520046807,-274.53792649393,1.49011611938477e-08,1.49011611938477e-08,1.93275217232863,1.30766062930647,0.419889237015703,4.09360258487933,16,45
0.753,200,45,573.075346062131,-260.941753976949,573.075346062131,14083.6353879866,13746.8876180952,13931.5699208167,62.2817951326646,46.9842018728869,47.6950725763109,-492.068642193146,-265.313185938848,1.49011611938477e-08,1.49011611938477e-08,1.83541760478394,1.59944823505347,1.02817555554849,3.7855717151479,16,45
0.754,200,45,606.301156568261,-3436.199159437,606.301156568261,13871.4021975781,13528.4731660045,14357.4563315988,61.343502163813,42.8062245666487,47.4676963464519,-380.044141157611,-153.7499034088,1.49011611938477e-08,1.49011611938477e-08,1.82239060776087,1.82673442681525,1.67023740336939,2.67758058563553,16,45
0.755,200,45,582.156431999692,-444.558293674968,582.156431999692,13427.99520959,13787.2644569664,14521.4869748803,60.4937065980595,37.6716111296647,46.4174920292711,-332.547565044985,-45.6884095218041,1.49011611938477e-08,1.49011611938477e-08,1.90293027518791,2.06523045960305,2.17514878730615,2.15464641934355,16,45
0.756,200,45,512.797146393122,62.4710784972088,512.797146393122,13295.0167175104,14176.3925380343,14203.9686366896,60.5265436859176,33.57403111515,44.9381610667914,-407.565182064142,14.9897299538033,1.49011611938477e-08,1.49011611938477e-08,1.94618780387425,2.08969341558256,3.10196967982264,1.9810956143122,16,45
0.757,200,45,467.13918638479,99.7681589203974,467.13918638479,13653.4613899019,14192.2353908766,13785.2796494539,61.6420586789313,33.2668916738931,43.1307187008095,-606.454412112586,-35.8250814797258,1.49011611938477e-08,1.49011611938477e-08,1.95019759313098,1.78955336935123,1.53702513936495,2.15481366253071,16,45
0.758,200,45,458.686635640538,101.514491600041,458.686635640538,14056.9092918766,13803.5330303075,13816.5902040321,62.7339750319016,37.2235687412751,41.194263944721,-773.6056035272,-244.911312270485,1.49011611938477e-08,1.49011611938477e-08,1.85537703027912,1.5262005701725,0.264326640163999,2.68060174785701,16,45
0.759,200,45,465.366553244309,100.264312966025,465.366553244309,14017.3537329633,13484.0132991867,14259.3785638277,62.6908457682454,42.4895648485606,39.370953518393,-768.495225336739,-469.915711189615,1.49011611938477e-08,1.49011611938477e-08,1.79733311277869,1.46703292425783,1.49011611938477e-08,2.65950130482353,16,45
0.76,200,45,451.181881433675,102.682689936212,451.181881433675,13613.9744721041,13644.1763299796,14556.0913102402,61.3501868626225,46.7959612979106,37.5905007317882,-659.690124968006,-563.985698140462,1.49011611938477e-08,1.49011611938477e-08,1.87254489657744,1.49249516334015,1.49011611938477e-08,2.33274705195373,16,45
0.761,200,45,395.639872068816,105.392274894336,395.639872068816,13374.3773540372,14072.2872297212,14349.6685400995,59.7593481176113,49.4110797730547,36.784585523113,-569.831078592178,-522.452586050174,1.49011611938477e-08,1.49011611938477e-08,1.93839845216372,1.40580061773583,1.49011611938477e-08,3.05257162981976,16,45
0.762,200,45,296.99992273617,106.169613719253,296.99992273617,13628.3176739897,14223.2092897219,13902.0679631047,59.3471986023072,50.4603977698833,37.8654302614299,-527.166637257617,-393.438129912531,1.49011611938477e-08,1.49011611938477e-08,1.95295953544041,1.21336142196085,1.49011611938477e-08,9.93542913154035,16,45
0.763,200,45,243.034322483894,106.49832651239,243.034322483894,14052.6697345024,13912.0376522088,13782.1705418701,60.1045030903044,50.2476331982752,40.5019283663715,-515.690704847841,-253.137201051041,1.49011611938477e-08,1.49011611938477e-08,1.87461017284204,1.16774927535285,0.496476218031544,6.25429119624289,16,45
0.764,200,45,362.256393472826,105.746898024785,362.256393472826,14131.3423071655,13525.9988329645,14147.4912037863,60.3223670821104,49.0433793603094,43.4635179178451,-467.199358052988,-177.224567825725,1.49011611938477e-08,1.49011611938477e-08,1.78215259238678,1.40920580730687,1.06467144174195,3.67908079477208,16,45
0.765,200,45,592.175919506574,-468.684229548833,592.175919506574,13800.3938494627,13567.5811837751,14539.3478885792,57.7280998020428,47.0576369202315,45.0785554089553,-366.929800570744,-162.182991519061,1.49011611938477e-08,1.49011611938477e-08,1.83797087398559,1.89008070810559,1.70265589263922,3.86836450875816,16,45
0.766,200,45,623.50542521299,105.756251647643,623.50542521299,13501.1161199438,13979.9960313952,14498.0015108339,51.6548404918334,45.0264540795856,44.4415678196677,-305.421527963031,-150.670844819914,1.49011611938477e-08,1.49011611938477e-08,1.92618696761162,2.31637003046762,2.2301507670224,4.88413000313419,16,45
0.767,200,45,595.228406283461,67.198038477342,595.228406283461,13640.8956382158,14226.5849512553,14107.2342889553,43.6025554967005,43.877699422257,41.8821761346105,-368.718752615788,-85.0394072161975,1.49011611938477e-08,1.49011611938477e-08,1.95982952217842,1.82749773529853,1.92650166816604,4.39948281826763,16,45
0.768,200,45,488.433854707241,90.3432470294149,488.433854707241,14037.2995135872,13997.7690649984,13879.3923195089,39.278962383273,44.2731236786752,39.6189839333,-582.219952129556,19.8280032942249,1.49011611938477e-08,1.49011611938477e-08,1.91160863325313,0.711656014299497,1.06918058211741,2.00130977380898,16,45
0.769,200,45,243.741218720901,106.488389554731,243.741218720901,14186.021026903,13567.2492165676,14133.0602570443,43.3592034643433,46.0814880515731,39.8536150405223,-808.606384672352,58.7400079742453,1.49011611938477e-08,1.49011611938477e-08,1.79966263668944,1.49011611938477e-08,0.422679651525953,1.19291602919078,16,45
0.77,200,45,141.03700290184,107.107456937894,141.03700290184,13909.2469630745,13481.986956821,14546.356127716,50.9198880522744,48.2330247200002,41.6280813125154,-884.909358705017,10.3708590633509,1.49011611938477e-08,1.49011611938477e-08,1.81759745474727,1.49011611938477e-08,1.49011611938477e-08,1.44032638083382,16,45
0.771,200,45,318.301188266776,106.045949918874,318.301188266776,13478.8345993825,13855.3522651237,14521.8759860967,58.1589062256055,49.8291962328728,44.369333668164,-864.18512685273,-54.675476293547,1.49011611938477e-08,1.49011611938477e-08,1.91046008636898,0.51874193926347,1.49011611938477e-08,2.02554099509414,16,45
0.772,200,45,613.423197514314,-760.576732195192,613.423197514314,13499.0471050976,14212.2967984139,14115.8830797448,63.0232777056001,50.5692653322998,46.902986330807,-789.979276805399,-170.69558036196,1.49011611938477e-08,1.49011611938477e-08,1.95131913055917,0.919802392709634,1.49011611938477e-08,3.02012042579692,16,45
0.773,200,45,621.342412201622,-7139.33118421307,621.342412201622,13885.7449369758,14128.6899791415,13806.5739189251,63.9239518557746,49.9939959821017,47.7698909438998,-649.254370752766,-280.449939593864,1.49011611938477e-08,1.49011611938477e-08,1.92919717731606,1.29945983149515,0.453971786972209,4.0520814493838,16,45
0.774,200,45,568.014507625896,-215.289891427086,568.014507625896,14080.1971075139,13725.1489922405,13951.1031775194,62.7647575139453,47.5402720694388,47.7669272111323,-489.139587003289,-262.185850290627,1.49011611938477e-08,1.49011611938477e-08,1.83160693361575,1.59114663141913,1.07071842897219,3.6735262099107,16,45
0.775,200,45,605.373705624835,100.97024967709,605.373705624835,13845.4908909271,13529.557631423,14379.4394099591,61.7299259892073,43.1761241192005,47.5258857602295,-375.116338189029,-149.409908053894,1.49011611938477e-08,1.49011611938477e-08,1.8261056378431,1.83135505230682,1.71304241734894,2.63371965540124,16,45
0.776,200,45,577.984622142144,-298.288424631738,577.984622142144,13405.0782364442,13810.0340413785,14516.9790318314,60.8080894281871,37.9259898123056,46.5090451887862,-331.113724396385,-47.2881005162974,1.49011611938477e-08,1.49011611938477e-08,1.90709364595197,2.07530707363298,2.20986951041921,2.14680012137644,16,45
0.777,200,45,516.831651967559,55.3213931463861,516.831651967559,13301.2238012927,14186.4718500014,14176.8456117287,60.8499211679281,33.8879767834108,45.0786824919056,-416.447753897811,14.3717179286024,1.49011611938477e-08,1.49011611938477e-08,1.94751972745137,2.08636644890654,3.17475099011534,1.9958001156373,16,45
0.778,200,45,481.405660079471,94.6569646718778,481.405660079471,13680.3900840763,14176.6906916227,13771.7811593891,61.9730921666921,33.6882933593066,43.3002513473886,-621.043927792615,-45.7523676286584,1.49011611938477e-08,1.49011611938477e-08,1.94808304501026,1.77423019708318,1.44517220349576,2.19235166425227,16,45
0.779,200,45,470.611504189159,98.9349014063332,470.611504189159,14070.9666173766,13777.651273957,13835.1312631216,62.9569297007188,37.5876276730095,41.3691172049711,-778.14219754293,-263.229516657015,1.49011611938477e-08,1.49011611938477e-08,1.84833774523023,1.52569756435688,0.160047238004197,2.72299672357591,16,45
0.78,200,45,467.067332740329,99.8447648805906,467.067332740329,14002.6781684454,13478.4768046318,14285.6601647729,62.7816809417587,42.7260941792921,39.5084882686198,-761.358411745291,-485.148102137351,1.49011611938477e-08,1.49011611938477e-08,1.79863105675616,1.48076254890184,1.49011611938477e-08,2.62330826198797,16,45
0.781,200,45,442.705537060837,103.565590833465,442.705537060837,13592.0436375334,13665.388326224,14557.1276040681,61.3647218541504,46.8711070273593,37.788820390428,-656.269820017473,-568.433199042104,1.49011611938477e-08,1.49011611938477e-08,1.87767266372365,1.50905972911221,1.49011611938477e-08,2.31285581855717,16,45
0.782,200,45,380.400711784698,105.575158349837,380.400711784698,13376.6861821632,14091.9781814465,14323.3627468974,59.8416889207896,49.3490993076741,37.1478364850419,-564.715294081107,-519.754612745883,1.49011611938477e-08,1.49011611938477e-08,1.94025196698779,1.4179342311045,1.49011611938477e-08,3.12201053574562,16,45
0.783,200,45,281.544548147281,106.263047918095,281.544548147281,13654.5836546576,14216.4472115762,13879.5288326558,59.5507169078831,50.2963973329239,38.3905753373233,-525.987644597038,-387.524739813865,1.49011611938477e-08,1.49011611938477e-08,1.95175814653338,1.23091678837277,1.49011611938477e-08,10.7890350004993,16,45
0.784,200,45,232.64273244526,106.557790625092,232.64273244526,14072.215507584,13886.1645556302,13789.8167245352,60.3218166493771,50.0055210748904,41.0514662547632,-512.840180263012,-251.322211378033,1.49011611938477e-08,1.49011611938477e-08,1.86679482578025,1.20198840099461,0.509321381072386,6.2662756058854,16,45
0.785,200,45,358.876293988978,105.774997058687,358.876293988978,14124.0216663391,13514.1149043126,14171.8755014774,60.3984651238216,48.7234125753999,43.9665443937606,-458.680592749146,-180.644821356145,1.49011611938477e-08,1.49011611938477e-08,1.78097161604637,1.46115582396511,1.08535983342977,3.81131724774002,16,45
0.786,200,45,594.809756012237,-503.913617730868,594.809756012237,13779.6215515187,13585.3446721131,14546.9531178936,57.5389325214462,46.645132499829,45.4955261188702,-361.406698057282,-167.210544220623,1.49011611938477e-08,1.49011611938477e-08,1.84351351487828,1.95865266199414,1.72987035286298,4.08218814078174,16,45
0.787,200,45,623.084481715812,-7746.00688472834,623.084481715812,13497.7382888697,14003.9363921608,14477.2008847349,51.2357238488882,44.5832820602251,44.7827566128887,-300.703248524956,-154.143404920446,1.49011611938477e-08,1.49011611938477e-08,1.92937752928633,2.37564327029238,2.23491961301906,5.20163653848096,16,45
0.788,200,45,593.656459609473,-1723.97698176237,593.656459609473,13662.2255565652,14228.0736840378,14081.4384662949,43.1127410608269,43.4986768297667,42.1728825174714,-374.085826990532,-85.2320195743088,1.49011611938477e-08,1.49011611938477e-08,1.96020587605066,1.81119906809938,1.86534692934252,4.58576675950793,16,45
0.789,200,45,482.580244268828,93.7011082133626,482.580244268828,14057.7831898167,13975.7531594842,13877.7181210665,39.0557719896739,44.0103384390574,39.9472979615358,-593.200850060353,18.7058750099967,1.49011611938477e-08,1.49011611938477e-08,1.90520598882458,0.681406836680126,1.01363824703651,2.02544428852504,16,45
0.79,200,45,252.789951857001,106.434547206138,252.789951857001,14182.3985608618,13550.9985723004,14155.0412637636,43.4415178575641,45.9086995283621,40.2435416566055,-813.304884682897,51.9968256174574,1.49011611938477e-08,1.49011611938477e-08,1.79622096104587,1.49011611938477e-08,0.369363534701204,1.2344344909519,16,45
0.791,200,45,163.451262711723,106.9732890994,163.451262711723,13886.3339631079,13495.4805992555,14559.9184157603,50.9522964805666,48.0997786583056,41.9386881832359,-878.626425013676,4.03874531546381,1.49011611938477e-08,1.49011611938477e-08,1.82239498288477,0.0173334716106745,1.49011611938477e-08,1.50727894353935,16,45
0.792,200,45,341.564371070135,105.901129664206,341.564371070135,13469.1514665764,13883.6722672678,14507.5188819411,58.0973749362525,49.7115475678829,44.5894137733251,-853.59886248667,-65.1569955389788,1.49011611938477e-08,1.49011611938477e-08,1.91410552534857,0.557922244955834,1.49011611938477e-08,2.11176380043759,16,45
0.793,200,45,625.834596397447,105.821447200405,625.834596397447,13518.1964864255,14225.2154730767,14094.1699743804,62.6474111209417,50.4462993285198,46.8379857700238,-774.354274651042,-179.562147568829,1.49011611938477e-08,1.49011611938477e-08,1.95211416023213,0.952780881271504,1.49011611938477e-08,3.10866453247945,16,45
0.794,200,45,618.328676077282,105.445249882093,618.328676077282,13909.2557134496,14112.3046991322,13804.3126999654,63.284355217018,49.7938282456106,47.5067329257128,-630.207071635598,-277.373689996297,1.49011611938477e-08,1.49011611938477e-08,1.92444164761062,1.3231907340749,0.486843042565068,4.02798896322962,16,45
0.795,200,45,558.507101444417,-136.404997962476,558.507101444417,14076.0675868963,13703.927531682,13972.388435653,62.1293256664452,47.3024985672173,47.5161786145846,-476.435826653052,-244.425639167502,1.49011611938477e-08,1.49011611938477e-08,1.82719506114169,1.59749951263814,1.10826483211685,3.47018188851261,16,45
0.796,200,45,608.488550237937,103.553037125887,608.488550237937,13819.3345706631,13535.1983018756,14397.9508108692,61.1968628104604,42.9213120267577,47.2906854348452,-375.032408687431,-133.086808536376,1.49011611938477e-08,1.49011611938477e-08,1.82994081826108,1.82453819889014,1.73967441347899,2.45473635955273,16,45
0.797,200,45,583.953019806754,-631.543916674872,583.953019806754,13384.0725863475,13835.9999715171,14508.1541767449,60.3563263759314,37.7704999620613,46.2309279136524,-336.741952344333,-27.8709941842682,1.49011611938477e-08,1.49011611938477e-08,1.91102865434498,2.04790466787574,2.21963049938414,2.00780646124523,16,45
0.798,200,45,514.675426890934,59.3117904797305,514.675426890934,13309.6454764803,14202.5961853873,14150.3452436286,60.4422200785495,34.0082617591195,44.7268535742279,-431.987719544359,24.0632147567072,1.49011611938477e-08,1.49011611938477e-08,1.94885780326992,2.03711625920279,3.24421555458919,1.89471343227159,16,45
0.799,200,45,468.199903063261,99.4672809678108,468.199903063261,13702.9516873989,14162.011637048,13759.3391346049,61.538942405415,34.2902525591742,42.9217442179913,-639.371065038191,-54.2259514980504,1.49011611938477e-08,1.49011611938477e-08,1.9459114334225,1.7358962192617,1.37437070652088,2.13642508429017,16,45
0.8,200,45,455.222064984714,102.178060814131,455.222064984714,14075.379021829,13752.0245881268,13853.2138544027,62.4431639191267,38.5638074792337,41.0773753334046,-783.432541940359,-271.737249849978,1.49011611938477e-08,1.49011611938477e-08,1.8427139142698,1.51012191947028,0.0655912871252456,2.66851028508234,16,45
0.801,200,45,449.917837459129,102.855036133223,449.917837459129,13978.7133514216,13474.2684787621,14309.7790865343,62.1777572452168,43.7978509299086,39.3503195185284,-763.70476390745,-495.067533302907,1.49011611938477e-08,1.49011611938477e-08,1.80130060566759,1.47919027859691,1.49011611938477e-08,2.51906099848249,16,45
0.802,200,45,424.791050634546,104.653572851583,424.791050634546,13563.6026081807,13687.3040312659,14555.7713112947,60.6990510306585,47.9489348759878,37.6923256755184,-651.716514695188,-577.823784325786,1.49011611938477e-08,1.49011611938477e-08,1.88303725394113,1.50914230301781,1.49011611938477e-08,2.24974519267847,16,45
0.803,200,45,366.391380449531,105.705394647483,366.391380449531,13374.1407655262,14110.5898572357,14296.518185286,59.1820015203803,50.4084572777727,37.0883589729248,-561.300354315016,-522.452076462846,1.49011611938477e-08,1.49011611938477e-08,1.94203124750737,1.41254038437961,1.49011611938477e-08,3.1228063241184,16,45
0.804,200,45,267.975089544582,106.344766946647,267.975089544582,13674.8104565983,14208.0594560251,13858.0084229619,58.9106403331118,51.3354903243498,38.3279980639264,-521.615153681772,-387.717684520112,1.49011611938477e-08,1.49011611938477e-08,1.95030884401563,1.22823929899714,1.49011611938477e-08,11.1524099780743,16,45
0.805,200,45,233.85846482727,106.553313307436,233.85846482727,14083.310912822,13861.6631289885,13797.967551885,59.6258088064182,51.0281834679321,40.998333733867,-504.857279922352,-258.044758406477,1.49011611938477e-08,1.49011611938477e-08,1.85973520506162,1.21152064000958,0.563338193613182,6.06248891250019,16,45
0.806,200,45,374.739042911963,105.646393998217,374.739042911963,14108.2844316987,13504.615952563,14196.3776205616,59.4875199150576,49.727341711993,43.8497213666821,-446.530401900683,-186.01066344172,1.49011611938477e-08,1.49011611938477e-08,1.78100436490325,1.48510517749982,1.1485862383067,3.79433182761948,16,45
0.807,200,45,602.27491922893,-602.26040715472,602.27491922893,13752.2851094498,13604.0459328428,14553.7981372458,56.3170947397111,47.6544670044894,45.2490591863448,-344.052220681026,-170.541235034074,1.49011611938477e-08,1.49011611938477e-08,1.8494988025709,1.98586015210978,1.81369968768951,4.09514697050289,16,45
0.808,200,45,621.33550633869,-7121.50958973774,621.33550633869,13490.5280517274,14026.195952762,14456.8197463705,49.7006801201319,45.6428446733792,44.4524205037683,-292.014426474643,-153.304113513745,1.49011611938477e-08,1.49011611938477e-08,1.93249295007969,2.36584940915375,2.32285228310749,5.13662064350996,16,45
0.809,200,45,588.387407627058,-1119.75900669457,588.387407627058,13679.3565686894,14224.6828625034,14054.6827912682,41.5437188918146,44.6611651794034,41.9240587538814,-381.115674758464,-79.6846873729303,1.49011611938477e-08,1.49011611938477e-08,1.96016127708415,1.70936112703757,1.8652210274957,4.30165030687427,16,45
0.81,200,45,465.13092207339,100.091828314397,465.13092207339,14073.1259229844,13949.1823897671,13875.4736576595,38.2242167462523,45.3140613769848,40.0316234026032,-598.532875204368,14.1358705507329,1.49011611938477e-08,1.49011611938477e-08,1.89813748088937,0.591792881177036,0.973708997777752,1.9012454453161,16,45
0.811,200,45,230.468622511439,106.568294374357,230.468622511439,14173.6680559945,13531.695830285,14174.9464886643,43.3687147995687,47.3267489830046,40.5341630005235,-819.057773465489,38.6611625398486,1.49011611938477e-08,1.49011611938477e-08,1.7928789920866,1.49011611938477e-08,0.300437214203005,1.25253252581366,16,45
0.812,200,45,159.895617249564,106.998798231034,159.895617249564,13858.4928383892,13505.7180502033,14566.6617845325,51.1144374443256,49.5488111564863,42.177066472603,-880.592445758739,-18.4628788278337,1.49011611938477e-08,1.49011611938477e-08,1.82733740845443,0.0663836398482861,1.49011611938477e-08,1.61727799548019,16,45
0.813,200,45,362.667577588495,105.745898361753,362.667577588495,13457.2932450197,13906.7657512539,14487.9578257252,58.3163245417022,51.1466644012562,44.7784926485722,-849.503746626326,-91.8846619674944,1.49011611938477e-08,1.49011611938477e-08,1.91756192078801,0.577101413817424,1.49011611938477e-08,2.30561312969051,16,45
0.814,200,45,647.729810090809,-1394.49487842911,647.729810090809,13534.9269265127,14227.9543916225,14064.8182086501,62.7535815415042,51.8168599242346,46.9420300487633,-763.705436126896,-207.674388907363,1.49011611938477e-08,1.49011611938477e-08,1.95275845882381,0.973962139713251,1.49011611938477e-08,3.42124993837326,16,45
0.815,200,45,616.91919848745,-5791.55758072155,616.91919848745,13929.6518053251,14092.1160678248,13797.9056223322,63.3014743042648,51.0550632206179,47.5254373606613,-614.224211031024,-294.852050885392,1.49011611938477e-08,1.49011611938477e-08,1.91968359354376,1.34096806168873,0.487667320871643,4.33195317927179,16,45
0.816,200,45,559.055318979301,-134.748116265996,559.055318979301,14071.3942058058,13683.3168206943,13988.312547952,62.1924445617574,48.3485806162424,47.4850349498904,-467.254212790379,-250.382450219926,1.49011611938477e-08,1.49011611938477e-08,1.8235055152933,1.60995087547583,1.13417983911289,3.52449513704842,16,45
0.817,200,45,605.52130992735,-3315.95218178702,605.52130992735,13798.9988050476,13540.0329804137,14414.9727487093,61.2461915316512,43.8355860394178,47.0650386917749,-359.673199037544,-127.638952584558,1.49011611938477e-08,1.49011611938477e-08,1.83338446978797,1.8500646538489,1.77185608539307,2.46153858276153,16,45
0.818,200,45,574.472961636663,-275.581346118773,574.472961636663,13372.7122579484,13859.324401397,14499.2739863811,60.4555784806037,38.6706547517495,45.8590636117568,-328.990240083174,-20.664931365646,1.49011611938477e-08,1.49011611938477e-08,1.91422894615747,2.07615194496624,2.26358453667574,2.00779953131927,16,45
0.819,200,45,508.344309973539,69.8620523994466,508.344309973539,13329.2598161035,14210.7219186401,14124.8346547208,60.6882726528294,35.108486040783,44.2737513208661,-438.089658338982,28.9133058409426,1.49011611938477e-08,1.49011611938477e-08,1.94985184744644,2.03796355605082,3.36870387296519,1.90197122096053,16,45
0.82,200,45,472.239030527736,98.3018538048255,472.239030527736,13738.1589228499,14145.3498524077,13753.6623948332,61.9564110659548,35.5238806216817,42.4088007460686,-654.729042999954,-53.5906616532033,1.49011611938477e-08,1.49011611938477e-08,1.9425715132242,1.69915117119569,1.27143270369667,2.14770244505149,16,45
0.821,200,45,467.862991941602,99.6912497329867,467.862991941602,14089.7910061475,13727.2095447576,13878.7798983127,63.0061878805916,39.7314347527178,40.4665995747446,-797.905970507103,-270.443144396554,1.49011611938477e-08,1.49011611938477e-08,1.83623624198828,1.45479132263062,1.49011611938477e-08,2.68728811623867,16,45
0.822,200,45,466.524992704221,99.9823642805526,466.524992704221,13964.0276855939,13472.0734641248,14338.87535174,62.9056439435284,44.8417492825259,38.5937554787571,-776.848829329157,-485.849935850377,1.49011611938477e-08,1.49011611938477e-08,1.80379246619934,1.40483151211632,1.49011611938477e-08,2.57538207360935,16,45
0.823,200,45,442.764911924619,103.560721069091,442.764911924619,13545.7975202487,13710.0435732191,14559.1444628321,61.6247358853882,48.8642878861063,36.9071767595028,-667.580216319009,-559.322953469964,1.49011611938477e-08,1.49011611938477e-08,1.88805220727212,1.40995998111912,1.49011611938477e-08,2.36733621149565,16,45
0.824,200,45,378.652763042739,105.593009322949,378.652763042739,13383.1576124504,14128.1919026112,14278.2094424392,60.3203554911069,51.2182877382256,36.4323497752243,-580.441391721657,-498.156302227986,1.49011611938477e-08,1.49011611938477e-08,1.94376563665561,1.29644713371379,1.49011611938477e-08,3.48959492295355,16,45
0.825,200,45,279.738893703317,106.273846946833,279.738893703317,13703.3660817863,14198.6976466449,13848.9925014916,60.1983936105951,52.0539917549351,37.9443056099929,-541.889260423196,-360.303817280339,1.49011611938477e-08,1.49011611938477e-08,1.94879815662895,1.13165920061854,1.49011611938477e-08,14.8143649580595,16,45
0.826,200,45,240.426230706752,106.512180114634,240.426230706752,14099.9376204009,13836.5846322778,13819.943826261,60.9161880238355,51.6368297511519,40.8625926056498,-521.479260298672,-232.281364542592,1.49011611938477e-08,1.49011611938477e-08,1.85322095651595,1.1563260751866,0.565098050520961,4.92991676590228,16,45
0.827,200,45,388.343616689435,105.5018577215,388.343616689435,14096.7206284596,13496.6048948012,14231.0336549124,60.6347931777601,50.1947628611125,43.8754716047908,-456.680140875573,-163.209363705972,1.49011611938477e-08,1.49011611938477e-08,1.78244378519019,1.45764848628286,1.17830915918941,3.3690372854076,16,45
0.828,200,45,619.081252016718,-6198.46232740267,619.081252016718,13729.51728083,13624.8333485549,14568.949832662,57.2884119131828,47.9854248458441,45.3360128689221,-352.403781761919,-148.24307657942,1.49011611938477e-08,1.49011611938477e-08,1.85616790968016,1.96374872992513,1.86751214927858,3.67750683738458,16,45
0.829,200,45,621.383028230468,-7137.68004447094,621.383028230468,13487.9947564594,14049.9918357661,14445.5871707096,50.5677088938741,45.9128519843517,44.5186706750209,-305.936773476011,-129.021563608997,1.49011611938477e-08,1.49011611938477e-08,1.93570500366551,2.31073300076751,2.37543792746768,4.49276813698442,16,45
0.83,200,45,586.595111445002,-931.305617910663,586.595111445002,13699.9288868321,14223.911864482,14041.8893245101,42.5694910460357,44.943494720012,42.0065767195127,-404.97237794126,-52.8740628144756,1.49011611938477e-08,1.49011611938477e-08,1.96043237759968,1.6239943862702,1.85401473171733,3.61365595993436,16,45
0.831,200,45,459.658606162114,101.221627449047,459.658606162114,14089.4996226369,13927.2238045304,13888.3751956811,39.6109537834085,45.6306439056413,40.2225982964943,-626.538191007435,36.8619251875688,1.49011611938477e-08,1.49011611938477e-08,1.89237632473992,0.565037463530277,0.952418381432275,1.68828605459431,16,45
0.832,200,45,234.720991097933,106.542783931325,234.720991097933,14163.997009391,13519.1463196365,14208.3588768665,44.7873579386217,47.6632561485128,40.7941503677829,-839.637788813564,52.6341758385229,1.49011611938477e-08,1.49011611938477e-08,1.79202193756541,1.49011611938477e-08,0.274266633787011,1.17700117001804,16,45
0.833,200,45,175.051554123655,106.903788006837,175.051554123655,13826.1123343615,13523.0068959377,14583.4025513198,52.2793218267832,49.8792980448272,42.361586204484,-890.426683852882,-8.40742070148743,1.49011611938477e-08,1.49011611938477e-08,1.83402524153042,0.115720767612177,1.49011611938477e-08,1.5503736795338,16,45
0.834,200,45,386.119346807757,105.535526595452,386.119346807757,13441.9034315545,13935.5216942638,14477.0040159336,59.2602223126069,51.4545347926777,44.9193215155272,-857.958559306173,-82.7529316261808,1.49011611938477e-08,1.49011611938477e-08,1.92145444384954,0.580813585377027,1.49011611938477e-08,2.18607179192237,16,45
0.835,200,45,632.44285836167,106.460271453981,632.44285836167,13547.8615828286,14237.897961787,14049.301197688,63.3030938684025,52.0594565716234,46.8720374584778,-767.386534161133,-198.36687919962,1.49011611938477e-08,1.49011611938477e-08,1.9536104979453,0.968489958820603,1.49011611938477e-08,3.17150925122512,16,45
0.836,200,45,614.041953264271,105.110302807218,614.041953264271,13944.2577777043,14073.0116400805,13803.1098707145,63.5234570559678,51.1672983866085,47.334776467026,-620.915584724528,-277.956846117176,1.49011611938477e-08,1.49011611938477e-08,1.91502238897355,1.32687022039446,0.555312607369914,3.89378171937499,16,45
0.837,200,45,560.32579792295,-144.590649725142,560.32579792295,14059.5916538893,13664.2820868551,14015.730610625,62.2699968567141,48.3756735184788,47.39428968549,-465.835922801415,-229.261055937581,1.49011611938477e-08,1.49011611938477e-08,1.820839947602,1.59090619130455,1.19737178901287,3.1469299994427,16,45
0.838,200,45,606.924879205471,-3579.54363949044,606.924879205471,13767.5804825789,13548.8819791693,14437.1211554268,61.1898709358375,43.7718107552379,47.0810918966895,-357.802674986653,-110.010771918623,1.49011611938477e-08,1.49011611938477e-08,1.83834310076571,1.83780680584923,1.80289900510999,2.27755132849047,16,45
0.839,200,45,576.805578772375,-310.258352281308,576.805578772375,13349.6027203663,13885.6839706257,14493.0009299504,60.3080658301219,38.6036577528656,45.9994834646787,-331.906459140494,-7.52269297044042,1.49011611938477e-08,1.49011611938477e-08,1.91805559206101,2.06055244297113,2.25142987368477,1.90344527995678,16,45
0.84,200,45,509.699979067286,67.9866686360979,509.699979067286,13335.6619174847,14222.8322902352,14101.13084033,60.4992309840488,35.1500572619707,44.492301076146,-448.647225964556,34.5621668030166,1.49011611938477e-08,1.49011611938477e-08,1.95120879200854,2.01147107884502,3.43903613348379,1.83728141778719,16,45
0.841,200,45,465.010384359867,100.376659284121,465.010384359867,13756.8238434063,14126.9525385872,13745.4367983297,61.6969630136284,35.8775661653967,42.666883250624,-655.878134877735,-55.9185732896674,1.49011611938477e-08,1.49011611938477e-08,1.93955819804539,1.68645176746273,1.24702641015996,2.13000278981671,16,45
0.842,200,45,454.685185509058,102.255583152605,454.685185509058,14090.9163138363,13702.5116249037,13899.6737280666,62.58898275821,40.2738769349547,40.7498698362132,-797.324365964144,-294.844039859043,1.49011611938477e-08,1.49011611938477e-08,1.83060349911785,1.47191302109441,1.49011611938477e-08,2.6730574233133,16,45
0.843,200,45,450.223546258112,102.818376201457,450.223546258112,13940.0629553589,13471.9738905414,14362.1598275014,62.270335076232,45.3785934123502,38.8490054712481,-762.348834993677,-508.572397278976,1.49011611938477e-08,1.49011611938477e-08,1.8066447492772,1.44714377599495,1.49011611938477e-08,2.47486533534046,16,45
0.844,200,45,423.07022839177,104.721267007928,423.07022839177,13521.9476019501,13733.7148321896,14554.6914328652,60.7767480977673,49.3238929362845,37.0793417759035,-648.925910054466,-573.414609741508,1.49011611938477e-08,1.49011611938477e-08,1.89274114950358,1.46289808783567,1.49011611938477e-08,2.27340663421357,16,45
0.845,200,45,359.547714194175,105.759833818637,359.547714194175,13386.579543998,14144.3144824557,14248.9610901463,59.3978243972468,51.5999543673407,36.5736830162859,-563.568191411818,-504.873754307636,1.49011611938477e-08,1.49011611938477e-08,1.94520967506401,1.34471686273363,1.49011611938477e-08,3.40998298416399,16,45
0.846,200,45,261.73680674614,106.383130239657,261.73680674614,13726.731089155,14187.0708038453,13828.8795190425,59.2861550413656,52.3769766036096,38.0341879525055,-527.6502283468,-371.264329076991,1.49011611938477e-08,1.49011611938477e-08,1.94641236604956,1.17175061422819,1.49011611938477e-08,15.1865076821021,16,45
0.847,200,45,241.928436113985,106.503174993815,241.928436113985,14111.0190648138,13811.5288913521,13829.837412267,59.9926876439914,51.9340838818313,40.913506682476,-504.719399475105,-236.374291205785,1.49011611938477e-08,1.49011611938477e-08,1.8456523399383,1.19546682613593,0.614805199927754,5.05692810733108,16,45
0.848,200,45,405.8954353746,105.232177929339,405.8954353746,14081.5112171198,13490.2031546628,14253.8902693668,59.5759248548764,50.4777501688906,43.8228159795057,-436.172584611904,-170.071432000778,1.49011611938477e-08,1.49011611938477e-08,1.78282364757438,1.50483879864202,1.22950396285524,3.4835108498153,16,45
0.849,200,45,625.973269746873,105.873054264464,625.973269746873,13707.5861328629,13645.6323614278,14572.0285687265,55.9605225919683,48.2714165117346,45.1201371057876,-332.939446691012,-155.416101931741,1.49011611938477e-08,1.49011611938477e-08,1.86143274019112,2.01621747469406,1.92598676863088,3.84448597159141,16,45
0.85,200,45,619.389328577285,105.503317335185,619.389328577285,13488.4313994233,14070.4525566477,14422.0315579796,48.9866084758727,46.2289448486732,44.2180757999869,-295.677110556993,-132.378601153329,1.49011611938477e-08,1.49011611938477e-08,1.9381589439535,2.32781307604056,2.41559259153994,4.67106731855034,16,45
0.851,200,45,582.104400339711,-204.807196035376,582.104400339711,13722.8780488507,14217.8854315885,14016.3935844757,41.0285156232954,45.3385903666857,41.7824291793505,-398.796493692354,-57.655246578438,1.49011611938477e-08,1.49011611938477e-08,1.95955542333912,1.55090493039854,1.81688337538403,3.58426345352874,16,45
0.852,200,45,443.727128897923,103.402470985841,443.727128897923,14106.4057570713,13900.4952863088,13889.8737232268,38.7321000245662,46.1251566586973,40.2570162981374,-636.739158546343,32.3737843544689,1.49011611938477e-08,1.49011611938477e-08,1.88440955978681,0.49144937350259,0.90815693037703,1.6545107173917,16,45
0.853,200,45,214.192048126513,106.665252705035,214.192048126513,14156.0732908861,13503.6486982617,14229.0153202587,44.4979813456519,48.2179139257593,40.9844203206259,-842.715618984008,38.1261435978189,1.49011611938477e-08,1.49011611938477e-08,1.78917931224382,1.49011611938477e-08,0.202163803284074,1.23173598328699,16,45
0.854,200,45,183.00450761396,106.860456820531,183.00450761396,13800.2544931221,13537.5144800394,14584.9132503862,52.1633642998448,50.4364815077315,42.5416821387518,-883.119515240285,-27.3215349184181,1.49011611938477e-08,1.49011611938477e-08,1.83894582975648,0.163114800806932,1.49011611938477e-08,1.67256891564515,16,45
0.855,200,45,397.924495772116,105.370713723259,397.924495772116,13436.7279475196,13959.010823294,14454.0023329526,59.1534587891521,51.976138793471,45.0953948640599,-845.853492413016,-104.56495515856,1.49011611938477e-08,1.49011611938477e-08,1.92431701295317,0.611860182000429,1.49011611938477e-08,2.3805786451195,16,45
0.856,200,45,632.626503629342,106.492018394185,632.626503629342,13569.9971618463,14239.216820896,14021.0852016216,63.0378944629393,52.5159793914608,46.965628921039,-756.966829645889,-214.89308282609,1.49011611938477e-08,1.49011611938477e-08,1.95376496963928,1.00105477596442,1.49011611938477e-08,3.47117206942948,16,45
0.857,200,45,611.874838088033,104.7946414874,611.874838088033,13964.8091879211,14052.566392846,13800.6390543005,63.1704789592972,51.512629640871,47.3519084487609,-602.113921447123,-289.646986362967,1.49011611938477e-08,1.49011611938477e-08,1.90969091202541,1.35449856965179,0.570521777650966,4.15613151320081,16,45
0.858,200,45,561.511460298505,-154.041213616126,561.511460298505,14052.0369975976,13645.7917463543,14032.8980744867,62.0250978843313,48.5328103377572,47.3676827805173,-452.214163879196,-224.892606890488,1.49011611938477e-08,1.49011611938477e-08,1.81802295693286,1.60724761930697,1.22478669185197,3.17520741934263,16,45
0.859,200,45,607.152801251635,-3602.33250659625,607.152801251635,13741.6246032309,13557.4335752923,14447.2032100313,61.0565775673454,43.8463988609533,46.9430343021423,-351.679176083934,-100.120897826111,1.49011611938477e-08,1.49011611938477e-08,1.84262712660757,1.8474911562203,1.82938998467069,2.24926738338997,16,45
0.86,200,45,576.294533474863,-294.60911716139,576.294533474863,13335.6900053557,13908.9790964434,14475.3417039717,60.2690161854751,38.7144144403896,45.7452633468928,-336.582105153421,0.271661779837573,1.49011611938477e-08,1.49011611938477e-08,1.92109563426033,2.05571116096686,2.30697312730747,1.87553651657119,16,45
0.861,200,45,507.137267461776,71.6167523914781,507.137267461776,13353.0215902055,14228.9222409932,14070.9430964305,60.5539708098129,35.5454831758985,44.1602808561443,-456.065812824428,34.7171271168604,1.49011611938477e-08,1.49011611938477e-08,1.95223489368774,1.98257319630169,3.45338835458408,1.82971844467508,16,45
0.862,200,45,470.671596267095,98.7581722771946,470.671596267095,13786.2984877077,14108.171253132,13738.2261537773,61.7948462790426,36.5339789651811,42.3201164300324,-676.242082017575,-67.657993303323,1.49011611938477e-08,1.49011611938477e-08,1.93573825272267,1.65064064806754,1.13008929701819,2.14059659553443,16,45
0.863,200,45,460.062898784686,101.244754733359,460.062898784686,14096.7506637471,13678.7859429316,13922.5659344181,62.6728838688925,41.0291846464991,40.4628999653202,-808.716607271123,-310.422827027083,1.49011611938477e-08,1.49011611938477e-08,1.82551609994847,1.44210452484105,1.49011611938477e-08,2.65996058581739,16,45
0.864,200,45,452.563315742807,102.522893142495,452.563315742807,13917.3364381167,13472.7994494566,14384.3123992886,62.3734960927173,46.1082448010104,38.661699206905,-767.478347893341,-516.171754127466,1.49011611938477e-08,1.49011611938477e-08,1.81053237994529,1.41594806877065,1.49011611938477e-08,2.44182222274596,16,45
0.865,200,45,419.309982338471,104.855020803628,419.309982338471,13499.70922463,13757.0737730855,14548.4793251517,60.9704689061422,49.9819286660578,37.0954148740924,-655.490402395215,-570.497493991905,1.49011611938477e-08,1.49011611938477e-08,1.89763594061198,1.42259385052685,1.49011611938477e-08,2.30995186744782,16,45
0.866,200,45,349.605906423957,105.835894743315,349.605906423957,13392.9178525468,14158.760865663,14222.051492445,59.7415066600306,52.1804891876991,36.8311696797686,-576.354452522598,-501.467950935515,1.49011611938477e-08,1.49011611938477e-08,1.94664174473719,1.30143168454727,1.49011611938477e-08,3.63540780806253,16,45
0.867,200,45,256.569834606847,106.413010006362,256.569834606847,13751.3637557591,14173.5764213594,13814.0252730087,59.733448757583,52.8906984788256,38.4952396202188,-538.298196885576,-360.451243758761,1.49011611938477e-08,1.49011611938477e-08,1.94391916019373,1.1466952559415,1.49011611938477e-08,15.9326770712543,16,45
0.868,200,45,241.062982286356,106.510209615043,241.062982286356,14121.4825383291,13785.168015509,13846.2532611242,60.3803781868462,52.3759251437672,41.4220313916158,-510.272172792826,-230.600254044033,1.49011611938477e-08,1.49011611938477e-08,1.83889950810178,1.19696592842263,0.636678790203794,4.78407390758633,16,45
0.869,200,45,407.226463762432,105.211921682946,407.226463762432,14064.6494765028,13483.6561905691,14279.1013935109,59.7411501331448,50.8471312075049,44.2925291191107,-434.990152428997,-169.121159692147,1.49011611938477e-08,1.49011611938477e-08,1.78474997071109,1.52416733772406,1.26351192721466,3.45074667864251,16,45
0.87,200,45,624.674959822015,-8183.15753727253,624.674959822015,13682.5962940815,13666.1316634514,14573.8412087645,55.8879757674281,48.5863014785603,45.5596925596637,-332.232278956211,-154.818728807447,1.49011611938477e-08,1.49011611938477e-08,1.8676684879667,2.03661601918968,1.97145073257179,3.83894702240519,16,45
0.871,200,45,618.93334407362,-6357.59518878481,618.93334407362,13485.9773051254,14089.8258082297,14398.8632219439,48.7157707603594,46.5716535998349,44.6049478167065,-301.40316240885,-132.199264650767,1.49011611938477e-08,1.49011611938477e-08,1.94092377237349,2.30940573588936,2.42781103953656,4.60971987023862,16,45
0.872,200,45,578.902324820154,-367.939461302975,578.902324820154,13741.4563127969,14210.5926896437,13994.6923532368,40.8330416883142,45.7735777242406,42.1971697162981,-417.152005041449,-53.2943210101384,1.49011611938477e-08,1.49011611938477e-08,1.95909912615642,1.48367610785986,1.75588946895689,3.44569542098265,16,45
0.873,200,45,431.685217360447,104.284185821707,431.685217360447,14117.521794559,13874.7844761968,13895.295393566,38.993102571375,46.6733848865298,40.795981818824,-658.529941897108,31.3306410769976,1.49011611938477e-08,1.49011611938477e-08,1.87793798277825,0.453018290180786,0.85958638790472,1.60942898388777,16,45
0.874,200,45,215.27614036322,106.658737869422,215.27614036322,14141.3976768231,13491.3379147488,14252.4047106193,45.0244003158657,48.8548491231417,41.5611570998883,-855.266741685619,28.7280005928294,1.49011611938477e-08,1.49011611938477e-08,1.78879671180338,1.49011611938477e-08,0.0874547817006839,1.25324758022902,16,45
0.875,200,45,187.653154294627,106.828312717555,187.653154294627,13769.7255614649,13554.7381478114,14591.4656369379,52.5846479292597,51.0841993555292,43.0013440930949,-884.906918106263,-39.4940291747455,1.49011611938477e-08,1.49011611938477e-08,1.84497332576827,0.215795861171651,1.49011611938477e-08,1.7328332385726,16,45
0.876,200,45,436.668404369495,104.152483808871,436.668404369495,13428.3523395129,13984.4048932244,14435.140655745,59.3993798845973,52.6176087376813,45.3880913623797,-845.679340677655,-113.638152483991,1.49011611938477e-08,1.49011611938477e-08,1.92739812049985,0.638868905065915,1.49011611938477e-08,2.47308865139965,16,45
0.877,200,45,632.866223108664,106.542277165604,632.866223108664,13588.7813502679,14243.0534000061,14001.052481877,62.979499176216,53.097648171221,47.0140740775462,-747.696422807914,-224.894755663266,1.49011611938477e-08,1.49011611938477e-08,1.95399541081376,1.01936320360968,1.49011611938477e-08,3.54177113197244,16,45
0.878,200,45,608.159724994067,103.591920620528,608.159724994067,13981.7139321176,14030.1304295413,13803.7405313657,62.9097539285677,51.9765921467084,47.2857001051182,-589.079377268476,-286.955952518632,1.49011611938477e-08,1.49011611938477e-08,1.90378519862853,1.36283537321287,0.607822544115873,4.07046739504324,16,45
0.879,200,45,562.765252621299,-164.162266326095,562.765252621299,14041.7175707443,13628.1338643442,14057.0914019199,61.7709660030861,48.9009838761088,47.3711660265627,-443.313297369992,-210.301093195721,1.49011611938477e-08,1.49011611938477e-08,1.81547683872272,1.60521687650063,1.26859855758356,2.99397309969026,16,45
0.88,200,45,607.163645594908,102.775254811362,607.163645594908,13712.5574711628,13568.2782439285,14462.5555144042,60.807999262795,44.1322037890301,46.9141574736434,-347.219962231624,-84.8793630398819,1.49011611938477e-08,1.49011611938477e-08,1.84734006236262,1.8419519362902,1.84810498305453,2.13068944162195,16,45
0.881,200,45,575.589861630303,-280.777719909785,575.589861630303,13318.8583867086,13934.4141245457,14462.5505103658,60.0345896327464,39.0173151237861,45.6835412165046,-337.579345010757,8.28307691365719,1.49011611938477e-08,1.49011611938477e-08,1.9241687982314,2.03791277748745,2.31771303487994,1.79327619579616,16,45
0.882,200,45,510.136323138763,67.207545076996,510.136323138763,13365.8717396781,14236.4801172141,14045.2253641426,60.3155488193302,35.9571495654725,44.0556470002451,-467.515915111368,37.3929219328444,1.49011611938477e-08,1.49011611938477e-08,1.95332003540551,1.95188007028268,3.48469520344561,1.77625814123351,16,45
0.883,200,45,468.964354976536,99.4193776470403,468.964354976536,13806.8240522644,14086.2468982921,13733.3724169823,61.4802864748051,37.1887781383942,42.2196954710548,-687.103245375623,-82.3928042167528,1.49011611938477e-08,1.49011611938477e-08,1.93157871425037,1.63464745413468,1.08855304132011,2.12911499803482,16,45
0.884,200,45,448.065137595645,103.076117900528,448.065137595645,14094.549107277,13654.4190465926,13945.4611687993,62.2410360616552,41.801026868046,40.4440763474565,-807.431053203703,-334.497900636123,1.49011611938477e-08,1.49011611938477e-08,1.82057628383685,1.4480192210073,1.49011611938477e-08,2.62897165682276,16,45
0.885,200,45,433.869920788353,104.211959616375,433.869920788353,13890.7035043261,13475.5455238713,14404.7044613379,61.8277898724203,46.8547906417892,38.7251295766001,-756.460616949444,-534.158659849797,1.49011611938477e-08,1.49011611938477e-08,1.81428414580376,1.43608636566521,1.49011611938477e-08,2.35471029459103,16,45
0.886,200,45,401.019946946848,105.299890059201,401.019946946848,13476.1823409859,13781.0171233608,14540.0671136314,60.3584347332228,50.6548835094166,37.1649000433968,-648.89868487176,-580.653021522547,1.49011611938477e-08,1.49011611938477e-08,1.90198266245206,1.44506529966896,1.49011611938477e-08,2.25348802376561,16,45
0.887,200,45,332.189970301469,105.949832129832,332.189970301469,13398.4744558203,14172.0789793851,14192.9231396154,59.1471000816146,52.7810735030482,36.8696559615619,-566.026072042268,-505.152557216737,1.49011611938477e-08,1.49011611938477e-08,1.94789763043177,1.32112112132491,1.49011611938477e-08,3.62450573396136,16,45
0.888,200,45,242.661195712639,106.496568759427,242.661195712639,13773.1546035605,14159.0218229188,13797.979703353,59.1638415835039,53.4235487154675,38.4729943376244,-526.993029323921,-362.865230049582,1.49011611938477e-08,1.49011611938477e-08,1.9407674216061,1.17082149268438,1.49011611938477e-08,16.2653966942713,16,45
0.889,200,45,239.275991763834,106.521912809809,239.275991763834,14127.5877968683,13760.2041598176,13860.1521092661,59.7467960776889,52.8517869515456,41.3647546879175,-494.052618358706,-234.887812592366,1.49011611938477e-08,1.49011611938477e-08,1.83186628843752,1.23161726828596,0.687570024599853,4.79355173727455,16,45
0.89,200,45,421.766732425108,104.814522560208,421.766732425108,14045.5666709397,13480.805482684,14302.1390944086,58.8726778399682,51.2540381456602,44.1363185132227,-412.818312947971,-175.384109992115,1.49011611938477e-08,1.49011611938477e-08,1.78652715542089,1.57249436682284,1.32502472142896,3.51039066464688,16,45
0.891,200,45,628.612962575095,-9976.57088031629,628.612962575095,13659.8315137354,13688.7050120774,14574.6829323057,54.6398064976155,48.9572238935034,45.2394384137527,-315.041284154822,-160.792841767447,1.49011611938477e-08,1.49011611938477e-08,1.87303259773875,2.08895301545283,2.04680103967846,3.94164879595045,16,45
0.892,200,45,616.542177578407,-5676.3068707486,616.542177578407,13487.1144774056,14107.9139379337,14374.1370638102,47.1638863824906,46.9613769030722,44.2050785120999,-290.183339377855,-133.195918801502,1.49011611938477e-08,1.49011611938477e-08,1.94313179143032,2.31745534975166,2.4915140604797,4.66975608459968,16,45
0.893,200,45,572.576944624112,-258.488467901019,572.576944624112,13763.0121402631,14201.4672768577,13971.9187667066,39.3763731839519,46.2511332684296,41.8975114040209,-421.122823048242,-50.8638742020996,1.49011611938477e-08,1.49011611938477e-08,1.95758313550594,1.4043341296425,1.72966386030397,3.321892419342,16,45
0.894,200,45,413.912828498435,104.99067891624,413.912828498435,14130.0048982989,13847.824103534,13900.5327539438,38.3068915885649,47.2667925792319,40.7577434667947,-669.732026229904,27.1474106526378,1.49011611938477e-08,1.49011611938477e-08,1.86998127403192,0.373820660904709,0.817033947077721,1.56244434500413,16,45
0.895,200,45,195.485553104345,106.781404295076,195.485553104345,14129.0615034961,13479.2934525805,14273.5269880449,44.9065112929836,49.4965499354914,41.6586730035314,-858.194563440312,14.293822895789,1.49011611938477e-08,1.49011611938477e-08,1.78736639801012,1.49011611938477e-08,1.49011611938477e-08,1.31165486261407,16,45
0.896,200,45,195.613078598918,106.780672556931,195.613078598918,13742.1324317337,13572.411037873,14589.55727278,52.6319178079243,51.7319494998465,43.0868267769549,-879.724043917395,-54.2042047408034,1.49011611938477e-08,1.49011611938477e-08,1.85027568602079,0.24545763828208,1.49011611938477e-08,1.86018865721846,16,45
0.897,200,45,446.852589236179,103.368554354371,446.852589236179,13424.6077923871,14007.4422337847,14410.6807573589,59.4426086310221,53.2363444364604,45.4572485845994,-834.372835332578,-134.612717225503,1.49011611938477e-08,1.49011611938477e-08,1.93003670755629,0.666271304447006,1.49011611938477e-08,2.67998979455982,16,45
0.898,200,45,631.602837437219,106.407226044239,631.602837437219,13610.8247952343,14242.2778811409,13975.3739223846,62.8671168764252,53.6677645570777,46.980055542782,-731.090477395429,-244.851106825301,1.49011611938477e-08,1.49011611938477e-08,1.95382115437442,1.04723468810382,1.49011611938477e-08,3.83105430109795,16,45
0.899,200,45,605.918351021309,102.065910839239,605.918351021309,13997.7803172797,14007.8346333269,13804.6828650555,62.7565410959408,52.4701089626156,47.1756144357081,-571.058225570559,-294.234770663463,1.49011611938477e-08,1.49011611938477e-08,1.89822149507542,1.38428803734316,0.622332818269475,4.25768431439268,16,45
0.9,200,45,563.682002787101,-171.755339586643,563.682002787101,14030.059095081,13612.1423292095,14075.1619335501,61.74236316168,49.2567738085704,47.223029237328,-431.239410271655,-202.92940101229,1.49011611938477e-08,1.49011611938477e-08,1.81384932604064,1.61702795413061,1.29702889264295,2.96857126273766,16,45
0.901,200,45,608.482873497584,-3848.36811566667,608.482873497584,13685.8414704382,13580.4864099948,14469.6718779073,60.8514100580568,44.4339243753434,46.671634583837,-344.610449347473,-79.6292667962395,1.49011611938477e-08,1.49011611938477e-08,1.8521261847725,1.85135871955796,1.87083600527661,2.08512627886261,16,45
0.902,200,45,578.034861414617,-316.185079024772,578.034861414617,13308.2923739842,13957.2990074655,14441.764578964,60.1394480323409,39.3996936742001,45.3628040146208,-342.196994982105,16.4658053147449,1.49011611938477e-08,1.49011611938477e-08,1.92689651838954,2.03685897588945,2.38103984753607,1.76065613210294,16,45
0.903,200,45,506.069060401046,73.8239722580018,506.069060401046,13386.5769928243,14240.5030292463,14016.3553001467,60.4976207819188,36.6690866118895,43.7126085953602,-485.037155476953,36.6644549618479,1.49011611938477e-08,1.49011611938477e-08,1.95426752125177,1.92807179523832,3.4625589586713,1.76779050680131,16,45
0.904,200,45,464.380425660425,100.38283868997,464.380425660425,13835.4696120003,14066.2129955743,13729.9355948378,61.7107201660978,38.1722295475338,41.9195767772043,-708.289719854454,-93.8955125999541,1.49011611938477e-08,1.49011611938477e-08,1.92712303813266,1.60043285736377,0.975464193691325,2.13718727499522,16,45
0.905,200,45,445.251644787981,103.36149367497,445.251644787981,14097.4906491803,13633.1462664139,13970.01025054,62.4827893399507,42.8811942177303,40.2552855824986,-820.761117710085,-347.917466420421,1.49011611938477e-08,1.49011611938477e-08,1.81661991268687,1.41486826132651,1.49011611938477e-08,2.60741184543325,16,45
0.906,200,45,435.146997986666,104.133569283806,435.146997986666,13867.3056674975,13480.5072019342,14424.8729693558,62.1104851134139,47.9069733724625,38.6586116496978,-770.177222162527,-533.294653327462,1.49011611938477e-08,1.49011611938477e-08,1.81892551837329,1.39834133003405,1.49011611938477e-08,2.3314758141343,16,45
0.907,200,45,402.027188047061,105.281605862978,402.027188047061,13457.4411131433,13805.7367478565,14530.7480651758,60.7630659557633,51.6404802538065,37.3221636082467,-659.185394948527,-576.353529183568,1.49011611938477e-08,1.49011611938477e-08,1.90646096248622,1.39623935704121,1.49011611938477e-08,2.30680573840209,16,45
0.908,200,45,330.665006843229,105.962319353385,330.665006843229,13408.9755203587,14184.6216999622,14165.8040558874,59.7264588860642,53.6987885142244,37.2874768875878,-578.736487087528,-495.041849641829,1.49011611938477e-08,1.49011611938477e-08,1.94909678428899,1.27205199020989,1.49011611938477e-08,3.90667641614789,16,45
0.909,200,45,236.691561758832,106.532289420325,236.691561758832,13799.1667781483,14144.0193765711,13786.4664795706,59.8285918098554,54.2697369322221,39.0853571268288,-538.371791856238,-352.112565388604,1.49011611938477e-08,1.49011611938477e-08,1.93743768265166,1.14575515336452,1.49011611938477e-08,15.4117220020267,16,45
0.91,200,45,244.660143487477,106.48863421845,244.660143487477,14136.3576706192,13736.2627176205,13879.3212837249,60.2938826623363,53.613118253032,42.0122450214318,-497.717608850025,-229.122316585289,1.49011611938477e-08,1.49011611938477e-08,1.82575179294273,1.23719067614137,0.710171703760302,4.55703597921036,16,45
0.911,200,45,430.168628728943,104.483236459458,430.168628728943,14026.8011887146,13478.9398195973,14326.1109780312,59.1323876009889,51.9370076245175,44.7291003611469,-414.553863727087,-175.140200058366,1.49011611938477e-08,1.49011611938477e-08,1.78950533872996,1.59907394688441,1.3678772771065,3.48104868152569,16,45
0.912,200,45,627.11270915514,-9264.29347341465,627.11270915514,13636.9746494339,13711.6767897751,14573.4153987686,54.628771314754,49.6063101643687,45.788447619084,-312.651542754534,-159.181110416562,1.49011611938477e-08,1.49011611938477e-08,1.8790327096374,2.11793717469344,2.10930726560195,3.93125019760413,16,45
0.913,200,45,615.778866334362,-5474.71905952097,615.778866334362,13488.8558727779,14125.8448773604,14350.025330605,46.9225933084409,47.6603029836027,44.6921561604929,-297.000747135953,-129.042004765962,1.49011611938477e-08,1.49011611938477e-08,1.94559178219733,2.30323664505472,2.51868726689899,4.58490903840775,16,45
0.914,200,45,567.85745800852,-213.250579481223,567.85745800852,13783.4485470381,14190.8152492962,13952.097303465,39.2507332930788,47.0556303306498,42.4429452236649,-440.632436669621,-45.6749053101687,1.49011611938477e-08,1.49011611938477e-08,1.95638983738955,1.34131539934349,1.66947300128122,3.18556218449275,16,45
0.915,200,45,400.727905346849,105.291332019011,400.727905346849,14139.397651235,13821.0239214652,13909.2920120274,38.664735633728,48.2002872557054,41.4297435325376,-692.967473410582,24.7190693577484,1.49011611938477e-08,1.49011611938477e-08,1.86334776985955,0.332219000138485,0.7598172559089,1.53226097321356,16,45
0.916,200,45,187.726674178235,106.82358848851,187.726674178235,14112.5458487542,13469.1681160713,14296.9998324936,45.5158708862687,50.5523484362089,42.3167132937325,-867.798784964836,5.42501754865646,1.49011611938477e-08,1.49011611938477e-08,1.78789119608204,1.49011611938477e-08,1.49011611938477e-08,1.34897025944229,16,45
0.917,200,45,207.288337488198,106.714960031288,207.288337488198,13712.5845583224,13590.8425134316,14592.1666683105,53.1788951397731,52.8138679650123,43.6000285967469,-885.190735027294,-69.1273061478275,1.49011611938477e-08,1.49011611938477e-08,1.85616807342584,0.276299839288695,1.49011611938477e-08,1.94617432850542,16,45
0.918,200,45,478.258601399934,96.8721600888957,478.258601399934,13420.3575804313,14030.1828745065,14389.0056023671,59.8232792503646,54.3109383606717,45.7831816248197,-834.102176138791,-151.597831080409,1.49011611938477e-08,1.49011611938477e-08,1.93265854807295,0.686806422262136,1.49011611938477e-08,2.81507127497683,16,45
0.919,200,45,631.18065184535,-11348.2163037256,631.18065184535,13631.9892696107,14240.789346217,13954.8897187093,62.9922333628809,54.6607137471282,47.105716182377,-723.807474743134,-257.789140700328,1.49011611938477e-08,1.49011611938477e-08,1.95344659095495,1.06251592671533,1.49011611938477e-08,3.96274064505761,16,45
0.92,200,45,602.146767574164,-2819.76260890047,602.146767574164,14013.7542108502,13983.5533470376,13809.6531231271,62.7089478742123,53.3142268096342,47.2214498623672,-558.397445795515,-294.631508941489,1.49011611938477e-08,1.49011611938477e-08,1.89170759458175,1.39483398187755,0.650528847162852,4.22725636515038,16,45
0.921,200,45,575.945664398037,-286.600318133369,575.945664398037,14021.9032657888,13595.8003726035,14103.2414684412,61.6828369872279,49.9777836860361,47.3008197030919,-425.775855010715,-200.382889127726,1.49011611938477e-08,1.49011611938477e-08,1.81171029884661,1.62471909125806,1.33385064708729,2.8578437333967,16,45
0.922,200,45,604.555310083636,100.234795569853,604.555310083636,13662.7189899526,13592.8998761232,14486.4160641065,60.7108450262558,45.0778282686087,46.5668640533921,-333.68237334337,-71.1857308264728,1.49011611938477e-08,1.49011611938477e-08,1.85646625936728,1.87011103314933,1.88314319039303,2.03921704613171,16,45
0.923,200,45,565.531335658231,-192.59590642631,565.531335658231,13301.080452501,13981.242693747,14431.0284886065,60.0335609759016,40.0663866168495,45.1488676664551,-338.304084580518,24.0214849542312,1.49011611938477e-08,1.49011611938477e-08,1.92922845018246,2.0503735020671,2.40585543883302,1.73434375113855,16,45
0.924,200,45,500.557557017108,80.5867852891372,500.557557017108,13408.1981925202,14243.3122087774,13996.306984181,60.5006672528383,37.404035461252,43.4027105516348,-490.080563140708,40.4761060670151,1.49011611938477e-08,1.49011611938477e-08,1.95487005453386,1.91546380837699,3.44271898818399,1.75011917593499,16,45
0.925,200,45,466.01908136552,100.00442953162,466.01908136552,13859.9827052135,14041.9726223922,13734.4102943658,61.8066312386983,39.0098562944327,41.4866787096234,-705.253820451417,-87.267933595484,1.49011611938477e-08,1.49011611938477e-08,1.92142830598388,1.57557214072984,0.942328922822335,2.13819564425948,16,45
0.926,200,45,452.248703421852,102.585004595306,452.248703421852,14096.3948852197,13610.3555399557,13999.8702579732,62.6477505743132,43.6675308080742,39.6307634413853,-820.671364447753,-339.484998170064,1.49011611938477e-08,1.49011611938477e-08,1.81179131986707,1.38776804860101,1.49011611938477e-08,2.62599980786281,16,45
0.927,200,45,443.468671151034,103.51369744784,443.468671151034,13844.61730284,13486.471346982,14448.9867600246,62.3156491693477,48.5634521968882,37.8047024375861,-766.765408817518,-528.660526591373,1.49011611938477e-08,1.49011611938477e-08,1.82276627717168,1.36609950786014,1.49011611938477e-08,2.36578580063697,16,45
0.928,200,45,412.23183205665,105.06131832403,412.23183205665,13442.3539869341,13830.0684733234,14527.4162844657,60.9926865178898,52.1576885511088,36.2429823861766,-656.310184749705,-563.762045384652,1.49011611938477e-08,1.49011611938477e-08,1.91022861462176,1.35032270668049,1.49011611938477e-08,2.38386917928913,16,45
0.929,200,45,338.862313983678,105.9059417986,338.862313983678,13423.0299550429,14194.7806909753,14147.1501068612,60.0110542600212,54.0941179092333,36.1349848186003,-577.910141500683,-477.150074489171,1.49011611938477e-08,1.49011611938477e-08,1.95028579369938,1.2140283808618,1.49011611938477e-08,4.31275076538562,16,45
0.93,200,45,250.754326688602,106.450026147845,250.754326688602,13823.1151986522,14126.0168344957,13785.4342178262,60.1838896912879,54.5509454387086,38.0461081423318,-540.912515464666,-338.031592100612,1.49011611938477e-08,1.49011611938477e-08,1.93380330491414,1.09544617603845,1.49011611938477e-08,13.0097034577647,16,45
0.931,200,45,260.273298232444,106.39608784689,260.273298232444,14140.3163653384,13711.1680332102,13907.5105013739,60.6955269552357,53.7808349041767,41.1889495757122,-502.099253351259,-211.612132409497,1.49011611938477e-08,1.49011611938477e-08,1.8200650398426,1.20439764905298,0.746664994564366,3.88881561885453,16,45
0.932,200,45,453.814255101356,102.501125865491,453.814255101356,14006.8289130521,13478.8135678297,14359.5388446714,59.473266994753,51.9644763820879,44.0179510099381,-413.895863499913,-154.448366873696,1.49011611938477e-08,1.49011611938477e-08,1.79296134322933,1.57659818019216,1.41524710578737,3.10085918574996,16,45
0.933,200,45,627.726079133269,106.062072446797,627.726079133269,13616.9462595154,13735.5962981047,14583.9014047399,54.8156154461872,49.5112060733879,45.029584405871,-313.29581403714,-138.271825173348,1.49011611938477e-08,1.49011611938477e-08,1.88453163238133,2.08592940882637,2.16250421080449,3.51575060792452,16,45
0.934,200,45,614.578034352077,105.15597056035,614.578034352077,13494.1608604494,14142.1828544305,14336.9104553661,47.0891392084627,47.4899024797529,43.8967328175781,-305.825390046086,-104.133503754742,1.49011611938477e-08,1.49011611938477e-08,1.94760724096509,2.21278243779304,2.56024955987638,3.94945646351704,16,45
0.935,200,45,562.675285727533,-169.959745847454,562.675285727533,13806.4323081595,14179.9705758912,13946.3639321146,39.7612403187339,46.8593863937467,41.7323688932658,-448.704202980507,-23.3566198045794,1.49011611938477e-08,1.49011611938477e-08,1.95446986005355,1.24723206095859,1.66449058686888,2.63620677687213,16,45
0.936,200,45,390.048941103972,105.453036107602,390.048941103972,14149.7414524609,13795.9814195643,13932.0415775047,39.6861640002978,47.9861882278121,40.9191086025254,-701.362386167486,44.4432586689528,1.49011611938477e-08,1.49011611938477e-08,1.85649336213213,0.280954837404087,0.756262667700154,1.34162725692843,16,45
0.937,200,45,193.616476574584,106.788349772815,193.616476574584,14097.6741551297,13462.4176119599,14331.5146035792,46.5202755641835,50.2548760824262,41.9163258057988,-877.630156040359,18.6569340899533,1.49011611938477e-08,1.49011611938477e-08,1.78872458143368,1.49011611938477e-08,1.49011611938477e-08,1.27078734882579,16,45
0.938,200,45,228.529140724889,106.5877475555,228.529140724889,13679.0329178493,13613.1723475972,14594.3050750552,54.033286048805,52.4410585689076,43.3162583891658,-887.998304286862,-55.7197143414384,1.49011611938477e-08,1.49011611938477e-08,1.86262686069664,0.279193879580326,1.49011611938477e-08,1.83979462927054,16,45
0.939,200,45,496.036672495664,86.4641282462893,496.036672495664,13414.2902086127,14053.9445918839,14371.1922093222,60.3944814664139,53.8618500704087,45.532049669339,-835.548251417923,-139.273234757317,1.49011611938477e-08,1.49011611938477e-08,1.93529346004166,0.683849906180898,1.49011611938477e-08,2.63228809317952,16,45
0.94,200,45,629.524267288397,-10485.8579616329,629.524267288397,13649.8597411093,14239.2956071385,13941.4340156371,63.1915593578853,54.1386862750687,46.7503819719053,-723.571439160721,-244.503932873437,1.49011611938477e-08,1.49011611938477e-08,1.95316119444492,1.05003195502418,1.49011611938477e-08,3.62735340314726,16,45
0.941,200,45,598.588412363751,-2327.57114592625,598.588412363751,14021.7055384586,13961.1925883303,13823.2016371711,62.7156211939031,52.7128540482696,46.834326963242,-568.156032661523,-276.140748881723,1.49011611938477e-08,1.49011611938477e-08,1.88692927258942,1.36800223266837,0.715039455387474,3.77111714406761,16,45
0.942,200,45,574.145180778492,-268.042638691586,574.145180778492,14005.1807094944,13583.6653115457,14131.9952951421,61.6561083012055,49.2546417960152,47.0443423950004,-431.166862617322,-176.771654745616,1.49011611938477e-08,1.49011611938477e-08,1.81206888821339,1.59225901698533,1.38849283151839,2.58226638402586,16,45
0.943,200,45,606.748851583963,102.537497083926,606.748851583963,13632.0202224349,13609.3502128114,14499.4268759047,60.5963649240415,44.2908491555179,46.4751585709658,-341.623065224944,-51.2332831571087,1.49011611938477e-08,1.49011611938477e-08,1.8623123218843,1.83851977118134,1.90146492502488,1.89663733354871,16,45
0.944,200,45,570.790827563934,-240.493104449902,570.790827563934,13288.1997047808,14004.3294264315,14414.1044796204,59.858185709209,39.3388426782831,45.2172711076223,-353.879301171129,37.891662381995,1.49011611938477e-08,1.49011611938477e-08,1.93203584179516,2.00778570015832,2.44843932197348,1.6508761698283,16,45
0.945,200,45,502.582231479649,77.8321777772859,502.582231479649,13425.345954026,14245.7505970625,13972.3915489753,60.326680643211,37.0154548788629,43.603350268987,-516.17418785202,43.6584625829059,1.49011611938477e-08,1.49011611938477e-08,1.95593681939893,1.85931638604412,3.31687063910658,1.70445802763812,16,45
0.946,200,45,454.711669300602,102.269066962469,454.711669300602,13883.126532229,14021.2278413254,13736.2284269048,61.5958838075149,38.9965989797529,41.79966159945,-730.359279289634,-98.0921760773781,1.49011611938477e-08,1.49011611938477e-08,1.91677075178401,1.53570239812954,0.853020270200896,2.12021909103689,16,45
0.947,200,45,444.07463863548,103.470180639951,444.07463863548,14094.7730060135,13592.8001062077,14027.0823632723,62.2813238592954,43.8996542904519,40.05325199367,-829.960971679895,-357.367844706332,1.49011611938477e-08,1.49011611938477e-08,1.8090588142937,1.37638330586124,1.49011611938477e-08,2.59221236949321,16,45
0.948,200,45,432.527772121135,104.287958034772,432.527772121135,13820.0083465798,13496.8273793301,14467.7943630202,61.7489212539949,48.8611233984867,38.2856297004029,-763.877211673772,-540.536531396022,1.49011611938477e-08,1.49011611938477e-08,1.82798069736829,1.3722938964342,1.49011611938477e-08,2.31821363279711,16,45
0.949,200,45,396.901232144735,105.367627143141,396.901232144735,13426.5939901146,13856.8236360346,14514.3507262528,60.3028210405335,52.4419172833326,36.8812222592549,-651.808548229106,-565.174594252951,1.49011611938477e-08,1.49011611938477e-08,1.91423827610726,1.35769075608024,1.49011611938477e-08,2.40221737260921,16,45
0.95,200,45,325.807977772309,105.990427739672,325.807977772309,13437.0014760888,14205.8826867493,14117.345009959,59.3414922347337,54.3521438016345,36.9781220965004,-575.669086948925,-471.570407358299,1.49011611938477e-08,1.49011611938477e-08,1.95120992393051,1.21887938958779,1.49011611938477e-08,4.52443526143855,16,45
0.951,200,45,229.816656427463,106.57316071048,229.816656427463,13850.4780944887,14109.9489341626,13774.2169606194,59.5345969109041,54.8000069259267,38.955315383531,-539.137071456678,-331.72641474489,1.49011611938477e-08,1.49011611938477e-08,1.92941091738988,1.10538022291813,1.49011611938477e-08,12.1209460756823,16,45
0.952,200,45,256.28817689785,106.418879058445,256.28817689785,14148.0712099392,13689.9022312354,13925.7790927858,59.9367544010155,54.0408209638758,41.9988084176584,-495.642933735269,-210.720598765794,1.49011611938477e-08,1.49011611938477e-08,1.81420250156164,1.22587304023853,0.789572520804125,3.93867950257045,16,45
0.953,200,45,458.856824419073,101.79448353672,458.856824419073,13988.3465114911,13481.9028037786,14378.570678898,58.4805471167057,52.2749878447755,44.6677792556435,-403.747411226929,-158.787377669978,1.49011611938477e-08,1.49011611938477e-08,1.79629880149586,1.60838147599128,1.46547492919526,3.22061079723101,16,45
0.954,200,45,628.758840839437,106.140082432041,628.758840839437,13598.6879877804,13760.8634632662,14575.6238054851,53.610659121777,49.938363370069,45.5773004293197,-307.868608180646,-143.439534188117,1.49011611938477e-08,1.49011611938477e-08,1.88982978743647,2.11046923151238,2.22114526258316,3.67369166541586,16,45
0.955,200,45,613.168935124187,104.98926631544,613.168935124187,13501.9372147578,14158.3631645648,14307.6127259425,45.7162100014316,48.0945253538569,44.3760481055219,-311.383908298705,-107.242835585275,1.49011611938477e-08,1.49011611938477e-08,1.94963248593648,2.1781446591493,2.54235169461469,4.07840970772246,16,45
0.956,200,45,558.128552609912,-133.05695316684,558.128552609912,13830.2968320865,14166.991136956,13924.308946546,38.6741719193255,47.6570108565703,42.3287131181934,-465.526203813116,-27.1671957146038,1.49011611938477e-08,1.49011611938477e-08,1.95212531919871,1.16761557573271,1.57547703455265,2.64707484682701,16,45
0.957,200,45,375.445925384482,105.619257488052,375.445925384482,14159.1319825664,13769.4322964736,13939.27402301,39.3136695982117,48.9546800388028,41.6809901683868,-719.021907505549,31.5964270191802,1.49011611938477e-08,1.49011611938477e-08,1.8492668697819,0.202638526999297,0.686423928005419,1.37511535267104,16,45
0.958,200,45,173.37261899333,106.909491346656,173.37261899333,14081.7943721793,13456.1185312226,14349.5686324092,46.5732363440805,51.349749495807,42.6698950099979,-883.512500475037,-3.25015852678141,1.49011611938477e-08,1.49011611938477e-08,1.78955390929712,1.49011611938477e-08,1.49011611938477e-08,1.37457587825912,16,45
0.959,200,45,233.742642981786,106.556536001079,233.742642981786,13654.0029369542,13633.809185767,14588.909735261,54.1479597463704,53.5439839403296,43.9534747146015,-884.57964674914,-80.5599476479112,1.49011611938477e-08,1.49011611938477e-08,1.86784610467397,0.324606746445491,1.49011611938477e-08,2.02604572909784,16,45
0.96,200,45,510.292287550581,68.8060675035289,510.292287550581,13416.6436831333,14074.3695064791,14342.526211696,60.4512524497602,54.925350182544,46.0507704839658,-825.794170884534,-167.158896061897,1.49011611938477e-08,1.49011611938477e-08,1.9374243934807,0.722912321034463,1.49011611938477e-08,2.93652578499372,16,45
0.961,200,45,627.971688225687,106.163009568092,627.971688225687,13675.4136102344,14234.2657280496,13916.6668257834,63.0924882688592,55.0899696463668,47.1508824274064,-714.536953683071,-264.612062868079,1.49011611938477e-08,1.49011611938477e-08,1.95204602954138,1.0891530936171,1.49011611938477e-08,4.02729162238448,16,45
0.962,200,45,595.680842404624,69.6123178468338,595.680842404624,14038.3850825576,13936.7744610212,13825.6740559482,62.5362649212692,53.4932762327283,47.179632982223,-547.496998011019,-288.098385504661,1.49011611938477e-08,1.49011611938477e-08,1.87982051877722,1.40703194454437,0.729524205982897,4.03518085703256,16,45
0.963,200,45,580.064409257166,-330.009842633783,580.064409257166,13993.9606919392,13570.2851397097,14154.1657069104,61.5641360083521,49.8946889983157,47.3211813495376,-414.68995110542,-177.459283211504,1.49011611938477e-08,1.49011611938477e-08,1.81072705123968,1.62679772981739,1.41574530554149,2.64231095783163,16,45
0.964,200,45,605.382197530987,-3298.19308783955,605.382197530987,13605.6990230741,13624.4279219452,14504.5372988042,60.5788025369674,44.8560681116198,46.5450168437923,-331.697679694597,-50.5846056463441,1.49011611938477e-08,1.49011611938477e-08,1.86679276086855,1.8696546668868,1.92300558197775,1.92307547473024,16,45
0.965,200,45,566.026682959416,-195.236953369672,566.026682959416,13280.7594763723,14026.6308936562,14391.6856472206,59.9294258530069,39.9274155306786,45.1238327271281,-353.665425832482,35.5613784835217,1.49011611938477e-08,1.49011611938477e-08,1.93402791857067,2.02674708748239,2.5198874167835,1.67401987325764,16,45
0.966,200,45,505.250580127102,74.1992379356064,505.250580127102,13446.0421368829,14243.9216445242,13944.7116258794,60.4386167613435,37.6566636699391,43.393992357762,-511.777685350094,35.7869209755297,1.49011611938477e-08,1.49011611938477e-08,1.95625297987562,1.86325158405216,3.17906589688927,1.74070972515985,16,45
0.967,200,45,459.20546255867,101.425601468702,459.20546255867,13903.6871768025,13994.602141687,13736.5997739448,61.6672566976758,39.7062158758077,41.5520774731931,-733.854257385018,-121.748892936967,1.49011611938477e-08,1.49011611938477e-08,1.91034820805806,1.54192134148856,0.79947396313091,2.18247999172034,16,45
0.968,200,45,445.135355747198,103.36995948623,445.135355747198,14087.2698806631,13571.1111084563,14050.6343481275,62.3125500626518,44.4999197601593,39.8290035213907,-823.211852767018,-381.25968560475,1.49011611938477e-08,1.49011611938477e-08,1.80534563751812,1.3881557274577,1.49011611938477e-08,2.58367629771799,16,45
0.969,200,45,425.287447755773,104.638337145526,425.287447755773,13792.2132852272,13504.7954012799,14480.9157954375,61.7865478273205,49.3001183856772,38.115419300087,-753.052096449317,-553.600208496463,1.49011611938477e-08,1.49011611938477e-08,1.8325024069101,1.38506653769163,1.49011611938477e-08,2.26126326377574,16,45
0.97,200,45,385.075575983117,105.525732348499,385.075575983117,13409.1774071059,13879.9536790894,14498.4231168023,60.4071433122767,52.7212349024324,36.7166862346688,-643.680252667368,-569.63998735526,1.49011611938477e-08,1.49011611938477e-08,1.91763800500985,1.36630862868581,1.49011611938477e-08,2.37811743119189,16,45
0.971,200,45,306.314053171078,106.114153160796,306.314053171078,13449.6913841058,14211.877792644,14088.4539810311,59.5419317016684,54.4959782622542,36.8058582973697,-572.771698266361,-478.829533257887,1.49011611938477e-08,1.49011611938477e-08,1.95207618655359,1.22831620382652,1.49011611938477e-08,4.59867313169342,16,45
0.972,200,45,231.856551329492,106.563261334515,231.856551329492,13870.7740131865,14088.8337396683,13765.5688461698,59.7908156925226,54.817817044451,38.8081194258817,-533.12737691711,-332.137118790142,1.49011611938477e-08,1.49011611938477e-08,1.92459600943343,1.12807062641592,1.49011611938477e-08,11.7795418808686,16,45
0.973,200,45,261.830914822347,106.385628673345,261.830914822347,14147.4369489845,13665.3808674245,13945.5083273126,60.1270867802786,53.9347911085133,41.8860589395792,-485.015697624575,-213.822374936224,1.49011611938477e-08,1.49011611938477e-08,1.80857689625816,1.26526819016827,0.823927797075355,3.92376328693957,16,45
0.974,200,45,466.247476759309,100.358211409442,466.247476759309,13965.2130656978,13484.2998009181,14399.4025883992,58.4348813559367,52.0153018364898,44.5137307969913,-388.143157183901,-163.317688673922,1.49011611938477e-08,1.49011611938477e-08,1.79998037872131,1.66337439878216,1.509072033816,3.26655669184384,16,45
0.975,200,45,628.107222570789,-9770.51981527678,628.107222570789,13578.5004251539,13784.8216885781,14570.7461945723,53.2533214467404,49.5553015669284,45.324133216197,-294.684560304661,-147.15672321798,1.49011611938477e-08,1.49011611938477e-08,1.89474544986011,2.16872093572363,2.26635841309674,3.76133509382527,16,45
0.976,200,45,611.403752748943,-4444.09228087206,611.403752748943,13508.1500333122,14171.3805511941,14281.7288522462,45.1460463118214,47.6699631522263,44.0474494066744,-303.637472701832,-110.579470740845,1.49011611938477e-08,1.49011611938477e-08,1.95133172860063,2.18952972816506,2.54996403376997,4.12594818408437,16,45
0.977,200,45,549.72732789092,-75.7668628943257,549.72732789092,13851.2082464246,14153.1489622096,13909.9195037248,38.2501850345116,47.2881355614943,42.006406119242,-472.458035408112,-25.0364152193023,1.49011611938477e-08,1.49011611938477e-08,1.94925732496867,1.12606663219595,1.53648351262082,2.57894900437018,16,45
0.978,200,45,357.12389352912,105.773015444208,357.12389352912,14164.5769158634,13744.7423935296,13953.4058080182,39.3696451287982,48.6606729588244,41.4734332613121,-726.759401403888,29.1865751199942,1.49011611938477e-08,1.49011611938477e-08,1.84234365469405,0.161013229314549,0.657578316136291,1.36121325537366,16,45
0.979,200,45,188.307635040033,106.824390351879,188.307635040033,14062.6499434418,13452.6762807898,14372.6929274609,46.7504741647768,51.0582933310284,42.5070292047422,-880.460722243743,-10.9117613370755,1.49011611938477e-08,1.49011611938477e-08,1.79094664424446,1.49011611938477e-08,1.49011611938477e-08,1.4119139233626,16,45
0.98,200,45,257.494789297013,106.414075116922,257.494789297013,13627.5887839547,13658.112650729,14584.5614545863,54.2749649471134,53.259646060699,43.8181240142459,-874.7108887996,-87.3372995824154,1.49011611938477e-08,1.49011611938477e-08,1.87331881916709,0.361251130061253,1.49011611938477e-08,2.07389674937661,16,45
0.981,200,45,539.067611489759,-10.8035844087436,539.067611489759,13418.1930901245,14095.9473235062,14318.1148159847,60.3498819072401,54.6288881530975,45.8202041311777,-816.596525130038,-169.100180154843,1.49011611938477e-08,1.49011611938477e-08,1.93944199660852,0.750039191341588,1.49011611938477e-08,2.98852857797248,16,45
0.982,200,45,627.092953663599,106.020595475107,627.092953663599,13697.5063220253,14229.3927788202,13900.6893027749,62.7246656838216,54.7670237120272,46.7687184090201,-698.050096929881,-266.856062059156,1.49011611938477e-08,1.49011611938477e-08,1.95090622322844,1.10933262543722,1.49011611938477e-08,4.01272847801181,16,45
0.983,200,45,590.139575116574,13.9870345931107,590.139575116574,14046.1600084364,13913.3339277905,13836.8553425701,62.1042693550841,53.1367471041734,46.7539497070788,-534.42354108834,-277.200152473247,1.49011611938477e-08,1.49011611938477e-08,1.87421775044072,1.41228752978895,0.769518911988065,3.84910036073895,16,45
0.984,200,45,578.939574628863,-317.550932213306,578.939574628863,13977.6195797142,13561.38550532,14177.6670220539,61.2291774861228,49.4710337692977,46.9870251492086,-409.441921373414,-158.085556147867,1.49011611938477e-08,1.49011611938477e-08,1.81135021728049,1.62090412270517,1.4526464318605,2.46865921831623,16,45
0.985,200,45,605.604529348316,-3360.0615748041,605.604529348316,13577.60986136,13643.7911217679,14509.4575245101,60.2862812343801,44.4635397882987,46.27770111968,-334.227593781105,-32.2734299245152,1.49011611938477e-08,1.49011611938477e-08,1.87217764588228,1.85572887607828,1.92681930928584,1.80746850998428,16,45
0.986,200,45,567.931231570425,-214.393619956585,567.931231570425,13273.9044328068,14049.3328668213,14368.6177829005,59.6670088599168,39.7375795279543,44.9125520335405,-361.898417275099,44.5524712445769,1.49011611938477e-08,1.49011611938477e-08,1.93631393160901,1.99671433513485,2.58898776531018,1.59813475806076,16,45
0.987,200,45,500.345143374678,80.3495288978091,500.345143374678,13467.6799034186,14244.0173037353,13920.1701415495,60.2212428042085,37.941373701416,43.2583227624305,-535.671314887673,34.8435941564209,1.49011611938477e-08,1.49011611938477e-08,1.95694832959228,1.81893139654997,2.99802043969296,1.69987935315904,16,45
0.988,200,45,458.1185130621,101.729740141732,458.1185130621,13925.0825184406,13972.8205818218,13740.5086407189,61.4428932483927,40.3944770946144,41.5441242900772,-755.911839025852,-136.300887198254,1.49011611938477e-08,1.49011611938477e-08,1.90514278280645,1.50763481736289,0.711171755305478,2.16040359403281,16,45
0.989,200,45,436.647647374456,104.043904313872,436.647647374456,14080.6812414089,13555.5253653738,14076.9328296967,62.0118235202084,45.4026341330584,39.9954187975808,-832.323511506883,-398.394084583062,1.49011611938477e-08,1.49011611938477e-08,1.80382586918794,1.37010601177937,1.49011611938477e-08,2.52284746715771,16,45
0.99,200,45,416.58032950652,104.945213776153,416.58032950652,13764.8308338945,13517.8318874239,14495.5805976829,61.4121539924097,50.2449063969424,38.4238359236025,-754.798689413477,-562.611139732375,1.49011611938477e-08,1.49011611938477e-08,1.83816709189673,1.373716729031,1.49011611938477e-08,2.2108161315261,16,45
0.991,200,45,374.035102959798,105.639475016111,374.035102959798,13395.1512759905,13906.2199399544,14482.5128538793,60.0266674776519,53.6500502507998,37.2285312728387,-650.425791741424,-571.792010356362,1.49011611938477e-08,1.49011611938477e-08,1.92116737940375,1.35146298820421,1.49011611938477e-08,2.4051613818397,16,45
0.992,200,45,297.590402130028,106.164795379554,297.590402130028,13465.5743750907,14219.6760809455,14060.6592460812,59.2220259834551,55.400874433087,37.5044666227177,-575.702532122039,-472.331733699838,1.49011611938477e-08,1.49011611938477e-08,1.9527614377914,1.21321508303321,1.49011611938477e-08,4.88170398113064,16,45
0.993,200,45,215.797532569318,106.65947510413,215.797532569318,13896.2367960624,14070.7714501813,13759.6255934888,59.4782326285488,55.709076328553,39.5848108090069,-533.699614340699,-324.858361629361,1.49011611938477e-08,1.49011611938477e-08,1.91949493403624,1.12534263060481,0.0789725071198193,10.5525848360726,16,45
0.994,200,45,263.264012477597,106.379916783139,263.264012477597,14150.457284568,13646.0521831564,13967.2008038246,59.6628155233825,54.8163434185129,42.6154569530008,-478.529709388028,-210.109968905788,1.49011611938477e-08,1.49011611938477e-08,1.80393925631629,1.27959302897717,0.86673590960812,3.85038518362067,16,45
0.995,200,45,479.118647541276,96.3645775597264,479.118647541276,13943.2671789044,13491.2993839797,14417.9008053933,57.7007718651621,52.9089281513133,45.1262736888554,-377.779803483582,-162.844874695866,1.49011611938477e-08,1.49011611938477e-08,1.8044914426529,1.68909549032887,1.57236505015229,3.27871548612337,16,45
0.996,200,45,627.751891401362,-9625.39833967842,627.751891401362,13561.2464075465,13811.0809331305,14561.1089808168,52.2630084474647,50.5307297673396,45.8662605483007,-292.249952094883,-146.768996547478,1.49011611938477e-08,1.49011611938477e-08,1.89985701516685,2.1826911092503,2.35442253045842,3.7655423136,16,45
0.997,200,45,609.470083279652,-4049.30817803317,609.470083279652,13517.7829367534,14184.7187073928,14253.2940266646,44.0058196572363,48.7788093065093,44.5901559770166,-310.765919631666,-106.257785369618,1.49011611938477e-08,1.49011611938477e-08,1.95313095357369,2.13455046307842,2.56883878319525,4.02674478525029,16,45
0.998,200,45,544.010168517485,-43.1984715920104,544.010168517485,13873.9545200007,14137.2260592345,13892.7196806138,37.4977029394779,48.5529496566401,42.7369652939504,-492.99173471141,-22.5837940031046,1.49011611938477e-08,1.49011611938477e-08,1.94615178027989,1.0421164922722,1.46797688492673,2.46542284966351,16,45
0.999,200,45,344.022282512703,105.86676413288,344.022282512703,14170.3853759012,13718.9325948941,13966.0794582009,39.3506945630861,50.0776025657351,42.3720847859839,-748.554626473691,20.4040641305607,1.49011611938477e-08,1.49011611938477e-08,1.83578135023012,1.49011611938477e-08,0.587088190106483,1.36078115947368,16,45
1,1000,45,165.627946983548,106.976563352339,165.627946983548,14044.0499404799,13449.8280907067,14392.2380341122,47.0717596724987,52.5902610447489,43.3450587110831,-890.586955406197,-30.1078697991107,1.49011611938477e-08,1.49011611938477e-08,1.79302442832931,1.49011611938477e-08,1.49011611938477e-08,1.50462496375035,16,45
1.001,1000,45,263.118166863971,109.5711290058,263.118166863971,13604.248119147,13680.2023943669,14578.8374137588,54.6321245921038,54.79625830968,44.4859999864027,-878.454996535179,-106.695669134051,1.49011611938477e-08,1.49011611938477e-08,1.87847058858658,0.387129681447897,1.49011611938477e-08,2.26127056125424,16,45
1.002,1000,45,553.416610312869,-85.2891936519223,553.416610312869,13423.3313219105,14114.1274481076,14292.1161633549,60.584333435639,56.1196543678702,46.2980504766798,-811.613857625769,-194.172920293887,1.49011611938477e-08,1.49011611938477e-08,1.94137318859405,0.773781883022534,1.49011611938477e-08,3.29223786184602,16,45
1.003,1000,45,625.317918835724,115.516725304751,625.317918835724,13723.411288426,14221.3899236681,13881.1999971638,62.76106911203,56.1294814226092,47.0884800125016,-685.613420865047,-285.665026824709,1.49011611938477e-08,1.49011611938477e-08,1.94914508167262,1.12961238583835,1.49011611938477e-08,4.34779900379722,16,45
1.004,1000,45,586.393896106932,-35.2673723371917,586.393896106932,14059.7995731259,13889.276331376,13845.3409342806,62.050253064475,54.2948395400831,47.0159586188899,-517.60022842775,-280.652640718211,1.49011611938477e-08,1.49011611938477e-08,1.86739545683786,1.42984112897942,0.789828802199029,3.95546989509746,16,45
1.005,1000,45,592.136291588162,-464.5065004777,592.136291588162,13970.4005489951,13550.8359347997,14209.585632592,61.1948544920699,50.4868135201668,47.1263682774273,-394.477978406431,-152.745598162765,1.49011611938477e-08,1.49011611938477e-08,1.81081401599187,1.63985916329258,1.48320071635477,2.45892928125489,16,45
1.006,1000,45,603.000323751815,118.09140210661,603.000323751815,13558.1422966979,13660.9521157281,14519.6660735813,60.2353157386634,45.3975592749092,46.1529810752354,-323.682944576396,-31.6159887861464,1.49011611938477e-08,1.49011611938477e-08,1.87642770456933,1.88198955623186,1.94147581213828,1.80448184465072,16,45
1.007,1000,45,561.665618682262,-144.240342479381,561.665618682262,13276.1101108859,14069.6911786655,14351.670605691,59.7010343898184,40.6911566204689,44.5978873074684,-358.548051952944,50.1750870832659,1.49011611938477e-08,1.49011611938477e-08,1.93789737547635,2.01171651726636,2.66027000575433,1.59744704780422,16,45
1.008,1000,45,496.584575240937,108.927104776243,496.584575240937,13496.5274055064,14238.54204697,13902.0391033617,60.3724344399104,38.9244541987825,42.7961322175436,-541.143491786086,35.6347407804018,1.49011611938477e-08,1.49011611938477e-08,1.9567326533405,1.80495635011378,2.89876758769718,1.70562711079426,16,45
1.009,1000,45,450.117681184852,131.042390001272,450.117681184852,13950.0248212918,13945.6759493069,13752.4478078556,61.6717401557289,41.3655895264653,40.9378698329606,-761.302431088629,-142.450018117334,1.49011611938477e-08,1.49011611938477e-08,1.89771545999333,1.48104321796222,0.66621763973991,2.18635700897801,16,45
1.01,1000,45,439.524092965808,135.291360560322,439.524092965808,14076.1999321809,13537.1481612661,14108.9749981935,62.3191828037893,46.1840855898506,39.2029736091747,-832.383195302648,-400.539051640221,1.49011611938477e-08,1.49011611938477e-08,1.80075122287327,1.33637057278112,1.49011611938477e-08,2.55793430627307,16,45
1.011,1000,45,428.490167894256,139.213723820509,428.490167894256,13743.6714650812,13529.4814973809,14513.8525780858,61.8019185616796,50.8231612541785,37.4734887575356,-759.255247564099,-550.388590682823,1.49011611938477e-08,1.49011611938477e-08,1.84272001325851,1.32961071442369,1.49011611938477e-08,2.26221264343323,16,45
1.012,1000,45,389.1266708971,143.500167542402,389.1266708971,13387.8874045705,13929.6766842134,14473.1676719363,60.5230076356906,54.0461875356776,36.179623939757,-651.819335881907,-556.189983567586,1.49011611938477e-08,1.49011611938477e-08,1.92408002634908,1.29270772513157,1.49011611938477e-08,2.53064789790629,16,45
1.013,1000,45,308.970671463944,147.462237046017,308.970671463944,13486.7912085298,14223.1255388018,14043.3192055489,59.8387520805082,55.6417513230613,36.5157541354549,-579.737267232072,-451.919651149296,1.49011611938477e-08,1.49011611938477e-08,1.95342852460724,1.15174382164475,1.49011611938477e-08,5.68810838413002,16,45
1.014,1000,45,228.013454820815,151.349241064455,228.013454820815,13919.473848196,14047.8899568831,13765.825368905,60.1876508071092,55.8036806070195,38.8315358271651,-539.465114211148,-301.345151521188,1.49011611938477e-08,1.49011611938477e-08,1.91415130709874,1.08168526112549,0.128428330702274,8.10504277021168,16,45
1.015,1000,45,277.356292578049,154.124973294937,277.356292578049,14149.7632906965,13623.6943664598,13999.7597302898,60.3848329163357,54.7619337676462,42.1228869937754,-483.123574512394,-187.482011202636,1.49011611938477e-08,1.49011611938477e-08,1.79980622563036,1.2561948400868,0.894839069632925,3.36227537693773,16,45
1.016,1000,45,501.759085097327,128.581868726107,501.759085097327,13921.0710030491,13497.7056583658,14447.2551379035,58.3202361104622,52.6663122135827,44.7766229434344,-385.78181378669,-142.415795538692,1.49011611938477e-08,1.49011611938477e-08,1.80935886680748,1.67443055822282,1.61186232362213,2.95389377276843,16,45
1.017,1000,45,626.211230429215,160.586203862297,626.211230429215,13545.8418466784,13836.3202591143,14564.4898597105,52.751272640062,50.1188900623775,45.5168604899085,-297.104501354711,-124.990216877125,1.49011611938477e-08,1.49011611938477e-08,1.90463270948777,2.15434652284052,2.39599653816259,3.39010654043543,16,45
1.018,1000,45,607.145827212679,-4014.29579079832,607.145827212679,13529.1899331707,14196.1511872807,14238.2335817719,44.5034148853827,48.2712273310286,44.2379492633816,-323.682187318796,-81.8610922050885,1.49011611938477e-08,1.49011611938477e-08,1.95469968482379,2.04876990223696,2.58339548204309,3.50301383374246,16,45
1.019,1000,45,539.454609219827,26.9139648571699,539.454609219827,13897.1256027246,14122.1568267288,13892.3980499412,38.3307895733429,48.0211622350276,42.4691134860622,-512.921742128982,0.803685113653143,1.49011611938477e-08,1.49011611938477e-08,1.94271622966885,0.985790138475877,1.45618659833903,2.12543570261435,16,45
1.02,1000,45,334.04990142385,169.489443670691,334.04990142385,14174.8174604002,13696.335733397,13993.4708804497,40.4264446301501,49.5332696125422,42.2261321236983,-764.254041353278,35.958401585902,1.49011611938477e-08,1.49011611938477e-08,1.82998666534599,1.49011611938477e-08,0.586770813602501,1.24825470414483,16,45
1.021,1000,45,201.957971830869,173.962796579744,201.957971830869,14024.0390959246,13451.275877985,14424.3066525315,47.9204891492724,51.9841940369853,43.1985829587073,-890.938052156616,-16.3978699720481,1.49011611938477e-08,1.49011611938477e-08,1.79596922216354,1.49011611938477e-08,1.49011611938477e-08,1.44656852218977,16,45
1.022,1000,45,312.591176245356,176.08334777121,312.591176245356,13575.8865092317,13707.2945167024,14577.9378523542,55.2588879572718,54.1518304519471,44.4286917460781,-876.901121836025,-94.5132843737708,1.49011611938477e-08,1.49011611938477e-08,1.88427746549792,0.407822706700497,1.49011611938477e-08,2.13471339357851,16,45
1.023,1000,45,588.475618673728,-387.214747560851,588.475618673728,13423.8932951721,14134.7233547547,14272.7726288901,60.8007228443855,55.4238595467891,46.1514685172367,-808.587804780862,-181.46797158551,1.49011611938477e-08,1.49011611938477e-08,1.94325519258871,0.78127131208498,1.49011611938477e-08,3.0432153464371,16,45
1.024,1000,45,620.39018645406,182.319709726365,620.39018645406,13741.3306138003,14213.8170118226,13874.1725050763,62.5721678329878,55.3714994701668,46.8003198535552,-681.971167260718,-267.678895853999,1.49011611938477e-08,1.49011611938477e-08,1.94768375167053,1.12218695565395,1.49011611938477e-08,3.88337137203668,16,45
1.025,1000,45,576.24419156416,-345.370534747114,576.24419156416,14060.6052965541,13865.6764923578,13865.3598728528,61.70809493672,53.4787390123833,46.7543177287192,-518.637205445442,-253.592570484242,1.49011611938477e-08,1.49011611938477e-08,1.86262451842521,1.4037437774384,0.857422491178326,3.43230324289249,16,45
1.026,1000,45,591.608655277434,-427.026059838296,591.608655277434,13949.3559973921,13545.6032584911,14239.692409193,60.8400938111022,49.5770327142786,47.076741231144,-405.172163101924,-131.189504970059,1.49011611938477e-08,1.49011611938477e-08,1.81307092175292,1.60698570073285,1.5309629164939,2.18947402079623,16,45
1.027,1000,45,601.668713127242,-3188.53867709178,601.668713127242,13527.2024335661,13683.2177884282,14527.4570719743,59.8334112041695,44.4926336114217,46.3291642761399,-334.462018822032,-7.849108842458,1.49011611938477e-08,1.49011611938477e-08,1.88223875283316,1.84060848789057,1.93285315789611,1.64934322129787,16,45
1.028,1000,45,559.721969537301,-87.421691612083,559.721969537301,13267.724370576,14091.8656023846,14331.1414722536,59.2622210727164,39.9597724500519,44.9621293180777,-378.628738963435,65.5175290475453,1.49011611938477e-08,1.49011611938477e-08,1.94014070606998,1.95339229705169,2.71275721075598,1.4982174757891,16,45
1.029,1000,45,494.085713869796,174.126356040771,494.085713869796,13514.1328707944,14236.1790984011,13881.7512621216,59.9268958358038,38.631757781698,43.3057921594523,-569.741047457315,36.6274296828349,1.49011611938477e-08,1.49011611938477e-08,1.95729056207518,1.74488766499733,2.72122884528338,1.6457267637304,16,45
1.03,1000,45,460.681613984954,195.112138495409,460.681613984954,13964.3884591737,13922.5684408335,13760.8478259441,61.1581152817397,41.5113601777733,41.5765536539853,-783.63710240592,-158.239521300705,1.49011611938477e-08,1.49011611938477e-08,1.89246072503313,1.45025154185319,0.60288210265826,2.151590354909,16,45
1.031,1000,45,439.44162129128,201.431388206989,439.44162129128,14064.0101092783,13524.3719355541,14136.7853040374,61.6074731011997,46.598768294052,39.9396219731892,-838.360987003165,-410.598968157115,1.49011611938477e-08,1.49011611938477e-08,1.80034295820301,1.33904316600117,1.49011611938477e-08,2.48642231523354,16,45
1.032,1000,45,418.010690497177,205.974654569504,418.010690497177,13714.9173424882,13545.9381322227,14527.0808463249,60.8415509298201,51.3298138530207,38.2437653082707,-752.601363532691,-565.867739033405,1.49011611938477e-08,1.49011611938477e-08,1.84853198071533,1.35255296418628,1.49011611938477e-08,2.18702143071681,16,45
1.033,1000,45,372.054032013034,210.253920612952,372.054032013034,13376.3929571632,13955.2871225009,14454.9438183647,59.3766300451002,54.5735774553532,37.0852695967281,-643.214656940965,-561.128357331683,1.49011611938477e-08,1.49011611938477e-08,1.92710985252254,1.31756620692589,1.49011611938477e-08,2.5220295373903,16,45
1.034,1000,45,289.468270404554,214.512332660456,289.468270404554,13504.5293338236,14227.2256678736,14016.1843412737,58.6587878426085,56.1779857874786,37.599034062571,-572.734276466762,-448.090288098656,1.49011611938477e-08,1.49011611938477e-08,1.95375259281134,1.16896873740776,1.49011611938477e-08,5.96475225047973,16,45
1.035,1000,45,219.970923534513,218.54214154009,219.970923534513,13943.0757020943,14027.3526777868,13763.1884220591,59.0184011917428,56.3656144752103,39.9553130045656,-533.093945585526,-294.3744180587,1.49011611938477e-08,1.49011611938477e-08,1.9081970698817,1.0931630475556,0.245824487181283,7.72317895166737,16,45
1.036,1000,45,290.682011260812,220.880899433567,290.682011260812,14148.7063326071,13605.0992381384,14022.7197083001,59.1646561661908,55.3693410993691,43.1784038194801,-478.930483361298,-186.446523017279,1.49011611938477e-08,1.49011611938477e-08,1.79588170438823,1.26738743128268,0.946766450577985,3.33879637596134,16,45
1.037,1000,45,521.357283494828,150.246942435579,521.357283494828,13899.4329236619,13506.959077043,14464.563875516,56.9342875760732,53.3483118655274,45.6797955391126,-377.371239660057,-140.627253017415,1.49011611938477e-08,1.49011611938477e-08,1.81417835072704,1.68282174378772,1.67534367668417,2.97103399586687,16,45
1.038,1000,45,622.399461739288,227.703837921394,622.399461739288,13533.3437400231,13861.7689703493,14554.0751310156,51.1315690916523,50.9484520488589,46.2861411846831,-295.432772645944,-122.168905362899,1.49011611938477e-08,1.49011611938477e-08,1.90909782642237,2.13229183676199,2.47094324165402,3.38794599992166,16,45
1.039,1000,45,601.806168649827,226.067194511941,601.806168649827,13543.8729492295,14204.7369259948,14211.2397013013,42.8216492267443,49.2989347706285,45.0103574574981,-335.811464145195,-75.3796193466155,1.49011611938477e-08,1.49011611938477e-08,1.95610948984688,1.93497201719751,2.54624491524898,3.38111021020368,16,45
1.04,1000,45,528.713144559744,127.390399065168,528.713144559744,13922.0613802201,14101.6193220789,13879.5845214542,37.272519663103,49.2685580596717,43.4737100537419,-537.679408454102,3.24747016038528,1.49011611938477e-08,1.49011611938477e-08,1.93831780674209,0.870115895503147,1.36856635667102,2.00957925049127,16,45
1.041,1000,45,322.246405460735,236.34501822292,322.246405460735,14180.4943386425,13669.7505402008,14010.009631722,40.2707630488758,50.9662395256107,43.3982798897688,-776.534941252249,26.9133947566458,1.49011611938477e-08,1.49011611938477e-08,1.82341176011938,1.49011611938477e-08,0.507450563466908,1.25815439183584,16,45
1.042,1000,45,182.932834763267,241.433469656532,182.932834763267,14006.5399764335,13450.0179358696,14443.5123532902,48.0959578588402,53.5204907291819,44.2761332895505,-900.377026240944,-36.064712209189,1.49011611938477e-08,1.49011611938477e-08,1.79838901124429,1.49011611938477e-08,1.49011611938477e-08,1.55765538004463,16,45
1.043,1000,45,321.263346564578,242.756621652862,321.263346564578,13558.5005467565,13729.2869005757,14571.4683982654,55.5065574277691,55.6959433945396,45.3408139418074,-877.542158356779,-117.617856985718,1.49011611938477e-08,1.49011611938477e-08,1.88878504038407,0.429453893118729,1.49011611938477e-08,2.35085696735864,16,45
1.044,1000,45,606.325393942789,-566.833458341065,606.325393942789,13435.5256399328,14149.4081629335,14249.1169655016,60.9290455990778,56.9472831531155,46.8243313552237,-801.0962995061,-204.86366676997,1.49011611938477e-08,1.49011611938477e-08,1.94482656912001,0.803152011763875,1.49011611938477e-08,3.37324011326978,16,45
1.045,1000,45,616.24466576358,249.047848630585,616.24466576358,13770.5806195071,14202.165404933,13860.7171978729,62.5575990887513,56.7953116562425,47.3072065940049,-666.599834277481,-281.571979531419,1.49011611938477e-08,1.49011611938477e-08,1.94506084604208,1.14119049512384,1.49011611938477e-08,4.20250066428395,16,45
1.046,1000,45,570.044492108109,-129.971847971995,570.044492108109,14074.2617618189,13841.534956899,13879.7945012638,61.6762065122866,54.7256456187645,47.2084056591092,-508.067942265225,-254.418605237876,1.49011611938477e-08,1.49011611938477e-08,1.85582796445259,1.41932168774107,0.879818867944796,3.47530140184388,16,45
1.047,1000,45,599.089966941205,-500.711707473379,599.089966941205,13936.4017774949,13538.2957612802,14268.2797999476,60.9140144920548,50.7000117299003,47.413086934555,-391.499187652348,-116.852961775987,1.49011611938477e-08,1.49011611938477e-08,1.81365405507764,1.61912445349847,1.55619255595659,2.13804533523163,16,45
1.048,1000,45,601.17124778468,-3539.81114114104,601.17124778468,13506.2029122553,13702.2134575688,14531.6114689259,59.9918537143547,45.5626286640423,46.456817424102,-328.593112788861,8.14207840759718,1.49011611938477e-08,1.49011611938477e-08,1.88647803253358,1.84700783731416,1.9342843776054,1.59864656694244,16,45
1.049,1000,45,561.100417465489,-57.801254384117,561.100417465489,13271.2019551818,14109.6977092453,14309.2519317167,59.5161794895169,41.0963104341419,44.8987791948561,-383.876491671726,77.1776315587441,1.49011611938477e-08,1.49011611938477e-08,1.94161704697107,1.94148026071116,2.79348784291285,1.45869728006497,16,45
1.05,1000,45,504.91704177098,221.870804256646,504.91704177098,13543.1822409468,14227.2706627411,13863.2911021581,60.2006640052843,39.8383930163105,43.0964430189167,-581.991240013202,35.4757860485557,1.49011611938477e-08,1.49011611938477e-08,1.95673386384332,1.72104751298052,2.62000060428759,1.63023459865503,16,45
1.051,1000,45,444.80277947647,263.610821808863,444.80277947647,13987.7236618651,13895.1871259769,13774.7153637994,61.3298606267726,42.7055103373691,41.3225551864754,-781.823830651628,-160.713527858151,1.49011611938477e-08,1.49011611938477e-08,1.88479099511151,1.43983539394757,0.555161099403362,2.17536083568712,16,45
1.052,1000,45,431.151095442859,268.266750451984,431.151095442859,14056.4961649336,13509.4824505134,14167.4509216682,61.6839586471138,47.6385228088961,39.7404242222694,-832.627354295898,-426.999279754042,1.49011611938477e-08,1.49011611938477e-08,1.79853018098945,1.33957310729296,1.49011611938477e-08,2.47347308485015,16,45
1.053,1000,45,408.60223288002,272.668156420493,408.60223288002,13692.4806589233,13560.8401157996,14538.8735249889,60.8719979285144,52.1984621383272,38.1744493356504,-742.574088122238,-571.870297259671,1.49011611938477e-08,1.49011611938477e-08,1.85338274726739,1.35519052189002,1.49011611938477e-08,2.16983000005172,16,45
1.054,1000,45,363.457496114675,276.966474910602,363.457496114675,13369.764661728,13978.456355257,14436.7747946917,59.5036712389535,55.2853279844299,37.1949674243772,-635.954296063578,-558.362792936928,1.49011611938477e-08,1.49011611938477e-08,1.92955500940928,1.31618650663232,1.49011611938477e-08,2.58203442928791,16,45
1.055,1000,45,281.444239771864,281.499883388541,281.444239771864,13526.2731155926,14228.6244166658,13991.8399508121,58.9348738986204,56.7562529467478,37.8995320679055,-567.352918051274,-441.49522423235,1.49011611938477e-08,1.49011611938477e-08,1.95377110778604,1.1768111180736,1.49011611938477e-08,6.54345617042999,16,45
1.056,1000,45,207.280243584856,285.874738718705,207.280243584856,13965.2994922337,14004.7228101978,13764.8086930408,59.3415460132447,56.8098972579362,40.3941644345213,-527.180551763999,-295.328300253727,1.49011611938477e-08,1.49011611938477e-08,1.90146308775285,1.12331848496335,0.273309097246887,7.23354485065204,16,45
1.057,1000,45,286.094661384906,287.806772597142,286.094661384906,14145.8231913707,13587.3960582196,14048.3916346206,59.3513052535305,55.660829851804,43.6798307481512,-464.371573454185,-182.686655743642,1.49011611938477e-08,1.49011611938477e-08,1.79197699204407,1.31808342473695,0.986225429037054,3.28016538875252,16,45
1.058,1000,45,529.997374433298,176.142500122786,529.997374433298,13875.8548312874,13518.3993301961,14481.6866681387,56.8342615186672,53.4790756699866,46.2213021094,-358.803045139234,-137.068186153954,1.49011611938477e-08,1.49011611938477e-08,1.81899371474016,1.74931503760321,1.73458037357815,2.95941206870513,16,45
1.059,1000,45,619.909756783285,-9559.78229046534,619.909756783285,13520.1783016154,13888.1555442619,14542.9422158847,50.7201631147944,50.961154428871,46.8498079672041,-281.759228459552,-117.935426976695,1.49011611938477e-08,1.49011611938477e-08,1.91324616819374,2.19662915605175,2.55333533048882,3.37744172343833,16,45
1.06,1000,45,599.206613524599,-3457.05703132117,599.206613524599,13557.6802489607,14213.8314364274,14183.5766850849,42.2068904139704,49.2790083282154,45.6462850186821,-333.526760379,-70.2292472132769,1.49011611938477e-08,1.49011611938477e-08,1.95736515216847,1.94130355259986,2.59079888689326,3.32453566385716,16,45
1.061,1000,45,524.783269412866,198.557654056295,524.783269412866,13944.1920428175,14083.8406698831,13869.3714175171,36.8741408923628,49.2868846992028,44.2740035822542,-531.583042737939,0.307747895500216,1.49011611938477e-08,1.49011611938477e-08,1.93359277622896,0.847348676935187,1.33416671850074,1.98829469520801,16,45
1.062,1000,45,317.906233678453,303.152600313005,317.906233678453,14180.8313053511,13648.2557423944,14026.8137421741,40.2279602302203,51.0550950798952,44.2807040971245,-780.698383391985,16.7413030110906,1.49011611938477e-08,1.49011611938477e-08,1.81759546135673,1.49011611938477e-08,0.460432615754181,1.31803542075527,16,45
1.063,1000,45,212.523017362204,308.1696442572,212.523017362204,13983.937600936,13454.8435729028,14461.9263073568,48.0976303750024,53.6407964244428,45.0605593131139,-893.240976748,-53.3062577045833,1.49011611938477e-08,1.49011611938477e-08,1.80152183945002,1.49011611938477e-08,1.49011611938477e-08,1.68494718482752,16,45
1.064,1000,45,359.687848409146,308.758671014225,359.687848409146,13538.3112889568,13757.2117300228,14562.1816040985,55.3728064670426,55.8445564016754,45.9983695740962,-864.506809835949,-134.21540130646,1.49011611938477e-08,1.49011611938477e-08,1.89352192968352,0.484562554856191,1.49011611938477e-08,2.525477322007,16,45
1.065,1000,45,635.080803758139,-1052.02931685398,635.080803758139,13444.1053209776,14167.21852238,14222.8291372581,60.4890985794448,57.0838059692316,47.252330731957,-783.605363329225,-219.46758324514,1.49011611938477e-08,1.49011611938477e-08,1.94620122511014,0.846907166590726,1.49011611938477e-08,3.58084861441503,16,45
1.066,1000,45,610.958075027198,-6467.68944919776,610.958075027198,13792.5797236339,14190.3853223283,13848.8006399079,61.8492712479976,56.8831345558352,47.5608943152462,-654.615196784879,-283.299869379927,1.49011611938477e-08,1.49011611938477e-08,1.9423437827143,1.17310675649221,1.49011611938477e-08,4.27935369117783,16,45
1.067,1000,45,557.179460548993,11.6107501895037,557.179460548993,14075.4951693989,13817.1713386984,13894.6286007057,60.9694152461252,54.7771051713344,47.468701266108,-493.685274973854,-241.256175719917,1.49011611938477e-08,1.49011611938477e-08,1.8503383695086,1.43106301774484,0.9139107837148,3.31430883083737,16,45
1.068,1000,45,603.242766375198,-4359.31963833505,603.242766375198,13921.3532074792,13535.5930631673,14295.3399859349,60.2848541314839,50.6987183574381,47.6550405006047,-383.655104754732,-95.8806986078541,1.49011611938477e-08,1.49011611938477e-08,1.81570928513469,1.62031364284159,1.57996508272523,2.00703005034246,16,45
1.069,1000,45,597.197008499012,-3262.0460094151,597.197008499012,13484.5301328499,13725.6367327479,14533.9412542696,59.4231828848401,45.632637625682,46.6325557942602,-329.210916807307,28.4458632426094,1.49011611938477e-08,1.49011611938477e-08,1.89128065792554,1.83718420080273,1.92063326353695,1.50461685711319,16,45
1.07,1000,45,549.439725832047,81.9554968813342,549.439725832047,13274.8446555207,14130.2335544896,14287.1486865319,59.050337330269,41.4256843846582,45.0183556115937,-396.919468255456,91.6653965162675,1.49011611938477e-08,1.49011611938477e-08,1.94327183975509,1.90936229041628,2.90955712260741,1.39006414467963,16,45
1.071,1000,45,484.768592951103,309.818556236376,484.768592951103,13568.7808811821,14221.4860951891,13847.2112253988,59.891449583538,40.6255704679695,43.1785726551214,-593.947251380264,45.8636592920349,1.49011611938477e-08,1.49011611938477e-08,1.95634330704758,1.6688174081069,2.4287337825093,1.58158980546086,16,45
1.072,1000,45,464.991703691658,324.548184451327,464.991703691658,14002.2677404979,13870.6986323641,13788.6403138707,61.1605051163934,43.8575984903899,41.3538114982156,-805.936961080463,-165.357434393851,1.49011611938477e-08,1.49011611938477e-08,1.87896830012987,1.38594079082711,0.469792998189489,2.1293092382762,16,45
1.073,1000,45,445.803077471484,332.554837431147,445.803077471484,14042.5391581718,13498.7483344586,14197.0880552299,61.5788080805841,48.965034913508,39.6632319848894,-849.114989483532,-429.979570817888,1.49011611938477e-08,1.49011611938477e-08,1.79910956865056,1.2868174946983,1.49011611938477e-08,2.43739368971807,16,45
1.074,1000,45,425.910176728839,337.955564754852,425.910176728839,13665.9300360855,13578.9737153857,14552.9301647046,60.7756738702917,53.5672962486944,37.9356856300257,-754.7017207771,-567.515125067802,1.49011611938477e-08,1.49011611938477e-08,1.8591815759437,1.29628749197986,1.49011611938477e-08,2.17877877684593,16,45
1.075,1000,45,376.953537962178,343.187870889573,376.953537962178,13364.3310857703,14002.4086303516,14424.3719864722,59.39841435868,56.6524110380361,36.9186471572482,-647.088467272032,-545.753943052718,1.49011611938477e-08,1.49011611938477e-08,1.93222707433091,1.24283611403082,1.49011611938477e-08,2.70730930178483,16,45
1.076,1000,45,287.256604046929,348.242356799812,287.256604046929,13547.4297127717,14228.6949985405,13977.6231052123,58.8550773110451,58.1032622212698,37.7648375481626,-580.828636645356,-427.261233821072,1.49011611938477e-08,1.49011611938477e-08,1.95400839522397,1.09438565044435,1.49011611938477e-08,8.13174918138366,16,45
1.077,1000,45,229.166403457112,352.585733804917,229.166403457112,13985.1514511162,13981.3021884025,13777.3607670933,59.3163842232635,58.1277240578577,40.4971722870528,-538.506344233879,-266.214152740673,1.49011611938477e-08,1.49011611938477e-08,1.89586528343177,1.04804378418269,0.322075395212152,5.50364321194541,16,45
1.078,1000,45,328.109485341896,353.811163440733,328.109485341896,14139.0523468668,13569.490636706,14083.9846360492,59.3562245000669,56.948379764374,43.9943521303772,-475.450595861851,-151.679292253958,1.49011611938477e-08,1.49011611938477e-08,1.79034534022985,1.25148347690682,1.03355486615333,2.79764472593435,16,45
1.079,1000,45,571.182555386584,-96.3778216527924,571.182555386584,13852.4198955897,13529.711727683,14509.2386211544,56.760708300736,54.7331338456185,46.5746722243948,-369.962517291161,-107.365036132888,1.49011611938477e-08,1.49011611938477e-08,1.82521262597649,1.67451337365856,1.80386884606461,2.56998535214484,16,45
1.08,1000,45,616.278274633893,361.961487011121,616.278274633893,13508.5622685859,13912.7989323146,14542.5786178466,50.5606719737614,52.2568334853052,47.1548411613587,-298.805776988686,-86.3149066227787,1.49011611938477e-08,1.49011611938477e-08,1.91762699804928,2.07481309285307,2.64630151022491,2.86857035667505,16,45
1.081,1000,45,594.055042490492,356.605618346217,594.055042490492,13573.1728445023,14218.8709193583,14170.0411407606,42.2740572209354,50.6393144630965,46.046878195914,-355.983696268477,-39.0564838441203,1.49011611938477e-08,1.49011611938477e-08,1.95864333353139,1.7497169571143,2.60423612863886,2.67580593770607,16,45
1.082,1000,45,513.250907659234,293.167986635674,513.250907659234,13966.5689049938,14062.176204894,13874.1653435931,37.6885423651641,50.7192902312993,44.9072969265983,-570.831663179032,29.4271625056659,1.49011611938477e-08,1.49011611938477e-08,1.92903970703897,0.736735257949313,1.30386873468108,1.61285258326096,16,45
1.083,1000,45,315.298057232612,369.923570234697,315.298057232612,14182.1081658325,13624.6241111241,14059.2650683442,41.5336303946439,52.5093585874314,45.0450155231811,-815.41285929842,32.4131795019183,1.49011611938477e-08,1.49011611938477e-08,1.81313175626749,1.49011611938477e-08,0.433572516385292,1.17955828343974,16,45
1.084,1000,45,203.630872376235,375.472024437535,203.630872376235,13962.7496421988,13458.3455895564,14492.0996380252,49.2824100839733,55.0471483918743,45.7117996405477,-913.090821322938,-46.7213874315237,1.49011611938477e-08,1.49011611938477e-08,1.80595103450049,1.49011611938477e-08,1.49011611938477e-08,1.62079977895853,16,45
1.085,1000,45,382.589129798929,374.741242527089,382.589129798929,13516.422675951,13781.3869307651,14561.957685877,56.4814110280202,57.1549341437261,46.6436009324707,-879.801197938177,-129.040844157846,1.49011611938477e-08,1.49011611938477e-08,1.89863727046382,0.467973309116326,1.49011611938477e-08,2.43922995137185,16,45
1.086,1000,45,622.123281761281,383.836283887028,622.123281761281,13450.890965591,14179.9728022479,14206.7830126785,61.3147244173621,58.2886164456065,47.7639891432761,-799.36692282404,-209.758615168189,1.49011611938477e-08,1.49011611938477e-08,1.94787445713879,0.825705296991892,1.49011611938477e-08,3.41523922075684,16,45
1.087,1000,45,606.729514169519,-5978.19436427468,606.729514169519,13814.1237314171,14177.9630043723,13846.4499255812,62.4219745823505,57.9210743260495,47.9908693448431,-658.830905642186,-272.734598292219,1.49011611938477e-08,1.49011611938477e-08,1.93983111051118,1.14546226600159,0.178858643752463,3.96794023623799,16,45
1.088,1000,45,550.859961307358,107.208087935816,550.859961307358,14079.004811259,13794.7440403485,13918.7162401063,61.3868793886862,55.5766466635316,47.9283467032713,-493.452008570323,-221.316123311493,1.49011611938477e-08,1.49011611938477e-08,1.84549307409054,1.40318174642532,0.977664104818796,3.0172576412381,16,45
1.089,1000,45,606.993487874681,388.203509185588,606.993487874681,13901.1002797966,13532.8046726006,14328.5617463825,60.5956339928431,51.3046272491196,48.1442143972228,-381.369044470561,-75.3151502379183,1.49011611938477e-08,1.49011611938477e-08,1.81835072594744,1.60353506306841,1.62130856570531,1.88087461117141,16,45
1.09,1000,45,595.133028994344,-3377.74982568015,595.133028994344,13460.3094146099,13747.5855162771,14540.7855106673,59.6281661566603,46.0716679125435,47.1582871126501,-329.359965923333,41.4522698901222,1.49011611938477e-08,1.49011611938477e-08,1.89599887369664,1.82554865690236,1.90443455938472,1.43980205865825,16,45
1.091,1000,45,552.447291506839,102.533705626671,552.447291506839,13276.670202583,14146.4269184376,14266.8408819957,59.2236443408197,41.8071702436514,45.5686855153447,-398.30460996422,103.801831022046,1.49011611938477e-08,1.49011611938477e-08,1.94485941726842,1.88629902469839,2.95268840462965,1.35386977085345,16,45
1.092,1000,45,498.50980259028,355.326183921717,498.50980259028,13595.5030640718,14210.699092367,13832.3131012,60.0007766805669,40.9912418125925,43.7134186279852,-608.264477672325,45.4332497470705,1.49011611938477e-08,1.49011611938477e-08,1.95544496053266,1.64534366042953,2.36315533735519,1.57690656034215,16,45
1.093,1000,45,448.116912137625,394.784304894704,448.116912137625,14022.6568838584,13844.5741616696,13806.1340031822,61.0729560266758,44.2117115847858,41.8766118889529,-809.639031511955,-184.530169306707,1.49011611938477e-08,1.49011611938477e-08,1.87127470694004,1.39138512640083,0.427833414535864,2.17362091563547,16,45
1.094,1000,45,430.916668701359,400.43949013489,430.916668701359,14033.847755032,13489.3172425399,14227.7153464336,61.2354193611633,49.2117354956661,40.1750766900925,-835.301014112007,-452.737284120922,1.49011611938477e-08,1.49011611938477e-08,1.79829925429055,1.3205881367439,1.49011611938477e-08,2.41749716237095,16,45
1.095,1000,45,404.698062247274,405.465217721556,404.698062247274,13645.1715396768,13598.5397443986,14560.4059257416,60.1981580706683,53.6810565913545,38.4838720831825,-733.20291260178,-580.733543726692,1.49011611938477e-08,1.49011611938477e-08,1.86402918471506,1.34471328220183,1.49011611938477e-08,2.12772271519497,16,45
1.096,1000,45,354.610958447642,410.266127155816,354.610958447642,13362.3321814383,14025.8968297459,14399.7820295454,58.7845239062088,56.6319865894065,37.609982310508,-632.007170187172,-554.018225921248,1.49011611938477e-08,1.49011611938477e-08,1.93429344475256,1.29188963935303,1.49011611938477e-08,2.70397120480638,16,45
1.097,1000,45,275.269954110629,415.341711994946,275.269954110629,13572.8990723922,14228.2359014025,13950.2463340371,58.3218705940008,57.9741440988796,38.5781850411402,-563.964027327251,-427.066418151902,1.49011611938477e-08,1.49011611938477e-08,1.95349902667409,1.14625273680549,1.49011611938477e-08,8.39734742278037,16,45
1.098,1000,45,211.617075083281,420.023828850357,211.617075083281,14008.5358263011,13958.6310993603,13778.0303498871,58.8087746059379,57.9061292937315,41.3125628657008,-520.872429861939,-267.121556098922,1.49011611938477e-08,1.49011611938477e-08,1.88819835957484,1.10774674398675,0.371103824663819,5.7528634426659,16,45
1.099,1000,45,315.911476551986,420.774813734678,315.911476551986,14136.4406217702,13555.4507940479,14105.7714558847,58.7276959356904,56.6464024030622,44.7483262592344,-453.515303856623,-156.591775873645,1.49011611938477e-08,1.49011611938477e-08,1.78696720063868,1.32268790756334,1.07729425117688,2.94012697059899,16,45
1.1,1000,45,573.162812024976,-85.7937181264237,573.162812024976,13831.3331870366,13544.8804217412,14519.007289998,55.8895443555206,54.3845084131363,47.2686007061464,-347.242475192829,-114.289990199307,1.49011611938477e-08,1.49011611938477e-08,1.82983956509281,1.75920342368975,1.85632545643006,2.7319561837741,16,45
1.101,1000,45,613.578878993223,429.22664057778,613.578878993223,13501.9139380991,13939.0393007143,14523.7958861464,49.3909925374458,51.8969837964212,47.8116109982521,-283.653171666506,-94.7754162108134,1.49011611938477e-08,1.49011611938477e-08,1.92110666648742,2.15446141368721,2.70806124508995,3.07122367449237,16,45
1.102,1000,45,591.756364464122,-3017.26715193868,591.756364464122,13593.1468874234,14225.2805216656,14137.8498647996,40.9409643126529,50.3555507509801,46.7287905164714,-351.343490384131,-45.7625240306319,1.49011611938477e-08,1.49011611938477e-08,1.95940664893351,1.75777754672745,2.56438838287521,2.84795158490127,16,45
1.103,1000,45,511.163501493737,357.305797518509,511.163501493737,13990.9767391464,14042.0843215023,13862.7258741347,36.6814088291799,50.5601731619278,45.7078560629916,-573.343814071128,17.2930902929103,1.49011611938477e-08,1.49011611938477e-08,1.92293922205905,0.709294037497087,1.23502994361455,1.72368221890484,16,45
1.104,1000,45,306.560241994466,436.841286375666,306.560241994466,14182.4083444396,13604.5615197093,14073.4426698051,41.0124254519978,52.4863859748328,45.8871671908342,-812.650209405234,11.2458487670247,1.49011611938477e-08,1.49011611938477e-08,1.80736770008178,1.49011611938477e-08,0.356772457618662,1.31640669709267,16,45
1.105,1000,45,237.489450567314,441.771002087334,237.489450567314,13942.398618505,13466.520557125,14504.4919918323,48.9036936981924,55.101064831175,46.4523983067241,-898.216181858657,-72.3844624218113,1.49011611938477e-08,1.49011611938477e-08,1.80911774714993,1.49011611938477e-08,1.49011611938477e-08,1.8314255601992,16,45
1.106,1000,45,404.726572886833,440.225720510431,404.726572886833,13503.1239026794,13809.2018471648,14547.0794650284,56.0137322316489,57.2434091912493,47.2753229662972,-862.591424019992,-149.374865398843,1.49011611938477e-08,1.49011611938477e-08,1.90255608528899,0.531387236065182,1.49011611938477e-08,2.74006166231231,16,45
1.107,1000,45,617.007293746011,-11155.035470447,617.007293746011,13466.3686765723,14195.1153302165,14177.5919547657,60.5941198098322,58.3664531000085,48.2019665994386,-774.786896289313,-231.546339124279,1.49011611938477e-08,1.49011611938477e-08,1.94885866474744,0.881871768686811,1.49011611938477e-08,3.80613896768542,16,45
1.108,1000,45,601.468032332454,-5231.49809435127,601.468032332454,13839.2739877445,14162.2567977467,13833.6061308951,61.5212517700202,57.9543239315318,48.304702420531,-631.731489324842,-282.758262837831,1.49011611938477e-08,1.49011611938477e-08,1.93590409966163,1.19397592316647,0.199385036688355,4.25058368860502,16,45
1.109,1000,45,540.758259677533,229.881730063675,540.758259677533,14080.8349719981,13770.6150451464,13932.3366085108,60.5757058866254,55.5839600474158,48.2435891180754,-473.779591074304,-213.797311388449,1.49011611938477e-08,1.49011611938477e-08,1.8397400573342,1.43318368112427,0.999645680981282,3.00300338209405,16,45
1.11,1000,45,604.640437919271,454.984150940336,604.640437919271,13878.8831251042,13532.7302886835,14345.2090104822,59.9928544829727,51.2796740106027,48.4143905946136,-376.91438892439,-66.0554531399841,1.49011611938477e-08,1.49011611938477e-08,1.82098625434545,1.61506002952204,1.63243436777475,1.80778770600889,16,45
1.111,1000,45,594.938130134245,-3771.1240752018,594.938130134245,13436.8396632314,13771.4400830033,14531.653127739,59.194535307483,46.1642764922311,47.341789856581,-332.831903055061,56.3232638896194,1.49011611938477e-08,1.49011611938477e-08,1.90035895061896,1.8160685086638,1.90594329347329,1.37388798297271,16,45
1.112,1000,45,548.366300099808,179.380846957316,548.366300099808,13280.7759238845,14164.0264944281,14237.2029409888,58.89877554245,42.1927340418752,45.6761548768244,-414.396604652627,108.919228576398,1.49011611938477e-08,1.49011611938477e-08,1.94633592973521,1.85611452091596,3.13605096221578,1.30959221482901,16,45
1.113,1000,45,490.305444813422,430.536921052744,490.305444813422,13617.6953851984,14199.8881836403,13812.8908661265,59.7403313254007,41.8393860132555,43.8212029117916,-631.773583672491,34.566112746543,1.49011611938477e-08,1.49011611938477e-08,1.95444721131867,1.61109636819465,2.14039193778442,1.5609352248437,16,45
1.114,1000,45,454.065532509779,458.62106828224,454.065532509779,14029.6758859149,13818.3073516458,13817.2876400781,60.8420273923429,45.3999341550916,42.065715349549,-827.786890096066,-206.102279796563,1.49011611938477e-08,1.49011611938477e-08,1.86561596338368,1.36502909116019,0.330329611291316,2.15287136022084,16,45
1.115,1000,45,437.611696667426,465.542513873201,437.611696667426,14011.908098531,13479.9354726647,14251.0105989145,61.0106721923279,50.524973760618,40.4576837297354,-843.929479372585,-470.375860857175,1.49011611938477e-08,1.49011611938477e-08,1.80002084355507,1.29922711323348,1.49011611938477e-08,2.3316412528744,16,45
1.116,1000,45,409.056954833828,471.492914385767,409.056954833828,13613.8708984116,13617.3294663494,14564.5033280035,59.9789584506043,54.996193810517,38.8088283246037,-744.783482090288,-587.173376369313,1.49011611938477e-08,1.49011611938477e-08,1.86987181718072,1.32163166833505,1.49011611938477e-08,2.07262400480824,16,45
1.117,1000,45,353.37901139903,476.839156076724,353.37901139903,13354.546015187,14046.806387516,14378.0760689802,58.5896571508001,57.9178643896007,38.0200652828952,-637.960818010645,-554.066599635934,1.49011611938477e-08,1.49011611938477e-08,1.93656959689526,1.26264626739467,1.49011611938477e-08,2.73542973769898,16,45
1.118,1000,45,270.249788793365,482.310764990967,270.249788793365,13590.4491634318,14223.6629366498,13929.6043899842,58.174910061283,59.2161170874847,39.1148220678232,-569.760558131645,-419.554856825928,1.49011611938477e-08,1.49011611938477e-08,1.95315471366581,1.1168244045974,1.49011611938477e-08,9.46976528603966,16,45
1.119,1000,45,222.993187550499,486.811913824846,222.993187550499,14021.7296829631,13933.1369658513,13785.5292605558,58.6840736265585,59.1035956283079,41.9735586190676,-524.829819764682,-255.669203093969,1.49011611938477e-08,1.49011611938477e-08,1.88200538623276,1.08709970143259,0.414405694865737,5.08324495795613,16,45
1.12,1000,45,356.725852231831,486.298069531956,356.725852231831,14122.7468342038,13539.4400215953,14134.1220654819,58.5337978157323,57.7932660351683,45.4607385790797,-454.124208728658,-145.657290292713,1.49011611938477e-08,1.49011611938477e-08,1.7861502614272,1.3091457512775,1.12512948743016,2.74166119184688,16,45
1.121,1000,45,604.020836572677,-1699.89212880509,604.020836572677,13803.6979303276,13558.2215414027,14535.7657833153,55.4715507831245,55.4617276641613,47.8885705065595,-351.869908619807,-105.33445857358,1.49011611938477e-08,1.49011611938477e-08,1.83616854324016,1.73957066937377,1.92394045294706,2.56768357242492,16,45
1.122,1000,45,609.837508568435,495.987051710368,609.837508568435,13488.8121603602,13962.2230406048,14512.0158749933,48.7763735999832,52.9973818213822,48.3378958278392,-289.784542165442,-82.3254897137202,1.49011611938477e-08,1.49011611938477e-08,1.92495454757699,2.09221114753076,2.79518314104466,2.83042067200461,16,45
1.123,1000,45,585.936440228791,-2477.01162997841,585.936440228791,13606.5821200691,14226.1151674381,14116.2592350926,40.4661356823066,51.5115548950206,47.3270278275912,-370.972390944956,-30.3316987837368,1.49011611938477e-08,1.49011611938477e-08,1.96027247618719,1.6330206004025,2.55287376491653,2.51389149992081,16,45
1.124,1000,45,497.370573855988,449.823991610964,497.370573855988,14007.475110339,14017.9623105252,13862.7110722752,36.8826054810326,51.7921657393094,46.4856558038419,-601.902024782123,27.112796035478,1.49011611938477e-08,1.49011611938477e-08,1.91755485070403,0.627658208418292,1.19961459442864,1.52483201666373,16,45
1.125,1000,45,294.291888928686,503.89775012205,294.291888928686,14176.9098554714,13582.3807049754,14099.7242104187,41.6966368098021,53.7480752964459,46.7434246547947,-835.429989687663,9.84021765511957,1.49011611938477e-08,1.49011611938477e-08,1.80362471744613,1.49011611938477e-08,0.321409891643127,1.26758305824859,16,45
1.126,1000,45,224.164573096703,509.100931120336,224.164573096703,13916.2748490912,13472.9130014235,14525.0845853072,49.5291119877662,56.3311739053018,47.1775762665607,-907.939170448416,-75.0353570266243,1.49011611938477e-08,1.49011611938477e-08,1.81402316932332,1.49011611938477e-08,1.49011611938477e-08,1.85495191586135,16,45
1.127,1000,45,444.415207042649,502.235981895065,444.415207042649,13485.3892617191,13833.886277498,14540.8798820693,56.5265353340459,58.4153129359985,47.86760616065,-865.422046022955,-158.228012333913,1.49011611938477e-08,1.49011611938477e-08,1.90695931817096,0.538509285138127,1.49011611938477e-08,2.80598117688726,16,45
1.128,1000,45,616.931494347563,-12916.5918528234,616.931494347563,13477.9370394935,14204.6213147811,14158.3773659068,60.8345458723217,59.4614586061969,48.5822779059074,-771.610508779838,-237.306757901935,1.49011611938477e-08,1.49011611938477e-08,1.95013293930665,0.880565806189314,1.49011611938477e-08,3.84888215357811,16,45
1.129,1000,45,596.681248104486,-4670.65153443735,596.681248104486,13861.3023745664,14148.0254426718,13832.6669023669,61.5857199769743,58.9030394158445,48.5692970502951,-623.499706645594,-277.104597505575,1.49011611938477e-08,1.49011611938477e-08,1.93258040766313,1.18274325297113,0.296397871021109,4.11002044407566,16,45
1.13,1000,45,529.86641268505,346.487746096109,529.86641268505,14081.3301474828,13749.6088174501,13956.1339583356,60.6049172324909,56.3130661959902,48.5094111310207,-465.274735998728,-193.387642148621,1.49011611938477e-08,1.49011611938477e-08,1.83537255162291,1.41538771432589,1.05967578400981,2.77920354007706,16,45
1.131,1000,45,604.67670498925,522.857016748338,604.67670498925,13857.7089412197,13533.9154209497,14374.1326285711,60.0130015278386,51.8456897168486,48.6504757278923,-370.191110909597,-43.2294354236191,1.49011611938477e-08,1.49011611938477e-08,1.82403610342525,1.60145306963253,1.65648365064329,1.69112097479817,16,45
1.132,1000,45,588.939384151289,519.655137983177,588.939384151289,13416.4864529322,13795.3135526239,14533.7651140203,59.1887411904033,46.6171649837551,47.5436535769904,-331.463538778188,76.669474988621,1.49011611938477e-08,1.49011611938477e-08,1.90447001007158,1.8007621334103,1.87543259746952,1.29915431611296,16,45
1.133,1000,45,555.144813707033,158.076750086178,555.144813707033,13288.9904083818,14178.3166647376,14215.3439979872,58.8988245943452,42.6649637651197,45.8514480223736,-423.21353529581,122.40016006115,1.49011611938477e-08,1.49011611938477e-08,1.94773112950666,1.82701322903373,3.19880057505952,1.26039332566853,16,45
1.134,1000,45,503.362173341131,464.828590527069,503.362173341131,13648.5387063917,14187.7406260335,13802.3559984144,59.6793079021132,42.3385228376127,43.9756794861761,-644.451209775535,32.6827890073701,1.49011611938477e-08,1.49011611938477e-08,1.95270866387916,1.58466750538077,2.07785865536403,1.54392219369112,16,45
1.135,1000,45,447.281131573694,520.971565289854,447.281131573694,14049.0326486071,13793.4609095823,13839.8024053669,60.5897459968485,45.8845740442859,42.2712594951632,-827.603608781377,-223.941767999379,1.49011611938477e-08,1.49011611938477e-08,1.85800368579241,1.3661069171656,0.285058834789334,2.18105264172534,16,45
1.136,1000,45,420.418152541727,525.222165045815,420.418152541727,14000.9830074382,13474.6335349037,14282.1329423992,60.5517970802666,50.8962839966492,40.7516295828595,-832.24999897256,-477.158365395022,1.49011611938477e-08,1.49011611938477e-08,1.80038936481947,1.32315433175896,1.49011611938477e-08,2.31104347732332,16,45
1.137,1000,45,385.901619451413,527.374307903779,385.901619451413,13593.5338065292,13639.6332757013,14569.3510730243,59.3726129491269,55.2305336359941,39.2626829554465,-724.842791596944,-593.229015248485,1.49011611938477e-08,1.49011611938477e-08,1.87465183392482,1.35528002646305,1.49011611938477e-08,2.06098340283744,16,45
1.138,1000,45,330.338181202319,529.292402813883,330.338181202319,13356.7119568065,14069.3686435452,14352.8881195434,58.0241705631787,58.0190849172525,38.7006083547552,-620.901768237303,-551.091630994995,1.49011611938477e-08,1.49011611938477e-08,1.9382859076603,1.2968930469849,1.49011611938477e-08,2.81162449266689,16,45
1.139,1000,45,246.146764563838,531.8219970714,246.146764563838,13618.4168965773,14220.5275791775,13906.2764977322,57.7030074006909,59.2130728977515,39.9198287769731,-554.574521156742,-413.625824225403,1.49011611938477e-08,1.49011611938477e-08,1.95200788952679,1.15752215268584,1.49011611938477e-08,10.4710576464258,16,45
1.14,1000,45,205.76756789385,533.052609960928,205.76756789385,14044.4332323601,13910.3493300578,13792.055594358,58.1947043381461,59.0138168381811,42.7559054657461,-506.803477030552,-252.998588431549,1.49011611938477e-08,1.49011611938477e-08,1.87383867847104,1.1410788133795,0.460276620382376,5.12453029692738,16,45
1.141,1000,45,341.655411876929,528.990618478797,341.655411876929,14118.3747914916,13529.0239516871,14158.3178404575,57.8527440346361,57.6252061929952,46.1639261795059,-435.435931797611,-151.178892104198,1.49011611938477e-08,1.49011611938477e-08,1.78387497535659,1.37842497709334,1.17444794846687,2.83038857374465,16,45
1.142,1000,45,599.34948314922,-400.509662784531,599.34948314922,13782.6984051827,13577.0451425309,14543.144693661,54.5087890491615,55.2559430723842,48.5418267211254,-328.071150621182,-109.296516335781,1.49011611938477e-08,1.49011611938477e-08,1.84117076472934,1.82186222470033,1.98313221237717,2.68173497191303,16,45
1.143,1000,45,608.08629714792,532.124774954738,608.08629714792,13484.9606038873,13988.3119689405,14490.409551107,47.5070703346654,52.7763392169159,48.9897244754153,-273.859677457284,-86.293630161291,1.49011611938477e-08,1.49011611938477e-08,1.92810599138855,2.16259925363467,2.87766234866448,2.96302472068968,16,45
1.144,1000,45,584.299700587539,517.297284389863,584.299700587539,13628.3743345145,14230.1824182345,14084.6844673701,39.112417385319,51.3578803026482,48.0598181175411,-367.179262152041,-35.1003640752238,1.49011611938477e-08,1.49011611938477e-08,1.96061544050075,1.62940705009758,2.52708065423897,2.61098634763553,16,45
1.145,1000,45,495.231170983859,480.8137415709,495.231170983859,14029.8860553826,13996.5555903125,13854.5603989643,35.9272046307441,51.7569163175682,47.3495073430114,-604.514437019454,14.3912854956194,1.49011611938477e-08,1.49011611938477e-08,1.91067051130981,0.600339932214655,1.13444314274283,1.61354828923945,16,45
1.146,1000,45,287.046583778697,530.57487106687,287.046583778697,14173.3999105871,13564.7409065366,14115.2656167531,41.2489172306136,53.8665381124911,47.6205884076361,-823.310722965253,-10.286121435426,1.49011611938477e-08,1.49011611938477e-08,1.798821015094,1.49011611938477e-08,0.210844900361394,1.4189681859468,16,45
1.147,1000,45,251.741534809452,531.677059381508,251.741534809452,13893.9370510271,13484.707087139,14534.3839927193,49.21072874874,56.5442524882822,47.9053729041055,-892.339893937121,-103.599955216152,1.49011611938477e-08,1.49011611938477e-08,1.81786182900788,0.192881741547385,1.49011611938477e-08,2.11834015047341,16,45
1.148,1000,45,453.730503577974,519.626488774268,453.730503577974,13474.3555972957,13861.6055480362,14522.5583055921,56.0952018073259,58.6489182556775,48.4783135350201,-844.486772775901,-185.335463489522,1.49011611938477e-08,1.49011611938477e-08,1.91053809289441,0.603466624643397,1.49011611938477e-08,3.20790743912894,16,45
1.149,1000,45,613.776820267051,-11380.7003341196,613.776820267051,13495.5875094107,14216.7464997447,14128.8292856483,60.1440383257515,59.6557350655676,49.0190859864496,-746.390018388118,-260.697457646831,1.49011611938477e-08,1.49011611938477e-08,1.95090200627857,0.938978301620143,1.49011611938477e-08,4.36497482947027,16,45
1.15,1000,45,593.2794144386,526.526986964423,593.2794144386,13884.8194063003,14128.6291667579,13820.906088537,60.7521457283938,59.0439760399368,48.9167364352792,-596.754476612356,-288.154230679943,1.49011611938477e-08,1.49011611938477e-08,1.92771251086342,1.2333674173613,0.303390901735745,4.45041990958328,16,45
1.151,1000,45,520.011774484875,405.076769787672,520.011774484875,14079.670801047,13725.8467275292,13969.5790057816,59.8881483845889,56.4321069014605,48.8761941064787,-453.114331778715,-195.888327305134,1.49011611938477e-08,1.49011611938477e-08,1.83007755675817,1.44698916722324,1.07739509544718,2.78550465649032,16,45
1.152,1000,45,605.493971914428,530.8368069298,605.493971914428,13837.7441188234,13536.2220003887,14391.2291120545,59.4115998634787,51.9480723079891,48.7963370873371,-359.196824935741,-32.4226894550533,1.49011611938477e-08,1.49011611938477e-08,1.82694833034683,1.62140629668845,1.66374402344776,1.65606486007372,16,45
1.153,1000,45,591.640456430265,-3650.83391081495,591.640456430265,13400.0771504052,13819.1164520615,14524.5794683472,58.7081733239189,46.848780103042,47.4815418182097,-331.385487985931,85.7979517909805,1.49011611938477e-08,1.49011611938477e-08,1.90816768128433,1.80565867166395,1.89567826190051,1.26699103056714,16,45
1.154,1000,45,541.629855776913,275.454593174984,541.629855776913,13301.318445928,14192.4605588452,14188.8292974695,58.566527311704,43.1866927809059,45.6345730618771,-435.514352335596,125.004385728482,1.49011611938477e-08,1.49011611938477e-08,1.9489118729163,1.80828185033441,3.45701203436931,1.2396519770236,16,45
1.155,1000,45,488.109542330521,493.009604818037,488.109542330521,13674.0836347341,14172.0039965488,13789.8226376325,59.5321489046058,43.3036650953985,43.6738027799585,-665.705676284972,25.4379713447005,1.49011611938477e-08,1.49011611938477e-08,1.95058900728322,1.54480536167176,1.86365610548934,1.53577537000516,16,45
1.156,1000,45,442.792583819204,521.864492895597,442.792583819204,14055.5229840711,13766.1859727969,13857.3749385627,60.6258595902679,47.1132412838499,41.8675785745203,-842.724696809094,-218.503867254516,1.49011611938477e-08,1.49011611938477e-08,1.85214355055234,1.31426350528014,0.120881923800854,2.15765556178302,16,45
1.157,1000,45,432.937857240279,523.744756082419,432.937857240279,13979.7164845214,13467.4587584265,14308.4335979795,60.7404954102302,52.1849836496173,40.1996003407505,-848.474065054307,-478.213009405186,1.49011611938477e-08,1.49011611938477e-08,1.80261463718984,1.2593356338621,1.49011611938477e-08,2.29102766800853,16,45
1.158,1000,45,411.068440946516,525.989405671611,411.068440946516,13567.9317657472,13659.3171949406,14575.0886661099,59.6696705928662,56.4872293284241,38.5248567994594,-740.520315856795,-584.859790935404,1.49011611938477e-08,1.49011611938477e-08,1.88007123522445,1.27574366213323,1.49011611938477e-08,2.09031944054928,16,45
1.159,1000,45,359.756327474843,528.369831410215,359.756327474843,13356.8748871192,14087.1715402718,14336.740189253,58.387775849817,59.2222615171321,37.8962116583594,-636.921318765241,-535.320509958811,1.49011611938477e-08,1.49011611938477e-08,1.94030561298179,1.20111929566326,1.49011611938477e-08,3.00321603668509,16,45
1.16,1000,45,268.532604991791,531.166592070309,268.532604991791,13640.0541794886,14211.5396718011,13895.9603970657,58.1217323878734,60.3527266804863,39.2596969232238,-571.071907976614,-389.971130750172,1.49011611938477e-08,1.49011611938477e-08,1.95134497690685,1.06007235546692,1.49011611938477e-08,14.2886851154546,16,45
1.161,1000,45,235.050688826571,532.194275805611,235.050688826571,14056.1637522936,13883.0509973248,13810.7733561513,58.6733362481372,60.0901497647508,42.3859566570545,-526.69003228898,-231.594062012729,1.49011611938477e-08,1.49011611938477e-08,1.86812506715167,1.05848334818471,0.49216834714772,4.04546891592353,16,45
1.162,1000,45,385.620335241362,527.429325526745,385.620335241362,14102.7139285694,13515.203574363,14194.5399088156,58.3281423539332,58.6212244085383,45.9944109309684,-451.457596517449,-122.906097711634,1.49011611938477e-08,1.49011611938477e-08,1.7848940590391,1.30628810817324,1.21517641719731,2.42518865755846,16,45
1.163,1000,45,614.090274573203,-11475.2803382815,614.090274573203,13756.5781364764,13592.2648207046,14565.2141206538,54.8500860563676,56.1319011609139,48.3682751416485,-343.558757934483,-81.8141381800508,1.49011611938477e-08,1.49011611938477e-08,1.84796950677056,1.73782759468881,2.04129570154776,2.32392455583334,16,45
1.164,1000,45,607.344505989527,531.761183813233,607.344505989527,13476.5285990962,14010.0629225154,14484.9623929142,47.8035016282206,53.6341403581623,48.7608949916255,-295.92666826376,-56.4882054306669,1.49011611938477e-08,1.49011611938477e-08,1.93158965367906,2.02577407246392,2.9441212476364,2.50340396659738,16,45
1.165,1000,45,581.483491598291,-2011.11762833443,581.483491598291,13645.3331495836,14227.7383055199,14073.5182238496,39.7742476092109,52.234361160051,47.891737361588,-401.271540638413,-3.09998024079828,1.49011611938477e-08,1.49011611938477e-08,1.96114569393044,1.46562352828069,2.49141926345554,2.10721709855296,16,45
1.166,1000,45,484.655117023272,497.158672344856,484.655117023272,14045.5955350393,13971.3814633073,13868.0985940655,37.2938980312417,52.6616842839462,47.3076829090395,-630.477315143752,40.0427952258708,1.49011611938477e-08,1.49011611938477e-08,1.90519443747392,0.519458559362315,1.1139822419724,1.31688111796342,16,45
1.167,1000,45,282.555202073313,530.730168485634,282.555202073313,14166.2156022546,13545.9812307384,14151.9563131909,42.7826082916239,54.7175346911164,47.6383239258525,-853.92330823909,7.13325357259982,1.49011611938477e-08,1.49011611938477e-08,1.79688708075718,1.49011611938477e-08,0.212162354207886,1.26425386789735,16,45
1.168,1000,45,245.246495421241,531.900121416847,245.246495421241,13866.0450545784,13495.3687578099,14559.6149321318,50.4410718975958,57.2872399650526,47.8233390830447,-908.734690180818,-90.1630547768671,1.49011611938477e-08,1.49011611938477e-08,1.82406090179032,0.147371626439983,1.49011611938477e-08,1.96001514158419,16,45
1.169,1000,45,484.87575933263,498.758049812731,484.87575933263,13455.6750550497,13887.0893478187,14517.7606957468,57.2060487730394,59.2837689120272,48.4908145211235,-858.421095108625,-171.027450855394,1.49011611938477e-08,1.49011611938477e-08,1.9149738495335,0.579128437111996,1.49011611938477e-08,2.92473114956888,16,45
1.17,1000,45,614.380431260733,-11784.756606249,614.380431260733,13505.5420267705,14223.8267915241,14112.2763115747,60.9969984453229,60.1683438331688,49.0174364734053,-757.301379275042,-246.101770032138,1.49011611938477e-08,1.49011611938477e-08,1.9521216443745,0.908722041978028,1.49011611938477e-08,3.90002102560914,16,45
1.171,1000,45,591.103750474541,-3569.86210777942,591.103750474541,13901.3246458597,14113.4750063737,13825.8094455619,61.3876455017637,59.3681927054863,48.9020760294389,-611.590148161736,-270.667524429588,1.49011611938477e-08,1.49011611938477e-08,1.92447075644432,1.19777017242405,0.411912658546115,3.89424622292657,16,45
1.172,1000,45,509.080308279952,446.357260098808,509.080308279952,14072.2689937854,13706.7588875813,13996.9944393113,60.3779241698367,56.5024148674885,48.9422906438405,-456.535491682465,-172.514862968076,1.49011611938477e-08,1.49011611938477e-08,1.82744251646693,1.41604850298167,1.15016426174893,2.50139773468543,16,45
1.173,1000,45,604.994520506407,530.610388683858,604.994520506407,13810.7871249945,13541.7844546672,14418.2115717729,59.7209818612586,51.8402864086752,48.9917418989789,-359.065722138721,-14.1017602321978,1.49011611938477e-08,1.49011611938477e-08,1.83147544774372,1.60870336677573,1.68546946624163,1.56152481144264,16,45
1.174,1000,45,585.754072866247,518.979552741006,585.754072866247,13378.157406503,13844.5085369918,14523.5592559535,58.8778568736293,46.6100500096232,47.8423193251259,-333.632358491545,99.0017855634933,1.49011611938477e-08,1.49011611938477e-08,1.91234597497325,1.80002234055027,1.86776748705847,1.23027609965132,16,45
1.175,1000,45,550.097170645896,204.215554170061,550.097170645896,13308.7573269191,14204.7344283971,14165.5599724178,58.6978444163443,42.9730320601649,46.1319986749911,-447.414220947803,131.579581313409,1.49011611938477e-08,1.49011611938477e-08,1.95034268229391,1.79213548366968,3.56883153994962,1.23147587322988,16,45
1.176,1000,45,493.587741762117,484.198437309794,493.587741762117,13702.3879905401,14158.5502748095,13780.5685657837,59.6024303702044,43.1587325528185,44.2359088712449,-668.237239346616,27.9197452018693,1.49011611938477e-08,1.49011611938477e-08,1.94822568896084,1.53181365455377,1.7752391630349,1.55753750224572,16,45
1.177,1000,45,444.951752498755,521.534097466532,444.951752498755,14069.8341320075,13743.0459642693,13879.9463734975,60.4943902572865,47.030077925541,42.472677153544,-843.170527541374,-240.332003373232,1.49011611938477e-08,1.49011611938477e-08,1.84519859301872,1.33011673952088,1.49011611938477e-08,2.21155138315279,16,45
1.178,1000,45,417.595163516686,525.479733331643,417.595163516686,13964.9892425915,13466.8825487917,14335.1150280189,60.3554254230536,52.0474402586242,40.7886107271545,-831.99575280991,-498.680386023303,1.49011611938477e-08,1.49011611938477e-08,1.80431102437894,1.300607013538,1.49011611938477e-08,2.26296862302128,16,45
1.179,1000,45,382.520996593362,527.51658111547,382.520996593362,13547.3726423394,13684.414555891,14572.7495595328,59.086249243248,56.2501981947019,39.1538897142454,-719.00845259665,-594.064612533565,1.49011611938477e-08,1.49011611938477e-08,1.88487662199338,1.32687996399604,1.49011611938477e-08,2.06255322180642,16,45
1.18,1000,45,323.404593422968,529.504962164808,323.404593422968,13361.8302490144,14108.551793993,14305.8514913014,57.7960255928251,58.880973302505,38.6500427381494,-618.152976198861,-536.374929608421,1.49011611938477e-08,1.49011611938477e-08,1.94188633307416,1.25087660258981,1.49011611938477e-08,3.02471235558771,16,45
1.181,1000,45,238.913991380923,532.037658663872,238.913991380923,13668.6149515492,14205.863222884,13870.7362611109,57.5743203911285,59.9383422777588,40.0227432747418,-556.627154441351,-397.912589564886,1.49011611938477e-08,1.49011611938477e-08,1.94964788065917,1.11127958589983,1.49011611938477e-08,14.5214515956367,16,45
1.182,1000,45,212.527574694691,532.850095957207,212.527574694691,14076.7668263894,13860.4246830928,13816.4042641457,58.0649126166117,59.631144594047,43.0226583995726,-506.739292798797,-235.889212925598,1.49011611938477e-08,1.49011611938477e-08,1.85990952249887,1.12017953846304,0.54152729738107,4.31589717334698,16,45
1.183,1000,45,372.932173209682,527.943676533082,372.932173209682,14096.161351129,13507.8866153814,14214.7669699331,57.5017238798616,58.14678820708,46.4702832039168,-426.603219253501,-133.806846270403,1.49011611938477e-08,1.49011611938477e-08,1.78368063477225,1.38440365588664,1.26453599370302,2.62202332073069,16,45
1.184,1000,45,619.146730553572,-15221.857158674,619.146730553572,13736.600943926,13613.509291925,14565.5160728238,53.7612865892745,55.7090339328567,48.7187223393143,-320.219858253244,-96.0594566428261,1.49011611938477e-08,1.49011611938477e-08,1.85305530423287,1.83222106862169,2.09942794447746,2.55039234036374,16,45
1.185,1000,45,606.502752835178,-7926.64850129439,606.502752835178,13476.1655189997,14034.366352466,14456.9148227414,46.4517382885258,53.2818505965409,49.0398878649785,-281.825941438786,-70.6567569642123,1.49011611938477e-08,1.49011611938477e-08,1.93435080433835,2.10890649590206,3.00804140632614,2.77061033787706,16,45
1.186,1000,45,577.294816599216,-1538.6508089888,577.294816599216,13669.2367451329,14228.0809113106,14041.040096641,38.3806241485974,52.0462427827906,48.149090525566,-389.53711204697,-19.9315391274927,1.49011611938477e-08,1.49011611938477e-08,1.96098323874512,1.4656668405737,2.38656276390952,2.3142343362257,16,45
1.187,1000,45,473.437965149839,508.094668096992,473.437965149839,14066.3317288673,13948.4521689771,13861.3786655723,36.3521654058159,52.6733129641768,47.6072489292747,-634.20911129566,21.7435369408877,1.49011611938477e-08,1.49011611938477e-08,1.89778137075533,0.489705372038358,1.02582800147565,1.45101436788123,16,45
1.188,1000,45,267.285479670784,531.193696967536,267.285479670784,14160.2465479597,13530.3156514419,14167.1928826434,42.4182049895389,54.9436328792781,47.9411518312006,-851.257971371169,-18.6413019463187,1.49011611938477e-08,1.49011611938477e-08,1.79314471333306,1.49011611938477e-08,1.49011611938477e-08,1.42677430800039,16,45
1.189,1000,45,260.414027457775,531.446122659903,260.414027457775,13842.6804052903,13509.5115271924,14563.7059022412,50.2671932846852,57.6274902945041,48.0421647894941,-895.205080490608,-117.983932799252,1.49011611938477e-08,1.49011611938477e-08,1.82842821404116,0.241434087134395,1.49011611938477e-08,2.22681116561714,16,45
1.19,1000,45,495.462087064872,484.486990400504,495.462087064872,13448.4303397373,13913.6441518808,14495.913789998,56.9582423203884,59.6373784631574,48.6386892665986,-840.397704411815,-197.462450749747,1.49011611938477e-08,1.49011611938477e-08,1.9181285554384,0.630526594769764,1.49011611938477e-08,3.32647531260421,16,45
1.191,1000,45,612.813521864455,534.76809684078,612.813521864455,13526.6212302753,14231.8935271334,14082.3210813931,60.5245408097628,60.4745221680896,49.0313299080668,-741.252875784092,-266.020098003969,1.49011611938477e-08,1.49011611938477e-08,1.95257691177353,0.955844108086022,1.49011611938477e-08,4.39575124289033,16,45
1.192,1000,45,587.943868201414,523.009354978122,587.943868201414,13924.823340826,14091.3790311649,13815.9690772902,60.787861509253,59.6128855499456,48.8634371564765,-587.268184572864,-282.755325544082,1.49011611938477e-08,1.49011611938477e-08,1.91868208910848,1.23962006616744,0.40675937921878,4.19510500259139,16,45
1.193,1000,45,499.943439509616,470.834843271216,499.943439509616,14068.533049969,13684.215214709,14010.8010737711,59.9010808067461,56.7153190288638,48.9381518925088,-440.02673302445,-170.293290850998,1.49011611938477e-08,1.49011611938477e-08,1.82281481794309,1.44392767350326,1.16067907778997,2.51687984893733,16,45
1.194,1000,45,606.288246629251,-7821.71158404022,606.288246629251,13784.1518870621,13546.2955427261,14428.0386342007,59.4284307686259,52.0495062378647,48.8579577346504,-352.726022194629,-7.07331340785707,1.49011611938477e-08,1.49011611938477e-08,1.83513534174883,1.62292293352853,1.69242275734623,1.53117525658754,16,45
1.195,1000,45,590.102402762005,-3405.52504725656,590.102402762005,13359.2482908846,13867.6055335865,14506.3526918209,58.7214724669518,46.9680651994591,47.5934509575355,-339.099754619073,101.718603591232,1.49011611938477e-08,1.49011611938477e-08,1.91577371161419,1.79867332753436,1.91772181578608,1.20440688027464,16,45
1.196,1000,45,537.877786063568,306.000734269307,537.877786063568,13319.7224691034,14214.1609826158,14133.4170811136,58.6182215869011,43.6298274051546,45.8345599299865,-453.77338109546,125.183492236783,1.49011611938477e-08,1.49011611938477e-08,1.95154069303563,1.77577428376433,3.8989970993052,1.225177086956,16,45
1.197,1000,45,479.253002831536,503.410868213214,479.253002831536,13723.2284154039,14137.6646333802,13765.9344602218,59.5662036488413,44.2485154487278,44.0165276214076,-688.73759845283,5.17577409236337,1.49011611938477e-08,1.49011611938477e-08,1.94545616218766,1.5110106702097,1.58398223402607,1.5793554076716,16,45
1.198,1000,45,435.601132072116,523.348643436363,435.601132072116,14069.7531666739,13714.518353611,13895.0095750002,60.4886933358349,48.2991840778773,42.3982232439632,-856.564207189628,-267.733380256784,1.49011611938477e-08,1.49011611938477e-08,1.83989397422412,1.31061800264869,1.49011611938477e-08,2.20300513627502,16,45
1.199,1000,45,414.530672495099,525.735709711908,414.530672495099,13937.8177966176,13461.2067448247,14354.8076686907,60.4088452833197,53.2989019705708,40.8628317246818,-838.952243230259,-516.721738413159,1.49011611938477e-08,1.49011611938477e-08,1.80741847748821,1.27921272146326,1.49011611938477e-08,2.18324682081461,16,45
1.2,1000,45,383.326219570732,527.483036709033,383.326219570732,13519.1113698818,13703.6708519062,14567.9151369698,59.2207679325037,57.420213837928,39.328055399759,-726.187615794712,-600.903840505075,1.49011611938477e-08,1.49011611938477e-08,1.89001158267571,1.29985715127571,1.49011611938477e-08,2.02496332441786,16,45
1.201,1000,45,328.395827195129,529.351282326333,328.395827195129,13360.9036123142,14122.30942539,14279.2675933102,58.0176398139399,59.9658127781898,38.8903615232648,-631.025115358346,-541.798623408543,1.49011611938477e-08,1.49011611938477e-08,1.94352791004629,1.21958933211197,1.49011611938477e-08,3.07954691254673,16,45
1.202,1000,45,242.110978777923,531.956973113064,242.110978777923,13687.8953122104,14192.9793978181,13852.3970962267,57.8628780352769,60.9392579719156,40.354355444307,-565.028027708478,-393.648917461874,1.49011611938477e-08,1.49011611938477e-08,1.94802245650391,1.08868999511526,1.49011611938477e-08,15.5904037236901,16,45
1.203,1000,45,230.534129178466,532.329135065559,230.534129178466,14084.3949499266,13833.1440474663,13827.7604498479,58.3233509123523,60.5514882286188,43.4571909946765,-510.927021502987,-231.077939214758,1.49011611938477e-08,1.49011611938477e-08,1.85361259367432,1.11427609997594,0.570174192743915,4.01887174469778,16,45
1.204,1000,45,406.100156001748,526.429264524322,406.100156001748,14076.9062545092,13497.9923516384,14240.3895530179,57.5575935061263,58.959216587048,46.8808191097569,-424.428665034838,-131.173720467971,1.49011611938477e-08,1.49011611938477e-08,1.78515915788107,1.39064689896601,1.30651824876363,2.52588504571587,16,45
1.205,1000,45,614.771146419085,535.951234221813,614.771146419085,13709.5986244742,13631.309258982,14573.5422618494,53.4347041737553,56.3793274286794,48.981487958739,-316.506267614079,-92.9971317566405,1.49011611938477e-08,1.49011611938477e-08,1.85937961139667,1.83486569611543,2.16022454064621,2.46993180611922,16,45
1.206,1000,45,604.922670601809,530.675691009712,604.922670601809,13469.9375050063,14054.7981153871,14438.9142804975,45.8245934216242,53.9401175524408,49.1762832775307,-284.748231674311,-66.1591434992984,1.49011611938477e-08,1.49011611938477e-08,1.93728156249895,2.06633533832541,3.08031470292623,2.63116318125506,16,45
1.207,1000,45,574.688318299036,462.614633726715,574.688318299036,13686.7600994976,14222.6581588063,14019.9234125663,37.9232442908486,52.7505386930449,48.3165965003777,-407.703622959543,-10.8559828173565,1.49011611938477e-08,1.49011611938477e-08,1.96081035019763,1.369569987633,2.32572073579446,2.1160209751036,16,45
1.208,1000,45,460.197261004253,516.229812571896,460.197261004253,14079.2461803687,13922.0748924086,13867.0628602067,36.5773649512621,53.4637311769213,47.876058599432,-659.005136066124,25.9415839902515,1.49011611938477e-08,1.49011611938477e-08,1.89125910690424,0.417976791021777,0.980003457078211,1.33812151872293,16,45
1.209,1000,45,262.286744736272,531.336848614884,262.286744736272,14150.1219357609,13514.3190137619,14193.5182522793,43.009512587816,55.7456526312135,48.246015430926,-867.698470515583,-22.5169119142693,1.49011611938477e-08,1.49011611938477e-08,1.79145192808244,1.49011611938477e-08,1.49011611938477e-08,1.41481722247603,16,45
1.21,1000,45,269.559243711144,531.17218810048,269.559243711144,13814.7630098461,13523.3192688424,14575.6730639126,50.7718093992223,58.3920676879655,48.2352377414073,-899.381452299959,-124.382680538742,1.49011611938477e-08,1.49011611938477e-08,1.83423065916574,0.244828902884103,1.49011611938477e-08,2.26204441692557,16,45
1.211,1000,45,514.986741436453,430.765362797163,514.986741436453,13437.8493299881,13938.5751763033,14481.0610317785,57.3692106334528,60.3470527684574,48.7785675736341,-843.602226728732,-200.183452993471,1.49011611938477e-08,1.49011611938477e-08,1.92162501219964,0.636413918220217,1.49011611938477e-08,3.38919653234489,16,45
1.212,1000,45,611.621559523045,-10531.7802275026,611.621559523045,13544.5433746486,14236.5282134598,14060.6168254343,60.7465197038208,61.0980724347838,49.0782558030236,-736.01831142106,-269.956736540034,1.49011611938477e-08,1.49011611938477e-08,1.95326492673906,0.957089107186663,1.49011611938477e-08,4.42471146794911,16,45
1.213,1000,45,585.615984944807,-2604.01161257012,585.615984944807,13944.19443043,14074.4598768083,13818.8541071194,60.9127166265365,60.0694502047421,48.8307752288272,-578.18725337667,-275.752625635273,1.49011611938477e-08,1.49011611938477e-08,1.91439366074375,1.23470121641441,0.462098815980653,4.04510718125419,16,45
1.214,1000,45,494.336817812374,485.516769335409,494.336817812374,14060.9707941845,13666.5147597792,14034.1320859735,60.0384992107943,56.9549035651652,48.8947767244217,-432.298489988621,-152.295722472618,1.49011611938477e-08,1.49011611938477e-08,1.82025885875191,1.43726715706575,1.20957284132006,2.37434374687197,16,45
1.215,1000,45,606.144913937088,-7764.8136402653,606.144913937088,13759.182264063,13555.0776117322,14446.9886926272,59.5255604612555,52.1857722358303,48.7859616639054,-350.125189719996,2.32912159058307,1.49011611938477e-08,1.49011611938477e-08,1.83948124630132,1.62433411101584,1.69867598559477,1.47060123398723,16,45
1.216,1000,45,587.392423142939,521.716384512582,587.392423142939,13344.3804707026,13892.9352137273,14497.6505733545,58.7971667768954,47.0838398266994,47.5188181147338,-337.499429490551,110.162773598335,1.49011611938477e-08,1.49011611938477e-08,1.91911693436369,1.79877721019414,1.90939661971109,1.17454666219615,16,45
1.217,1000,45,545.567967577769,243.550883490729,545.567967577769,13335.6421534093,14224.1793972254,14108.6214308768,58.7232557762811,43.8891565377052,45.7782083367048,-465.17098001595,129.544715417679,1.49011611938477e-08,1.49011611938477e-08,1.95271670218193,1.76062985565577,4.12760090239545,1.21742829739214,16,45
1.218,1000,45,486.407602023965,495.224323036873,486.407602023965,13755.6252098908,14122.6599531326,13760.6462706683,59.6347205519942,44.5917679151905,43.9853045812738,-701.399338072626,-3.501760696043,1.49011611938477e-08,1.49011611938477e-08,1.94195264915705,1.49581819882074,1.48867280931355,1.59820171318205,16,45
1.219,1000,45,438.347561192293,522.87143367689,438.347561192293,14081.9443197019,13692.233517207,13920.5271444743,60.4224592347338,48.6828952093487,42.4551896478565,-855.756481988969,-285.889566838855,1.49011611938477e-08,1.49011611938477e-08,1.83348384825835,1.3133689821167,1.49011611938477e-08,2.2417393419112,16,45
1.22,1000,45,402.643110361063,526.544201579643,402.643110361063,13920.8378302489,13463.3495362458,14380.131678377,60.2245380305823,53.6053743523666,40.9993856953379,-826.862165525702,-528.663548271176,1.49011611938477e-08,1.49011611938477e-08,1.81002241456489,1.29357336608999,1.49011611938477e-08,2.17130774753909,16,45
1.221,1000,45,362.602177049872,528.258465030473,362.602177049872,13500.1637290916,13729.2264172379,14563.2237166935,59.0083838503351,57.610341557916,39.6135543494578,-718.909572238633,-601.672546951924,1.49011611938477e-08,1.49011611938477e-08,1.89446324927988,1.31453122626425,1.49011611938477e-08,2.0469949668812,16,45
1.222,1000,45,298.199897375773,530.26891130326,298.199897375773,13369.9374451837,14140.6526609734,14250.4280707239,57.9120310402604,60.0416020788289,39.3751559169181,-620.966889195482,-535.802497307384,1.49011611938477e-08,1.49011611938477e-08,1.94485626955952,1.23366500933692,1.49011611938477e-08,3.21987959664252,16,45
1.223,1000,45,217.983884421019,532.679140230782,217.983884421019,13717.3733959442,14183.4597336284,13833.4761933037,57.828596065083,60.9233862140314,40.9206248023594,-555.16793744334,-387.36122298035,1.49011611938477e-08,1.49011611938477e-08,1.94550027464671,1.11481093253303,1.49011611938477e-08,16.941058569702,16,45
1.224,1000,45,207.495978215928,533.011571401746,207.495978215928,14101.6442670609,13809.4381805363,13840.0646780839,58.1880127719753,60.4544601250545,43.9462763068727,-495.798723769773,-231.277100655616,1.49011611938477e-08,1.49011611938477e-08,1.84558097734653,1.16186760440967,0.61070984222412,4.09913037275843,16,45
1.225,1000,45,389.687953534909,527.270130981509,389.687953534909,14066.5361255314,13492.7386689903,14262.9719913167,57.147300219347,58.7929139478858,47.2600501861466,-403.269624628768,-137.519615801758,1.49011611938477e-08,1.49011611938477e-08,1.78526607705292,1.45982091413916,1.35505073013234,2.64797417150869,16,45
1.226,1000,45,615.871068328199,-12669.4911406362,615.871068328199,13688.5114894669,13653.2689768036,14572.2142743637,52.7656581473311,56.2084270892975,49.3170104112554,-301.796093250974,-102.897375652177,1.49011611938477e-08,1.49011611938477e-08,1.86469266888847,1.91817495572071,2.21787947818999,2.62450225051193,16,45
1.227,1000,45,604.648482769049,530.563178458193,604.648482769049,13470.2526047768,14076.4507079502,14409.9017374025,44.9355494840005,53.7881219989441,49.5134392212006,-275.117566650252,-74.9639061098756,1.49011611938477e-08,1.49011611938477e-08,1.93979484211062,2.13295085984135,3.14752065203246,2.80987040001059,16,45
1.228,1000,45,570.914965800052,-733.054086376204,570.914965800052,13709.6370615427,14219.2117320097,13991.1141380804,37.0529002976727,52.7103490546816,48.6799782113986,-409.726754229715,-20.6510354575196,1.49011611938477e-08,1.49011611938477e-08,1.960166721004,1.36561235926194,2.23947253247213,2.24582922187837,16,45
1.229,1000,45,447.803868893633,520.511228519869,447.803868893633,14095.2710985873,13898.0762728272,13865.5138923105,36.120887114161,53.5652437878942,48.2913933865081,-664.644376243682,9.56447759684495,1.49011611938477e-08,1.49011611938477e-08,1.88380282844634,0.406482774080234,0.909858189287242,1.44455373865487,16,45
1.23,1000,45,254.2442842498,531.605631377971,254.2442842498,14138.8840697449,13501.435967196,14211.3582665465,42.934332373831,56.0127828328978,48.6374049745324,-864.970808854895,-47.0586576633196,1.49011611938477e-08,1.49011611938477e-08,1.78925559330047,1.49011611938477e-08,1.49011611938477e-08,1.5709338274461,16,45
1.231,1000,45,277.978968281489,530.919871635511,277.978968281489,13787.8489482238,13540.3274168097,14577.5326237553,50.7526970635642,58.7328003987086,48.5246877250384,-888.575874318066,-145.514241689613,1.49011611938477e-08,1.49011611938477e-08,1.83932594635253,0.322677849743054,1.49011611938477e-08,2.53965318357267,16,45
1.232,1000,45,534.233391848812,337.682477192457,534.233391848812,13430.7085084003,13964.3963707262,14457.4605712229,57.1957052665526,60.6827695111576,48.9738455972407,-826.621157560611,-224.372217596598,1.49011611938477e-08,1.49011611938477e-08,1.92454709860201,0.688083559821014,1.49011611938477e-08,3.80597141523804,16,45
1.233,1000,45,610.916338679173,533.648528762583,610.916338679173,13565.0657345119,14241.2519999935,14032.0212200764,60.3414114710133,61.3787806214549,49.1453820854169,-714.279922670084,-289.594871438425,1.49011611938477e-08,1.49011611938477e-08,1.95336174573758,1.00460668179003,1.49011611938477e-08,4.89118195683801,16,45
1.234,1000,45,581.752087886575,510.628452802831,581.752087886575,13963.7842638829,14051.1744690238,13812.7239393193,60.3815550278726,60.2908339489142,48.8753299346748,-554.594060223492,-284.198834094012,1.49011611938477e-08,1.49011611938477e-08,1.9080056047674,1.2775916305002,0.482096865102044,4.24709560792525,16,45
1.235,1000,45,514.338189032946,433.612447665407,514.338189032946,14052.5001294434,13647.1169710292,14049.6246817203,59.6175098430959,57.1522804836422,49.0163907029875,-421.334034581174,-157.410124648839,1.49011611938477e-08,1.49011611938477e-08,1.81679198563083,1.46760301646475,1.23249179160066,2.35502860552103,16,45
1.236,1000,45,602.943472712081,-6679.40384487827,602.943472712081,13734.8724226844,13563.7706702669,14458.7886279615,59.1254196337197,52.3753747909205,48.6348623342146,-338.721017622292,7.2209087452382,1.49011611938477e-08,1.49011611938477e-08,1.84343915303858,1.65111431824298,1.69913048125126,1.44859831794055,16,45
1.237,1000,45,583.603812711348,-2328.53343616296,583.603812711348,13332.1977844142,13917.6286007099,14483.3316779838,58.4598749214863,47.397150103108,47.1780869953138,-335.493393973387,111.928792464562,1.49011611938477e-08,1.49011611938477e-08,1.92203723771257,1.81575600622908,1.94108786165254,1.16032523759035,16,45
1.238,1000,45,533.454519762152,333.115526695435,533.454519762152,13352.8213492392,14230.8539691618,14081.8587845492,58.5128620478055,44.4701317327953,45.3266890516062,-474.369296751044,124.967253565907,1.49011611938477e-08,1.49011611938477e-08,1.95368552531852,1.75532167715176,4.41481775053273,1.21430587592998,16,45
1.239,1000,45,476.159945858582,506.850684592205,476.159945858582,13779.021759537,14100.4865856993,13754.8081102242,59.5979583411403,45.5468647937891,43.4819452993854,-717.072950402415,-16.3589417772182,1.49011611938477e-08,1.49011611938477e-08,1.93799681124863,1.46894383171132,1.35861679402834,1.60519628363242,16,45
1.24,1000,45,438.438676468379,522.86744928841,438.438676468379,14081.9999966785,13666.7836739984,13943.0638169194,60.5473988913762,49.7600076277153,41.8592319617684,-867.99389772295,-296.370426866627,1.49011611938477e-08,1.49011611938477e-08,1.82847694123808,1.27378925801449,1.49011611938477e-08,2.22499432504155,16,45
1.241,1000,45,418.920266672643,525.362289761783,418.920266672643,13896.7540062489,13463.6235331939,14403.990329802,60.4782029484273,54.6571212996091,40.28409969953,-840.271258914137,-519.961471807783,1.49011611938477e-08,1.49011611938477e-08,1.81359735334545,1.24314842008329,1.49011611938477e-08,2.16398821714522,16,45
1.242,1000,45,387.074605431182,527.322166689228,387.074605431182,13480.0492351913,13752.0718062832,14563.2003599734,59.3356209742392,58.5868571997668,38.7820125603557,-727.592989018638,-591.087257557462,1.49011611938477e-08,1.49011611938477e-08,1.8990770911549,1.25037223057368,1.49011611938477e-08,2.09545579781942,16,45
1.243,1000,45,327.64564405124,529.373287324175,327.64564405124,13378.1778243495,14154.1862280652,14233.0694337741,58.2828305805538,60.9328769789911,38.5132213146897,-630.36317432171,-517.549446062616,1.49011611938477e-08,1.49011611938477e-08,1.94637343953625,1.15550624516456,1.49011611938477e-08,3.52254704359122,16,45
1.244,1000,45,239.447376610756,532.033787301188,239.447376610756,13740.6656854908,14169.218073362,13829.0551451992,58.2630100724081,61.7274923565934,40.2478915639364,-566.213212409917,-361.156488213853,1.49011611938477e-08,1.49011611938477e-08,1.94342383408798,1.0372251081241,1.49011611938477e-08,16.0269283763898,16,45
1.245,1000,45,237.824165679053,532.097072270357,237.824165679053,14108.6933267707,13783.3099340732,13865.2552618638,58.6956671960625,61.1788782461353,43.6064128017047,-508.601613672927,-200.410383429216,1.49011611938477e-08,1.49011611938477e-08,1.84013990786712,1.09692268071318,0.64559387923228,3.34474536918892,16,45
1.246,1000,45,437.04494657703,523.30242570489,437.04494657703,14046.9798889939,13487.5641212323,14298.6487375901,57.6513719078593,59.4129465171999,47.1124287221163,-421.280382952041,-110.683924169279,1.49011611938477e-08,1.49011611938477e-08,1.78836133087641,1.40124818884389,1.40071645029594,2.28652532318395,16,45
1.247,1000,45,615.190969853265,536.334807538578,615.190969853265,13665.0757110948,13674.6473114387,14588.8424866915,53.1345953876813,56.7100595901396,49.1391690806046,-315.14516074919,-73.7652675494757,1.49011611938477e-08,1.49011611938477e-08,1.87110585285684,1.84394485036505,2.27629225481876,2.28039416351393,16,45
1.248,1000,45,603.632021145787,-6852.9227658275,603.632021145787,13470.3855161946,14096.4375829895,14402.1839468691,45.2821858011111,54.2710931884323,49.2730229671363,-296.218168049182,-43.3336469108504,1.49011611938477e-08,1.49011611938477e-08,1.94244650210527,2.00012129110388,3.20902862089565,2.36962824255311,16,45
1.249,1000,45,570.330147666762,-687.125301213464,570.330147666762,13731.342957162,14211.9029399946,13984.2285140606,37.8678647532513,53.2021234209691,48.5110829704358,-442.014640342116,11.4693214637984,1.49011611938477e-08,1.49011611938477e-08,1.95956762521295,1.23575230982053,2.20322935510484,1.82599612425442,16,45
1.25,1000,45,443.238390849914,521.670425695473,443.238390849914,14108.4495515042,13871.7875810793,13887.1534152128,37.4870211699705,54.0653112062178,48.2140118751385,-699.441459805315,34.8380395024489,1.49011611938477e-08,1.49011611938477e-08,1.87752031749379,0.330967651080428,0.89153955125686,1.20946402047735,16,45
1.251,1000,45,251.963224708474,531.645526857734,251.963224708474,14127.7695275729,13489.2048242892,14249.2570695096,44.2678094262463,56.4366636242501,48.5710961186351,-883.152178320916,-24.9152960539899,1.49011611938477e-08,1.49011611938477e-08,1.7893040033992,1.49011611938477e-08,1.49011611938477e-08,1.42516103650168,16,45
1.252,1000,45,300.212595067125,530.247626881503,300.212595067125,13756.0589543937,13557.8914301855,14591.9150631444,51.782933423683,59.0409591880452,48.406608914429,-901.162590033528,-128.866490359362,1.49011611938477e-08,1.49011611938477e-08,1.84615662967752,0.292160990825673,1.49011611938477e-08,2.32534489485855,16,45
1.253,1000,45,553.56856166492,182.722602020556,553.56856166492,13420.0967734647,13989.2570189841,14447.1658103152,58.0004108125914,60.8795405900121,48.9292882180316,-837.487681612046,-206.120854228899,1.49011611938477e-08,1.49011611938477e-08,1.9279196251302,0.661699370634089,1.49011611938477e-08,3.40360155334292,16,45
1.254,1000,45,609.054171378981,-9006.48333499188,609.054171378981,13581.5789549168,14243.6188349354,14018.9417847008,60.8339568682462,61.443689502096,49.0971937214436,-723.847104926656,-269.296862700997,1.49011611938477e-08,1.49011611938477e-08,1.95387780080898,0.968989025245047,1.49011611938477e-08,4.25171671531501,16,45
1.255,1000,45,579.083869308212,499.322704487969,579.083869308212,13977.4688928807,14031.9065156644,13825.2672244654,60.6656955990196,60.1552182295406,48.8378676516043,-562.775722235866,-257.222776883172,1.49011611938477e-08,1.49011611938477e-08,1.903844331748,1.23262777443107,0.562388218402259,3.62459131168994,16,45
1.256,1000,45,515.103936420085,430.807596949656,515.103936420085,14039.3139624399,13630.837112401,14080.479171753,59.8153284262121,56.7927586398617,49.1261054830999,-430.137301179417,-128.229770214853,1.49011611938477e-08,1.49011611938477e-08,1.81582114749387,1.42453578659448,1.29322799272072,2.09985784553288,16,45
1.257,1000,45,605.058667915725,530.714005739569,605.058667915725,13705.7839524537,13575.5218763158,14479.5227129024,59.1779761767733,51.887900269408,48.9428679181989,-346.277531717055,29.5194106348769,1.49011611938477e-08,1.49011611938477e-08,1.84889346204628,1.61995637107624,1.70808800279243,1.35091757780112,16,45
1.258,1000,45,586.727193038318,520.963183445622,586.727193038318,13315.980051895,13941.7567314983,14474.0118296988,58.4165268288509,46.8581457530981,47.6935846679271,-347.730087076845,127.697089700741,1.49011611938477e-08,1.49011611938477e-08,1.92536290467828,1.78250516581017,1.9455104485651,1.11446427980435,16,45
1.259,1000,45,537.294789200245,307.124869371001,537.294789200245,13367.4062361052,14238.5207942792,14058.9853743749,58.445267102427,44.046736083296,45.9932643548783,-496.324458055149,131.373479596645,1.49011611938477e-08,1.49011611938477e-08,1.95494657112758,1.71083198181993,4.6389421911818,1.19784819596051,16,45
1.26,1000,45,475.603390769587,506.742396710304,475.603390769587,13806.3859706676,14082.957214999,13752.8995692187,59.4379894959267,45.2373367221451,44.2294971987153,-736.933029968691,-26.0998384734966,1.49011611938477e-08,1.49011611938477e-08,1.93404707498685,1.44144571733211,1.26193592540582,1.62030060050938,16,45
1.261,1000,45,427.895246099261,524.33001063971,427.895246099261,14088.1839640347,13646.0043580051,13969.7248656336,60.1659416338345,49.5725522757453,42.6626964298186,-867.773972906256,-303.790825698455,1.49011611938477e-08,1.49011611938477e-08,1.82331836757158,1.28101274038081,1.49011611938477e-08,2.25354480832464,16,45
1.262,1000,45,398.646647824048,526.731435841622,398.646647824048,13876.5673620542,13469.3620701862,14426.5087296463,59.8385727471841,54.4621045872472,41.0617745765436,-827.090248430735,-538.173294483609,1.49011611938477e-08,1.49011611938477e-08,1.81721949210098,1.27500669245154,1.49011611938477e-08,2.12579320440591,16,45
1.263,1000,45,358.379483295347,528.413276376059,358.379483295347,13461.9529533419,13778.4063549739,14553.0460107472,58.5172750195411,58.3232397565235,39.5916726627731,-711.040637445008,-598.281462996328,1.49011611938477e-08,1.49011611938477e-08,1.90331711155145,1.28922476232271,1.49011611938477e-08,2.07908845273691,16,45
1.264,1000,45,294.269599699218,530.404518631496,294.269599699218,13389.2414070957,14169.4571693095,14200.4319475158,57.470576504052,60.5898934331648,39.4345836516724,-616.402333192254,-517.762519501599,1.49011611938477e-08,1.49011611938477e-08,1.94752749430307,1.19371204018601,1.49011611938477e-08,3.56535582834029,16,45
1.265,1000,45,213.234791126988,532.819861449752,213.234791126988,13769.6699548292,14156.4370193246,13809.7896416204,57.4716250324594,61.3325439105955,41.1367996088626,-553.057190261184,-361.140847280357,1.49011611938477e-08,1.49011611938477e-08,1.94005544264566,1.07838525501326,1.49011611938477e-08,16.7119352913056,16,45
1.266,1000,45,222.458899136082,532.57097342904,222.458899136082,14122.3955700434,13759.6876104152,13876.935437271,57.803532533897,60.7517616941152,44.3013577029589,-495.365924472943,-213.52347530786,1.49011611938477e-08,1.49011611938477e-08,1.83249990986161,1.14814297424616,0.691253956502903,3.55692293433496,16,45
1.267,1000,45,419.973612854299,525.404736116745,419.973612854299,14034.0595136432,13485.0501751637,14316.7670822267,56.5150539253944,58.9773281060739,47.6095412821086,-400.688653900938,-123.317960684688,1.49011611938477e-08,1.49011611938477e-08,1.78947350883374,1.46516382146911,1.44889513546378,2.46605381889995,16,45
1.268,1000,45,615.787711162978,-12650.8685616716,615.787711162978,13646.0862719586,13697.4363862603,14581.5754743184,51.7511066045277,56.3465672323334,49.5338262852021,-298.648717778269,-88.9479631294277,1.49011611938477e-08,1.49011611938477e-08,1.87618381109732,1.91169171676084,2.33627299531343,2.48491321324846,16,45
1.269,1000,45,602.785339249567,529.82246143394,602.785339249567,13474.4248798043,14115.0309220014,14368.4301613043,43.7338820048026,54.0259234132128,49.6334294286862,-290.798399834445,-58.5824920664931,1.49011611938477e-08,1.49011611938477e-08,1.94459380772846,2.03293049145833,3.22584208637723,2.58802279042198,16,45
1.27,1000,45,565.453816171833,-193.303619558372,565.453816171833,13755.7854312746,14204.1054013261,13954.3587055915,36.4870376817849,53.149585226398,48.8934235048602,-447.667341456117,-5.28587222048118,1.49011611938477e-08,1.49011611938477e-08,1.9580717774771,1.20045951893308,2.05901905706235,1.97286071065232,16,45
1.271,1000,45,425.204615664747,524.631910535465,425.204615664747,14122.7376778044,13846.6488351729,13885.8819141158,36.7509126745702,54.2146270248452,48.6517318248757,-692.866508301374,12.3488676743912,1.49011611938477e-08,1.49011611938477e-08,1.86961739168733,0.29886920284383,0.807947095668344,1.3376231369948,16,45
1.272,1000,45,261.240500394959,531.396144728283,261.240500394959,14115.4988624305,13479.1410710559,14264.8538462974,43.9868617695346,56.7709436314062,48.9762536981424,-878.035817698837,-55.4730762210742,1.49011611938477e-08,1.49011611938477e-08,1.78791793839703,1.49011611938477e-08,1.49011611938477e-08,1.62079380671055,16,45
1.273,1000,45,307.475864875994,530.028956422087,307.475864875994,13729.9738498133,13576.8420036091,14587.6093880639,51.5948433919843,59.4456573345023,48.7153590009327,-885.226284077368,-159.887784296549,1.49011611938477e-08,1.49011611938477e-08,1.85114160701365,0.36720257994127,1.49011611938477e-08,2.68176478967824,16,45
1.274,1000,45,571.972792298581,-19.5272637887995,571.972792298581,13417.7685402409,14013.3633210859,14418.3765260338,57.7031747174772,61.2752384280563,49.1251298848027,-816.428592166296,-236.285394314384,1.49011611938477e-08,1.49011611938477e-08,1.93034918451538,0.720267112939342,1.49011611938477e-08,3.9610678196901,16,45
1.275,1000,45,608.719013826487,532.465318380417,608.719013826487,13605.6324993111,14244.396281882,13988.7679913514,60.3928597961933,61.7865225125564,49.1723541896948,-697.030674904411,-294.612394468896,1.49011611938477e-08,1.49011611938477e-08,1.95345240664945,1.02715876691772,1.49011611938477e-08,4.89508980821906,16,45
1.276,1000,45,574.697147370575,-1183.80723991921,574.697147370575,13997.0429909903,14007.9232848857,13820.2041355804,60.1758077407645,60.442421091974,48.8787145820741,-542.32505203753,-274.846857728991,1.49011611938477e-08,1.49011611938477e-08,1.89677373652897,1.28905184199963,0.577068035251355,3.93916519309373,16,45
1.277,1000,45,523.456111432024,395.264757064801,523.456111432024,14029.8309369672,13614.5296901264,14095.0308754725,59.487239756112,57.0398854599737,49.1606334380173,-409.24762140442,-129.112446130106,1.49011611938477e-08,1.49011611938477e-08,1.813126071639,1.47005850527698,1.31250817840715,2.13951679973559,16,45
1.278,1000,45,602.890958452189,529.770781724538,602.890958452189,13678.4131655688,13587.3760088437,14483.8459293815,58.9860276874278,52.1332292259876,48.7384104799286,-334.621981013365,30.6490866096674,1.49011611938477e-08,1.49011611938477e-08,1.85318250002075,1.65567024108651,1.70799107307205,1.35240668531091,16,45
1.279,1000,45,580.448614925985,-1888.79942371199,580.448614925985,13303.6815205589,13966.5515010047,14452.1391907379,58.3322778433947,47.2285279900697,47.3176868495566,-347.097606850824,123.848694987183,1.49011611938477e-08,1.49011611938477e-08,1.92792622771186,1.80675975030288,1.9932072145897,1.11817225863756,16,45
1.28,1000,45,528.364583606274,366.391134978673,528.364583606274,13383.9995733192,14241.0173216668,14027.6929725356,58.442349621164,44.6710908101534,45.5472894932673,-505.435851836352,117.159101317586,1.49011611938477e-08,1.49011611938477e-08,1.95580298470141,1.72044148529288,4.81620533061528,1.21796369203658,16,45
1.281,1000,45,475.336735978962,507.542383466677,475.336735978962,13826.9590858918,14058.4907055461,13746.0929839818,59.4901591764519,46.1930270965753,43.8385929563861,-736.478861313698,-39.9590434799534,1.49011611938477e-08,1.49011611938477e-08,1.92924095723183,1.44220014324646,1.15559551051388,1.662308864375,16,45
1.282,1000,45,430.638473923445,524.072752126704,430.638473923445,14082.9749334682,13621.922562951,13989.6690030388,60.2684097280777,50.59227598552,42.3697745794707,-870.65355457758,-328.848632649321,1.49011611938477e-08,1.49011611938477e-08,1.81902515374503,1.27767427381028,1.49011611938477e-08,2.23989522916579,16,45
1.283,1000,45,402.943868697817,526.526662108089,402.943868697817,13847.9713074818,13473.0665356099,14442.6922266491,60.0118068929246,55.4224731494486,40.8913434514236,-825.314757148998,-550.755568882741,1.49011611938477e-08,1.49011611938477e-08,1.82153196784672,1.26726961307976,1.49011611938477e-08,2.06889830207802,16,45
1.284,1000,45,365.410687871068,528.160222928121,365.410687871068,13439.7022206365,13801.9156559379,14543.1370074434,58.7701812081169,59.1786772676079,39.5117602116422,-710.452054455721,-599.830256665283,1.49011611938477e-08,1.49011611938477e-08,1.907513087091,1.27492660028708,1.49011611938477e-08,2.07343106652519,16,45
1.285,1000,45,300.280843858351,530.204640701046,300.280843858351,13396.5863774373,14180.2220158003,14174.35456012,57.8055200355714,61.3370479986894,39.417494471138,-617.459899362545,-512.571213745265,1.49011611938477e-08,1.49011611938477e-08,1.94873498556786,1.1753758684383,1.49011611938477e-08,3.72518865719504,16,45
1.286,1000,45,218.314704097711,532.66605244982,218.314704097711,13789.6606369438,14139.386413254,13799.4815553099,57.8752023390879,61.9735822176833,41.2549860541487,-557.281809777417,-360.213711747013,1.49011611938477e-08,1.49011611938477e-08,1.93688082764161,1.06803454891743,1.49011611938477e-08,14.1940960544861,16,45
1.287,1000,45,237.547568070709,532.119579746202,237.547568070709,14124.7053077724,13733.9673548614,13896.3169183723,58.1945642509032,61.2943826764585,44.5672242640942,-494.884367904549,-203.682713888899,1.49011611938477e-08,1.49011611938477e-08,1.82678934366202,1.15157923475384,0.728276323720562,3.30107662893807,16,45
1.288,1000,45,453.733418393655,519.459458881875,453.733418393655,14010.9212770332,13483.1774753602,14342.9739703451,56.7544014737524,59.3952468362651,47.8802696912963,-396.88220500855,-116.100511175806,1.49011611938477e-08,1.49011611938477e-08,1.79285421368446,1.4781524086085,1.49630788977257,2.35823800691431,16,45
1.289,1000,45,614.128736721611,535.723524603355,614.128736721611,13621.2958535663,13720.2490647868,14585.4078439096,51.7484641242106,56.6557657860209,49.6848700247576,-296.498898408574,-82.0345175923772,1.49011611938477e-08,1.49011611938477e-08,1.88200321913867,1.91755612645599,2.39161999567118,2.3866924654885,16,45
1.29,1000,45,601.315043751922,-6089.06307566692,601.315043751922,13475.1785720395,14132.4105490548,14349.4831888511,43.5628680189326,54.3191549891749,49.6788059940257,-297.75302511247,-48.7372518772346,1.49011611938477e-08,1.49011611938477e-08,1.946829604754,1.99075220090827,3.27399506497165,2.43136861800034,16,45
1.291,1000,45,563.205739434678,184.484564655764,563.205739434678,13775.5380155904,14192.8941519826,13940.3937539349,36.6133908831918,53.4692873703501,48.9685062395965,-454.226564074867,2.85189171922105,1.49011611938477e-08,1.49011611938477e-08,1.95660467063822,1.13326120214609,2.01084328904945,1.79980969871602,16,45
1.292,1000,45,414.672082800751,525.62838835473,414.672082800751,14130.7605933456,13819.2461531695,13901.1743062755,37.3597710212879,54.5664419151607,48.789994895823,-713.998940285899,17.6331370290643,1.49011611938477e-08,1.49011611938477e-08,1.86283133049047,0.244419294894853,0.778149319098657,1.25340009067414,16,45
1.293,1000,45,248.706835071541,531.765514910016,248.706835071541,14098.6907404244,13469.2722129732,14292.8380583698,44.7086140766123,57.0752095711211,49.1260609174683,-889.458410896854,-55.7218079755017,1.49011611938477e-08,1.49011611938477e-08,1.78855857414287,1.49011611938477e-08,1.49011611938477e-08,1.59953278467168,16,45
1.294,1000,45,335.052677191804,529.214058595844,335.052677191804,13700.9573870491,13596.1627685542,14593.1309889878,52.119731032286,59.6595271728096,48.8278658798066,-887.480580703306,-159.098723612424,1.49011611938477e-08,1.49011611938477e-08,1.85730033003606,0.372272056772506,1.49011611938477e-08,2.65060132000606,16,45
1.295,1000,45,593.494426911854,-267.40833873163,593.494426911854,13413.4317243652,14035.9236434861,14402.137508906,57.9420685524027,61.4017955255249,49.1681171887949,-814.987027120221,-233.745377303725,1.49011611938477e-08,1.49011611938477e-08,1.93306783985448,0.719480215717974,1.49011611938477e-08,3.86980361240871,16,45
1.296,1000,45,606.817804636029,-8061.54179741403,606.817804636029,13626.4378642585,14242.9727960956,13974.0246128892,60.3287783732714,61.7996891158846,49.1353886789397,-701.605001830109,-284.944871597643,1.49011611938477e-08,1.49011611938477e-08,1.95336218270854,1.01367310200379,1.49011611938477e-08,4.63801195778901,16,45
1.297,1000,45,570.643795785707,406.094590046681,570.643795785707,14010.2534974384,13986.1867468865,13832.2227066268,59.9879224762222,60.2775008815048,48.8133652947239,-541.287002271863,-254.634975882557,1.49011611938477e-08,1.49011611938477e-08,1.89186823493357,1.25970642915328,0.636083949655626,3.56444032240594,16,45
1.298,1000,45,537.713479820064,310.937663190081,537.713479820064,14018.5813902974,13599.6967104518,14125.6573239722,59.3447201214575,56.6896295573077,49.1733581995574,-413.613355233116,-102.449774457637,1.49011611938477e-08,1.49011611938477e-08,1.81238309272758,1.4340405434574,1.35946721397524,1.9537397785465,16,45
1.299,1000,45,603.532205371977,-6810.29233757512,603.532205371977,13655.5477950286,13601.1889948066,14502.3475423027,58.7196945064353,51.6947573717858,48.6804750593966,-338.893446848973,52.0815131925486,1.49011611938477e-08,1.49011611938477e-08,1.85814808943971,1.62727768602152,1.71745053026419,1.2709055098605,16,45
1.3,1000,45,583.528497193353,-2329.01097043541,583.528497193353,13298.2190217109,13988.8408872725,14441.7228336429,58.0352982305702,46.8006742180455,47.2482325367356,-358.099045572651,140.736799773706,1.49011611938477e-08,1.49011611938477e-08,1.93046281742983,1.76990933268245,2.03422949411393,1.07003870103157,16,45
1.301,1000,45,526.747592829668,375.298845688569,526.747592829668,13408.9468957601,14246.0971571677,14010.3150591823,58.2228088958957,44.412017596527,45.4625591446118,-515.43232732468,131.776632657506,1.49011611938477e-08,1.49011611938477e-08,1.95663070756618,1.66185981195424,4.90436096625131,1.1862556598793,16,45
1.302,1000,45,464.899357542446,514.050898183157,464.899357542446,13857.940523492,14038.8874223551,13753.4522699463,59.3182354324085,46.0507781778466,43.6817431430404,-757.771155977914,-38.1472432514292,1.49011611938477e-08,1.49011611938477e-08,1.92410993008155,1.38505676188951,1.0570411959262,1.64382957557606,16,45
1.303,1000,45,422.768549137866,524.997888483816,422.768549137866,14088.6039761943,13602.6815319523,14023.28134163,60.0448213339758,50.5644851640552,42.1273912123747,-879.544107963502,-330.91094906239,1.49011611938477e-08,1.49011611938477e-08,1.81474850290309,1.23553011864552,1.49011611938477e-08,2.26457309093851,16,45
1.304,1000,45,400.454380542694,526.669319779819,400.454380542694,13830.0756828495,13481.6361369648,14469.370488069,59.7066782545306,55.3879986826469,40.5216152732694,-824.908309190373,-544.597870789386,1.49011611938477e-08,1.49011611938477e-08,1.8256396841671,1.23078013697844,1.49011611938477e-08,2.12904825807291,16,45
1.305,1000,45,364.840632950661,528.179963897876,364.840632950661,13429.1329724402,13828.1150133902,14538.6221851286,58.4323963187411,59.0862306090727,39.1457118429856,-709.241697859683,-583.019953165063,1.49011611938477e-08,1.49011611938477e-08,1.91128978118088,1.23083089918438,1.49011611938477e-08,2.20539136275763,16,45
1.306,1000,45,300.15832289696,530.207998287348,300.15832289696,13415.4465655707,14192.2545081554,14153.399770447,57.5292900863559,61.1760944688731,39.1942412034575,-622.244486549309,-496.078546777292,1.49011611938477e-08,1.49011611938477e-08,1.94979329091372,1.12467884443515,1.49011611938477e-08,4.27834192886033,16,45
1.307,1000,45,209.503316479605,532.929857015257,209.503316479605,13821.4457627223,14123.5756769139,13796.0793466986,57.640085785679,61.75804149873,41.1597617017754,-559.676533827167,-335.612060163554,1.49011611938477e-08,1.49011611938477e-08,1.93295031272068,1.02632715453603,1.49011611938477e-08,10.638535020582,16,45
1.308,1000,45,234.523700078046,532.209913236736,234.523700078046,14136.2429289257,13711.4188628627,13922.1794420785,57.9021624960866,61.0246932911975,44.5289012868907,-495.655362030313,-183.727919060636,1.49011611938477e-08,1.49011611938477e-08,1.82073162344059,1.12779881807756,0.772452160635645,3.01697449303667,16,45
1.309,1000,45,452.756797702335,519.837538781262,452.756797702335,13996.1055072698,13484.1562613933,14370.7557588883,56.2973944898222,59.0927042976696,47.869307576288,-395.843052654989,-101.629025303201,1.49011611938477e-08,1.49011611938477e-08,1.79580086952113,1.46490906563707,1.54610377982209,2.24613393286212,16,45
1.31,1000,45,614.691301055338,-11956.2066429717,614.691301055338,13605.0298443498,13744.2939631352,14586.6841785557,51.1266755936748,56.3991926563558,49.6894232614161,-299.785553631824,-70.3353082092568,1.49011611938477e-08,1.49011611938477e-08,1.88728329445975,1.89351250541354,2.45339665950019,2.29500313207539,16,45
1.311,1000,45,601.119186054038,-6028.79668118385,601.119186054038,13483.1950332515,14148.6801601356,14325.9026426119,42.9896922874868,54.1705917516587,49.7287408728348,-307.140835606966,-40.2390578316219,1.49011611938477e-08,1.49011611938477e-08,1.94885903964051,1.9166102852624,3.27456114865647,2.31429066843895,16,45
1.312,1000,45,559.860536401114,87.4815778156745,559.860536401114,13801.4956317583,14182.1350917839,13924.3138187634,36.4773937422305,53.480158207664,49.1051016549649,-476.983045323068,9.36015084656568,1.49011611938477e-08,1.49011611938477e-08,1.95459557981387,1.05684770004157,1.89614962405084,1.70130829921572,16,45
1.313,1000,45,407.668854195843,526.209010513279,407.668854195843,14143.2816698263,13794.5025940229,13914.4905776965,37.7670715745313,54.7344814119364,48.9830649075507,-733.970810615463,14.0512913476303,1.49011611938477e-08,1.49011611938477e-08,1.85573972147153,0.201378582283267,0.713682150841259,1.24147429425561,16,45
1.314,1000,45,256.978203014497,531.49509537354,256.978203014497,14085.0524570147,13463.1652689227,14319.2275217285,45.1826031484969,57.3735181678226,49.2354894849851,-894.398123397661,-68.0584114749986,1.49011611938477e-08,1.49011611938477e-08,1.78909370974481,1.49011611938477e-08,1.49011611938477e-08,1.65754159534969,16,45
1.315,1000,45,340.474622254602,529.015675527686,340.474622254602,13670.0918843724,13618.0503295752,14590.3462188287,52.5118124145604,59.991089148588,48.8854253328542,-882.985634826949,-170.580869700431,1.49011611938477e-08,1.49011611938477e-08,1.86318568516932,0.407981972836975,1.49011611938477e-08,2.75876452065327,16,45
1.316,1000,45,605.978528844707,-502.758489160497,605.978528844707,13409.5811234579,14059.1659812731,14376.1108848568,58.1757315108664,61.7067862185187,49.211320683735,-812.181969754209,-240.59599133944,1.49011611938477e-08,1.49011611938477e-08,1.93541346455033,0.747795704595516,1.49011611938477e-08,3.99090715341076,16,45
1.317,1000,45,605.665100663934,-7607.79401120808,605.665100663934,13647.2207862396,14240.9219897492,13950.371802222,60.3807297149598,62.0370874977527,49.1448748503833,-689.114185743926,-292.1859336486,1.49011611938477e-08,1.49011611938477e-08,1.95258739902754,1.04204826405116,1.49011611938477e-08,4.68912531145591,16,45
1.318,1000,45,565.138242067204,-217.691404867867,565.138242067204,14023.7281011967,13962.2287935021,13834.9631895483,59.9116503359188,60.4524630171409,48.8848732589026,-526.009528733765,-255.185594836693,1.49011611938477e-08,1.49011611938477e-08,1.88512626485043,1.28978187646522,0.669318513518903,3.51846043707852,16,45
1.319,1000,45,548.433727205013,226.221462835855,548.433727205013,14004.1420390727,13586.7020633938,14146.9980105887,59.291545326089,56.8265230447515,49.3540826612278,-402.104940974619,-98.474770240569,1.49011611938477e-08,1.49011611938477e-08,1.81137988483195,1.4632039026952,1.38629869552747,1.91622628192524,16,45
1.32,1000,45,602.191595568253,529.54030168424,602.191595568253,13625.5931258945,13616.6173473244,14509.3019309481,58.6533472560482,51.8177563865215,48.7874547095295,-331.747207645503,52.6289918688963,1.49011611938477e-08,1.49011611938477e-08,1.86315696455966,1.65686181498282,1.7110623747595,1.25977343287991,16,45
1.321,1000,45,574.733965497069,458.508008033453,574.733965497069,13285.5605147002,14013.7845916997,14421.6065724007,57.9820766420447,47.0053044638131,47.3326691831584,-354.352765545809,133.668457307214,1.49011611938477e-08,1.49011611938477e-08,1.93292240097313,1.79306939391182,2.06881881686788,1.07652346258053,16,45
1.322,1000,45,527.206674861684,372.561458747737,527.206674861684,13424.2758805883,14245.3550153201,13981.7807628481,58.2131435885197,44.8043323188865,45.5653548066187,-524.292465689567,117.94102478936,1.49011611938477e-08,1.49011611938477e-08,1.95740155685435,1.67280569019673,4.84529855396691,1.21131228578728,16,45
1.323,1000,45,471.367469987847,510.032818705648,471.367469987847,13875.800402777,14013.9286498012,13751.1871160652,59.3191968723167,46.6691706116004,43.8394079340204,-765.265825045809,-64.3970002810163,1.49011611938477e-08,1.49011611938477e-08,1.9186214086558,1.3955171465865,0.988413753081835,1.69098469773951,16,45
1.324,1000,45,433.202818335814,523.710664846721,433.202818335814,14080.8433777808,13582.3478826441,14045.532641723,60.021363353615,51.1649906347,42.2690893142614,-875.376120888774,-356.549973793879,1.49011611938477e-08,1.49011611938477e-08,1.81118565798206,1.25284662133707,1.49011611938477e-08,2.25027782342151,16,45
1.325,1000,45,404.748097238371,526.417375217555,404.748097238371,13801.8580330404,13490.5454618827,14483.9635994792,59.6190702476286,55.8828576205927,40.6117743060348,-813.00134981872,-559.170531416911,1.49011611938477e-08,1.49011611938477e-08,1.83030065703455,1.254517110692,1.49011611938477e-08,2.05796001835908,16,45
1.326,1000,45,364.280387898592,528.198864354204,364.280387898592,13410.6181807012,13853.6687125064,14525.9796944744,58.2791320917127,59.4424163272188,39.1439479609064,-702.441828698881,-589.727060078848,1.49011611938477e-08,1.49011611938477e-08,1.9149899648042,1.25292516579009,1.49011611938477e-08,2.16238801115298,16,45
1.327,1000,45,291.731337103293,530.460818799605,291.731337103293,13426.8048355779,14201.6217677306,14126.9760727135,57.3804977150689,61.4008122266837,39.1482785454775,-611.931987147349,-493.417441411592,1.49011611938477e-08,1.49011611938477e-08,1.95082110865854,1.13956135586352,1.49011611938477e-08,4.37801824688315,16,45
1.328,1000,45,217.14875433597,532.715892951567,217.14875433597,13841.8292634326,14105.2861540864,13788.6297980692,57.5530379178826,61.8630468822681,41.1729670209925,-551.827884457492,-327.078865066534,1.49011611938477e-08,1.49011611938477e-08,1.92890390407232,1.03865322865463,1.49011611938477e-08,9.46222461789592,16,45
1.329,1000,45,253.290772369351,531.667905051236,253.290772369351,14136.9840341274,13687.5296886909,13944.0216686945,57.850042202414,61.0295840427539,44.6254643338994,-488.542385144105,-174.729433571058,1.49011611938477e-08,1.49011611938477e-08,1.81529282436556,1.14452333668646,0.811971764074993,2.86152634624486,16,45
1.33,1000,45,480.258754213206,504.063491451982,480.258754213206,13973.2514019975,13486.3071365113,14395.6981356847,56.1709319371253,58.9827739849672,47.9268151141691,-388.060493019418,-95.2982220942347,1.49011611938477e-08,1.49011611938477e-08,1.79956704613113,1.48601345513652,1.59023453216148,2.1718647435355,16,45
1.331,1000,45,613.155874924799,534.910858988157,613.155874924799,13584.2815299314,13768.8579073584,14587.3461103938,50.8579560905315,56.1990808484307,49.6170600037447,-298.558082836521,-65.381660893352,1.49011611938477e-08,1.49011611938477e-08,1.89247611845987,1.90390275502489,2.49681901923969,2.22343184056536,16,45
1.332,1000,45,599.403178446127,528.625648813412,599.403178446127,13489.4064619591,14163.3942867839,14305.8218327816,42.6363523193315,53.9469366536589,49.5592263387272,-312.463097557478,-31.0349810039578,1.49011611938477e-08,1.49011611938477e-08,1.95069149249286,1.87436080824051,3.28465589664063,2.19246761795724,16,45
1.333,1000,45,551.443093332106,192.693834155939,551.443093332106,13823.6648726305,14168.3176918469,13913.7869778316,36.4580325998026,53.2839195114584,48.9507784508821,-493.056629239527,19.4711671449053,1.49011611938477e-08,1.49011611938477e-08,1.95216734525771,0.991406616918765,1.83742753949889,1.56575782212074,16,45
1.334,1000,45,388.888801405262,527.193733270557,388.888801405262,14150.7015176641,13767.6784706055,13933.3910292367,38.2404990634082,54.5777797244344,48.8832380626594,-751.147736173807,19.1859937542153,1.49011611938477e-08,1.49011611938477e-08,1.84880747120997,0.113940156786777,0.680062483130907,1.18083442684892,16,45
1.335,1000,45,248.37054633836,531.775684402824,248.37054633836,14067.633232586,13456.7373046997,14347.2060991882,45.7914105690817,57.1814184384705,49.1456312638435,-901.359246245391,-67.1289214769804,1.49011611938477e-08,1.49011611938477e-08,1.79037199323035,1.49011611938477e-08,1.49011611938477e-08,1.6454697844799,16,45
1.336,1000,45,365.545791254089,528.197272206869,365.545791254089,13644.1804826476,13639.6557045329,14592.5291993401,52.9796426708518,59.7197704334879,48.8157371786873,-885.216154118069,-163.547097280329,1.49011611938477e-08,1.49011611938477e-08,1.86893191420967,0.416884025432581,1.49011611938477e-08,2.72340028470989,16,45
1.337,1000,45,613.05038852403,-10796.2581000668,613.05038852403,13410.5276123232,14079.3852473354,14357.1486578256,58.3767762870005,61.3477804383561,49.1163070357531,-808.907167301552,-236.028549562138,1.49011611938477e-08,1.49011611938477e-08,1.93767915544194,0.751929979968072,1.49011611938477e-08,3.89438864779931,16,45
1.338,1000,45,603.988894703811,-6987.29958879967,603.988894703811,13670.890211091,14235.4807030136,13936.5391474998,60.330416782414,61.5762235522864,49.0166351109434,-685.166213499681,-283.066135664795,1.49011611938477e-08,1.49011611938477e-08,1.95187523382823,1.03681124558327,1.49011611938477e-08,4.46275905022918,16,45
1.339,1000,45,560.717102669264,36.4228538172776,560.717102669264,14035.1237222598,13937.775401037,13848.9482646114,59.7953820543476,59.8453785030283,48.7445700570558,-525.300247405741,-235.451372973705,1.49011611938477e-08,1.49011611938477e-08,1.8798064092115,1.27070046640807,0.719358554859905,3.24220295196866,16,45
1.34,1000,45,546.768757516652,240.802324748499,546.768757516652,13990.4860565639,13573.8088240254,14175.6088335851,59.2592168146693,56.0801492754065,49.2880822853699,-407.874091943069,-74.8907288208279,1.49011611938477e-08,1.49011611938477e-08,1.81144606611293,1.43715246588732,1.42479749176774,1.78591771772144,16,45
1.341,1000,45,603.557010128264,-6865.62273984217,603.557010128264,13598.8928311516,13632.3879997576,14519.8060477765,58.6303737418817,51.0360907653902,48.8109373315065,-343.897739258632,65.574758531569,1.49011611938477e-08,1.49011611938477e-08,1.86841213778367,1.62794172549162,1.73079142295778,1.19651030039563,16,45
1.342,1000,45,579.06907866956,-1720.89685007974,579.06907866956,13278.4245701502,14033.8895998582,14402.2618562613,57.9780160817283,46.3135776213198,47.4486671163999,-373.584067934652,145.126017085004,1.49011611938477e-08,1.49011611938477e-08,1.93525996550581,1.75154255717817,2.16372962762765,1.04513269358954,16,45
1.343,1000,45,527.303006852194,369.771102555065,527.303006852194,13446.1063088778,14246.0887669977,13959.0305034677,58.2361036827922,44.3856458250166,45.7563371205149,-552.748038048526,117.059185361801,1.49011611938477e-08,1.49011611938477e-08,1.95810028189544,1.62144551750875,4.54273038603322,1.20577921521944,16,45
1.344,1000,45,458.866350624112,517.217595503936,458.866350624112,13899.5160326388,13990.9761397744,13755.2887257255,59.2851877059011,46.4899142711045,44.0961221463457,-788.46110466575,-79.8208490701571,1.49011611938477e-08,1.49011611938477e-08,1.9131724805624,1.36173539052199,0.878658003305569,1.71010374203664,16,45
1.345,1000,45,416.462941996678,525.580340650219,416.462941996678,14077.3943377018,13563.8405659439,14073.1314423683,59.8253301810256,51.1805861812194,42.6636422977744,-881.156260678156,-376.928765655594,1.49011611938477e-08,1.49011611938477e-08,1.80847667498866,1.24433818510584,1.49011611938477e-08,2.257149215622,16,45
1.346,1000,45,386.429275345119,527.354743854911,386.429275345119,13776.8003180627,13500.8837407481,14500.3627966307,59.2702908702462,55.9421134128917,41.1137313264995,-813.97135656259,-564.755475636302,1.49011611938477e-08,1.49011611938477e-08,1.83528830800502,1.25863623856678,1.49011611938477e-08,2.04485441699646,16,45
1.347,1000,45,344.316001097285,528.858754449089,344.316001097285,13396.2574847875,13878.4339686072,14509.2973248781,57.8836963746434,59.479241077092,39.8446632073478,-697.582749003131,-589.686885833979,1.49011611938477e-08,1.49011611938477e-08,1.91848569532644,1.25623437498647,1.49011611938477e-08,2.21351433639716,16,45
1.348,1000,45,274.309777334243,530.98398753706,274.309777334243,13442.4825148636,14209.3481857426,14096.0440580222,57.0542166270643,61.4005524860911,40.0337778341338,-609.250456332427,-488.048378512024,1.49011611938477e-08,1.49011611938477e-08,1.95157620565787,1.14440402598398,1.49011611938477e-08,4.6418979505297,16,45
1.349,1000,45,190.489920363722,533.51320017529,190.489920363722,13868.6008772547,14086.8121597396,13777.9076031379,57.2284835777939,61.8392634863554,42.0726662431675,-547.475119206117,-324.085080596947,1.49011611938477e-08,1.49011611938477e-08,1.92391336455517,1.05710666938112,1.49011611938477e-08,9.10918272520889,16,45
1.35,1000,45,240.536797243172,532.029695745207,240.536797243172,14141.9448549499,13666.2381007377,13961.163545478,57.3488099632182,60.988058749202,45.3882319030791,-477.709700184045,-179.082137548269,1.49011611938477e-08,1.49011611938477e-08,1.80973154949274,1.18045726126014,0.858639824914441,2.96244346366976,16,45
1.351,1000,45,475.540329216425,508.348648771184,475.540329216425,13953.3702161316,13490.8149032356,14410.9752418357,55.3365518899455,58.938509691752,48.5401417656361,-378.743886454029,-107.197666885177,1.49011611938477e-08,1.49011611938477e-08,1.80315124437734,1.53549670764476,1.6470751501439,2.29582834375014,16,45
1.352,1000,45,613.41145722404,535.162589695299,613.41145722404,13566.815070002,13793.8109178996,14574.3839993965,49.667097778243,56.2442349515867,50.139099548912,-288.367068578709,-76.5668036512526,1.49011611938477e-08,1.49011611938477e-08,1.89737197680432,1.94861765657056,2.57864519212367,2.36882301207773,16,45
1.353,1000,45,598.159968863467,528.216779063159,598.159968863467,13497.6056688702,14176.9597147564,14270.819074308,41.3296163921181,54.1794125294986,50.0595446411747,-314.939561815599,-42.2163027936163,1.49011611938477e-08,1.49011611938477e-08,1.95243132679675,1.86853779835304,3.26701509737979,2.32427845836358,16,45
1.354,1000,45,549.69058800765,207.881509100058,549.69058800765,13846.8296964817,14153.6197386099,13889.9795883756,35.525251784119,53.7685114982429,49.4985726135022,-506.638897390298,4.41778390067736,1.49011611938477e-08,1.49011611938477e-08,1.94916353005508,0.946216303682987,1.70300984858818,1.65303795444883,16,45
1.355,1000,45,387.991650307808,527.245302181271,387.991650307808,14157.4623477695,13742.1365116022,13939.4873258451,37.9903610922163,55.2897733175776,49.4655046614969,-763.190976863436,-4.20604240225518,1.49011611938477e-08,1.49011611938477e-08,1.8417034116422,0.0581213401700847,0.589515066220892,1.29417257429154,16,45
1.356,1000,45,246.865280442106,531.82652743483,246.865280442106,14049.5282785575,13453.1788493364,14363.316361937,45.8272407198515,58.0717195889299,49.6446745346001,-897.845242511707,-91.1597791516703,1.49011611938477e-08,1.49011611938477e-08,1.79163690096015,1.49011611938477e-08,1.49011611938477e-08,1.84362592480975,16,45
1.357,1000,45,360.56675402641,528.363659303311,360.56675402641,13619.4534240938,13662.4447712095,14583.9117607819,53.048230770552,60.6801042726409,49.1864657207494,-875.253153111472,-193.064954548976,1.49011611938477e-08,1.49011611938477e-08,1.87400131156153,0.467649689972123,1.49011611938477e-08,3.09959457313168,16,45
1.358,1000,45,616.090898666325,-12717.8485523203,616.090898666325,13413.5720450821,14099.9687970535,14325.9456165614,58.3802533746184,62.3138636246373,49.357039876407,-792.744947221872,-265.100304385229,1.49011611938477e-08,1.49011611938477e-08,1.93957938181729,0.799911621078515,1.49011611938477e-08,4.47697828461598,16,45
1.359,1000,45,603.081089149401,-6673.53205904714,603.081089149401,13696.0104319935,14230.5877080665,13910.8690561031,60.261404190882,62.4900995044358,49.1506888796957,-661.195852625529,-306.231379494335,1.49011611938477e-08,1.49011611938477e-08,1.95034511384311,1.0883416576167,1.49011611938477e-08,5.04165782042324,16,45
1.36,1000,45,558.751307261167,129.73773890904,558.751307261167,14049.407091576,13914.4523566113,13850.4419923003,59.7023204722328,60.691110367255,48.8615149965426,-505.08238847353,-252.645052118652,1.49011611938477e-08,1.49011611938477e-08,1.87255274262974,1.32648766287594,0.734154593665204,3.4385851956114,16,45
1.361,1000,45,572.67541317979,-31.7848048275625,572.67541317979,13981.3066879991,13563.9316524328,14198.3954225251,59.2151192397514,56.8947181354196,49.2832608722377,-388.00006861294,-86.3770402948953,1.49011611938477e-08,1.49011611938477e-08,1.81059902331502,1.4931570650019,1.4385138798696,1.82174144703625,16,45
1.362,1000,45,600.380346152347,528.904058381532,600.380346152347,13578.196503957,13650.2921330369,14524.703741873,58.5433344797616,51.8781811128206,48.4108102748641,-323.409200058697,62.2869822897473,1.49011611938477e-08,1.49011611938477e-08,1.87264483501409,1.68989920306661,1.71288535144036,1.22051159879797,16,45
1.363,1000,45,572.278733456823,403.633770812128,572.278733456823,13279.0453365699,14057.2363116999,14381.8044467974,57.959062054172,47.3002838317792,46.7742644290763,-362.960637017017,140.142925255931,1.49011611938477e-08,1.49011611938477e-08,1.93697317032379,1.80558449114452,2.20782563321432,1.06859665115301,16,45
1.364,1000,45,515.622868592814,424.267387526045,515.622868592814,13473.6976008188,14241.9199429911,13935.9599605856,58.3910484580502,45.6068553410875,44.9220266244837,-553.447920154528,107.684778427841,1.49011611938477e-08,1.49011611938477e-08,1.95814550391092,1.64350076081874,4.39105936917415,1.23458331090214,16,45
1.365,1000,45,456.482521446787,517.894759448459,456.482521446787,13924.0925844348,13964.6335442577,13761.82822477,59.6239316457291,47.9168943684132,43.1651427143454,-792.853966597803,-93.7833756058775,1.49011611938477e-08,1.49011611938477e-08,1.9061699503098,1.35421656142989,0.811307641405981,1.74831228871403,16,45
1.366,1000,45,434.118480543732,523.576433210932,434.118480543732,14072.5284725718,13545.1694885224,14101.1369767669,60.3623132386384,52.5484645143718,41.5545469696219,-883.517074615154,-369.678545788771,1.49011611938477e-08,1.49011611938477e-08,1.80516090048605,1.21501575453076,1.49011611938477e-08,2.26802425394315,16,45
1.367,1000,45,410.228606217139,526.056537977072,410.228606217139,13754.1009183309,13512.0745637922,14517.3190620442,59.9875265770357,57.1876439760606,39.848496055899,-816.204754242937,-558.55935351214,1.49011611938477e-08,1.49011611938477e-08,1.83981050825447,1.21068287623606,1.49011611938477e-08,2.0653054655517,16,45
1.368,1000,45,370.56858687113,527.974937701155,370.56858687113,13387.0869429862,13903.1138225508,14501.1262106872,58.7461726842257,60.5860634324415,38.4457386138196,-701.52723381262,-575.23069181268,1.49011611938477e-08,1.49011611938477e-08,1.92158282065136,1.18901688293234,1.49011611938477e-08,2.30145017672394,16,45
1.369,1000,45,293.604822919677,530.421038638846,293.604822919677,13462.0430170298,14215.0148081714,14079.5863513115,58.0236852350017,62.3746160122853,38.6830899369061,-613.997712403205,-467.011133950724,1.49011611938477e-08,1.49011611938477e-08,1.95242384770616,1.06803600922689,1.49011611938477e-08,5.43274920605579,16,45
1.37,1000,45,226.300268167663,532.425553923362,226.300268167663,13891.140336371,14065.4016150261,13783.9487147302,58.2918073678417,62.6692289348539,41.0289126316189,-553.608196583825,-296.400669316913,1.49011611938477e-08,1.49011611938477e-08,1.91924955240749,0.994402388214753,1.49011611938477e-08,6.59405353739471,16,45
1.371,1000,45,277.208434207574,530.932021096115,277.208434207574,14141.30288903,13643.0572178118,13994.9162367801,58.4546215173871,61.6646635872652,44.7003051349398,-488.406703984919,-155.412290730285,1.49011611938477e-08,1.49011611938477e-08,1.80556010066575,1.13989980114833,0.894888292982327,2.52945303175823,16,45
1.372,1000,45,516.584773724262,426.824279078027,516.584773724262,13930.3807594759,13495.3585635203,14444.0312586804,56.3895498232048,59.4515886675701,48.0064726057164,-383.957870994565,-80.0803092302174,1.49011611938477e-08,1.49011611938477e-08,1.8079754835265,1.50705906556987,1.69223154352346,2.02992507098421,16,45
1.373,1000,45,612.924589076187,534.81684662742,612.924589076187,13549.1922728252,13818.5774876106,14581.9081455859,50.6773678455873,56.6092296519442,49.5685725799682,-296.439682313422,-49.666101515221,1.49011611938477e-08,1.49011611938477e-08,1.90233469851371,1.91143658100268,2.62329566835424,2.09992318434368,16,45
1.374,1000,45,597.310154331132,527.940566084695,597.310154331132,13507.9455361631,14188.9944934289,14260.5478508319,42.4145974358472,54.4322285626518,49.4497920535577,-331.521870884347,-12.4005469697397,1.49011611938477e-08,1.49011611938477e-08,1.95410290516582,1.79033529866679,3.31531770554661,2.00942571323185,16,45
1.375,1000,45,543.494300697534,260.665319378035,543.494300697534,13869.7665480809,14137.8054739232,13893.7509248106,36.9381263445504,53.9361075827585,48.9034014513038,-531.612629711147,34.5760583840828,1.49011611938477e-08,1.49011611938477e-08,1.94624378218306,0.891363493888785,1.70599448941212,1.39710498543983,16,45
1.376,1000,45,363.80184309918,528.179588518632,363.80184309918,14162.5890562298,13716.8033365525,13971.781874875,39.5187687271369,55.377658830232,48.9123110369766,-776.127899189077,23.4196538750688,1.49011611938477e-08,1.49011611938477e-08,1.83594617819108,1.49011611938477e-08,0.599924413137845,1.13594804855446,16,45
1.377,1000,45,246.015581484851,531.846325025051,246.015581484851,14029.6824979287,13450.8786697556,14399.9678589845,47.1301715892945,58.0131964741657,49.0969164704563,-912.230144442649,-69.8470097337478,1.49011611938477e-08,1.49011611938477e-08,1.79460915796651,1.49011611938477e-08,1.49011611938477e-08,1.67589555482484,16,45
1.378,1000,45,402.247059277325,526.671911262722,402.247059277325,13589.2515181344,13686.3986535477,14587.8124176528,54.1577140757447,60.4602112167666,48.8373690091518,-886.558213783988,-167.664179162247,1.49011611938477e-08,1.49011611938477e-08,1.88020722419218,0.440184620429662,1.49011611938477e-08,2.72600718422178,16,45
1.379,1000,45,616.007736420544,536.809365887373,616.007736420544,13412.0189081197,14118.5980430916,14310.6821939299,59.1183203565763,61.9366403013286,49.1100326607481,-804.393449584082,-238.337868700472,1.49011611938477e-08,1.49011611938477e-08,1.94171196176931,0.765517187078601,1.49011611938477e-08,3.80092314524676,16,45
1.38,1000,45,601.008043615296,-6002.57679645829,601.008043615296,13713.9938907453,14221.2617579526,13904.7151655293,60.6437337658721,61.9505571352134,48.9699992683219,-673.878388019013,-278.183902552357,1.49011611938477e-08,1.49011611938477e-08,1.94929009051234,1.04272387003516,1.49011611938477e-08,4.16343375413439,16,45
1.381,1000,45,549.518638118632,208.942080689471,549.518638118632,14051.878371872,13888.8359365504,13872.4309955578,59.89682874518,59.9492497771084,48.7807943764123,-520.11209785072,-220.854781354152,1.49011611938477e-08,1.49011611938477e-08,1.86804326226609,1.26975562463788,0.815445904349733,2.9077387778598,16,45
1.382,1000,45,569.41023222659,8.37033000747147,569.41023222659,13961.7008627646,13554.493323824,14233.0786419267,59.3271235997753,55.927086845889,49.4193742137972,-404.055078332887,-58.328730208847,1.49011611938477e-08,1.49011611938477e-08,1.81246100856384,1.44138616099376,1.49388279693303,1.63913797279177,16,45
1.383,1000,45,598.079493014813,-5185.87183743867,598.079493014813,13547.2841072352,13668.9737113631,14537.7309951794,58.5249327989505,50.7627329386944,48.8349341259899,-339.718325859111,82.0163113761684,1.49011611938477e-08,1.49011611938477e-08,1.87850149099245,1.64216865509821,1.72822623713415,1.14164439625374,16,45
1.384,1000,45,571.805153767073,428.283216826625,571.805153767073,13269.2151789728,14076.5117257558,14364.3064935099,57.8487841393558,46.1514997345392,47.4679097050248,-385.698131258291,151.743249600527,1.49011611938477e-08,1.49011611938477e-08,1.93929112589582,1.74933036745444,2.28127430736684,1.03373574662888,16,45
1.385,1000,45,515.882198989198,423.25029934954,515.882198989198,13490.935813268,14239.6098211813,13916.5802578233,58.2379430085368,44.6023303521266,45.7879991525611,-583.427963711185,107.117842652268,1.49011611938477e-08,1.49011611938477e-08,1.95872876457321,1.5859348095946,4.00013832245154,1.22743354268375,16,45
1.386,1000,45,460.030767534182,516.725442774116,460.030767534182,13941.6844590201,13941.0383319641,13769.93988291,59.3393384252837,47.0497729095358,44.1029659786183,-804.931025717629,-95.8053335184667,1.49011611938477e-08,1.49011611938477e-08,1.90056401068189,1.32809821810693,0.731756589063604,1.76725504810279,16,45
1.387,1000,45,419.615227772925,525.301287123712,419.615227772925,14064.8780058196,13530.7329740885,14130.0139397842,59.7924839383366,51.8103817519215,42.5369980593287,-883.275350845863,-392.637603118727,1.49011611938477e-08,1.49011611938477e-08,1.8036069567802,1.22902270349927,1.49011611938477e-08,2.2681321061668,16,45
1.388,1000,45,389.810036719562,527.203666725058,389.810036719562,13728.6230708499,13527.1204520357,14531.7995521051,59.0917674195727,56.4527906561033,40.7974612552232,-801.720199430035,-573.670842521138,1.49011611938477e-08,1.49011611938477e-08,1.84511197733873,1.25025817307026,1.49011611938477e-08,2.03292875617622,16,45
1.389,1000,45,343.762884806845,528.875442908648,343.762884806845,13376.0964397447,13928.6483567793,14481.1847399836,57.6502846004947,59.8029920134349,39.5106319146844,-686.048299937552,-578.472989972039,1.49011611938477e-08,1.49011611938477e-08,1.92466057556091,1.2341326780088,1.49011611938477e-08,2.3214783378481,16,45
1.39,1000,45,269.12118937899,531.138146339934,269.12118937899,13480.9801723529,14220.2789695949,14048.4072668554,56.9136588437335,61.5418109532513,39.8689386526516,-602.228579652967,-463.653153101848,1.49011611938477e-08,1.49011611938477e-08,1.95291393038655,1.11011187954072,1.49011611938477e-08,5.61106801009981,16,45
1.391,1000,45,197.173199002507,533.312571943242,197.173199002507,13918.136106489,14045.1070513576,13775.6809654821,57.1797150879452,61.8224750614851,42.1275136782054,-546.419977259354,-303.247177338875,1.49011611938477e-08,1.49011611938477e-08,1.91333761856086,1.03432665869386,1.49011611938477e-08,6.80326266035811,16,45
1.392,1000,45,267.508237393392,531.241230701062,267.508237393392,14144.4673843408,13623.3376980097,14012.6501238353,57.2343759451451,60.8293570328236,45.5606480936137,-476.427634708286,-161.477502506254,1.49011611938477e-08,1.49011611938477e-08,1.80062315167359,1.18208626350768,0.93779051131764,2.68185051967014,16,45
1.393,1000,45,514.520727416176,433.90153809342,514.520727416176,13911.7781367531,13503.0446566237,14456.523933741,54.9307143899667,58.6408467010594,48.6257957244915,-371.073992044764,-92.4105521989692,1.49011611938477e-08,1.49011611938477e-08,1.81191346487473,1.55181497541217,1.73906274811728,2.18671120397963,16,45
1.394,1000,45,612.216674942414,-10562.9975477554,612.216674942414,13537.6310693165,13843.431834024,14566.0364709884,48.8981352305785,55.9304732175851,50.0166922575732,-289.987565992965,-63.7466137974488,1.49011611938477e-08,1.49011611938477e-08,1.90658687243859,1.93806732582505,2.68784347729456,2.27578513092909,16,45
1.395,1000,45,595.342932590751,527.281199979617,595.342932590751,13522.8195445127,14199.0538603492,14225.3677643781,40.577435313537,53.9836659639149,49.8263783224365,-337.576638589172,-26.0132166075495,1.49011611938477e-08,1.49011611938477e-08,1.95542987495809,1.7471604625302,3.16426806190654,2.1549446403464,16,45
1.396,1000,45,539.40150236534,291.875843516702,539.40150236534,13896.1714851292,14119.6430282697,13873.4293482951,35.6197400901526,53.7656648447769,49.3160259938654,-533.264783035834,16.0428972458244,1.49011611938477e-08,1.49011611938477e-08,1.94196015750367,0.818392747376788,1.54291387592217,1.48607753246309,16,45
1.397,1000,45,362.090556614708,528.23787416781,362.090556614708,14170.3989944661,13691.7533934853,13981.181127278,39.0017713595628,55.4556355964463,49.3605144335317,-785.740684314175,-0.790859763812809,1.49011611938477e-08,1.49011611938477e-08,1.82868432834841,1.49011611938477e-08,0.49678287552473,1.25913723041692,16,45
1.398,1000,45,250.7200197874,531.70560801211,250.7200197874,14014.2399094995,13450.6250157205,14415.3459270444,46.8923869410874,58.2589932647114,49.4667426847178,-906.164078780289,-98.4392607359414,1.49011611938477e-08,1.49011611938477e-08,1.79622444190401,1.49011611938477e-08,1.49011611938477e-08,1.89227941826834,16,45
1.399,1000,45,382.183603977337,527.609936549068,382.183603977337,13571.8727035785,13710.1191549537,14576.3957184736,53.9559167256846,60.760874148388,49.1199885326107,-871.480394036476,-195.201409617536,1.49011611938477e-08,1.49011611938477e-08,1.88461911223151,0.494435499760232,1.49011611938477e-08,3.12603572176167,16,45
1.4,1000,45,618.391683655602,-14445.1667987389,618.391683655602,13423.2601647313,14136.6278850587,14278.5269049706,58.904759744876,62.2352393657971,49.3098933276941,-783.241506250768,-265.756641031182,1.49011611938477e-08,1.49011611938477e-08,1.94326301442961,0.822599812320724,1.49011611938477e-08,4.42838777496767,16,45
1.401,1000,45,600.274380815679,528.941088492046,600.274380815679,13744.4889948144,14213.871502649,13881.5512454914,60.4020042996358,62.1900733918332,49.0856539357965,-653.829071864335,-300.02649322225,1.49011611938477e-08,1.49011611938477e-08,1.94690501006736,1.10644577811405,1.49011611938477e-08,4.78464169365161,16,45
1.402,1000,45,548.955564113352,213.862798788388,548.955564113352,14067.1605888359,13865.7652748355,13876.5892299574,59.6832411186478,60.1225802201881,48.8569538400067,-490.311640502091,-231.339072891878,1.49011611938477e-08,1.49011611938477e-08,1.86064811000159,1.33741459183253,0.827001572603733,3.13848276170706,16,45
1.403,1000,45,583.870429615948,-177.76052966981,583.870429615948,13948.0625398732,13547.1524059432,14251.0338406457,59.2597090857247,56.1145388196394,49.3313235716592,-381.814249694965,-61.2764130095116,1.49011611938477e-08,1.49011611938477e-08,1.81252923064579,1.50248257927491,1.50263355742249,1.70229008024866,16,45
1.404,1000,45,600.568583051534,-5841.48082797213,600.568583051534,13524.9399749405,13688.3316871805,14533.9215250641,58.5735309865383,51.0298604158773,48.4549328730209,-327.122943501285,78.2141748065241,1.49011611938477e-08,1.49011611938477e-08,1.88267502836315,1.69737766937162,1.73463940082052,1.17960959245292,16,45
1.405,1000,45,572.92529027636,420.065103282635,572.92529027636,13270.7365868428,14096.5917240077,14335.6902421936,58.033955254609,46.6209397791528,46.8600674656235,-384.726521311624,142.614896651748,1.49011611938477e-08,1.49011611938477e-08,1.94078365400839,1.79116025559216,2.40147236292934,1.07235276720121,16,45
1.406,1000,45,512.57825870537,437.205456154488,512.57825870537,13518.5387601352,14232.4221239491,13889.9471260716,58.5254001697738,45.3451001539845,45.0727049361254,-577.236266869943,93.7785585950149,1.49011611938477e-08,1.49011611938477e-08,1.95832479428675,1.60983585226294,3.61032536121666,1.28238622369855,16,45
1.407,1000,45,446.689420677422,520.946489174901,446.689420677422,13963.0958820558,13914.1677573905,13775.1151601248,59.6545937920292,48.006644945936,43.4037219690609,-806.838573781021,-124.828799682976,1.49011611938477e-08,1.49011611938477e-08,1.89311575165322,1.34420958787216,0.657843517101384,1.8407863650245,16,45
1.408,1000,45,416.793640293562,525.522153459328,416.793640293562,14054.8119349313,13514.9670616032,14153.4238209718,60.1449551508448,52.7167603381867,41.9043859625657,-875.949123157411,-414.801506092493,1.49011611938477e-08,1.49011611938477e-08,1.80156945804827,1.2397064863274,1.49011611938477e-08,2.25492448262674,16,45
1.409,1000,45,393.484413815801,527.030425623684,393.484413815801,13703.0352941492,13541.3857030369,14539.23969902,59.5100499284235,57.2461462392733,40.3047967178744,-792.08677863235,-581.106293029181,1.49011611938477e-08,1.49011611938477e-08,1.85007925698649,1.25399135185044,1.49011611938477e-08,1.99927737029618,16,45
1.41,1000,45,350.257467910265,528.688234177174,350.257467910265,13366.1412165874,13953.0383943899,14461.8229867748,58.1871328455108,60.454785729429,39.1184782495466,-679.127029395399,-576.683765705881,1.49011611938477e-08,1.49011611938477e-08,1.92737752750369,1.22887519787475,1.49011611938477e-08,2.34544662356068,16,45
1.411,1000,45,271.631640372801,531.079306884738,271.631640372801,13499.680500807,14223.5110059083,14022.7311186822,57.5690176853746,62.0589707784101,39.5904333786291,-600.275083658538,-464.956648137863,1.49011611938477e-08,1.49011611938477e-08,1.95330442145241,1.10581244181346,1.49011611938477e-08,6.04312179589117,16,45
1.412,1000,45,203.215019819162,533.123760563322,203.215019819162,13938.0467889673,14023.0427342492,13774.7541728004,57.8942715635406,62.2050302084143,42.0274867992119,-540.772373318161,-295.099896809766,1.49011611938477e-08,1.49011611938477e-08,1.90749020579345,1.04642907610718,0.0642166264199187,6.21235396486088,16,45
1.413,1000,45,278.595316209482,530.895918652136,278.595316209482,14139.9908286333,13603.8697891448,14037.2604622858,57.8766974358031,61.0754790988979,45.594778517442,-467.407462842323,-155.789807130388,1.49011611938477e-08,1.49011611938477e-08,1.79683296394161,1.21447076471255,0.976947868392403,2.60465993738604,16,45
1.414,1000,45,531.007219147689,356.712770661754,531.007219147689,13885.5907295385,13512.2290655267,14475.2010637822,55.3809279216963,58.7637691434574,48.6818150469507,-359.695563484962,-89.270516385508,1.49011611938477e-08,1.49011611938477e-08,1.81689114782081,1.60008107339145,1.78642194557254,2.16874115041708,16,45
1.415,1000,45,611.942629031635,534.229586549403,611.942629031635,13520.2017535813,13869.412223713,14556.9140594606,49.2075735917789,55.9551610390564,50.0356373923097,-283.655629665529,-60.9659554747019,1.49011611938477e-08,1.49011611938477e-08,1.91101542608972,1.98716551806518,2.74338106891142,2.27053961330312,16,45
1.416,1000,45,594.537380830316,-4283.22056239903,594.537380830316,13533.6250250066,14209.1940814463,14201.8032038263,40.7986040963715,53.9671099319916,49.800539132127,-334.407704459983,-23.9613046278542,1.49011611938477e-08,1.49011611938477e-08,1.95686722459941,1.7553436998449,3.18508566972533,2.12800344758732,16,45
1.417,1000,45,532.412210213315,339.509519148452,532.412210213315,13916.185941743,14102.4015108051,13867.0301191036,36.0104749868737,53.7563370590777,49.2831758732172,-545.100111483349,20.3577839089958,1.49011611938477e-08,1.49011611938477e-08,1.93808600256423,0.804215960834641,1.50769704173339,1.45140130145471,16,45
1.418,1000,45,335.536924591166,529.124855309483,335.536924591166,14169.8866774346,13668.4773243803,14002.3942777641,39.5842148440997,55.4676603127737,49.3498552770884,-796.451398712982,-1.27901142664921,1.49011611938477e-08,1.49011611938477e-08,1.823256511373,1.49011611938477e-08,0.467565764524874,1.25721172190847,16,45
1.419,1000,45,241.469873379783,531.987978929439,241.469873379783,13989.9516673153,13452.4811825031,14437.9093805804,47.4616758903642,58.2295600066334,49.4496799365034,-907.732537419485,-101.033309650171,1.49011611938477e-08,1.49011611938477e-08,1.79968190889589,1.49011611938477e-08,1.49011611938477e-08,1.90755860423508,16,45
1.42,1000,45,429.485114722953,524.323850182619,429.485114722953,13547.9300549977,13736.1501257324,14571.9849947769,54.3858324542496,60.6521874434381,49.1777793013127,-869.155677911207,-194.549409638226,1.49011611938477e-08,1.49011611938477e-08,1.88991284591892,0.511708231541503,1.49011611938477e-08,3.09896577015306,16,45
1.421,1000,45,615.819845123458,536.802468480605,615.819845123458,13428.2121911669,14153.6103872532,14255.8282160155,58.9796689243988,62.0346829027921,49.3226589386731,-784.657758250799,-259.401091173898,1.49011611938477e-08,1.49011611938477e-08,1.94493100646044,0.829186204458898,1.49011611938477e-08,4.28953443802455,16,45
1.422,1000,45,597.77559367758,-5081.65642791514,597.77559367758,13764.9604167212,14201.7342862134,13871.2350194007,60.2052323234004,61.878230581769,49.0804312963172,-649.322551926607,-290.651585221669,1.49011611938477e-08,1.49011611938477e-08,1.94486407422447,1.10154725422422,1.49011611938477e-08,4.47331727299472,16,45
1.423,1000,45,536.680882223087,310.826872032184,536.680882223087,14068.8273104827,13840.1756203697,13894.0253346199,59.4377746411653,59.6857701478332,48.9082888822063,-490.749227300257,-211.402473722169,1.49011611938477e-08,1.49011611938477e-08,1.85559804669795,1.31682238117573,0.877442803205078,2.86550766339917,16,45
1.424,1000,45,592.921387712535,-922.795087690024,592.921387712535,13933.7502408766,13541.4840867041,14283.7366871925,58.993248416234,55.5328410397657,49.4034062192491,-385.099836055725,-40.8647488097897,1.49011611938477e-08,1.49011611938477e-08,1.81442445825184,1.48148970192515,1.5352798345078,1.58940106014701,16,45
1.425,1000,45,597.535038075574,527.898025667731,597.535038075574,13502.1967737018,13709.6488733399,14542.494513611,58.2474170484159,50.4192130931137,48.534162274929,-333.890272152082,93.6865239553049,1.49011611938477e-08,1.49011611938477e-08,1.88771111289543,1.67541517995275,1.74306698383998,1.12307672817845,16,45
1.426,1000,45,563.106341776115,-74.8413343857019,563.106341776115,13272.0524415477,14115.8358560262,14317.2226573481,57.7248715477133,46.1259509104182,46.9747021235229,-393.746279101513,151.840281688378,1.49011611938477e-08,1.49011611938477e-08,1.94255407679129,1.75401776272467,2.51923345946342,1.04135851796275,16,45
1.427,1000,45,502.626207704578,465.185936321679,502.626207704578,13543.4056414959,14226.9223077126,13875.15358377,58.3299643232166,45.129008409992,45.1906710232608,-602.527643058683,96.0815382343045,1.49011611938477e-08,1.49011611938477e-08,1.95813170706435,1.55502653408001,3.22471966795481,1.26470714545533,16,45
1.428,1000,45,462.162602734037,515.771752814098,462.162602734037,13981.599643103,13889.5878885511,13789.8572919549,59.5176348542604,47.99866887152,43.469292965722,-828.318781208573,-130.36214101187,1.49011611938477e-08,1.49011611938477e-08,1.8869024050109,1.29591549276116,0.570709491528446,1.83206612017067,16,45
1.429,1000,45,426.753311079839,524.55661112021,426.753311079839,14046.2194212176,13503.1541933244,14185.4778123342,59.9576375499039,52.8267256397999,41.8743306597613,-884.522649634184,-418.663895280287,1.49011611938477e-08,1.49011611938477e-08,1.80103271387177,1.20424689968543,1.49011611938477e-08,2.26717002817459,16,45
1.43,1000,45,398.992997997647,526.747191287296,398.992997997647,13680.0312499969,13558.733170875,14555.6173202513,59.2297305302191,57.3470466224738,40.127075371049,-793.569969073509,-575.444861498371,1.49011611938477e-08,1.49011611938477e-08,1.85543176549414,1.22163204286272,1.49011611938477e-08,2.04410578487917,16,45
1.431,1000,45,349.854990991453,528.679070563363,349.854990991453,13362.6270361451,13977.4853955855,14448.8647030825,57.8529319211915,60.5059665051525,38.9502429547742,-685.583152381545,-564.891281920269,1.49011611938477e-08,1.49011611938477e-08,1.93006011825434,1.18699309234286,1.49011611938477e-08,2.4993236369421,16,45
1.432,1000,45,266.341722402752,531.219699933992,266.341722402752,13524.0562601188,14225.1820931492,14005.0015944688,57.2579255789403,62.056779599803,39.5484678188106,-604.007110970192,-441.910310857797,1.49011611938477e-08,1.49011611938477e-08,1.95363268614069,1.05560584203184,1.49011611938477e-08,7.44658230831088,16,45
1.433,1000,45,204.187652454586,533.102001620153,204.187652454586,13963.8649351637,14000.4110958615,13782.6828687081,57.6171198101743,62.1686788677631,42.1180649064247,-546.597586229958,-269.445483121732,1.49011611938477e-08,1.49011611938477e-08,1.90153783621184,1.00155448697994,0.193926525275013,5.09918606881327,16,45
1.434,1000,45,292.980628712389,530.478011595053,292.980628712389,14139.7030685764,13585.319987455,14068.8704767738,57.5696951046727,61.0159731439618,45.7467518256674,-473.218887299683,-134.011480337505,1.49011611938477e-08,1.49011611938477e-08,1.79384600043498,1.17954266883294,1.01761856771812,2.38637838632709,16,45
1.435,1000,45,548.662046371656,225.643927305023,548.662046371656,13866.9091839741,13522.5910070485,14498.4589810182,54.943139692102,58.6607740370253,48.7917318669778,-365.672774729653,-71.9302669544106,1.49011611938477e-08,1.49011611938477e-08,1.82217049546607,1.56441054760461,1.83809809237881,2.03636036988244,16,45
1.436,1000,45,611.227439282436,533.826994388875,611.227439282436,13511.5916929097,13894.2242937279,14552.2120922408,48.6053431226968,55.9177544456864,50.050580264402,-296.32221584477,-45.9228377740826,1.49011611938477e-08,1.49011611938477e-08,1.91516988474957,1.92005459066378,2.81195125076501,2.12565036319161,16,45
1.437,1000,45,592.397416938881,526.368918852488,592.397416938881,13551.7662315259,14216.1646812356,14180.905757591,40.406498844804,54.0700005542802,49.8152178188347,-356.907977540913,-7.04746643816528,1.49011611938477e-08,1.49011611938477e-08,1.95802754808384,1.62998364643311,3.08003370917311,1.94162205209687,16,45
1.438,1000,45,526.973752763169,369.885483021866,526.973752763169,13942.1792900607,14082.1736221881,13864.9200756931,36.2669958837688,54.0169521298998,49.3740195856039,-574.74264158494,31.9008329730924,1.49011611938477e-08,1.49011611938477e-08,1.93340501878102,0.717246698547387,1.41695572211393,1.31844920843358,16,45
1.439,1000,45,340.486131168367,528.973189975814,340.486131168367,14175.2068702417,13645.1737822397,14028.8321393525,40.3185083555706,55.8327193020239,49.4743972765688,-818.9899034816,1.33911222399337,1.49011611938477e-08,1.49011611938477e-08,1.81767188222476,1.49011611938477e-08,0.409740753684709,1.21796374938655,16,45
1.44,1000,45,256.33274254355,531.537798191766,256.33274254355,13973.1588440486,13456.104317397,14465.6546235243,48.0863774453053,58.6226035565986,49.4610835927016,-914.027966721119,-103.252758373255,1.49011611938477e-08,1.49011611938477e-08,1.80306228429636,1.49011611938477e-08,1.49011611938477e-08,1.91332335926325,16,45
1.441,1000,45,421.984942192443,525.243125424807,421.984942192443,13528.1972100541,13761.289684464,14567.1347075234,54.9517475559273,61.0092521757058,49.234606163334,-873.65737199304,-190.876649978557,1.49011611938477e-08,1.49011611938477e-08,1.89477504434519,0.518474309590138,1.49011611938477e-08,3.08120374630031,16,45
1.442,1000,45,616.197906815314,-12910.2195419157,616.197906815314,13437.1317551813,14169.0709213466,14232.0975464848,59.4392715612694,62.3184761016946,49.4000387310971,-782.270201404376,-259.84963115613,1.49011611938477e-08,1.49011611938477e-08,1.94649247830313,0.83867888577374,1.49011611938477e-08,4.24108621885859,16,45
1.443,1000,45,596.577458263024,-4775.11026100999,596.577458263024,13789.9182687729,14191.6970752747,13859.7863134308,60.5216688380657,62.0383596522194,49.1581080158203,-641.333011961152,-288.618270996422,1.49011611938477e-08,1.49011611938477e-08,1.94223510250031,1.11512044110832,1.49011611938477e-08,4.35810143648302,16,45
1.444,1000,45,533.835770355266,329.847589245546,533.835770355266,14075.4791870303,13817.7815662994,13909.1535633555,59.6431703942404,59.695995293125,49.0449427952074,-479.579242592966,-204.2374160675,1.49011611938477e-08,1.49011611938477e-08,1.84977336236348,1.3372724682066,0.923653823951042,2.78491064596535,16,45
1.445,1000,45,602.744364659178,-454.581019329078,602.744364659178,13914.1431281034,13537.6605589956,14308.6218295256,59.1653259641213,55.4755608242636,49.5312916886847,-375.657159256804,-34.394271977239,1.49011611938477e-08,1.49011611938477e-08,1.81636666892577,1.50765875206028,1.5586328847538,1.57164648714551,16,45
1.446,1000,45,599.226718001088,-5452.51987647847,599.226718001088,13477.347833481,13730.9292904415,14542.2267835267,58.382032833254,50.3409144047306,48.634012573655,-329.290966918581,91.0547832460012,1.49011611938477e-08,1.49011611938477e-08,1.89233313973587,1.70422692362629,1.74037500944909,1.13129245422699,16,45
1.447,1000,45,565.142722903329,-216.046783220148,565.142722903329,13272.4335028351,14133.2109407308,14291.0476226471,57.8914403699843,46.1470660855026,47.0580015492254,-398.449159910421,148.661498674418,1.49011611938477e-08,1.49011611938477e-08,1.94411708736718,1.77239294817843,2.61891314050942,1.06661354477022,16,45
1.448,1000,45,508.258911529072,449.652850584354,508.258911529072,13569.1306339242,14216.9575231911,13852.8896122604,58.5127450559222,45.3391603466201,45.2884437940737,-613.473774328139,79.9717940170417,1.49011611938477e-08,1.49011611938477e-08,1.95740329586483,1.56498548410081,2.96265667850046,1.31529232271308,16,45
1.449,1000,45,433.540076883108,523.677048012045,433.540076883108,13999.762475844,13862.5586931614,13799.3782532321,59.6222855785342,48.3910662797063,43.6121493525548,-830.742869397287,-160.696477439003,1.49011611938477e-08,1.49011611938477e-08,1.87932411564985,1.31637947138463,0.509022700967752,1.9118229428043,16,45
1.45,1000,45,411.913502415836,525.939987252618,411.913502415836,14033.3552144688,13490.8980038801,14209.3825749852,59.9657118601588,53.2148484542751,42.0132744893873,-873.235158272151,-446.771578552034,1.49011611938477e-08,1.49011611938477e-08,1.79999734812627,1.23587801370381,1.49011611938477e-08,2.23988055426609,16,45
1.451,1000,45,386.144027032663,527.366367975492,386.144027032663,13654.5638958752,13576.0161333658,14558.5472542016,59.144021078025,57.673903925783,40.2813953192703,-782.987155751907,-588.512450259466,1.49011611938477e-08,1.49011611938477e-08,1.86046282738899,1.25731361885508,1.49011611938477e-08,1.97277040988384,16,45
1.452,1000,45,341.554211564157,528.944513216159,341.554211564157,13355.3263576196,14000.5914549292,14422.4319294578,57.7719099989832,60.7360643605369,39.1149969450156,-670.431612149477,-572.600053955834,1.49011611938477e-08,1.49011611938477e-08,1.93239709071973,1.21810150297319,1.49011611938477e-08,2.44640018137859,16,45
1.453,1000,45,266.771243040986,531.22379577244,266.771243040986,13544.4727519484,14225.035174704,13974.8267005963,57.2333080145316,62.1970786798225,39.7270736462368,-590.051487189,-445.900439499181,1.49011611938477e-08,1.49011611938477e-08,1.95355939934418,1.08657184602826,1.49011611938477e-08,7.32376803249671,16,45
1.454,1000,45,201.43415205333,533.185707955256,201.43415205333,13983.1459449822,13977.0272993116,13779.5314461018,57.6035793702082,62.2243977744098,42.3090433265589,-531.551804442234,-273.928522971233,1.49011611938477e-08,1.49011611938477e-08,1.89471370222521,1.04256892315561,0.27453469326271,5.29120726313097,16,45
1.455,1000,45,298.780638992732,530.289241756253,298.780638992732,14133.343662625,13568.2355422232,14088.7974998807,57.4416510339808,60.9927586449365,45.8820174170635,-454.435134229956,-143.029832955969,1.49011611938477e-08,1.49011611938477e-08,1.79053951604314,1.23628634335733,1.06382387744838,2.49440424059961,16,45
1.456,1000,45,561.519447497698,100.373388098974,561.519447497698,13841.5077660415,13534.4481700559,14509.1898757853,54.5708634255128,58.6140814457331,48.8035087596765,-351.087694455632,-85.7977197061784,1.49011611938477e-08,1.49011611938477e-08,1.82698393925573,1.63677822059878,1.88815961635686,2.1609130184084,16,45
1.457,1000,45,610.469901129188,533.379815521645,610.469901129188,13499.2338297653,13919.1856835286,14534.451706369,48.0139866857001,55.8700128154953,49.9436758220018,-283.080650517807,-57.7876878844115,1.49011611938477e-08,1.49011611938477e-08,1.91889256617279,1.99130583362787,2.8743849249068,2.27193265363994,16,45
1.458,1000,45,590.610088535078,525.121404872087,590.610088535078,13567.0993741124,14222.4897193589,14151.7044074896,39.6820492383192,54.0810689504535,49.613921013907,-355.563071968029,-16.0753287039494,1.49011611938477e-08,1.49011611938477e-08,1.95900218520818,1.64167205174489,3.0185003132525,2.05403991024111,16,45
1.459,1000,45,518.282485714922,413.048990268289,518.282485714922,13963.125313712,14061.1181751715,13855.4964551096,35.8426690793323,54.1399906353995,49.1556850490792,-582.141360279617,22.8511119941822,1.49011611938477e-08,1.49011611938477e-08,1.9281012744811,0.689994104907571,1.34730713792279,1.37913934895865,16,45
1.46,1000,45,317.019016430427,529.697806849016,317.019016430427,14173.7281353449,13622.3559909756,14045.7136559937,40.3765110729403,56.0696654513686,49.2855942358687,-823.898948533274,-12.0594923248855,1.49011611938477e-08,1.49011611938477e-08,1.81210630706134,1.49011611938477e-08,0.347299515164093,1.29929693447543,16,45
1.461,1000,45,251.166025416925,531.721799862457,251.166025416925,13949.7908493883,13460.5034202398,14480.4092614715,48.3387493769022,58.885698181652,49.2707027738787,-909.422687525218,-112.127316866157,1.49011611938477e-08,1.49011611938477e-08,1.80643541644204,0.109520573253,1.49011611938477e-08,2.04679386775185,16,45
1.462,1000,45,445.829995205573,521.498416788796,445.829995205573,13510.0296310269,13786.771899054,14555.533969574,55.2000440637337,61.2275137435443,49.1229157119581,-865.373390187316,-202.896459335676,1.49011611938477e-08,1.49011611938477e-08,1.89918436407577,0.544775446888925,1.49011611938477e-08,3.27138229522957,16,45
1.463,1000,45,614.087211332937,536.274177193673,614.087211332937,13448.15290253,14182.7752149605,14203.8238355437,59.465073813979,62.4685619737407,49.2513332639583,-770.934621531362,-270.515701124879,1.49011611938477e-08,1.49011611938477e-08,1.94778260601361,0.859923996219751,1.49011611938477e-08,4.45840396158715,16,45
1.464,1000,45,594.555504767041,527.022268583964,594.555504767041,13812.5000444401,14175.4135363193,13846.8082661067,60.3892280834459,62.0990150643577,48.9798117726321,-627.436101897532,-293.0174358434,1.49011611938477e-08,1.49011611938477e-08,1.9391134362194,1.13196722928212,1.49011611938477e-08,4.45501713283065,16,45
1.465,1000,45,524.316651058694,385.993448373428,524.316651058694,14076.4757958176,13792.0324163067,13923.4673006782,59.5513912059599,59.6636549106557,48.8647809880145,-470.054045165798,-196.632665946126,1.49011611938477e-08,1.49011611938477e-08,1.84443165835345,1.34384460792175,0.957492234774296,2.72156504389395,16,45
1.466,1000,45,601.060646763545,-5861.51967467998,601.060646763545,13892.9419751318,13534.7141715105,14329.1852815819,59.152482056326,55.3267566028347,49.3154524833326,-375.699259914075,-31.0709842414897,1.49011611938477e-08,1.49011611938477e-08,1.8188420322336,1.51197419951518,1.57965783190114,1.52489418638968,16,45
1.467,1000,45,598.262830637157,-5170.47486210167,598.262830637157,13453.0933658247,13753.2006778663,14538.2100257765,58.4144222561335,50.2021097120412,48.4087312660758,-332.641164230857,98.7061171560686,1.49011611938477e-08,1.49011611938477e-08,1.89691387691608,1.70372356566981,1.75533376713809,1.10573933759466,16,45
1.468,1000,45,557.05260588835,129.686959849491,557.05260588835,13274.8506925045,14149.8598776346,14264.1714658082,57.9599671008941,46.1776529735211,46.868869077615,-412.539125248656,148.222934116785,1.49011611938477e-08,1.49011611938477e-08,1.94566177266401,1.75958141255622,2.80000655538792,1.06261790012894,16,45
1.469,1000,45,494.610975471597,483.48238628991,494.610975471597,13591.7906577927,14206.3696510453,13834.0531216617,58.6393786502648,45.7003562049397,45.1714537191116,-635.931619618398,67.8622403135363,1.49011611938477e-08,1.49011611938477e-08,1.95662667003145,1.53974762134369,2.61529464679493,1.33257877112213,16,45
1.47,1000,45,452.645312677346,519.20685997446,452.645312677346,14011.9348631515,13835.9822267139,13811.4172404843,59.7561812859995,48.9545676466706,43.5961191371417,-847.560750916987,-180.85077783193,1.49011611938477e-08,1.49011611938477e-08,1.87314736225729,1.29458242909209,0.406561187737833,1.93419024971066,16,45
1.471,1000,45,417.234566258815,525.512725108644,417.234566258815,14017.7099671735,13480.7153134291,14235.0097072596,60.0552567513745,53.8383996057606,42.1281365441754,-880.987162427708,-450.737805211096,1.49011611938477e-08,1.49011611938477e-08,1.80076338626197,1.22179282973794,1.49011611938477e-08,2.21625021764666,16,45
1.472,1000,45,384.656911528896,527.42911760834,384.656911528896,13627.0006772844,13594.4222412248,14565.0676585746,59.218305248565,58.2495963325835,40.5149224241452,-784.194729641763,-592.837656292253,1.49011611938477e-08,1.49011611938477e-08,1.86603318961379,1.24346125188869,1.49011611938477e-08,1.9742191502879,16,45
1.473,1000,45,331.259186485101,529.265385137716,331.259186485101,13349.7628095344,14022.6377525706,14400.4012323606,57.914764141142,61.2347758195981,39.5678715947564,-673.597943434147,-567.202971955331,1.49011611938477e-08,1.49011611938477e-08,1.93471809883267,1.19978326793411,1.49011611938477e-08,2.55100390048619,16,45
1.474,1000,45,246.995168373942,531.815151316261,246.995168373942,13565.7496433238,14222.4321645064,13951.4362068478,57.463607640006,62.6225343839153,40.3913418081445,-594.9447532588,-435.043342074187,1.49011611938477e-08,1.49011611938477e-08,1.95333436082293,1.07242068839592,1.49011611938477e-08,8.3914398789967,16,45
1.475,1000,45,201.896374123584,533.1702401856,201.896374123584,14002.6304799021,13952.3256162065,13783.4993827601,57.8300643609253,62.5953478025488,43.0720600394593,-534.654439929395,-264.281642343456,1.49011611938477e-08,1.49011611938477e-08,1.88812218481562,1.04424406218335,0.318027303410645,4.90490560246916,16,45
1.476,1000,45,321.242067643027,529.622540490873,321.242067643027,14126.270901264,13551.7710036139,14114.590572644,57.5019442083148,61.304394427582,46.602880224863,-457.388438620451,-143.104265117509,1.49011611938477e-08,1.49011611938477e-08,1.78853835264695,1.25305180713533,1.10205477641058,2.46272114966144,16,45
1.477,1000,45,575.462363499087,-64.1169356031678,575.462363499087,13818.4297850383,13547.3916452144,14523.0209276775,54.3258536986161,58.8256829667353,49.3664468575257,-346.787043181038,-84.9307496515699,1.49011611938477e-08,1.49011611938477e-08,1.83271229228901,1.65936319059193,1.9435199128255,2.17117505495009,16,45
1.478,1000,45,609.536847431998,532.863690667232,609.536847431998,13489.1847698388,13943.4357242516,14520.4736876453,47.4568570180626,56.1125770562563,50.3341144882979,-284.51111376507,-56.6738854790038,1.49011611938477e-08,1.49011611938477e-08,1.92266468154338,1.99027136959337,2.94989812057826,2.27504726642333,16,45
1.479,1000,45,586.97993779057,521.685009265219,586.97993779057,13583.7556042664,14226.0894049017,14125.6650081845,39.1846712223471,54.4285428560224,49.9493665590607,-368.629478376408,-13.0612867296759,1.49011611938477e-08,1.49011611938477e-08,1.95985151428176,1.58098892615583,2.92871559139735,2.00794868622545,16,45
1.48,1000,45,506.249858496242,455.225732471282,506.249858496242,13983.8760436831,14039.2053836901,13851.3536958228,35.8383479254241,54.6051862106252,49.5277999023868,-602.577585182423,22.9801003572995,1.49011611938477e-08,1.49011611938477e-08,1.92273826756828,0.633755935484086,1.27746495370856,1.33710858454166,16,45
1.481,1000,45,320.572120290468,529.588966301117,320.572120290468,14172.6758657958,13600.936120951,14068.7632193744,40.802115734033,56.5961920314068,49.6888693677378,-829.650145605959,-13.5771827322617,1.49011611938477e-08,1.49011611938477e-08,1.80751527375354,1.49011611938477e-08,0.286805332728818,1.31853926913534,16,45
1.482,1000,45,256.170823763888,531.542915389579,256.170823763888,13928.4345585864,13467.3608827553,14501.0951257679,48.7193605614602,59.4030342709384,49.5920022856663,-911.25955180713,-120.361282674855,1.49011611938477e-08,1.49011611938477e-08,1.81063761430068,0.142299018037003,1.49011611938477e-08,2.11566014546374,16,45
1.483,1000,45,457.136538097582,518.477249087298,457.136538097582,13494.7280928981,13812.6526867743,14546.9180854367,55.4948699045629,61.6928168578193,49.4028543422163,-861.22605220291,-209.981136070185,1.49011611938477e-08,1.49011611938477e-08,1.90348293319255,0.562257881668249,1.49011611938477e-08,3.3882865989608,16,45
1.484,1000,45,614.622673939635,535.98430753878,614.622673939635,13462.0082196827,14194.9350072443,14179.6692419281,59.6248292736423,62.8478559725544,49.4704093374542,-762.329168631735,-276.541163498606,1.49011611938477e-08,1.49011611938477e-08,1.94907055915399,0.877163556632692,1.49011611938477e-08,4.60766009066749,16,45
1.485,1000,45,593.124851857349,526.459315964498,593.124851857349,13838.8317286034,14163.7205100577,13838.946785468,60.4228703180872,62.3262162574111,49.1466037858803,-613.511875659708,-292.74462846261,1.49011611938477e-08,1.49011611938477e-08,1.93573453417441,1.1501042614616,0.0470691762458116,4.48084254873307,16,45
1.486,1000,45,519.777921940644,406.13896111264,519.777921940644,14080.8201684869,13770.8666739158,13941.0338538303,59.5396982573649,59.6995109769876,49.0346451006675,-461.725906511206,-195.199296918689,1.49011611938477e-08,1.49011611938477e-08,1.83912397119293,1.36418642617156,1.00780622813696,2.66419794264252,16,45
1.487,1000,45,606.30982058772,531.406702306128,606.30982058772,13878.2596863022,13534.8097657052,14357.1999565659,59.0704025809579,55.2753354585166,49.2792655333608,-361.483879269227,-21.6509654605259,1.49011611938477e-08,1.49011611938477e-08,1.82108239403333,1.5394854884017,1.59816084978038,1.51280151999659,16,45
1.488,1000,45,594.323338370008,527.043757621812,594.323338370008,13437.3375373041,13776.6950285564,14539.8391497132,58.2967667559926,50.1245405881796,48.164939405975,-323.414756428033,105.670077181028,1.49011611938477e-08,1.49011611938477e-08,1.90083267226443,1.73343748409458,1.74550594974213,1.11087271162708,16,45
1.489,1000,45,557.367915008272,138.613627640005,557.367915008272,13286.7167253315,14166.0790509078,14242.2206214206,57.9342268898861,46.2007842986987,46.4587617208643,-414.066328751547,152.043416593071,1.49011611938477e-08,1.49011611938477e-08,1.94686731306071,1.77125684731747,2.91429779331596,1.0759380359788,16,45
1.49,1000,45,495.769165154264,480.180464023737,495.769165154264,13626.0270084937,14195.8318283115,13822.0252168896,58.7310256300013,45.8552514279112,44.620440445951,-643.913351345003,63.754024238132,1.49011611938477e-08,1.49011611938477e-08,1.95480975477476,1.52973123008415,2.44082588878044,1.35718931968308,16,45
1.491,1000,45,435.582427173833,523.362049061409,435.582427173833,14032.7913787839,13810.8284420267,13831.4631565622,59.9010744288807,49.2220767488619,42.8928939931236,-843.362701966605,-176.17463431786,1.49011611938477e-08,1.49011611938477e-08,1.86516752246473,1.28100377168006,0.343085323752502,1.97977440477522,16,45
1.492,1000,45,416.691161372976,525.562659185651,416.691161372976,14006.9467728082,13473.3040017915,14265.6313222731,60.2485222177898,54.0812239745036,41.222244625389,-875.696726999113,-454.563858710677,1.49011611938477e-08,1.49011611938477e-08,1.8005787325818,1.20395049268497,1.49011611938477e-08,2.24860210387358,16,45
1.493,1000,45,393.774467339584,527.015505033717,393.774467339584,13607.6772363503,13615.3115482641,14572.8447139784,59.4385304619649,58.4215611793859,39.4908406397532,-776.77285178202,-584.408223625055,1.49011611938477e-08,1.49011611938477e-08,1.87087652138276,1.21606391518575,1.49011611938477e-08,2.02619975891091,16,45
1.494,1000,45,347.370215264922,528.758265594107,347.370215264922,13352.1446206321,14045.4095011783,14381.8770820792,58.2101571946987,61.3089449558998,38.554578055732,-668.134601525519,-550.835434435189,1.49011611938477e-08,1.49011611938477e-08,1.93675162873706,1.15851289126677,1.49011611938477e-08,2.72277032167092,16,45
1.495,1000,45,270.583563838215,531.091036568184,270.583563838215,13592.6100964676,14219.6987646689,13934.5688627503,57.8404149208263,62.6037493025816,39.5309887480696,-591.601923789927,-414.233856930871,1.49011611938477e-08,1.49011611938477e-08,1.95289832255992,1.030365931074,1.49011611938477e-08,10.6742024530684,16,45
1.496,1000,45,209.339230052866,532.946878536238,209.339230052866,14022.8529917847,13928.6410598863,13795.6825684757,58.2615399122702,62.4807418383715,42.4673837864185,-536.532772667499,-250.524307264497,1.49011611938477e-08,1.49011611938477e-08,1.88139975349644,1.01867256245892,0.377218395183199,4.23960469942204,16,45
1.497,1000,45,329.236956309698,529.378565597547,329.236956309698,14118.9354742497,13538.2073161242,14145.5588828589,57.9120844921486,61.1072731966577,46.2137228391765,-456.267024771562,-125.220701604982,1.49011611938477e-08,1.49011611938477e-08,1.78718804744974,1.24603408581677,1.14780000396117,2.2961470494464,16,45
1.498,1000,45,595.763735685512,-346.117667810176,595.763735685512,13793.9648104308,13562.9531115882,14540.822369337,54.6614357689823,58.6163642954011,49.0680636591795,-346.871255501829,-71.0560555794545,1.49011611938477e-08,1.49011611938477e-08,1.83843484626129,1.66036675206816,1.99126238159588,2.07552424919587,16,45
1.499,1000,45,609.494271029441,532.849541047546,609.494271029441,13481.0348217696,13968.323886488,14509.681659416,47.7715569095378,55.8956510083968,50.0515753586048,-291.542927964449,-43.8189037592365,1.49011611938477e-08,1.49011611938477e-08,1.92625474059974,1.97600704099988,3.00727338627481,2.18373700679,16,45
1.5,1000,45,587.620629052307,522.575106885736,587.620629052307,13602.1801067778,14229.6940562352,14106.6764695794,39.6302645286069,54.2708292990814,49.6656002871733,-386.512864487954,-0.0209211196918803,1.49011611938477e-08,1.49011611938477e-08,1.96072979583467,1.52689679818598,2.84839051734429,1.90766945843563,16,45
