Time,Irradiance,Temp,Vpv,Ipv,Vdc,Vrms_1,Vrms_2,Vrms_3,Irms_1,Irms_2,Irms_3,Pac,Q,THDv_1,THDv_2,THDv_3,THDi_1,THDi_2,THDi_3,ScenarioID,SetTemp
0,1000,25,480.04994997857,535.853303034278,480.04994997857,120,120,120,120,120,120,0,0,1.49011611938477e-08,1.49011611938477e-08,1.49011611938477e-08,1.49011611938477e-08,1.49011611938477e-08,1.49011611938477e-08,6,25
0.001,1000,25,488.012202770922,514.534634720259,488.012202770922,120,120,120,120,120,120,0,0,1.49011611938477e-08,1.49011611938477e-08,1.49011611938477e-08,1.49011611938477e-08,1.49011611938477e-08,1.49011611938477e-08,6,25
0.002,1000,25,474.078158597683,518.278381990328,474.078158597683,120,120,120,120,120,120,0,0,1.49011611938477e-08,1.49011611938477e-08,1.49011611938477e-08,1.49011611938477e-08,1.49011611938477e-08,1.49011611938477e-08,6,25
0.003,1000,25,440.16865550171,522.126142053531,440.16865550171,120,120,120,120,120,120,0,0,1.49011611938477e-08,1.49011611938477e-08,1.49011611938477e-08,1.49011611938477e-08,1.49011611938477e-08,1.49011611938477e-08,6,25
0.004,1000,25,414.273004814238,523.340574921285,414.273004814238,120,120,120,120,120,120,0,0,1.49011611938477e-08,1.49011611938477e-08,1.49011611938477e-08,1.49011611938477e-08,1.49011611938477e-08,1.49011611938477e-08,6,25
0.005,1000,25,391.029331872156,524.173125765607,391.029331872156,120,120,120,120,120,120,0,0,1.49011611938477e-08,1.49011611938477e-08,1.49011611938477e-08,1.49011611938477e-08,1.49011611938477e-08,1.49011611938477e-08,6,25
0.006,1000,25,382.312786474469,524.444200021796,382.312786474469,120,120,120,120,120,120,0,0,1.49011611938477e-08,1.49011611938477e-08,1.49011611938477e-08,1.49011611938477e-08,1.49011611938477e-08,1.49011611938477e-08,6,25
0.007,1000,25,440.431468889914,522.116279148899,440.431468889914,120,120,120,120,120,120,0,0,1.49011611938477e-08,1.49011611938477e-08,1.49011611938477e-08,1.49011611938477e-08,1.49011611938477e-08,1.49011611938477e-08,6,25
0.008,1000,25,439.756388665163,522.12798666883,439.756388665163,120,120,120,120,120,120,0,0,1.49011611938477e-08,1.49011611938477e-08,1.49011611938477e-08,1.49011611938477e-08,1.49011611938477e-08,1.49011611938477e-08,6,25
0.009,1000,25,452.827932396973,521.191727032463,452.827932396973,120,120,120,120,120,120,0,0,1.49011611938477e-08,1.49011611938477e-08,1.49011611938477e-08,1.49011611938477e-08,1.49011611938477e-08,1.49011611938477e-08,6,25
0.01,1000,25,454.613187895608,521.024958469213,454.613187895608,120,120,120,120,120,120,0,0,1.49011611938477e-08,1.49011611938477e-08,1.49011611938477e-08,1.49011611938477e-08,1.49011611938477e-08,1.49011611938477e-08,6,25
0.011,1000,25,426.92514554366,522.821682828842,426.92514554366,120,120,120,120,120,120,0,0,1.49011611938477e-08,1.49011611938477e-08,1.49011611938477e-08,1.49011611938477e-08,1.49011611938477e-08,1.49011611938477e-08,6,25
0.012,1000,25,378.479693182001,524.569016317376,378.479693182001,120,120,120,120,120,120,0,0,1.49011611938477e-08,1.49011611938477e-08,1.49011611938477e-08,1.49011611938477e-08,1.49011611938477e-08,1.49011611938477e-08,6,25
0.013,1000,25,276.650056900055,527.626672591245,276.650056900055,120,120,120,120,120,120,0,0,1.49011611938477e-08,1.49011611938477e-08,1.49011611938477e-08,1.49011611938477e-08,1.49011611938477e-08,1.49011611938477e-08,6,25
0.014,1000,25,244.104917973205,528.613521985718,244.104917973205,120,120,120,120,120,120,0,0,1.49011611938477e-08,1.49011611938477e-08,1.49011611938477e-08,1.49011611938477e-08,1.49011611938477e-08,1.49011611938477e-08,6,25
0.015,1000,25,266.31822617712,527.968429050148,266.31822617712,120,120,120,120,120,120,0,0,1.49011611938477e-08,1.49011611938477e-08,1.49011611938477e-08,1.49011611938477e-08,1.49011611938477e-08,1.49011611938477e-08,6,25
0.016,1000,25,270.166155576122,527.864325673892,270.166155576122,120,120,120,120,120,120,0,0,1.49011611938477e-08,1.49011611938477e-08,1.49011611938477e-08,1.49011611938477e-08,1.49011611938477e-08,1.49011611938477e-08,6,25
0.017,1000,25,404.79696861348,523.706110616227,404.79696861348,13649.0691110089,13842.6175332747,14470.9377208767,54.3794978727151,68.0783253437937,15.991125936114,-665.299607515253,-394.149774177318,1.49011611938477e-08,1.49011611938477e-08,1.89137546577247,1.49011611938477e-08,1.49011611938477e-08,0.555008776094825,6,25
0.018,1000,25,445.228160453604,521.794211401884,445.228160453604,13674.7309879816,14195.7688117998,14080.9622181964,56.9695948764225,70.2805402519038,15.9933442972325,-561.393612660506,-430.350893623718,1.49011611938477e-08,1.49011611938477e-08,1.9387791435696,1.49011611938477e-08,1.49011611938477e-08,0.587914044072439,6,25
0.019,1000,25,411.305218055368,523.459233959463,411.305218055368,14105.6715061439,14120.0540571331,13766.2832281412,58.3298281095225,71.001982238376,15.8651678974426,-373.496192241769,-455.454159482973,1.49011611938477e-08,1.49011611938477e-08,1.90086113822172,0.299258450899212,1.49011611938477e-08,0.918408431705599,6,25
0.02,1000,25,307.119447113711,526.724139594293,307.119447113711,14402.6914239269,13720.6777564849,13938.1800694246,58.7187476078831,70.2824729618315,15.6733541759058,-118.629452621117,-418.538642788545,1.49011611938477e-08,1.49011611938477e-08,1.77530659969181,1.24320925100698,0.729246913037053,1.38035911700366,6,25
0.021,1000,25,250.650641460871,528.412394812722,250.650641460871,14194.5851538693,13519.9187881098,14349.56980929,58.641106660451,68.4089246936859,14.3302220725093,70.7139403638236,-294.751884508276,1.49011611938477e-08,1.49011611938477e-08,1.77066573735592,2.04528757815914,1.68884214151247,2.38155192656091,6,25
0.022,1000,25,223.466229163089,529.223736942618,223.466229163089,13782.5099913312,13787.4324917734,14477.3061924656,57.9234155102204,66.4902090284527,13.0084951300267,123.593960648462,-167.178663421877,1.49011611938477e-08,1.49011611938477e-08,1.87222792831512,2.7049216320677,2.75296422914135,4.34331959125976,6,25
0.023,1000,25,161.698154049759,531.062987910374,161.698154049759,13688.9866601892,14168.1511880125,14139.0082874275,57.1037366805863,65.9421993136541,13.6257517410999,3.47615768374629,-114.197489725679,1.49011611938477e-08,1.49011611938477e-08,1.93528350255648,8.08117190407638,7.57639807500224,2.81593516221147,6,25
0.024,1000,25,47.4889005699709,534.475097043904,47.4889005699709,14041.2591834536,14166.7032753075,13734.3460365328,58.1310418854554,67.8972944878754,14.6022246185671,-272.398888615298,-170.404223856798,1.49011611938477e-08,1.49011611938477e-08,1.92163832315718,2.59264465602056,1.15947547146158,0.905782370230767,6,25
0.025,1000,25,18.0775100474591,535.3968029741,18.0775100474591,14368.592851831,13762.8211645915,13777.8501678396,60.9743932569168,71.8828072274632,15.3245475955859,-568.940861426385,-321.389343504877,1.49011611938477e-08,1.49011611938477e-08,1.80091420887496,0.527706442610489,1.49011611938477e-08,1.49011611938477e-08,6,25
0.026,1000,25,69.0881426096848,533.86937423837,69.0881426096848,14232.8508869571,13449.8133593496,14181.5486128124,65.1970466463305,76.5314884511746,15.4618563745322,-742.644472702777,-461.709401916034,1.49011611938477e-08,1.49011611938477e-08,1.75453782299642,1.49011611938477e-08,1.49011611938477e-08,1.49011611938477e-08,6,25
0.027,1000,25,218.761384427382,529.412803399574,218.761384427382,13776.3785730677,13629.6402209223,14409.8947749746,69.8564820969067,80.5645278791032,15.3815101361237,-788.113078687376,-549.309351846355,1.49011611938477e-08,1.49011611938477e-08,1.84798549187511,1.49011611938477e-08,1.49011611938477e-08,1.49011611938477e-08,6,25
0.028,1000,25,425.498879322565,522.930615600077,425.498879322565,13550.0631179586,14072.0312387743,14181.8640437946,73.2484970481337,83.1551056754177,15.3518693496465,-715.646454104811,-618.19951096925,1.49011611938477e-08,1.49011611938477e-08,1.92695406428598,1.49011611938477e-08,1.49011611938477e-08,1.49011611938477e-08,6,25
0.029,1000,25,560.270281827295,347.504111682625,560.270281827295,13812.108827847,14228.5590341932,13768.8053495283,74.1791282550294,83.9338428396035,15.3021150343702,-530.612262233098,-655.471747080078,1.49011611938477e-08,1.49011611938477e-08,1.93764554513628,1.49011611938477e-08,1.49011611938477e-08,1.49011611938477e-08,6,25
0.03,1000,25,568.829353250236,286.373815080667,568.829353250236,14182.8459783814,13928.0678818193,13679.3473604236,72.7343872304562,82.8008594327235,17.3460415958361,-287.437475583762,-577.511096731302,1.49011611938477e-08,1.49011611938477e-08,1.84782704847513,0.688441171511506,1.49011611938477e-08,0.891572253311001,6,25
0.031,1000,25,623.452747655968,524.293329572678,623.452747655968,14197.6726144325,13555.8151291941,14054.8209348719,70.3061557634415,79.9680689592614,20.073533680047,-86.3586616447096,-429.530654437036,1.49011611938477e-08,1.49011611938477e-08,1.76777959052465,1.58169455912272,1.178436382952,3.30368331506943,6,25
0.032,1000,25,620.237460765176,523.340310772721,620.237460765176,13824.4832376505,13618.8613813082,14427.9482845467,67.3454020471968,76.2172650666548,20.9640589889053,41.9307305758646,-296.264123173087,1.49011611938477e-08,1.49011611938477e-08,1.83517665400699,2.13512784101066,2.17190934646511,5.25898926416996,6,25
0.033,1000,25,599.207904889048,453.920064262303,599.207904889048,13529.9423014265,14039.5359210995,14355.1242081458,63.5077942188603,72.5849018032194,21.2403072642029,54.5927777832391,-212.139543226125,1.49011611938477e-08,1.49011611938477e-08,1.92284954850732,2.8041387056807,3.57000562535443,4.2078963185391,6,25
0.034,1000,25,551.413791207449,394.866078944734,551.413791207449,13691.8262199954,14270.0711872257,13930.0449974436,60.9491408952685,70.2552410513784,21.2501878216361,-100.261770523864,-148.31370353955,1.49011611938477e-08,1.49011611938477e-08,1.94966554382584,5.22374798370613,6.30215744968842,4.02883425395999,6,25
0.035,1000,25,484.359159506728,515.548885094594,484.359159506728,14093.3865470466,14015.610638481,13733.0590504527,61.1733554632014,70.0614843508479,21.2950537378984,-396.221833728097,-135.914195600257,1.49011611938477e-08,1.49011611938477e-08,1.88975850182004,1.93430419740473,1.41686632097216,4.43653638151986,6,25
0.036,1000,25,385.458396268025,524.332425237598,385.458396268025,14176.9384640285,13579.914809012,14016.2337346289,63.8293349791724,71.6871470245873,21.5037987796692,-681.423754306562,-178.485612785258,1.49011611938477e-08,1.49011611938477e-08,1.78758485074792,0.578079703588863,1.49011611938477e-08,4.76776164406593,6,25
0.037,1000,25,357.86061553348,525.233027338807,357.86061553348,13797.7230268858,13510.7839431728,14394.4290605948,68.473149099353,73.9718207304194,22.4782187308692,-867.849971509897,-243.311099361304,1.49011611938477e-08,1.49011611938477e-08,1.82255600356124,1.49011611938477e-08,1.49011611938477e-08,3.48549756904251,6,25
0.038,1000,25,568.036694599776,299.230208719632,568.036694599776,13402.3752418157,13899.8403940932,14418.460366113,72.6686642757714,75.5888630484193,23.7944985113336,-889.642471190983,-330.828780787087,1.49011611938477e-08,1.49011611938477e-08,1.91297188577846,1.49011611938477e-08,1.49011611938477e-08,3.26398732952783,6,25
0.039,1000,25,613.349750127912,-2970.28745192001,613.349750127912,13451.3127601256,14248.9224736558,14063.5729241378,74.4543495772369,75.7086880797222,23.8934154976935,-767.062406425004,-412.677541324095,1.49011611938477e-08,1.49011611938477e-08,1.95193135000098,0.289409496100754,1.49011611938477e-08,3.55463235065727,6,25
0.04,1000,25,608.074886622296,-2147.51452521604,608.074886622296,13868.423456985,14150.1932627651,13775.2675139748,74.4834146039202,74.0383665953891,22.9507949435175,-525.218370936467,-428.486726861037,1.49011611938477e-08,1.49011611938477e-08,1.92782557255122,0.768765187882008,0.411225883103332,3.5063751522344,6,25
0.041,1000,25,534.216157400524,458.631969167446,534.216157400524,14156.7707504219,13739.0476632607,13989.4231596696,73.0854312064038,70.4494864236203,21.8691401314422,-245.516171044844,-351.131687944214,1.49011611938477e-08,1.49011611938477e-08,1.81717576077027,1.26828955615953,1.18397931269158,2.49122460062937,6,25
0.042,1000,25,416.209550482663,523.252327984004,416.209550482663,13963.8731479228,13559.7424232701,14444.6144857093,70.9143536007787,65.4406991096572,21.4607592204631,16.0391038718037,-226.379295967773,1.49011611938477e-08,1.49011611938477e-08,1.80982286052862,1.77126528290057,1.23256508963414,2.11402668284718,6,25
0.043,1000,25,300.416673170467,526.937628540166,300.416673170467,13566.0335864878,13845.9310376775,14575.3885422048,67.9193439735379,60.2789719939004,21.6489591561952,127.191561402741,-90.8728191636072,1.49011611938477e-08,1.49011611938477e-08,1.89707428517361,2.29345173026381,0.963615460598256,2.00594207355775,6,25
0.044,1000,25,274.265950196251,527.708003897649,274.265950196251,13505.9924340036,14217.6292019944,14231.644031112,64.7808596381987,56.8602622060289,21.6723098473052,20.0034738228631,19.0088815303301,1.49011611938477e-08,1.49011611938477e-08,1.94630034918051,4.06199600550167,1.80610464271968,2.01636259511252,6,25
0.045,1000,25,259.535138043166,528.16104767138,259.535138043166,13892.8340089585,14193.4664766224,13842.4689836052,63.1920485239407,56.3750057249595,21.9674184858265,-279.494320290858,42.5345637749775,1.49011611938477e-08,1.49011611938477e-08,1.93746049166661,2.55252927947282,3.92912955663437,2.41569759841308,6,25
0.046,1000,25,170.580114275697,530.8257929058,170.580114275697,14234.9883496708,13779.7535730207,13905.5865820999,65.0894660562509,58.9306911026154,21.8370122578359,-596.422389323516,-63.1517302213932,1.49011611938477e-08,1.49011611938477e-08,1.82054796769786,0.968199414965157,0.247981914162822,3.51036294034572,6,25
0.047,1000,25,173.171778921073,530.73644981549,173.171778921073,14123.2433220849,13491.2527895023,14327.3894013793,69.5338208535518,63.0778879420294,19.1885863957544,-768.852323164278,-249.816061556159,1.49011611938477e-08,1.49011611938477e-08,1.77425053601203,0.289109569958751,1.49011611938477e-08,4.39944275475634,6,25
0.048,1000,25,312.945364886747,526.596870979099,312.945364886747,13681.4178846431,13697.1555767583,14534.462338052,74.1259835401195,66.9372735497493,16.455942143193,-768.90710880554,-366.789663103353,1.49011611938477e-08,1.49011611938477e-08,1.86606360142582,1.49011611938477e-08,1.49011611938477e-08,2.94830543315639,6,25
0.049,1000,25,522.616357219425,486.085948700058,522.616357219425,13480.1656530253,14121.2139825697,14266.0029488025,77.3024139244657,69.563985098382,15.3617386334659,-677.813867740287,-422.72486564467,1.49011611938477e-08,1.49011611938477e-08,1.93655906024422,1.49011611938477e-08,1.49011611938477e-08,2.41545614475863,6,25
0.05,1000,25,609.994788936359,516.218810946941,609.994788936359,13759.5707997294,14230.7498821432,13834.0861122127,78.2301318185837,70.7652273701416,15.4089299203202,-533.12926381528,-437.823485162601,1.49011611938477e-08,1.49011611938477e-08,1.9444427030427,1.49011611938477e-08,1.49011611938477e-08,3.44549114345552,6,25
0.051,1000,25,551.659119509147,395.059485127434,551.659119509147,14120.4142599396,13902.5266420594,13762.3308436981,77.3510049660719,70.5713016225363,18.3997172184759,-379.126550618061,-379.36252155599,1.49011611938477e-08,1.49011611938477e-08,1.85477733492838,0.728645318057644,0.29110276899164,6.55396101737382,6,25
0.052,1000,25,630.758190839457,527.286616007804,630.758190839457,14121.4593617598,13548.9521184467,14158.2470929026,75.4071415704901,68.8009790778741,22.8759483015144,-227.349899302744,-279.049897627701,1.49011611938477e-08,1.49011611938477e-08,1.78030021109172,1.54997460078078,1.28567231480167,3.52675589171506,6,25
0.053,1000,25,626.96214717021,525.761105104671,626.96214717021,13764.9448363519,13645.4299299393,14527.7897036565,71.5197517230927,65.8145782784505,24.2847181687323,-93.2058206767827,-214.793077868508,1.49011611938477e-08,1.49011611938477e-08,1.84792745754604,2.40173582067916,2.14773676928893,3.52761181773903,6,25
0.054,1000,25,611.580939364899,518.472344288271,611.580939364899,13493.1302337359,14073.8994614674,14428.9882518099,65.6649259157895,62.58383214615,23.5500729128649,-47.8226511256321,-156.284981514748,1.49011611938477e-08,1.49011611938477e-08,1.9298152428274,3.3756183072686,3.29532782069827,4.18517545165124,6,25
0.055,1000,25,569.880196921531,274.923140943166,569.880196921531,13679.5190582112,14290.4261214269,14001.3129521798,60.8760442450129,60.11922678062,22.5142435481165,-163.310589642002,-68.4366340520376,1.49011611938477e-08,1.49011611938477e-08,1.95435707980522,3.68834403306883,5.19320579370459,3.74005989070001,6,25
0.056,1000,25,487.56295334638,514.518823300582,487.56295334638,14080.2159099672,14022.2642313997,13815.6485678672,60.1872358575175,59.1115964217086,23.0033428314556,-400.071212367462,-0.0376715810313078,1.49011611938477e-08,1.49011611938477e-08,1.89202877041637,1.66370944909368,2.1456826552691,2.36329771738275,6,25
0.057,1000,25,442.978543874875,521.893058664551,442.978543874875,14178.0980282925,13595.1698337799,14122.8892211158,62.9112569509675,59.5193983161377,24.444108253331,-652.566142920448,-11.7742082932415,1.49011611938477e-08,1.49011611938477e-08,1.78869532270658,0.744636315803442,0.886363088255178,1.8057151152311,6,25
0.058,1000,25,424.870272525843,522.957506976855,424.870272525843,13758.893519708,13562.2288249334,14461.9956126674,67.2135503332853,60.7079107737217,26.882249111952,-801.34302341398,-50.8936048843836,1.49011611938477e-08,1.49011611938477e-08,1.83460512514732,0.279561709789555,0.306126919740416,1.51327666342101,6,25
0.059,1000,25,608.672937418186,-139.119907932984,608.672937418186,13357.6876211165,13960.0163910818,14417.522770875,71.062723458409,61.5776506963866,29.6603438164733,-833.62405561672,-126.879583333791,1.49011611938477e-08,1.49011611938477e-08,1.92066484425591,0.316470069235588,1.49011611938477e-08,1.63595808456973,6,25
0.06,1000,25,631.251014568916,-8386.72800341137,631.251014568916,13425.5705735471,14290.3226050792,14044.0847696387,71.9546913393255,61.1728930678978,30.8937594951632,-750.950067157418,-241.243997942169,1.49011611938477e-08,1.49011611938477e-08,1.9550397142811,0.619769123928755,0.483880890421258,1.99423195465009,6,25
0.061,1000,25,610.105433409785,516.448145270571,610.105433409785,13823.0351353104,14154.5275339817,13786.444701449,70.8459136096524,59.1502842365831,31.0028365107681,-588.885593224987,-298.004591329629,1.49011611938477e-08,1.49011611938477e-08,1.93233436275665,0.942674906851817,1.02671981478624,2.09481722501643,6,25
0.062,1000,25,594.447506496396,311.848427455165,594.447506496396,14047.9031050879,13737.9104306587,14015.3527234077,68.8943766634731,55.4967991997281,30.8263294535695,-388.385175901291,-253.257715403726,1.49011611938477e-08,1.49011611938477e-08,1.83214916232183,1.29435079528705,1.64851715680919,1.76642376517524,6,25
0.063,1000,25,559.225872827796,351.425607424667,559.225872827796,13833.9606680139,13589.1317095826,14475.8409235642,65.45877050453,49.9569856295698,30.8549289003351,-178.955905326475,-181.783677021411,1.49011611938477e-08,1.49011611938477e-08,1.83071457464628,1.74073957207596,1.77641353634417,1.72202948909959,6,25
0.064,1000,25,482.857735841287,516.157990372064,482.857735841287,13443.8187675253,13903.4129631108,14607.2837636532,60.6216371094636,43.3138336940532,31.37653133024,-58.7187083838583,-80.0513401066685,1.49011611938477e-08,1.49011611938477e-08,1.91057050061978,2.24536054571777,1.50534185421969,1.81186626560967,6,25
0.065,1000,25,464.640553376424,519.937032602124,464.640553376424,13407.2471351263,14259.11719176,14251.0296668273,56.2099848465009,37.5079342564261,31.6558497232933,-125.64841784103,41.7026806627763,1.49011611938477e-08,1.49011611938477e-08,1.95053045929713,2.73198424710427,2.02892170644244,1.71398797991336,6,25
0.066,1000,25,480.013213294222,517.08306615483,480.013213294222,13820.1359698977,14207.8030671603,13872.056907519,54.0274871986464,34.6930071138574,31.6402963488069,-350.328822363613,93.2374890206574,1.49011611938477e-08,1.49011611938477e-08,1.94273824846042,1.8300575820508,4.47476056986632,1.66467690108103,6,25
0.067,1000,25,463.678429312796,519.928929372897,463.678429312796,14161.6031935389,13789.1610875089,13965.2240986912,55.1915550274248,35.5364578553289,31.2662311273334,-602.449470218878,10.1186216573114,1.49011611938477e-08,1.49011611938477e-08,1.83054899543628,1.02996103385674,0.837270382361374,1.92699397290354,6,25
0.068,1000,25,450.709536014793,521.389381574091,450.709536014793,14041.6434689899,13523.317778561,14403.7742818578,58.3349595066253,38.6597975961822,28.6812627673894,-705.019487682095,-153.682770136413,1.49011611938477e-08,1.49011611938477e-08,1.79068377258923,0.690840464080559,1.49011611938477e-08,2.51941409957836,6,25
0.069,1000,25,572.812832403635,257.816823190432,572.812832403635,13606.5435481497,13754.579185772,14596.7600899341,60.8640505147379,41.8230771149505,25.9773531807743,-668.696818771684,-246.20647477848,1.49011611938477e-08,1.49011611938477e-08,1.88107808951155,0.521491564021804,1.49011611938477e-08,3.04506165514471,6,25
0.07,1000,25,615.923606074964,521.737064151829,615.923606074964,13433.5333911085,14168.4247011096,14322.5988156559,61.8726997739825,43.7632803609721,24.7810080926964,-597.986322689801,-254.377826802648,1.49011611938477e-08,1.49011611938477e-08,1.94299053723122,0.37714282400387,1.49011611938477e-08,3.14268034978483,6,25
0.071,1000,25,562.197866007454,331.136459235786,562.197866007454,13730.42039683,14239.9354951645,13899.9344775393,61.9510133803576,44.4204171305978,25.4279826544251,-546.949892396575,-208.438725101475,1.49011611938477e-08,1.49011611938477e-08,1.94993613317718,0.394908096400546,0.261071077437134,2.31788322130249,6,25
0.072,1000,25,518.915860499761,490.984579084606,518.915860499761,14106.2002720249,13875.3008470301,13857.6728671882,61.9614123767298,44.152363584628,28.2368481789406,-512.664779990605,-141.836755922981,1.49011611938477e-08,1.49011611938477e-08,1.85701350882907,0.736665353310317,0.73600673240315,1.76067070666274,6,25
0.073,1000,25,621.85516493386,-4837.2439663189,621.85516493386,14092.5893049993,13528.9695107543,14270.8720490078,61.0655199056455,42.9959583255455,30.1813043190839,-439.83264124363,-124.537002543142,1.49011611938477e-08,1.49011611938477e-08,1.78630257930232,1.19428901188837,1.25876091830471,1.79885741297693,6,25
0.074,1000,25,630.26180012496,-7764.29398970946,630.26180012496,13713.6576626004,13654.3468014518,14618.3676652128,58.0828591616942,41.0742964333686,29.9460891698339,-329.016926568696,-126.952953566182,1.49011611938477e-08,1.49011611938477e-08,1.85721568131913,1.73332377589528,1.88035956722656,2.16704925917766,6,25
0.075,1000,25,616.065071794791,-3534.84986638036,616.065071794791,13467.5650158016,14084.9872098525,14503.3707419584,52.1708996270303,38.7579095183495,27.482146370361,-261.13240836611,-92.1818667683334,1.49011611938477e-08,1.49011611938477e-08,1.9342176015284,2.12068894383252,2.44860989912644,2.39934260482945,6,25
0.076,1000,25,592.551334042458,-254.298528946757,592.551334042458,13686.7788958727,14282.7135437258,14078.5875875307,46.2505384965944,36.998248403299,24.439406729197,-306.050275817322,-1.3035422970387,1.49011611938477e-08,1.49011611938477e-08,1.95691942057399,1.74384974895455,2.59256990030987,1.64462585480164,6,25
0.077,1000,25,513.834126891352,496.014373937782,513.834126891352,14098.0832090808,14007.993655529,13911.6529471197,44.6361213174814,36.2792002257155,24.179774803243,-451.324079511374,99.5886134514592,1.49011611938477e-08,1.49011611938477e-08,1.88919926006901,1.02589092297876,2.07855905403548,0.893829726065495,6,25
0.078,1000,25,465.938223893318,519.717523808299,465.938223893318,14176.3915810443,13599.0935601296,14230.5876984408,47.3177097979703,36.3645407255382,26.9531350359703,-597.93817906251,141.918190758274,1.49011611938477e-08,1.49011611938477e-08,1.79122994148086,0.593918522238685,1.57886877032791,0.650885952147455,6,25
0.079,1000,25,513.858016681606,497.280222286995,513.858016681606,13774.680976543,13594.5645509425,14558.6661402665,51.5874985724849,36.7835550261572,30.7249413499239,-663.03532598235,132.177540108815,1.49011611938477e-08,1.49011611938477e-08,1.84068266048231,0.475116824946629,1.36053454289905,0.724402107485353,6,25
0.08,1000,25,642.60355396958,-15120.3876426093,642.60355396958,13395.5966364955,13996.2841714094,14470.6349310807,55.3356172185048,36.9662991356861,34.6322256702948,-680.325599890499,85.570365503557,1.49011611938477e-08,1.49011611938477e-08,1.92428512028922,0.601946759566224,1.33186437726596,1.00173328794122,6,25
0.081,1000,25,631.536432469593,-8394.80843655809,631.536432469593,13488.8628747689,14296.7027007293,14064.6052421249,56.0699066728323,36.9016318688925,36.0817526899653,-673.003622595746,-12.7398952204968,1.49011611938477e-08,1.49011611938477e-08,1.95596582361184,0.795519011861265,1.36808520091905,1.38920443879314,6,25
0.082,1000,25,597.916458693059,-915.46122125008,597.916458693059,13870.6996342324,14131.33660878,13825.0032528014,55.0132822477735,36.260412383025,36.2222890153966,-634.675687839627,-104.66340016481,1.49011611938477e-08,1.49011611938477e-08,1.92803727061371,0.962795908793952,1.5265039506675,1.65807944076016,6,25
0.083,1000,25,588.787500885275,98.0799338698918,588.787500885275,14022.7342824749,13710.5971443176,14057.9288132064,54.771952252596,34.7393217225364,36.4294545384738,-586.21449136474,-105.07211413928,1.49011611938477e-08,1.49011611938477e-08,1.8338244592094,1.08671554162176,1.8512503603091,1.50685986186206,6,25
0.084,1000,25,612.407581093344,-2899.37089981327,612.407581093344,13766.5642974142,13590.4562914654,14510.9996226309,53.5124929014021,32.4891260981568,36.4337055759647,-483.535509773958,-94.5404141449939,1.49011611938477e-08,1.49011611938477e-08,1.84038248032984,1.29825419061623,2.27551389463132,1.48193762858491,6,25
0.085,1000,25,602.550873934616,-1426.14175970375,602.550873934616,13375.5689356549,13932.2086533652,14616.0826893356,50.1544725066949,29.0703180401399,36.5062056835678,-380.320029398147,-48.4601319902877,1.49011611938477e-08,1.49011611938477e-08,1.91750354725676,1.51407927509165,2.55331198093558,1.5480007087979,6,25
0.086,1000,25,586.107644892403,127.225835377357,586.107644892403,13351.7525912515,14277.8269005502,14247.4842344121,47.1551235737672,25.1812706120322,37.0317910988457,-381.081104621875,38.0950545821017,1.49011611938477e-08,1.49011611938477e-08,1.95197533880122,1.47899507652362,2.65598049340577,1.43208008595733,6,25
0.087,1000,25,603.256559650917,489.616902138392,603.256559650917,13787.5153485992,14202.9033418095,13877.5149716322,46.4584076204158,22.3748183985684,37.1234729229457,-490.363345720348,71.1828516371902,1.49011611938477e-08,1.49011611938477e-08,1.94197834864595,1.23690688534534,2.30550251924244,1.35162885002045,6,25
0.088,1000,25,596.202454314595,-569.31517827465,596.202454314595,14142.8722447558,13782.7136972598,14011.2943269608,46.579433502623,21.9190865177763,36.0249182246375,-562.229697845289,-30.6608675803017,1.49011611938477e-08,1.49011611938477e-08,1.8298454072138,1.15571264815151,1.41989630933428,1.62198061826069,6,25
0.089,1000,25,591.428969967718,37.7945647999346,591.428969967718,13999.2079970073,13545.4726348098,14459.9259202908,45.6322214513761,22.8782663816095,33.5046787237148,-515.758000399459,-158.826726077957,1.49011611938477e-08,1.49011611938477e-08,1.802908459889,1.26048869577578,1.07157617246852,2.23452921915154,6,25
0.09,1000,25,571.626604732794,262.319156675617,571.626604732794,13582.9682532694,13797.0838907001,14645.5900480417,43.6243908976598,23.5930951498044,31.7512283651001,-430.312195283317,-182.851477866624,1.49011611938477e-08,1.49011611938477e-08,1.89092281282003,1.39353176615961,1.15617193465411,2.92408252013053,6,25
0.091,1000,25,491.218710955963,513.035468094111,491.218710955963,13437.3919529087,14200.0104136364,14348.2838542411,42.4101442175864,23.409113910107,31.7861013922027,-413.373658165085,-116.805768260366,1.49011611938477e-08,1.49011611938477e-08,1.94557325330903,1.3409642029528,1.2406597098218,2.86835200218897,6,25
0.092,1000,25,357.756491631582,525.209983227261,357.756491631582,13761.0152193469,14235.9850832612,13929.7977785988,43.9789100783607,23.4079469451275,33.4129401683735,-497.824585850283,-11.6342702185375,1.49011611938477e-08,1.49011611938477e-08,1.94946583240311,1.064404198326,1.11707092292381,2.02840802555096,6,25
0.093,1000,25,360.261475869873,525.137611142513,360.261475869873,14129.4101977066,13850.0360436356,13924.6889555637,47.7713925609649,24.1295513928365,35.782985850857,-626.961808329384,47.8660471262018,1.49011611938477e-08,1.49011611938477e-08,1.85411125366019,0.846177880013399,0.904841810712021,1.56915572438576,6,25
0.094,1000,25,470.557977473156,519.129196796306,470.557977473156,14090.5942155747,13512.0177974039,14348.8027189148,51.6933346799195,25.8824663483955,37.1264959193409,-675.956693486445,5.6939072449114,1.49011611938477e-08,1.49011611938477e-08,1.78748458750044,0.869230478716932,0.794351598565126,1.62036416052041,6,25
0.095,1000,25,641.289921221551,-14123.7408906359,641.289921221551,13702.015200332,13664.1724988171,14669.1352471021,53.3225552579309,27.8952927546653,36.4037833783028,-607.901276416711,-60.0856406118982,1.49011611938477e-08,1.49011611938477e-08,1.86275619653046,1.04134263426214,0.868703830357951,1.96620228070682,6,25
0.096,1000,25,631.847624703181,-8530.73316190838,631.847624703181,13470.4735397571,14094.549895362,14525.1342115948,51.5493358422465,28.9774877065932,33.4560568143797,-522.29989758555,-70.1520966204303,1.49011611938477e-08,1.49011611938477e-08,1.93760031069411,1.09677477223152,0.991081453031238,2.10028351250114,6,25
0.097,1000,25,605.917110912465,-1881.58215584078,605.917110912465,13701.3150244815,14258.8950184866,14106.5522789487,48.5963329034034,29.2904606547275,29.6526400129545,-500.939706376656,3.83630951073955,1.49011611938477e-08,1.49011611938477e-08,1.95860714409597,0.778979993323997,1.05941308658423,1.33529930098973,6,25
0.098,1000,25,520.519626451266,486.823257348714,520.519626451266,14096.0932154589,13959.1490288569,13968.7929503601,48.2417080745985,29.2609324054005,28.7828419041232,-558.781842722246,115.743909401247,1.49011611938477e-08,1.49011611938477e-08,1.88670354196384,0.39178291236347,1.13158081624336,0.546250560857828,6,25
0.099,1000,25,492.202737111607,512.924203671261,492.202737111607,14167.4765092396,13563.2815177199,14310.0540110854,50.3052093408936,28.9563177866361,31.0026621500614,-605.073715547527,170.986099680252,1.49011611938477e-08,1.49011611938477e-08,1.79040814117073,0.453275704730944,1.28605017377042,0.349382645956178,6,25
0.1,1000,25,586.149493301452,126.898695041312,586.149493301452,13790.7315265035,13589.9012883603,14645.1186582793,52.0942201073952,27.9632744680371,33.6929337662869,-573.010408189561,172.541724523216,1.49011611938477e-08,1.49011611938477e-08,1.84275803653515,0.747198395044428,1.54215429977789,0.594136767466775,6,25
0.101,1000,25,635.883357925626,-10447.1257319692,635.883357925626,13445.2138760518,13998.1967617886,14541.6897763487,53.5668554473675,25.738221202643,36.3439251120749,-547.337202981908,165.918102228198,1.49011611938477e-08,1.49011611938477e-08,1.92562960626358,1.01535602844341,1.77017385353669,0.881355867695743,6,25
0.102,1000,25,624.122338344894,-5612.15620201225,624.122338344894,13566.290265778,14264.046671535,14111.6567616616,53.9724118033502,24.0629459800243,37.1376712083628,-577.324911762752,122.026442405367,1.49011611938477e-08,1.49011611938477e-08,1.95477641162067,1.14815378140121,1.66753872449605,1.17580356492916,6,25
0.103,1000,25,572.275105066189,255.363210261874,572.275105066189,13959.0070209791,14076.2964110991,13878.6607693225,54.0789380670315,24.2863867426426,36.6851910528108,-640.812510793481,52.6589949098609,1.49011611938477e-08,1.49011611938477e-08,1.91525988927794,1.11566090235218,1.31623732213838,1.36938803522209,6,25
0.104,1000,25,599.527272789736,-26.0124881691886,599.527272789736,14077.2036591528,13654.6814480219,14131.2731473045,55.7001296990201,25.4382383157824,37.100996597101,-702.012275592752,34.2273673940701,1.49011611938477e-08,1.49011611938477e-08,1.82219753696413,0.961053802396071,1.09980630543455,1.24980248584014,6,25
0.105,1000,25,623.196370677731,524.364139891475,623.196370677731,13786.666715449,13555.8892509232,14563.1546369609,56.5637503576582,26.1497143431375,37.1781714291886,-684.414523260354,32.6451314646183,1.49011611938477e-08,1.49011611938477e-08,1.84101811859878,0.921008171949798,1.07269641584105,1.16645027094977,6,25
0.106,1000,25,606.021616048701,-1881.05746124191,606.021616048701,13383.1919922169,13907.2512623097,14612.8092109846,56.6068543614435,25.9578950371157,37.1383302070829,-650.705982425174,63.8691807149112,1.49011611938477e-08,1.49011611938477e-08,1.91963259938833,0.944193469640581,1.07724494484284,1.12320080406993,6,25
0.107,1000,25,594.842359122715,-421.476296055355,594.842359122715,13394.0176340625,14235.418903748,14197.6007688675,56.5986807987984,25.4734873355867,36.8436013467698,-682.140417528669,87.603203451004,1.49011611938477e-08,1.49011611938477e-08,1.95284344852773,0.935252073438168,0.955495873058919,1.1025441055866,6,25
0.108,1000,25,562.00471138642,334.533186736552,562.00471138642,13852.2423224654,14135.3823296631,13847.830628567,56.1193604961273,26.1306380792829,36.2008148882085,-729.227455052696,-19.6015740521641,1.49011611938477e-08,1.49011611938477e-08,1.9350257070873,1.00386610807387,0.810295287044286,1.41510111727122,6,25
0.109,1000,25,517.152029929759,492.764849608462,517.152029929759,14167.4786421631,13712.3711873161,14013.5596886568,54.0648538129242,27.7806784080304,35.293386398679,-668.068418832491,-219.000925210389,1.49011611938477e-08,1.49011611938477e-08,1.82129219309171,1.23269735160297,0.815574605309456,2.31662089061411,6,25
0.11,1000,25,462.412354789249,520.110245312348,462.412354789249,13989.8068229796,13500.9294921394,14458.6155128499,50.1476718353742,29.2136982247975,33.9579702609507,-511.311743687385,-350.444473261291,1.49011611938477e-08,1.49011611938477e-08,1.80416538347603,1.57198885042943,0.981201123374627,3.72491375466939,6,25
0.111,1000,25,390.271721070742,524.181669294515,390.271721070742,13580.8565927093,13775.4979831025,14623.37157838,44.3707448500243,28.9763756251308,33.0018592638271,-372.68309997727,-347.371660022606,1.49011611938477e-08,1.49011611938477e-08,1.89290870827892,1.88984924261805,1.22314051556316,5.46212602531459,6,25
0.112,1000,25,317.102679671257,526.425708471119,317.102679671257,13468.1577055385,14172.350806366,14296.1602241138,39.3898213465554,27.3899632454562,33.336386912027,-338.560891295342,-240.792556803278,1.49011611938477e-08,1.49011611938477e-08,1.94517942596043,1.79195957129651,1.29181631152246,11.1569735922832,6,25
0.113,1000,25,249.491465198596,528.445595948941,249.491465198596,13820.7027342828,14193.0111330848,13883.9266616716,38.6648029095394,26.2341502598404,35.1378665751692,-433.037419640921,-100.86821943941,1.49011611938477e-08,1.49011611938477e-08,1.94240155002734,1.1967658429018,1.08109694382845,4.58397624413288,6,25
0.114,1000,25,252.746996129322,528.372993144506,252.746996129322,14193.5856150382,13804.8099625112,13905.2578554817,41.6659012926521,26.1040432801121,37.5975152945453,-565.224862709207,-27.8562036852299,1.49011611938477e-08,1.49011611938477e-08,1.83496465298151,0.830335430290475,0.833701566488307,2.72101757272471,6,25
0.115,1000,25,396.655327149231,524.023494100234,396.655327149231,14137.381280505,13493.1569816088,14335.0414650884,45.1150690874787,26.6678136344095,39.252382528774,-608.376442665142,-57.2531787697574,1.49011611938477e-08,1.49011611938477e-08,1.77702229617673,0.822005706080743,0.753877716661357,2.5667878729734,6,25
0.116,1000,25,634.702045403828,529.074613028458,634.702045403828,13740.9377933707,13671.3717140002,14623.1966319187,46.3323621397284,27.2075597779001,39.3703323117397,-555.026056540514,-106.706093147937,1.49011611938477e-08,1.49011611938477e-08,1.86171249479375,0.962655951547988,0.862630507728355,3.04448841616349,6,25
0.117,1000,25,631.200202730289,527.722353853067,631.200202730289,13527.5288639144,14098.6048021445,14440.629116498,44.643087343085,27.2365524110111,37.8550735830292,-496.458468668229,-121.603720854457,1.49011611938477e-08,1.49011611938477e-08,1.93819554096749,0.93756368215487,0.960697400038284,3.42882859252,6,25
0.118,1000,25,603.725791825884,497.36964083681,603.725791825884,13777.9611356508,14232.9859087543,14016.136969779,42.4239012398283,27.1883242912558,35.8895106795915,-512.053261700743,-77.1540416296345,1.49011611938477e-08,1.49011611938477e-08,1.95522769024004,0.523841671481159,0.926012131182531,2.35617703703264,6,25
0.119,1000,25,509.09018220124,501.509776182938,509.09018220124,14160.6197614461,13910.3649730883,13904.310226527,43.1448379355441,27.4965607541001,35.565969354086,-590.769458170392,-14.6638690218654,1.49011611938477e-08,1.49011611938477e-08,1.87119695945976,0.13658369098706,0.83415462028966,1.35289238849108,6,25
0.12,1000,25,489.26600035421,514.120341810523,489.26600035421,14210.4185161328,13524.7864000572,14267.9092487614,45.8161363347876,28.1848375523673,36.5114596705692,-626.611671477402,-12.7602512019983,1.49011611938477e-08,1.49011611938477e-08,1.7780931018331,0.480714470112053,0.80335613000879,1.32964976048713,6,25
0.121,1000,25,535.824728348525,455.500635138611,535.824728348525,13803.6286647637,13580.0109991173,14585.1647736602,48.0657229054177,28.5202116900598,37.6103428865528,-582.180620405711,-36.2756701874905,1.49011611938477e-08,1.49011611938477e-08,1.83964289660839,0.848632951532532,0.861679875866218,1.73012453840309,6,25
0.122,1000,25,638.632142766652,532.374802901835,638.632142766652,13464.8603922955,14004.3937003514,14454.7086379875,50.8642720697657,28.4495023425619,39.2010882634624,-544.031271803962,-60.2227547896474,1.49011611938477e-08,1.49011611938477e-08,1.92445162608409,1.17910200418485,0.904714471107685,2.21199441074599,6,25
0.123,1000,25,622.914207831822,524.318118888179,622.914207831822,13611.4520256741,14260.8220329097,14029.3850592674,51.8269520379883,28.3543061752817,39.6136642538561,-528.664034647164,-103.236571124253,1.49011611938477e-08,1.49011611938477e-08,1.9514205988939,1.39052474923422,0.885919065782248,2.69175386681902,6,25
0.124,1000,25,569.308638431146,279.278269797516,569.308638431146,13984.8386956379,14049.1489271898,13838.166556585,51.9344079442672,28.2254082423702,39.6705884413173,-529.231275383445,-105.494919339374,1.49011611938477e-08,1.49011611938477e-08,1.90574506867254,1.38220771448294,0.963604956854185,2.5013825525219,6,25
0.125,1000,25,605.520635812575,-104.464095972266,605.520635812575,14075.9291493057,13634.5374795401,14118.036003492,53.2654172892529,27.4418811566545,39.9434058193406,-562.709005540801,-20.5470343807454,1.49011611938477e-08,1.49011611938477e-08,1.81530795205054,1.17473633936156,1.17372191297393,1.58913468252627,6,25
0.126,1000,25,622.893782336032,-5220.25661005313,622.893782336032,13768.2982728704,13563.6462659306,14535.9234767526,53.8896131426119,25.4968078016061,39.217876754889,-552.539038316498,51.3376518496393,1.49011611938477e-08,1.49011611938477e-08,1.84244380202238,1.11576726320224,1.48372612500102,1.13307070842858,6,25
0.127,1000,25,603.885381676048,-1599.01352970155,603.885381676048,13379.5571579429,13918.4621400683,14544.4564943315,53.9231473844456,22.8998181445752,38.1873852893276,-552.741289675501,111.883666600412,1.49011611938477e-08,1.49011611938477e-08,1.92125403934816,1.13151982274848,1.73782276145717,0.957978202242373,6,25
0.128,1000,25,570.684956659804,269.364671599678,570.684956659804,13425.7103619155,14226.4736255061,14120.1555415881,54.0071918491925,22.3812095402428,37.0433674280018,-642.516439818035,103.482808102016,1.49011611938477e-08,1.49011611938477e-08,1.95375325396335,1.10108438010227,1.54241503692981,1.03106540151815,6,25
0.129,1000,25,490.401342458522,513.488193010039,490.401342458522,13889.4338780667,14091.792151951,13803.0370209054,53.727346302229,25.6373210450319,36.748383113455,-752.777763423644,-65.6598796422711,1.49011611938477e-08,1.49011611938477e-08,1.92958642969544,1.1161000158593,0.915792723254211,1.61072415325789,6,25
0.13,1000,25,392.771374715168,524.108502626931,392.771374715168,14176.8911644605,13660.5609076612,14000.1820788184,52.2839283305441,30.7343487162831,37.4172289048287,-736.420822415256,-331.099272056537,1.49011611938477e-08,1.49011611938477e-08,1.81367854800649,1.28820711584608,0.525471525917102,2.81749909279093,6,25
0.131,1000,25,329.640615124785,526.055245037299,329.640615124785,13966.5122485318,13473.0307945282,14439.5067422251,49.415835594936,35.3220369462927,37.40104262351,-614.091735111082,-494.088535966967,1.49011611938477e-08,1.49011611938477e-08,1.80507656330971,1.54540668359329,0.426036567659694,2.84968171279077,6,25
0.132,1000,25,295.950682686114,527.063074449216,295.950682686114,13554.9794486765,13770.7827993275,14572.8808779754,45.0426168312138,38.1507649827013,36.8831878802162,-476.894954013399,-511.841724833759,1.49011611938477e-08,1.49011611938477e-08,1.89529087966708,1.75326097643788,0.516055663250884,2.78311279628316,6,25
0.133,1000,25,247.464826879462,528.510266057838,247.464826879462,13472.7518008775,14163.5259192232,14225.7726188951,41.2056484001468,39.4077219600945,37.0281254701114,-416.532752339809,-414.461111585601,1.49011611938477e-08,1.49011611938477e-08,1.94497577469216,1.62218528797713,0.588913921667738,4.77289601933632,6,25
0.134,1000,25,201.906594460952,529.887116431184,201.906594460952,13847.4824859966,14160.7366894294,13824.4653485523,40.4030356462793,39.9055023784619,38.5581347129808,-439.303238924157,-272.755928493735,1.49011611938477e-08,1.49011611938477e-08,1.93550837874223,1.2150436404028,0.643807173989646,52.9697474865576,6,25
0.135,1000,25,223.266202134072,529.255241091736,223.266202134072,14209.6167788222,13764.3362590811,13877.3333176325,41.7831740331139,39.9575617398037,40.9567154145199,-477.949776824259,-173.155511677073,1.49011611938477e-08,1.49011611938477e-08,1.82110237586625,1.02733107438688,0.800942857779836,5.15936812023583,6,25
0.136,1000,25,365.560426021165,525.002240994588,365.560426021165,14128.6703107389,13478.7557717028,14309.6805130812,42.5170860000597,39.4567361849625,43.0367840764468,-454.862900375344,-153.934287856094,1.49011611938477e-08,1.49011611938477e-08,1.7739005961551,1.16157035715918,1.10027533022032,4.00570258908064,6,25
0.137,1000,25,605.859219364924,-109.279193229796,605.859219364924,13723.7941073029,13681.3627995165,14570.15282682,40.9893191190494,38.3309037957062,44.2056983778144,-387.566222053709,-160.871781312687,1.49011611938477e-08,1.49011611938477e-08,1.86471498001263,1.41040103592031,1.47443917630143,4.52180901429403,6,25
0.138,1000,25,627.798866529769,-6855.24825148617,627.798866529769,13538.5153406289,14101.7823745477,14365.6434187683,36.5178755392911,37.2076329554476,43.8662727701845,-361.709668313538,-156.193108810546,1.49011611938477e-08,1.49011611938477e-08,1.93972791783487,1.37922397495551,1.61496930242241,5.53189323377914,6,25
0.139,1000,25,594.137823208245,-513.106668142134,594.137823208245,13809.0793720455,14205.9286300849,13940.1533236587,32.6030558871128,36.9796704986088,42.9766382147469,-445.480567207553,-116.949867849594,1.49011611938477e-08,1.49011611938477e-08,1.95209883538241,0.761915973108299,1.26219950732069,4.24549763319863,6,25
0.14,1000,25,496.503236439577,510.614477960439,496.503236439577,14182.7710691725,13857.9871624185,13859.977497439,34.509635702654,38.2398817577074,42.91030508854,-601.090756821756,-92.7752475390933,1.49011611938477e-08,1.49011611938477e-08,1.85810421229135,0.254891578624022,0.761152471125606,2.6740019874046,6,25
0.141,1000,25,465.382020483991,519.775223073413,465.382020483991,14209.3856723621,13487.4573167524,14242.6851219214,39.4655460892539,40.6205677556288,43.115178845429,-680.191948971737,-142.739984606881,1.49011611938477e-08,1.49011611938477e-08,1.77055428201948,0.431396699080271,0.348190165322341,3.09734143111854,6,25
0.142,1000,25,464.717647743559,519.87790029127,464.717647743559,13779.8958121879,13574.3497424586,14532.886447777,44.5962469052541,42.8979037939675,43.49615102367,-656.023455946285,-200.631668061802,1.49011611938477e-08,1.49011611938477e-08,1.84089767225993,0.772102590472466,1.49011611938477e-08,4.51342876579062,6,25
0.143,1000,25,629.693973184951,-7292.32054076241,629.693973184951,13460.4229908373,14009.8790337102,14375.3047880723,49.8477232284689,44.5812463267184,44.6574022720733,-607.290363161452,-252.878625084737,1.49011611938477e-08,1.49011611938477e-08,1.92512378369624,1.13797930266383,1.49011611938477e-08,6.32057462757554,6,25
0.144,1000,25,628.133675697594,-6987.33729752623,628.133675697594,13634.2428004963,14258.2992168125,13961.1570397063,51.9821245255412,45.3309114605531,45.0247646518591,-529.639774471178,-308.17507757261,1.49011611938477e-08,1.49011611938477e-08,1.95002193863006,1.46085903521656,0.202932678902101,7.93681202217523,6,25
0.145,1000,25,588.196576822465,218.035747817858,588.196576822465,14007.9230832453,14029.2890907141,13795.19646638,52.0041505454101,44.4860928502509,44.7712726837388,-435.830064209546,-273.733513090466,1.49011611938477e-08,1.49011611938477e-08,1.89594305254743,1.61303314158089,0.747140108363299,5.75768685827879,6,25
0.146,1000,25,610.247975586592,-169.329736668214,610.247975586592,14050.909003136,13624.0002800932,14086.4078644809,52.6811311522074,41.9282717746801,44.1054653207322,-401.107086345681,-119.403377565494,1.49011611938477e-08,1.49011611938477e-08,1.81117597409267,1.5118670696332,1.30817596460136,2.28138596076551,6,25
0.147,1000,25,620.496302242493,523.471401089434,620.496302242493,13728.2066704908,13581.75262885,14496.0751975387,52.9067540943277,38.0625933235213,42.0322139184344,-372.396720284132,24.0507933563634,1.49011611938477e-08,1.49011611938477e-08,1.84600824960328,1.51362940502282,1.81541581268642,1.31787293586426,6,25
0.148,1000,25,594.65626422452,380.846213661977,594.65626422452,13359.5585118843,13948.966992563,14486.7968519195,52.8030751981333,34.1747962293137,39.9791648667255,-388.839012613033,109.863254450955,1.49011611938477e-08,1.49011611938477e-08,1.92375972890478,1.57020815003719,2.3411920561248,1.03508075604376,6,25
0.149,1000,25,557.668539765653,360.185567374708,557.668539765653,13437.4004962746,14237.0255267467,14061.9117572046,53.1061136680517,32.8727325624732,38.2900008053773,-520.073518896817,100.703174339636,1.49011611938477e-08,1.49011611938477e-08,1.9544000589184,1.48604445116063,2.9613626459107,1.12827224828911,6,25
0.15,1000,25,477.302100570768,517.582380361918,477.302100570768,13902.8854157705,14074.1292839406,13771.52316326,53.3815959728206,35.5296989189426,37.8086863166182,-692.069751936717,-81.9364648739884,1.49011611938477e-08,1.49011611938477e-08,1.92448724289689,1.37128487948558,1.11811236302025,1.77322701058211,6,25
0.151,1000,25,369.790443540188,524.827961481477,369.790443540188,14171.6841436658,13640.3562983963,14003.2821132052,52.966153127189,40.494596008527,38.7480392628532,-739.814627252917,-353.160798267243,1.49011611938477e-08,1.49011611938477e-08,1.80870515362576,1.4091869626916,0.187321440222146,2.65016307947726,6,25
0.152,1000,25,257.58581238159,528.212928377998,257.58581238159,13939.7339105296,13478.7458987719,14446.6275360157,51.6026597736366,45.4985598471637,39.6717104595665,-653.311070161089,-549.204114961084,1.49011611938477e-08,1.49011611938477e-08,1.80845416535458,1.56033967899525,1.49011611938477e-08,2.22008736175119,6,25
0.153,1000,25,218.107056551346,529.391177002429,218.107056551346,13531.9881425164,13797.5266968982,14550.9447181341,49.2426254013825,49.1410623065238,39.8074569331087,-532.823400509171,-578.458159038887,1.49011611938477e-08,1.49011611938477e-08,1.8989771373949,1.67708567237566,1.49011611938477e-08,2.14820944073006,6,25
0.154,1000,25,180.784725037558,530.514023788179,180.784725037558,13481.432560115,14180.1217723766,14184.6244865911,47.2857787733433,51.1920780313294,40.081280529621,-456.725828920248,-487.94286963929,1.49011611938477e-08,1.49011611938477e-08,1.94557541781227,1.55198302372239,1.49011611938477e-08,3.45509931244696,6,25
0.155,1000,25,129.601001920955,532.035233769894,129.601001920955,13875.5608145305,14151.6084030605,13797.2105774869,47.0683443294091,51.993096265307,41.4591115666085,-426.130038270307,-348.298979928932,1.49011611938477e-08,1.49011611938477e-08,1.92999876832376,1.32074975974943,0.168183908876542,20.1653853310333,6,25
0.156,1000,25,157.098973729375,531.235951440407,157.098973729375,14222.3697979404,13748.9126206264,13880.1432293503,47.4854802959015,51.7928947613049,43.7263915451873,-395.598752225536,-238.780184557307,1.49011611938477e-08,1.49011611938477e-08,1.81139269902403,1.3273083842683,0.743722113922157,7.33858506893049,6,25
0.157,1000,25,324.780118247722,526.243698224091,324.780118247722,14107.5022330321,13488.9564792967,14311.5533340271,46.3690377888436,50.5196786909476,46.1338727860913,-320.359612508528,-179.494344252256,1.49011611938477e-08,1.49011611938477e-08,1.77563131183469,1.64337188835464,1.36797164703831,4.74959686816729,6,25
0.158,1000,25,564.917510352013,320.531582358538,564.917510352013,13703.9326586007,13714.5592733347,14545.3866166018,42.9601237566622,48.4966796714404,47.9364610789869,-244.118784106366,-157.968268044174,1.49011611938477e-08,1.49011611938477e-08,1.86997569828225,2.10250137317234,2.10533891915181,5.10283296107859,6,25
0.159,1000,25,627.120255975822,-6606.28946623033,627.120255975822,13548.4760077696,14128.5186686428,14322.9412535526,36.0183488544669,46.6640498329083,48.1597554324414,-239.608053344195,-142.356519409611,1.49011611938477e-08,1.49011611938477e-08,1.94209907437761,2.19765158196388,2.49997425008829,6.5370860636119,6,25
0.16,1000,25,591.020849712919,-204.061510084195,591.020849712919,13837.6773012304,14201.6880858992,13908.5559279783,29.4945625251164,46.1057341723801,47.5046806712927,-375.91432343388,-99.4727207581049,1.49011611938477e-08,1.49011611938477e-08,1.95085276022916,1.17907541556378,1.60183169684602,5.58577242322062,6,25
0.161,1000,25,483.932555818874,515.781009537023,483.932555818874,14201.7491909111,13838.1188173607,13855.7805651774,31.2379055209017,47.3842679741015,47.4033849145565,-585.405474784306,-86.0042658788625,1.49011611938477e-08,1.49011611938477e-08,1.85096440220014,0.358023553143275,0.683211325434744,3.55652547484568,6,25
0.162,1000,25,412.753570236157,523.382554805253,412.753570236157,14195.568459864,13481.0885406686,14250.6562764231,38.1833864386243,50.0668541745536,47.4776122405016,-720.919591970373,-158.846717549492,1.49011611938477e-08,1.49011611938477e-08,1.77057405172283,0.338358775493088,1.49011611938477e-08,4.3107751141597,6,25
0.163,1000,25,358.294787339789,525.193348840336,358.294787339789,13759.1675719583,13597.1578569805,14519.8256503403,45.6401976877071,52.8356429398495,47.5890770154264,-716.996081311993,-243.701726996073,1.49011611938477e-08,1.49011611938477e-08,1.84554639060474,0.687686758412333,1.49011611938477e-08,7.3060042700953,6,25
0.164,1000,25,524.091627227926,483.458551574967,524.091627227926,13463.8788384061,14038.7927375762,14328.1146437118,52.7876266258004,54.8498610002194,48.817928237828,-659.184918999176,-323.359956394129,1.49011611938477e-08,1.49011611938477e-08,1.92725530118383,1.10564381792511,1.49011611938477e-08,9.71784162833011,6,25
0.165,1000,25,634.889274676766,529.836834138386,634.889274676766,13665.227737122,14263.4047881334,13908.3651878024,56.1734914193845,55.5389929362926,49.4131159895323,-534.371478835536,-407.176157711122,1.49011611938477e-08,1.49011611938477e-08,1.94897124154204,1.56312656760783,1.49011611938477e-08,9.32213744719584,6,25
0.166,1000,25,604.687837994801,502.473582852435,604.687837994801,14031.3466835344,14011.5191728717,13765.374157023,56.3323264840588,54.3341782933838,49.0109350467637,-380.700917819642,-385.45500249736,1.49011611938477e-08,1.49011611938477e-08,1.88745554635979,1.89695528877557,0.636866092900351,11.1427996406479,6,25
0.167,1000,25,614.076084446219,-3100.21840298209,614.076084446219,14049.9206552762,13617.0703203179,14070.3650638971,56.2974251602656,51.2533510583953,47.9635092156537,-283.664581929654,-213.779618145066,1.49011611938477e-08,1.49011611938477e-08,1.80610056705856,1.96659514219032,1.32081942014172,3.77711731897448,6,25
0.168,1000,25,608.740423495126,-2258.46323355417,608.740423495126,13697.8156429558,13603.3121494661,14459.6810194351,56.1716835319739,46.9935459020955,45.2857701805017,-234.022379696849,-47.6464013665803,1.49011611938477e-08,1.49011611938477e-08,1.84989846088676,2.07955403855005,1.70574166103351,2.0203593883383,6,25
0.169,1000,25,567.505441829312,294.285760538752,567.505441829312,13343.0217507095,13982.7304263767,14421.3021344943,56.22452908284,42.9228562351616,42.3565736427172,-266.082055208503,53.4014913240546,1.49011611938477e-08,1.49011611938477e-08,1.92600948902895,2.19425669864997,2.10647867688513,1.55022941345278,6,25
0.17,1000,25,517.930216498134,491.348132593436,517.930216498134,13451.9459848179,14250.2651379437,13992.1346218661,56.9727081357492,41.515811223317,39.958963738763,-430.840245486018,47.6028828306802,1.49011611938477e-08,1.49011611938477e-08,1.95407424653745,2.0359778807486,4.44784146170069,1.61237108094173,6,25
0.171,1000,25,479.913564221285,517.005982138194,479.913564221285,13913.300766203,14055.3480965315,13729.3073751647,57.8743291365857,44.106602733141,38.8138248717041,-641.367241543721,-120.290014820975,1.49011611938477e-08,1.49011611938477e-08,1.91819883912108,1.71738102779314,1.08814550556652,2.22502951519372,6,25
0.172,1000,25,426.485493055729,522.832548377981,426.485493055729,14152.6606884477,13619.9380676498,13989.1818511704,58.2437159343939,49.0270655366399,39.0267274580234,-744.52406256026,-401.275257980226,1.49011611938477e-08,1.49011611938477e-08,1.80436533734759,1.56610609926603,1.49011611938477e-08,2.45099281315817,6,25
0.173,1000,25,356.88231418995,525.227107356405,356.88231418995,13904.0573199156,13485.3453434676,14438.5795966081,57.7738806360858,54.0396341605877,39.5552178985698,-688.409581517916,-599.985621597807,1.49011611938477e-08,1.49011611938477e-08,1.81290287650765,1.58620974967085,1.49011611938477e-08,1.83968874853105,6,25
0.174,1000,25,279.627576226032,527.545085277448,279.627576226032,13505.0200196318,13823.7859312012,14526.4400135198,56.4201835849095,57.8375556230131,39.6382576961713,-576.098574749682,-634.418802831369,1.49011611938477e-08,1.49011611938477e-08,1.90353418221556,1.61610368940074,1.49011611938477e-08,1.78589795805185,6,25
0.175,1000,25,204.449342431358,529.797554355972,204.449342431358,13484.0539712058,14194.0185160675,14151.9279031668,55.2409209753977,60.0246133761635,39.989628932392,-486.563207575742,-539.402695150435,1.49011611938477e-08,1.49011611938477e-08,1.94710514329519,1.46628504003063,1.49011611938477e-08,2.91060462528333,6,25
0.176,1000,25,173.960895772129,530.721616971883,173.960895772129,13888.9981458893,14136.6643900002,13782.4684102796,55.230903268357,60.7295953696874,41.6437767006614,-430.942414460686,-389.360915049566,1.49011611938477e-08,1.49011611938477e-08,1.92676198616207,1.30167743151589,1.49011611938477e-08,14.614853815948,6,25
0.177,1000,25,214.155967184028,529.518237014154,214.155967184028,14216.7065640493,13724.8300018989,13895.723597181,55.412723255769,60.1993668798966,44.3607646406583,-370.751015491652,-248.588965466094,1.49011611938477e-08,1.49011611938477e-08,1.80635025666576,1.41866131136997,0.760577490242422,7.01288077249684,6,25
0.178,1000,25,390.163595727966,524.234743860297,390.163595727966,14078.5097117242,13486.6574699212,14333.0681523367,53.9471905145357,58.5683869538025,47.2535821401799,-279.015820625997,-170.003963375222,1.49011611938477e-08,1.49011611938477e-08,1.77954774249856,1.86571771520484,1.51364301434952,4.46624684792264,6,25
0.179,1000,25,626.8298607568,-6290.28516079205,626.8298607568,13681.875760229,13736.7974445269,14553.3569645472,49.861354117456,56.1689700611813,49.226240621405,-196.562662649171,-138.152966397478,1.49011611938477e-08,1.49011611938477e-08,1.8758938531474,2.51168250623234,2.42028181463214,4.85591965685041,6,25
0.18,1000,25,625.116801695526,-5923.78899703249,625.116801695526,13554.8560737219,14144.1501334421,14316.1012549127,42.0871366804509,54.0474068103099,49.2846790367072,-203.230971403477,-110.913663616332,1.49011611938477e-08,1.49011611938477e-08,1.94448697469446,2.78086029909493,3.15929087719182,6.18505716585407,6,25
0.181,1000,25,583.124923107333,141.200450220612,583.124923107333,13859.8572894684,14187.7796885905,13921.1923902242,34.1896899461342,53.2580509081911,48.2108602509897,-360.593728247195,-50.044897817584,1.49011611938477e-08,1.49011611938477e-08,1.95032963630908,1.44094054241987,1.86452442191825,4.64286738934991,6,25
0.182,1000,25,462.899837583461,520.056458894893,462.899837583461,14208.4287190798,13805.182903042,13899.315645318,34.616865809818,54.3074367136902,47.8834099192595,-627.416322874717,-15.8393527876024,1.49011611938477e-08,1.49011611938477e-08,1.84659161774765,0.336789668152101,0.711112385886169,2.62760345963612,6,25
0.183,1000,25,361.525047218202,525.075523556619,361.525047218202,14173.3825656372,13466.5962316721,14302.3395633841,41.7638133152667,56.7071077202767,48.1999951016124,-801.000436105233,-81.3668327864934,1.49011611938477e-08,1.49011611938477e-08,1.77449724421328,1.49011611938477e-08,1.49011611938477e-08,2.74496084208307,6,25
0.184,1000,25,274.553676946719,527.70923285779,274.553676946719,13728.1024361633,13608.826279823,14545.7144909428,50.0636975476618,59.1817484470075,48.8063545203031,-817.219539650426,-169.730200277087,1.49011611938477e-08,1.49011611938477e-08,1.85293507706688,0.416303835501188,1.49011611938477e-08,4.0190374049462,6,25
0.185,1000,25,465.258233649533,520.036983730138,465.258233649533,13458.4990815628,14053.074360142,14326.1267595899,57.5065661824912,60.8728071020916,50.5056213302296,-760.643855262636,-264.52701783475,1.49011611938477e-08,1.49011611938477e-08,1.93045722472219,0.850931918561365,1.49011611938477e-08,6.13222970460017,6,25
0.186,1000,25,637.717958715813,-11702.908959035,637.717958715813,13687.1387365287,14253.9077650815,13904.7549593566,60.96746017183,61.2105195129283,51.4931045896466,-624.354489352277,-371.054488401529,1.49011611938477e-08,1.49011611938477e-08,1.94884339712004,1.32556656915797,1.49011611938477e-08,8.759471292217,6,25
0.187,1000,25,612.227521432475,-2853.25792013079,612.227521432475,14050.432701287,13985.2564318348,13787.7571123358,60.83016256598,59.5415928476679,51.3069643831904,-424.494046729858,-375.253182657876,1.49011611938477e-08,1.49011611938477e-08,1.88187491546075,1.73786964078301,0.68775755161336,8.48085318662599,6,25
0.188,1000,25,610.388262391221,-2510.96707211647,610.388262391221,14049.2645584887,13600.7120825903,14114.4123978838,60.1418868850496,55.799514074242,50.4120182946906,-280.382011651272,-220.048751842567,1.49011611938477e-08,1.49011611938477e-08,1.80493142017315,1.96683040980511,1.38929988872882,3.77134992656345,6,25
0.189,1000,25,597.013669539181,-796.426140078504,597.013669539181,13677.2267318205,13616.1006631036,14484.7515043678,59.5900147860573,50.8472046888019,48.1964431770843,-198.276449477318,-57.7572570569411,1.49011611938477e-08,1.49011611938477e-08,1.85519775063677,2.24006553196641,1.6552877507779,2.29254623378962,6,25
0.19,1000,25,546.671035901614,416.945812966662,546.671035901614,13331.6659429911,14005.1880775929,14406.7089070418,59.6204116898305,46.1289658733484,45.4527228309578,-229.889850323243,51.0428206565872,1.49011611938477e-08,1.49011611938477e-08,1.9285932428737,2.44414132356114,1.93934995128827,1.82179088908346,6,25
0.191,1000,25,510.380367028213,500.266999999375,510.380367028213,13469.3390660557,14252.8693995658,13964.6578328805,60.5451714105688,43.9481679204345,42.7741765588846,-399.034262296505,54.9135303736676,1.49011611938477e-08,1.49011611938477e-08,1.95394039030135,2.24614709203396,5.16584368235125,1.86620257089847,6,25
0.192,1000,25,483.916695492898,515.940307434845,483.916695492898,13934.7284424486,14034.8165399735,13726.5737365112,61.6382960714446,45.7951878701051,40.8302115572861,-635.630989059051,-120.412137795955,1.49011611938477e-08,1.49011611938477e-08,1.91120547982435,1.83927930456198,1.04820357780083,2.47561847177255,6,25
0.193,1000,25,459.767878872247,520.475934323734,459.767878872247,14150.3489023505,13604.1474448699,14012.1110227736,62.1617439206328,50.2443638270932,39.9444057177106,-744.007681029406,-405.467988760196,1.49011611938477e-08,1.49011611938477e-08,1.79961211470659,1.6385468428668,1.49011611938477e-08,2.59478548039605,6,25
0.194,1000,25,418.159043952895,523.1899907069,418.159043952895,13884.4774892295,13498.3894235021,14458.2254077895,61.7453918799633,54.9052501188824,39.4821957021994,-686.639114563902,-603.090221593248,1.49011611938477e-08,1.49011611938477e-08,1.81712578496301,1.63594617578805,1.49011611938477e-08,1.89288436503647,6,25
0.195,1000,25,354.083769562557,525.308068659443,354.083769562557,13494.6549507323,13853.3387547113,14520.1803181293,60.4612938352082,58.3934060540752,39.0207077133088,-574.57238912786,-632.10446876234,1.49011611938477e-08,1.49011611938477e-08,1.90786344138848,1.64258515220703,1.49011611938477e-08,1.83694329233418,6,25
0.196,1000,25,280.426566069342,527.512815405446,280.426566069342,13499.1241482158,14205.9885490675,14128.3752761149,59.543741034554,60.2740101068283,39.5397347689275,-493.317547877363,-534.779378381841,1.49011611938477e-08,1.49011611938477e-08,1.94844343112973,1.47801825064913,1.49011611938477e-08,3.14135729021733,6,25
0.197,1000,25,217.138478368096,529.427730565508,217.138478368096,13911.2178586243,14116.6100185824,13777.6375428125,59.8145753511771,60.6210162989276,41.6368871578261,-443.801491316232,-369.226628025849,1.49011611938477e-08,1.49011611938477e-08,1.92283888273547,1.33084589614989,1.49011611938477e-08,22.3155342166276,6,25
0.198,1000,25,253.862366210196,528.34310051743,253.862366210196,14214.8813457808,13697.621988447,13919.0650215699,60.2513620117066,59.7310542411562,44.7691209778938,-392.885214389149,-227.676192077887,1.49011611938477e-08,1.49011611938477e-08,1.80160622731267,1.47128939162347,0.732523153007724,6.06167644830425,6,25
0.199,1000,25,461.960156161979,520.373668423774,461.960156161979,14053.6980770448,13484.1926365959,14362.1480186964,59.009460293036,57.73335721897,47.9644599152558,-302.853217245735,-153.329133851508,1.49011611938477e-08,1.49011611938477e-08,1.78372565759286,1.94626005868831,1.50337844651322,4.21288022306511,6,25
0.2,1000,25,638.044113280894,531.917887501261,638.044113280894,13664.6295654705,13757.2248075762,14566.0712578118,54.8701166235969,55.0611788382169,49.777478651486,-216.613202404204,-127.259000877721,1.49011611938477e-08,1.49011611938477e-08,1.88162389891681,2.64127188083988,2.39233845251919,4.79020820713773,6,25
0.201,1000,25,625.039265481217,525.054990031673,625.039265481217,13564.2370488361,14156.1526669727,14311.4428014802,47.0884477111966,52.7705649046183,49.4302155899246,-219.680763811967,-98.5266443466338,1.49011611938477e-08,1.49011611938477e-08,1.94668256876423,2.90117860262897,3.00644732351819,6.00630747576947,6,25
0.202,1000,25,583.893133789463,159.620977267792,583.893133789463,13884.1245435337,14171.7087692169,13930.0139404355,39.080606325755,51.8075995975354,47.9029851244494,-386.332434651388,-21.6728570999023,1.49011611938477e-08,1.49011611938477e-08,1.94868656630065,1.51122093740356,1.78860787196942,4.08595569132283,6,25
0.203,1000,25,447.278052143251,521.58816007598,447.278052143251,14214.429135605,13777.7917328432,13936.030438202,38.6028207025778,52.5931443116107,47.3702494924741,-658.961639057809,32.3309595297564,1.49011611938477e-08,1.49011611938477e-08,1.8421556105394,0.409151826854683,0.717370234873413,2.16994470066305,6,25
0.204,1000,25,345.995075189394,525.542316466069,345.995075189394,14153.1728384022,13458.0754628039,14348.7016569435,44.9988892544882,54.6434570259796,47.9562561755625,-836.551393074211,-16.1709911302983,1.49011611938477e-08,1.49011611938477e-08,1.77839614489121,1.49011611938477e-08,1.49011611938477e-08,2.07582541930674,6,25
0.205,1000,25,300.366240644865,526.93913846771,300.366240644865,13699.6179440195,13629.1233599763,14569.8163499474,52.7179415868014,56.7334215267481,49.1123870778069,-858.675971408743,-93.5752481453352,1.49011611938477e-08,1.49011611938477e-08,1.86062859132432,0.361224733968534,1.49011611938477e-08,2.74441581106678,6,25
0.206,1000,25,485.356809915887,515.75909044755,485.356809915887,13456.2146582211,14074.6957018756,14327.1302997704,59.4080242754759,58.106208410296,51.0917484351072,-811.090325269442,-185.17861088133,1.49011611938477e-08,1.49011611938477e-08,1.93374450629769,0.781571427438838,1.49011611938477e-08,3.95035757608897,6,25
0.207,1000,25,636.748788330383,531.031015227659,636.748788330383,13707.2762509704,14245.380828906,13908.8149949256,62.2090511679966,58.1966381269877,52.1733228910778,-673.271498955603,-305.625436953062,1.49011611938477e-08,1.49011611938477e-08,1.94892855683102,1.22912993151524,1.49011611938477e-08,5.84506832895259,6,25
0.208,1000,25,611.029784132459,518.107395707028,611.029784132459,14058.5708940914,13953.8228619125,13817.0920247189,61.6731540157445,56.3607522069878,52.1295397720044,-479.786408836257,-321.060047777572,1.49011611938477e-08,1.49011611938477e-08,1.87787143788251,1.61635286644251,0.785558328564921,5.7224167656307,6,25
0.209,1000,25,611.513634622364,-2668.65264498702,611.513634622364,14036.2634593633,13583.4618807196,14160.5686864813,60.7603884774534,52.3816588417495,51.54874907271,-335.347247276457,-182.808696093787,1.49011611938477e-08,1.49011611938477e-08,1.80681885044617,1.85240705969335,1.46590903965727,3.18702224665525,6,25
0.21,1000,25,597.208189392364,-777.317713174128,597.208189392364,13647.1468032674,13627.9923046487,14511.9263336647,60.0261277703205,47.1000586530492,49.7655079182293,-249.880244964986,-33.8380228573853,1.49011611938477e-08,1.49011611938477e-08,1.86224764700985,2.13019284941462,1.78054161876207,2.16545114220314,6,25
0.211,1000,25,540.590135616998,440.093984919891,540.590135616998,13315.5836280824,14026.6490938293,14403.9350679181,60.0006002081615,42.0809323512381,47.3772689451587,-278.661131181659,66.3868327055945,1.49011611938477e-08,1.49011611938477e-08,1.93176177108986,2.29433935869407,2.16099803124649,1.79210312323735,6,25
0.212,1000,25,502.525230393651,507.32190929355,502.525230393651,13480.1406811874,14252.996378463,13951.2694368141,60.9519471931964,39.8040533695588,44.7724204111382,-455.808597724271,67.5029574514539,1.49011611938477e-08,1.49011611938477e-08,1.95463101397105,2.07696490575819,4.29169468048512,1.85095077647227,6,25
0.213,1000,25,493.191670916418,512.179173406682,493.191670916418,13948.0861891544,14010.9944890842,13736.7743866377,62.0585920317197,42.0717434870442,42.5376550448761,-682.906158089437,-119.808353569224,1.49011611938477e-08,1.49011611938477e-08,1.90641736764301,1.73174153107548,0.901835297101898,2.46824717787169,6,25
0.214,1000,25,477.650323699193,517.544497280198,477.650323699193,14141.8992945962,13587.3339172269,14046.730890733,62.3526025938404,47.0018589527117,41.1211764345548,-764.14777046247,-406.795116636832,1.49011611938477e-08,1.49011611938477e-08,1.79817850638153,1.59787637197259,1.49011611938477e-08,2.7302734400265,6,25
0.215,1000,25,438.256668152582,522.219411649908,438.256668152582,13859.3616388703,13511.494437381,14485.5581070031,61.4193324943975,51.9240999672437,40.023891453972,-682.517037152426,-594.704564115042,1.49011611938477e-08,1.49011611938477e-08,1.8236079955119,1.63893690967943,1.49011611938477e-08,2.0540000761478,6,25
0.216,1000,25,375.1069978984,524.672673193374,375.1069978984,13476.7542737817,13880.622907247,14514.7556391325,59.6410917776062,55.439829013762,39.146634829384,-569.157516161531,-613.357035880478,1.49011611938477e-08,1.49011611938477e-08,1.91275393629279,1.6454280282749,1.49011611938477e-08,2.04007536159563,6,25
0.217,1000,25,293.008499689139,527.151699504948,293.008499689139,13508.5908867992,14214.9072324455,14106.833435918,58.5774354935061,57.2489267756357,39.7087193960288,-490.2994956133,-502.850830546265,1.49011611938477e-08,1.49011611938477e-08,1.949937148913,1.45386380837072,1.49011611938477e-08,3.74311417001035,6,25
0.218,1000,25,233.45543490781,528.924422321255,233.45543490781,13927.8174954227,14095.7982251598,13776.5482661894,58.9741489208286,57.5309973436008,41.8907009999007,-458.138853552828,-334.196065113751,1.49011611938477e-08,1.49011611938477e-08,1.91944746835349,1.27767277010205,1.49011611938477e-08,69.7536441422344,6,25
0.219,1000,25,264.593735136477,528.021582897719,264.593735136477,14208.6573608851,13670.4151580375,13946.5587913362,59.7747228550316,56.6423658333563,45.0721711405469,-426.646472773488,-201.457605526304,1.49011611938477e-08,1.49011611938477e-08,1.798381220234,1.39155970639295,0.784797243610865,5.1780070176741,6,25
0.22,1000,25,469.245095473686,519.443696787865,469.245095473686,14027.5178563622,13480.7111329738,14390.3381859811,58.8236293486964,54.8074730875809,48.1941226757319,-345.335963113119,-143.324542482539,1.49011611938477e-08,1.49011611938477e-08,1.78887242606938,1.82878088118382,1.49149131489888,3.99459512593368,6,25
0.221,1000,25,638.324370358157,532.091656184749,638.324370358157,13639.5290457614,13774.6233959228,14569.295128217,54.9085502622103,52.4445675025829,49.8197660254535,-266.011428217661,-128.639565660557,1.49011611938477e-08,1.49011611938477e-08,1.88771091603146,2.44130909066545,2.27815199705568,4.70133058782735,6,25
0.222,1000,25,625.506687322576,525.232101339652,625.506687322576,13563.8657747859,14164.5208600818,14293.3498144345,47.5716273604805,50.5215213195222,49.224100335852,-269.925810955505,-101.99735419776,1.49011611938477e-08,1.49011611938477e-08,1.94904173952274,2.57163582117458,2.59505204527122,5.7949595894274,6,25
0.223,1000,25,583.409542386713,161.394874421574,583.409542386713,13898.2244021902,14150.1359725464,13921.4747727548,40.2050536756884,49.8245874790445,47.5273025072569,-435.235393231305,-24.8242007160853,1.49011611938477e-08,1.49011611938477e-08,1.94660712409035,1.35850748865132,1.57375652275465,3.81046797369849,6,25
0.224,1000,25,437.339019222167,522.250132965843,437.339019222167,14212.3109796738,13746.0422842919,13953.8348218239,40.1355380505639,50.7276675961319,46.9917159248336,-694.461826432322,29.3995440368436,1.49011611938477e-08,1.49011611938477e-08,1.83706497465981,0.383011630810041,0.673300277698342,2.03662972544859,6,25
0.225,1000,25,347.165846211047,525.533793198885,347.165846211047,14124.7592266215,13447.4161241577,14373.6798512709,46.4590597248971,52.6862998472433,47.7666618437614,-853.129159887709,-11.4376959068766,1.49011611938477e-08,1.49011611938477e-08,1.78224682051311,1.49011611938477e-08,1.49011611938477e-08,1.94374217716346,6,25
0.226,1000,25,284.966448592603,527.400289889191,284.966448592603,13664.0441218036,13643.6968470891,14567.5335619114,53.873033182271,54.5565349623296,49.2419780809561,-868.294977091693,-78.6400971421501,1.49011611938477e-08,1.49011611938477e-08,1.867676672604,0.411124419976215,1.49011611938477e-08,2.55304580595409,6,25
0.227,1000,25,515.396519216512,497.07201496248,515.396519216512,13447.7678700565,14089.5503739758,14302.9231878794,60.2705352887037,55.781502117234,51.4342603527991,-819.345746042335,-175.722233830369,1.49011611938477e-08,1.49011611938477e-08,1.93666078715392,0.815816765645364,1.49011611938477e-08,3.66847136211921,6,25
0.228,1000,25,636.499168462322,530.888443155764,636.499168462322,13720.4697314631,14234.8607135721,13889.208389832,62.773739002785,55.8049705699162,52.5552057399762,-685.348686391641,-299.655132250086,1.49011611938477e-08,1.49011611938477e-08,1.94851582000597,1.24988184568149,1.49011611938477e-08,5.34970105926146,6,25
0.229,1000,25,608.193131914252,513.440024660486,608.193131914252,14062.9842668533,13927.6451376419,13823.8624966523,62.1252982976341,53.9058636036263,52.5538271546947,-498.734742961063,-316.096508356048,1.49011611938477e-08,1.49011611938477e-08,1.87341285297917,1.61976947082286,0.832557003649249,5.33589872973469,6,25
0.23,1000,25,611.610570107582,517.839224962095,611.610570107582,14017.2207783096,13568.5592933879,14184.5225573075,61.1824354965314,49.8097137128706,52.0473770492238,-358.605152236077,-184.744514525221,1.49011611938477e-08,1.49011611938477e-08,1.80825824221044,1.84838288068957,1.50826074075818,3.19897778792092,6,25
0.231,1000,25,594.653289815538,373.276953522754,594.653289815538,13612.7777694093,13641.8336988517,14517.0265701551,60.4144121771821,44.3655526399153,50.4195317868926,-278.493185116897,-49.2113890211354,1.49011611938477e-08,1.49011611938477e-08,1.86857846286063,2.11853826757316,1.89415076121834,2.25375275789533,6,25
0.232,1000,25,548.78334373258,407.625154921586,548.78334373258,13300.0520046343,14047.5441181841,14377.3203556214,60.3797425412563,39.1712343950371,48.1970262267762,-311.176898661325,52.386575890501,1.49011611938477e-08,1.49011611938477e-08,1.93428984119998,2.26154944476486,2.40623729128071,1.89578115766315,6,25
0.233,1000,25,523.88853562619,482.876877060791,523.88853562619,13494.8204746197,14252.4529170413,13921.1096562423,61.2503198363851,36.8070548916691,45.7134383153753,-487.543510934102,44.5189467038676,1.49011611938477e-08,1.49011611938477e-08,1.95506952457654,2.0472504189053,3.47133512635205,1.96382889039078,6,25
0.234,1000,25,501.927528243628,507.635552676682,501.927528243628,13963.2071553304,13989.2828139833,13735.7395641006,62.1696278887204,39.2531073484479,43.5379413539457,-696.765518258029,-153.144517683579,1.49011611938477e-08,1.49011611938477e-08,1.90080164431148,1.75078636772384,0.778946067105761,2.57738076174554,6,25
0.235,1000,25,480.050304339192,516.953564971365,480.050304339192,14132.5697906062,13574.9096590368,14068.6831844362,62.1662341375975,44.4286364867108,42.1710017897447,-750.643856328825,-435.248171135017,1.49011611938477e-08,1.49011611938477e-08,1.79657682479082,1.66884666722916,1.49011611938477e-08,2.71169623936326,6,25
0.236,1000,25,436.562159665056,522.315433985996,436.562159665056,13830.7691667567,13528.1403695398,14497.5156181433,60.8121867964554,49.3885729372593,41.0653278263144,-658.256995838568,-603.106620515158,1.49011611938477e-08,1.49011611938477e-08,1.82965787707064,1.75484342905656,1.49011611938477e-08,2.05455821353229,6,25
0.237,1000,25,370.710979566801,524.797565059229,370.710979566801,13460.3818905045,13911.1294050788,14498.4857375185,58.6691811410822,52.8127593606839,40.1193009796882,-537.08766977139,-613.045850330327,1.49011611938477e-08,1.49011611938477e-08,1.91689476759431,1.77959769417477,1.49011611938477e-08,2.09413868418353,6,25
0.238,1000,25,283.193945187293,527.427824799726,283.193945187293,13521.3342714366,14226.3952302314,14077.3225544977,57.5041688670439,54.4962589068916,40.6061969645899,-465.747810782372,-493.319931162015,1.49011611938477e-08,1.49011611938477e-08,1.95106905991347,1.56789258309492,1.49011611938477e-08,3.93890733905794,6,25
0.239,1000,25,203.899878112862,529.820594505556,203.899878112862,13947.6139510871,14078.8908488243,13767.903850141,58.0067511817699,54.6620311396419,42.6227868632313,-446.036190872093,-323.576400718066,1.49011611938477e-08,1.49011611938477e-08,1.91481964433258,1.35259091158713,0.0672716822477877,90.048687596373,6,25
0.24,1000,25,243.978230087532,528.647026973959,243.978230087532,14205.4373047849,13650.6407610338,13964.9480631144,59.0243015439511,53.7352410758169,45.6692915419711,-424.532539732579,-197.515209603038,1.49011611938477e-08,1.49011611938477e-08,1.79409873309431,1.4424502255342,0.833618484396143,5.35760247192413,6,25
0.241,1000,25,470.516984774864,519.18765077784,470.516984774864,14006.5169588608,13485.8477887373,14411.6009117458,58.1729527619057,51.9864518019739,48.6334384969932,-351.957569141554,-151.266750517249,1.49011611938477e-08,1.49011611938477e-08,1.79274458498265,1.87376744827935,1.49898117523824,4.31484466636504,6,25
0.242,1000,25,638.401623694463,532.205417010321,638.401623694463,13622.6835110976,13799.6690403788,14563.9009975662,54.1895175120622,49.7992100310742,49.9831240292314,-271.186623233677,-141.784192665568,1.49011611938477e-08,1.49011611938477e-08,1.89273794305942,2.47231528362131,2.21152414792023,5.30088189963986,6,25
0.243,1000,25,624.715229177225,524.938850992597,624.715229177225,13573.2758082017,14176.1104489355,14267.7170782807,46.8309525080879,48.1296402137148,49.0668777768969,-280.842832372963,-114.530517924999,1.49011611938477e-08,1.49011611938477e-08,1.9507981090425,2.52920354885722,2.37953239865943,6.656539440955,6,25
0.244,1000,25,580.870257247465,175.713681890235,580.870257247465,13921.0157639075,14133.578769268,13907.4359277694,39.7214884343654,47.6789889693318,47.1772607538756,-450.148592083238,-34.0456357719364,1.49011611938477e-08,1.49011611938477e-08,1.9430904850292,1.29096214406892,1.43244821353472,4.04654343816878,6,25
0.245,1000,25,435.689590562509,522.312387205774,435.689590562509,14218.6950604392,13718.7326643377,13969.8180745124,40.1349102091623,48.7925789492117,46.6311811595113,-702.635855753483,19.7884348268648,1.49011611938477e-08,1.49011611938477e-08,1.8298240587152,0.355348093485764,0.608827302900649,2.0901337658245,6,25
0.246,1000,25,328.601785132783,526.092771089086,328.601785132783,14105.3668737466,13443.024447508,14393.1633813278,46.5378373887839,50.7821401104868,47.496171074683,-843.049249255852,-15.9320432765712,1.49011611938477e-08,1.49011611938477e-08,1.78397446875699,1.49011611938477e-08,1.49011611938477e-08,1.99904520132421,6,25
0.247,1000,25,317.339908531958,526.43230121231,317.339908531958,13641.5849822891,13666.8057498668,14564.5291564653,53.818702058608,52.5617278840784,49.1552153718682,-855.360372969074,-81.9951201389614,1.49011611938477e-08,1.49011611938477e-08,1.87302987863285,0.463379616367296,1.49011611938477e-08,2.6077521305991,6,25
0.248,1000,25,536.409212249091,457.958493220287,536.409212249091,13452.7465569082,14108.8819001489,14277.6472887574,59.9518733101999,53.7409865366771,51.3444384187368,-803.494442430995,-180.105567621231,1.49011611938477e-08,1.49011611938477e-08,1.93867517144207,0.863508645381794,1.49011611938477e-08,3.75336640058574,6,25
0.249,1000,25,635.051342002487,-10134.869851358,635.051342002487,13745.0764762527,14222.9712585267,13869.9675738562,62.2457456899064,53.8076164360406,52.3730595575333,-671.269056612514,-300.465305753085,1.49011611938477e-08,1.49011611938477e-08,1.94672508728089,1.29257074736132,1.49011611938477e-08,5.41416742509408,6,25
0.25,1000,25,605.366571845265,-1815.64036891024,605.366571845265,14071.9197224874,13897.8609409527,13831.7714666205,61.6177714030734,52.0465178591353,52.3532049548706,-496.474028277101,-308.327411505579,1.49011611938477e-08,1.49011611938477e-08,1.86708589140637,1.64038642942416,0.83998600232731,5.26231189882746,6,25
0.251,1000,25,614.540998030866,-3216.32813954227,614.540998030866,14003.6040648134,13556.8420763521,14208.3229593169,60.8034913794909,47.9947329055792,51.8496146906577,-373.607493012115,-182.410525515455,1.49011611938477e-08,1.49011611938477e-08,1.80874889697011,1.84801022352454,1.5176832954291,3.14668914585722,6,25
0.252,1000,25,596.841519506568,-736.972473289497,596.841519506568,13587.0473666616,13658.6764314493,14519.8154186483,60.1307437505403,42.6090556363367,50.1960890618764,-297.605825403743,-43.4848943724631,1.49011611938477e-08,1.49011611938477e-08,1.87381316298126,2.0946672676596,1.96355529441951,2.2345697876497,6,25
0.253,1000,25,541.279149936644,437.1385306922,541.279149936644,13295.0968448567,14069.4814322135,14356.4343342421,60.1972246121823,37.559191989744,47.9464428324958,-339.820384331522,52.3759061401052,1.49011611938477e-08,1.49011611938477e-08,1.93634992272158,2.20139385200145,2.62433864054498,1.89278187290704,6,25
0.254,1000,25,511.700462459268,499.089531643475,511.700462459268,13515.379941149,14249.2426909609,13898.2194171842,61.1286161083874,35.5070025433205,45.4422524046642,-520.154815460866,35.157359790536,1.49011611938477e-08,1.49011611938477e-08,1.95516563865514,1.97364827130918,2.85967612006626,1.97164591948455,6,25
0.255,1000,25,501.333150458009,508.048901057059,501.333150458009,13980.285258763,13965.0603516519,13742.0353070131,62.0825804133162,38.4601089072844,43.2824440038829,-722.134776805481,-168.85236918506,1.49011611938477e-08,1.49011611938477e-08,1.89522030771793,1.69149000008738,0.659617359594557,2.57508600667917,6,25
0.256,1000,25,490.574236267581,513.530110647033,490.574236267581,14123.6568954883,13559.5947818997,14096.5061006361,61.998520559422,43.9014544502504,41.932185272888,-762.627950748378,-431.051522405864,1.49011611938477e-08,1.49011611938477e-08,1.79562580038777,1.62511398839527,1.49011611938477e-08,2.70546605312454,6,25
0.257,1000,25,453.290599722356,521.1176655794,453.290599722356,13804.3036843802,13541.9517768792,14514.8178879396,60.4688054909839,48.9141944039863,40.8107509913257,-658.96283982559,-597.05445038612,1.49011611938477e-08,1.49011611938477e-08,1.83579715890338,1.71321447747283,1.49011611938477e-08,2.109221894758,6,25
0.258,1000,25,390.269836663922,524.199534962114,390.269836663922,13446.7900830576,13936.8624269338,14487.0794431401,58.2399759915203,52.2779173083439,39.8916452157552,-538.731560350491,-595.377112419751,1.49011611938477e-08,1.49011611938477e-08,1.9206936504334,1.72091310664554,1.49011611938477e-08,2.23512655263693,6,25
0.259,1000,25,294.510537045495,527.103937501044,294.510537045495,13536.4291345726,14231.5479124078,14057.3009982469,57.1217465551986,53.8550793135442,40.4562420650215,-472.922690596249,-467.881508895993,1.49011611938477e-08,1.49011611938477e-08,1.95195944361994,1.49315126762036,1.49011611938477e-08,4.58387326864215,6,25
0.26,1000,25,228.002926401722,529.099506365057,228.002926401722,13966.3787186355,14055.0064432405,13771.3643151828,57.7623804691657,53.9187099171659,42.5403106012394,-461.462291749745,-297.58809862549,1.49011611938477e-08,1.49011611938477e-08,1.90992215981967,1.28422417218331,0.212190929275736,24.5978281929043,6,25
0.261,1000,25,284.387115797426,527.438779712448,284.387115797426,14201.3399714271,13626.5889290934,13995.5549714276,58.9499358352987,52.9270698328633,45.6310897777348,-447.422466911039,-182.46415942356,1.49011611938477e-08,1.49011611938477e-08,1.79072146679633,1.38215548795445,0.867118824492961,4.651608576792,6,25
0.262,1000,25,514.387636385532,497.974840288014,514.387636385532,13978.3555563624,13488.8022584314,14439.3284531218,58.1689735941514,51.1442513511447,48.489851941741,-372.817302923927,-138.498954206496,1.49011611938477e-08,1.49011611938477e-08,1.79860106334674,1.79793921372516,1.51524040073478,3.94533555788918,6,25
0.263,1000,25,637.556564508905,-11574.950314987,637.556564508905,13603.4776323771,13821.7748648633,14570.0588414048,54.0848707684188,49.0771210602746,49.5019520074346,-293.281335703145,-132.324963979922,1.49011611938477e-08,1.49011611938477e-08,1.89812074348874,2.34079380888026,2.17274666013665,4.86458989090922,6,25
0.264,1000,25,622.73481101349,-5197.03509199519,622.73481101349,13580.4065432207,14184.7116548303,14255.4726122603,46.8585461797317,47.5553084222896,48.3121108154843,-308.937466780962,-100.070532302254,1.49011611938477e-08,1.49011611938477e-08,1.95256710896497,2.29629830120797,2.25733806038657,5.66614763210307,6,25
0.265,1000,25,572.639246124994,252.392864673587,572.639246124994,13939.5241434407,14111.9117621826,13907.6658473649,40.275475243805,47.1635601853786,46.3926908959435,-484.554850482365,-14.7312777185009,1.49011611938477e-08,1.49011611938477e-08,1.93962174851302,1.14511251364699,1.37437078536075,3.29546605924905,6,25
0.266,1000,25,413.976956157203,523.343463347531,413.976956157203,14218.6741643602,13689.6731010591,13996.2142262247,41.2902897073306,48.2496398787161,46.0327946012808,-721.655567201488,37.0313259766981,1.49011611938477e-08,1.49011611938477e-08,1.8242932364539,0.267555098157081,0.60998390420209,1.808901718635,6,25
0.267,1000,25,322.152637017247,526.261129110271,322.152637017247,14082.2220449436,13437.3332247304,14424.7304670548,47.7712834352071,50.0969526880516,47.1106776501604,-861.070105308538,0.94617572390687,1.49011611938477e-08,1.49011611938477e-08,1.78748725836976,1.49011611938477e-08,1.49011611938477e-08,1.81583956598286,6,25
0.268,1000,25,327.71310378865,526.146763539972,327.71310378865,13615.5378872283,13685.2756049504,14566.7335481979,54.9570512214442,51.685842871831,49.0751777387766,-867.829468255328,-64.3868708358719,1.49011611938477e-08,1.49011611938477e-08,1.87894836421777,0.458072407563119,1.49011611938477e-08,2.40749504391795,6,25
0.269,1000,25,589.003237325983,104.036457346221,589.003237325983,13455.052240203,14124.1203167967,14260.9586986381,60.9307155559497,52.735285234678,51.4493390832001,-813.172824234531,-167.030838962852,1.49011611938477e-08,1.49011611938477e-08,1.94104129382638,0.861547471735488,1.49011611938477e-08,3.49510280995908,6,25
0.27,1000,25,634.545861817708,529.630309124746,634.545861817708,13764.2348566445,14210.21771896,13862.20917804,62.9201934881632,52.6801914548939,52.4724113756995,-681.938043124864,-288.40670929602,1.49011611938477e-08,1.49011611938477e-08,1.94567454767551,1.27583801234429,0.252088311408364,5.00168898447925,6,25
0.271,1000,25,601.815777805581,486.664785559782,601.815777805581,14078.1516165092,13871.5828741434,13849.8391562929,62.1669735793638,50.7475698023892,52.4579214567327,-518.946952570111,-297.218176221271,1.49011611938477e-08,1.49011611938477e-08,1.86232409934912,1.60692867720891,0.898145882972049,4.84761693183324,6,25
0.272,1000,25,615.006846869886,521.013549153685,615.006846869886,13985.7325541699,13544.6095317675,14238.9660030781,61.3259956464233,46.5350085042978,51.982083357218,-390.709768216685,-170.854086418293,1.49011611938477e-08,1.49011611938477e-08,1.8104561843747,1.81273302336807,1.56356825266895,3.03417281018525,6,25
0.273,1000,25,595.367843397777,376.476093706255,595.367843397777,13558.264763039,13674.1202088661,14528.784901414,60.6216936603112,40.9540823494981,50.3999068292467,-318.276140988052,-36.3730073602932,1.49011611938477e-08,1.49011611938477e-08,1.87928931573506,2.05230747472342,2.03599327406864,2.21373972055357,6,25
0.274,1000,25,551.423634246452,394.526836058783,551.423634246452,13289.2482032785,14087.5769456862,14333.6055581407,60.6539184819761,35.725266346028,48.215990722714,-366.769756509262,53.8597753923643,1.49011611938477e-08,1.49011611938477e-08,1.93825063943297,2.13846970851776,2.76362220140683,1.9017397247317,6,25
0.275,1000,25,529.24849225994,471.454164166629,529.24849225994,13538.5305762218,14243.7234123755,13877.0426723406,61.4879818326809,33.6251860504844,45.7510636946303,-548.034698097082,24.79876620323,1.49011611938477e-08,1.49011611938477e-08,1.95510705236962,1.91699700467793,2.45890569386168,2.00449970327421,6,25
0.276,1000,25,510.811524429459,500.264319444523,510.811524429459,13998.9772666783,13939.8390286128,13751.7485598237,62.240447007903,36.7437058717371,43.6696177317081,-728.247405625105,-177.526061237382,1.49011611938477e-08,1.49011611938477e-08,1.88868414032859,1.6773457814798,0.581722539988755,2.63433917387831,6,25
0.277,1000,25,484.336794630388,515.736721181405,484.336794630388,14114.9717524518,13545.8879928462,14125.6071263883,61.8877978205339,42.3380980439954,42.4462022681794,-753.259165234654,-449.841440722925,1.49011611938477e-08,1.49011611938477e-08,1.79429126990439,1.65034502656538,1.49011611938477e-08,2.71887516216666,6,25
0.278,1000,25,436.049079711838,522.342756993698,436.049079711838,13778.0772848698,13557.9908108739,14528.1955833698,60.0629492168205,47.321106258365,41.4016188465642,-638.345217558524,-601.982701691012,1.49011611938477e-08,1.49011611938477e-08,1.84151896211119,1.76316379676102,1.49011611938477e-08,2.14665913502599,6,25
0.279,1000,25,363.313011470687,525.023953789071,363.313011470687,13433.7723980387,13963.144794318,14467.2578189696,57.7313479297377,50.5883269162557,40.6703127280084,-520.807160431881,-587.557675964593,1.49011611938477e-08,1.49011611938477e-08,1.92404544123262,1.77332322821917,1.49011611938477e-08,2.35858414470534,6,25
0.28,1000,25,267.279316683792,527.902504121487,267.279316683792,13552.4529055021,14236.4921385224,14026.8907779438,56.7101490559314,52.0838256824316,41.4332590468605,-462.320819272635,-455.790691388989,1.49011611938477e-08,1.49011611938477e-08,1.9524564574997,1.54295188712293,1.49011611938477e-08,5.03513381525728,6,25
0.281,1000,25,222.345503639022,529.268133379031,222.345503639022,13987.6446252174,14035.8168027748,13764.7923544572,57.4233976914984,52.0975866806029,43.520882417692,-455.789576255617,-299.378417376565,1.49011611938477e-08,1.49011611938477e-08,1.90392820068029,1.33841092808111,0.33523058067434,22.6988416269876,6,25
0.282,1000,25,287.865226164363,527.334088216845,287.865226164363,14198.3880508281,13608.6868649525,14014.5271600426,58.5184202510795,51.1093635095459,46.4680354045718,-439.313721126688,-188.181529745822,1.49011611938477e-08,1.49011611938477e-08,1.7865909185505,1.44698526288213,0.915748962876746,4.99417189757181,6,25
0.283,1000,25,522.454516655511,486.687048968912,522.454516655511,13957.1229041782,13498.3428915936,14456.3205120249,57.4108136998664,49.3911836788271,48.9824144553862,-360.298755945254,-155.154050413647,1.49011611938477e-08,1.49011611938477e-08,1.80306825362609,1.88183419345469,1.53955084880337,4.46243210477796,6,25
0.284,1000,25,635.247565723417,-10274.4845034008,635.247565723417,13588.9049041051,13848.5919778239,14559.7739718631,52.9941740133001,47.4625992123425,49.5859053854233,-282.982094789205,-152.005462549014,1.49011611938477e-08,1.49011611938477e-08,1.90271369094096,2.42761307045313,2.14782471950358,5.76451430079401,6,25
0.285,1000,25,620.404138872773,-4565.05948938894,620.404138872773,13592.800599885,14194.0205368562,14228.5674592874,45.4256510333933,46.1229222132205,47.9770608456732,-305.911891102038,-114.088723883035,1.49011611938477e-08,1.49011611938477e-08,1.95394854943428,2.2991080909935,2.15021664052154,6.73736026899365,6,25
0.286,1000,25,563.508299181882,321.152179588864,563.508299181882,13962.8342303392,14094.945755895,13894.9814049761,38.9916077180055,45.9338565876813,45.8757165221013,-476.221499756668,-26.8794668177315,1.49011611938477e-08,1.49011611938477e-08,1.9349047613345,1.07613611915224,1.2967094292383,3.46700880494019,6,25
0.287,1000,25,407.410324204067,523.591079123091,407.410324204067,14225.7275319903,13666.2809315121,14014.345358521,40.6467523067045,47.208087418279,45.5680377270926,-721.105148814839,29.281241205995,1.49011611938477e-08,1.49011611938477e-08,1.81701953541248,0.197229582769775,0.573844198627748,1.85044299359158,6,25
0.288,1000,25,311.157092395095,526.590750199018,311.157092395095,14063.9382940385,13439.1432514448,14443.804080591,47.4241844187479,49.1249842539631,46.7433951076613,-846.964817508674,-7.35599352342258,1.49011611938477e-08,1.49011611938477e-08,1.78954624271178,1.49011611938477e-08,1.49011611938477e-08,1.87848850883723,6,25
0.289,1000,25,345.217841377339,525.607884090358,345.217841377339,13597.3990949874,13712.5498412,14561.1439163928,54.7118709650532,50.7138323749735,48.8479395611462,-848.089819836797,-71.277222670003,1.49011611938477e-08,1.49011611938477e-08,1.88361910102779,0.498998465096289,1.49011611938477e-08,2.49268620027751,6,25
0.29,1000,25,597.406044233573,5.30621204689135,597.406044233573,13465.3550104194,14142.2552608726,14234.6329412475,60.5722863773456,51.7515065266782,51.2108567647669,-789.045381500025,-176.486501145772,1.49011611938477e-08,1.49011611938477e-08,1.94258363799017,0.907568314039082,1.49011611938477e-08,3.6548864034198,6,25
0.291,1000,25,633.629645716323,529.073368478271,633.629645716323,13791.6267556102,14197.9040229888,13846.1300813273,62.4698300357943,51.7215901920124,52.1733299526336,-664.592533239899,-289.643504012927,1.49011611938477e-08,1.49011611938477e-08,1.94284829986574,1.32479889713991,0.294323553117884,5.22647033288038,6,25
0.292,1000,25,599.539999846894,-1102.64239423851,599.539999846894,14086.5626721861,13845.1091327641,13861.9938764695,61.7945367944087,49.8661046237896,52.1263625732549,-501.071411245328,-291.545266561002,1.49011611938477e-08,1.49011611938477e-08,1.85566872727718,1.64213525216697,0.921574842672027,4.89531780020777,6,25
0.293,1000,25,616.419955563591,-3600.23273008416,616.419955563591,13970.8122877177,13538.6701867106,14263.7707790888,61.0853635778477,45.6599784781155,51.5599286822633,-382.080843476824,-160.316057783374,1.49011611938477e-08,1.49011611938477e-08,1.8112896394185,1.83560256458232,1.58493909673614,3.00277322997294,6,25
0.294,1000,25,595.54943252015,-614.102768581018,595.54943252015,13535.7498255523,13695.4188160185,14530.4404441937,60.4850895877716,40.15034047563,49.8710948573553,-319.756212503972,-27.8274553853582,1.49011611938477e-08,1.49011611938477e-08,1.88383611653662,2.06004408793647,2.05844954611633,2.18878407778674,6,25
0.295,1000,25,541.273358861011,438.290539365864,541.273358861011,13290.6811646287,14108.1156149254,14312.9021554459,60.6396348383881,35.139904355658,47.6145910008728,-378.57343970774,57.5649071797256,1.49011611938477e-08,1.49011611938477e-08,1.93981424378529,2.11937918194263,2.86519367662593,1.8876516287695,6,25
0.296,1000,25,513.983186640109,496.536493276269,513.983186640109,13562.7228479172,14235.9343170636,13858.78686104,61.5783570525097,33.4755846558501,45.1132181471254,-555.547833534465,25.8279774203452,1.49011611938477e-08,1.49011611938477e-08,1.95456612539194,1.87664874316795,2.21463861087842,2.0042140876041,6,25
0.297,1000,25,509.518383309191,501.567895403905,509.518383309191,14017.2445857295,13914.9744650893,13764.1827922386,62.409503805195,36.9499355540136,43.022678359129,-743.284104289455,-186.273844262904,1.49011611938477e-08,1.49011611938477e-08,1.88217101373232,1.6311380748115,0.515520071879078,2.6328357454112,6,25
0.298,1000,25,494.833251578515,511.612631003954,494.833251578515,14104.993263711,13532.6522485698,14156.0150102501,62.0811647091883,42.5816719605999,41.7728690896402,-759.254432393992,-449.883732547562,1.49011611938477e-08,1.49011611938477e-08,1.7937498861427,1.59982033518585,1.49011611938477e-08,2.74246720758123,6,25
0.299,1000,25,454.112900575471,521.039426858285,454.112900575471,13751.6017447387,13573.6096565514,14543.0402390214,60.3015844127033,47.4950926659877,40.7249395489398,-642.67074978415,-588.90533720412,1.49011611938477e-08,1.49011611938477e-08,1.84743755765197,1.69563042172329,1.49011611938477e-08,2.23042612423722,6,25
0.3,1000,25,386.011042412472,524.315052672488,386.011042412472,13424.9472531196,13986.7494749956,14453.7524674187,58.0988833780384,50.6572312756223,40.1476766365607,-529.256031449914,-564.32323132657,1.49011611938477e-08,1.49011611938477e-08,1.92717605194149,1.6800247452577,1.49011611938477e-08,2.56911908357504,6,25
0.301,1000,25,289.705639024374,527.245710324401,289.705639024374,13570.9326675681,14237.5767092455,14008.3575517618,57.2515353947212,52.0445016045161,41.1479606021546,-477.764374024683,-435.612140364643,1.49011611938477e-08,1.49011611938477e-08,1.95285258374175,1.44625193009553,1.49011611938477e-08,6.2585293051547,6,25
0.302,1000,25,233.323366457668,528.947886868618,233.323366457668,14006.2845790093,14010.8680542512,13772.2995293334,58.1027264424552,51.9879743499457,43.4680335438835,-474.50679610753,-272.381031218995,1.49011611938477e-08,1.49011611938477e-08,1.89819541654752,1.27126306833331,0.366975059310848,12.4129857047562,6,25
0.303,1000,25,305.186131608897,526.805687652441,305.186131608897,14194.0763155498,13588.4341597565,14047.0161829431,59.210697179819,50.9564683807473,46.550354820811,-457.096319298895,-168.513012538224,1.49011611938477e-08,1.49011611938477e-08,1.78410562913153,1.40423308976637,0.940326143303546,4.35690381738538,6,25
0.304,1000,25,556.360847002463,375.865828951869,556.360847002463,13929.7705064049,13506.9509156207,14481.5356554474,58.0397072474814,49.1978654377206,49.0357080591805,-375.691203407009,-140.077912715596,1.49011611938477e-08,1.49011611938477e-08,1.80949159276729,1.83635842880881,1.56417698757322,4.05099158122716,6,25
0.305,1000,25,636.166150070504,530.624249630877,636.166150070504,13573.0771960283,13872.9916136696,14559.1967414127,53.4390163691443,47.3015735447496,49.4449215232394,-300.150169480731,-137.44414707271,1.49011611938477e-08,1.49011611938477e-08,1.90781842260535,2.34466108047083,2.14930417439723,5.17223219276136,6,25
0.306,1000,25,619.062209353565,523.03967691096,619.062209353565,13603.7070713,14202.1087186693,14212.5783187816,45.904172823492,46.022796380558,47.7017816463053,-326.078320855268,-98.5344869438488,1.49011611938477e-08,1.49011611938477e-08,1.95555215141007,2.14172210214484,2.09273665617226,5.61816233772685,6,25
0.307,1000,25,558.467889396774,354.703973575356,558.467889396774,13981.8263590068,14074.2379072187,13895.7187110706,39.883372801161,45.8921321066479,45.6352752393779,-510.123806076801,-5.88205419547352,1.49011611938477e-08,1.49011611938477e-08,1.93102416840155,0.983290521003685,1.24468448657172,2.93665143161246,6,25
0.308,1000,25,389.124916683483,524.210619854933,389.124916683483,14221.9285746193,13641.8365994638,14039.8332649185,41.9591139705521,47.1778953899945,45.4808412585144,-752.799367290556,46.3283138319587,1.49011611938477e-08,1.49011611938477e-08,1.81299626791622,0.105051919879273,0.546137869428688,1.66062701660925,6,25
0.309,1000,25,293.052815552087,527.152534947175,293.052815552087,14037.471630692,13440.2435819795,14470.1860635268,48.7939695304225,49.0406628541464,46.8033888452387,-868.646922885576,6.73788492895948,1.49011611938477e-08,1.49011611938477e-08,1.79447227725605,1.49011611938477e-08,1.49011611938477e-08,1.75290531701552,6,25
0.31,1000,25,340.21345850533,525.771866875359,340.21345850533,13572.4338589489,13736.4963927049,14558.479382773,56.0951587868963,50.5411968037515,49.1488543398649,-866.005266000459,-58.1942560945855,1.49011611938477e-08,1.49011611938477e-08,1.88952931917787,0.500188654492516,1.49011611938477e-08,2.35056867221557,6,25
0.311,1000,25,611.780149045857,-206.205393857528,611.780149045857,13469.5658240634,14157.4658571181,14213.6261593162,61.8779158458566,51.4969867006419,51.6607915320131,-807.989014124979,-162.819096759697,1.49011611938477e-08,1.49011611938477e-08,1.94473617912423,0.912863366177443,1.49011611938477e-08,3.46865704159831,6,25
0.312,1000,25,633.457756293101,-9317.61237104491,633.457756293101,13809.830095286,14186.7675616832,13837.7869508272,63.5736753490701,51.3183173747539,52.6608092413392,-674.94332216047,-286.144071912824,1.49011611938477e-08,1.49011611938477e-08,1.94143619566365,1.32769289751337,0.344352978224453,4.94054613738198,6,25
0.313,1000,25,598.385983331226,-948.227178981422,598.385983331226,14087.8810971493,13820.7156852519,13878.0431038578,62.76423261453,49.2370392810344,52.6236490781317,-507.948205263805,-286.905047264998,1.49011611938477e-08,1.49011611938477e-08,1.85124895267847,1.64730517231592,0.956172502634456,4.68227540447018,6,25
0.314,1000,25,614.967332150655,-3308.32134758495,614.967332150655,13947.9552749549,13531.285295977,14288.4904915274,61.9706143111078,44.9206412070313,52.0784452355771,-387.409392003155,-160.928950653327,1.49011611938477e-08,1.49011611938477e-08,1.81387181660369,1.85404606654068,1.61562420995002,3.02478682792225,6,25
0.315,1000,25,592.318625377912,-216.688132600223,592.318625377912,13506.4887527887,13714.0854106928,14531.3043831295,61.3346857077245,39.3283828649674,50.4956260167093,-327.85570392206,-32.5196112204068,1.49011611938477e-08,1.49011611938477e-08,1.88900152707211,2.08433209633585,2.10668971535265,2.26235907980498,6,25
0.316,1000,25,544.420503008748,425.423274309236,544.420503008748,13287.1461826461,14125.95918045,14283.745414028,61.4790580086361,34.290556572813,48.3518304564208,-386.740373170422,45.7059085622255,1.49011611938477e-08,1.49011611938477e-08,1.9414234667262,2.13402230964068,2.95293922556821,1.97671742751115,6,25
0.317,1000,25,525.855034752941,478.456587253015,525.855034752941,13586.4092424387,14229.4737725233,13834.8450177328,62.3674944169203,32.6888299200518,45.9183180827098,-572.040013270637,5.82500057034059,1.49011611938477e-08,1.49011611938477e-08,1.95383332840289,1.89031599849378,1.98530693059807,2.1156722699187,6,25
0.318,1000,25,517.65287814452,492.263191427561,517.65287814452,14032.5547122904,13889.4864231665,13771.3349363062,63.0442065040801,36.2760934131844,43.8595573762862,-745.695743434048,-216.855021199753,1.49011611938477e-08,1.49011611938477e-08,1.87500811099477,1.66926671373897,0.447887407817778,2.74868278440665,6,25
0.319,1000,25,492.456120639842,512.711084184689,492.456120639842,14091.4308499489,13520.4313736059,14179.3827768374,62.504583587272,41.8950277230231,42.5798268452083,-743.542584566732,-476.789969713502,1.49011611938477e-08,1.49011611938477e-08,1.79293044198223,1.66523352105967,1.49011611938477e-08,2.70614670085138,6,25
0.32,1000,25,442.199881497533,521.969889479692,442.199881497533,13724.1979953714,13590.8110470422,14548.3452967149,60.5244062938127,46.687894971548,41.4428612639745,-620.48089147668,-604.422342689048,1.49011611938477e-08,1.49011611938477e-08,1.85284956749104,1.77897970995733,1.49011611938477e-08,2.18237306429147,6,25
0.321,1000,25,364.590766104931,524.983704120872,364.590766104931,13414.7322250166,14010.4312177956,14427.4229015089,58.2913009737325,49.7141836353336,40.8977025208289,-514.975569525284,-574.619774696773,1.49011611938477e-08,1.49011611938477e-08,1.9299517453986,1.76431106045074,1.49011611938477e-08,2.56266993672282,6,25
0.322,1000,25,264.544186692169,527.997778409229,264.544186692169,13588.7387942055,14237.8461361385,13976.843230244,57.5371257854319,51.0058719637676,41.950034845741,-464.705372692552,-436.980328587912,1.49011611938477e-08,1.49011611938477e-08,1.9529207649133,1.52311414754352,1.49011611938477e-08,6.25537765348857,6,25
0.323,1000,25,217.442853464007,529.419926551487,217.442853464007,14025.5708022128,13989.2658050141,13767.1428073515,58.4452197389765,50.8840093379986,44.2494104463581,-464.06666566259,-276.53377177498,1.49011611938477e-08,1.49011611938477e-08,1.89146342241334,1.34643683889348,0.422134555983283,13.7105455386517,6,25
0.324,1000,25,314.04396776077,526.560815488883,314.04396776077,14186.9783660784,13571.8058311771,14064.9087531314,59.4710174755821,49.8098842629996,47.2487804204164,-442.814295560067,-178.925663439052,1.49011611938477e-08,1.49011611938477e-08,1.7808523089342,1.49076853707876,0.977018076635587,4.75120522615902,6,25
0.325,1000,25,556.676462232342,374.07621229075,556.676462232342,13906.2154524692,13518.993294087,14492.1905701381,58.0251052940422,48.04214495298,49.5166246083148,-357.870036492481,-156.573996299662,1.49011611938477e-08,1.49011611938477e-08,1.81443492881605,1.95079389779784,1.59071771580183,4.58052249988491,6,25
0.326,1000,25,635.103534462326,-10138.4241001572,635.103534462326,13561.455823454,13899.4473858174,14543.9004638417,53.1229826506996,46.1903308654255,49.6498086599303,-287.234405692105,-155.466621865969,1.49011611938477e-08,1.49011611938477e-08,1.9118812190357,2.47907300000757,2.14516576059611,6.11420642390089,6,25
0.327,1000,25,617.413563082373,-3856.13760949125,617.413563082373,13618.9266712821,14208.5975724326,14184.1488574749,45.2805437150676,44.977553081656,47.6342488460773,-319.555112302765,-110.776992097423,1.49011611938477e-08,1.49011611938477e-08,1.95658879190389,2.20063926274849,2.02765636524847,6.66539555655253,6,25
0.328,1000,25,550.362246300118,398.502227270941,550.362246300118,14003.9746095567,14056.3384958077,13886.2214113334,39.3527200872333,44.9974330429727,45.4070932269166,-510.509670726472,-12.8165207673782,1.49011611938477e-08,1.49011611938477e-08,1.92568353838727,0.966348284741019,1.19120689288398,3.13379439720894,6,25
0.329,1000,25,381.885435430849,524.420615828153,381.885435430849,14225.3762956769,13621.2896336021,14059.7112450534,41.7553783095779,46.42324652277,45.2423456484678,-749.640214383516,39.4723400427406,1.49011611938477e-08,1.49011611938477e-08,1.80692464947823,0.092264041822927,0.516119426477011,1.72293065180983,6,25
0.33,1000,25,276.0860017764,527.673098113118,276.0860017764,14015.5230078117,13446.9151789608,14486.1067379538,48.8193906037677,48.3269457782366,46.6868288572783,-855.926741555082,1.4013385874202,1.49011611938477e-08,1.49011611938477e-08,1.7979489029337,0.0935856614699135,1.49011611938477e-08,1.81116791622808,6,25
0.331,1000,25,353.160545252016,525.3684197822,353.160545252016,13553.9055439823,13764.5636494845,14546.2257023923,56.2471207297683,49.8081654965778,49.2280362861164,-852.376190544126,-58.9616862410007,1.49011611938477e-08,1.49011611938477e-08,1.89414087902786,0.546390275680376,1.49011611938477e-08,2.4185868143373,6,25
0.332,1000,25,631.844007494399,-489.009188024662,631.844007494399,13480.3602390191,14173.716823977,14184.0757436629,61.8677672161882,50.7107858383126,51.7562852535307,-790.075520772335,-171.907726892295,1.49011611938477e-08,1.49011611938477e-08,1.94609217788605,0.961051026199988,1.49011611938477e-08,3.59627278064783,6,25
0.333,1000,25,632.564471699005,528.478635249798,632.564471699005,13834.2491491248,14171.9739629272,13821.9389512986,63.4140449466196,50.5159823231041,52.7079038808013,-655.712685477841,-293.702481361618,1.49011611938477e-08,1.49011611938477e-08,1.93791466345026,1.37807342672889,0.371529199148512,5.11078625318076,6,25
0.334,1000,25,595.30094569235,405.900068323982,595.30094569235,14091.1594052418,13796.5284734493,13890.3358295126,62.6373408450375,48.4540260784694,52.654911503267,-494.996277235608,-285.429109700974,1.49011611938477e-08,1.49011611938477e-08,1.84546578302442,1.68597191716648,0.977682738906701,4.73325664286576,6,25
0.335,1000,25,615.006766873403,521.197106479635,615.006766873403,13926.8612529867,13529.1791979439,14308.9641258359,61.9298900527332,44.1171204038352,52.0559619659088,-381.312361575168,-156.334314500516,1.49011611938477e-08,1.49011611938477e-08,1.81614370111893,1.88470541529116,1.63806220876508,3.0349648335781,6,25
0.336,1000,25,591.155808949564,254.370816320836,591.155808949564,13481.1656671184,13737.5028971458,14526.7554764374,61.36823869085,38.5920389141757,50.4281311463232,-330.914653504667,-35.9713951994023,1.49011611938477e-08,1.49011611938477e-08,1.89367088838726,2.10272176311367,2.13821776511253,2.27721662760134,6,25
0.337,1000,25,537.61259702292,449.157177774305,537.61259702292,13287.975188523,14143.0575183672,14256.4860604898,61.6194856527674,33.7936021716726,48.2663894754875,-399.915340829356,42.7735860567891,1.49011611938477e-08,1.49011611938477e-08,1.94289546100677,2.12968963401646,3.0499139922532,2.0021142085281,6,25
0.338,1000,25,515.925107940881,494.715958522737,515.925107940881,13607.1081311992,14216.6465905285,13814.1038298588,62.611744877274,32.703119461145,45.8320628948695,-592.940764991289,-7.51585238547867,1.49011611938477e-08,1.49011611938477e-08,1.95286873360485,1.86726595195585,1.7726049275204,2.15827799164196,6,25
0.339,1000,25,514.394653167614,496.425498144809,514.394653167614,14044.6530476559,13863.0412428474,13781.6413385931,63.3420406805713,36.5999118438634,43.7598154866028,-761.767178634811,-234.821698669529,1.49011611938477e-08,1.49011611938477e-08,1.86869684760016,1.6433954649642,0.356564343625307,2.76211788978617,6,25
0.34,1000,25,499.706409112958,508.923453046859,499.706409112958,14074.9278549826,13509.0630174568,14204.1704562297,62.8052808370255,42.2379327169189,42.423606620007,-750.669203981782,-486.863643657914,1.49011611938477e-08,1.49011611938477e-08,1.79377022244711,1.6374177067284,1.49011611938477e-08,2.66961707784318,6,25
0.341,1000,25,457.271844259427,520.724425357223,457.271844259427,13694.7493769185,13607.9531520271,14554.1750418657,60.8551874959112,46.9435719213488,41.2462326179586,-633.391012976235,-600.668398870221,1.49011611938477e-08,1.49011611938477e-08,1.85906980957307,1.73801211147197,1.49011611938477e-08,2.19752444823278,6,25
0.342,1000,25,383.818462296674,524.383915658941,383.818462296674,13406.6912594858,14031.8676021364,14406.8422349232,58.7009642433056,49.8660024768902,40.7592639141613,-525.077349500468,-563.751986744326,1.49011611938477e-08,1.49011611938477e-08,1.93278091540901,1.70251021580253,1.49011611938477e-08,2.67995827604838,6,25
0.343,1000,25,283.584389012381,527.412553018401,283.584389012381,13606.6084260393,14234.809837329,13954.9169258277,58.0686646957522,51.0617546294768,41.9526150154535,-480.248678026534,-420.438570686367,1.49011611938477e-08,1.49011611938477e-08,1.95301822471998,1.4561597850588,1.49011611938477e-08,7.27595507192421,6,25
0.344,1000,25,229.140668374037,529.062883388232,229.140668374037,14040.1594776105,13962.6868128195,13773.0451955375,59.0881697094918,50.8862183164329,44.4250422283186,-483.21802119469,-260.166216443616,1.49011611938477e-08,1.49011611938477e-08,1.88560978513854,1.29866852798473,0.435178436502473,10.3908897984878,6,25
0.345,1000,25,325.837791040899,526.208769612717,325.837791040899,14177.916963552,13553.901755272,14093.4592893225,60.1132528924405,49.775467568595,47.543275625439,-459.883249645055,-166.965652316882,1.49011611938477e-08,1.49011611938477e-08,1.77989111520143,1.45938565611394,0.992105847899555,4.36971197136444,6,25
0.346,1000,25,591.904216060169,69.6519114627479,591.904216060169,13879.846737894,13530.7871127947,14513.227336949,58.5735549120746,47.9782859243292,49.746742506055,-377.814288981452,-147.52629062273,1.49011611938477e-08,1.49011611938477e-08,1.82121560335394,1.91493424525097,1.60624700424148,4.312745214807,6,25
0.347,1000,25,634.823703883671,-10008.3757622031,634.823703883671,13549.1627980971,13923.5775627507,14537.9935865124,53.4356181541716,46.1531054401309,49.6648530921323,-304.98825603629,-145.090333385509,1.49011611938477e-08,1.49011611938477e-08,1.91656146637105,2.40317023437282,2.13372311125253,5.67273081351765,6,25
0.348,1000,25,615.515231279032,-3457.07364479739,615.515231279032,13632.8675577425,14214.1744343871,14166.7348109889,45.5808437192457,45.0389361602853,47.4577189944649,-346.328288152724,-94.2514439385937,1.49011611938477e-08,1.49011611938477e-08,1.95792151354333,2.04949312594711,1.95388791462491,5.75746873936059,6,25
0.349,1000,25,543.748765802989,426.900525061794,543.748765802989,14022.7357238897,14034.4845206862,13888.4644417427,40.0669470627335,45.1501444946397,45.2418528947262,-545.746669192611,6.08911050407893,1.49011611938477e-08,1.49011611938477e-08,1.92117896512869,0.875105828180062,1.13160155215475,2.73578601077161,6,25
0.35,1000,25,358.735529599699,525.159556684525,358.735529599699,14219.2441639148,13599.257981176,14085.8360103016,42.9331188062525,46.619940450301,45.2253819527943,-781.497131315119,55.104797908102,1.49011611938477e-08,1.49011611938477e-08,1.80384530075134,1.49011611938477e-08,0.477988682524982,1.56994251808661,6,25
0.351,1000,25,260.628699123665,528.133482115646,260.628699123665,13988.2634611636,13451.9670601786,14509.0342460097,50.0670165083712,48.4984314391988,46.7990478747485,-876.599662260162,16.9873832348793,1.49011611938477e-08,1.49011611938477e-08,1.80346354841582,0.0144838627504983,1.49011611938477e-08,1.71082725631518,6,25
0.352,1000,25,339.266289757779,525.804701398393,339.266289757779,13533.6622011167,13790.8434746221,14542.687626071,57.4621550609863,49.9485289223595,49.457789687563,-869.627117608774,-48.2514660681047,1.49011611938477e-08,1.49011611938477e-08,1.899463793901,0.541198966932606,1.49011611938477e-08,2.30319112310902,6,25
0.353,1000,25,626.519051666636,504.315017098252,626.519051666636,13489.8486293491,14187.0867279545,14164.7373045178,62.9876025927322,50.8074703096683,52.0388468684104,-801.991978031062,-166.353163141081,1.49011611938477e-08,1.49011611938477e-08,1.94788175292281,0.960524758358797,1.49011611938477e-08,3.4357685140626,6,25
0.354,1000,25,632.363817178059,528.372678524796,632.363817178059,13854.2480986154,14160.3199426505,13818.9413454095,64.362612465476,50.4588298986558,53.0008551744389,-661.350516586344,-288.457187221529,1.49011611938477e-08,1.49011611938477e-08,1.93581793430047,1.37715596720304,0.409467649773475,4.84520680304059,6,25
0.355,1000,25,595.275052470103,401.675459004275,595.275052470103,14090.2017745015,13773.1164153563,13910.3290212988,63.4580510694573,48.1659709378707,52.9457366668193,-496.033543292653,-276.404394471847,1.49011611938477e-08,1.49011611938477e-08,1.8412571749573,1.69000379402028,1.01574085614768,4.48961220604449,6,25
0.356,1000,25,611.212097230393,517.766975007025,611.212097230393,13908.5599217822,13526.5733661233,14338.1370132492,62.6196265717991,43.7244742300867,52.3092982401066,-381.679509398701,-159.886896298714,1.49011611938477e-08,1.49011611938477e-08,1.81879353988748,1.91773443755283,1.67130951480045,3.0463769584995,6,25
0.357,1000,25,581.655618691125,170.662279552287,581.655618691125,13461.8298936189,13759.0907596812,14530.8607249206,62.0471447285687,38.1506239297249,50.7621240939423,-327.636540775164,-35.1506411660522,1.49011611938477e-08,1.49011611938477e-08,1.89790877538645,2.15272705679208,2.16590999837037,2.34363023086358,6,25
0.358,1000,25,524.79397012126,480.277707002936,524.79397012126,13296.4771790202,14161.4396490962,14234.9106675655,62.3790931543738,33.390326409466,48.7056768050778,-403.717966381505,41.8851306366541,1.49011611938477e-08,1.49011611938477e-08,1.94407298699792,2.16473118576594,3.08358498386727,2.07631006318583,6,25
0.359,1000,25,511.510671035656,499.288914122378,511.510671035656,13639.3338014592,14210.2658946865,13801.6792029021,63.4388274799032,32.3392783603359,46.2895149815739,-599.155273111037,-12.4663653964962,1.49011611938477e-08,1.49011611938477e-08,1.95104169407514,1.88016571745203,1.67241489766896,2.23956016489309,6,25
0.36,1000,25,514.656491728368,495.365232574219,514.656491728368,14062.906438967,13838.9552985568,13800.564107544,64.1775524355597,36.3129492342024,44.0800883177993,-759.400374593421,-242.029086164468,1.49011611938477e-08,1.49011611938477e-08,1.86083034987206,1.65373245993253,0.32141923133306,2.87032294732846,6,25
0.361,1000,25,510.720111280832,499.906304707199,510.720111280832,14064.109896869,13501.0267037138,14235.9271299796,63.5890400109716,41.8930714208147,42.4518941197466,-743.323819764211,-477.18165568941,1.49011611938477e-08,1.49011611938477e-08,1.79329753135159,1.64869682559328,1.49011611938477e-08,2.76619507661232,6,25
0.362,1000,25,473.636396336739,518.492448358608,473.636396336739,13674.5109231162,13628.4928780033,14566.0497367989,61.5686082129853,46.4680448161801,40.9605386739713,-619.083113877491,-591.111635357661,1.49011611938477e-08,1.49011611938477e-08,1.8639911848456,1.74080868776732,1.49011611938477e-08,2.28454623870747,6,25
0.363,1000,25,397.152227908408,523.967566873912,397.152227908408,13406.4671461993,14054.9501389448,14389.8435071206,59.4890314496845,49.2516362418726,40.4606608653288,-514.997230142335,-545.625963475468,1.49011611938477e-08,1.49011611938477e-08,1.93508702001017,1.68345644442191,1.49011611938477e-08,2.88120854885589,6,25
0.364,1000,25,289.050369250296,527.262012712936,289.050369250296,13631.0266459355,14232.1139855182,13938.3712363389,58.998076178926,50.3437623148578,41.7929546863469,-476.019464706822,-397.547380291058,1.49011611938477e-08,1.49011611938477e-08,1.95267364030204,1.42874463540079,1.49011611938477e-08,9.15614558595316,6,25
0.365,1000,25,232.639868785061,528.976682201957,232.639868785061,14059.9337984879,13939.5187768934,13784.7514589603,60.145256701139,50.0942928042018,44.4483552816641,-483.769360059477,-237.977288363486,1.49011611938477e-08,1.49011611938477e-08,1.87874427444934,1.28833104817977,0.484322965407133,8.22139525037812,6,25
0.366,1000,25,343.602164666934,525.663748355673,343.602164666934,14169.2063414867,13539.2794970434,14125.0506832218,61.2171652837123,48.9313374511968,47.6739612372231,-463.094786497662,-153.01760587444,1.49011611938477e-08,1.49011611938477e-08,1.77815586743362,1.47022470174383,1.03030888948268,4.05745090447274,6,25
0.367,1000,25,603.247177818532,-70.4132438593258,603.247177818532,13855.2185338026,13545.5863695885,14531.5046673179,59.6258951854107,47.0974871009029,49.8645024359152,-376.746727508727,-136.932734948698,1.49011611938477e-08,1.49011611938477e-08,1.82694760290565,1.94346256640476,1.63728179020477,4.16410408091123,6,25
0.368,1000,25,634.965334231035,-10076.8536198484,634.965334231035,13540.0156365808,13948.7479159433,14529.1594493968,54.4358176464246,45.2828615357933,49.6477655353142,-306.5168631234,-136.273673969526,1.49011611938477e-08,1.49011611938477e-08,1.92032878385519,2.42904437444863,2.1404807878801,5.50731225955024,6,25
0.369,1000,25,615.626536004774,-3479.93913576168,615.626536004774,13649.7810717452,14217.0758061337,14148.4254735605,46.6303164980019,44.1420412847759,47.3710864554528,-355.268854658138,-82.657191645847,1.49011611938477e-08,1.49011611938477e-08,1.95870983901753,2.03279294306922,1.92489384071076,5.41158043692532,6,25
0.37,1000,25,541.95563115505,433.622891669011,541.95563115505,14042.6295551012,14014.4617787848,13892.7063134614,41.3519656133032,44.3074078997651,45.0939172117098,-558.206652479877,18.3910470281077,1.49011611938477e-08,1.49011611938477e-08,1.91566249807949,0.880470574008774,1.11490303434898,2.6028043378808,6,25
0.371,1000,25,343.065868049572,525.63398146692,343.065868049572,14214.7843028361,13580.6101988574,14113.7778548035,44.2347978380881,45.8034572961793,45.0981887822707,-778.376075706131,64.9489796777464,1.49011611938477e-08,1.49011611938477e-08,1.80000249512599,0.0889666282963144,0.486623298345923,1.53153811765219,6,25
0.372,1000,25,250.986803997384,528.421476438356,250.986803997384,13958.3396950534,13461.9178267216,14528.5555079518,51.3297999790371,47.6419798474238,46.8391769165607,-874.206323459,28.0957268690371,1.49011611938477e-08,1.49011611938477e-08,1.80896255964582,0.192308052993386,1.49011611938477e-08,1.66925555583074,6,25
0.373,1000,25,347.194051194076,525.565766638699,347.194051194076,13508.7031656209,13818.3231768209,14531.2286237882,58.6558257506675,49.0398577869453,49.7202410735746,-868.990123898366,-35.6876684120119,1.49011611938477e-08,1.49011611938477e-08,1.90443622270604,0.579473119315695,1.49011611938477e-08,2.19943083222001,6,25
0.374,1000,25,648.377834158614,539.017308636977,648.377834158614,13493.8803967261,14199.7644291729,14138.9746898543,63.8003964731571,49.8111438163831,52.2788669069608,-801.017510540174,-159.444686408383,1.49011611938477e-08,1.49011611938477e-08,1.94925261281091,0.988336674448315,1.49011611938477e-08,3.24896070784811,6,25
0.375,1000,25,631.103000798762,527.709939554754,631.103000798762,13868.028457491,14142.1430341339,13809.8103603438,64.869070752813,49.4350864069635,53.1598358386297,-660.426475926661,-283.901689212414,1.49011611938477e-08,1.49011611938477e-08,1.93232894838289,1.39698818904621,0.475363842677736,4.52915266976747,6,25
0.376,1000,25,589.686273096534,260.79830819959,589.686273096534,14082.4273255206,13749.4852363229,13928.1387652069,63.8685823157081,47.140928916389,53.1398944619033,-507.005378157836,-275.075620254516,1.49011611938477e-08,1.49011611938477e-08,1.83731060412556,1.69602842924845,1.0581919699876,4.22148067101684,6,25
0.377,1000,25,611.987642004937,518.704360290697,611.987642004937,13877.2573886296,13527.2138310854,14358.249584753,62.9733812628558,42.641393530808,52.6148430943781,-387.25693363604,-156.294050909971,1.49011611938477e-08,1.49011611938477e-08,1.82309695356382,1.92463349820441,1.70571197862746,2.96414291468576,6,25
0.378,1000,25,581.687370832357,170.310020231465,581.687370832357,13429.694558302,13782.7498248133,14523.7458254863,62.3623595942193,37.0787604493306,51.2184288177263,-338.790268429788,-36.1680708801854,1.49011611938477e-08,1.49011611938477e-08,1.9029908693185,2.15454642043644,2.20230197472743,2.3353004428581,6,25
0.379,1000,25,524.936494094142,480.736443614336,524.936494094142,13291.7132734226,14173.8817774947,14204.262819445,62.7404814994725,32.533706955483,49.2951854975243,-424.928363215233,34.9586224733181,1.49011611938477e-08,1.49011611938477e-08,1.94568468284938,2.15204969032623,3.13405348423821,2.10045249395676,6,25
0.38,1000,25,514.126624328191,497.07956971562,514.126624328191,13652.8958362963,14192.7701134696,13780.4781035517,63.864561254358,32.0569425120745,46.9593173863358,-627.44705177593,-32.3713594191104,1.49011611938477e-08,1.49011611938477e-08,1.94991054724595,1.86255034100295,1.48855033101458,2.28936055716279,6,25
0.381,1000,25,521.277363989334,487.084932680863,521.277363989334,14067.5343265322,13812.3653055182,13810.0876580177,64.5427789969263,36.3526818879784,44.7543724677336,-774.253916932299,-256.748241102779,1.49011611938477e-08,1.49011611938477e-08,1.85532344755549,1.65510844852631,0.218678526909232,2.86579950344796,6,25
0.382,1000,25,513.60578958119,497.11355488842,513.60578958119,14041.3351290076,13493.0435561571,14256.1705076144,63.777861236967,41.9794865327453,43.0442145220402,-747.165396117075,-501.713674654732,1.49011611938477e-08,1.49011611938477e-08,1.79569862486649,1.67121733465048,1.49011611938477e-08,2.65217378376907,6,25
0.383,1000,25,474.208001520239,518.236715382262,474.208001520239,13643.0334077747,13648.1830527241,14564.2208006628,61.5685272640172,46.4875410893276,41.473930874804,-618.054369391778,-604.372080547809,1.49011611938477e-08,1.49011611938477e-08,1.87040877610841,1.77179018014532,1.49011611938477e-08,2.21520942222119,6,25
0.384,1000,25,396.814750338748,523.957716817062,396.814750338748,13399.4597181423,14074.8369872432,14362.0020697736,59.3455765209725,49.1865111202164,40.9049754708669,-516.362449505255,-548.713101623373,1.49011611938477e-08,1.49011611938477e-08,1.93762082693192,1.70426806883183,1.49011611938477e-08,2.86238082724635,6,25
0.385,1000,25,292.189990183266,527.168356030858,292.189990183266,13648.713094147,14226.0596122173,13912.7873970057,58.8566982240472,50.215309126095,42.2407763132007,-483.48391887013,-393.046867764841,1.49011611938477e-08,1.49011611938477e-08,1.95236510266879,1.42714657620431,1.49011611938477e-08,9.52336959699753,6,25
0.386,1000,25,240.09869211678,528.733823154363,240.09869211678,14072.1714884235,13913.3536530206,13788.4421761686,60.0870554279755,49.9556384355543,44.9407623474386,-495.157008520094,-238.482015946557,1.49011611938477e-08,1.49011611938477e-08,1.87276791064567,1.27786768764783,0.502826711507015,7.77961815037086,6,25
0.387,1000,25,366.24690244237,524.981795436091,366.24690244237,14157.0166369413,13525.0520265955,14148.8447155791,61.1905339829644,48.8085973965318,48.2032833026507,-474.49082986346,-149.202632892475,1.49011611938477e-08,1.49011611938477e-08,1.77828898525264,1.45971267053635,1.04454425886801,3.99755758149482,6,25
0.388,1000,25,635.067990122047,-1014.57004496237,635.067990122047,13833.4828159833,13561.021461166,14548.7450822168,59.4018764701669,47.0321749748889,50.1426793747851,-386.264141742529,-136.978400450722,1.49011611938477e-08,1.49011611938477e-08,1.8333966584751,1.92774327069712,1.64375836731964,4.18971219871434,6,25
0.389,1000,25,633.66815241729,-9408.08255982819,633.66815241729,13534.1402973173,13972.7709830527,14518.1392442801,53.9316082740686,45.2952428201845,49.619844084817,-320.10185548337,-133.21795163306,1.49011611938477e-08,1.49011611938477e-08,1.92431110980689,2.36875574271928,2.10802533130285,5.50303924687339,6,25
0.39,1000,25,612.128382937798,-2827.30082870746,612.128382937798,13669.1361271901,14219.7050766932,14129.3825497411,46.0781544830791,44.2981187638366,47.0970114824327,-378.895911547439,-71.0029394356649,1.49011611938477e-08,1.49011611938477e-08,1.95950673596807,1.88681832222212,1.83341693249656,5.03900277283562,6,25
0.391,1000,25,529.873366188195,468.940881209655,529.873366188195,14063.1544262079,13991.3415315231,13895.6250361478,41.305959193466,44.5864166330354,44.8554186033017,-577.187321654092,29.1161830988473,1.49011611938477e-08,1.49011611938477e-08,1.91009220815611,0.774083963098868,1.05062413805793,2.3574071673329,6,25
0.392,1000,25,327.422578036553,526.106441137932,327.422578036553,14213.3429437837,13561.4674627525,14142.1488134687,44.7648707812371,46.1458796479241,45.028414193217,-805.117080327864,77.0538357658718,1.49011611938477e-08,1.49011611938477e-08,1.79684625959423,1.49011611938477e-08,0.443076647762347,1.42714676125207,6,25
0.393,1000,25,232.143837717915,528.989289029406,232.143837717915,13934.6368718109,13471.2019773118,14547.669540031,51.9918226304338,47.9669537435149,46.892850616997,-888.902378647814,37.0021986779319,1.49011611938477e-08,1.49011611938477e-08,1.81428607930669,0.140109602271322,1.49011611938477e-08,1.61229796669919,6,25
0.394,1000,25,344.94799813425,525.629737673963,344.94799813425,13497.614683682,13844.6938080544,14523.6988159168,59.3044887848072,49.313481240452,49.8736100604095,-878.575829226429,-30.2735686852129,1.49011611938477e-08,1.49011611938477e-08,1.90873951797509,0.571188939792127,1.49011611938477e-08,2.1637315204435,6,25
0.395,1000,25,637.723499150904,-11314.298294585,637.723499150904,13512.773216762,14209.8958409515,14119.0495817576,64.3861065680978,49.9994931757875,52.5241143424111,-804.97829715887,-159.611403408443,1.49011611938477e-08,1.49011611938477e-08,1.9505901918264,0.989593838970574,1.49011611938477e-08,3.24372778984471,6,25
0.396,1000,25,630.878347639766,-8112.55739827364,630.878347639766,13893.4475983606,14127.2086758778,13808.9665242965,65.3243700271669,49.4259527774449,53.4480259418519,-666.583016049168,-279.118254724033,1.49011611938477e-08,1.49011611938477e-08,1.92899546786371,1.40159797995198,0.500873902387146,4.52664815680607,6,25
0.397,1000,25,589.505028763646,-118.009437076267,589.505028763646,14083.0014155098,13726.4126853563,13949.5390653299,64.2452762462126,46.8784656527496,53.4055038903542,-501.444768084012,-267.822344032348,1.49011611938477e-08,1.49011611938477e-08,1.83287263778727,1.7059619661858,1.09113048263415,4.17989788656679,6,25
0.398,1000,25,609.609563403975,-2395.41606683136,609.609563403975,13855.3520032328,13527.5946114127,14381.282188828,63.3230931632864,42.2707447323273,52.8093196599722,-382.259612214795,-151.716828891308,1.49011611938477e-08,1.49011611938477e-08,1.82604982646072,1.94604074290104,1.73453124376605,2.99987131153128,6,25
0.399,1000,25,576.796658373593,216.712471192309,576.796658373593,13411.4454518534,13805.0145712672,14520.523245674,62.7396346961552,36.6460045298612,51.4067895193007,-339.035599374239,-33.8207471867526,1.49011611938477e-08,1.49011611938477e-08,1.90660554610375,2.17500158325352,2.23486152630709,2.38704721288209,6,25
0.4,200,25,521.243994790921,487.022114655772,521.243994790921,13303.4148593375,14190.0811383716,14179.8534585165,63.1353058410486,32.0788055367525,49.4888498417382,-431.2765506651,32.4110243082875,1.49011611938477e-08,1.49011611938477e-08,1.94666052606529,2.15395625975682,3.09573419353492,2.15773510756885,6,25
0.401,200,25,512.458225713841,495.253732584505,512.458225713841,13685.778658276,14182.8549469642,13768.8966736117,64.1874627961672,31.52425262912,47.1313967255348,-620.267643707262,-35.7230077242721,1.49011611938477e-08,1.49011611938477e-08,1.94717281736286,1.86481999283544,1.41101418892494,2.36918907628997,6,25
0.402,200,25,519.475337209018,483.917121869817,519.475337209018,14083.5246175378,13787.3430481861,13830.3952946299,64.7263344885667,35.7821790571069,44.8940943015218,-763.153713617782,-273.935103656541,1.49011611938477e-08,1.49011611938477e-08,1.84731159742637,1.67581548910667,0.176212560541431,2.97039539930637,6,25
0.403,200,25,512.76261737273,489.079007983295,512.76261737273,14028.4340660854,13487.1390547825,14285.6288571378,63.8181136862863,41.2520706063258,43.1029708011011,-723.439245403179,-511.910448701035,1.49011611938477e-08,1.49011611938477e-08,1.79584281023791,1.70790681011082,1.49011611938477e-08,2.68051309674552,6,25
0.404,200,25,470.94784982298,506.403120893297,470.94784982298,13622.8879556913,13669.4206761339,14568.65043512,61.5350776921949,45.5642428185225,41.4784807766561,-593.378268077808,-603.073781175022,1.49011611938477e-08,1.49011611938477e-08,1.87499602290534,1.8122817193934,1.49011611938477e-08,2.24518429204506,6,25
0.405,200,25,390.828763636562,508.43468739416,390.828763636562,13401.4356264022,14094.9007357848,14336.8384452368,59.4821490587492,48.0804128850959,41.1311281095071,-498.897770376363,-538.881406795887,1.49011611938477e-08,1.49011611938477e-08,1.93941489796384,1.73883487194639,1.49011611938477e-08,2.99868228834681,6,25
0.406,200,25,272.477941774438,508.763723783903,272.477941774438,13674.4488486003,14219.2632410896,13890.4481863207,59.1915967145078,48.9773488220858,42.6195592726378,-472.624390845843,-391.555331194487,1.49011611938477e-08,1.49011611938477e-08,1.9509836934273,1.46570690030923,1.49011611938477e-08,10.8024920142892,6,25
0.407,200,25,235.187682584783,506.697265211861,235.187682584783,14090.9607458881,13888.3435834713,13795.5211099269,60.4920224119769,48.6308364608869,45.3548916091713,-485.652888399837,-235.931643062802,1.49011611938477e-08,1.49011611938477e-08,1.86450110058788,1.33484590930587,0.540938292272096,7.75672639657836,6,25
0.408,200,25,367.295228419427,499.761126851521,367.295228419427,14148.3992962658,13512.7521836652,14173.712868154,61.4496727206987,47.4154657389399,48.4917200658758,-459.121319948153,-157.269067445349,1.49011611938477e-08,1.49011611938477e-08,1.77628452998486,1.54022356376188,1.07087716525882,4.23877330269181,6,25
0.409,200,25,632.230804583012,498.289458864615,632.230804583012,13808.759165653,13578.0010803579,14554.4490571851,59.4889164586348,45.5627487864653,50.2998362461992,-368.833081120616,-149.489324459918,1.49011611938477e-08,1.49011611938477e-08,1.83865884213629,2.03456640899037,1.65656301371523,4.59456372723074,6,25
0.41,200,25,634.695593894654,497.085767369796,634.695593894654,13527.8981740676,13996.1324535726,14496.0620785671,53.802249348583,43.8030761150512,49.5862061231867,-306.391609127206,-146.025766342891,1.49011611938477e-08,1.49011611938477e-08,1.92735823894222,2.48665242249373,2.08650350296727,6.26537833863537,6,25
0.411,200,25,612.285749276251,483.256028239165,612.285749276251,13688.0795680528,14220.880868142,14102.8655250881,45.8605045531814,42.8142196037737,46.9280615768407,-365.533721336339,-84.8943134317128,1.49011611938477e-08,1.49011611938477e-08,1.95960636414886,1.93242038743473,1.77949822190357,5.60504528764308,6,25
0.412,200,25,524.564487845291,445.378932315407,524.564487845291,14081.3204204297,13970.4549920954,13894.2413798443,41.215569168099,43.1874197054492,44.5791374833183,-574.032757214183,23.6292987583191,1.49011611938477e-08,1.49011611938477e-08,1.9033415987966,0.78039869236918,1.02030128352556,2.44952837650721,6,25
0.413,200,25,302.971874413148,485.777417534264,302.971874413148,14204.6740591875,13545.4755474044,14161.7593818488,44.8889618765297,44.8052774965393,44.801094981659,-795.710892938479,72.0522893541179,1.49011611938477e-08,1.49011611938477e-08,1.7932017556717,1.49011611938477e-08,0.440539683384144,1.47154899891894,6,25
0.414,200,25,212.36544688668,485.109277856785,212.36544688668,13905.1262315245,13484.9290595936,14556.4535663867,52.2521941139779,46.6185368565285,46.850768046194,-871.926213401391,34.1235962500124,1.49011611938477e-08,1.49011611938477e-08,1.81947388716843,0.248727727713304,1.49011611938477e-08,1.65471698339271,6,25
0.415,200,25,344.535201929569,478.377097023664,344.535201929569,13481.55577397,13872.5131572845,14503.2885040428,59.5879405768852,47.9352835971589,50.0059785067922,-860.192647442059,-34.0119713168658,1.49011611938477e-08,1.49011611938477e-08,1.9126168514039,0.632684935803881,1.49011611938477e-08,2.20823695865892,6,25
0.416,200,25,660.92740418362,-1020.99687851076,660.92740418362,13526.5602404387,14220.324210922,14088.2682297488,64.4431655457323,48.5805881433964,52.6300997785117,-790.469152389866,-160.809807914315,1.49011611938477e-08,1.49011611938477e-08,1.95137970144626,1.05169569319145,1.49011611938477e-08,3.3228871566358,6,25
0.417,200,25,631.955896497937,473.196360402542,631.955896497937,13912.7889094242,14108.9682354647,13798.790059851,65.2327780237485,48.032416537386,53.4922291917434,-647.473431997342,-286.739783973371,1.49011611938477e-08,1.49011611938477e-08,1.9242703179054,1.46445412783912,0.539720912358585,4.61850102150854,6,25
0.418,200,25,588.348931138863,93.1085140334131,588.348931138863,14076.7296453785,13705.7747052908,13964.0539765763,64.2203482022756,45.5332969933508,53.4527103621999,-491.155476827309,-268.471076874093,1.49011611938477e-08,1.49011611938477e-08,1.82890630584602,1.75329205052076,1.11653232105051,4.20720927774183,6,25
0.419,200,25,611.991347864937,455.734331516647,611.991347864937,13826.2728801235,13532.6193539932,14394.1519852797,63.3912455101982,40.9571662714622,52.8521488406655,-379.823816979503,-150.7604595724,1.49011611938477e-08,1.49011611938477e-08,1.83023466119278,1.98288491784917,1.75348218179452,3.01748032536412,6,25
0.42,200,25,576.917121505483,177.450230420066,576.917121505483,13386.3070964144,13830.4382416104,14505.9642810158,62.8936485688108,35.4623799401414,51.4464497116718,-346.90197325858,-36.3653807686427,1.49011611938477e-08,1.49011611938477e-08,1.91074289643807,2.195244362945,2.27049887470675,2.41271577883008,6,25
0.421,200,25,524.840319760428,420.179819953564,524.840319760428,13307.9480130904,14200.352245922,14145.2036974286,63.3914073956121,31.2763234422741,49.5332230243822,-441.878629625643,21.6521303896013,1.49011611938477e-08,1.49011611938477e-08,1.94795875623363,2.15209000531539,3.05552939755496,2.19951224857873,6,25
0.422,200,25,512.655673043312,432.316289627017,512.655673043312,13704.8126978525,14164.3381395718,13750.530684233,64.5291602981025,31.4255295628756,47.2072350357525,-644.238358866126,-58.4872107253609,1.49011611938477e-08,1.49011611938477e-08,1.94498534467496,1.85340416006299,1.24872603266041,2.42791622799989,6,25
0.423,200,25,523.338482556347,416.781052058222,523.338482556347,14086.8844992035,13762.1500724994,13842.9085963898,65.0547630336232,36.021363952508,45.0032927996984,-777.115565232205,-300.342974116048,1.49011611938477e-08,1.49011611938477e-08,1.84204207238894,1.67194252085785,1.49011611938477e-08,2.94501616892242,6,25
0.424,200,25,512.978171195062,426.122246180566,512.978171195062,14002.1119302674,13482.9213045184,14304.0205756304,64.0997950198533,41.5391051598047,43.2145591138952,-727.519812455106,-528.654076313184,1.49011611938477e-08,1.49011611938477e-08,1.79932895438081,1.70727106255147,1.49011611938477e-08,2.5892289943208,6,25
0.425,200,25,469.482641356971,441.310902766516,469.482641356971,13591.0157948952,13691.2537962578,14562.3923694815,61.8109843427998,45.7896686106845,41.6162535578248,-597.592773721294,-607.249478317262,1.49011611938477e-08,1.49011611938477e-08,1.8812095379655,1.80221993636971,1.49011611938477e-08,2.22237634604774,6,25
0.426,200,25,385.128340021555,442.614789616776,385.128340021555,13396.6649321016,14113.1540012656,14307.5626667508,59.7423146021293,48.234609350826,41.229028473043,-509.585225419299,-541.484695309268,1.49011611938477e-08,1.49011611938477e-08,1.94163976617725,1.71059963044239,1.49011611938477e-08,3.05377312871877,6,25
0.427,200,25,283.703310253213,442.052905646915,283.703310253213,13691.8316172241,14210.3549494496,13867.4937291976,59.482039776305,49.0822593191596,42.7223504148859,-484.841211802604,-384.19707854447,1.49011611938477e-08,1.49011611938477e-08,1.95016507737358,1.42988334611897,1.49011611938477e-08,11.8369097078101,6,25
0.428,200,25,242.254102722601,439.93771792298,242.254102722601,14099.7590617834,13862.1091972875,13802.961051736,60.7922294064283,48.7324688888281,45.4767794135826,-498.856309183193,-231.298567228139,1.49011611938477e-08,1.49011611938477e-08,1.85861265763314,1.31131379980317,0.561587950711078,7.20809300733068,6,25
0.429,200,25,394.124667149831,432.991739747902,394.124667149831,14130.9577281156,13501.373986155,14197.5768224462,61.6685138451141,47.5343948839773,48.5771249569248,-468.767131967226,-158.099504299749,1.49011611938477e-08,1.49011611938477e-08,1.77768717393836,1.52976414146354,1.08938758905412,4.17940234487726,6,25
0.43,200,25,640.706550972597,-10901.8561027094,640.706550972597,13783.1178265964,13595.7637657181,14565.9097249923,59.4138689812677,45.7312403740887,50.0856167265117,-375.550274532521,-153.976783919263,1.49011611938477e-08,1.49011611938477e-08,1.84551140942947,2.02611913288165,1.66957092328954,4.64267927705838,6,25
0.431,200,25,635.400247656333,-8326.24769929619,635.400247656333,13520.8200169215,14019.1076057114,14480.8972503375,53.4678100655108,44.0502170431251,49.0594665851529,-318.479736055563,-147.801917036819,1.49011611938477e-08,1.49011611938477e-08,1.93098399509318,2.43569677165399,2.06317511148515,6.26436759843891,6,25
0.432,200,25,609.509527216158,-1886.24146860221,609.509527216158,13704.8163294699,14219.0539021049,14083.1584596175,45.4837545021429,43.1792444485349,46.1316014965872,-387.24740615588,-75.8564741274634,1.49011611938477e-08,1.49011611938477e-08,1.95997529314179,1.80629769284263,1.71294725022209,5.180416541471,6,25
0.433,200,25,507.485634583613,402.91091214776,507.485634583613,14095.7144384761,13945.6874654214,13899.0739277471,41.3516281333973,43.6534106483557,43.8036016429182,-603.70228567402,36.7250422760511,1.49011611938477e-08,1.49011611938477e-08,1.89754002323019,0.691696970301594,0.975370871875252,2.20831366733932,6,25
0.434,200,25,281.207534384972,419.974402959502,281.207534384972,14196.2901547222,13528.3741968002,14189.7654683991,45.5290007763374,45.305992832639,44.209535282866,-820.396769870466,81.7505326596397,1.49011611938477e-08,1.49011611938477e-08,1.79144855838903,1.49011611938477e-08,0.411384883604443,1.36294138627333,6,25
0.435,200,25,196.439835966719,418.83949707989,196.439835966719,13876.072745298,13496.6812044065,14571.6766873051,53.0150745099326,47.076108063489,46.4342790279154,-886.510134237256,40.9877093436952,1.49011611938477e-08,1.49011611938477e-08,1.825517617818,0.211314248364225,1.49011611938477e-08,1.58906034879154,6,25
0.436,200,25,345.90978349434,412.167760955856,345.90978349434,13469.0002704606,13897.9443847496,14491.4721101962,60.3159256275928,48.3258387960542,49.7389126772425,-872.794737933735,-26.3051144293298,1.49011611938477e-08,1.49011611938477e-08,1.91665459034162,0.620707470537354,1.49011611938477e-08,2.16239677865346,6,25
0.437,200,25,645.185518950087,414.435736610539,645.185518950087,13543.151087307,14225.60181366,14067.4054276016,65.0381757451316,48.8505019309469,52.4883757127396,-796.570282943354,-163.986176747062,1.49011611938477e-08,1.49011611938477e-08,1.95253154444366,1.04370191666268,1.49011611938477e-08,3.2981085746553,6,25
0.438,200,25,634.033979543941,406.445768811289,634.033979543941,13932.6607460219,14089.2593638801,13798.859309415,65.6763093018286,48.0940609877633,53.3965668417703,-648.024406025189,-288.349111250989,1.49011611938477e-08,1.49011611938477e-08,1.92029038736901,1.45502697796028,0.571200360344462,4.57105805539458,6,25
0.439,200,25,595.832773881137,-27.3133111605429,595.832773881137,14071.0166444414,13682.718643137,13985.6448400269,64.5596259434976,45.3465710970239,53.3438653199061,-489.12762626994,-265.35577910421,1.49011611938477e-08,1.49011611938477e-08,1.82529218607327,1.74732818101302,1.15176498944226,4.14572681382502,6,25
0.44,200,25,611.022818106043,379.85629772564,611.022818106043,13800.4327132319,13535.4420060267,14413.8798270038,63.6541214301149,40.6402790772976,52.7152047785674,-376.844659993311,-151.865754220015,1.49011611938477e-08,1.49011611938477e-08,1.83392150496657,1.99168925780123,1.78416039924332,3.05735433400674,6,25
0.441,200,25,572.09502486292,172.920651365028,572.09502486292,13368.3297457382,13852.1707304866,14498.4844091456,63.1342441783495,35.0516366860247,51.3665696442914,-346.275402389846,-44.9451808866654,1.49011611938477e-08,1.49011611938477e-08,1.91404934231542,2.20733438305238,2.30690192628201,2.47594156090225,6,25
0.442,200,25,517.742739922378,367.468067410339,517.742739922378,13320.4173923489,14212.3376500313,14120.6944411054,63.6302836495228,30.8047908534358,49.5295082002942,-447.957885057453,13.9930604679728,1.49011611938477e-08,1.49011611938477e-08,1.94884843494493,2.14984620593686,2.95723877736352,2.26734669899408,6,25
0.443,200,25,507.914939369188,373.235138054471,507.914939369188,13734.4958665159,14149.6350434535,13741.8209016626,64.7085030487121,30.8446267236828,47.2452495865744,-647.181194972483,-73.154053376236,1.49011611938477e-08,1.49011611938477e-08,1.9414821458957,1.85069473777824,1.17830190482156,2.51375154492476,6,25
0.444,200,25,516.567847098125,362.946746362742,516.567847098125,14097.1160438681,13736.2575160798,13864.9683376025,65.1376128541714,35.3595400758654,45.0574291647552,-766.607746144902,-316.810887215016,1.49011611938477e-08,1.49011611938477e-08,1.83478504721721,1.68272747108383,1.49011611938477e-08,3.03288374943881,6,25
0.445,200,25,507.180174584469,367.315193780058,507.180174584469,13985.1552788422,13479.7036541263,14330.7662491952,64.1035640737177,40.6852796297686,43.2281023089018,-707.812191012476,-534.990946115289,1.49011611938477e-08,1.49011611938477e-08,1.80083698796669,1.72785563112474,1.49011611938477e-08,2.61951491742522,6,25
0.446,200,25,462.190837876278,376.68413489031,462.190837876278,13570.2587371878,13713.1669801802,14560.9372262612,61.8079755515411,44.7184487182614,41.6128822679379,-585.458577120186,-602.039234614715,1.49011611938477e-08,1.49011611938477e-08,1.88583708191061,1.82052118610078,1.49011611938477e-08,2.27480458034567,6,25
0.447,200,25,376.508567121771,376.790842485973,376.508567121771,13401.3131742123,14130.2154988683,14279.9406136638,59.919205360404,46.9734326206289,41.3737003844738,-499.000780639634,-529.414172686195,1.49011611938477e-08,1.49011611938477e-08,1.94326644531079,1.72075344303353,1.49011611938477e-08,3.22416759218456,6,25
0.448,200,25,257.502037672603,376.202236646867,257.502037672603,13717.7926951091,14200.3778072905,13846.8155106483,59.8229410394455,47.7000323050325,42.9427459485523,-480.480623732929,-374.377931345062,1.49011611938477e-08,1.49011611938477e-08,1.9481799036203,1.44948551844974,1.49011611938477e-08,13.5382771158601,6,25
0.449,200,25,235.308979544469,373.516657160342,235.308979544469,14115.4069314915,13837.3360395858,13812.2265402243,61.1322571951356,47.2792167414076,45.6940178795838,-493.165719316286,-231.328406902992,1.49011611938477e-08,1.49011611938477e-08,1.85072078844213,1.35635217856213,0.590074083198727,7.22584110307254,6,25
0.45,200,25,394.861895412925,366.979877604137,394.861895412925,14119.7439508615,13493.2430346073,14221.6426516959,61.7657313754246,46.0098609861645,48.6286839074466,-454.888564216008,-168.43867887711,1.49011611938477e-08,1.49011611938477e-08,1.77732091384555,1.60314435705638,1.1094787343018,4.45003027164565,6,25
0.451,200,25,643.126332959887,367.706238020116,643.126332959887,13760.9065118808,13616.0747689757,14569.7845679648,59.2140242792795,44.1365766531022,49.9398851156496,-364.008228427825,-167.433733946366,1.49011611938477e-08,1.49011611938477e-08,1.85099092077666,2.12727497554452,1.67474870520654,5.13444618804343,6,25
0.452,200,25,637.65267084745,362.68103464788,637.65267084745,13518.3830850689,14041.4270076548,14456.1999209808,52.992654596126,42.4380490349512,48.7011279342545,-307.084730704163,-160.207184165057,1.49011611938477e-08,1.49011611938477e-08,1.93376912872375,2.53675709984566,2.02814661599699,7.19265108016116,6,25
0.453,200,25,609.989966782597,327.282367571425,609.989966782597,13725.5865146405,14218.6149719478,14057.7195812019,44.9215449764963,41.6342592023922,45.5835691622293,-384.873128680667,-82.8470306642337,1.49011611938477e-08,1.49011611938477e-08,1.95963461852294,1.81844631440273,1.64101193106898,5.703390001368,6,25
0.454,200,25,499.955109230123,343.364317301771,499.955109230123,14111.9875869123,13924.3587413656,13900.3978197385,41.0355597425674,42.2558658707877,43.1314219302864,-604.945092489442,33.5720433039768,1.49011611938477e-08,1.49011611938477e-08,1.89054654504596,0.675798660527328,0.927401328588637,2.25703674298876,6,25
0.455,200,25,262.066632676605,353.934221502987,262.066632676605,14185.943173333,13515.6568305509,14210.6669116554,45.556826195246,44.0347448082443,43.5929366656368,-815.285909371486,77.8748541889685,1.49011611938477e-08,1.49011611938477e-08,1.78900661067616,1.49011611938477e-08,0.380293740132087,1.38616718877299,6,25
0.456,200,25,177.515558159669,352.466652692404,177.515558159669,13847.7106887158,13514.5662356166,14578.0505257339,53.122502357199,45.8627202272103,45.9168934083295,-872.687003744679,40.610610808747,1.49011611938477e-08,1.49011611938477e-08,1.83112266688439,0.270961488972502,1.49011611938477e-08,1.60961025021604,6,25
0.457,200,25,337.374605239273,346.151654699427,337.374605239273,13458.7293477522,13925.9725628644,14469.6100118722,60.4165884076159,47.1345835232971,49.2926535287384,-856.249068080579,-30.858625768141,1.49011611938477e-08,1.49011611938477e-08,1.9200289697983,0.665261987476292,1.49011611938477e-08,2.18527752952449,6,25
0.458,200,25,652.465337021931,-16985.9505608875,652.465337021931,13562.2141216468,14233.9475610492,14038.6029602291,64.9604150439889,47.6667601104351,51.9709287896172,-776.513500762621,-172.893573435333,1.49011611938477e-08,1.49011611938477e-08,1.95291682215719,1.09414135189311,1.49011611938477e-08,3.34790024324955,6,25
0.459,200,25,635.241583337524,-6857.83596720389,635.241583337524,13953.2086453984,14071.8540248753,13793.1475251205,65.4774126643479,46.9432904529532,52.809387494742,-626.913055267259,-294.578367302495,1.49011611938477e-08,1.49011611938477e-08,1.91492964305269,1.51003953065213,0.585111462015575,4.61622472492984,6,25
0.46,200,25,604.26828963823,-251.711670936997,604.26828963823,14064.2248180427,13664.9002330351,14002.105801048,64.4316064080162,44.2657528834631,52.7636875726797,-475.649027392481,-264.115350714623,1.49011611938477e-08,1.49011611938477e-08,1.82192121394204,1.79156865341467,1.16470852803369,4.12428229705259,6,25
0.461,200,25,608.387483790442,-1337.14377274057,608.387483790442,13777.6748934076,13544.5872103902,14427.7224934712,63.5589357658492,39.6590587086573,52.1065417858671,-370.231638190004,-157.504897219792,1.49011611938477e-08,1.49011611938477e-08,1.83787637069885,2.04698798570827,1.79345787438954,3.09022362634354,6,25
0.462,200,25,561.077686924784,194.425317973608,561.077686924784,13355.230725202,13878.5442006475,14485.4410511673,63.1532376147831,34.3247427622124,50.7916276403639,-344.142790062739,-46.7316990039904,1.49011611938477e-08,1.49011611938477e-08,1.9172633213472,2.26044275160114,2.33673961217837,2.52194316919355,6,25
0.463,200,25,495.456069215397,317.707595425533,495.456069215397,13338.2536540634,14220.4575513579,14091.9455948512,63.8671369895333,30.6441091973329,49.0253893988234,-458.046849086496,8.54848046176544,1.49011611938477e-08,1.49011611938477e-08,1.94988298530257,2.1706782848779,2.87104914045266,2.31902455898617,6,25
0.464,200,25,489.827369214026,316.329872255151,489.827369214026,13762.6696900846,14131.0771197853,13734.0675353009,65.2000657554841,31.4201206619873,46.7996746042125,-665.057748399482,-82.5602948993965,1.49011611938477e-08,1.49011611938477e-08,1.93796677127775,1.83128261800738,1.06206285829916,2.56063219167161,6,25
0.465,200,25,520.460259058413,295.612837485367,520.460259058413,14103.5807135938,13713.0009327602,13886.6079899279,65.833913273665,36.1746179358867,44.5294747553222,-781.828219295291,-319.517039350726,1.49011611938477e-08,1.49011611938477e-08,1.82945576751779,1.63862719605815,1.49011611938477e-08,3.04042735984371,6,25
0.466,200,25,523.952433567387,289.197934498252,523.952433567387,13961.7545127788,13479.2247086072,14354.1488690418,64.9826998923192,41.4981249080796,42.4827095625049,-728.002977927117,-517.999427089799,1.49011611938477e-08,1.49011611938477e-08,1.80458658049532,1.65530897266629,1.49011611938477e-08,2.66736573104072,6,25
0.467,200,25,489.399848176438,307.116087163114,489.399848176438,13546.4806197779,13736.7300427177,14559.5256534088,62.8569378513202,45.4590198912729,40.6895526939293,-603.140283583922,-582.480847965906,1.49011611938477e-08,1.49011611938477e-08,1.89133259924783,1.70899198554473,1.49011611938477e-08,2.38090697489168,6,25
0.468,200,25,405.828591723211,310.14889643986,405.828591723211,13405.7662554198,14146.4525486417,14260.0140938287,61.0521650117734,47.6431857218475,40.337561260151,-519.843667794156,-504.369668525891,1.49011611938477e-08,1.49011611938477e-08,1.94522956189337,1.57164885319015,1.49011611938477e-08,3.55042401263663,6,25
0.469,200,25,299.622854490218,308.934788955204,299.622854490218,13739.5620897542,14188.4336914762,13837.9514170645,61.033979477473,48.3140478669274,42.01979371436,-505.315616072511,-345.906094094485,1.49011611938477e-08,1.49011611938477e-08,1.94688496083255,1.3095875446871,1.49011611938477e-08,21.0265478309143,6,25
0.47,200,25,267.319304011882,306.351801324305,267.319304011882,14123.464701065,13810.294145672,13834.1388482209,62.3950937312907,47.8666453482436,44.961171190108,-519.403342918404,-205.578288170832,1.49011611938477e-08,1.49011611938477e-08,1.84540410833359,1.25618486001887,0.599144977030107,5.60894387466984,6,25
0.471,200,25,432.719668617991,300.109191481288,432.719668617991,14100.4838994725,13484.2476927191,14256.1469628787,63.0104184049135,46.5858009606149,47.9733996716333,-482.395905007246,-149.718791214178,1.49011611938477e-08,1.49011611938477e-08,1.78023281571724,1.52624472279935,1.12497889870272,3.8682023187036,6,25
0.472,200,25,649.271395350074,-12974.0828647798,649.271395350074,13733.8493561519,13635.6787145561,14586.9998674943,60.3462588241621,44.7116425808502,49.0984613847139,-385.317097230258,-150.304400855431,1.49011611938477e-08,1.49011611938477e-08,1.85824682507838,2.04078810918647,1.69199811493057,4.510735651843,6,25
0.473,200,25,638.818486962502,-7521.08692090524,638.818486962502,13512.9448860121,14062.7360403774,14448.4431793288,54.1422914506425,43.0201441123203,47.649128296267,-332.536490793488,-138.046563142704,1.49011611938477e-08,1.49011611938477e-08,1.9370267036492,2.39194694135102,2.02525999327065,5.93424219481169,6,25
0.474,200,25,607.618391992691,-1116.28577308973,607.618391992691,13742.1363056735,14212.7468229397,14049.7555045403,46.3275777008248,42.2114932446119,44.3659618551191,-419.249670310164,-51.487359053843,1.49011611938477e-08,1.49011611938477e-08,1.95960118343199,1.66814321318258,1.62348260193351,4.35520029351822,6,25
0.475,200,25,485.009503741991,283.168851239795,485.009503741991,14122.410348245,13898.8869531691,13919.3591119848,42.9693817833286,42.7920801018903,41.9890112886664,-644.271075071229,67.6434391994482,1.49011611938477e-08,1.49011611938477e-08,1.88521124203012,0.61849583173278,0.931481116867732,1.85032013680824,6,25
0.476,200,25,238.759453272267,287.782967165641,238.759453272267,14172.7539836249,13501.7301658171,14249.5577042346,47.5805508984238,44.4608566570257,42.6838728961122,-840.460464031283,108.350732100207,1.49011611938477e-08,1.49011611938477e-08,1.78935647990115,1.49011611938477e-08,0.415601157553645,1.19335701750256,6,25
0.477,200,25,171.860389937568,285.716218990896,171.860389937568,13808.8923163399,13529.5295407177,14594.3153846858,54.9038091698335,46.1462725355108,45.2280773534543,-896.570339166475,68.6478299419041,1.49011611938477e-08,1.49011611938477e-08,1.83864213021406,0.226948712512537,1.49011611938477e-08,1.43260504527445,6,25
0.478,200,25,359.976213411961,279.55626516803,359.976213411961,13441.523936223,13951.1188436833,14460.6765817173,61.8816005148126,47.2744681109693,48.7914145604876,-880.196465324371,-6.47512593334073,1.49011611938477e-08,1.49011611938477e-08,1.92408260942438,0.627069877544765,1.49011611938477e-08,1.96613542062593,6,25
0.479,200,25,651.298596611213,-13628.6834472523,651.298596611213,13573.1547725721,14236.1118770177,14025.453557005,66.0052968314942,47.6291064086472,51.5353999875089,-798.962227910887,-154.90646272263,1.49011611938477e-08,1.49011611938477e-08,1.95402146419524,1.04426781963317,0.113148241072731,3.00435241570185,6,25
0.48,200,25,636.780696795241,273.019367944942,636.780696795241,13963.8640533465,14048.801586471,13802.7424721302,66.141855530499,46.6532677015594,52.3589790600809,-645.708741824574,-277.865645293866,1.49011611938477e-08,1.49011611938477e-08,1.91107452604704,1.44272388231231,0.669178444025231,4.09552630229918,6,25
0.481,200,25,606.628626513696,-211.999306662368,606.628626513696,14051.3996804666,13643.2312862832,14033.8969927436,64.8197592482514,43.6989829130755,52.3527092626704,-496.637159533598,-255.215460063016,1.49011611938477e-08,1.49011611938477e-08,1.81993661672349,1.72525520516766,1.23450160145402,3.73528882782572,6,25
0.482,200,25,608.858408398912,180.408595929466,608.858408398912,13746.1905144866,13550.5104657715,14453.7264495972,63.6903946404686,38.8931422878737,51.8356772710511,-378.923647623244,-154.359014214878,1.49011611938477e-08,1.49011611938477e-08,1.84279727555702,1.9997066828029,1.84166575539707,2.9812166551519,6,25
0.483,200,25,558.318078035656,154.486496177127,558.318078035656,13334.2369155065,13900.6726182774,14482.7768808174,63.1063953970514,33.322506998625,50.7766117684541,-351.861962481563,-48.0463123925887,1.49011611938477e-08,1.49011611938477e-08,1.92061454272465,2.22087827671817,2.35594447076016,2.51168032546113,6,25
0.484,200,25,502.101742844311,250.670561709377,502.101742844311,13347.2317781459,14229.7480172134,14073.3122503143,63.7025215379904,29.3565433937316,49.2367526542539,-467.30623195223,4.30696605447021,1.49011611938477e-08,1.49011611938477e-08,1.95089882483076,2.12758757653049,2.74065308628291,2.33281722034287,6,25
0.485,200,25,503.059316013369,247.431369354768,503.059316013369,13786.2274904993,14112.9639016831,13732.4052016043,64.8711796292667,29.8879215026172,47.1168902346007,-666.56547002587,-94.4535422442924,1.49011611938477e-08,1.49011611938477e-08,1.93394333025384,1.81151657283022,1.03598333492776,2.60438207384419,6,25
0.486,200,25,516.169023464199,236.92210577341,516.169023464199,14109.1123048932,13688.6121196459,13914.1392827184,65.2475562884636,34.5233341681752,44.8571128511625,-763.467831187276,-323.279168375662,1.49011611938477e-08,1.49011611938477e-08,1.82287400467638,1.6591942757084,1.49011611938477e-08,3.12237366365517,6,25
0.487,200,25,511.281446176861,236.981272645988,511.281446176861,13944.3757060292,13481.0933850351,14382.3228285656,64.0803357428284,39.6377078969082,42.766536679431,-695.470925880124,-526.183969375131,1.49011611938477e-08,1.49011611938477e-08,1.80687704358217,1.712032154879,1.49011611938477e-08,2.70291825395342,6,25
0.488,200,25,467.532046192985,245.094956556735,467.532046192985,13528.8360620039,13760.9788783305,14556.1241835965,61.7176931232831,43.3493892654537,40.9986361598556,-569.593598400332,-577.738014856328,1.49011611938477e-08,1.49011611938477e-08,1.8955869466072,1.78399732780208,1.49011611938477e-08,2.44354371088066,6,25
0.489,200,25,377.176433197417,244.607688395376,377.176433197417,13415.5794209261,14161.6610543064,14231.1847774359,59.9325385254927,45.3170722563069,40.8065618218038,-495.244241103321,-491.914044656616,1.49011611938477e-08,1.49011611938477e-08,1.94655897096629,1.64534494278699,1.49011611938477e-08,3.76064663121295,6,25
0.49,200,25,260.140346371463,243.089426105887,260.140346371463,13768.5370815952,14176.1034103601,13819.5870094736,60.026431880431,45.8729542303326,42.4907394253551,-490.415848876963,-336.354731395635,1.49011611938477e-08,1.49011611938477e-08,1.94383864479299,1.37288237645928,0.0677352155768274,23.6379437262992,6,25
0.491,200,25,240.057454974154,240.208793357298,240.057454974154,14139.5479261167,13786.2849687117,13846.0021822061,61.4129440991839,45.3978645018608,45.3114412523143,-506.526591726409,-212.223636602123,1.49011611938477e-08,1.49011611938477e-08,1.8370810695536,1.32020323429245,0.639747274749292,5.90642013825986,6,25
0.492,200,25,414.045994653843,234.618559968791,414.045994653843,14090.0316011595,13479.9708828501,14278.6235753357,61.8688277934156,44.1182123032553,48.0668022887821,-465.067612008133,-162.856048589194,1.49011611938477e-08,1.49011611938477e-08,1.78023835628024,1.60248430098377,1.13552558104781,4.2579475959781,6,25
0.493,200,25,653.236829959233,-13871.0929590372,653.236829959233,13715.1408113787,13658.1183628107,14584.5190380014,59.0255685005964,42.2580130669438,49.0009573650304,-368.789774884106,-167.903309296367,1.49011611938477e-08,1.49011611938477e-08,1.86320262083853,2.13169711319979,1.66322972330153,5.17273219913455,6,25
0.494,200,25,641.063046103912,-7361.30594263123,641.063046103912,13516.4436648291,14083.6591807925,14419.4128242623,52.6586854373191,40.6156571686315,47.3865226837983,-322.485714159896,-155.178052014876,1.49011611938477e-08,1.49011611938477e-08,1.93932432258413,2.46272053560904,1.93324058707539,7.12734078827076,6,25
0.495,200,25,608.117855269899,-937.066660068386,608.117855269899,13766.5758116751,14209.2639667054,14022.7254689986,44.857184962334,39.9568841890349,43.9460865457496,-416.093653236569,-65.4316596392868,1.49011611938477e-08,1.49011611938477e-08,1.95847590939947,1.65238127600143,1.51224401950201,4.94885426113032,6,25
0.496,200,25,478.34038738473,218.949694132992,478.34038738473,14139.3332626037,13876.7430331999,13919.6102092765,41.8968588938764,40.7325457728212,41.5346665993035,-627.648075870982,49.2938213259286,1.49011611938477e-08,1.49011611938477e-08,1.87722183784311,0.592242688663328,0.864033920466102,1.96100401530676,6,25
0.497,200,25,231.819893422448,221.246623068218,231.819893422448,14162.7631407633,13491.9636584776,14266.807967517,46.9552781944485,42.5639418013618,42.3071498740103,-824.833290729935,91.8879108956,1.49011611938477e-08,1.49011611938477e-08,1.7870970963939,1.49011611938477e-08,0.372058423638239,1.27461416688822,6,25
0.498,200,25,165.398283613873,218.911905439566,165.398283613873,13782.7858378583,13550.4081940845,14591.2930593125,54.3592264666537,44.3251479195072,44.8919236012085,-870.066316334813,53.5467377164271,1.49011611938477e-08,1.49011611938477e-08,1.8438348193043,0.318791085971522,1.49011611938477e-08,1.51763966061622,6,25
0.499,200,25,348.308319323301,213.51869851195,348.308319323301,13437.9449924435,13978.5322184388,14431.6853245188,61.3413560056017,45.4972733880326,48.4264857085624,-849.580999981869,-23.4368008873023,1.49011611938477e-08,1.49011611938477e-08,1.92671589114813,0.701562593462448,1.49011611938477e-08,2.07876051163039,6,25
0.5,200,25,652.230806170488,-12348.6472698291,652.230806170488,13597.7013296236,14241.9128598818,13993.9642623571,65.3452803345327,45.9038604590983,51.0310252916118,-764.858491998876,-174.426128727009,1.49011611938477e-08,1.49011611938477e-08,1.95377177286975,1.12867005823152,0.102929069429944,3.19821242475794,6,25
0.501,200,25,637.563770827358,-5886.23000570699,637.563770827358,13984.8079441085,14030.6029289035,13796.4572356702,65.4654020479628,45.026799785472,51.7646524182942,-621.597141248571,-288.30981186232,1.49011611938477e-08,1.49011611938477e-08,1.90482594186244,1.53383230660304,0.665444247375222,4.3293627617693,6,25
0.502,200,25,609.038924617711,-298.040385672554,609.038924617711,14042.7395764484,13628.0753709554,14046.5220674682,64.3465391342335,42.2182839093596,51.754357544254,-476.123768671341,-257.901168029435,1.49011611938477e-08,1.49011611938477e-08,1.81716557756087,1.79888569066294,1.2286897118375,3.83799896299994,6,25
0.503,200,25,610.957083175213,-1119.96535879652,610.957083175213,13718.5850922037,13563.2325389891,14456.5337508823,63.414003925873,37.6075663510246,51.185337972339,-370.963693186625,-153.417085881893,1.49011611938477e-08,1.49011611938477e-08,1.84731466574271,2.05761577957542,1.83361327354201,3.00683440322954,6,25
0.504,200,25,560.639026656188,91.1068769309516,560.639026656188,13319.3984386917,13926.8074780311,14457.4788140763,63.0123433332589,32.4367128987285,50.0500289094902,-357.831977780788,-51.308301251947,1.49011611938477e-08,1.49011611938477e-08,1.9235629203267,2.25516366375728,2.38101762006876,2.52589483889781,6,25
0.505,200,25,497.280217824571,187.57244383294,497.280217824571,13364.117420491,14235.4014838755,14035.4743375925,63.7392978417917,29.2402287146682,48.4600031520832,-484.717818852583,-10.7876380712306,1.49011611938477e-08,1.49011611938477e-08,1.95195137078174,2.13660678312264,2.56285112785842,2.37003174546385,6,25
0.506,200,25,486.036491087349,186.819925742623,486.036491087349,13810.886637791,14092.4178919731,13719.3717544045,64.9779518048033,30.690618492664,46.399840772998,-676.01928803144,-113.411033877886,1.49011611938477e-08,1.49011611938477e-08,1.92986248103896,1.8126826534252,0.920582164550017,2.65747665478796,6,25
0.507,200,25,505.564777138882,178.693493492924,505.564777138882,14108.3686355703,13666.1403729142,13929.7185907497,65.3707757507509,35.7211593875706,44.2885767992713,-771.744389041519,-352.039820174443,1.49011611938477e-08,1.49011611938477e-08,1.81873173317864,1.66078690548822,1.49011611938477e-08,3.04180524740144,6,25
0.508,200,25,506.116036593964,175.297999806419,506.116036593964,13913.5956338154,13483.0899538006,14395.085171274,64.267759636792,40.9303371715455,42.3436483529824,-698.772657438544,-544.048009803138,1.49011611938477e-08,1.49011611938477e-08,1.81165435982212,1.70509048816165,1.49011611938477e-08,2.56494426398862,6,25
0.509,200,25,468.440103109418,179.457474938466,468.440103109418,13502.0561464855,13784.6066739009,14542.6511660489,61.9887369993729,44.646814261211,40.6888777410823,-575.127761121584,-585.208711637883,1.49011611938477e-08,1.49011611938477e-08,1.90062846525622,1.75891996247311,1.49011611938477e-08,2.37322000589036,6,25
0.51,200,25,379.549214598511,178.470824806635,379.549214598511,13418.4071850403,14174.8910821834,14200.158422851,60.2329542792351,46.6102060994339,40.4731317870009,-502.592857940013,-493.836905343671,1.49011611938477e-08,1.49011611938477e-08,1.94808417485587,1.60111646224241,1.49011611938477e-08,3.7407306401769,6,25
0.511,200,25,270.344036223491,176.426140541188,270.344036223491,13788.1714959907,14160.5713342278,13801.5476811313,60.3334857213839,47.147852572103,42.1547113337416,-496.894217647459,-345.10425567407,1.49011611938477e-08,1.49011611938477e-08,1.94119457985527,1.33525406137289,0.116907202114,22.1419807630492,6,25
0.512,200,25,260.561208711616,173.361671876119,260.561208711616,14144.0210721316,13759.4391950811,13858.9200547546,61.6275493416697,46.6644135594403,44.9491951545682,-508.848248525841,-217.494227265463,1.49011611938477e-08,1.49011611938477e-08,1.83086114847131,1.30846581114147,0.665195398814358,5.82459388259471,6,25
0.513,200,25,442.190077720437,168.142267654196,442.190077720437,14068.61798873,13474.3646691465,14300.5125415341,61.8527334445491,45.3861850492389,47.595756780446,-460.194683677503,-172.483660400713,1.49011611938477e-08,1.49011611938477e-08,1.78288356478334,1.61411204172097,1.17219585909604,4.32689879140033,6,25
0.514,200,25,651.378514657628,167.039496055108,651.378514657628,13689.52172313,13678.8831992664,14585.2027743262,58.6510955146603,43.5345351496202,48.2891794742418,-362.524090264737,-176.44920145873,1.49011611938477e-08,1.49011611938477e-08,1.8694591417425,2.15184554546911,1.71122737993607,5.32596751854589,6,25
0.515,200,25,641.052626357212,162.511548070723,641.052626357212,13514.5868918811,14101.1953333054,14395.9112218086,52.0505851310806,41.9433314190112,46.4848751066998,-324.899894628155,-156.74112158484,1.49011611938477e-08,1.49011611938477e-08,1.94189355274156,2.43905282507925,1.95819781339207,7.2076720775578,6,25
0.516,200,25,601.786405436833,-195.205404301348,601.786405436833,13784.4664131171,14198.346771856,14002.2513180582,44.2975697754374,41.3491806474898,42.9712114457364,-423.844001607024,-64.5343858821505,1.49011611938477e-08,1.49011611938477e-08,1.95740086101052,1.55533787240606,1.4906605187738,4.61065154381305,6,25
0.517,200,25,453.005486759459,155.19834549612,453.005486759459,14147.610194765,13848.1018877881,13927.3455497222,41.9220230077398,42.190717924805,40.7268532457059,-654.105463856811,57.0279477064733,1.49011611938477e-08,1.49011611938477e-08,1.87061188273793,0.510039857331022,0.835912907350535,1.79688621244541,6,25
0.518,200,25,206.289290910769,154.804883135833,206.289290910769,14148.6139427843,13478.6808987785,14292.2586618411,47.4359779217125,44.0102823703597,41.7361712914865,-846.776336264324,93.1022327978377,1.49011611938477e-08,1.49011611938477e-08,1.78705514517568,1.49011611938477e-08,0.338036112486115,1.2123238381917,6,25
0.519,200,25,162.921888286816,152.006193184542,162.921888286816,13752.5389680001,13565.8253253421,14597.1349879343,54.9265056179336,45.7055915680119,44.4561028176392,-884.537447178149,49.767970612604,1.49011611938477e-08,1.49011611938477e-08,1.84970814584974,0.27435687248841,1.49011611938477e-08,1.50328286191059,6,25
0.52,200,25,389.25927743234,146.903951131029,389.25927743234,13431.8715424593,14000.785559538,14413.1819928721,61.8468426738295,46.8125272782138,48.0870942247436,-859.516621091987,-33.6446025771798,1.49011611938477e-08,1.49011611938477e-08,1.92969011754197,0.680321075865608,1.49011611938477e-08,2.10543093712518,6,25
0.521,200,25,657.336039250101,-14067.0592580756,657.336039250101,13617.4629986402,14239.5067666779,13975.0513887988,65.6153904508585,47.1005669867382,50.6710271391116,-774.893414794572,-178.333253658175,1.49011611938477e-08,1.49011611938477e-08,1.95398932524225,1.10514243859769,0.137134110067764,3.24841622545922,6,25
0.522,200,25,638.237144189999,-5335.00768765719,638.237144189999,14000.4118708481,14005.5534157802,13802.7832121363,65.5418940070875,46.0049240591046,51.3511065358167,-619.463816137155,-290.00996103917,1.49011611938477e-08,1.49011611938477e-08,1.89934044324206,1.49916051340467,0.70125264609775,4.29007149709803,6,25
0.523,200,25,610.889567377943,-351.242144125,610.889567377943,14034.4890011763,13609.6357672683,14075.3031987884,64.328796117465,42.8953104697413,51.3166748667332,-471.966864159439,-249.193942016352,1.49011611938477e-08,1.49011611938477e-08,1.81487477494518,1.76427871297215,1.27982874316877,3.70066593776482,6,25
0.524,200,25,611.771889817592,-959.727042456862,611.771889817592,13692.6637655695,13573.1939695961,14474.5910860165,63.3045568599136,38.0691457039596,50.7003678309448,-366.405358731973,-144.964373944977,1.49011611938477e-08,1.49011611938477e-08,1.85174033927658,2.03294918421814,1.88091325010695,2.92713740183695,6,25
0.525,200,25,554.771590229527,57.202331686384,554.771590229527,13308.1750416241,13949.5770389797,14447.5614770856,62.8475638163681,32.7131699851131,49.5691698141648,-358.009674356095,-44.0374896467438,1.49011611938477e-08,1.49011611938477e-08,1.9261180601054,2.22858682024409,2.42196663431774,2.47700133786214,6,25
0.526,200,25,498.64528101639,122.177996236931,498.64528101639,13382.8429042545,14241.678733185,14016.2901498799,63.5489470017672,29.3319706846413,47.9973981257605,-481.129026033576,-5.92920021282987,1.49011611938477e-08,1.49011611938477e-08,1.95265471978038,2.09483610358391,2.54275197479465,2.33631846163447,6,25
0.527,200,25,502.312109230086,118.229802553001,502.312109230086,13837.7431844133,14072.1344470699,13722.865396456,64.7227913921944,30.5875922002604,45.9442215567025,-679.449335589494,-117.107277991179,1.49011611938477e-08,1.49011611938477e-08,1.92488439462225,1.77510779862084,0.891018372220176,2.65231152500229,6,25
0.528,200,25,506.572259788622,113.676058438199,506.572259788622,14111.4799889644,13643.5198371701,13960.6021845385,65.0521431802263,35.4637549242604,43.8791011598883,-764.84574458284,-356.419272102491,1.49011611938477e-08,1.49011611938477e-08,1.81349292904529,1.63491833650411,1.49011611938477e-08,3.08200481044058,6,25
0.529,200,25,496.150231675376,113.504626586938,496.150231675376,13894.1049535382,13488.4889132422,14421.9750222365,63.9164712116489,40.4725291230377,41.9873902846815,-686.352268790835,-538.064917797248,1.49011611938477e-08,1.49011611938477e-08,1.81527019934997,1.68282012224935,1.49011611938477e-08,2.63188650735956,6,25
0.53,200,25,448.500046460894,114.634808073051,448.500046460894,13484.9824332756,13809.7763747345,14537.3442575466,61.7395097736791,43.9918622594846,40.4598661789346,-566.863245871169,-568.463451836063,1.49011611938477e-08,1.49011611938477e-08,1.9047718785992,1.72645555258416,1.49011611938477e-08,2.51079926059168,6,25
0.531,200,25,354.234522752823,112.508925315909,354.234522752823,13430.4024724116,14188.0107488194,14174.7440591742,60.2199720373353,45.7994481597708,40.4342815768483,-503.002632843923,-480.051712643475,1.49011611938477e-08,1.49011611938477e-08,1.94926929797274,1.56566431970078,1.49011611938477e-08,4.17592492500162,6,25
0.532,200,25,247.842052601224,110.024127953176,247.842052601224,13815.1736810135,14146.5900574807,13791.1287351051,60.467262193166,46.2388037159418,42.2030420389099,-498.09395304782,-329.469251275299,1.49011611938477e-08,1.49011611938477e-08,1.93752865284116,1.32877416952389,0.177975831709397,23.7339636359866,6,25
0.533,200,25,246.982174627829,106.859760670681,246.982174627829,14154.4233509399,13737.1454715142,13878.430048406,61.6656732942744,45.6683059466097,44.9646909733154,-503.592445509424,-212.784868391971,1.49011611938477e-08,1.49011611938477e-08,1.82386749428497,1.33796080179427,0.697188247325878,5.56119162092687,6,25
0.534,200,25,431.899638082532,104.548049035031,431.899638082532,14053.2086118534,13474.7819183318,14327.0660883178,61.5338813018868,44.2846909286995,47.425012572147,-444.599530754629,-175.983875182967,1.49011611938477e-08,1.49011611938477e-08,1.78495684539182,1.67288602896257,1.20877152506343,4.40833022307494,6,25
0.535,200,25,659.458100196756,-14827.482143806,659.458100196756,13668.568203896,13704.0245413762,14585.0008335384,57.9900829223732,42.3656244638503,47.9482617610373,-346.271262601468,-181.276291897787,1.49011611938477e-08,1.49011611938477e-08,1.87498616616272,2.22644480603183,1.74197325580971,5.57273762221955,6,25
0.536,200,25,642.279752907701,-6085.98505650369,642.279752907701,13517.9381604779,14121.1470741336,14371.7050183003,51.0919370188276,40.7672465697507,45.9735645934198,-314.52408648485,-160.965796317434,1.49011611938477e-08,1.49011611938477e-08,1.94415157851631,2.4799313492479,1.95558253447101,7.57428799718908,6,25
0.537,200,25,598.954723390869,-245.946660446595,598.954723390869,13806.2487192435,14191.6088689852,13982.6408085687,43.3293852325952,40.2645326194449,42.3723803949563,-425.231766342023,-61.5453363652938,1.49011611938477e-08,1.49011611938477e-08,1.95583379661313,1.51268140754637,1.44741976739467,4.55791467832927,6,25
0.538,200,25,440.027128206035,104.376646483881,440.027128206035,14159.2943433737,13825.3035919629,13935.4665920418,41.4243686354639,41.2411775192737,40.2433397367262,-658.865647114726,57.2627194015669,1.49011611938477e-08,1.49011611938477e-08,1.8631497357645,0.471769011903009,0.794346424289143,1.76500148009314,6,25
0.539,200,25,189.262539329228,106.15662750353,189.262539329228,14133.4143677294,13471.7344873002,14314.0692934442,47.3721006269858,43.1828859496753,41.4052296831377,-843.323071559889,85.9726779675489,1.49011611938477e-08,1.49011611938477e-08,1.78668303067908,1.49011611938477e-08,0.291508622368406,1.23649481490159,6,25
0.54,200,25,159.896976028115,106.337026411252,159.896976028115,13724.2690322077,13588.539706831,14594.438696467,54.9425704208634,44.9322172402403,44.1750054286322,-872.792120301366,41.5946804891268,1.49011611938477e-08,1.49011611938477e-08,1.85550347969823,0.3243427640342,1.49011611938477e-08,1.54218510203656,6,25
0.541,200,25,385.876396003802,104.976219627673,385.876396003802,13429.0319066341,14026.3640483975,14386.2445045387,61.8266347899312,46.0519879886129,47.8060387818831,-846.290057398102,-39.5389250209004,1.49011611938477e-08,1.49011611938477e-08,1.93224815404565,0.725208301511122,1.49011611938477e-08,2.17434693058397,6,25
0.542,200,25,657.927194309158,-13325.0776085684,657.927194309158,13640.3465220274,14241.3692649454,13949.5343722633,65.4317929516875,46.3364362858379,50.2874066603486,-754.301620853223,-192.924546710138,1.49011611938477e-08,1.49011611938477e-08,1.95356449001163,1.15629632222926,0.119159261837369,3.36581467161332,6,25
0.543,200,25,637.886341931093,-4883.57407234976,637.886341931093,14015.6669884773,13984.9906413481,13803.0361689122,65.2857319062103,45.2591386912942,50.8946369244248,-598.393740035145,-298.178447926249,1.49011611938477e-08,1.49011611938477e-08,1.89333988568204,1.55167875468912,0.70434305666467,4.38981474588547,6,25
0.544,200,25,612.555040818257,-386.766590720188,612.555040818257,14021.7705679194,13595.8990973422,14091.5015153621,64.1894580747316,42.2160247176977,50.8699317518635,-459.16016412718,-248.407898482044,1.49011611938477e-08,1.49011611938477e-08,1.81359009165097,1.80498157974312,1.2879212125339,3.70360241850664,6,25
0.545,200,25,612.977861481508,-30.6581099021228,612.977861481508,13664.0245942378,13588.036741546,14477.8520527692,63.2472585627547,37.4842034201508,50.2345137456562,-361.728032228545,-141.98176800838,1.49011611938477e-08,1.49011611938477e-08,1.85681004389712,2.06821865510767,1.89284795547173,2.90842540388098,6,25
0.546,200,25,558.02767758941,24.1925815925037,558.02767758941,13296.0132343236,13974.1824736334,14422.2886655755,62.882521198374,32.4135593935937,49.0798475761064,-361.161513212781,-48.9464598600428,1.49011611938477e-08,1.49011611938477e-08,1.92878730194614,2.24935780418984,2.47174730358187,2.4719696796361,6,25
0.547,200,25,499.308142039891,99.3246564182443,499.308142039891,13401.9350749025,14243.7233031601,13981.7733659175,63.6572384287728,29.6557191228706,47.506023382408,-498.227435220503,-17.8800210831663,1.49011611938477e-08,1.49011611938477e-08,1.95360313236341,2.09533348131767,2.39045312618524,2.36400831350543,6,25
0.548,200,25,479.519214777133,102.609304939246,479.519214777133,13861.3741869961,14049.044179786,13714.9714384459,64.8863022256597,31.6099943371568,45.5362322090233,-698.337940734002,-142.449874330379,1.49011611938477e-08,1.49011611938477e-08,1.92005363549099,1.76802365803249,0.791748297830264,2.69475588850263,6,25
0.549,200,25,498.859226158917,99.5220373184033,498.859226158917,14108.0057787749,13621.7146356329,13979.1830078301,65.2383891423465,36.7575253379955,43.6009494430014,-774.988915656089,-382.604016383163,1.49011611938477e-08,1.49011611938477e-08,1.81016766900957,1.62738073138733,1.49011611938477e-08,2.99637326444049,6,25
0.55,200,25,492.560298343134,100.796114875356,492.560298343134,13863.6391527825,13493.1104982804,14434.2667623253,64.1628084484517,41.8321398538519,41.8212398332348,-692.736328150335,-555.397190735261,1.49011611938477e-08,1.49011611938477e-08,1.82044087893369,1.66720302726257,1.49011611938477e-08,2.50734222024245,6,25
0.551,200,25,449.598243185546,104.173425916162,449.598243185546,13462.5921288936,13833.0379649976,14521.670742841,62.0735566054915,45.3534112625529,40.4153128615808,-580.395080447214,-578.947172015325,1.49011611938477e-08,1.49011611938477e-08,1.90924897338613,1.69400549460528,1.49011611938477e-08,2.44753467446723,6,25
0.552,200,25,364.00966761769,105.107113562842,364.00966761769,13437.5119913335,14197.4671284403,14143.2764760187,60.6433633395765,47.1544038704064,40.4622935357403,-513.263932779018,-483.044823896529,1.49011611938477e-08,1.49011611938477e-08,1.95048592512477,1.52138032961845,1.49011611938477e-08,4.17911915539195,6,25
0.553,200,25,251.610019902895,105.784040931501,251.610019902895,13835.947297625,14127.9434165845,13776.2025706515,60.9324458300647,47.5644180591146,42.2981156444987,-507.463917738407,-331.56505653874,1.49011611938477e-08,1.49011611938477e-08,1.93389238068618,1.30016486751907,0.183642872050685,21.5059771848074,6,25
0.554,200,25,264.567054715232,105.711241975198,264.567054715232,14157.1410166905,13711.0490879658,13893.7744341221,62.0315294843533,46.9643474564945,45.0768512557482,-506.02656614271,-218.73832610946,1.49011611938477e-08,1.49011611938477e-08,1.8181152299073,1.33732481811226,0.719299686505514,5.55814153826105,6,25
0.555,200,25,461.945798571951,103.814437262017,461.945798571951,14029.8522524083,13472.4874044438,14346.5650527977,61.6531188948181,45.5483868236286,47.4600890434046,-439.773479518601,-184.821895181223,1.49011611938477e-08,1.49011611938477e-08,1.78854253096151,1.69471431235091,1.24621133684112,4.51510983075919,6,25
0.556,200,25,653.283190702753,105.417232214535,653.283190702753,13644.7837237771,13726.0423311738,14581.5303195332,57.7547104671963,43.6176551209571,47.8099717058576,-345.476878687398,-188.384435632192,1.49011611938477e-08,1.49011611938477e-08,1.88092814194841,2.25445314956328,1.79055939923972,5.75985581988091,6,25
0.557,200,25,640.16726776856,104.499077359379,640.16726776856,13519.397609122,14136.0649918137,14345.7991678894,50.632985583596,42.072342469806,45.7073742402771,-318.977664598195,-162.20350225127,1.49011611938477e-08,1.49011611938477e-08,1.94644113079582,2.45782074537642,1.97149396835938,7.69124408010905,6,25
0.558,200,25,591.814634442785,-175.138381062789,591.814634442785,13825.1509701803,14178.2093702888,13963.4512668054,42.9619596721747,41.6567069368082,42.0978926510166,-443.81388661212,-56.3865966851487,1.49011611938477e-08,1.49011611938477e-08,1.9541585452829,1.42937652852331,1.41623487948021,4.34374812987694,6,25
0.559,200,25,420.181765340557,104.669433545289,420.181765340557,14165.545190902,13797.1131376979,13945.1531534485,41.6166574243981,42.7078571774124,40.1490541688909,-684.134606963198,60.016394916861,1.49011611938477e-08,1.49011611938477e-08,1.85665590378614,0.403473323695235,0.761593156193998,1.67393278914696,6,25
0.56,200,25,180.286906378707,106.210332464777,180.286906378707,14116.5442143954,13462.0029402518,14337.7788468405,47.8755257314665,44.6479807466731,41.4509821430837,-860.98474911994,81.4687783071161,1.49011611938477e-08,1.49011611938477e-08,1.78768779844942,1.49011611938477e-08,0.241190615166684,1.22019486026532,6,25
0.561,200,25,171.945208018288,106.268922676545,171.945208018288,13694.8211935395,13607.0437072491,14596.4882522422,55.4794139642766,46.3684356501592,44.2347225310228,-883.689928279683,34.7219861870395,1.49011611938477e-08,1.49011611938477e-08,1.86124314434969,0.30803961393004,1.49011611938477e-08,1.56941562829511,6,25
0.562,200,25,417.453094752639,104.719879571695,417.453094752639,13425.954391634,14047.5328848721,14365.4947014028,62.2651262203061,47.4573392075311,47.8233626618219,-851.670854657329,-54.6866468611352,1.49011611938477e-08,1.49011611938477e-08,1.93479662021621,0.720922470233031,1.49011611938477e-08,2.24407644711476,6,25
0.563,200,25,658.069177916721,-13478.2946927344,658.069177916721,13661.0345713707,14236.5707572776,13931.6488848436,65.6219406580308,47.6557435671764,50.1625475381489,-752.20327140965,-206.851568398339,1.49011611938477e-08,1.49011611938477e-08,1.95310610060817,1.14848133824676,0.151986872900576,3.45161785129768,6,25
0.564,200,25,635.254108687644,-4274.97861812984,635.254108687644,14029.1553581805,13960.3139591872,13812.0738303536,65.3036214200484,46.3754244392534,50.6775413504085,-590.523387888731,-297.75886101782,1.49011611938477e-08,1.49011611938477e-08,1.88732901799372,1.5328369354164,0.744317306084004,4.34745756569136,6,25
0.565,200,25,615.006960296437,-417.084806287755,615.006960296437,14017.1364308476,13581.4397273921,14127.8664408443,64.1219135156051,43.0451773441974,50.6053595105459,-448.783451782506,-237.372772415334,1.49011611938477e-08,1.49011611938477e-08,1.8118202377111,1.78946716518076,1.34637723669865,3.56590454691478,6,25
0.566,200,25,606.349941481043,-383.769996437477,606.349941481043,13643.0964917448,13602.408637859,14498.0927368835,63.0962574631258,38.1208167942327,49.8885478807095,-352.351657492374,-135.973445086971,1.49011611938477e-08,1.49011611938477e-08,1.86115444489059,2.07202728497041,1.93978726061988,2.84241876065346,6,25
0.567,200,25,540.198444523721,68.378378145458,540.198444523721,13292.5804725874,13997.9750701561,14414.1248534103,62.7561465938728,32.9185155263324,48.7218857379393,-354.403480245204,-36.502944931351,1.49011611938477e-08,1.49011611938477e-08,1.93084528014293,2.25264106289249,2.51578560778693,2.42865966984006,6,25
0.568,200,25,485.678050117717,101.897719868969,485.678050117717,13427.07077273,14247.7991905845,13968.028377179,63.6390831849405,30.0423213224242,47.1413554803314,-499.42439458589,-5.40314634235748,1.49011611938477e-08,1.49011611938477e-08,1.95395125802581,2.06788275186513,2.42392580198062,2.32250329877929,6,25
0.569,200,25,489.69672330038,101.255431126161,489.69672330038,13889.6371181655,14028.8205554517,13727.044551116,64.9426082828456,31.810296872737,45.0929660317975,-700.049707637611,-132.252209344738,1.49011611938477e-08,1.49011611938477e-08,1.91405575844829,1.72581151010122,0.782678248086159,2.67153136285117,6,25
0.57,200,25,508.469449285544,96.5857998896331,508.469449285544,14110.2449470108,13603.3405256519,14015.9642431805,65.3585882180953,36.768884686794,43.001166237427,-771.366905792315,-368.690343468452,1.49011611938477e-08,1.49011611938477e-08,1.80574536279019,1.5802544951963,1.49011611938477e-08,3.08604352215674,6,25
0.571,200,25,504.587756403423,97.8627530672549,504.587756403423,13845.8692461708,13503.9856168425,14463.6588965268,64.3333486434977,41.6330898689356,41.0351816089725,-693.186587684406,-526.738286561537,1.49011611938477e-08,1.49011611938477e-08,1.82459126988779,1.60933017974558,1.49011611938477e-08,2.6777671933048,6,25
0.572,200,25,460.287336953054,103.81001709221,460.287336953054,13452.4399757983,13860.5017911374,14521.3152778101,62.353035050539,44.9631853409387,39.538810352798,-578.340801697435,-546.871326327581,1.49011611938477e-08,1.49011611938477e-08,1.91297892438787,1.6134148268823,1.49011611938477e-08,2.7044418992935,6,25
0.573,200,25,363.555297571002,105.109783018752,363.555297571002,13456.2118018813,14209.4194381,14128.4815712737,61.1084130037204,46.6125435963573,39.6862572261948,-516.948659352962,-446.419419796576,1.49011611938477e-08,1.49011611938477e-08,1.95161477548355,1.42874581928837,1.49011611938477e-08,5.12736572512945,6,25
0.574,200,25,262.391272435675,105.721887435219,262.391272435675,13863.028729437,14112.4535584045,13780.8364750145,61.5594368534986,46.9144825926923,41.7250495135772,-515.641505825714,-294.622479414902,1.49011611938477e-08,1.49011611938477e-08,1.92991071914976,1.23235174867036,0.221107568288669,14.5431531257326,6,25
0.575,200,25,276.379622910598,105.640492262681,276.379622910598,14163.3658402684,13689.9843759421,13927.2490111231,62.7166971025,46.2127535159889,44.6881219037239,-513.749601113312,-186.863136842709,1.49011611938477e-08,1.49011611938477e-08,1.81281619611912,1.30079173398864,0.750662875541521,4.51052131920378,6,25
0.576,200,25,474.708632726907,103.073673725635,474.708632726907,14012.481395935,13476.6625852407,14384.3566943697,62.2283467677194,44.6937039477872,47.0801113754626,-448.119105581867,-158.89384761134,1.49011611938477e-08,1.49011611938477e-08,1.79237512913221,1.67351948808379,1.28504888636441,3.94162355092909,6,25
0.577,200,25,653.205392601272,-10487.7496481874,653.205392601272,13626.682478943,13753.0853742612,14593.0517455526,58.2383784312036,42.6899560840424,47.3363860031774,-349.2237243245,-163.413489861164,1.49011611938477e-08,1.49011611938477e-08,1.88658760089747,2.22020050878681,1.82801473776628,5.02028892546612,6,25
0.578,200,25,639.525778946254,-5294.51406978451,639.525778946254,13527.0253128076,14153.8891576359,14335.6769843084,51.0738564304939,41.0851955417043,45.1254891632119,-328.76858917021,-132.775169062302,1.49011611938477e-08,1.49011611938477e-08,1.94853133138689,2.35966637790479,1.9902450386968,6.22208884143161,6,25
0.579,200,25,587.783921004462,-141.57037078728,587.783921004462,13848.4372481514,14168.0563458922,13961.305646624,43.6915280675188,40.6651091138,41.5504835637075,-462.576839797522,-23.0930229196138,1.49011611938477e-08,1.49011611938477e-08,1.95209000141958,1.3401417866104,1.40935584361052,3.46852535469734,6,25
0.58,200,25,410.279205868153,104.767892240463,410.279205868153,14175.8097750891,13774.4503006092,13970.9696165078,42.8002604717639,41.7310924754879,39.8396339394175,-703.440773339126,87.6116764935078,1.49011611938477e-08,1.49011611938477e-08,1.85012210174675,0.374352063337664,0.757095456435385,1.47609622488155,6,25
0.581,200,25,172.558887127325,106.256529217892,172.558887127325,14100.3080276093,13458.5953907255,14373.4941994696,49.1096350602091,43.6833622361459,41.3218474953235,-865.473164924202,101.797715370151,1.49011611938477e-08,1.49011611938477e-08,1.78922727313373,1.49011611938477e-08,0.260720764662335,1.14539977573951,6,25
0.582,200,25,180.325136819887,106.214755123284,180.325136819887,13661.9226087692,13631.5373677773,14598.0309848964,56.5617863594953,45.3638136016239,44.2353645612258,-887.656995915545,54.0796035653529,1.49011611938477e-08,1.49011611938477e-08,1.86784096965381,0.331556816213749,1.49011611938477e-08,1.47392949230297,6,25
0.583,200,25,434.767905453215,104.517393515313,434.767905453215,13421.7600116922,14071.5791504732,14345.4856852259,63.0757823318578,46.3964266523392,47.8345656212643,-854.159486988417,-39.7339711699384,1.49011611938477e-08,1.49011611938477e-08,1.93733790851983,0.734709876777621,1.49011611938477e-08,2.11225508549807,6,25
0.584,200,25,657.576966787763,105.912302637244,657.576966787763,13679.2980245765,14234.7085423054,13918.6167641672,66.0507446024153,46.5269138842743,50.0377335498763,-752.774484415645,-195.063069322701,1.49011611938477e-08,1.49011611938477e-08,1.95267688448406,1.15438720952991,0.258222911386084,3.21613804561521,6,25
0.585,200,25,632.701211540939,103.276419419577,632.701211540939,14035.7614277061,13936.6697107755,13824.9355309494,65.5046002264687,45.219961479856,50.4704140227309,-593.06010875922,-284.149326429386,1.49011611938477e-08,1.49011611938477e-08,1.88227553669519,1.52656482780573,0.78496613305381,4.01080584962859,6,25
0.586,200,25,616.446060151294,-434.458252218198,616.446060151294,13999.1966013065,13568.605397571,14154.9157756288,64.2998671963712,41.9246823258774,50.4633258580284,-462.75521459924,-229.405994556953,1.49011611938477e-08,1.49011611938477e-08,1.81247161548659,1.77375615172951,1.37457040012289,3.33633827217505,6,25
0.587,200,25,608.395859529117,-192.666775566461,608.395859529117,13610.9496802553,13618.2110491948,14508.1685013129,63.2189901312104,37.0309675737762,49.8548178208789,-363.926666303532,-126.503783002948,1.49011611938477e-08,1.49011611938477e-08,1.86699102388347,2.05213331450133,1.95918741961458,2.7227668442478,6,25
0.588,200,25,546.848833786639,55.672687048913,546.848833786639,13279.0139667365,14020.0931547638,14394.0895329569,62.8632664610616,31.984617669393,48.7997927801778,-373.579206873806,-32.0148030956558,1.49011611938477e-08,1.49011611938477e-08,1.93341454940468,2.21619492532007,2.54949384353682,2.37093188013125,6,25
0.589,200,25,492.437698767207,100.792505422874,492.437698767207,13443.8698512266,14246.2947219462,13940.6377988878,63.7307171854206,29.5465994094444,47.2923567764616,-526.162191223435,-12.4420781773736,1.49011611938477e-08,1.49011611938477e-08,1.95481785773483,2.02277167620107,2.22334263397179,2.31138835090803,6,25
0.59,200,25,485.497207064412,101.9456975259,485.497207064412,13909.167644148,14003.2453084228,13726.5661338612,64.9745618764678,31.879081625824,45.310399431561,-722.607812927404,-154.991023221546,1.49011611938477e-08,1.49011611938477e-08,1.90872720841778,1.70269179873816,0.701894817506042,2.69381217673496,6,25
0.591,200,25,504.334434729497,98.007761684394,504.334434729497,14104.3744195685,13582.9275653157,14039.6808738057,65.2015965086073,37.0815315473692,43.2509373050029,-778.445558898299,-385.010409586479,1.49011611938477e-08,1.49011611938477e-08,1.80310048005031,1.58739344407682,1.49011611938477e-08,3.02328699987982,6,25
0.592,200,25,496.903708767582,99.9190045111389,496.903708767582,13817.6437704573,13511.7413246265,14477.7681312861,63.9444206711745,41.9908256240251,41.2812084238377,-687.918971657157,-547.970159494491,1.49011611938477e-08,1.49011611938477e-08,1.82981759875998,1.63525669686521,1.49011611938477e-08,2.56046179953146,6,25
0.593,200,25,449.836013649577,104.166070971253,449.836013649577,13435.1195395289,13883.3315968656,14504.0597426639,61.800366415002,45.2848160536016,39.883990288772,-572.578333349639,-557.493675759733,1.49011611938477e-08,1.49011611938477e-08,1.91680141951216,1.63957629471006,1.49011611938477e-08,2.63631814349689,6,25
0.594,200,25,357.44743775253,105.145401265501,357.44743775253,13468.3986403147,14214.8424428195,14096.0400187495,60.550228463297,46.896065187456,40.174123610275,-515.205232037392,-449.614070878312,1.49011611938477e-08,1.49011611938477e-08,1.95244877722503,1.44441528789598,1.49011611938477e-08,5.10691064311914,6,25
0.595,200,25,250.348851723197,105.793994771007,250.348851723197,13886.9790627884,14091.1789677198,13768.1982551223,61.0375465449047,47.1722796308893,42.2407631902567,-516.595043944472,-297.752590300686,1.49011611938477e-08,1.49011611938477e-08,1.92496983291165,1.24514485830493,0.276391399496159,14.9862968016307,6,25
0.596,200,25,277.915018307266,105.634484676482,277.915018307266,14166.7235763492,13664.866086983,13943.5573242373,62.1357170853688,46.4791029479282,45.1255077469536,-512.950903892196,-198.850913812916,1.49011611938477e-08,1.49011611938477e-08,1.80702408170085,1.3215264219927,0.777201821094387,4.75068992308025,6,25
0.597,200,25,494.362900132878,100.67363881381,494.362900132878,13990.5787128741,13477.3966213784,14399.8411551089,61.4859753769397,44.985223227528,47.3842889184635,-442.02948919452,-171.749752889998,1.49011611938477e-08,1.49011611938477e-08,1.7960307055582,1.7039003364681,1.30610154909692,4.22420124098437,6,25
0.598,200,25,653.838228395099,105.489269631527,653.838228395099,13608.0270670192,13775.6885776889,14583.4907759246,57.2526622344898,43.0419872932778,47.4808618138478,-345.807825006328,-175.944263615905,1.49011611938477e-08,1.49011611938477e-08,1.89167335799783,2.24618530893633,1.83244576319554,5.47664369392906,6,25
0.599,200,25,637.800409073976,104.309534352539,637.800409073976,13534.7178263738,14165.9588025038,14306.001119109,49.9314994408204,41.5645249069071,45.1367526848773,-334.611460251789,-141.181782992718,1.49011611938477e-08,1.49011611938477e-08,1.95037939687911,2.32483487423306,1.93876126155446,6.80027747698165,6,25
0.6,200,25,581.982588665524,-98.3028133741353,581.982588665524,13870.9728570978,14151.9030836123,13941.5550680252,42.7039629673429,41.2856287899752,41.5703505429342,-478.728493642349,-28.0667491129575,1.49011611938477e-08,1.49011611938477e-08,1.94927003670456,1.25911590277609,1.34273126768443,3.52472272755672,6,25
0.601,200,25,394.445989890628,104.897338201472,394.445989890628,14183.0963849924,13746.6894063571,13980.1814544451,42.4312086149745,42.4651595029052,40.0477300830332,-707.469148373133,74.4842722786348,1.49011611938477e-08,1.49011611938477e-08,1.8429404214673,0.30875164620716,0.71448306888957,1.48241206338047,6,25
0.602,200,25,168.357291338011,106.281754262226,168.357291338011,14084.0133745244,13452.397960005,14392.1474281659,49.0353980817266,44.4352289197229,41.6144911839405,-868.890306310157,85.8854734771103,1.49011611938477e-08,1.49011611938477e-08,1.79035231675117,1.49011611938477e-08,0.212809539481992,1.19543139995355,6,25
0.603,200,25,194.301860832932,106.135682042278,194.301860832932,13638.095573254,13652.7016376351,14594.0768172818,56.503445650836,46.1042247352156,44.4886913904265,-882.826146060468,34.8433102963318,1.49011611938477e-08,1.49011611938477e-08,1.87279770567589,0.358929870942237,1.49011611938477e-08,1.56503700506243,6,25
0.604,200,25,457.019250371263,104.015167580827,457.019250371263,13425.4238283579,14091.3132414233,14320.4797157789,62.9147240157697,47.1227455546022,47.9692697819275,-843.387871114405,-63.2025338828265,1.49011611938477e-08,1.49011611938477e-08,1.93930740361037,0.76424306459716,1.49011611938477e-08,2.26218974655745,6,25
0.605,200,25,655.746619257074,-11983.0134195374,655.746619257074,13704.30072539,14227.4843230486,13899.1786889728,65.6713080360044,47.2112330183219,49.969869623348,-735.756089301116,-214.037306475858,1.49011611938477e-08,1.49011611938477e-08,1.95121608687434,1.18231378166264,0.280717159937115,3.4165566711374,6,25
0.606,200,25,629.234330299727,-3123.3323369267,629.234330299727,14050.2208507615,13913.5101652023,13833.7426599093,65.0411194426917,45.758841211334,50.3148840947483,-581.737480151913,-285.755722460284,1.49011611938477e-08,1.49011611938477e-08,1.8755638576418,1.54584739551379,0.821399552752675,4.09574847458776,6,25
0.607,200,25,617.840436574103,-451.776993486009,617.840436574103,13988.5946568927,13558.517906265,14184.5983534405,63.8859674880755,42.2528296949916,50.2744688253948,-446.390942306792,-218.062731148751,1.49011611938477e-08,1.49011611938477e-08,1.81163977158293,1.78624743480347,1.42507851841538,3.26686281131271,6,25
0.608,200,25,608.879634088635,-175.055365859317,608.879634088635,13585.5964882492,13636.4672811045,14517.2165988708,62.8655553593636,37.2548699993229,49.5538269904951,-354.668727274093,-112.378926118524,1.49011611938477e-08,1.49011611938477e-08,1.87157907525856,2.05629515328552,1.99139170600562,2.63492925056394,6,25
0.609,200,25,547.44999130278,54.3736214043811,547.44999130278,13273.6250756271,14043.2534259115,14375.60794567,62.5780867547913,32.2110373151739,48.3744934410671,-374.254738519414,-20.5195246143685,1.49011611938477e-08,1.49011611938477e-08,1.93531545730837,2.20113478455309,2.59118570710087,2.29433073942549,6,25
0.61,200,25,501.274812536626,98.9446995057485,501.274812536626,13465.7995963048,14246.1657684382,13919.8183869439,63.4870286170723,29.862639426549,46.7499533234655,-533.946313602813,-9.35147647385157,1.49011611938477e-08,1.49011611938477e-08,1.9550494089952,1.99142501314256,2.21319693301028,2.2551908425979,6,25
0.611,200,25,492.77461037424,100.714144198137,492.77461037424,13931.6532998007,13981.390490482,13734.9752715196,64.6572720844054,32.2324613627644,44.6989100347222,-717.539408059404,-151.781080274521,1.49011611938477e-08,1.49011611938477e-08,1.90247784142885,1.68456767379528,0.68670580095277,2.66755879652585,6,25
0.612,200,25,504.897529181988,97.5991903230098,504.897529181988,14098.8385374263,13567.213617864,14070.669032906,64.8008477291125,37.3790522600452,42.6728764401918,-769.41262724255,-393.350073578957,1.49011611938477e-08,1.49011611938477e-08,1.80038070793034,1.58343599280027,1.49011611938477e-08,3.00515168987022,6,25
0.613,200,25,491.520044672585,100.973084691366,491.520044672585,13793.3132866625,13525.7130992124,14496.9863454731,63.4892747726708,42.1547067416143,40.8008660874411,-674.075382006854,-546.084061899299,1.49011611938477e-08,1.49011611938477e-08,1.83490631677488,1.63696358829731,1.49011611938477e-08,2.57501805345252,6,25
0.614,200,25,436.417089299687,104.465705104161,436.417089299687,13422.199664858,13910.6647695501,14493.5251650852,61.3897319323771,45.319338544394,39.5172247504559,-561.868256869276,-546.184575289889,1.49011611938477e-08,1.49011611938477e-08,1.92019587453507,1.63575495752323,1.49011611938477e-08,2.74565485775464,6,25
0.615,200,25,336.279730496235,105.277211315712,336.279730496235,13485.3141664577,14223.9665477506,14073.8179270895,60.2596156419234,46.8304449119906,39.9398742267172,-508.987054511273,-432.833479351808,1.49011611938477e-08,1.49011611938477e-08,1.95319070394646,1.43689053946749,1.49011611938477e-08,5.75598436464248,6,25
0.616,200,25,240.888693281726,105.848778124022,240.888693281726,13911.0441650287,14073.6989963488,13767.7162119919,60.8369178725777,47.0420528434673,42.117972884984,-510.98185802459,-287.950316113117,1.49011611938477e-08,1.49011611938477e-08,1.91975970615352,1.24951258799019,0.324519368769119,11.9753042548506,6,25
0.617,200,25,279.905554152962,105.619355959885,279.905554152962,14169.1555894224,13646.009141627,13970.8588541716,61.889718342601,46.2831011887606,45.0526144173949,-503.816911050728,-186.435148860449,1.49011611938477e-08,1.49011611938477e-08,1.80191308150127,1.34270324447167,0.822421955843694,4.41205133696575,6,25
0.618,200,25,499.994120199393,99.5569493398193,499.994120199393,13971.6729152628,13485.8733771626,14427.7388159648,60.9887653279875,44.713098119827,47.225819583794,-427.106733292136,-162.721363881014,1.49011611938477e-08,1.49011611938477e-08,1.80009786583584,1.73911574087703,1.36592622892718,4.06519575741929,6,25
0.619,200,25,652.969392878018,105.401803385136,652.969392878018,13592.4180575239,13803.8155598304,14582.9242458756,56.499257908952,42.7317234245372,47.2111640618287,-333.3200960141,-165.674121426381,1.49011611938477e-08,1.49011611938477e-08,1.89669138792174,2.27531744334876,1.90075296497584,5.27056876505499,6,25
0.62,200,25,635.873325969651,104.065130371635,635.873325969651,13545.7290574224,14181.4037127247,14286.30218143,48.9742648091226,41.2514697212286,44.8042046444211,-332.142328662376,-125.299079648581,1.49011611938477e-08,1.49011611938477e-08,1.95212651627273,2.2824736503452,1.97752293174827,6.22383687715845,6,25
0.621,200,25,573.224563750799,-43.4323245041712,573.224563750799,13894.6688223619,14138.0848197621,13932.5020095056,41.9726724846985,41.0451136703604,41.383636225747,-477.654591608865,-16.549729235663,1.49011611938477e-08,1.49011611938477e-08,1.94602969907832,1.1766466893448,1.32576220425753,3.14600060283802,6,25
0.622,200,25,374.337154710857,105.035770588403,374.337154710857,14190.5949136743,13723.3613318302,13999.1762423295,42.3209573125831,42.3296039212162,40.1578202635576,-720.600923375051,84.126315928521,1.49011611938477e-08,1.49011611938477e-08,1.83611401350463,0.231350697635842,0.681619308303726,1.39541854069389,6,25
0.623,200,25,173.683863492929,106.251858717405,173.683863492929,14067.3059765946,13451.2758872399,14418.7809610536,49.2149829707285,44.3919223812853,41.8134320213512,-872.442306814834,84.273324899849,1.49011611938477e-08,1.49011611938477e-08,1.79203144097555,1.49011611938477e-08,0.134596511902759,1.19909427420164,6,25
0.624,200,25,201.831008850156,106.090549457233,201.831008850156,13616.5191469597,13677.4318846582,14591.4152976288,56.7198968447237,46.0855433390641,44.6799693606113,-879.505948530796,30.5533556154302,1.49011611938477e-08,1.49011611938477e-08,1.8780374671851,0.38133618904097,1.49011611938477e-08,1.59159827519531,6,25
0.625,200,25,489.841041533839,101.550505579908,489.841041533839,13432.6873184793,14112.5097526643,14297.1368516169,63.0107826137698,47.1035333149709,48.0642037457229,-834.602537417066,-71.6307334393756,1.49011611938477e-08,1.49011611938477e-08,1.94120726517638,0.789607115088177,1.49011611938477e-08,2.3181026000094,6,25
0.626,200,25,655.351940600629,105.65971678459,655.351940600629,13729.9915568663,14222.1427440882,13885.8032404289,65.5230793667753,47.1340967334108,49.9064155741598,-729.2485955743,-212.765289227484,1.49011611938477e-08,1.49011611938477e-08,1.94978183360464,1.2055709167506,0.282761298092619,3.47264396406206,6,25
0.627,200,25,625.833550478736,96.0269422826212,625.833550478736,14059.6998707478,13888.8842312403,13846.3477761381,64.8091378991624,45.6387531288289,50.1745704153748,-569.14548843587,-280.162050464282,1.49011611938477e-08,1.49011611938477e-08,1.86954279046284,1.55915315546302,0.835580492974913,4.05273389562071,6,25
0.628,200,25,620.071889409947,-480.903734829314,620.071889409947,13974.0873474013,13549.2315327711,14207.8212198551,63.7565805207253,42.128673764511,50.1537848141113,-441.422201080136,-203.440173984211,1.49011611938477e-08,1.49011611938477e-08,1.81233560092458,1.78787988340229,1.44661216986865,3.14638646091862,6,25
0.629,200,25,610.562639189978,-708.110657218013,610.562639189978,13559.5004101101,13655.1720623073,14520.4019540986,62.805350754848,37.1676038154378,49.3940525946068,-358.435403491943,-95.7132997278935,1.49011611938477e-08,1.49011611938477e-08,1.87671801019208,2.04645141718019,2.01576127264033,2.5195057760388,6,25
0.63,200,25,551.976507900869,42.4444547995779,551.976507900869,13269.7869530671,14064.5774826409,14350.0717169153,62.5816549442522,32.3592422809866,48.139199335975,-389.655658252073,-9.26890923574959,1.49011611938477e-08,1.49011611938477e-08,1.93731252885376,2.16781839197611,2.67065979847424,2.2115440503586,6,25
0.631,200,25,496.357036500024,99.9977269012834,496.357036500024,13490.2518483903,14242.2833943285,13893.5690827279,63.5080427236836,30.5470491673159,46.4505385280066,-548.578918838134,-9.45880953951326,1.49011611938477e-08,1.49011611938477e-08,1.95543565564413,1.94637357519736,2.06276014433465,2.22154250919681,6,25
0.632,200,25,491.401936278984,101.068303186821,491.401936278984,13951.7066865034,13954.28750145,13738.1420547435,64.6693403313341,33.4831172116161,44.4213075525928,-741.629063686732,-172.400214619124,1.49011611938477e-08,1.49011611938477e-08,1.89652723059479,1.64984434342739,0.598878597507239,2.66409047910102,6,25
0.633,200,25,497.759986104781,99.7664336302184,497.759986104781,14089.3790021395,13548.0306981941,14094.5599443094,64.7583124083134,38.8324144755796,42.4884195547011,-782.752042872614,-417.473886802979,1.49011611938477e-08,1.49011611938477e-08,1.79895788023364,1.55904794761388,1.49011611938477e-08,2.90477156900294,6,25
0.634,200,25,480.101603840242,102.498117432947,480.101603840242,13763.5153009049,13535.3558262453,14507.4210888045,63.4257256415314,43.6670064489566,40.686638917044,-682.708956151955,-563.329861067909,1.49011611938477e-08,1.49011611938477e-08,1.84053122128942,1.60974867347069,1.49011611938477e-08,2.45751297025013,6,25
0.635,200,25,424.772661259385,104.623731430603,424.772661259385,13406.3992901251,13932.3128501516,14472.4528540873,61.39054570488,46.8420336515006,39.5652492530612,-572.346564407836,-554.728239743241,1.49011611938477e-08,1.49011611938477e-08,1.92354341828351,1.59461464975667,1.49011611938477e-08,2.68896448058797,6,25
0.636,200,25,327.197020660866,105.329814350702,327.197020660866,13498.9155439103,14225.6436946198,14041.8620802778,60.3765398219668,48.3569511554809,40.1506894211253,-521.435880932387,-444.565215910143,1.49011611938477e-08,1.49011611938477e-08,1.95370641443249,1.39601797480041,1.49011611938477e-08,5.77514927524412,6,25
0.637,200,25,234.893166209168,105.886535958435,234.893166209168,13931.7407482303,14050.3341179515,13758.7524561247,60.9633591825845,48.545732803533,42.4080724437651,-518.392803058447,-293.831823290503,1.49011611938477e-08,1.49011611938477e-08,1.91413639966366,1.23441801248394,0.337159611246087,11.809848289505,6,25
0.638,200,25,289.429504587226,105.563874543762,289.429504587226,14166.3997287849,13623.0892022568,13988.7549226569,61.8258327996741,47.7437758133811,45.3466184650223,-500.659972452598,-195.909547604702,1.49011611938477e-08,1.49011611938477e-08,1.79756597959335,1.35587129738187,0.854218345932081,4.52005371967563,6,25
0.639,200,25,512.782725093847,95.1536394146062,512.782725093847,13944.841316306,13490.3603312547,14440.1683800911,60.6045268734422,46.1206097483313,47.4684553285415,-417.102931193146,-173.056343437052,1.49011611938477e-08,1.49011611938477e-08,1.80508768005513,1.77190308950714,1.41866817476115,4.21959702031338,6,25
0.64,200,25,652.60939856444,-10235.8542936018,652.60939856444,13572.1318994782,13827.1855464321,14569.2921373079,55.7770565800341,44.1441123151558,47.4071735062086,-327.240484312133,-173.24715262853,1.49011611938477e-08,1.49011611938477e-08,1.90178775193894,2.30446406063703,1.96463574203147,5.47789663079446,6,25
0.641,200,25,634.11130859872,-4018.76160169433,634.11130859872,13552.228017691,14190.1861160678,14254.4121347245,48.0298726690212,42.7610895876541,44.9865294751157,-334.413427140313,-132.570586267521,1.49011611938477e-08,1.49011611938477e-08,1.95387556627631,2.2463291136686,1.98547748848421,6.38100213108851,6,25
0.642,200,25,566.98284004759,-11.9167641769666,566.98284004759,13913.0290856906,14119.4210368431,13914.0737051395,41.2287058256761,42.6910491676354,41.7108682517519,-497.688162650804,-19.1058869233678,1.49011611938477e-08,1.49011611938477e-08,1.94271820502712,1.10263472134233,1.28030901361848,3.11265335954078,6,25
0.643,200,25,358.198939305534,105.13752947426,358.198939305534,14191.1943231918,13696.1909340384,14009.5656524902,42.2369257757079,44.1068967453802,40.7102322897555,-742.637001442447,71.8688990002928,1.49011611938477e-08,1.49011611938477e-08,1.83004161542212,0.14165437628042,0.629329924454257,1.40314957595375,6,25
0.644,200,25,155.626653991361,106.362023296672,155.626653991361,14044.2447001298,13447.9650306554,14434.3386641298,49.4651385307363,46.2303682957596,42.389325805636,-883.758605911033,62.3029790327138,1.49011611938477e-08,1.49011611938477e-08,1.79473508560895,1.49011611938477e-08,1.49011611938477e-08,1.27003441281613,6,25
0.645,200,25,207.115140846215,106.054250145696,207.115140846215,13590.5515365503,13699.7149545632,14583.2871436283,57.0386610468469,47.9760764143164,45.1054799806223,-883.450609952476,2.81124451707661,1.49011611938477e-08,1.49011611938477e-08,1.88313938785391,0.400431223923333,1.49011611938477e-08,1.71789606786956,6,25
0.646,200,25,494.721269968023,100.748338193815,494.721269968023,13435.2866739218,14129.2223974711,14269.4219692435,63.2719056348097,49.0095123936481,48.3176161523413,-834.619795717303,-96.721066753101,1.49011611938477e-08,1.49011611938477e-08,1.9430278627133,0.81264544304436,1.49011611938477e-08,2.52182906002113,6,25
0.647,200,25,654.164427900553,-11083.5025224968,654.164427900553,13751.8744540705,14211.4347787707,13866.4070423736,65.6725484515841,48.993445112929,49.9988929600017,-714.833255730529,-239.807231873047,1.49011611938477e-08,1.49011611938477e-08,1.94772475467108,1.23257579042594,0.270438002051609,3.7388218286403,6,25
0.648,200,25,623.342835824842,-2252.04975080439,623.342835824842,14068.8623899143,13866.488722597,13855.4048180028,64.9089621051001,47.2953958824479,50.2050700395969,-546.301365567449,-288.458262684549,1.49011611938477e-08,1.49011611938477e-08,1.8631893596022,1.58782816162646,0.870107616363604,4.16754759508244,6,25
0.649,200,25,623.073024076339,-360.14940494939,623.073024076339,13965.8809610965,13542.6586710933,14240.3775071024,63.7978771963931,43.5302580908229,50.0818824010057,-414.063891462657,-199.097779298541,1.49011611938477e-08,1.49011611938477e-08,1.81235316715484,1.83151099604239,1.50516893658919,3.14006170307456,6,25
0.65,200,25,603.313699192762,-279.462341584528,603.313699192762,13539.7730296331,13675.9580237118,14528.7535455301,62.8452096956733,38.4403465507696,49.1892636100204,-333.774054180454,-86.6214367448603,1.49011611938477e-08,1.49011611938477e-08,1.88104447765512,2.10837992265583,2.04304000849727,2.50414402416597,6,25
0.651,200,25,534.835692340457,76.1489452065796,534.835692340457,13272.9189122626,14086.5800417339,14332.0442542501,62.7429499716477,33.6654387302779,47.8433276665957,-370.084043794172,-1.90697804343071,1.49011611938477e-08,1.49011611938477e-08,1.93882354927705,2.22530695815241,2.76097800918264,2.19751668488586,6,25
0.652,200,25,490.190658865209,101.192750982272,490.190658865209,13518.9547547787,14239.1405398047,13877.23299777,63.8596800020758,31.945968971227,46.0727325568833,-546.138548635133,-1.23545807278067,1.49011611938477e-08,1.49011611938477e-08,1.95503751681417,1.96158660675787,2.12542022616188,2.20969137963756,6,25
0.653,200,25,474.991329865306,103.001120071145,474.991329865306,13975.8921721852,13932.3516185602,13752.7202487588,65.1731510309844,34.8261432795404,43.9294665980459,-742.719917122043,-167.39583028342,1.49011611938477e-08,1.49011611938477e-08,1.88945589542791,1.63597302226767,0.578387018675584,2.66459831538867,6,25
0.654,200,25,499.083788066927,99.4692453592529,499.083788066927,14083.6824705168,13535.9788799413,14127.7696697184,65.4403411762602,40.0513165591036,41.7989605640275,-783.354996850034,-408.259221748158,1.49011611938477e-08,1.49011611938477e-08,1.79700809388071,1.52411100990974,1.49011611938477e-08,2.95470561746515,6,25
0.655,200,25,495.804769166823,100.157910680372,495.804769166823,13741.8668623784,13553.0678151303,14525.4555500935,64.2822591419329,44.7486278066026,39.7792859401947,-685.112831494081,-545.590744850566,1.49011611938477e-08,1.49011611938477e-08,1.84572494184616,1.5506854152447,1.49011611938477e-08,2.55397201845023,6,25
0.656,200,25,450.747922824081,104.140064989057,450.747922824081,13400.5252141959,13959.949737418,14463.7543960842,62.4295799417014,47.8175046125378,38.4906907433011,-581.979353765247,-535.224919046107,1.49011611938477e-08,1.49011611938477e-08,1.92656927302566,1.506084698875,1.49011611938477e-08,2.88620351459533,6,25
0.657,200,25,350.018037728981,105.193367034402,350.018037728981,13520.6709557643,14232.7823097702,14027.2722224885,61.568942832765,49.2449327995073,39.1073440810602,-528.238451361624,-417.414408695792,1.49011611938477e-08,1.49011611938477e-08,1.95439140720791,1.30057670080231,1.49011611938477e-08,7.12473646560462,6,25
0.658,200,25,255.429012382033,105.76159311374,255.429012382033,13953.9962627977,14031.1269259692,13768.9347670828,62.2437646434823,49.3403985956001,41.5760685903611,-524.418472782603,-264.153592160759,1.49011611938477e-08,1.49011611938477e-08,1.90888502909201,1.17046878883685,0.343339824090799,8.17878754040962,6,25
0.659,200,25,313.297145987898,105.42073676311,313.297145987898,14164.5567374474,13606.2475680298,14024.7265929563,63.0835119506486,48.4231297167022,44.7246662301542,-502.653040208719,-167.788250217543,1.49011611938477e-08,1.49011611938477e-08,1.79446853515272,1.32644530452003,0.892075085793247,3.8023522616037,6,25
0.66,200,25,547.580693994853,57.2262408868559,547.580693994853,13923.6919620792,13502.6480407345,14473.6049709798,61.6728613714929,46.6653435854757,46.8741701706062,-413.874942171568,-146.525078130449,1.49011611938477e-08,1.49011611938477e-08,1.81056467524906,1.76274519155886,1.48911992633926,3.67765463290267,6,25
0.661,200,25,651.989001835256,105.317936871097,651.989001835256,13558.5028105116,13856.1965824185,14574.3093847009,56.668845793577,44.5815461259741,46.7179771607393,-328.370931504708,-144.806301148876,1.49011611938477e-08,1.49011611938477e-08,1.90668361608175,2.28821516732628,2.06600161477691,4.68217347533939,6,25
0.662,200,25,632.088450934506,102.966932394462,632.088450934506,13565.612420914,14203.8011989254,14243.9850980041,48.9094780071517,43.1061126432796,44.2550483182867,-341.985775435157,-96.5813568982233,1.49011611938477e-08,1.49011611938477e-08,1.95540871684791,2.16808887526105,2.07590377781185,4.99749735719226,6,25
0.663,200,25,558.061856210067,23.5928854658062,558.061856210067,13935.5547506447,14104.1587467004,13918.7837475135,42.4708479380827,42.9853046623923,41.1155723369365,-517.736096254371,20.1134347069566,1.49011611938477e-08,1.49011611938477e-08,1.93909247532922,1.04353652641118,1.30671997624488,2.50990108207572,6,25
0.664,200,25,341.543409485112,105.243525708379,341.543409485112,14194.3854912901,13675.3896052429,14041.6757068308,43.8128028287462,44.3496216292446,40.3762967697956,-766.00348446165,104.638905402075,1.49011611938477e-08,1.49011611938477e-08,1.82502713929698,0.0751641176719757,0.636667375015883,1.2222779961054,6,25
0.665,200,25,161.828269091781,106.320750514793,161.828269091781,14024.5748108237,13452.0060996964,14470.1911825273,50.9274409981068,46.410642026427,42.1803618678774,-898.899622471895,86.1224158533453,1.49011611938477e-08,1.49011611938477e-08,1.79844712014402,1.49011611938477e-08,1.49011611938477e-08,1.17258983934548,6,25
0.666,200,25,230.760354594276,105.917266972749,230.760354594276,13564.7669811902,13727.0545878689,14585.6624528267,58.369480008679,48.0750447522584,45.0519031360025,-899.072224308745,29.3204200398147,1.49011611938477e-08,1.49011611938477e-08,1.88898185452315,0.379737795604074,1.49011611938477e-08,1.58844875539996,6,25
0.667,200,25,534.607517126066,78.9231643910659,534.607517126066,13438.4442517664,14149.3658632356,14253.0953578968,64.2459294711896,49.0111911580701,48.2365867104871,-847.088083709176,-79.1268306854695,1.49011611938477e-08,1.49011611938477e-08,1.94506775427666,0.790403254242675,1.49011611938477e-08,2.32924780919458,6,25
0.668,200,25,652.944859617319,105.415607316749,652.944859617319,13769.805086585,14202.8844026258,13862.9022800589,66.1642248673397,48.832118271988,49.7694335054576,-724.001247926799,-222.397305079806,1.49011611938477e-08,1.49011611938477e-08,1.94636570352059,1.19510987046738,0.358077520782273,3.38387546385211,6,25
0.669,200,25,618.339143627142,60.4821149647016,618.339143627142,14067.6758497254,13840.6992202387,13877.3796702726,65.136511362999,47.0111480714763,49.9293569112978,-556.362733875769,-267.241547230561,1.49011611938477e-08,1.49011611938477e-08,1.85872264429415,1.53394816812063,0.925625124868632,3.71621150359243,6,25
0.67,200,25,626.065611071742,-1168.92984781008,626.065611071742,13943.5568840078,13536.0822458603,14271.7550000907,63.9112393279918,43.1328266636162,49.903036313291,-424.870648436541,-179.416689468783,1.49011611938477e-08,1.49011611938477e-08,1.81502694431783,1.77841557034983,1.5557853636224,2.86804957617888,6,25
0.671,200,25,606.328956157348,-362.707247595962,606.328956157348,13509.9666496787,13696.283637758,14537.5869200316,62.8149824981798,37.9376825597954,49.1459576723704,-348.00958962062,-76.0240615984341,1.49011611938477e-08,1.49011611938477e-08,1.88662138575495,2.05364430408759,2.0773482474715,2.35026070949328,6,25
0.672,200,25,538.774377464217,70.4568649112155,538.774377464217,13267.3196847146,14106.2465973059,14312.4802154478,62.6132091164655,33.1602732642095,47.9268600100606,-389.361327299816,9.04538612649397,1.49011611938477e-08,1.49011611938477e-08,1.94078803068163,2.15640852341257,2.82158894555101,2.10564479139125,6,25
0.673,200,25,484.633423068192,101.980653918477,484.633423068192,13539.5830936039,14232.147931671,13858.6710191238,63.6528977409525,31.6756854282761,46.2397163194157,-571.854137062795,-2.70431939005641,1.49011611938477e-08,1.49011611938477e-08,1.95517077084879,1.89501084757066,1.98826787581647,2.16566585399387,6,25
0.674,200,25,491.658443823504,101.024086248357,491.658443823504,13990.6980747881,13904.6027427462,13763.2433419857,64.8748139310673,34.8941179288102,44.1468583943525,-762.935318064754,-184.645031069725,1.49011611938477e-08,1.49011611938477e-08,1.88336117177917,1.59647827651325,0.513843010918691,2.65875853427369,6,25
0.675,200,25,499.119951291491,99.444537406793,499.119951291491,14071.9087282611,13520.4953558927,14156.2026992535,64.9384384394265,40.2276686445005,42.0337927222901,-787.497465897704,-429.051522907054,1.49011611938477e-08,1.49011611938477e-08,1.79641018820987,1.51376897630854,1.49011611938477e-08,2.900965479021,6,25
0.676,200,25,482.494242379673,102.24188224844,482.494242379673,13714.6994289515,13566.8735897786,14537.2874604432,63.5667401902085,44.9144107528897,40.0094519344981,-687.348196621515,-556.301184927749,1.49011611938477e-08,1.49011611938477e-08,1.85128902920817,1.55453490201742,1.49011611938477e-08,2.49014411425523,6,25
0.677,200,25,425.11039027213,104.619352238365,425.11039027213,13390.1249466932,13981.5282826427,14442.2064258469,61.6407400369753,47.9234665680189,38.897781084882,-579.713801053071,-538.676342367585,1.49011611938477e-08,1.49011611938477e-08,1.92939324267209,1.50748546315951,1.49011611938477e-08,2.89900014164133,6,25
0.678,200,25,321.399105976457,105.364560385931,321.399105976457,13538.9356269617,14231.024109419,13997.5095868621,60.8569557470276,49.2960599054505,39.7060485453079,-530.322550136398,-415.8064574312,1.49011611938477e-08,1.49011611938477e-08,1.9545242189824,1.30232829567779,1.49011611938477e-08,7.40022763836887,6,25
0.679,200,25,239.351951395643,105.859733370723,239.351951395643,13976.2791791098,14006.2645420694,13764.5366777998,61.5618795838094,49.3581970726115,42.1984675217155,-527.073871867691,-265.892659629817,1.49011611938477e-08,1.49011611938477e-08,1.90230705603497,1.18174328217252,0.388782556102541,8.2570740904542,6,25
0.68,200,25,316.414471915819,105.403574835877,316.414471915819,14161.3339741129,13584.7525319515,14044.9010441717,62.2777385031763,48.4276793409237,45.2453269425531,-499.437022347841,-176.618556610884,1.49011611938477e-08,1.49011611938477e-08,1.79050291889321,1.34936232089374,0.92159623448633,3.97881164260217,6,25
0.681,200,25,545.947067100069,60.2810378480996,545.947067100069,13899.1099587595,13509.2567937105,14484.3927275715,60.6317422390775,46.6832862986123,47.2420118616721,-412.915295914574,-159.276630061282,1.49011611938477e-08,1.49011611938477e-08,1.81546401590883,1.79215782931274,1.51126457721816,3.92871769113097,6,25
0.682,200,25,650.630945206199,-9245.9894933226,650.630945206199,13544.0590413218,13878.6282394047,14558.1484293007,55.3750300278945,44.6748935576798,46.960319784063,-327.027040514143,-156.874031061762,1.49011611938477e-08,1.49011611938477e-08,1.91097286253988,2.29874229220164,2.0586790361368,5.06808077768538,6,25
0.683,200,25,630.227375958683,-3284.97228816061,630.227375958683,13577.9216359572,14208.042051346,14212.2596977054,47.447558477347,43.3475810536782,44.4094200550293,-351.885422914176,-104.922302818994,1.49011611938477e-08,1.49011611938477e-08,1.95671527719517,2.09809760477566,1.98842898024045,5.34815941209893,6,25
0.684,200,25,549.047170873522,49.2197064635884,549.047170873522,13956.7037961972,14082.5346592536,13903.5795725459,41.3349842755193,43.4142485336265,41.3666425738562,-537.068300940269,11.4717935221963,1.49011611938477e-08,1.49011611938477e-08,1.93447870533036,0.958451573015801,1.22234395915814,2.542915190397,6,25
0.685,200,25,323.163846565393,105.350934076213,323.163846565393,14195.5374247691,13649.0850949091,14054.1933229875,43.3996280933729,44.9443726745341,40.8192334176698,-780.508104608294,86.7474472533894,1.49011611938477e-08,1.49011611938477e-08,1.818841790166,1.49011611938477e-08,0.575289252135966,1.26201480416436,6,25
0.686,200,25,151.615555565998,106.383969151072,151.615555565998,14003.3139499945,13451.6868748962,14483.5838617414,50.816605100467,47.0712277075143,42.6443358302884,-897.308063839845,64.592706488821,1.49011611938477e-08,1.49011611938477e-08,1.80126872103811,1.49011611938477e-08,1.49011611938477e-08,1.26549685744178,6,25
0.687,200,25,240.827173834132,105.856402094483,240.827173834132,13545.517737973,13749.8681499542,14573.012347786,58.3087384536135,48.7649559257355,45.4375042934679,-891.86487224664,2.31462395064638,1.49011611938477e-08,1.49011611938477e-08,1.8933969600154,0.423979388494691,1.49011611938477e-08,1.72910790632211,6,25
0.688,200,25,542.925225902907,66.804202376629,542.925225902907,13448.2727786127,14162.5424060029,14222.6400079555,64.1100407530031,49.7059467549819,48.4816319091126,-833.200963441079,-109.112877377352,1.49011611938477e-08,1.49011611938477e-08,1.94645543711801,0.834415598849982,1.49011611938477e-08,2.55059059308342,6,25
0.689,200,25,651.82984112418,105.311675093539,651.82984112418,13795.2174369947,14189.4521103743,13845.200937929,65.9380032370852,49.5085454681515,49.8767861221382,-703.121171136447,-246.254977505979,1.49011611938477e-08,1.49011611938477e-08,1.94337426441324,1.24286975173765,0.352969111612033,3.6751647577921,6,25
0.69,200,25,615.381071549359,27.7810255630647,615.381071549359,14076.3907130353,13818.4193374583,13887.7930343761,64.9290529613315,47.5451886511626,49.9937631751925,-533.219431423791,-272.84786127726,1.49011611938477e-08,1.49011611938477e-08,1.85244981978397,1.57926396801276,0.947932868590276,3.86278436382723,6,25
0.691,200,25,626.735730633031,96.1894792598805,626.735730633031,13926.2754402278,13531.793705859,14294.6335581274,63.7991993200387,43.5397051469393,49.8940759042379,-411.783121523552,-179.85644180227,1.49011611938477e-08,1.49011611938477e-08,1.81622050116715,1.82083508047494,1.5865808314574,2.88123062783357,6,25
0.692,200,25,605.144856559394,-278.31523022303,605.144856559394,13486.0641935986,13717.9586527079,14535.2729734458,62.8144596727207,38.3347206813503,49.0034230130735,-338.284776820911,-68.4493410645333,1.49011611938477e-08,1.49011611938477e-08,1.89095110542859,2.0880305193307,2.09113726792042,2.33047201968999,6,25
0.693,200,25,535.610068167964,75.3184334083913,535.610068167964,13268.8030329633,14124.1790848355,14285.4929057392,62.742912331306,33.727161294224,47.6469138170753,-391.963037719535,12.8872430724146,1.49011611938477e-08,1.49011611938477e-08,1.94219918815919,2.16980401203777,2.90097630842456,2.08930747454521,6,25
0.694,200,25,496.148299361119,100.0367940764,496.148299361119,13565.2196669914,14223.9734559881,13837.8978096957,63.861418931451,32.4909913754187,45.8453485542309,-582.03401074493,-9.01725180368573,1.49011611938477e-08,1.49011611938477e-08,1.95440217012993,1.88923496673634,1.91156046175983,2.16635800520548,6,25
0.695,200,25,487.456944631626,101.674477444843,487.456944631626,14009.4217858708,13880.5514693698,13775.2685265682,65.0212212555507,35.7683131258077,43.721372513866,-765.455461835278,-200.672363459649,1.49011611938477e-08,1.49011611938477e-08,1.8763262892196,1.59859827288538,0.47209480981131,2.67314219299339,6,25
0.696,200,25,497.347242420505,99.8595803974503,497.347242420505,14060.3812373466,13510.2370290815,14183.9685752755,65.0383455651923,41.0261003048592,41.6505199375714,-783.165270495542,-431.56142940343,1.49011611938477e-08,1.49011611938477e-08,1.79593606997817,1.52244446457062,1.49011611938477e-08,2.86124274137891,6,25
0.697,200,25,479.726813580461,102.533587675852,479.726813580461,13689.5024883535,13585.8527465479,14546.1577308324,63.6564602763566,45.5795710426295,39.7333940092744,-677.391401351515,-558.252031768726,1.49011611938477e-08,1.49011611938477e-08,1.85680354323657,1.56240133196768,1.49011611938477e-08,2.47378710148723,6,25
0.698,200,25,422.641222380739,104.648618402165,422.641222380739,13383.9280292159,14006.7720102024,14424.0196921755,61.8050543001827,48.4739913371004,38.7058349496835,-572.863609112743,-532.299987581633,1.49011611938477e-08,1.49011611938477e-08,1.93198003388846,1.50647310144121,1.49011611938477e-08,2.97765703749492,6,25
0.699,200,25,320.872767258171,105.369949387005,320.872767258171,13560.3894162217,14233.8171111752,13975.7284393733,61.1293843783445,49.7560868902669,39.6150927025928,-526.1997458297,-404.275840729865,1.49011611938477e-08,1.49011611938477e-08,1.95460342774212,1.29984666566138,1.49011611938477e-08,8.33860481660158,6,25
0.7,200,25,243.840816481106,105.833783454566,243.840816481106,13997.4435378359,13984.7378455414,13769.5960842307,61.8799938035606,49.732513870151,42.1749881187305,-521.406945054176,-254.891314520323,1.49011611938477e-08,1.49011611938477e-08,1.89570677398208,1.19603374570446,0.409386141967109,7.39300199585674,6,25
0.701,200,25,321.231441106775,105.374691071177,321.231441106775,14158.0133997103,13570.0175158318,14073.363433272,62.49064405632,48.7104871051939,45.2411817247627,-491.096346025599,-171.528938298275,1.49011611938477e-08,1.49011611938477e-08,1.78750138456718,1.38384421607236,0.960966126151694,3.82433579073919,6,25
0.702,200,25,565.619490703736,1.0487851334869,565.619490703736,13878.0146465743,13524.3949550373,14505.2313923526,60.559310743541,46.8589700714188,47.1531356005199,-396.616323910282,-153.043313240868,1.49011611938477e-08,1.49011611938477e-08,1.82066999095107,1.84557258310022,1.57538269521782,3.8536004210636,6,25
0.703,200,25,650.602115180862,-9255.72515744947,650.602115180862,13533.7879734716,13906.7425233546,14548.8966659178,55.0402559257076,44.7864283223504,46.775584926141,-314.638576519842,-148.18425382215,1.49011611938477e-08,1.49011611938477e-08,1.91508675834403,2.35013229142749,2.13999846992313,4.94967061990906,6,25
0.704,200,25,628.096631753407,99.6347742398646,628.096631753407,13594.4682450817,14218.1583829914,14190.7996757838,46.9856075235546,43.4455909860334,44.1949228182094,-350.587360559019,-90.4825291197713,1.49011611938477e-08,1.49011611938477e-08,1.95785790231526,2.07612780005965,2.02910462478255,4.98099461139802,6,25
0.705,200,25,541.92238840349,64.5541430990045,541.92238840349,13979.0851827067,14064.0120468739,13900.1626866535,41.1464404553083,43.5506202118783,41.3085870459243,-547.563861015833,26.3508065550376,1.49011611938477e-08,1.49011611938477e-08,1.92953635357571,0.909736738473757,1.20680301962215,2.34418030098011,6,25
0.706,200,25,321.819940867351,105.362776707788,321.819940867351,14196.3881229174,13628.5837677208,14077.4592507201,43.6520835916415,45.1237087653014,40.9730655469209,-781.363410004554,92.8286314393169,1.49011611938477e-08,1.49011611938477e-08,1.81358580935965,1.49011611938477e-08,0.546345063091762,1.21397304944546,6,25
0.707,200,25,150.549235990289,106.388227475721,150.549235990289,13983.0720423043,13458.4121642325,14507.228255097,51.1323185428706,47.2693981305067,42.804697843947,-898.942496934549,63.5840620295817,1.49011611938477e-08,1.49011611938477e-08,1.80481294273002,1.49011611938477e-08,1.49011611938477e-08,1.27514208209495,6,25
0.708,200,25,261.23594406872,105.734688505894,261.23594406872,13529.1948273281,13777.4884390616,14567.1267414034,58.6015929350349,48.9548733659552,45.5945858609773,-888.97150389824,-1.0268791818247,1.49011611938477e-08,1.49011611938477e-08,1.89796445737349,0.442119976039946,1.49011611938477e-08,1.75389052015491,6,25
0.709,200,25,567.424176656935,-8.08556124226469,567.424176656935,13461.41896223,14180.1000382465,14201.5187059316,64.1698533982186,49.8629830120678,48.4871602862872,-825.009462557352,-115.215276063799,1.49011611938477e-08,1.49011611938477e-08,1.94791690651726,0.851590100551306,1.49011611938477e-08,2.58742335760343,6,25
0.71,200,25,650.20500309287,-9091.21753756794,650.20500309287,13819.3715283209,14177.5619736276,13838.961658559,65.6751331092873,49.5469326984238,49.7054750371602,-690.411940480603,-245.414853211004,1.49011611938477e-08,1.49011611938477e-08,1.94055306315652,1.25148421726086,0.388744138086684,3.65321954380828,6,25
0.711,200,25,609.831232285393,-714.518195996752,609.831232285393,14077.2955562526,13792.7564325342,13906.4593472184,64.5748569118885,47.5089593838892,49.7811387604092,-531.803115294857,-263.118233165397,1.49011611938477e-08,1.49011611938477e-08,1.84703337902664,1.57289697876147,0.982217718437529,3.70982808817001,6,25
0.712,200,25,629.472162722911,100.536582837958,629.472162722911,13904.9644438082,13528.7818870911,14318.2864183787,63.5075450279017,43.4411409955965,49.7133576558943,-408.966787693179,-161.4090596144,1.49011611938477e-08,1.49011611938477e-08,1.81871437001537,1.80580537296916,1.62072977471581,2.72549236849304,6,25
0.713,200,25,608.749426187909,-201.633510711407,608.749426187909,13461.2120726952,13740.2819126469,14534.2850439843,62.5578991472684,38.2387530649613,48.7989408822905,-344.176068400912,-50.6975642748093,1.49011611938477e-08,1.49011611938477e-08,1.89562805962492,2.05852802866049,2.11433953920631,2.20777843629073,6,25
0.714,200,25,541.246536327498,66.3262125954802,541.246536327498,13270.9264057424,14143.2736205453,14260.1883767382,62.5034230318125,33.7836782070859,47.3850767871776,-408.077696508311,23.5823220276546,1.49011611938477e-08,1.49011611938477e-08,1.94375115329511,2.11740714549694,2.98391302129512,2.00282491196422,6,25
0.715,200,25,489.158316622501,101.418959750126,489.158316622501,13589.533070021,14214.4062042743,13819.3018203315,63.5917058955734,32.9255127969863,45.5420239095037,-604.189844332308,-14.4252431811482,1.49011611938477e-08,1.49011611938477e-08,1.95371743457899,1.83836480606767,1.78993262420364,2.12505617550976,6,25
0.716,200,25,491.021249053569,101.001556934612,491.021249053569,14021.4816817607,13852.5818922784,13787.3759114819,64.7081616851602,36.619020958952,43.4495923009283,-776.829569192882,-208.415736853587,1.49011611938477e-08,1.49011611938477e-08,1.87004748976953,1.56554984219557,0.406078089732146,2.65527601119787,6,25
0.717,200,25,490.435511976216,101.18363737005,490.435511976216,14042.5974803638,13497.3243237634,14209.83340355,64.6521829637363,42.0153802528078,41.48780296371,-788.913766409772,-451.748015791868,1.49011611938477e-08,1.49011611938477e-08,1.79661133461548,1.50196525078726,1.49011611938477e-08,2.77565976835255,6,25
0.718,200,25,465.247244492218,103.586663966203,465.247244492218,13658.9688353836,13601.6184250396,14552.1077976979,63.2314767657194,46.592147855988,39.6375101710213,-679.499356579905,-570.008396858222,1.49011611938477e-08,1.49011611938477e-08,1.8625089523588,1.54148123510989,1.49011611938477e-08,2.40607331310094,6,25
0.719,200,25,401.360845653775,104.849175098726,401.360845653775,13373.8316929903,14026.8048089061,14399.4882175793,61.432978913672,49.4681197356429,38.7625831042054,-577.178770581167,-535.821273033364,1.49011611938477e-08,1.49011611938477e-08,1.93441314875501,1.47759943692361,1.49011611938477e-08,2.98637144896076,6,25
0.72,200,25,300.622389414063,105.491650142808,300.622389414063,13577.604697022,14228.6732045256,13948.1862802823,60.8388626441431,50.7245173675679,39.789631018014,-531.498683043337,-404.902503776021,1.49011611938477e-08,1.49011611938477e-08,1.95433921393519,1.27710611849381,1.49011611938477e-08,8.65675825872229,6,25
0.721,200,25,230.574701291125,105.913227945628,230.574701291125,14013.6162156271,13958.665131774,13769.5992302652,61.5726128861284,50.67435105535,42.401076300156,-523.452352400463,-264.479185063897,1.49011611938477e-08,1.49011611938477e-08,1.88893730746042,1.19328564009257,0.45185086972306,7.21253231526795,6,25
0.722,200,25,336.93121060916,105.279749477609,336.93121060916,14147.5302562985,13551.4250900827,14095.4061089994,61.9907318239095,49.6159571984388,45.4317240664619,-484.234409508915,-178.788607730753,1.49011611938477e-08,1.49011611938477e-08,1.78521582749266,1.40002112551012,1.00621308087637,3.86981208864796,6,25
0.723,200,25,573.990071912024,-39.91027170098,573.990071912024,13849.4169171437,13534.3780219715,14515.0464257637,59.7342229568537,47.744184557965,47.2316806369579,-385.852443058868,-161.327218849644,1.49011611938477e-08,1.49011611938477e-08,1.82648423114766,1.87006441541454,1.63204231460531,3.95504290400941,6,25
0.724,200,25,649.11994758178,-8583.45756809571,649.11994758178,13519.4285383528,13928.7371558712,14532.0896434015,53.867815930514,45.7193545616208,46.7498907990096,-310.485831136167,-153.111889286029,1.49011611938477e-08,1.49011611938477e-08,1.9191619824527,2.34927877953645,2.19054270132581,5.0677399786095,6,25
0.725,200,25,624.363021997095,-2380.45872037332,624.363021997095,13606.5249148077,14219.1419688858,14161.200231239,45.6383173446599,44.4974600420386,44.1514880748276,-361.049693737809,-90.0480765755705,1.49011611938477e-08,1.49011611938477e-08,1.95887784173689,1.984839935006,1.99765349866152,4.93504002682037,6,25
0.726,200,25,526.593810477787,84.8414883947602,526.593810477787,13996.6789276353,14040.0750321244,13890.0940490871,40.2691414025996,44.7702182316549,41.4675769296604,-557.880457315184,19.5942988193245,1.49011611938477e-08,1.49011611938477e-08,1.92428636422373,0.814935029102264,1.14574375015551,2.25475025221443,6,25
0.727,200,25,279.58405963151,105.612255821161,279.58405963151,14192.4576643995,13604.0749335158,14093.6451065997,43.5806419933657,46.5047827916212,41.3563659433724,-802.417729521919,80.1475699393663,1.49011611938477e-08,1.49011611938477e-08,1.80871657021465,1.49011611938477e-08,0.481315378561481,1.218189847271,6,25
0.728,200,25,143.790064895732,106.432923675767,143.790064895732,13958.4024368068,13461.1748505428,14520.4602039853,51.3772676859075,48.7129390363066,43.1921947338539,-907.266490281094,42.4016162728173,1.49011611938477e-08,1.49011611938477e-08,1.80880273054452,1.49011611938477e-08,1.49011611938477e-08,1.35141502070881,6,25
0.729,200,25,275.01113014005,105.656149174406,275.01113014005,13510.6956432824,13800.3894234437,14553.5073726593,58.9223952034404,50.4201004825641,45.9070479690313,-890.278370252189,-26.4190351847965,1.49011611938477e-08,1.49011611938477e-08,1.90228484010495,0.459197816673718,1.49011611938477e-08,1.88688762697563,6,25
0.73,200,25,586.695472413997,-122.331208746552,586.695472413997,13472.3224417777,14188.9568798061,14171.739630263,64.4231185227577,51.3121114236532,48.6894721749631,-818.850722801782,-143.610634880055,1.49011611938477e-08,1.49011611938477e-08,1.94916085443979,0.87303596462384,1.49011611938477e-08,2.80469622439642,6,25
0.731,200,25,649.087030227921,-8593.77511553566,649.087030227921,13842.2404319365,14160.6088513393,13825.6706360663,65.8423279457323,50.9466943269241,49.8033957944208,-685.231096835519,-262.470104922553,1.49011611938477e-08,1.49011611938477e-08,1.93706213520644,1.27414570281797,0.371999760563847,3.91139219249806,6,25
0.732,200,25,605.70603435059,-439.320816277178,605.70603435059,14081.2540718666,13770.6475289215,13920.0671287669,64.747662778806,48.720647730436,49.8398503312028,-515.047388675044,-267.012918347558,1.49011611938477e-08,1.49011611938477e-08,1.84176045617022,1.59360841196715,1.00219709074675,3.78624739986439,6,25
0.733,200,25,629.233875920887,100.291101820951,629.233875920887,13884.6833624671,13527.1321303637,14340.3223090108,63.7151035854702,44.4909038523259,49.6721978168996,-393.723846566968,-156.126276163246,1.49011611938477e-08,1.49011611938477e-08,1.82103533182364,1.83106070659185,1.65241370045048,2.71329066016732,6,25
0.734,200,25,605.591488567559,-256.719184514826,605.591488567559,13439.4815110222,13762.7900051914,14530.7316417159,62.8046632744913,39.2289681854565,48.6400524592053,-336.233470720493,-43.4747144794568,1.49011611938477e-08,1.49011611938477e-08,1.89975677143943,2.08318159120056,2.13554359217845,2.18462247077823,6,25
0.735,200,25,539.00309571548,70.3474507449,539.00309571548,13277.0079159605,14157.5217382062,14233.5975740192,62.8277692085739,34.881579800893,47.1338033798703,-411.824892677327,27.3915225468833,1.49011611938477e-08,1.49011611938477e-08,1.94503803964227,2.12485857407531,3.10002117644095,1.99002248200671,6,25
0.736,200,25,500.330027933994,99.1851496082411,500.330027933994,13617.7872800549,14202.3671856932,13803.6419483807,63.9754240648817,34.1351172451161,45.2277845925312,-604.165446965978,-12.6677538634961,1.49011611938477e-08,1.49011611938477e-08,1.95231238103106,1.8244136246097,1.71672494782975,2.12826571489702,6,25
0.737,200,25,490.275664796687,101.244357663679,490.275664796687,14038.7019069531,13827.4832571627,13804.7325410663,65.0605000577488,37.7312472048277,43.1246833144473,-782.273473181779,-219.722086297889,1.49011611938477e-08,1.49011611938477e-08,1.86298694902147,1.55293789431027,0.337631109529828,2.66985654515199,6,25
0.738,200,25,491.033850447846,101.084235800268,491.033850447846,14029.9117795001,13489.3264104409,14239.017555023,64.9996807275617,42.972586468078,41.1508200910643,-786.52755342731,-459.184323753846,1.49011611938477e-08,1.49011611938477e-08,1.7970959826917,1.48978555069507,1.49011611938477e-08,2.76090683944792,6,25
0.739,200,25,465.717978996628,103.561152935045,465.717978996628,13635.2876764808,13621.8980836662,14559.2276538569,63.6286147722824,47.383796537162,39.3600268236989,-676.564601480214,-567.190530383254,1.49011611938477e-08,1.49011611938477e-08,1.86789689901261,1.52163964709799,1.49011611938477e-08,2.42553316046748,6,25
0.74,200,25,401.740591665568,104.846028532099,401.740591665568,13371.5915712553,14049.8876183796,14379.8870177607,61.995364911663,50.1278015994229,38.5999309958009,-578.015644239738,-525.727498107321,1.49011611938477e-08,1.49011611938477e-08,1.93662142387768,1.44783569249163,1.49011611938477e-08,3.13169068478571,6,25
0.741,200,25,296.815122816797,105.512095565178,296.815122816797,13601.0891991485,14227.2067837758,13928.8740960884,61.5665630338041,51.2710611044509,39.7821456062736,-535.067485123067,-399.155173637424,1.49011611938477e-08,1.49011611938477e-08,1.95391527723404,1.25843211102317,1.49011611938477e-08,10.2620119454802,6,25
0.742,200,25,234.878961576656,105.886497371916,234.878961576656,14032.957985063,13934.9651362613,13779.1241424083,62.3233423571934,51.0998507695271,42.4779079995236,-522.430965202099,-253.201898837383,1.49011611938477e-08,1.49011611938477e-08,1.88186235398773,1.20342302566456,0.462617770775909,6.44068585656134,6,25
0.743,200,25,341.299594814831,105.253363216782,341.299594814831,14140.9130492703,13538.3469355862,14125.0131591798,62.5759658899477,49.9010854841124,45.536828822467,-475.32952137137,-171.537019214643,1.49011611938477e-08,1.49011611938477e-08,1.78346265435238,1.43598589443543,1.04237278770654,3.71020923750461,6,25
0.744,200,25,588.386090098011,-137.451667848594,588.386090098011,13826.7952083715,13551.1944482463,14532.2299278172,59.9874333932155,47.8712883706387,47.2917792188057,-372.05393912699,-154.672231278137,1.49011611938477e-08,1.49011611938477e-08,1.83217030600249,1.92628282889461,1.69404633716514,3.86226437862538,6,25
0.745,200,25,648.849671260399,-8475.58863792042,648.849671260399,13510.4722629122,13955.147086307,14519.3009517058,53.8596843116282,45.7510646907781,46.7624497664851,-301.64623491365,-143.975178234742,1.49011611938477e-08,1.49011611938477e-08,1.92291007718357,2.40046052079962,2.26872582723383,4.91500749512098,6,25
0.746,200,25,622.785894659048,-2169.35469491697,622.785894659048,13623.5864892737,14224.9670631818,14139.5735929441,45.5242823157578,44.509083724639,44.163857312701,-356.642150735885,-81.6091757025979,1.49011611938477e-08,1.49011611938477e-08,1.95975554243811,1.9640189047702,2.02229868337273,4.59680874840116,6,25
0.747,200,25,521.327067531651,89.1472671875743,521.327067531651,14016.3771680105,14019.7489917164,13889.6704652588,40.4109478702637,44.8164525105679,41.6173351849788,-570.52548761072,32.083554670381,1.49011611938477e-08,1.49011611938477e-08,1.91879263327711,0.781054763435479,1.1224554627512,2.10926939227843,6,25
0.748,200,25,290.447277489195,105.547168552094,290.447277489195,14189.0815800047,13585.7175142759,14118.3741831536,44.0403088985965,46.5774292309755,41.6650109919826,-813.491282814786,84.7118763788806,1.49011611938477e-08,1.49011611938477e-08,1.80468872214943,1.49011611938477e-08,0.447643037350323,1.19190184479368,6,25
0.749,200,25,158.224185411998,106.346469289285,158.224185411998,13935.3400273694,13471.7215884967,14541.4879586953,51.7700102459648,48.7755411051993,43.4638416015043,-907.745176196563,40.4395875574184,1.49011611938477e-08,1.49011611938477e-08,1.81335819336451,1.49011611938477e-08,1.49011611938477e-08,1.36901862811926,6,25
0.75,200,25,301.992466299797,105.49026728226,301.992466299797,13495.5607678021,13829.0032208067,14544.7840848931,59.2183597852223,50.4626149596714,46.1548381568774,-886.794578237022,-29.6428284143577,1.49011611938477e-08,1.49011611938477e-08,1.9066372703409,0.48348615191594,1.49011611938477e-08,1.91106373802376,6,25
0.751,200,25,616.686777619799,-429.948151877276,616.686777619799,13486.1385914785,14204.9297826394,14152.3077192854,64.3775653816674,51.3258585170497,48.6889033253138,-815.948987350569,-139.836588189246,1.49011611938477e-08,1.49011611938477e-08,1.95043911320422,0.889570016367629,1.49011611938477e-08,2.8071008014541,6,25
0.752,200,25,646.470372660037,104.896565988849,646.470372660037,13863.9125832948,14146.600730386,13822.9891114669,65.4428878808794,50.8626245672454,49.5779552578358,-673.828991592463,-255.494171620154,1.49011611938477e-08,1.49011611938477e-08,1.93356668180683,1.27641968241534,0.414900478713625,3.77886371351907,6,25
0.753,200,25,597.585526226197,-227.382169430529,597.585526226197,14077.5497067895,13747.0710494692,13941.736850276,64.2720054952654,48.5872347969429,49.6043067174934,-509.055261837105,-246.978293207808,1.49011611938477e-08,1.49011611938477e-08,1.8372014501789,1.57667226700981,1.04302148156277,3.50877599057074,6,25
0.754,200,25,631.592934113532,-3496.45094628484,631.592934113532,13865.291032622,13529.1043475091,14367.7202961368,63.2324283093457,44.3062600107888,49.4355525221318,-390.813983088618,-133.185869021261,1.49011611938477e-08,1.49011611938477e-08,1.82428083468466,1.81399403483444,1.68767176233032,2.52914853061961,6,25
0.755,200,25,605.318863417773,-329.131238228788,605.318863417773,13421.0091901644,13787.6821692213,14531.6767263734,62.3463738656741,39.0736106439798,48.3846452653539,-340.581970696616,-21.6110252900835,1.49011611938477e-08,1.49011611938477e-08,1.90402468197998,2.05753309872286,2.1509854991712,2.05666755769294,6,25
0.756,200,25,530.704878585111,81.0312268740692,530.704878585111,13286.7861823151,14176.1171089066,14213.2244802315,62.4479906776393,34.9129352898915,46.8420324528614,-418.680761117319,42.9858966810735,1.49011611938477e-08,1.49011611938477e-08,1.94639399408148,2.07344786843412,3.20461825581501,1.89493713074205,6,25
0.757,200,25,484.42436066289,102.0077511552,484.42436066289,13645.3657855211,14191.1564387676,13793.37317043,63.6781417562646,34.5766359255528,44.8905850298012,-626.241984773021,-7.4706012445294,1.49011611938477e-08,1.49011611938477e-08,1.95083941502326,1.76293742689748,1.61114051530516,2.06392173958506,6,25
0.758,200,25,478.87778012943,102.587163400665,478.87778012943,14050.3451796895,13801.8877160376,13824.8667948205,64.8469187919327,38.563576591466,42.7334285436396,-801.847319901981,-223.884984200549,1.49011611938477e-08,1.49011611938477e-08,1.85696706544798,1.49619554233082,0.258597801430947,2.6260162772162,6,25
0.759,200,25,487.481384378312,101.635679617193,487.481384378312,14012.8097833131,13482.3302348126,14269.1891872297,64.8107390005369,43.9123305951862,40.6875686363168,-798.37625555001,-459.275740844709,1.49011611938477e-08,1.49011611938477e-08,1.79886978539359,1.43420506729597,1.49011611938477e-08,2.7536122647557,6,25
0.76,200,25,470.763928864888,103.263604342702,470.763928864888,13610.3429654342,13642.5850169182,14567.8187328861,63.4412922871577,48.323894716124,38.7524269000293,-686.096582145349,-558.99060151398,1.49011611938477e-08,1.49011611938477e-08,1.87354761355446,1.45500473825112,1.49011611938477e-08,2.47410239409126,6,25
0.761,200,25,408.209349071733,104.79654894539,408.209349071733,13370.0559880882,14070.9544486505,14361.9691768969,61.843286964063,51.0360630522074,37.9556485117033,-592.36190067021,-515.650341091865,1.49011611938477e-08,1.49011611938477e-08,1.93882514133309,1.36328078147522,1.49011611938477e-08,3.33985268658801,6,25
0.762,200,25,302.316829250699,105.481284485767,302.316829250699,13623.5432013802,14221.9299305035,13913.3681638788,61.4639969828239,52.1441590217129,39.2144741300292,-546.609573217933,-379.846541850583,1.49011611938477e-08,1.49011611938477e-08,1.95344515487387,1.17426652366141,1.49011611938477e-08,12.7069711104075,6,25
0.763,200,25,244.484681640647,105.831836002824,244.484681640647,14048.7775327025,13910.8287186219,13792.4677546935,62.2373504550623,51.9416928912745,42.0821374947985,-532.664847683155,-232.964188196612,1.49011611938477e-08,1.49011611938477e-08,1.87570874568934,1.13983816659299,0.504317343950612,5.33382786446466,6,25
0.764,200,25,368.982717808095,105.080385792199,368.982717808095,14129.3383156893,13524.9175868101,14157.6851311082,62.3914210083911,50.7152773190099,45.2252421800354,-480.921593060519,-154.219039147593,1.49011611938477e-08,1.49011611938477e-08,1.78319621030562,1.38948989906465,1.09088794353944,3.33978073318837,6,25
0.765,200,25,609.080825317122,-340.192542880618,609.080825317122,13800.0020948916,13566.591815111,14550.5219821835,59.6381085264623,48.6954352841372,46.9290996502974,-376.66879723773,-139.071143909005,1.49011611938477e-08,1.49011611938477e-08,1.83869462893417,1.87425913099939,1.75600199280969,3.52576255081614,6,25
0.766,200,25,647.696391467993,104.974710786618,647.696391467993,13501.2562496765,13978.967644168,14511.2095391672,53.3496295532566,46.6410639386229,46.2917662843015,-313.305999113752,-127.003372423741,1.49011611938477e-08,1.49011611938477e-08,1.9266871674645,2.29793675287406,2.32642254635352,4.36683676534287,6,25
0.767,200,25,619.428586573296,67.610874786703,619.428586573296,13640.0251215902,14225.1360094483,14121.7161230456,45.0906211239405,45.4798645022445,43.7006699314353,-379.858216178259,-57.9850753773157,1.49011611938477e-08,1.49011611938477e-08,1.96045987453029,1.79392147024931,2.01040484037247,3.83789532963378,6,25
0.768,200,25,507.793981253709,96.4520017088201,507.793981253709,14034.9558306954,13995.8085610052,13893.4533630765,40.7080760793185,45.8673544802618,41.4540350650563,-602.787607159791,51.1227122684233,1.49011611938477e-08,1.49011611938477e-08,1.91300560848788,0.684460379386888,1.09348602166918,1.82073775360429,6,25
0.769,200,25,252.557036311103,105.777546934902,252.557036311103,14183.7695674722,13564.9238486864,14146.1632805332,44.9428712329924,47.687655901682,41.7559330972481,-839.250115189506,89.8006169082412,1.49011611938477e-08,1.49011611938477e-08,1.80120503732835,1.49011611938477e-08,0.418200803378538,1.1176837468469,6,25
0.77,200,25,146.413382615732,106.417192305134,146.413382615732,13908.5270335676,13479.6896271538,14559.9350002673,52.7242215160707,49.8773211887779,43.559294377549,-919.366701682964,37.1326209181175,1.49011611938477e-08,1.49011611938477e-08,1.81856073149968,1.49011611938477e-08,1.49011611938477e-08,1.36703601262485,6,25
0.771,200,25,328.312464195831,105.332022092166,328.312464195831,13475.9858545032,13853.4367330294,14533.5244936173,60.1518758443193,51.5206072168466,46.3122292661294,-897.86569944721,-31.0896476877125,1.49011611938477e-08,1.49011611938477e-08,1.91101660072899,0.484863108299028,1.49011611938477e-08,1.9191231132627,6,25
0.772,200,25,631.674522965793,-632.83189051871,631.674522965793,13495.1998478992,14211.0343744677,14126.4362834766,65.1196718986943,52.2895560600062,48.8375375003553,-820.131547519028,-150.382893830944,1.49011611938477e-08,1.49011611938477e-08,1.95164220279787,0.890993371724515,1.49011611938477e-08,2.83115466131866,6,25
0.773,200,25,645.479304538466,-7166.5682681766,645.479304538466,13880.9494435137,14128.2928360275,13816.9722653169,65.9884979499701,51.6980149279573,49.6796502930159,-672.404856905759,-263.354634247918,1.49011611938477e-08,1.49011611938477e-08,1.93006856123289,1.27447371409033,0.449824721865273,3.7698694043928,6,25
0.774,200,25,592.131373989451,-178.349422742896,592.131373989451,14073.4387076238,13725.6023333118,13960.347859411,64.7228078736577,49.1786681975921,49.6978902253865,-504.362541066747,-244.880159771098,1.49011611938477e-08,1.49011611938477e-08,1.83346155965617,1.57388968210702,1.08622547111546,3.425805006947,6,25
0.775,200,25,630.538602671766,101.752686996631,630.538602671766,13838.6698513952,13530.3257472576,14388.9312773595,63.5941613694977,44.7123569023247,49.5101669207799,-384.535428422578,-129.379040888065,1.49011611938477e-08,1.49011611938477e-08,1.82799334587187,1.82278931131392,1.72809970925167,2.49519672005907,6,25
0.776,200,25,600.95431649826,-258.186393673224,600.95431649826,13397.3823405416,13810.5640031682,14526.4001643751,62.6460262305726,39.3742452122256,48.4836067646199,-338.421909473298,-23.8088714485204,1.49011611938477e-08,1.49011611938477e-08,1.90814315678199,2.07045440366163,2.17996573502248,2.05156403709974,6,25
0.777,200,25,534.774723389172,76.6889443102674,534.774723389172,13292.2919439323,14186.1435132111,14185.3795012683,62.7664808026624,35.2916109430329,46.9815860501068,-427.484011667862,41.751106146666,1.49011611938477e-08,1.49011611938477e-08,1.94771492814377,2.07235782271834,3.30648738896215,1.91040214934192,6,25
0.778,200,25,499.229047341763,99.3256577092503,499.229047341763,13671.7451342666,14175.5186286877,13779.2176303291,64.0079279377872,35.0733377406244,45.0528031620478,-641.187845930875,-18.6195737951597,1.49011611938477e-08,1.49011611938477e-08,1.948816551837,1.75004842889915,1.51190265447568,2.10218565213628,6,25
0.779,200,25,491.904235416345,100.969039182472,491.904235416345,14064.1229427333,13776.0156133048,13842.9768645306,65.0596925727288,38.9951533215213,42.906621270239,-806.375850536888,-243.994052604623,1.49011611938477e-08,1.49011611938477e-08,1.85001002184897,1.49828531882317,0.145036411094504,2.67507626920133,6,25
0.78,200,25,489.164696618546,101.381453161338,489.164696618546,13998.0174400707,13476.8026414442,14295.1913853984,64.8842769470857,44.2076699940627,40.8332580220445,-790.717974859005,-476.375104575604,1.49011611938477e-08,1.49011611938477e-08,1.80016914847478,1.45093916731116,1.49011611938477e-08,2.71637534007297,6,25
0.781,200,25,461.187603485966,103.77733641843,461.187603485966,13588.37038947,13663.8366072376,14568.7151898965,63.4324104693436,48.4517740798212,38.9723770429871,-682.121390693376,-564.773630035104,1.49011611938477e-08,1.49011611938477e-08,1.87864489970575,1.47555361013179,1.49011611938477e-08,2.44474182512125,6,25
0.782,200,25,391.833341431581,104.920580354423,391.833341431581,13372.438760049,14090.59299962,14335.6005167923,61.8922587479575,51.019990914241,38.3353398881445,-586.385466836114,-513.814540655737,1.49011611938477e-08,1.49011611938477e-08,1.94065968043691,1.37976104530452,1.49011611938477e-08,3.40411329500449,6,25
0.783,200,25,285.709977822818,105.580745023556,285.709977822818,13649.9871456775,14215.13522765,13890.672930272,61.6299828623123,52.0190224386108,39.7500042536561,-544.681214592131,-374.256666564084,1.49011611938477e-08,1.49011611938477e-08,1.95227495175121,1.19520317896482,1.49011611938477e-08,13.8696350917144,6,25
0.784,200,25,233.823523480066,105.892742666816,233.823523480066,14068.765620368,13884.9538980315,13800.0025371382,62.4149095011712,51.7337848079334,42.6318092077673,-529.122510956771,-231.222557868515,1.49011611938477e-08,1.49011611938477e-08,1.86787764454723,1.17559053304874,0.515518414126654,5.36695719490449,6,25
0.785,200,25,366.241736519546,105.099580954815,366.241736519546,14122.5015354566,13513.050696411,14182.0297225561,62.4300883333799,50.4263669374643,45.7271989183934,-471.804224278917,-157.524426687816,1.49011611938477e-08,1.49011611938477e-08,1.78195428954366,1.4416068468508,1.11144735307873,3.45377045331444,6,25
0.786,200,25,612.253496964768,-379.055999344034,612.253496964768,13779.8891004711,13584.3908350326,14558.303507175,59.4085005516967,48.3101800147529,47.3431666453419,-370.797106895026,-143.826369944086,1.49011611938477e-08,1.49011611938477e-08,1.84417525410934,1.94263536844195,1.78504772907985,3.70698447100896,6,25
0.787,200,25,647.248013050968,-7825.97797477128,647.248013050968,13498.4499671146,14002.8883342512,14490.4298225007,52.8843216129066,46.220062076863,46.6345657145875,-308.349403652817,-129.998502035221,1.49011611938477e-08,1.49011611938477e-08,1.929850856934,2.35609590314246,2.33503935702961,4.62636444581813,6,25
0.788,200,25,617.798598648003,-1572.92063855319,617.798598648003,13661.8406847257,14226.6221237279,14095.8386877444,44.5563184965921,45.1169997868966,44.007359480899,-385.531056257509,-57.6273365436205,1.49011611938477e-08,1.49011611938477e-08,1.96084863320093,1.77534642118009,1.94518481591697,3.97289582098255,6,25
0.789,200,25,501.760153447345,98.4250389146643,501.760153447345,14055.9408162573,13973.7959883517,13891.6064529824,40.4534658556218,45.6180676841521,41.81296560749,-614.436456497954,50.1606618534006,1.49011611938477e-08,1.49011611938477e-08,1.90659373719592,0.652675987412383,1.03449264326169,1.84052102900512,6,25
0.79,200,25,262.90996507868,105.715959553981,262.90996507868,14180.7316685709,13548.7706567651,14167.9776096422,45.0054503785667,47.5232247959733,42.1835127477851,-844.406732201998,82.7898163016845,1.49011611938477e-08,1.49011611938477e-08,1.79769506087885,1.49011611938477e-08,0.360264577345791,1.15800001021979,6,25
0.791,200,25,169.805426477878,106.277179595813,169.805426477878,13886.1866196307,13493.2917205904,14573.3489779071,52.7349854132561,49.7466455581313,43.9057026773944,-913.051235180965,30.587305511206,1.49011611938477e-08,1.49011611938477e-08,1.82329149402392,1.49011611938477e-08,1.49011611938477e-08,1.43247385492546,6,25
0.792,200,25,352.633401843372,105.188010586935,352.633401843372,13466.8814301436,13881.9160692513,14519.0734017529,60.0679800418581,51.401724826729,46.570430706673,-887.082101163048,-41.9931912884337,1.49011611938477e-08,1.49011611938477e-08,1.91462149849652,0.524930719561585,1.49011611938477e-08,2.00281248967035,6,25
0.793,200,25,648.478256534705,-8024.33755400678,648.478256534705,13514.9310097736,14224.2496428309,14104.8122040375,64.7135554208662,52.1613324181906,48.810319025308,-804.045209166674,-159.624030189097,1.49011611938477e-08,1.49011611938477e-08,1.95244319902606,0.924033364223771,1.49011611938477e-08,2.91677844808995,6,25
0.794,200,25,642.542614884979,-6180.02325259236,642.542614884979,13904.9613899838,14112.1835462016,13814.7034405317,65.3045272057599,51.4843668660407,49.4559915374004,-652.653786795377,-260.267668451534,1.49011611938477e-08,1.49011611938477e-08,1.92534354759841,1.29849749855233,0.483088232313316,3.7502592114958,6,25
0.795,200,25,582.441419506326,-101.935356009758,582.441419506326,14069.5474539537,13704.5131248627,13981.5192240559,64.0396631686141,48.9207924903972,49.494618605877,-491.111938695592,-226.608282651032,1.49011611938477e-08,1.49011611938477e-08,1.82904789308027,1.5808255081838,1.12388282412949,3.24489288202672,6,25
0.796,200,25,633.709684150345,103.501842844165,633.709684150345,13812.6058970798,13536.0716913679,14407.2839054152,63.0244378415932,44.4372961194571,49.3196954802521,-384.685146800281,-112.35769841792,1.49011611938477e-08,1.49011611938477e-08,1.83180069615515,1.81560308861465,1.75036229788193,2.33136747145665,6,25
0.797,200,25,607.356651769424,-458.504180555374,607.356651769424,13376.3666897775,13836.6104765162,14517.364050608,62.1659014597825,39.1986832719235,48.2388173633247,-344.64058013607,-3.43229918875692,1.49011611938477e-08,1.49011611938477e-08,1.91201747591844,2.04113692474354,2.18234465318337,1.92102920412274,6,25
0.798,200,25,533.356894736819,78.2018309731278,533.356894736819,13300.7825680797,14202.4237671885,14158.6251727493,62.3296510853038,35.3880717428373,46.6466715758739,-444.017033267938,52.0614418921719,1.49011611938477e-08,1.49011611938477e-08,1.94903240300534,2.02084414867268,3.39492611087985,1.81469131783231,6,25
0.799,200,25,486.558805367271,101.716250757258,486.558805367271,13694.237896334,14160.9544342922,13766.6957785855,63.5381011318988,35.6554621148258,44.6758310214514,-660.518146235768,-27.2192194851399,1.49011611938477e-08,1.49011611938477e-08,1.94672215152133,1.71077978411513,1.43197569485384,2.05035461242038,6,25
0.8,200,25,476.926075482941,102.82566274842,476.926075482941,14068.4339548721,13750.4483711669,13861.0750910985,64.5054213902333,39.9632753779298,42.6065185357789,-812.045249258605,-252.670698084066,1.49011611938477e-08,1.49011611938477e-08,1.84444727484716,1.48203401873609,1.49019052824334e-08,2.63130006569905,6,25
0.801,200,25,472.171828124187,103.179621673675,472.171828124187,13973.9352366104,13472.65074722,14319.4542426124,64.2370399180654,45.2798483197378,40.6732358525312,-793.357842382037,-486.466404035287,1.49011611938477e-08,1.49011611938477e-08,1.80286090749483,1.44861268703788,1.49011611938477e-08,2.61491483408497,6,25
0.802,200,25,443.071295209214,104.333207572392,443.071295209214,13559.6218677042,13685.8035163543,14567.4090020875,62.7222877685643,49.5349420062311,38.8874498903276,-677.578323084718,-574.289089949111,1.49011611938477e-08,1.49011611938477e-08,1.88400456808078,1.47485783935644,1.49011611938477e-08,2.38147906519586,6,25
0.803,200,25,377.529038164288,105.018651961572,377.529038164288,13369.5019266841,14109.2461684319,14308.6808248183,61.1914502648308,52.0862281207595,38.307982073819,-583.049565288347,-516.10605604173,1.49011611938477e-08,1.49011611938477e-08,1.94242245469491,1.37380259048103,1.49011611938477e-08,3.41740482552126,6,25
0.804,200,25,271.674233002041,105.664884972235,271.674233002041,13669.920004234,14206.7854330094,13869.1250683866,60.9497830158341,53.0644669292514,39.7269352965242,-540.438945735329,-373.802055429197,1.49011611938477e-08,1.49011611938477e-08,1.95087142633688,1.19212090221645,1.49011611938477e-08,14.320291818573,6,25
0.805,200,25,236.571931378841,105.879211954483,236.571931378841,14079.7309192608,13860.4961889048,13808.2189306255,61.677240765061,52.7629870342027,42.6173015106057,-521.399723381044,-237.679982495085,1.49011611938477e-08,1.49011611938477e-08,1.86087355073245,1.18441912015775,0.571948404000797,5.19681360168596,6,25
0.806,200,25,382.037243453158,104.999081766294,382.037243453158,14106.5355744004,13503.628216106,14206.5364778467,61.471004815747,51.4404597677563,45.64918226947,-459.804678292739,-162.557256684092,1.49011611938477e-08,1.49011611938477e-08,1.78201894167375,1.46440904705409,1.17690773060611,3.43091358657201,6,25
0.807,200,25,620.006861251455,-474.517128547374,620.006861251455,13752.2261031297,13603.1330972007,14565.1416445184,58.1356661291833,49.338749865275,47.1349349768932,-353.523548434173,-146.90050565456,1.49011611938477e-08,1.49011611938477e-08,1.85018314808289,1.9682677762614,1.87123682638458,3.70771167415912,6,25
0.808,200,25,645.604754394744,-7196.69605008793,645.604754394744,13490.8882547194,14025.1391411322,14470.1250170527,51.2972453109833,47.3098648912611,46.3411656624455,-300.103566359953,-128.859638939355,1.49011611938477e-08,1.49011611938477e-08,1.93298384252729,2.34310116391244,2.4279926369355,4.55304342610204,6,25
0.809,200,25,612.544920109509,-979.384203763553,612.544920109509,13678.5525063109,14223.1329400373,14068.9698375222,42.9410783205551,46.318299924528,43.7979640154162,-393.549635238351,-51.7809199500375,1.49011611938477e-08,1.49011611938477e-08,1.96085463646653,1.67151935222102,1.94221218923169,3.72549277238543,6,25
0.81,200,25,483.752931409773,101.997258251866,483.752931409773,14070.9800285361,13947.0972416443,13889.1118891864,39.5983437768798,46.9681118024039,41.9381304027944,-620.501640129406,45.3173757679848,1.49011611938477e-08,1.49011611938477e-08,1.89958776529302,0.560564140315209,0.991023279932069,1.72786163047098,6,25
0.811,200,25,239.194473984316,105.857923366298,239.194473984316,14171.8072789043,13529.2594137668,14187.7637031677,44.9273264256,49.0001314016535,42.5025579619175,-850.724356055061,68.5335222680834,1.49011611938477e-08,1.49011611938477e-08,1.79433270101273,1.49011611938477e-08,0.284436283687946,1.17498573918187,6,25
0.812,200,25,166.22134666438,106.302974286171,166.22134666438,13858.1011322221,13503.3496783683,14580.0498484334,52.8941201799156,51.2683508413525,44.1472952005142,-915.254005928093,6.6024725497126,1.49011611938477e-08,1.49011611938477e-08,1.82820811719175,1.49011611938477e-08,1.49011611938477e-08,1.5346176250873,6,25
0.813,200,25,373.890279362214,105.050686636364,373.890279362214,13454.8001956095,13904.8670296186,14499.5410735772,60.2821953678268,52.9189395411723,46.7406173765184,-882.755524559804,-70.0817164018847,1.49011611938477e-08,1.49011611938477e-08,1.91804526817736,0.544574601474973,1.49011611938477e-08,2.1793741083964,6,25
0.814,200,25,667.438817621862,-1205.15999606544,667.438817621862,13531.4851248538,14226.8032027768,14075.4407234888,64.8138548177982,53.6197308053993,48.8821293236915,-792.680602203672,-188.808210335533,1.49011611938477e-08,1.49011611938477e-08,1.95307750760033,0.945522286586546,1.49011611938477e-08,3.1955054729815,6,25
0.815,200,25,641.125238477907,104.566335578267,641.125238477907,13925.1906817332,14091.921055722,13808.3547657283,65.3203638184083,52.839054664148,49.4420800093328,-635.64852612026,-278.072699896469,1.49011611938477e-08,1.49011611938477e-08,1.92062095429916,1.316880197421,0.48315207873887,4.01425551962272,6,25
0.816,200,25,582.823604296431,-98.7903613426007,582.823604296431,14064.848749595,13683.9047422849,13997.3647614143,64.1042696006715,50.0637179135758,49.4426503354114,-481.201213557702,-232.333267714125,1.49011611938477e-08,1.49011611938477e-08,1.82534663054698,1.59428328089572,1.14934045474682,3.28267592437842,6,25
0.817,200,25,630.629000274699,-3334.58813449186,630.629000274699,13792.4564975428,13540.8627459721,14424.3854621673,63.0789720389003,45.4581399448255,49.0736512765249,-368.311659904841,-106.208806111651,1.49011611938477e-08,1.49011611938477e-08,1.83517774889342,1.84234490518619,1.77717698509842,2.33043396919647,6,25
0.818,200,25,597.191876680357,-222.879527998332,597.191876680357,13365.1838942828,13859.842500639,14508.5385997012,62.2810496703443,40.2215630628188,47.8419717102257,-336.33415940165,4.67117889842803,1.49011611938477e-08,1.49011611938477e-08,1.91514717681511,2.07005119557294,2.21664769622938,1.9150218960215,6,25
0.819,200,25,526.417111711017,85.2773519057249,526.417111711017,13320.6403464269,14210.5440313639,14133.1812277296,62.6065910812922,36.6314288325161,46.1604850940592,-450.274005396792,57.6891475330577,1.49011611938477e-08,1.49011611938477e-08,1.95002921843046,2.02106039500711,3.57154869783634,1.81626334507783,6,25
0.82,200,25,490.215565184683,101.176905073366,490.215565184683,13729.9427314802,14144.3955019461,13761.1567651697,63.9926800574104,37.0364639317746,44.1245946529396,-676.350173091976,-26.3864350506945,1.49011611938477e-08,1.49011611938477e-08,1.94345100565298,1.6743310824703,1.32336177896358,2.05667904647524,6,25
0.821,200,25,489.236218761995,101.403621044125,489.236218761995,14083.1983404823,13725.7904322397,13886.8549968396,65.1079394120791,41.2726108618857,41.9557322524234,-826.815387060464,-251.593555047399,1.49011611938477e-08,1.49011611938477e-08,1.83798056763923,1.42783213583942,1.49011611938477e-08,2.64421350224564,6,25
0.822,200,25,488.372525324544,101.502499199424,488.372525324544,13959.2455852057,13470.5611084169,14348.742933496,65.0090693165877,46.4576728159231,39.8756323193284,-806.584309335379,-477.333533162581,1.49011611938477e-08,1.49011611938477e-08,1.80533163126562,1.3754687966841,1.49011611938477e-08,2.66898170261513,6,25
0.823,200,25,460.743871194946,103.796541554639,460.743871194946,13541.857691509,13708.6708081491,14570.9992486705,63.6944099969075,50.5771752295658,38.0482824653487,-693.460027089928,-555.611485235638,1.49011611938477e-08,1.49011611938477e-08,1.88897202637757,1.37672920927469,1.49011611938477e-08,2.50528085220834,6,25
0.824,200,25,389.478849022975,104.937255435139,389.478849022975,13378.5601739751,14126.9801960888,14290.5703026312,62.3770646005883,53.0174958738207,37.5908509823012,-602.094457597167,-491.337395095085,1.49011611938477e-08,1.49011611938477e-08,1.94413754616036,1.25919142388143,1.49011611938477e-08,3.84157516238043,6,25
0.825,200,25,283.643177256858,105.593063886426,283.643177256858,13698.5757388564,14197.5744727886,13860.2878356051,62.2814620547744,53.8998093770458,39.2859798864268,-560.369791023451,-345.788820196408,1.49011611938477e-08,1.49011611938477e-08,1.94939381693275,1.09795146138813,1.49011611938477e-08,16.2943122811106,6,25
0.826,200,25,243.458134315721,105.836075230286,243.458134315721,14096.5090947748,13835.5865372456,13830.4090710146,63.0020896133333,53.4843405608304,42.4277369514096,-537.340747890447,-211.354726786056,1.49011611938477e-08,1.49011611938477e-08,1.85436627896245,1.13152832710265,0.573059027169914,4.32278213849679,6,25
0.827,200,25,398.440375639339,104.882072817829,398.440375639339,14095.3985874166,13495.8088699106,14241.6623202932,62.6364406166213,52.0155607207067,45.6116528289433,-468.881079064928,-139.339925922561,1.49011611938477e-08,1.49011611938477e-08,1.7834267681095,1.43911985150387,1.20808271654936,3.07171610226105,6,25
0.828,200,25,640.434515069799,-4617.10442341836,640.434515069799,13729.9451509124,13624.1331668259,14580.9077132342,59.1037122489565,49.7664841243483,47.1455061065297,-360.563660823046,-123.903718228978,1.49011611938477e-08,1.49011611938477e-08,1.85682597572383,1.94832554507934,1.93020823334656,3.35015840984627,6,25
0.829,200,25,645.444346993725,-7138.85729191248,645.444346993725,13488.7146137002,14049.1232401575,14459.4698528462,52.1475412206153,47.6639711789419,46.3247615594081,-313.024445863389,-103.259230703887,1.49011611938477e-08,1.49011611938477e-08,1.93616985804442,2.28883535508455,2.49366160438928,4.00641449661314,6,25
0.83,200,25,610.194879246021,-746.464739108481,610.194879246021,13699.4070920199,14222.550518343,14056.7126775308,43.9541952696365,46.6718286473581,43.8042530258876,-417.203393245277,-23.0746996762022,1.49011611938477e-08,1.49011611938477e-08,1.96112302252883,1.58670681599037,1.93703332067146,3.17006627671176,6,25
0.831,200,25,476.648902535309,102.73303308182,476.648902535309,14087.6858724101,13925.333316888,13902.5070725848,40.9952041825733,47.345126972004,42.0664787129537,-649.090330948662,69.991783859847,1.49011611938477e-08,1.49011611938477e-08,1.89382016684948,0.530447553228823,0.970808776589693,1.53622204955522,6,25
0.832,200,25,242.444439382081,105.83842481473,242.444439382081,14162.6930053167,13516.9332447716,14221.7869455789,46.3791400904144,49.3886895472662,42.7126137954669,-872.126372462224,83.9883872171158,1.49011611938477e-08,1.49011611938477e-08,1.79341247092335,1.49011611938477e-08,0.256188099166813,1.10244826821529,6,25
0.833,200,25,179.866114491481,106.216893606603,179.866114491481,13825.9955290031,13520.8849914853,14597.2648834923,54.0997841688476,51.6417012518996,44.2885177669366,-925.666609104176,17.8466268758946,1.49011611938477e-08,1.49011611938477e-08,1.83485693095659,1.49011611938477e-08,1.49011611938477e-08,1.47093613670964,6,25
0.834,200,25,396.567402224294,104.900573477791,396.567402224294,13439.6978882433,13933.8696701115,14488.9607542601,61.2737642949968,53.2608568780058,46.8578032828829,-891.752948758455,-59.9460291054674,1.49011611938477e-08,1.49011611938477e-08,1.92191201197539,0.545735794293021,1.49011611938477e-08,2.06932226465007,6,25
0.835,200,25,655.809230138159,-11907.4511471257,655.809230138159,13544.767365757,14237.0440131447,14060.3306837062,65.4107978880928,53.8852552156782,48.8066111567029,-796.495615647612,-178.938821951379,1.49011611938477e-08,1.49011611938477e-08,1.95395638734386,0.938863447298372,1.49011611938477e-08,2.97316468317891,6,25
0.836,200,25,638.480823792119,-5032.45539112237,638.480823792119,13940.0337474318,14072.8049959183,13813.8210984246,65.581112843568,52.9647417940347,49.2546520825003,-642.410310909717,-260.923812062416,1.49011611938477e-08,1.49011611938477e-08,1.91599978402832,1.30278715781301,0.554027057898465,3.62822459676287,6,25
0.837,200,25,584.894335120106,-113.936310421311,584.894335120106,14053.1846206907,13664.8382585944,14025.0124217556,64.2148224831925,50.0993020544863,49.353280038965,-479.284215513901,-211.033318256309,1.49011611938477e-08,1.49011611938477e-08,1.82267613487861,1.57587742442995,1.21351571898909,2.95424860735502,6,25
0.838,200,25,631.746069807011,-3562.99707661802,631.746069807011,13761.3609965352,13549.6850920029,14446.8844843389,63.0475516746467,45.3951706018902,49.0788009363208,-365.775806198754,-88.5697891975707,1.49011611938477e-08,1.49011611938477e-08,1.840056824451,1.83150238766903,1.80117008277532,2.16908903553656,6,25
0.839,200,25,599.211908495482,-244.415199031005,599.211908495482,13342.4316177183,13886.1724451613,14502.6674081281,62.1566769831819,40.1461410465914,47.966775133113,-338.673237051097,17.9219212117932,1.49011611938477e-08,1.49011611938477e-08,1.91887664895385,2.05644684678478,2.19307987144596,1.82347027363408,6,25
0.84,200,25,527.521016557269,84.4278351825661,527.521016557269,13327.4457094991,14222.5269865931,14109.8095054926,62.4411044771353,36.6501969920627,46.3623240881635,-460.539298388191,63.5756908853605,1.49011611938477e-08,1.49011611938477e-08,1.95135655455677,1.99622704001414,3.64318365202032,1.76025306450961,6,25
0.841,200,25,483.128364074978,102.210653214762,483.128364074978,13748.9133082544,14125.7769479567,13753.3528778787,63.7621490929588,37.3612287946154,44.3573396575085,-677.163947345251,-28.1477857990576,1.49011611938477e-08,1.49011611938477e-08,1.94045182308307,1.66116027411572,1.29521612030463,2.04494128161569,6,25
0.842,200,25,476.533652179568,102.858822695178,476.533652179568,14084.7984611292,13700.9103771549,13908.2193350048,64.7218852109786,41.7871035014653,42.2030333279055,-826.449138212678,-275.81269334093,1.49011611938477e-08,1.49011611938477e-08,1.83226906597483,1.442408624229,1.49011611938477e-08,2.64799231390647,6,25
0.843,200,25,472.837722376677,103.132146868845,472.837722376677,13935.8125454378,13470.340370374,14372.513656583,64.4098668601857,46.9685917111412,40.0907370431714,-792.145529874364,-499.611046720065,1.49011611938477e-08,1.49011611938477e-08,1.8080875213546,1.413470339632,1.49011611938477e-08,2.58353789575186,6,25
0.844,200,25,441.782082760174,104.359616371557,441.782082760174,13518.2919681935,13732.2196030823,14566.8627809331,62.8980514548308,51.0118122961579,38.2025768966086,-674.97537444432,-568.587614744176,1.49011611938477e-08,1.49011611938477e-08,1.89359958749743,1.42376848626981,1.49011611938477e-08,2.42192440080295,6,25
0.845,200,25,371.103817207709,105.060187357076,371.103817207709,13382.1288776603,14142.9642364213,14261.4148292229,61.5257366129955,53.3729001943161,37.7516301230674,-585.650366112751,-496.536959373805,1.49011611938477e-08,1.49011611938477e-08,1.94555901275368,1.30139128994102,1.49011611938477e-08,3.7911972919265,6,25
0.846,200,25,266.328897212418,105.697842739902,266.328897212418,13722.0961253573,14185.7778869171,13840.2780864382,61.4507925576054,54.1938243270917,39.4214200836173,-546.894885138721,-355.81117175373,1.49011611938477e-08,1.49011611938477e-08,1.94703188739245,1.1341844862938,1.49011611938477e-08,17.278483057098,6,25
0.847,200,25,245.831758670391,105.821860173103,245.831758670391,14107.7600894066,13810.3868436121,13840.4356998873,62.1573943168665,53.7520070919259,42.5351349570095,-521.199437535853,-214.719814709309,1.49011611938477e-08,1.49011611938477e-08,1.84679059096231,1.16903784472766,0.624204781235002,4.4013328844356,6,25
0.848,200,25,417.333364431331,104.720384126398,417.333364431331,14080.3124934099,13489.2539534978,14264.7250542982,61.6454318040235,52.2697788863933,45.6101046978829,-448.780807430928,-146.117540922539,1.49011611938477e-08,1.49011611938477e-08,1.78378348517042,1.4858113551596,1.25989520235386,3.16566357737363,6,25
0.849,200,25,648.693582451811,-888.974507970461,648.693582451811,13707.9743452361,13644.7604256005,14584.2966381107,57.8370840745454,50.028137627505,46.965929001157,-341.438816203341,-131.286227290309,1.49011611938477e-08,1.49011611938477e-08,1.86207329043537,2.00120493424516,1.98824511858112,3.49131243532761,6,25
0.85,200,25,643.499883568519,104.70324805104,643.499883568519,13489.0767964282,14069.391224916,14436.2947353205,50.6270483868699,47.9601832992344,46.0445536837914,-303.277292784657,-106.671407303652,1.49011611938477e-08,1.49011611938477e-08,1.93862354437368,2.30594503475164,2.53286801606502,4.14733244458714,6,25
0.851,200,25,605.537826163206,-225.547537418899,605.537826163206,13722.2214973955,14216.3388435925,14031.6171694128,42.4769700480425,47.0494030469289,43.5835083886104,-411.426406125814,-27.7884737613794,1.49011611938477e-08,1.49011611938477e-08,1.96029501247538,1.5147767811349,1.89361516098584,3.13418507951698,6,25
0.852,200,25,460.020024119075,103.793373065634,460.020024119075,14104.5283615399,13898.4308397695,13904.3786546623,40.1801216056723,47.8226852150775,42.0887963498487,-660.328787504362,66.0811189663437,1.49011611938477e-08,1.49011611938477e-08,1.88591014966166,0.455477374822127,0.924926149235817,1.50378363641061,6,25
0.853,200,25,220.867753937813,105.967117309479,220.867753937813,14154.7816002643,13501.2860525762,14242.7698145885,46.143700960059,49.9239809857714,42.8846785058092,-876.021416094935,70.2002463486242,1.49011611938477e-08,1.49011611938477e-08,1.79057893455286,1.49011611938477e-08,0.179180682533699,1.14904275947993,6,25
0.854,200,25,188.687496804104,106.168497355357,188.687496804104,13799.9627366195,13535.2571302437,14598.9062391202,54.0348096207161,52.1749873808286,44.4606883109692,-918.923201909209,0.0263306621919333,1.49011611938477e-08,1.49011611938477e-08,1.83979225410228,1.49011611938477e-08,1.49011611938477e-08,1.57468832022484,6,25
0.855,200,25,408.514315651539,104.80099493146,408.514315651539,13434.398955195,13957.2014026791,14466.123063482,61.2131212235066,53.7534122648302,47.0394224344577,-880.23479239136,-80.4961515444271,1.49011611938477e-08,1.49011611938477e-08,1.92476899011626,0.575219780041689,1.49011611938477e-08,2.23190900273872,6,25
0.856,200,25,658.7571493769,106.065771288791,658.7571493769,13566.787237037,14238.1349991191,14032.3126812956,65.1804462382259,54.3076072612793,48.9137615978689,-787.07099362486,-194.27614148531,1.49011611938477e-08,1.49011611938477e-08,1.95413558835247,0.969201852799055,1.49011611938477e-08,3.22139027355891,6,25
0.857,200,25,636.398208467683,104.157316361305,636.398208467683,13960.6707258463,14052.5280310952,13811.6583263331,65.2537819115185,53.2720689445626,49.2914236921482,-624.342582974333,-271.713795827103,1.49011611938477e-08,1.49011611938477e-08,1.91076797723758,1.32824704474629,0.571080356529715,3.83870530227902,6,25
0.858,200,25,586.108403357982,-123.195978121613,586.108403357982,14045.4873326199,13646.4389732299,14042.2609739394,63.9891376863325,50.213326319191,49.3585390240812,-466.328121316366,-206.009465362461,1.49011611938477e-08,1.49011611938477e-08,1.81995911887089,1.59092699232192,1.24176296452574,2.97093708849854,6,25
0.859,200,25,631.880610288605,-3567.52023848011,631.880610288605,13735.2652102279,13558.2630214614,14457.0306016692,62.9322410772766,45.4264388365839,48.9795647206631,-360.359472771377,-78.1589651727959,1.49011611938477e-08,1.49011611938477e-08,1.84436505482291,1.8401127856083,1.8261164925966,2.14182334865861,6,25
0.86,200,25,598.49450067583,-235.594129055612,598.49450067583,13328.3202256527,13909.4065352832,14484.9428259789,62.1366301692412,40.214044212417,47.7537747975545,-344.36766845262,26.2275217435515,1.49011611938477e-08,1.49011611938477e-08,1.92188629543821,2.04974388431988,2.24938248812291,1.79767539950255,6,25
0.861,200,25,524.546989912101,86.8744429736925,524.546989912101,13344.6443666973,14228.4235399218,14079.4073485367,62.5182547959115,37.0107588428152,46.068047951269,-469.088045259143,63.9013872611157,1.49011611938477e-08,1.49011611938477e-08,1.95239766439861,1.96494669681618,3.71139492874731,1.75418765104698,6,25
0.862,200,25,488.99661482239,101.355277701386,488.99661482239,13778.5514211471,14106.947594036,13745.8833326091,63.8754788929147,37.9945282200935,44.0463934646802,-699.113615799272,-40.5634180527189,1.49011611938477e-08,1.49011611938477e-08,1.93671924723338,1.62486719342884,1.16571133604099,2.05938978615174,6,25
0.863,200,25,481.557967092342,102.298181515523,481.557967092342,14090.9443216681,13677.2119745019,13930.9488640486,64.8078961465121,42.5293699729019,41.9556508927892,-838.618022399406,-292.827843404887,1.49011611938477e-08,1.49011611938477e-08,1.82720609934816,1.41381857188802,1.49011611938477e-08,2.64542268732813,6,25
0.864,200,25,473.990168384894,103.045620392284,473.990168384894,13913.3000383241,13471.1693605679,14394.4966459123,64.5015239060275,47.6890255709799,39.9479590372343,-797.247064348752,-508.654141414482,1.49011611938477e-08,1.49011611938477e-08,1.81196017426904,1.38472912852952,1.49011611938477e-08,2.54798651623947,6,25
0.865,200,25,436.22596541191,104.46199214651,436.22596541191,13496.0800847108,13755.5906016628,14560.2392157763,63.071074961127,51.6612214090006,38.274651956097,-681.264795876718,-566.571703899047,1.49011611938477e-08,1.49011611938477e-08,1.89846738964923,1.38662355876447,1.49011611938477e-08,2.45598231967785,6,25
0.866,200,25,357.744844240292,105.147069908567,357.744844240292,13388.503794852,14157.5565733979,14233.871414877,61.8455259449298,53.9499304653944,38.0812635265357,-598.266133713792,-493.921032747901,1.49011611938477e-08,1.49011611938477e-08,1.94697549514352,1.26185913752176,1.49011611938477e-08,4.04294949733989,6,25
0.867,200,25,258.679706002344,105.742481733988,258.679706002344,13747.0430541057,14172.5961800999,13824.7221912565,61.8672780493925,54.7092844856967,39.9546299272014,-556.912049191116,-345.530925737055,1.49011611938477e-08,1.49011611938477e-08,1.9445635773313,1.1131505604888,1.49011611938477e-08,15.7469951188283,6,25
0.868,200,25,243.05626128619,105.840461749656,243.05626128619,14118.7511504443,13784.4699768105,13856.1534968086,62.495732239437,54.2014956634209,43.1027925534116,-525.456919469612,-209.760453026932,1.49011611938477e-08,1.49011611938477e-08,1.84002053458936,1.1742805490526,0.648742554763078,4.23322166063119,6,25
0.869,200,25,417.016047606097,104.726367225172,417.016047606097,14063.8838677184,13483.1231456654,14289.271395141,61.7402512327241,52.6521095766906,46.1273710971071,-445.891203078439,-146.069882999062,1.49011611938477e-08,1.49011611938477e-08,1.78567239785404,1.50936583643061,1.2976374809427,3.16358622314117,6,25
0.87,200,25,647.699951082435,104.904715750037,647.699951082435,13683.2503249377,13665.7044518336,14585.3887153169,57.6796803006681,50.3652868358663,47.450659507929,-339.201730985255,-131.59132175678,1.49011611938477e-08,1.49011611938477e-08,1.86828178894645,2.02748806184505,2.04068067731245,3.51706730868309,6,25
0.871,200,25,643.108478670444,104.680006782354,643.108478670444,13486.7159000884,14089.247481813,14412.3323241237,50.2624533817467,48.3362758790222,46.477769731839,-307.779511085105,-107.631068307888,1.49011611938477e-08,1.49011611938477e-08,1.94139076991865,2.29499732789536,2.5544542236014,4.14032792594488,6,25
0.872,200,25,602.327645726924,-259.160167646887,602.327645726924,13740.8389615363,14209.5824004583,14009.0275669076,42.1770630398029,47.5296014247725,44.0424845674862,-429.027729071585,-24.5626511671656,1.49011611938477e-08,1.49011611938477e-08,1.9598827625749,1.45349906741142,1.82969795630351,3.05585606567652,6,25
0.873,200,25,448.037650277843,104.197782102142,448.037650277843,14115.8229223526,13873.2680274972,13908.8048281058,40.3456842614057,48.4289159010795,42.6665652302548,-681.32209027336,63.4674478554177,1.49011611938477e-08,1.49011611938477e-08,1.87943357494819,0.417853611012673,0.874681597040891,1.47804866297234,6,25
0.874,200,25,223.190649668939,105.953182150926,223.190649668939,14140.2288533321,13489.4154430476,14265.4206832252,46.5942591712768,50.6334268153213,43.4870203266938,-887.369485879855,58.6662925400125,1.49011611938477e-08,1.49011611938477e-08,1.79011626981912,1.49011611938477e-08,1.49011611938477e-08,1.17890362245867,6,25
0.875,200,25,194.53713145899,106.129022846403,194.53713145899,13769.37480793,13552.9408843294,14604.7681641347,54.3897881672019,52.9104759466961,44.9245809444287,-918.978576183159,-14.4411717333719,1.49011611938477e-08,1.49011611938477e-08,1.84574826947329,0.136285559698228,1.49011611938477e-08,1.64096320450845,6,25
0.876,200,25,449.758512985971,104.224055672678,449.758512985971,13426.100642595,13983.0666037498,14446.7582054775,61.3897352441862,54.4913766437952,47.3135593297472,-878.107132809241,-91.5541828117253,1.49011611938477e-08,1.49011611938477e-08,1.92779825749874,0.605104008772113,1.49011611938477e-08,2.32861213743687,6,25
0.877,200,25,656.495582489869,105.776607785453,656.495582489869,13585.6272916609,14242.5437733965,14012.0057050914,65.037885376197,54.9897642969503,48.9237167701066,-775.212571708703,-205.822398914902,1.49011611938477e-08,1.49011611938477e-08,1.95434225299812,0.989814217143015,1.49011611938477e-08,3.29781054668271,6,25
0.878,200,25,632.551577905846,103.214552699068,632.551577905846,13977.333576426,14030.5006253091,13814.4441120655,64.8962414900658,53.835015947328,49.1840787716052,-608.481607929001,-269.50022035494,1.49011611938477e-08,1.49011611938477e-08,1.90486738634728,1.33895756668771,0.60859283508765,3.76598723383176,6,25
0.879,200,25,587.002018909612,-130.052490114601,587.002018909612,14034.8920451939,13629.1996632929,14066.0275187532,63.6445161340175,50.6836354094468,49.3323855962019,-455.220862551634,-190.657218314637,1.49011611938477e-08,1.49011611938477e-08,1.81739310811176,1.59029026412432,1.28548903140763,2.80165879134825,6,25
0.88,200,25,631.897442875279,102.756558755856,631.897442875279,13705.8873647685,13569.4835621077,14472.0160085763,62.6034710426444,45.8243409864018,48.9214684872221,-354.447256886711,-61.658076966768,1.49011611938477e-08,1.49011611938477e-08,1.84902435243315,1.83460560516717,1.83501574153897,2.02312405910488,6,25
0.881,200,25,598.443411186409,-234.918644379026,598.443411186409,13311.1802928529,13935.2401000215,14471.899968433,61.826837054975,40.6476173848757,47.6555059511383,-344.460188661944,35.1727460750174,1.49011611938477e-08,1.49011611938477e-08,1.92490455483574,2.03086002777044,2.24498955388004,1.71193708816227,6,25
0.882,200,25,528.950515537835,82.9810974064292,528.950515537835,13357.130514914,14236.2335583857,14053.559871001,62.2010422969219,37.5656994694106,45.9163717372683,-480.154488104275,67.1822443752297,1.49011611938477e-08,1.49011611938477e-08,1.95350348908303,1.9336705313787,3.77993304326059,1.69665586318159,6,25
0.883,200,25,488.906712526014,101.466583162145,488.906712526014,13798.5675794882,14085.2213537174,13741.0604496211,63.4783061296595,38.785765024168,43.8868207248857,-709.912085953937,-55.3470190795024,1.49011611938477e-08,1.49011611938477e-08,1.93269088786783,1.60828141475192,1.12688237828977,2.04315462696178,6,25
0.884,200,25,470.527716101122,103.298551747905,470.527716101122,14088.2202932371,13652.8997620283,13953.9888830344,64.2937510250828,43.4252678899557,41.8807760440662,-837.348038568881,-317.428283055191,1.49011611938477e-08,1.49011611938477e-08,1.82236228025567,1.41824435604599,1.49011611938477e-08,2.61970817311919,6,25
0.885,200,25,455.429578919139,104.004903364554,455.429578919139,13886.1706460611,13473.9303839886,14415.1790543515,63.8814046941457,48.5507488683785,39.9720590289541,-786.321870142229,-527.144525970008,1.49011611938477e-08,1.49011611938477e-08,1.8157393561706,1.40282538934029,1.49011611938477e-08,2.45868228762086,6,25
0.886,200,25,417.363321357367,104.707736644221,417.363321357367,13472.0999868349,13779.5502036444,14552.2391162038,62.3936026314392,52.4449700107886,38.3241226148648,-675.030899753841,-576.858794512745,1.49011611938477e-08,1.49011611938477e-08,1.9027906112084,1.4073486695952,1.49011611938477e-08,2.39731662065418,6,25
0.887,200,25,340.607309048044,105.249427071171,340.607309048044,13393.7091281286,14170.6279291127,14205.2075317769,61.1877576815953,54.6513268930822,38.1041556471915,-588.142924072572,-497.180831829021,1.49011611938477e-08,1.49011611938477e-08,1.94822061236944,1.28016932954998,1.49011611938477e-08,4.04736340049174,6,25
0.888,200,25,244.731596784847,105.826117521485,244.731596784847,13768.5185627029,14157.7742776698,13809.1609729963,61.2363940296534,55.3347145684304,39.9216257295128,-545.950714437242,-346.995103479627,1.49011611938477e-08,1.49011611938477e-08,1.9414623349528,1.13541294851564,1.49011611938477e-08,15.8063513282611,6,25
0.889,200,25,241.228286880075,105.852383889762,241.228286880075,14124.5898819461,13759.2206861792,13870.582212472,61.8068367463524,54.764064973909,43.0421484817273,-509.813635674118,-212.833228303563,1.49011611938477e-08,1.49011611938477e-08,1.8330300958608,1.20578855341067,0.697783799417977,4.19696856114694,6,25
0.89,200,25,432.002422412899,104.546981494022,432.002422412899,14044.5240438356,13480.0631258072,14312.804302361,60.8249894422906,53.1410781415438,45.9838732576614,-424.493426076658,-150.883294124932,1.49011611938477e-08,1.49011611938477e-08,1.78749395820685,1.55275098869889,1.35834607174586,3.18027306514319,6,25
0.891,200,25,657.694849273301,-1435.00681976144,657.694849273301,13660.1752062346,13688.0141116558,14586.5986748228,56.3903369871895,50.8082284407978,47.1634131259633,-323.122709157597,-135.856805442513,1.49011611938477e-08,1.49011611938477e-08,1.87368608005837,2.07259350183768,2.11637208579988,3.55645879281485,6,25
0.892,200,25,640.882272432059,-5670.36898143858,640.882272432059,13487.5960000869,14107.4183701116,14387.9607009721,48.6713347034092,48.7843718158463,46.1348746055508,-297.959755376281,-106.676085666679,1.49011611938477e-08,1.49011611938477e-08,1.94362564687404,2.29132319659293,2.6253546920762,4.1126085005698,6,25
0.893,200,25,596.117116887701,-214.073891500762,596.117116887701,13762.094926873,14200.4563556326,13986.3678895097,40.702998914876,48.0497802682307,43.8336466945289,-434.796514501783,-20.5752414673376,1.49011611938477e-08,1.49011611938477e-08,1.95843547058341,1.36868118279286,1.80283068653139,2.90127373734727,6,25
0.894,200,25,430.444902970096,104.537865646137,430.444902970096,14128.0375737083,13846.3069865978,13914.0676710698,39.6626265992492,49.0493956571213,42.7431341887831,-694.225145125385,59.7161324689887,1.49011611938477e-08,1.49011611938477e-08,1.87156769465158,0.332062423126384,0.831035460189627,1.424426650723,6,25
0.895,200,25,204.266178755306,106.070768612923,204.266178755306,14127.8133448964,13477.5057279263,14286.6103365607,46.4717787001656,51.2901517371061,43.6934131170455,-891.106546184491,43.7236107648363,1.49011611938477e-08,1.49011611938477e-08,1.78873411696218,1.49011611938477e-08,1.49011611938477e-08,1.23093549615776,6,25
0.896,200,25,201.432827082715,106.087762399574,201.432827082715,13741.44518632,13570.7640902116,14602.7848344153,54.4150141686316,53.564885014687,45.0974026700705,-913.910059149147,-29.7944073384906,1.49011611938477e-08,1.49011611938477e-08,1.85108191781882,0.181172559982997,1.49011611938477e-08,1.75913370687655,6,25
0.897,200,25,458.841651593197,103.949902478332,458.841651593197,13422.1279239667,14006.3222478693,14422.3274661357,61.4058576009126,55.1106073223267,47.4596343622484,-866.504568533391,-113.407414439907,1.49011611938477e-08,1.49011611938477e-08,1.93044689441149,0.634604362959893,1.49011611938477e-08,2.51937340201265,6,25
0.898,200,25,655.446788867136,105.654874034063,655.446788867136,13607.4848733811,14241.8477119134,13986.1908021836,64.9007037160968,55.5545920125122,48.9674178810195,-757.981707540457,-226.569094224152,1.49011611938477e-08,1.49011611938477e-08,1.95420710316,1.0197029985884,1.49011611938477e-08,3.56257716749308,6,25
0.899,200,25,630.399411033228,102.034183947908,630.399411033228,13993.2279067124,14008.4354221837,13815.2101799722,64.7214288624492,54.3153178904142,49.1569546028296,-589.702088531475,-277.122578067254,1.49011611938477e-08,1.49011611938477e-08,1.89940087838889,1.36291498947081,0.626151030747602,3.93606856692766,6,25
0.9,200,25,588.081783194997,-138.60928256614,588.081783194997,14023.0212636709,13613.3330851863,14083.8466498145,63.5992059004834,51.0186877435961,49.2718795724633,-442.572216828796,-183.359743839879,1.49011611938477e-08,1.49011611938477e-08,1.81580346982256,1.60470427093963,1.31535899797136,2.78479781581817,6,25
0.901,200,25,633.204478962066,-3824.75669590312,633.204478962066,13678.9156379252,13581.7772054528,14478.835093007,62.6367822279963,46.0985952567387,48.7572318922194,-351.684435963775,-56.543565482363,1.49011611938477e-08,1.49011611938477e-08,1.85378891382398,1.84592519230144,1.85344760227397,1.98594528632462,6,25
0.902,200,25,600.515428323425,-256.863554966366,600.515428323425,13300.3225034813,13958.1098648156,14450.7105993543,61.9296445912316,40.9921306423078,47.3987892652478,-349.21234290908,43.4938917849486,1.49011611938477e-08,1.49011611938477e-08,1.92757763210552,2.03051466331246,2.3016445326331,1.68487721166627,6,25
0.903,200,25,524.33299969832,87.4865211642851,524.33299969832,13377.7577841354,14240.4315583456,14024.2993658488,62.3858088334421,38.2297660198664,45.622224444405,-498.225666467847,66.249456400934,1.49011611938477e-08,1.49011611938477e-08,1.95446401790984,1.91054189216817,3.80522677117847,1.69217485152806,6,25
0.904,200,25,483.690915041785,102.071322161311,483.690915041785,13827.4050237826,14065.3057452953,13737.2810521128,63.7033458371204,39.7249183044673,43.6290572194207,-731.305487940377,-68.0582996059244,1.49011611938477e-08,1.49011611938477e-08,1.92827914552938,1.57695769365056,1.00751181328973,2.05821921797181,6,25
0.905,200,25,466.614485195904,103.529848585306,466.614485195904,14091.2335626331,13631.7660502073,13978.2738974669,64.5177998104094,44.4738166067246,41.7336806335443,-849.975941208139,-332.725306286885,1.49011611938477e-08,1.49011611938477e-08,1.81837295268786,1.38963324139605,1.49011611938477e-08,2.60869119690362,6,25
0.906,200,25,455.319831882803,104.008129703719,455.319831882803,13862.6952252255,13479.0374531933,14435.1225000146,64.1337736661036,49.5806439801837,39.9472992758743,-798.774945301808,-527.67898208396,1.49011611938477e-08,1.49011611938477e-08,1.82031532048763,1.3708676912612,1.49011611938477e-08,2.43040479525883,6,25
0.907,200,25,416.968735503125,104.711630057086,416.968735503125,13453.1526004753,13804.4456055723,14542.5186873235,62.7551255829274,53.4118404782458,38.5184774169335,-683.626383649505,-573.91611767747,1.49011611938477e-08,1.49011611938477e-08,1.90721512151482,1.36514310289163,1.49011611938477e-08,2.44439999308424,6,25
0.908,200,25,337.42170372525,105.271396013879,337.42170372525,13403.9572600032,14183.4768115881,14177.4276917473,61.7177566100127,55.548936946897,38.551632622389,-599.033323614576,-488.160238571893,1.49011611938477e-08,1.49011611938477e-08,1.94940870342061,1.23827221555244,1.49011611938477e-08,4.34898103599299,6,25
0.909,200,25,237.446612984977,105.869689243674,237.446612984977,13794.4273864609,14142.7322970374,13796.9362705403,61.8440929596619,56.1630318170282,40.5511762190705,-555.452035545234,-337.337455601429,1.49011611938477e-08,1.49011611938477e-08,1.93814453172428,1.11632529035911,1.49011611938477e-08,13.6798674448183,6,25
0.91,200,25,247.05024078028,105.816530432526,247.05024078028,14133.3192944299,13735.1989465434,13889.1275121707,62.2898080474262,55.5111533838921,43.687359439777,-511.563209368353,-208.442918024056,1.49011611938477e-08,1.49011611938477e-08,1.82683764617798,1.21577360980172,0.72427172056483,4.0579158872636,6,25
0.911,200,25,440.079190751566,104.422040255922,440.079190751566,14025.7972068155,13478.0950785314,14336.2191168546,61.0139618067024,53.816945513491,46.5550684482328,-424.565404811954,-152.324807461596,1.49011611938477e-08,1.49011611938477e-08,1.79035744224618,1.58353265125541,1.40393983775727,3.18541046918232,6,25
0.912,200,25,650.866844196382,105.180310890269,650.866844196382,13637.3071667259,13710.8457395934,14584.7420189334,56.3064441331238,51.4604023226425,47.6800266895057,-319.146777396554,-135.899656216622,1.49011611938477e-08,1.49011611938477e-08,1.87960888454504,2.10682150650638,2.18225963404408,3.58506342659674,6,25
0.913,200,25,640.002836316007,104.487945213914,640.002836316007,13489.1854632902,14124.7539211216,14363.2657534277,48.3537514919972,49.498854377716,46.5823007579617,-303.785118421336,-104.015276821916,1.49011611938477e-08,1.49011611938477e-08,1.94605694544863,2.28201798932075,2.65468254435817,4.09294211980596,6,25
0.914,200,25,590.764480763456,-166.034733054271,590.764480763456,13782.3217886781,14189.1771653045,13965.9111746707,40.505878503755,48.8853947594089,44.3319755609215,-454.262578244739,-16.7092157197703,1.49011611938477e-08,1.49011611938477e-08,1.95723881000173,1.30725919519112,1.73253514978002,2.81974224308938,6,25
0.915,200,25,415.965919082688,104.714498075078,415.965919082688,14137.3775894584,13818.8697820786,13922.1562186736,39.9831519421003,50.0321748356914,43.3618452136697,-718.055921902341,55.7249411921827,1.49011611938477e-08,1.49011611938477e-08,1.86483623875016,0.283552774883618,0.767701177233403,1.4079711239037,6,25
0.916,200,25,194.903181027848,106.122420935164,194.903181027848,14111.3962595109,13466.8151200464,14309.5291480027,47.082808510168,52.4079339151219,44.298173576448,-900.977853518003,33.3324975807276,1.49011611938477e-08,1.49011611938477e-08,1.78911469462937,1.49011611938477e-08,1.49011611938477e-08,1.27253604775714,6,25
0.917,200,25,212.879927239989,106.02354469775,212.879927239989,13711.8255508852,13588.719458226,14604.7175965097,54.9841136514618,54.7161410482205,45.5631056959656,-919.581947456035,-46.3403647830185,1.49011611938477e-08,1.49011611938477e-08,1.85688873675046,0.217889541132783,1.49011611938477e-08,1.84494474932338,6,25
0.918,200,25,490.894921575986,101.383628564674,490.894921575986,13417.9257418455,14028.6166156292,14399.9801337213,61.8220407458367,56.2607094940626,47.7446602094321,-866.172294281238,-131.972272232881,1.49011611938477e-08,1.49011611938477e-08,1.93302163039537,0.655161057933246,1.49011611938477e-08,2.65051125144418,6,25
0.919,200,25,654.957615189698,-11539.4680720049,654.957615189698,13628.7675733979,14240.0592592974,13965.1701778468,65.0661880201044,56.6266527339807,49.0583210797229,-750.148187780051,-241.163791607385,1.49011611938477e-08,1.49011611938477e-08,1.95382491395182,1.03581524473749,1.49011611938477e-08,3.69492119407794,6,25
0.92,200,25,626.768717753552,-2736.04281705389,626.768717753552,14009.2200669592,13983.6862895512,13819.5900029364,64.7177336673873,55.2465438390185,49.1748938328313,-576.124737306407,-278.991455825556,1.49011611938477e-08,1.49011611938477e-08,1.89286405580012,1.37537675126608,0.650745017709707,3.92473336435648,6,25
0.921,200,25,601.309981997191,-259.930260501386,601.309981997191,14015.0309336616,13596.6332145373,14111.5706585659,63.5889553815352,51.833477966469,49.32060680163,-436.551618080396,-181.941018523539,1.49011611938477e-08,1.49011611938477e-08,1.8136024616887,1.61467233333436,1.34795291281902,2.69394582001203,6,25
0.922,200,25,628.951672322255,100.429298944107,628.951672322255,13656.1231384784,13593.8250991923,14495.3846743137,62.5502935895404,46.8432741303094,48.605547317569,-339.974952815725,-48.8481735500605,1.49011611938477e-08,1.49011611938477e-08,1.85802495702719,1.8675760872992,1.85875128347277,1.9482150295364,6,25
0.923,200,25,587.018018540017,-135.399350847301,587.018018540017,13293.5091535461,13981.8958523108,14440.1058157431,61.8904086265835,41.7674780403884,47.1283968023295,-344.886675172859,50.5815367525033,1.49011611938477e-08,1.49011611938477e-08,1.92982767930476,2.04690048542939,2.32542000501737,1.66317517603034,6,25
0.924,200,25,518.332888558783,91.7170334294267,518.332888558783,13399.8368244698,14243.0714435539,14004.4334886483,62.4675120055095,39.0725871482113,45.2520653365284,-503.261917877457,69.8405721849073,1.49011611938477e-08,1.49011611938477e-08,1.95506585684259,1.89945746319084,3.78225181983308,1.67718082522413,6,25
0.925,200,25,485.886669419899,101.796027740157,485.886669419899,13852.2716053206,14040.8384984027,13742.0004655668,63.8874746423933,40.6597574909906,43.1307322867484,-728.099303591429,-61.0750084521451,1.49011611938477e-08,1.49011611938477e-08,1.92260097533465,1.55199293123728,0.969700660767498,2.0592610735828,6,25
0.926,200,25,474.911951584916,102.988400136175,474.911951584916,14090.4480675046,13608.8327858148,14008.451884702,64.7839719396545,45.3383639549962,41.0381263639611,-850.232649754664,-323.167254835284,1.49011611938477e-08,1.49011611938477e-08,1.81350955170246,1.36062687501002,1.49011611938477e-08,2.62903625732803,6,25
0.927,200,25,465.419896341828,103.585139657549,465.419896341828,13840.3306775201,13484.9286766921,14459.5977924125,64.4539405813717,50.3008135170653,39.0216415470978,-795.970519994074,-521.762619238739,1.49011611938477e-08,1.49011611938477e-08,1.82411537537219,1.33514888889993,1.49011611938477e-08,2.47662236838744,6,25
0.928,200,25,429.076112826612,104.569905573346,429.076112826612,13438.371073311,13828.6919862457,14539.7415246106,63.1144459070726,53.9807113249805,37.3715827041007,-681.542476591326,-559.471371578687,1.49011611938477e-08,1.49011611938477e-08,1.91094185887378,1.31459730717379,1.49011611938477e-08,2.54643178344116,6,25
0.929,200,25,347.777492514822,105.205485084734,347.777492514822,13418.2821277637,14193.5638234597,14159.5148502818,62.1423691289514,55.9851178525509,37.3461084944959,-599.184713332286,-468.038270279158,1.49011611938477e-08,1.49011611938477e-08,1.95060589678592,1.17589050246268,1.49011611938477e-08,4.91016772640084,6,25
0.93,200,25,253.773447898715,105.774087309302,253.773447898715,13818.5982356827,14124.8759617835,13796.7169321873,62.3452788211619,56.4682199216776,39.4770283885155,-559.184056855337,-321.406877587043,1.49011611938477e-08,1.49011611938477e-08,1.93457867197525,1.06407579846622,1.49011611938477e-08,10.299363826532,6,25
0.931,200,25,264.50023537334,105.713117554389,264.50023537334,14137.4123540091,13710.1928372845,13918.1681030884,62.8360037095675,55.684547341039,42.8434000585981,-517.154750750918,-189.170167050374,1.49011611938477e-08,1.49011611938477e-08,1.82120967500552,1.18256188817584,0.758412265574282,3.47754143271025,6,25
0.932,200,25,466.68796422729,103.578369219329,466.68796422729,14006.0754990137,13478.0117355463,14370.7779284064,61.4911802935741,53.8320732847652,45.8231835429128,-424.671443577072,-129.972339229133,1.49011611938477e-08,1.49011611938477e-08,1.79383046295533,1.56096005387538,1.44972291852123,2.83937513020139,6,25
0.933,200,25,651.92933390271,105.309929231616,651.92933390271,13617.5213050647,13734.8135263569,14596.6523632973,56.6200759617008,51.3385658536289,46.8841286363327,-320.305236993004,-113.373818885307,1.49011611938477e-08,1.49011611938477e-08,1.88510569381005,2.07417586287334,2.23247067000809,3.20397904865074,6,25
0.934,200,25,638.74506055044,104.394202403094,638.74506055044,13494.6294377758,14141.080660583,14351.4803592069,48.6468865636984,49.2838886635351,45.7364734984951,-313.222031483162,-77.0043651177648,1.49011611938477e-08,1.49011611938477e-08,1.9480693773525,2.18954346187603,2.69857939638296,3.52207979423357,6,25
0.935,200,25,585.149712938643,-122.428136730143,585.149712938643,13805.4057311535,14178.3496670939,13961.4794638215,41.149910514949,48.6251375131306,43.5653988828244,-462.838099148106,8.03383724227199,1.49011611938477e-08,1.49011611938477e-08,1.9553620325686,1.21478904102093,1.72912572257381,2.3468168032748,6,25
0.936,200,25,404.201835157561,104.820279155045,404.201835157561,14147.8743534864,13793.8834310581,13946.1890038641,41.1306604844644,49.7363966741728,42.7973838139155,-727.206202470984,78.3102034627483,1.49011611938477e-08,1.49011611938477e-08,1.85803856261588,0.224776454617627,0.765740294502437,1.2302148663527,6,25
0.937,200,25,200.568197768788,106.088538369401,200.568197768788,14096.849711255,13460.100311812,14345.3802309367,48.1861354399596,52.0159959649607,43.8465500206965,-912.013030146563,49.2703563105043,1.49011611938477e-08,1.49011611938477e-08,1.78995626161565,1.49011611938477e-08,1.49011611938477e-08,1.19211801883434,6,25
0.938,200,25,235.596189914034,105.887547561555,235.596189914034,13678.0990080873,13611.0979661545,14607.6546028517,55.9184770303338,54.2387438742267,45.2420653960885,-923.496899887105,-29.9928445121993,1.49011611938477e-08,1.49011611938477e-08,1.86337422482469,0.216315167941694,1.49011611938477e-08,1.73388105734836,6,25
0.939,200,25,509.996475850174,96.5940145008269,509.996475850174,13411.8416928793,14052.4766272666,14383.2339405614,62.448303485249,55.6980703925108,47.4662292646284,-868.832659225899,-116.627485386612,1.49011611938477e-08,1.49011611938477e-08,1.93565809224374,0.64907015650523,1.49011611938477e-08,2.46371286915029,6,25
0.94,200,25,653.419919239218,-10671.3765830455,653.419919239218,13646.557679197,14238.5653849302,13952.8507676528,65.2906159263569,55.984901870669,48.6760061597257,-751.296018159333,-224.995210920944,1.49011611938477e-08,1.49011611938477e-08,1.95358692058744,1.01992958452614,1.49011611938477e-08,3.3611791268124,6,25
0.941,200,25,623.190058147513,-2232.27784675634,623.190058147513,14016.9837214323,13961.2819788222,13834.2262483577,64.7296302577815,54.52023659199,48.7637022856601,-588.01161840795,-257.861585295615,1.49011611938477e-08,1.49011611938477e-08,1.8882221801257,1.34444086146508,0.719459404268802,3.48598434136897,6,25
0.942,200,25,599.106305205758,-237.449941314398,599.106305205758,13998.2688585638,13584.3282435838,14141.3333609628,63.5575046306505,50.9825556474908,49.0521004873616,-443.899198975974,-156.209900671594,1.49011611938477e-08,1.49011611938477e-08,1.8140293375088,1.57742712472202,1.40316184223934,2.43060513796096,6,25
0.943,200,25,631.2575375495,102.446288205944,631.2575375495,13625.2956295819,13610.0995740675,14509.288068814,62.4224307937137,45.9273455704116,48.5129135222929,-349.888239025143,-27.2575967361324,1.49011611938477e-08,1.49011611938477e-08,1.86387213973925,1.830197904319,1.87245686812239,1.80901563325878,6,25
0.944,200,25,592.69562588621,-182.864034822011,592.69562588621,13280.4032638307,14004.6735764393,14423.7934545594,61.6962729858243,40.909241133525,47.2038167215582,-362.611548756094,65.8547294338703,1.49011611938477e-08,1.49011611938477e-08,1.93259737573413,1.99713766531752,2.36590190775271,1.58014441581369,6,25
0.945,200,25,520.721108428014,89.9046269002366,520.721108428014,13416.8282409607,14245.3106654847,13981.070576028,62.2708250392585,38.5506191493007,45.4603874623596,-531.668391175779,74.0714138284743,1.49011611938477e-08,1.49011611938477e-08,1.9561688221598,1.83709511996649,3.6458631940196,1.63039120716093,6,25
0.946,200,25,474.8199818868,103.008372527842,474.8199818868,13875.3897137508,14020.1096617097,13744.4046264891,63.6454711957379,40.5143316837195,43.445284151583,-755.154652653053,-71.3989580331892,1.49011611938477e-08,1.49011611938477e-08,1.91805754152012,1.50863558593137,0.874637981558883,2.04027116932067,6,25
0.947,200,25,467.02764305412,103.506779799964,467.02764305412,14089.0601779601,13591.3930538013,14036.3447734862,64.3700782430636,45.4572194221898,41.4577144884308,-860.378361572925,-341.000505115214,1.49011611938477e-08,1.49011611938477e-08,1.81082997354269,1.34738069847224,1.49011611938477e-08,2.60378164415825,6,25
0.948,200,25,454.29810663805,104.041639316828,454.29810663805,13815.9177087839,13495.4267201825,14479.101897807,63.8196225908329,50.4987770096092,39.5012037560253,-792.891514577027,-533.290851373658,1.49011611938477e-08,1.49011611938477e-08,1.82934342762585,1.34037885525583,1.49011611938477e-08,2.43531833733748,6,25
0.949,200,25,413.087374600687,104.749415505235,413.087374600687,13422.5673055483,13855.5881596835,14527.0829884947,62.3450025056501,54.1721755359193,38.0296722455097,-676.570971370861,-559.764343508794,1.49011611938477e-08,1.49011611938477e-08,1.91493710247817,1.32118653370346,1.49011611938477e-08,2.5784509758534,6,25
0.95,200,25,334.097729373069,105.288696033163,334.097729373069,13432.1508697933,14204.7707741331,14129.7537852386,61.3930684407804,56.1536241199442,38.2382187591007,-596.731579815417,-460.852070252184,1.49011611938477e-08,1.49011611938477e-08,1.95152520724533,1.18026303021886,1.49011611938477e-08,5.20982695536332,6,25
0.951,200,25,231.183657711016,105.906873223647,231.183657711016,13845.9997113211,14108.9129730811,13785.536383284,61.6168963790482,56.6318583542039,40.4432006647259,-557.597785126837,-313.671918924346,1.49011611938477e-08,1.49011611938477e-08,1.93023638705582,1.0734956687385,1.49011611938477e-08,9.58334833107244,6,25
0.952,200,25,259.356700198428,105.74281485739,259.356700198428,14145.2526002937,13689.0833172508,13936.4801289941,61.9957986826132,55.8679828956519,43.707022271309,-511.126055255956,-187.411405308847,1.49011611938477e-08,1.49011611938477e-08,1.81538648319877,1.20275261403288,0.804082750988608,3.51436093322352,6,25
0.953,200,25,470.18233975543,103.398080936935,470.18233975543,13987.4575090635,13481.2499333577,14389.6110884681,60.4166491571686,54.0773341799332,46.5238121865208,-415.15517805204,-133.937195957574,1.49011611938477e-08,1.49011611938477e-08,1.79721653625963,1.59035089295443,1.50238710670872,2.93948170169883,6,25
0.954,200,25,652.654399401759,105.365480508041,652.654399401759,13598.9148457283,13760.1809540699,14588.0286370607,55.3440579222409,51.7147080469641,47.4901860037609,-315.905026885942,-118.404768597218,1.49011611938477e-08,1.49011611938477e-08,1.89043833577193,2.09473239032624,2.29611839891899,3.33518355675128,6,25
0.955,200,25,637.539463934683,104.282650979503,637.539463934683,13501.9430968987,14157.3535069216,14321.7802829973,47.214657639075,49.8536265264005,46.2807891392362,-320.180777899068,-80.2681728540466,1.49011611938477e-08,1.49011611938477e-08,1.95013207033068,2.14925352461539,2.67821079920146,3.62201338644623,6,25
0.956,200,25,580.9655223066,-91.1981532693014,580.9655223066,13828.7948361229,14165.391302946,13938.8110766859,40.0196587628987,49.4013614334974,44.2318261369193,-481.201586167496,3.51836986703475,1.49011611938477e-08,1.49011611938477e-08,1.95311207132236,1.13486236963002,1.62908754114167,2.3525254224897,6,25
0.957,200,25,390.320688709376,104.927575846897,390.320688709376,14156.8766608819,13767.329708029,13952.723694814,40.7314478273084,50.6962056258333,43.6259424424872,-745.88565331417,63.8233228358519,1.49011611938477e-08,1.49011611938477e-08,1.8508821852415,0.123136061504682,0.691324556941122,1.26324931605817,6,25
0.958,200,25,180.196305289016,106.210436204896,180.196305289016,14080.5649679371,13453.8444384952,14362.8224987464,48.2152524732424,53.1154372035431,44.6516588152018,-917.944149851753,25.2041299554846,1.49011611938477e-08,1.49011611938477e-08,1.79081548332304,1.49011611938477e-08,1.49011611938477e-08,1.29180244264945,6,25
0.959,200,25,242.123136436833,105.848475659454,242.123136436833,13652.5026717716,13631.7919488357,14601.7044105176,56.0011033799308,55.3549072966135,45.9117305981407,-919.444358759623,-56.9260045055581,1.49011611938477e-08,1.49011611938477e-08,1.86860368016693,0.275140294865885,1.49011611938477e-08,1.9086914150267,6,25
0.96,200,25,525.20828472728,87.4711968453268,525.20828472728,13413.7344960503,14073.0006020935,14354.1419851904,62.464817518559,56.7807118610251,47.9981431224075,-858.029694876243,-146.321045170127,1.49011611938477e-08,1.49011611938477e-08,1.93778201822231,0.691281049569994,1.49011611938477e-08,2.74186840153258,6,25
0.961,200,25,651.714163270547,105.380922986236,651.714163270547,13671.7151937017,14233.549211869,13927.6066155387,65.1436776603378,56.9576685428547,49.0801240857939,-741.318532472526,-246.218575916402,1.49011611938477e-08,1.49011611938477e-08,1.95248471070247,1.06125211040125,1.49011611938477e-08,3.71886923455358,6,25
0.962,200,25,620.126870594284,71.4002179461139,620.126870594284,14033.268694892,13936.9117979752,13836.211127029,64.5024796485824,55.3263385882857,49.1172309431671,-566.170527406927,-270.273980497487,1.49011611938477e-08,1.49011611938477e-08,1.8811628746772,1.38520581888037,0.733124835040945,3.71339027934204,6,25
0.963,200,25,605.350046981043,-302.368666350034,605.350046981043,13986.7838959186,13571.0269881847,14163.1651998723,63.42641333918,51.6554448382216,49.3488251336593,-426.736108762137,-156.882336673932,1.49011611938477e-08,1.49011611938477e-08,1.81269989946103,1.61306418783006,1.42842587051134,2.48088027177265,6,25
0.964,200,25,629.881154518372,-3209.49563149831,629.881154518372,13598.5653191306,13625.1933847208,14514.0042855073,62.3753309307205,46.5326336934354,48.6011663975138,-339.791992758925,-26.4899106298859,1.49011611938477e-08,1.49011611938477e-08,1.86832551264464,1.86148432481097,1.88950234368635,1.83019233983725,6,25
0.965,200,25,587.893156180376,-140.599559094025,587.893156180376,13272.4775813795,14027.0172370911,14401.0275478682,61.7457310554226,41.5455004321023,47.1223768248987,-362.691221218392,63.5632540611415,1.49011611938477e-08,1.49011611938477e-08,1.9345514423843,2.01509003228036,2.43740109542151,1.59887516738745,6,25
0.966,200,25,524.299777852156,87.0415057325708,524.299777852156,13437.1031296018,14243.4780758498,13952.9632850921,62.3591894888898,39.2468250595013,45.2552472432128,-527.387589678101,65.6952467162041,1.49011611938477e-08,1.49011611938477e-08,1.95653459015279,1.84037174482093,3.48938099934566,1.66267680410882,6,25
0.967,200,25,479.499009352482,102.528394816757,479.499009352482,13895.6371066217,13993.2754345083,13744.4478005817,63.6833271947936,41.2949789411627,43.201223438107,-759.002500029017,-96.6920181630156,1.49011611938477e-08,1.49011611938477e-08,1.91171618783694,1.51555845466207,0.818862955631191,2.10299609606634,6,25
0.968,200,25,467.397774881671,103.484963655225,467.397774881671,14081.1173933208,13569.4970489116,14059.6053686295,64.3608013748308,46.1371463080087,41.2462857119463,-853.359486233105,-367.021802856412,1.49011611938477e-08,1.49011611938477e-08,1.80712495840347,1.36065440893627,1.49011611938477e-08,2.60603308175714,6,25
0.969,200,25,445.612933769275,104.279852960623,445.612933769275,13787.6024113914,13503.191762747,14491.9202138846,63.8117802516772,51.0210043418918,39.3522441017219,-781.382347664301,-548.310327425617,1.49011611938477e-08,1.49011611938477e-08,1.83383053436318,1.35540415176253,1.49011611938477e-08,2.37108899382944,6,25
0.97,200,25,399.465278370789,104.864983090808,399.465278370789,13404.6203249233,13878.5344188228,14510.9068083977,62.3977294545268,54.5356073109733,37.8799920500679,-667.578162746116,-565.794840086548,1.49011611938477e-08,1.49011611938477e-08,1.9182915001505,1.33262775902854,1.49011611938477e-08,2.54240673685481,6,25
0.971,200,25,312.040623100902,105.422923071438,312.040623100902,13444.4143883909,14210.6235106607,14100.6274139022,61.5345160218577,56.3805349939933,38.063109740234,-592.899458463203,-469.679821611579,1.49011611938477e-08,1.49011611938477e-08,1.95239839821022,1.1923266389737,1.49011611938477e-08,5.28089620080282,6,25
0.972,200,25,233.032677651762,105.898249619725,233.032677651762,13866.0772570937,14087.7145168539,13776.6750949378,61.8065934382856,56.731691906959,40.27879319502,-550.089734517812,-314.948827085435,1.49011611938477e-08,1.49011611938477e-08,1.92544606194437,1.09780857869804,1.49011611938477e-08,9.35910920617312,6,25
0.973,200,25,264.774788984247,105.710384920106,264.774788984247,14144.5222419787,13664.4793007766,13956.0379084367,62.1121519578836,55.8418082841658,43.5665679447714,-498.683469028844,-191.151512393349,1.49011611938477e-08,1.49011611938477e-08,1.80971075207409,1.24284164561438,0.84084786290495,3.50536741834389,6,25
0.974,200,25,478.150745853279,102.823371989334,478.150745853279,13964.4468184139,13483.5921974441,14410.480330426,60.2852295615313,53.8964883566534,46.3400543875408,-397.594085991077,-138.758211249741,1.49011611938477e-08,1.49011611938477e-08,1.80082729290188,1.64595586226028,1.54879981492695,2.9768772598007,6,25
0.975,200,25,652.536302927961,-10177.03931866,652.536302927961,13578.8712220009,13784.064012291,14583.258162495,54.8809386875709,51.4090889754924,47.2053364474715,-300.99286104815,-122.067920141894,1.49011611938477e-08,1.49011611938477e-08,1.89530521702274,2.15397058331786,2.34578871165817,3.40448656447891,6,25
0.976,200,25,635.637557420318,-4344.8253226428,635.637557420318,13508.1690266773,14170.2172185163,14295.8324330601,46.5276212030314,49.5057958987082,45.9271817012319,-311.230979659165,-83.3511740156804,1.49011611938477e-08,1.49011611938477e-08,1.95181762188192,2.15873826093831,2.69599964331119,3.64675557506455,6,25
0.977,200,25,571.703171635468,-35.086070506915,571.703171635468,13849.7092022163,14151.4154802609,13924.2054219534,39.4966596794976,49.1107079690933,43.9013443568949,-488.099288532733,6.03426663474253,1.49011611938477e-08,1.49011611938477e-08,1.95024162061044,1.09003945097371,1.58976701067295,2.28690119952241,6,25
0.978,200,25,370.223727973913,105.061533638653,370.223727973913,14162.4436789128,13742.5221354585,13966.6293217017,40.736611034509,50.4844280745604,43.4232064683916,-754.090332880644,61.1321261827528,1.49011611938477e-08,1.49011611938477e-08,1.84388071975493,1.49011611938477e-08,0.660566549532264,1.25111530343452,6,25
0.979,200,25,195.296807357925,106.12447782957,195.296807357925,14061.7656986607,13450.2892488061,14385.8460147717,48.3702447042268,52.9081137491485,44.490475604429,-915.042103751088,16.5847921200647,1.49011611938477e-08,1.49011611938477e-08,1.792086989821,1.49011611938477e-08,1.49011611938477e-08,1.33027205947382,6,25
0.98,200,25,266.277761155509,105.703774817472,266.277761155509,13626.2380679214,13656.0623745054,14597.0526776409,56.1180178844021,55.1589876341454,45.7721782360884,-909.329786094249,-64.7359456503824,1.49011611938477e-08,1.49011611938477e-08,1.87400496231928,0.313056048127265,1.49011611938477e-08,1.95886820643142,6,25
0.981,200,25,554.74707225099,40.0847001550656,554.74707225099,13415.5335293484,14094.527129863,14329.4973479784,62.3598011766081,56.5758170417981,47.7611208531747,-848.437024138245,-149.170645876647,1.49011611938477e-08,1.49011611938477e-08,1.93976865590277,0.717295321803893,1.49011611938477e-08,2.79848079559378,6,25
0.982,200,25,651.018448686207,105.240054216708,651.018448686207,13693.9699963292,14228.7619304098,13911.5997705772,64.7722708010127,56.7287099490102,48.6915999216182,-723.843428935524,-249.301032376055,1.49011611938477e-08,1.49011611938477e-08,1.95137001700256,1.08078241715866,1.49011611938477e-08,3.71801405048519,6,25
0.983,200,25,614.554846952095,15.5306819638494,614.554846952095,14041.0894373627,13913.5166664103,13847.2202083777,64.0708228096074,55.066826163169,48.6896963304133,-552.005939525003,-259.588719032386,1.49011611938477e-08,1.49011611938477e-08,1.87559723463616,1.39050506389926,0.77215964066053,3.55676557353399,6,25
0.984,200,25,603.921803134821,-286.687041960489,603.921803134821,13970.7408183335,13562.2674901572,14186.4743569817,63.0981422902677,51.3258591449951,49.0145544064407,-420.601167383743,-136.91737974876,1.49011611938477e-08,1.49011611938477e-08,1.81330582755482,1.6075372483185,1.46318254897628,2.32482237479965,6,25
0.985,200,25,629.935881416819,-3245.8016988773,629.935881416819,13570.701155924,13644.6700968902,14518.6965249248,62.0928278252556,46.2385974805426,48.326133508264,-341.801238759567,-7.20792914850196,1.49011611938477e-08,1.49011611938477e-08,1.87365075868547,1.84791674075092,1.88431704459396,1.72157676800421,6,25
0.986,200,25,589.600526644408,-156.790443595795,589.600526644408,13265.9077153928,14049.6141072381,14377.574537022,61.4953430001853,41.4656028327032,46.8930385702721,-370.827272513537,73.286431247391,1.49011611938477e-08,1.49011611938477e-08,1.93678296071488,1.98514951732477,2.50028103516565,1.52616228077476,6,25
0.987,200,25,518.321400208701,91.4478790348655,518.321400208701,13459.0276285004,14243.3485728084,13928.1715096642,62.1562977164984,39.6577386727055,45.0935109974935,-552.211673006543,65.105770142537,1.49011611938477e-08,1.49011611938477e-08,1.95726861953385,1.79597313967448,3.29665393400986,1.62426130232515,6,25
0.988,200,25,476.874846149959,102.834556270834,476.874846149959,13917.1351946541,13971.168505117,13748.2328409549,63.4823731421516,42.1299553766999,43.1665520896417,-782.813948083854,-111.597279108023,1.49011611938477e-08,1.49011611938477e-08,1.90658579958608,1.47954713072956,0.723096255964223,2.08578700671689,6,25
0.989,200,25,457.338527998021,103.941645390256,457.338527998021,14074.4607387892,13553.6173832255,14085.7633776629,64.0961712714456,47.2055973294402,41.3977358383891,-864.614729620205,-384.921295796569,1.49011611938477e-08,1.49011611938477e-08,1.80564944826827,1.33870181091447,1.49011611938477e-08,2.55169956859979,6,25
0.99,200,25,435.797178811685,104.471519824918,435.797178811685,13759.8855246366,13515.9161769127,14506.4206573689,63.4947253534476,52.1465244149364,39.6605162842793,-785.498318951428,-557.920677011315,1.49011611938477e-08,1.49011611938477e-08,1.83949960626242,1.3379238818915,1.49011611938477e-08,2.31779733916259,6,25
0.991,200,25,388.014149238965,104.948702903998,388.014149238965,13390.0694884624,13904.545622014,14494.6203987226,62.0999428428388,55.6572268003858,38.4104269562302,-676.969414064799,-568.40465710526,1.49011611938477e-08,1.49011611938477e-08,1.92179955296626,1.3103965967744,1.49011611938477e-08,2.57156224080415,6,25
0.992,200,25,304.591811983092,105.466307812159,304.591811983092,13459.8011573114,14218.195771583,14072.3024913411,61.3112373469632,57.4859361977676,38.794223446921,-597.825052654128,-463.568314740881,1.49011611938477e-08,1.49011611938477e-08,1.95308416872838,1.17125059993236,1.49011611938477e-08,5.62531794930644,6,25
0.993,200,25,218.498505721238,105.985299609096,218.498505721238,13891.0681392402,14069.3872522676,13770.1967576025,61.5832048700541,57.8259014927213,41.0897173673054,-551.764155059037,-308.472148742069,1.49011611938477e-08,1.49011611938477e-08,1.92040173424036,1.09202898950669,0.0609294755021109,8.51150829786934,6,25
0.994,200,25,268.959854829927,105.688312020175,268.959854829927,14147.0214443602,13644.8558597041,13977.2638762585,61.7140610277115,56.927097054565,44.326627794877,-492.292536879104,-188.550649130504,1.49011611938477e-08,1.49011611938477e-08,1.8051212431148,1.25621518073193,0.885739591192107,3.45523160243594,6,25
0.995,200,25,493.17029075841,100.939974918785,493.17029075841,13941.9317301965,13490.253607749,14428.7061455641,59.5858073368342,54.9945667363543,46.9665935028939,-386.68973117178,-139.533665895428,1.49011611938477e-08,1.49011611938477e-08,1.80537425403354,1.67208039299568,1.61611155497449,2.99445295526574,6,25
0.996,200,25,651.658367769507,-9744.53121948006,651.658367769507,13560.9181489282,13809.9675368717,14573.4526463644,53.9033298142691,52.5960938496804,47.7440567058799,-298.15104248728,-122.728240308199,1.49011611938477e-08,1.49011611938477e-08,1.90043808978227,2.1689903846265,2.44365998947853,3.4150569330504,6,25
0.997,200,25,633.558194916081,-3905.7067437084,633.558194916081,13517.0172928044,14183.1819685085,14267.1803963369,45.3893506153839,50.8312438305905,46.4564117610976,-318.50309070807,-79.5542825283756,1.49011611938477e-08,1.49011611938477e-08,1.9536318461236,2.10397748828575,2.7253008725171,3.56556815777854,6,25
0.998,200,25,565.151491098728,-3.69357959437303,565.151491098728,13871.6815749531,14135.0600019838,13906.6626636153,38.7598764432554,50.5930720811019,44.6136891991012,-509.684256657667,8.23044126900563,1.49011611938477e-08,1.49011611938477e-08,1.94720302751158,1.00647763477331,1.51908633076391,2.18550940914229,6,25
0.999,200,25,355.509360371454,105.153927935581,355.509360371454,14167.6818647041,13716.2592362709,13978.9633653532,40.7634579252126,52.1166502508457,44.3032981187809,-777.40227736156,51.7392928747663,1.49011611938477e-08,1.49011611938477e-08,1.83734697707415,1.49011611938477e-08,0.58998638100431,1.24834649877647,6,25
1,1000,25,170.600867934301,106.288617474944,170.600867934301,14042.729078269,13447.0061774064,14405.1975399377,48.7513817340697,54.65109081947,45.3070340037293,-926.470399751524,-3.58803338069549,1.49011611938477e-08,1.49011611938477e-08,1.79415754196839,1.49011611938477e-08,1.49011611938477e-08,1.41441011249907,6,25
1.001,1000,25,269.922875535644,108.851800312863,269.922875535644,13602.2601488792,13677.6892998478,14591.0056669326,56.5452562473079,56.8984364894445,46.4195766691927,-914.231750015423,-84.9827428826449,1.49011611938477e-08,1.49011611938477e-08,1.87914246632276,0.33701568397132,1.49011611938477e-08,2.12812955641217,6,25
1.002,1000,25,568.320361131431,-4.8899532525555,568.320361131431,13420.1273233563,14112.2927130289,14303.1437799804,62.6772554634965,58.2606771362718,48.2305542208629,-844.221514099053,-175.555494871137,1.49011611938477e-08,1.49011611938477e-08,1.94170304367533,0.738505959837024,1.49011611938477e-08,3.07167894541557,6,25
1.003,1000,25,649.383804911775,-8888.16980215469,649.383804911775,13719.428194127,14220.4657762283,13891.7878477793,64.8986308897727,58.2731790175261,49.0158414420971,-711.447214531493,-269.685613885821,1.49011611938477e-08,1.49011611938477e-08,1.94966020324213,1.09947549611636,1.49011611938477e-08,4.02142799271243,6,25
1.004,1000,25,611.222235746755,-912.483848950925,611.222235746755,14054.432768164,13889.3745798749,13855.3733507671,64.1037995831615,56.3906396269431,48.9622343126698,-534.333337301124,-264.433194914202,1.49011611938477e-08,1.49011611938477e-08,1.86883557761889,1.40809119688541,0.795331626936682,3.6578349427006,6,25
1.005,1000,25,618.121367695384,-446.483935349358,618.121367695384,13963.6168095688,13551.5882980946,14218.5648907308,63.1376058114688,52.4869490640608,49.1513153809117,-404.029710159209,-132.78456436684,1.49011611938477e-08,1.49011611938477e-08,1.81274118838144,1.62876986961811,1.49412301703741,2.32422214874426,6,25
1.006,1000,25,627.0837633076,117.816158085009,627.0837633076,13551.4031785257,13661.6730236479,14529.1142659347,62.1081170528157,47.2961070245799,48.1811901669175,-329.313380483704,-7.72904658828058,1.49011611938477e-08,1.49011611938477e-08,1.87781183988216,1.87865871833214,1.89304594629751,1.72561587490046,6,25
1.007,1000,25,582.605615805415,-85.5647186114981,582.605615805415,13268.3404916029,14069.8266117457,14360.9275176766,61.5992002576982,42.5165404119358,46.5514420774992,-365.63106410942,78.4254520261179,1.49011611938477e-08,1.49011611938477e-08,1.93830023272258,2.00553845789279,2.56386474135894,1.5309513483703,6,25
1.008,1000,25,513.975292920515,118.708820703193,513.975292920515,13488.2963346277,14237.8451885594,13910.3482859971,62.3832537576514,40.6999971045961,44.6005975611168,-556.355860780589,65.920499534827,1.49011611938477e-08,1.49011611938477e-08,1.95706743625541,1.78581653357169,3.19387263461718,1.63352094547708,6,25
1.009,1000,25,468.650378399136,131.514260978821,468.650378399136,13942.5446334715,13943.9287032579,13760.5661202452,63.7961209592831,43.1324454824138,42.5223891500034,-787.496988026544,-117.519451458204,1.49011611938477e-08,1.49011611938477e-08,1.8991247511206,1.45428301397352,0.677492873254307,2.11431311493378,6,25
1.01,1000,25,460.077096181119,135.122978462676,460.077096181119,14070.3605524901,13535.1745881119,14118.2131649916,64.5022641523612,48.0008878292266,40.5535462073277,-864.315995961631,-386.552349999022,1.49011611938477e-08,1.49011611938477e-08,1.80245012046486,1.30446637656665,1.49011611938477e-08,2.59572963392684,6,25
1.011,1000,25,448.406995067313,138.706728914288,448.406995067313,13739.1033300379,13527.5584451191,14525.0001997715,63.9980601864701,52.7305889964877,38.6395122627723,-789.982046702099,-544.562236211674,1.49011611938477e-08,1.49011611938477e-08,1.84394580826773,1.29188441667013,1.49011611938477e-08,2.38251299465882,6,25
1.012,1000,25,404.39850359882,142.584102330197,404.39850359882,13383.0229447249,13927.9820007165,14485.4325930818,62.7271945840473,56.0517830987078,37.2888476027325,-678.390158366514,-551.61673632907,1.49011611938477e-08,1.49011611938477e-08,1.92466076370064,1.24901616650887,1.49011611938477e-08,2.72540804873777,6,25
1.013,1000,25,317.467541281321,146.479835211313,317.467541281321,13481.1788906683,14221.6212012725,14055.1238725946,62.0695958566711,57.7164496111302,37.7477523370988,-601.912594951302,-442.014174902218,1.49011611938477e-08,1.49011611938477e-08,1.95377061009961,1.10865470462705,1.49011611938477e-08,6.73068385836847,6,25
1.014,1000,25,232.023700099046,150.380585379254,232.023700099046,13914.3912898669,14046.4240841752,13776.5793597729,62.4307371521633,57.900371621081,40.2938896513646,-557.451409498209,-284.203440984116,1.49011611938477e-08,1.49011611938477e-08,1.91508611963882,1.04949717041914,0.119901566871287,6.6542836275012,6,25
1.015,1000,25,284.530001525475,153.109367015839,284.530001525475,14146.4879012094,13622.4244965527,14010.1033180774,62.5599385385857,56.8436936600672,43.7956488219193,-496.507252087309,-165.702741353379,1.49011611938477e-08,1.49011611938477e-08,1.80095304780254,1.23540261935735,0.91415859400677,3.0508588907567,6,25
1.016,1000,25,517.459578540003,141.778781729092,517.459578540003,13919.8621227,13496.5999854534,14458.5052056982,60.3133846711941,54.7141513098537,46.5686768187381,-394.283800119444,-119.227684467379,1.49011611938477e-08,1.49011611938477e-08,1.81019942878141,1.6611013278872,1.65462929517646,2.7215032534399,6,25
1.017,1000,25,650.09915957969,159.420271536651,650.09915957969,13545.5563509309,13835.169982505,14577.4458091947,54.4904769526453,52.1379550769283,47.3287972235744,-302.348017707836,-100.983017681475,1.49011611938477e-08,1.49011611938477e-08,1.90518055275084,2.14524752009693,2.48226112822333,3.10181634663193,6,25
1.018,1000,25,631.096969250483,-3840.13147667771,631.096969250483,13528.4005078904,14194.5861746434,14252.79801919,45.980332078774,50.2689449553516,46.0180729139417,-331.003370967483,-54.7315160863697,1.49011611938477e-08,1.49011611938477e-08,1.95519428069801,2.0239866275493,2.74097644577803,3.13881127074836,6,25
1.019,1000,25,560.066240326787,66.2395579022954,560.066240326787,13894.7997365018,14120.0380093243,13907.0641430554,39.6777341692554,49.9992027527425,44.2401882714718,-529.58183256603,32.6778051263681,1.49011611938477e-08,1.49011611938477e-08,1.94380636717609,0.954215058696141,1.50858117947175,1.90877950224389,6,25
1.02,1000,25,344.507256726303,168.34623874342,344.507256726303,14172.1583595996,13693.7158569469,14007.0754442281,41.9114283425672,51.5040450790465,44.0462119053917,-793.275256736541,68.74703866065,1.49011611938477e-08,1.49011611938477e-08,1.83154854227811,1.49011611938477e-08,0.592017685197187,1.14860884888892,6,25
1.021,1000,25,207.461092711366,172.836635022508,207.461092711366,14022.8616642484,13448.5260681087,14438.0716179418,49.6617510126996,53.9714044373085,45.0561742079716,-926.714267987961,12.1240196830009,1.49011611938477e-08,1.49011611938477e-08,1.79706480853072,1.49011611938477e-08,1.49011611938477e-08,1.35650191777868,6,25
1.022,1000,25,321.316827911363,174.908113930702,321.316827911363,13573.6117342552,13704.8981633524,14590.5029806933,57.2294099300837,56.1785699570071,46.2838545577477,-912.798048596381,-70.6317575918182,1.49011611938477e-08,1.49011611938477e-08,1.88493990216893,0.356549814525038,1.49011611938477e-08,2.00167501722496,6,25
1.023,1000,25,605.422123204423,-260.148113874652,605.422123204423,13420.4738798964,14132.9590744267,14284.30499656,62.9309350373818,57.4861129273782,48.0193018076687,-841.431550160741,-160.654799480783,1.49011611938477e-08,1.49011611938477e-08,1.94357448245163,0.743546822200927,1.49011611938477e-08,2.82862987706261,6,25
1.024,1000,25,644.559939495152,180.975002708622,644.559939495152,13737.0294497208,14212.8756143804,13885.448739079,64.7193960302614,57.4343055453001,48.6661398755054,-708.181103992085,-249.699153775007,1.49011611938477e-08,1.49011611938477e-08,1.94824822753471,1.08947188743444,1.49011611938477e-08,3.57927976630614,6,25
1.025,1000,25,600.772558765687,-284.072380771516,600.772558765687,14054.7831008343,13865.6519838503,13875.9653207266,63.7558529317075,55.4985065781833,48.6469962405752,-536.14659908328,-235.73482187908,1.49011611938477e-08,1.49011611938477e-08,1.86416021547123,1.37922780915024,0.865414906801288,3.17786905474021,6,25
1.026,1000,25,617.2486568442,-404.992141375911,617.2486568442,13942.3406074894,13546.2958627261,14249.2024243336,62.7681517689962,51.5026305302754,49.0601586651779,-415.981353240456,-110.178732356223,1.49011611938477e-08,1.49011611938477e-08,1.81504745422393,1.59291951831336,1.53930134457415,2.07177891892309,6,25
1.027,1000,25,625.690358488198,-3013.8502201873,625.690358488198,13520.1911909176,13683.8829985935,14537.3639679731,61.680923618342,46.3179598182536,48.326097000795,-341.142220444182,16.9804619088749,1.49011611938477e-08,1.49011611938477e-08,1.88360558975033,1.83382684220056,1.87645879988095,1.57716199630748,6,25
1.028,1000,25,580.58735646794,-27.7347881217951,580.58735646794,13259.6280261898,14091.8666436152,14340.7360592527,61.1256245662513,41.7137628568369,46.8926399951633,-387.006233766934,94.5019273739668,1.49011611938477e-08,1.49011611938477e-08,1.94051003051055,1.94346527953011,2.61019767003378,1.43520201768397,6,25
1.029,1000,25,512.235299999101,183.406231135953,512.235299999101,13505.5145947091,14235.339248399,13890.3926169725,61.8993568526173,40.3418483110589,45.0914199374619,-586.629616267433,67.3446703274272,1.49011611938477e-08,1.49011611938477e-08,1.95768482198273,1.72293078316021,2.97768572096287,1.57568574169823,6,25
1.03,1000,25,481.352596907366,195.907839962125,481.352596907366,13957.0244346443,13920.9442817702,13769.3056340133,63.2328014964736,43.2094958963293,43.1446519922203,-811.097708466496,-133.393513593653,1.49011611938477e-08,1.49011611938477e-08,1.8939730921912,1.42200276215131,0.610627511074052,2.08351535901153,6,25
1.031,1000,25,461.719028461707,200.755505010326,461.719028461707,14058.7189489081,13522.5651585218,14146.5721364105,63.7228349781286,48.3458058889941,41.2824986994738,-870.434073922894,-396.363034845597,1.49011611938477e-08,1.49011611938477e-08,1.80205612168563,1.30658912334431,1.49011611938477e-08,2.53404578824912,6,25
1.032,1000,25,438.023221697673,204.825675043348,438.023221697673,13710.8863383439,13544.209934227,14538.8489889052,62.9539078792818,53.1625655700264,39.4290606508082,-782.808655668245,-559.804745815784,1.49011611938477e-08,1.49011611938477e-08,1.84974616784724,1.31503622328763,1.49011611938477e-08,2.31080962896059,6,25
1.033,1000,25,385.894935769957,208.836918402121,385.894935769957,13371.9748511214,13953.7598128288,14467.6279165576,61.4909952325835,56.5006384578868,38.2575667908641,-669.222297448689,-555.395220552353,1.49011611938477e-08,1.49011611938477e-08,1.9276557885322,1.27456269358611,1.49011611938477e-08,2.7308525066873,6,25
1.034,1000,25,294.817291733074,213.119533842098,294.817291733074,13499.4298065477,14225.880499704,14028.187922671,60.8049989606671,58.1716923584862,38.9323662810739,-594.797384648816,-436.392010317594,1.49011611938477e-08,1.49011611938477e-08,1.95408955492425,1.12700798344905,1.49011611938477e-08,7.17342067630471,6,25
1.035,1000,25,220.868600693817,217.18255330508,220.868600693817,13938.7150977127,14026.1711143695,13774.15139704,61.1825689447015,58.384172600262,41.5330074182227,-551.441628038207,-275.426444378596,1.49011611938477e-08,1.49011611938477e-08,1.90915021755788,1.06195908228486,0.242238061995783,6.35694205075327,6,25
1.036,1000,25,294.637793812487,219.464924581859,294.637793812487,14146.2105378881,13604.1471984167,14033.2833313803,61.2615794871293,57.3785489058937,44.9664643648725,-493.177641033821,-163.365193651217,1.49011611938477e-08,1.49011611938477e-08,1.79701544271919,1.24674484042098,0.966204343483415,3.02861410363164,6,25
1.037,1000,25,533.655403424828,188.346965936873,533.655403424828,13898.5588512239,13506.1614809949,14475.5039376806,58.8585732856475,55.3300602977641,47.6060647809114,-386.878992343635,-116.197365154126,1.49011611938477e-08,1.49011611938477e-08,1.81503615562188,1.66858821931261,1.71937507845275,2.73192078886135,6,25
1.038,1000,25,646.485498897376,226.074385646732,646.485498897376,13533.2325307524,13860.8766227804,14566.4215892666,52.8201353378029,52.9097072890815,48.2629199213738,-302.181688208835,-97.268350465964,1.49011611938477e-08,1.49011611938477e-08,1.90966892701303,2.12099539244596,2.56428355067288,3.09214373566975,6,25
1.039,1000,25,626.273330121017,224.88098451935,626.273330121017,13543.1500171815,14203.4035472365,14225.0564549229,44.2608410140621,51.2488212484747,46.9811801324794,-345.009127634135,-48.0900254549953,1.49011611938477e-08,1.49011611938477e-08,1.95666117718481,1.90916627447534,2.69507873266279,3.03181975707084,6,25
1.04,1000,25,550.549983984315,154.824901279457,550.549983984315,13919.8056822904,14099.6858125623,13893.3037757953,38.5883945222395,51.2116032685422,45.4475270657374,-556.139007829468,33.9776199921622,1.49011611938477e-08,1.49011611938477e-08,1.93952047651121,0.842172458800203,1.40749242296587,1.81839052767302,6,25
1.041,1000,25,335.351948684809,234.708933182304,335.351948684809,14177.8738312248,13667.3091148483,14022.6547021444,41.7162750935356,52.9183753550059,45.4072716662905,-805.977687460887,57.3213809569344,1.49011611938477e-08,1.49011611938477e-08,1.82503566676432,1.49011611938477e-08,0.503153447739626,1.1690950631766,6,25
1.042,1000,25,191.07534885416,239.836417824916,191.07534885416,14005.3508306803,13447.4870546893,14456.4346807383,49.7816005965736,55.5093135779911,46.2896535578747,-935.991898169591,-10.6997372875023,1.49011611938477e-08,1.49011611938477e-08,1.79949966388312,1.49011611938477e-08,1.49011611938477e-08,1.47081040466782,6,25
1.043,1000,25,332.444573649842,241.103000308836,332.444573649842,13556.1492857617,13727.1331035085,14583.3933438402,57.4034677839668,57.7397711387403,47.313374045125,-912.584114011356,-96.7863367938724,1.49011611938477e-08,1.49011611938477e-08,1.88943563623369,0.387741508993238,1.49011611938477e-08,2.21341366160801,6,25
1.044,1000,25,624.733101080982,-479.979455593965,624.733101080982,13432.0564427327,14147.9357745398,14260.2598465963,62.9631165970053,59.0373681931839,48.7710432308039,-832.568601611693,-186.415443277386,1.49011611938477e-08,1.49011611938477e-08,1.94512004959339,0.770928439341681,1.49011611938477e-08,3.13784388513902,6,25
1.045,1000,25,640.222975079208,247.152812053857,640.222975079208,13766.2208348644,14201.6135687112,13871.6077303247,64.5892681715479,58.8907186126605,49.2353641286967,-691.228891100636,-264.543538735391,1.49011611938477e-08,1.49011611938477e-08,1.94562973168748,1.11270487115672,1.49011611938477e-08,3.85947660966329,6,25
1.046,1000,25,593.810945655101,-100.264490243768,593.810945655101,14068.3148387218,13841.8755504469,13889.9058398273,63.6030914750518,56.7795065118326,49.177827625174,-524.661533274979,-236.142069889501,1.49011611938477e-08,1.49011611938477e-08,1.85739473288257,1.39774871057685,0.884907229458944,3.20203406289415,6,25
1.047,1000,25,625.038115134597,-485.26204693069,625.038115134597,13929.1206187057,13539.1662173356,14277.4975893282,62.743820885077,52.6745772203165,49.4970938422194,-401.990342856581,-94.4491715001379,1.49011611938477e-08,1.49011611938477e-08,1.81564271165095,1.6054065647474,1.55781444480766,2.01354107964744,6,25
1.048,1000,25,625.623462796591,-3447.40284790975,625.623462796591,13498.4944168559,13702.9663645242,14540.9398219653,61.7635873107558,47.4615857539734,48.558868453107,-336.039234026591,34.5043679485183,1.49011611938477e-08,1.49011611938477e-08,1.88783766957368,1.8373145011692,1.86848639367425,1.51944373876031,6,25
1.049,1000,25,583.287772661287,-5.43978482923626,583.287772661287,13262.2972554816,14109.8678909253,14318.2417538013,61.3173895894186,42.9518938935214,46.9239536210762,-393.768687998584,107.163705316376,1.49011611938477e-08,1.49011611938477e-08,1.9419840088541,1.92644568871803,2.68656945130937,1.38882127953764,6,25
1.05,1000,25,525.112004385009,235.99620477189,525.112004385009,13533.9679670368,14226.4919494943,13871.2229784233,62.1026677669614,41.6756723735543,44.9639925367111,-600.474321309616,65.6367113717835,1.49011611938477e-08,1.49011611938477e-08,1.95724651669271,1.69692642402435,2.854786703337,1.55443426508615,6,25
1.051,1000,25,464.21382043253,263.076199611593,464.21382043253,13979.4870904082,13893.4207081347,13782.5655279745,63.3176526866669,44.5588396300835,42.9707081177275,-809.824830412839,-137.69475041418,1.49011611938477e-08,1.49011611938477e-08,1.8864600589024,1.41261627269751,0.561800906283337,2.10332435251761,6,25
1.052,1000,25,451.486567218966,267.010930577851,451.486567218966,14050.1395036703,13507.5239526495,14176.62082321,63.6974260806635,49.5487580193902,41.1736195616944,-864.689492451309,-415.8527854507,1.49011611938477e-08,1.49011611938477e-08,1.80035179907879,1.31007165951128,1.49011611938477e-08,2.51549756408527,6,25
1.053,1000,25,425.998676924033,271.00157369417,425.998676924033,13687.266851862,13558.9447207227,14550.1168792934,62.8702164690498,54.196767346794,39.4573625004174,-772.178316243893,-568.765451905884,1.49011611938477e-08,1.49011611938477e-08,1.85462161840902,1.32226842208856,1.49011611938477e-08,2.27607543956412,6,25
1.054,1000,25,374.730538383506,275.111937638333,374.730538383506,13364.3206652967,13976.8128107478,14449.1277983365,61.4820633811296,57.3774689989773,38.4342655515119,-660.885809748997,-555.270691598159,1.49011611938477e-08,1.49011611938477e-08,1.93008139918217,1.27899698122101,1.49011611938477e-08,2.76934114807913,6,25
1.055,1000,25,285.574607174965,279.692054875764,285.574607174965,13520.3625079425,14227.2262821078,14003.5134830242,60.9247689371164,58.9140559423948,39.2558685263388,-587.794324473593,-431.84878464478,1.49011611938477e-08,1.49011611938477e-08,1.95413934401638,1.13960973432067,1.49011611938477e-08,7.85044588512876,6,25
1.056,1000,25,207.957675515438,284.100758901197,207.957675515438,13960.4195355415,14003.558347261,13775.4840921783,61.3374553718604,58.9908217934931,41.9605574059497,-543.590305963456,-278.035443951411,1.49011611938477e-08,1.49011611938477e-08,1.90246929530568,1.09396945085628,0.272174229082587,6.03675248961946,6,25
1.057,1000,25,290.365399108203,285.956527606746,290.365399108203,14142.9619546805,13586.5297287729,14058.6831494065,61.2743473544235,57.8316653589551,45.4440772451431,-476.201789274977,-160.067921214253,1.49011611938477e-08,1.49011611938477e-08,1.79311568667011,1.29691638048078,1.00790812062114,2.97331547855448,6,25
1.058,1000,25,542.961797795194,231.102669514165,542.961797795194,13874.761045117,13517.7489060066,14492.7381482283,58.5764912113588,55.6205217749322,48.1159846492967,-365.966686262101,-112.501256219165,1.49011611938477e-08,1.49011611938477e-08,1.8198169512101,1.73323158147259,1.7803438497659,2.70823987657398,6,25
1.059,1000,25,643.89831030611,-9703.27082229915,643.89831030611,13519.869542412,13887.5053212294,14555.5508213238,52.2101477132033,53.0747703900032,48.795574451254,-286.562990950945,-92.3486506973144,1.49011611938477e-08,1.49011611938477e-08,1.91379356676381,2.18162427353391,2.65231053759701,3.05815423290541,6,25
1.06,1000,25,623.385817579586,-3310.20037974904,623.385817579586,13556.6149769252,14212.7047723938,14197.3389536971,43.4437706605822,51.3675790875134,47.6028266231802,-341.482276490993,-41.8873780825623,1.49011611938477e-08,1.49011611938477e-08,1.95790529292534,1.90842440108941,2.7653694067002,2.94726959673061,6,25
1.061,1000,25,545.570483026779,227.650794583969,545.570483026779,13941.6928262123,14082.140161034,13882.8086792971,38.0286140488474,51.3519750264527,46.2613537429688,-548.845882981738,31.6153258608713,1.49011611938477e-08,1.49011611938477e-08,1.93477258058444,0.813678598655316,1.3807204277212,1.77681734880835,6,25
1.062,1000,25,329.206875474598,301.083561971231,329.206875474598,14178.1450838816,13646.0749845156,14039.1800380266,41.5791205442357,53.1129563204515,46.3203297065688,-809.446787876779,46.7158161592404,1.49011611938477e-08,1.49011611938477e-08,1.81910813214743,1.49011611938477e-08,0.461043787731402,1.21934591118337,6,25
1.063,1000,25,217.940131426963,306.174949231045,217.940131426963,13982.7529425492,13452.5957320338,14474.7175882997,49.720277737521,55.7212615273927,47.0963158123811,-927.467998747732,-29.3242185848175,1.49011611938477e-08,1.49011611938477e-08,1.80251328293645,1.49011611938477e-08,1.49011611938477e-08,1.59301928190333,6,25
1.064,1000,25,368.910910316825,306.717372440145,368.910910316825,13535.8330601742,13755.3618488486,14573.7197887413,57.2238509043731,57.9705836387155,47.9899471957083,-897.691965588824,-115.089005261958,1.49011611938477e-08,1.49011611938477e-08,1.89411243862798,0.446788858946055,1.49011611938477e-08,2.3851990661385,6,25
1.065,1000,25,653.553799121234,-912.964528161347,653.553799121234,13440.5770350989,14166.0001162667,14233.4129495232,62.4996705729525,59.2461478347086,49.2309724558121,-812.731682209716,-203.091261895489,1.49011611938477e-08,1.49011611938477e-08,1.94649932124918,0.816975143119926,1.49011611938477e-08,3.35018818074932,6,25
1.066,1000,25,635.24721340243,313.037808484422,635.24721340243,13788.1446696317,14190.0135897765,13859.0780813618,63.8754631870072,59.0437329544925,49.5343806346539,-676.833600957848,-268.450067578076,1.49011611938477e-08,1.49011611938477e-08,1.94295897086498,1.14843305278911,1.49011611938477e-08,3.96685793630848,6,25
1.067,1000,25,581.232546830556,47.3590536483828,581.232546830556,14069.3742585538,13817.7561305684,13904.0650761712,62.9076245509211,56.8893454535665,49.479737253428,-507.350090443496,-224.651631397198,1.49011611938477e-08,1.49011611938477e-08,1.85192530534181,1.41482581325618,0.923136808968231,3.09277688494905,6,25
1.068,1000,25,628.631097780868,-4525.25396353807,628.631097780868,13914.5810228286,13536.8002303696,14304.2325403533,62.1265453895168,52.7159693798595,49.7495681602733,-391.101431687471,-74.615875208318,1.49011611938477e-08,1.49011611938477e-08,1.81760371208683,1.61339933397692,1.57892168889869,1.91072322734844,6,25
1.069,1000,25,621.206564452983,-3080.53922597312,621.206564452983,13477.2722367296,13726.7191933233,14542.9856566612,61.2125089485804,47.562373476086,48.7136450711276,-333.860652762103,54.0691247548263,1.49011611938477e-08,1.49011611938477e-08,1.8925168942052,1.83551323830636,1.84173901469889,1.44276569311065,6,25
1.07,1000,25,570.052831570078,138.121460819986,570.052831570078,13266.47255525,14130.5936407439,14295.8661843755,60.8805454203471,43.3003011080911,47.0000414195601,-404.601441669758,121.186317255259,1.49011611938477e-08,1.49011611938477e-08,1.94356007477998,1.9027557727279,2.78179816130254,1.33314506405874,6,25
1.071,1000,25,502.897986477844,316.678949063473,502.897986477844,13560.014402948,14220.9566982923,13855.1404463605,61.8411971038547,42.4671856022246,44.9865740003148,-610.435856632252,76.0719265250503,1.49011611938477e-08,1.49011611938477e-08,1.95684259710867,1.65086036699014,2.64561860438515,1.51635859702393,6,25
1.072,1000,25,486.03027651414,325.535743634534,486.03027651414,13994.6483377922,13869.3083500654,13796.6588514691,63.2123523483908,45.6948993710485,42.9317070853043,-833.027385414487,-141.958171754325,1.49011611938477e-08,1.49011611938477e-08,1.88059473080659,1.36178872669436,0.474707563223514,2.06730630629757,6,25
1.073,1000,25,467.931083116516,331.472139584805,467.931083116516,14036.6752940859,13497.0909908178,14206.5354593655,63.6759986680386,50.8514882118423,41.0224058582307,-880.778544440726,-417.939906640021,1.49011611938477e-08,1.49011611938477e-08,1.80084056261793,1.25778930071824,1.49011611938477e-08,2.48803727186689,6,25
1.074,1000,25,445.336030675739,336.162795489983,445.336030675739,13661.2484297134,13577.3698210301,14564.5155310023,62.8798398066377,55.5371204833593,39.1452917545357,-784.314485326143,-563.066132635187,1.49011611938477e-08,1.49011611938477e-08,1.8603414688164,1.26205791029,1.49011611938477e-08,2.29797974035119,6,25
1.075,1000,25,389.880045519217,340.892971328798,389.880045519217,13359.4064135195,14000.9933032922,14437.0616831033,61.5039034396164,58.7128692653752,38.1155711672355,-672.284580296992,-540.783851002445,1.49011611938477e-08,1.49011611938477e-08,1.93271457109673,1.20378436986366,1.49011611938477e-08,2.93380642221735,6,25
1.076,1000,25,292.263487626684,345.987863372533,292.263487626684,13541.9495557091,14227.2548067925,13989.5570968277,60.9854506722449,60.2258375480703,39.1207425294089,-602.01453774798,-415.969587579663,1.49011611938477e-08,1.49011611938477e-08,1.95439196017053,1.05669409987961,1.49011611938477e-08,10.1266477907978,6,25
1.077,1000,25,230.68356639688,350.378859546988,230.68356639688,13980.5310057835,13980.0234473297,13788.29436952,61.4572688632782,60.2705987448353,42.09384183497,-555.858744232009,-247.195006369519,1.49011611938477e-08,1.49011611938477e-08,1.89690245854671,1.02002879465118,0.322054890929617,4.73567417088118,6,25
1.078,1000,25,334.13220652177,351.505630507035,334.13220652177,14136.2388935227,13568.4409009021,14094.6263530166,61.4267320231517,59.079908730951,45.8006410770922,-488.570823543266,-128.067356030487,1.49011611938477e-08,1.49011611938477e-08,1.79147690086989,1.23257234968888,1.05444625576058,2.56786458262738,6,25
1.079,1000,25,586.322102543926,35.2154994569092,586.322102543926,13851.3269050895,13528.8813463912,14520.5991987456,58.6596313768888,56.8346077275542,48.5090740481483,-378.573845282653,-82.4375413711067,1.49011611938477e-08,1.49011611938477e-08,1.82603179452025,1.66097718483369,1.84714351830069,2.37842505677665,6,25
1.08,1000,25,640.356655771021,359.355103813437,640.356655771021,13508.2873563151,13911.8533690148,14555.7625848393,52.2214812772213,54.3300719302677,49.1270123079211,-305.096293296318,-60.4990690550482,1.49011611938477e-08,1.49011611938477e-08,1.91816816182255,2.06225448453729,2.74333848470305,2.63211137887489,6,25
1.081,1000,25,618.264020850827,354.35716040034,618.264020850827,13572.1016837794,14217.4317599144,14184.5208707403,43.693706160238,52.6881966434168,48.0096330162184,-365.280115582186,-10.4095382880742,1.49011611938477e-08,1.49011611938477e-08,1.95921034973875,1.72315565035596,2.76571168630712,2.41878135698664,6,25
1.082,1000,25,533.866256281509,314.841665273121,533.866256281509,13964.028336926,14060.1778403686,13888.3544048901,39.0185222724844,52.744880429619,46.8762323895286,-589.968568564872,61.6710481873999,1.49011611938477e-08,1.49011611938477e-08,1.9303178719788,0.708196547786847,1.34376422843908,1.46516049387228,6,25
1.083,1000,25,325.705609720789,367.407614650787,325.705609720789,14179.4400592988,13622.1759701104,14072.3840602472,43.0266751081496,54.5261280379669,47.0536854685163,-845.98141403607,63.7565685845318,1.49011611938477e-08,1.49011611938477e-08,1.81472293491838,1.49011611938477e-08,0.432729284323964,1.09621773585418,6,25
1.084,1000,25,209.454507219458,373.034332453688,209.454507219458,13961.6564917279,13455.8274502919,14505.6752030207,51.02377327597,57.0826683994085,47.7232137893378,-948.922713623467,-20.8357340583458,1.49011611938477e-08,1.49011611938477e-08,1.8069876582025,1.49011611938477e-08,1.49011611938477e-08,1.5279228762175,6,25
1.085,1000,25,393.047024965308,372.308401469963,393.047024965308,13513.70540472,13779.2959582057,14574.1804211708,58.4357877773804,59.2279169076244,48.6327219841036,-914.718088663041,-107.516781145238,1.49011611938477e-08,1.49011611938477e-08,1.89924490441873,0.427730849679576,1.49011611938477e-08,2.29026754213028,6,25
1.086,1000,25,645.490375262596,380.936674421919,645.490375262596,13447.1080432945,14178.5629699346,14218.140273458,63.4059304874717,60.3912821591981,49.750710129002,-830.590938338009,-190.812202308704,1.49011611938477e-08,1.49011611938477e-08,1.94817876280099,0.794063377185242,1.49011611938477e-08,3.17166377000559,6,25
1.087,1000,25,630.999742238149,-5962.41093427993,630.999742238149,13809.4419118268,14177.5005663887,13857.5894412373,64.5006049702049,60.0133027488845,49.9769338533225,-682.86284654312,-255.563271771196,1.49011611938477e-08,1.49011611938477e-08,1.94052376256859,1.11879350806508,0.159189566016461,3.65180045336892,6,25
1.088,1000,25,574.664919096283,143.121320504497,574.664919096283,14072.6062513648,13795.1669032408,13928.891950227,63.3540231895624,57.6128599029847,49.9658551047509,-508.856431919976,-202.873723670946,1.49011611938477e-08,1.49011611938477e-08,1.84718654956893,1.38460443044097,0.988285977895808,2.81036442883306,6,25
1.089,1000,25,632.39554659724,385.579017338129,632.39554659724,13893.9551040424,13533.6950381282,14338.3089648218,62.4599811865388,53.2477913217051,50.2762890211272,-390.660144782588,-52.876013471746,1.49011611938477e-08,1.49011611938477e-08,1.82031068542839,1.59321243109728,1.61536574300429,1.78856816722789,6,25
1.09,1000,25,619.212532782203,-3209.56812245652,619.212532782203,13452.482621558,13748.3151253053,14550.5038286453,61.4362383922877,47.924446974793,49.2870079090654,-335.923965654319,67.7152234535034,1.49011611938477e-08,1.49011611938477e-08,1.89722898946709,1.81916776458603,1.82319198966104,1.37910258898931,6,25
1.091,1000,25,573.83316910384,158.372259639547,573.83316910384,13267.6286266565,14146.5486050519,14276.1162491005,61.0714952811461,43.5946552851567,47.6021619647765,-407.673269419857,133.93855284114,1.49011611938477e-08,1.49011611938477e-08,1.94513198516941,1.87406010919952,2.81993220000387,1.29678349332421,6,25
1.092,1000,25,518.716329275105,368.067368658844,518.716329275105,13586.3630930922,14209.9388310654,13840.5976704643,61.9542263816571,42.7315975149344,45.5695926552689,-626.554638615624,75.8338050608466,1.49011611938477e-08,1.49011611938477e-08,1.95603799163558,1.62400901654466,2.55674745241827,1.5102409290273,6,25
1.093,1000,25,468.700950626278,393.757336713407,468.700950626278,14014.5252207041,13842.9824066682,13814.4619956868,63.1102166087524,45.9500292498798,43.4913758916445,-837.726005721993,-161.782797552857,1.49011611938477e-08,1.49011611938477e-08,1.87299967307013,1.36587446847427,0.432234763218979,2.11222321555787,6,25
1.094,1000,25,452.770445588007,398.301466297805,452.770445588007,14027.6325280249,13487.5465763235,14237.5299087819,63.3011711312797,51.0086157512844,41.5556175219745,-866.832320410418,-441.503003687611,1.49011611938477e-08,1.49011611938477e-08,1.80005820977358,1.29117487977568,1.49011611938477e-08,2.48103739779454,6,25
1.095,1000,25,423.606332362512,402.81461292139,423.606332362512,13640.1542240421,13596.8837325254,14572.2733372404,62.2501326643418,55.5678337417261,39.7071636668198,-761.866067786723,-576.526037371224,1.49011611938477e-08,1.49011611938477e-08,1.86519121577317,1.31075787269684,1.49011611938477e-08,2.25108361711872,6,25
1.096,1000,25,367.050854767101,407.464302787398,367.050854767101,13356.9346132481,14024.42022393,14412.6194021572,60.8221468850467,58.6103516540596,38.8166499559955,-656.318236235214,-548.884752572349,1.49011611938477e-08,1.49011611938477e-08,1.93477123220192,1.25306396985607,1.49011611938477e-08,2.93952604683678,6,25
1.097,1000,25,280.518792856226,412.648043201503,280.518792856226,13566.9775899104,14226.9436072998,13962.1810993888,60.38052339843,60.0134884910903,39.9453866080346,-584.217201095646,-415.098319662851,1.49011611938477e-08,1.49011611938477e-08,1.95392942137566,1.10871225286902,1.49011611938477e-08,10.6852845255522,6,25
1.098,1000,25,212.799853311407,417.403961845105,212.799853311407,14003.6663174655,13957.4626966094,13788.9891205096,60.8749144432972,59.9651110100992,42.9115353647186,-537.499196330805,-247.591777317227,1.49011611938477e-08,1.49011611938477e-08,1.88930004971536,1.07919986893254,0.376729184689471,4.90218864212397,6,25
1.099,1000,25,321.816381941145,418.031981172755,321.816381941145,14133.5772453969,13554.5421208709,14116.4850746267,60.7188079528113,58.6970854204662,46.5498563205119,-466.014680795239,-132.756174640942,1.49011611938477e-08,1.49011611938477e-08,1.78812305554714,1.30228088712833,1.1006443320623,2.68483969163131,6,25
1.1,1000,25,589.00270024498,45.983458581772,589.00270024498,13830.4485292498,13544.0961998844,14530.7194214318,57.6921927563039,56.412758561953,49.1847211489682,-355.234320254327,-89.3187048521121,1.49011611938477e-08,1.49011611938477e-08,1.83064814906343,1.74348896059887,1.89989104241198,2.51590680054197,6,25
1.101,1000,25,637.555602483018,426.090017275737,637.555602483018,13501.6237957079,13938.2523568138,14537.2075193292,50.9394993184511,53.9073572401647,49.7532086473899,-289.629663485808,-68.9019644368639,1.49011611938477e-08,1.49011611938477e-08,1.92164298862187,2.13827047656535,2.80842161392985,2.80009304199528,6,25
1.102,1000,25,615.873033888985,-2847.61303781759,615.873033888985,13591.9592529115,14223.9912539239,14152.4044856975,42.2454202083631,52.3489872189481,48.6548553250617,-360.804538911395,-16.7834721268407,1.49011611938477e-08,1.49011611938477e-08,1.95999832505964,1.72484895050846,2.7236677092695,2.55118576954427,6,25
1.103,1000,25,531.258170500774,380.162778438745,531.258170500774,13988.4246760159,14040.2313501929,13876.8237502816,37.9213718559729,52.5371442892801,47.6397574802884,-592.967251329408,49.7204688382336,1.49011611938477e-08,1.49011611938477e-08,1.92424846984617,0.675738677394741,1.27112504591118,1.55282035858868,6,25
1.104,1000,25,317.191646423112,433.874148137311,317.191646423112,14179.8427090805,13602.2783812963,14086.5253010612,42.4542634018417,54.4623275391431,47.8592272653026,-843.375829982734,42.2634909895784,1.49011611938477e-08,1.49011611938477e-08,1.80892024690314,1.49011611938477e-08,0.353015841226135,1.21724176787973,6,25
1.105,1000,25,245.297074162988,438.848751762329,245.297074162988,13941.5384591399,13464.2311914253,14518.1845752624,50.6004035600745,57.100294578396,48.4203573705378,-933.41431810629,-47.0270644724228,1.49011611938477e-08,1.49011611938477e-08,1.81009726023334,1.49011611938477e-08,1.49011611938477e-08,1.71567576347215,6,25
1.106,1000,25,416.656501590781,437.56829887596,416.656501590781,13500.6024697125,13807.3588071739,14559.4059404642,57.9221895085951,59.2858555992154,49.2200594800134,-896.586372910703,-127.990757168881,1.49011611938477e-08,1.49011611938477e-08,1.90312910178222,0.492118394239269,1.49011611938477e-08,2.55305575804801,6,25
1.107,1000,25,640.955412215156,-11402.8986536305,640.955412215156,13462.7532411435,14193.8895047346,14189.1179737018,62.6303184179451,60.4424963082752,50.14141958308,-804.740257138349,-212.582335268883,1.49011611938477e-08,1.49011611938477e-08,1.94915852325196,0.848703478955986,1.49011611938477e-08,3.50368792796936,6,25
1.108,1000,25,625.73936750402,-5169.47740911532,625.73936750402,13834.6631058529,14161.8186922758,13844.8933866197,63.5383542087314,60.0288565392376,50.2465105976334,-654.750194782007,-264.983608580234,1.49011611938477e-08,1.49011611938477e-08,1.93664050018802,1.16494935297449,0.178105580677084,3.8761082349899,6,25
1.109,1000,25,564.108257564645,264.759775364684,564.108257564645,14074.3652853762,13771.1025586278,13942.6081330376,62.4948595417117,57.6162355540257,50.2483830544206,-489.044708036892,-194.027210375911,1.49011611938477e-08,1.49011611938477e-08,1.84150265174186,1.41152145665048,1.00873040127617,2.78264731976668,6,25
1.11,1000,25,629.805762916084,451.824375003891,629.805762916084,13872.1420519589,13533.7979623527,14355.1198427583,61.8206305223307,53.2273128976477,50.5276517387522,-386.853326190179,-42.2837183561632,1.49011611938477e-08,1.49011611938477e-08,1.8229304784159,1.601690240918,1.62103668415795,1.71361862397339,6,25
1.111,1000,25,619.133234845359,-3629.64147404272,619.133234845359,13429.3024379259,13772.3060037467,14541.4684380525,60.9715751870445,48.032304067748,49.4555680733696,-340.287104347036,84.0638575649081,1.49011611938477e-08,1.49011611938477e-08,1.90153683724508,1.80602741776755,1.81879867053488,1.31138399624106,6,25
1.112,1000,25,569.954974277133,232.272214367759,569.954974277133,13271.9934664096,14164.119597809,14246.4327946383,60.7151104806258,44.0122960890113,47.6934231424485,-425.234643052739,140.117867065811,1.49011611938477e-08,1.49011611938477e-08,1.94659027946166,1.83970384966798,3.00988176126648,1.25051389388591,6,25
1.113,1000,25,510.334551569788,439.826533536578,510.334551569788,13608.7901270153,14199.0453758586,13821.1421963258,61.659504407687,43.6343777376858,45.6608708758344,-651.955787130277,65.1286954132748,1.49011611938477e-08,1.49011611938477e-08,1.95512379127062,1.58647925373369,2.28803237214529,1.49314021958345,6,25
1.114,1000,25,475.50605622005,457.908790647724,475.50605622005,14022.253619224,13816.7133592315,13825.804440288,62.8354608066311,47.2090051860617,43.6795620334263,-857.35913695879,-184.228801213755,1.49011611938477e-08,1.49011611938477e-08,1.86738524696976,1.33768662331826,0.326341490743595,2.09802909300742,6,25
1.115,1000,25,458.616709350076,463.433640339492,458.616709350076,14006.3959886509,13478.1685445053,14261.1110250217,63.0181939479609,52.3981165325376,41.8754626556007,-876.019787204785,-460.312760901182,1.49011611938477e-08,1.49011611938477e-08,1.80175117913934,1.26935805464188,1.49011611938477e-08,2.39880359521939,6,25
1.116,1000,25,425.595390430875,468.574756665952,425.595390430875,13609.2580211432,13615.6756067675,14576.5214358391,61.9675250606828,56.9594764635749,40.1086421101982,-773.860997952264,-583.55206671321,1.49011611938477e-08,1.49011611938477e-08,1.87097847404841,1.28791834930166,1.49011611938477e-08,2.1929567692237,6,25
1.117,1000,25,362.381088883296,473.674539460758,362.381088883296,13349.3698712985,14045.3926711268,14390.7017365288,60.5737654042129,59.971228575997,39.3423428646012,-662.492998434305,-549.100702773892,1.49011611938477e-08,1.49011611938477e-08,1.93699453224523,1.22501009055346,1.49011611938477e-08,2.97946056436653,6,25
1.118,1000,25,271.872310800399,479.282358535749,271.872310800399,13584.9788323301,14222.2606111512,13941.1923009963,60.1848378162747,61.3294324119609,40.6115149001748,-590.107592438344,-407.601392784581,1.49011611938477e-08,1.49011611938477e-08,1.95357253495051,1.08167394825676,1.49011611938477e-08,12.1222297621449,6,25
1.119,1000,25,222.384807575205,483.823907434193,222.384807575205,14017.5693801184,13931.9473005816,13796.1820463838,60.6926650524797,61.2374843532387,43.6921836833786,-541.061358963944,-236.506132886986,1.49011611938477e-08,1.49011611938477e-08,1.88303939617356,1.06157092601398,0.419553438098955,4.43171874450384,6,25
1.12,1000,25,361.952077648134,483.181959820527,361.952077648134,14120.5710105355,13538.5089541374,14144.5521525029,60.4465811736472,59.919703957501,47.3627996825628,-465.672099053773,-122.543635738004,1.49011611938477e-08,1.49011611938477e-08,1.78718685582912,1.29202274418978,1.1487731346078,2.52966060089625,6,25
1.121,1000,25,619.62654740554,-306.117584326619,619.62654740554,13803.2514555732,13557.3964905893,14546.9952651318,57.174217582869,57.5663924628776,49.8949911709388,-358.992560308315,-81.0964043087536,1.49011611938477e-08,1.49011611938477e-08,1.83690113057129,1.72748321317822,1.96809198711601,2.38413832885927,6,25
1.122,1000,25,633.844336041781,-8777.10693315962,633.844336041781,13488.9563168078,13961.2247374959,14525.0252058525,50.2061318670616,55.0888753174032,50.3661472600235,-295.116953665815,-56.9678529496911,1.49011611938477e-08,1.49011611938477e-08,1.92545825825536,2.07888866301118,2.90278742788266,2.60273342767614,6,25
1.123,1000,25,609.906918314362,481.496414309026,609.906918314362,13605.7389020679,14224.5531371123,14130.2420907565,41.6424646206263,53.5937267444977,49.3442358516892,-380.689953058281,-1.71564263317558,1.49011611938477e-08,1.49011611938477e-08,1.96087083918542,1.60095149736103,2.7043923893045,2.27658756242085,6,25
1.124,1000,25,516.569475647207,465.16370713434,516.569475647207,14005.3807209453,14015.8259369133,13876.0267296387,38.029615842909,53.8683516403713,48.5159979702368,-622.533666168575,58.6701108799403,1.49011611938477e-08,1.49011611938477e-08,1.91882225203974,0.590610680522697,1.22709327104692,1.38795173966448,6,25
1.125,1000,25,302.095725192559,500.555045802735,302.095725192559,14174.9025588922,13579.8173109895,14112.108191232,43.0957166780364,55.8343677050061,48.8107853394053,-867.111472427942,39.1020397537399,1.49011611938477e-08,1.49011611938477e-08,1.80503758139978,1.49011611938477e-08,0.306338548606622,1.18542688287857,6,25
1.126,1000,25,228.962598786342,505.821212616708,228.962598786342,13915.966537002,13470.3398054913,14538.1575258311,51.2147004732075,58.452527379168,49.226859535361,-943.547489496938,-51.5992902857012,1.49011611938477e-08,1.49011611938477e-08,1.81487302912403,1.49011611938477e-08,1.49011611938477e-08,1.75476787172902,6,25
1.127,1000,25,455.106547696716,501.383776793313,455.106547696716,13483.347598658,13831.772437692,14552.5028593235,58.4487679108032,60.5849857562024,49.887003548873,-899.447680514483,-139.167453048475,1.49011611938477e-08,1.49011611938477e-08,1.90745372862714,0.501427995637209,1.49011611938477e-08,2.64000894221737,6,25
1.128,1000,25,640.659023717441,-13173.0736907888,640.659023717441,13474.8650657236,14203.19394345,14169.1459379353,62.906672989133,61.6662168011525,50.5994274590084,-800.978949754999,-220.850545464097,1.49011611938477e-08,1.49011611938477e-08,1.95041482048552,0.85094961720214,1.49011611938477e-08,3.58307293556053,6,25
1.129,1000,25,621.193302302071,-4639.86613891773,621.193302302071,13857.2654331218,14147.5903047962,13843.229775592,63.6509190133937,61.1011045529537,50.5933843156514,-644.970148970327,-261.726860887625,1.49011611938477e-08,1.49011611938477e-08,1.93330308197949,1.15955855603262,0.275700760172276,3.80055780941272,6,25
1.13,1000,25,553.524822223085,374.184396327301,553.524822223085,14075.3671327358,13750.1087422156,13965.5856325672,62.5735037678799,58.4602805548826,50.5939934431866,-478.295978010398,-175.386702798371,1.49011611938477e-08,1.49011611938477e-08,1.83705122663409,1.40136581523413,1.06582954119414,2.6140197705505,6,25
1.131,1000,25,629.418093121388,519.176784129892,629.418093121388,13851.1367771707,13534.8214264505,14383.3402575361,61.8959667309052,53.9094648934725,50.8139229062744,-378.095789813832,-20.5976683182314,1.49011611938477e-08,1.49011611938477e-08,1.82587740959548,1.59542796802349,1.63642042219657,1.61900192358287,6,25
1.132,1000,25,612.699158780428,515.533988505111,612.699158780428,13409.078349158,13795.9901694449,14542.8485374895,61.0337520662764,48.6090147700715,49.6747307790527,-337.540708130203,103.686222394718,1.49011611938477e-08,1.49011611938477e-08,1.90553721704744,1.79749425930051,1.78298888756793,1.24901335046708,6,25
1.133,1000,25,576.074294265324,224.164876254738,576.074294265324,13280.4227263594,14178.1634694324,14223.8718838638,60.7977358336752,44.6179865413937,47.8566164027003,-433.449576065564,152.90432255997,1.49011611938477e-08,1.49011611938477e-08,1.94793708194388,1.81655168390999,3.06944865822124,1.21019184399514,6,25
1.134,1000,25,523.191152876382,483.99626016027,523.191152876382,13639.8782984531,14186.4506072725,13810.1722148993,61.6949194322475,44.2817520401994,45.7782240139547,-664.974759208615,62.3117867714333,1.49011611938477e-08,1.49011611938477e-08,1.95340919951831,1.56347187037092,2.20786775667461,1.48280236612809,6,25
1.135,1000,25,468.916389969085,519.267114349572,468.916389969085,14041.6261741745,13791.3344710015,13848.0926615277,62.6906475138959,47.8519125070821,43.8321748345326,-858.100434128119,-203.241887668037,1.49011611938477e-08,1.49011611938477e-08,1.85974882063033,1.3385972447281,0.273146595260232,2.13353934158429,6,25
1.136,1000,25,442.2791565932,521.981540380154,442.2791565932,13995.2806530284,13472.320764802,14292.0391143999,62.6858603973421,52.9333714710519,42.1142189945886,-865.650114916596,-467.567758303329,1.49011611938477e-08,1.49011611938477e-08,1.80206602784178,1.28990347126237,1.49011611938477e-08,2.3867579695109,6,25
1.137,1000,25,403.823647052046,523.72934013941,403.823647052046,13588.6915281922,13637.4695584733,14581.3173280024,61.5102364643438,57.3641112464578,40.5150765345867,-755.310028677772,-590.219704404443,1.49011611938477e-08,1.49011611938477e-08,1.87570075384799,1.31586991521567,1.49011611938477e-08,2.18314848468275,6,25
1.138,1000,25,341.193069211525,525.696289293869,341.193069211525,13351.3146363652,14067.4926218855,14365.627197859,60.171892817717,60.246804917505,39.9864441201316,-646.675380437007,-546.364057841022,1.49011611938477e-08,1.49011611938477e-08,1.93868926050698,1.25248265425376,1.49011611938477e-08,3.07019565715666,6,25
1.139,1000,25,249.628401829235,528.429782158228,249.628401829235,13612.6996111505,14218.8564497327,13917.9912376242,59.8813106498855,61.5001460963153,41.3976005352033,-575.721321057449,-401.65627822871,1.49011611938477e-08,1.49011611938477e-08,1.95246549465835,1.11694248117479,1.49011611938477e-08,13.8384358179033,6,25
1.14,1000,25,207.211735384479,529.722674448809,207.211735384479,14039.9596069231,13908.8059061754,13802.8471028945,60.3637502504072,61.3165013550388,44.4709952930712,-523.280611929371,-233.657334069517,1.49011611938477e-08,1.49011611938477e-08,1.87491304443004,1.11220525989859,0.465912984041582,4.44427746741599,6,25
1.141,1000,25,348.375410018616,525.531791778943,348.375410018616,14115.9236235548,13527.746529377,14168.8754422546,59.9108306327147,59.9154435598422,48.0771127560535,-447.014451918471,-127.82306061484,1.49011611938477e-08,1.49011611938477e-08,1.78492454704052,1.35956226015168,1.19935023555869,2.5981141335452,6,25
1.142,1000,25,616.489560217832,-255.772779311128,616.489560217832,13782.046634013,13575.8405909431,14554.7064509988,56.3422205046565,57.5207439219394,50.5674927450848,-334.821436030402,-84.5449580450036,1.49011611938477e-08,1.49011611938477e-08,1.84190381369237,1.80982370467827,2.02667326051259,2.47668422231733,6,25
1.143,1000,25,632.084288870762,528.18390454634,632.084288870762,13484.7679304052,13986.9119437066,14503.7363882585,49.0582946095253,55.0243526236968,51.0425389916682,-279.112700360618,-60.212335135253,1.49011611938477e-08,1.49011611938477e-08,1.92861412688583,2.15120236102596,2.99288210611572,2.70872927059916,6,25
1.144,1000,25,608.319046390669,513.45194981841,608.319046390669,13627.1288140606,14228.2640047459,14099.0637116674,40.4039475030746,53.5946433465505,50.1005409665595,-377.547472210357,-5.63756034458221,1.49011611938477e-08,1.49011611938477e-08,1.9612641081011,1.59907733996392,2.68525128384856,2.35120406997394,6,25
1.145,1000,25,514.43705692493,495.349037391093,514.43705692493,14027.3472713008,13994.3279969383,13868.3718505982,37.1769161118638,53.9743820672527,49.3948970950864,-626.439624527531,47.1124791881352,1.49011611938477e-08,1.49011611938477e-08,1.9120727506318,0.564342602658171,1.16313328308114,1.46102612377931,6,25
1.146,1000,25,296.872674537332,526.994712882877,296.872674537332,14171.0294669269,13562.2005059722,14128.0525000666,42.736384104121,56.0743889220384,49.7031647620547,-856.156014192514,20.5948012185985,1.49011611938477e-08,1.49011611938477e-08,1.80036732416548,1.49011611938477e-08,0.192231559997117,1.31617242560598,6,25
1.147,1000,25,259.944119016402,528.14515829415,259.944119016402,13893.3197454301,13482.2002553546,14547.8974991615,50.9741143010172,58.7626178617058,49.9814924308141,-929.4921554291,-78.5067460225148,1.49011611938477e-08,1.49011611938477e-08,1.81880935802814,0.0666853274154018,1.49011611938477e-08,1.97670752098873,6,25
1.148,1000,25,465.904109566458,519.954384316437,465.904109566458,13471.8801303831,13859.5459392063,14534.3993591867,58.0926394463116,60.8978039803048,50.5496254785959,-880.215529099062,-164.389670771483,1.49011611938477e-08,1.49011611938477e-08,1.91107945871719,0.562059278601148,1.49011611938477e-08,2.96689334537115,6,25
1.149,1000,25,637.754363054591,-11661.3573078215,637.754363054591,13492.0184420379,14215.4059777845,14140.0009202266,62.2774413644322,61.9249243799528,51.1031345617505,-777.567408007509,-242.537978153073,1.49011611938477e-08,1.49011611938477e-08,1.9512305780039,0.903293286505567,1.49011611938477e-08,3.9894308015089,6,25
1.15,1000,25,617.899254291351,522.650258501011,617.899254291351,13880.4676607533,14128.4151653594,13831.7542776571,62.8607892704241,61.2938795432148,51.0184717812997,-620.004357626285,-271.473662535208,1.49011611938477e-08,1.49011611938477e-08,1.92857027981365,1.20405934666867,0.286121854747808,4.05260095273042,6,25
1.151,1000,25,543.332635385177,428.201897394495,543.332635385177,14073.2709892873,13726.552388953,13979.2444373151,61.8849473705141,58.6143257020969,51.0498415300236,-467.996343349375,-177.21487659082,1.49011611938477e-08,1.49011611938477e-08,1.83194031632894,1.4283843621302,1.08577260783439,2.60996672878782,6,25
1.152,1000,25,630.030953671667,527.068043370096,630.030953671667,13831.0489925773,13537.4230425681,14400.7692394968,61.3101754866488,54.0261974761714,51.0516297777177,-368.031421700356,-9.14532340748595,1.49011611938477e-08,1.49011611938477e-08,1.82890482922917,1.61271837841535,1.64274096488547,1.58669710122069,6,25
1.153,1000,25,615.550284810999,-3446.05187825866,615.550284810999,13392.4540393215,13820.0592682044,14533.8918040802,60.5614568323341,48.8308742219815,49.7082773401061,-338.241636938321,113.51620062361,1.49011611938477e-08,1.49011611938477e-08,1.90925110604149,1.80053215033665,1.79930738588637,1.22086964240666,6,25
1.154,1000,25,561.755822464243,334.497687012908,561.755822464243,13292.3670730561,14192.4020360677,14197.5898624914,60.4743870600751,45.097297798509,47.7333132484385,-446.815390868714,156.474978187163,1.49011611938477e-08,1.49011611938477e-08,1.94910921793202,1.79576902209502,3.33888638474039,1.19275293487809,6,25
1.155,1000,25,507.299931575006,503.117823647971,507.299931575006,13665.1547920103,14171.0041497306,13797.7030318184,61.560191144101,45.1733311742531,45.5629208012125,-687.660150992366,55.8539375579892,1.49011611938477e-08,1.49011611938477e-08,1.95139461492583,1.52234133590301,1.96361773882125,1.47721809338996,6,25
1.156,1000,25,464.067155510618,519.875556936139,464.067155510618,14048.0514035601,13764.5206431817,13865.6885932912,62.7434770307167,48.9886951255381,43.4992965329744,-874.238888117826,-196.730885093094,1.49011611938477e-08,1.49011611938477e-08,1.85402723810446,1.2865398237545,0.046293763802672,2.11401668051524,6,25
1.157,1000,25,455.023016395322,520.980550879173,455.023016395322,13974.0635449257,13465.683635382,14318.4184656504,62.8897589961416,54.1206085638263,41.607318314536,-882.837386209798,-468.10354146116,1.49011611938477e-08,1.49011611938477e-08,1.80439195754358,1.22671534721665,1.49011611938477e-08,2.3704177079677,6,25
1.158,1000,25,429.64072480773,522.682711343735,429.64072480773,13563.1602236383,13657.6508894547,14587.1879025841,61.8172705839395,58.509885169169,39.7894906865834,-771.746218312049,-581.002949500858,1.49011611938477e-08,1.49011611938477e-08,1.88116558764049,1.23739414966467,1.49011611938477e-08,2.22229354902068,6,25
1.159,1000,25,371.456603618007,524.794432090052,371.456603618007,13351.394786797,14085.7662901742,14349.4969784393,60.5446016694433,61.3290086408735,39.1770660281546,-663.506357639925,-529.35484626343,1.49011611938477e-08,1.49011611938477e-08,1.94072461065993,1.15837702114992,1.49011611938477e-08,3.30601197669645,6,25
1.16,1000,25,272.6927418337,527.755676972252,272.6927418337,13634.2669377784,14210.337508661,13907.7361956698,60.3097149461546,62.5076743415777,40.7266889727404,-593.187297466988,-376.560861311778,1.49011611938477e-08,1.49011611938477e-08,1.95190352752319,1.02177655306463,1.49011611938477e-08,16.8903900875658,6,25
1.161,1000,25,237.493569203672,528.835322116816,237.493569203672,14051.6568537526,13881.8059157534,13821.6402219425,60.8531306695592,62.2506340146973,44.0906703424989,-544.585690374368,-211.185254166111,1.49011611938477e-08,1.49011611938477e-08,1.86935340086205,1.03158124056176,0.498347410390059,3.59241489338148,6,25
1.162,1000,25,394.396322576278,524.085490601612,394.396322576278,14100.2925519123,13514.1017056256,14205.3291934541,60.397348251976,60.7664418294301,47.8918405674535,-464.483910010812,-98.8901935688266,1.49011611938477e-08,1.49011611938477e-08,1.78604606810775,1.28846660729358,1.23936033459651,2.24929890763806,6,25
1.163,1000,25,637.464110210277,531.13600354948,637.464110210277,13755.886930118,13591.1662564857,14577.2826025718,56.6944793901514,58.2555914071016,50.355175202251,-351.807953827617,-57.0045281685248,1.49011611938477e-08,1.49011611938477e-08,1.84874278645342,1.72517300981969,2.0825764498438,2.16726917196803,6,25
1.164,1000,25,631.30475025654,-8284.0268089341,631.30475025654,13476.3125178432,14008.7892788955,14498.9859244756,49.3687675302053,55.7469025448933,50.7436691918961,-302.726438766331,-30.2619328308105,1.49011611938477e-08,1.49011611938477e-08,1.93210251512906,2.01075922701841,3.05676773318246,2.31355275470978,6,25
1.165,1000,25,605.280136209099,504.294355993167,605.280136209099,13644.0253812076,14225.9266646594,14088.5957529959,41.0908540035493,54.3375956088464,49.8382520084301,-413.26572600371,27.1071169445983,1.49011611938477e-08,1.49011611938477e-08,1.96182602195566,1.43439790208102,2.62979242897422,1.9202582705722,6,25
1.166,1000,25,502.859948313763,506.353248130329,502.859948313763,14043.1265858101,13969.0165336105,13882.3854320154,38.5980058341675,54.7565322398439,49.2535167650398,-653.339718972768,73.4308617792119,1.49011611938477e-08,1.49011611938477e-08,1.90662957530505,0.480606733670806,1.13758744639091,1.20113364440034,6,25
1.167,1000,25,291.215706183059,527.185209465533,291.215706183059,14164.1618587999,13543.2451426825,14165.4777011582,44.3247227926938,56.8184190029708,49.617222812098,-887.708736841967,38.4501806091209,1.49011611938477e-08,1.49011611938477e-08,1.7983789233117,1.49011611938477e-08,0.191548045732192,1.17566900356169,6,25
1.168,1000,25,250.442659054181,528.458851965925,250.442659054181,13865.5602688632,13492.6877934154,14573.8121968891,52.2462569658409,59.414965421406,49.788245908344,-945.992448208589,-64.6198780313132,1.49011611938477e-08,1.49011611938477e-08,1.82494355495348,1.49011611938477e-08,1.49011611938477e-08,1.83237654089046,6,25
1.169,1000,25,496.82471892169,511.092762797308,496.82471892169,13453.19617987,13884.9371974421,14530.3558388088,59.2402811516723,61.4530766708131,50.4525026082058,-893.969687712636,-149.364259394284,1.49011611938477e-08,1.49011611938477e-08,1.91547078655668,0.537887444755138,1.49011611938477e-08,2.71261615543427,6,25
1.17,1000,25,638.246230958303,-12031.166227192,638.246230958303,13502.0026843992,14222.2761368483,14123.9645568831,63.160304271681,62.3658284233289,50.9916610038673,-787.954522835727,-227.119894749526,1.49011611938477e-08,1.49011611938477e-08,1.95243385862536,0.87452277711966,1.49011611938477e-08,3.57687093363615,6,25
1.171,1000,25,615.7803264202,-3517.14619261341,615.7803264202,13896.9303646328,14113.260132646,13837.2255561521,63.5164336169278,61.5496706642584,50.8975194510273,-634.430152511892,-253.114365606981,1.49011611938477e-08,1.49011611938477e-08,1.92536011287271,1.17081870467508,0.403682379380731,3.5666514832565,6,25
1.172,1000,25,532.275972374528,462.950753217882,532.275972374528,14065.8461831111,13707.3518401355,14007.0614266466,62.3884682979721,58.6238997776747,51.016987625971,-470.621871884505,-152.907749466362,1.49011611938477e-08,1.49011611938477e-08,1.82928168455921,1.39939991346434,1.15842265296401,2.3500481684754,6,25
1.173,1000,25,629.423476044213,526.76521111443,629.423476044213,13804.2027578609,13542.6948681806,14428.337537274,61.6272883299933,53.8723773122729,51.1494076805785,-367.295123982171,9.69689688473734,1.49011611938477e-08,1.49011611938477e-08,1.83332057646122,1.60118521429528,1.65485346482377,1.49473315217147,6,25
1.174,1000,25,609.339844526198,514.263036425282,609.339844526198,13370.5965905598,13845.1316294693,14533.4756984632,60.7391172855753,48.5651675058452,49.9745133460263,-340.183160540744,127.000943008085,1.49011611938477e-08,1.49011611938477e-08,1.91331972459679,1.79542384225916,1.76537392728381,1.1830496180149,6,25
1.175,1000,25,571.129691163883,265.119462761245,571.129691163883,13300.0254868662,14204.548969238,14174.6742543385,60.6174411911137,44.8808175426015,48.1418484710646,-458.827270812683,163.049007228446,1.49011611938477e-08,1.49011611938477e-08,1.95052433907134,1.77968308655814,3.44210246857651,1.18263504003782,6,25
1.176,1000,25,514.152688412071,495.990019475124,514.152688412071,13693.8939745603,14157.4593574461,13788.8156889904,61.6311552444944,45.0330530836234,46.0398570592872,-689.423261058629,57.9797718845415,1.49011611938477e-08,1.49011611938477e-08,1.94907223369233,1.51032362344998,1.8692721300972,1.49701620477855,6,25
1.177,1000,25,468.885724233397,519.269173829726,468.885724233397,14063.0190649209,13741.3904930981,13888.7842434935,62.5927868555025,48.9072518169303,44.0228174241801,-873.421145140568,-219.640430965969,1.49011611938477e-08,1.49011611938477e-08,1.84697655170877,1.3040076118625,1.49011611938477e-08,2.1731352983109,6,25
1.178,1000,25,440.734657361077,522.07953915282,440.734657361077,13960.1665683123,13465.1540132296,14345.8083282234,62.4642678748172,53.9818863246562,42.1333390641552,-863.875816586062,-489.517245042243,1.49011611938477e-08,1.49011611938477e-08,1.80590447968493,1.27042286551566,1.49011611938477e-08,2.35092273885203,6,25
1.179,1000,25,400.385577894324,523.8482914566,400.385577894324,13543.2463136067,13682.8379795067,14585.4065160326,61.1790848676356,58.269810839748,40.3974657883068,-747.229711078968,-590.319943491201,1.49011611938477e-08,1.49011611938477e-08,1.88583457038344,1.29163330948181,1.49011611938477e-08,2.19572188503079,6,25
1.18,1000,25,332.857555992857,525.946269314001,332.857555992857,13356.9423200649,14107.1957129225,14318.8016074331,59.8947163509568,60.9825253087141,39.9618268837693,-641.887783151299,-529.63275686293,1.49011611938477e-08,1.49011611938477e-08,1.9422368000151,1.21140017521862,1.49011611938477e-08,3.34392796647386,6,25
1.181,1000,25,239.846969089638,528.721402472658,239.846969089638,13663.6027093992,14204.6518908503,13882.6185383431,59.7077614619159,62.0881037872498,41.5542556750351,-576.570511538667,-383.812972021078,1.49011611938477e-08,1.49011611938477e-08,1.95015871408929,1.07617047617445,1.49011611938477e-08,18.1622753349155,6,25
1.182,1000,25,210.730334359697,529.617057724609,210.730334359697,14073.1343935111,13859.4053544818,13827.4193415939,60.192387136007,61.79021416012,44.8016613614921,-522.752213872558,-214.632911961416,1.49011611938477e-08,1.49011611938477e-08,1.86099780538678,1.09580731434413,0.547829880665867,3.8068894014512,6,25
1.183,1000,25,378.312487706891,524.615093800514,378.312487706891,14094.5526592068,13507.1445028284,14225.5964273527,59.5195684883724,60.2924898682034,48.4513123788694,-437.928536830979,-108.848672279412,1.49011611938477e-08,1.49011611938477e-08,1.78468571248721,1.36862122141091,1.2898659332262,2.4178547324814,6,25
1.184,1000,25,638.460949236111,-12138.325093656,638.460949236111,13736.4501157002,13612.7907760682,14577.1495612857,55.5661601782498,57.8315649862404,50.8189346281381,-327.236323485467,-70.0963118318364,1.49011611938477e-08,1.49011611938477e-08,1.85376162078305,1.82229363268968,2.14250746406673,2.36143151786025,6,25
1.185,1000,25,630.688833813123,-8015.26695078768,630.688833813123,13476.4464687375,14033.3551837837,14470.3841057929,47.9842246772039,55.3906967651596,51.1715543196991,-288.010374112984,-43.5270944411547,1.49011611938477e-08,1.49011611938477e-08,1.93485775002532,2.09729958491653,3.13923127763814,2.54077715508366,6,25
1.186,1000,25,601.462653897899,-1376.78978148873,601.462653897899,13668.3161558494,14226.4932907366,14055.3721433768,39.6659721166322,54.1462332409691,50.2731975006807,-401.103302113228,10.1376946682126,1.49011611938477e-08,1.49011611938477e-08,1.96171373135283,1.43697076972179,2.51922334619915,2.09944899814141,6,25
1.187,1000,25,492.578268068912,512.212850214122,492.578268068912,14064.2130252363,13946.2898658608,13874.8809400784,37.6116621269394,54.770660762135,49.7377803845943,-657.396119480076,53.9326448495049,1.49011611938477e-08,1.49011611938477e-08,1.8992504551439,0.452226659464153,1.04160722634845,1.32831123480428,6,25
1.188,1000,25,277.555659256563,527.599687420908,277.555659256563,14158.4634413668,13527.7898026903,14179.8954381799,43.9069854942183,57.0571173454574,50.0918047239382,-885.065037507772,10.3897207777567,1.49011611938477e-08,1.49011611938477e-08,1.79459789324551,1.49011611938477e-08,1.49011611938477e-08,1.33327003671876,6,25
1.189,1000,25,268.607326081617,527.915454655416,268.607326081617,13842.5153772167,13507.125663811,14577.3097886215,52.0064987653653,59.7790109379544,50.1560540072621,-931.915668594505,-95.0240168025121,1.49011611938477e-08,1.49011611938477e-08,1.82927557471765,0.163971197972757,1.49011611938477e-08,2.08567092720781,6,25
1.19,1000,25,508.923617191442,503.496708519723,508.923617191442,13446.2602104844,13911.8729833454,14508.0824153368,58.9086795663353,61.8451428582744,50.723150342999,-875.011400799468,-178.0148062593,1.49011611938477e-08,1.49011611938477e-08,1.91858554235226,0.593331279136242,1.49011611938477e-08,3.08386482797224,6,25
1.191,1000,25,636.680389888206,-11050.9481557595,636.680389888206,13523.3053083216,14230.8762865429,14093.8512945983,62.5780901640015,62.7186051853236,51.1063476217949,-770.893023756363,-248.333296598873,1.49011611938477e-08,1.49011611938477e-08,1.95286045689964,0.923825248081574,1.49011611938477e-08,4.01668050509141,6,25
1.192,1000,25,612.305184183898,-2863.94908477655,612.305184183898,13920.4329536005,14091.1796722247,13827.1689981001,62.7943753157822,61.8495768037375,50.9586887490023,-608.785610383628,-265.118700174578,1.49011611938477e-08,1.49011611938477e-08,1.91957601771185,1.21364898642543,0.392059557004476,3.81172203054659,6,25
1.193,1000,25,521.678167260609,484.883384541607,521.678167260609,14062.0262436073,13684.9143205128,14020.6127634754,61.8016217405229,58.9033022034061,51.1363591367231,-453.611309454514,-149.145680335698,1.49011611938477e-08,1.49011611938477e-08,1.8246695001863,1.42663775005071,1.16538680585142,2.3484115336852,6,25
1.194,1000,25,630.75925995079,-8029.15540366106,630.75925995079,13777.3026848336,13547.3129459748,14437.7327749838,61.2480349449556,54.166641930304,51.1583997718591,-361.486949249094,18.8665772888618,1.49011611938477e-08,1.49011611938477e-08,1.83698627566687,1.61258736553772,1.65532503976695,1.45460269105778,6,25
1.195,1000,25,614.131545103065,-3222.90850399425,614.131545103065,13351.2694508234,13868.2944172902,14515.6684482617,60.5130790821305,49.0318911036779,49.8683211116886,-347.191011894931,131.775874455867,1.49011611938477e-08,1.49011611938477e-08,1.91672471070907,1.78865710013853,1.80915128371154,1.14781663876629,6,25
1.196,1000,25,559.31035205937,352.697777890935,559.31035205937,13310.5476695532,14214.0329390112,14141.900768455,60.4724310404822,45.6723354513103,47.9756853742237,-467.013355588735,157.695155932259,1.49011611938477e-08,1.49011611938477e-08,1.95174646515594,1.75749448947207,3.83397599156272,1.16772585614052,6,25
1.197,1000,25,500.236237454554,508.329143286128,500.236237454554,13714.2634115477,14136.6081156295,13773.6448056583,61.5220959427692,46.2775675451077,45.9436204442925,-712.179740728358,34.6773227339574,1.49011611938477e-08,1.49011611938477e-08,1.94645553900315,1.48689650883758,1.65451965724905,1.51204258811236,6,25
1.198,1000,25,457.16280093879,520.777809936537,457.16280093879,14062.4294514089,13712.8734657492,13903.4031826605,62.5009807521489,50.355403456749,44.089671873638,-888.296628417652,-249.200807165941,1.49011611938477e-08,1.49011611938477e-08,1.84182619770204,1.28480243645887,1.49011611938477e-08,2.16678064781638,6,25
1.199,1000,25,434.512588687064,522.440139667847,434.512588687064,13932.1827712087,13459.4138090245,14365.0130006758,62.4196038435309,55.4241195014082,42.3691999033914,-871.4555753284,-510.125110792934,1.49011611938477e-08,1.49011611938477e-08,1.80909856819499,1.25114114728087,1.49011611938477e-08,2.25953233233308,6,25
1.2,1000,25,397.88469784283,523.933406357554,397.88469784283,13514.0494454486,13702.0553667582,14580.093967068,61.2047309953684,59.6355603860671,40.7273576767121,-754.609193456787,-599.548165928207,1.49011611938477e-08,1.49011611938477e-08,1.89097030322707,1.26788712510318,1.49011611938477e-08,2.13910614813887,6,25
1.201,1000,25,335.36902711225,525.870575750842,335.36902711225,13355.1887837633,14120.9884302822,14291.8066646143,59.9944436473326,62.2653606447493,40.3184663667336,-654.695455567205,-537.484623605898,1.49011611938477e-08,1.49011611938477e-08,1.94386612562492,1.18391880658358,1.49011611938477e-08,3.37264568258014,6,25
1.202,1000,25,242.317467934482,528.663684463176,242.317467934482,13682.2939356327,14191.8860843257,13863.7900577969,59.860840371065,63.2867793553421,41.952611178759,-583.85969937634,-381.341699344867,1.49011611938477e-08,1.49011611938477e-08,1.94858475697037,1.0566833744029,1.49011611938477e-08,17.5047507469442,6,25
1.203,1000,25,229.882965234838,529.062709432576,229.882965234838,14080.3981704499,13832.2822265653,13838.3668088091,60.299873612781,62.9071918280293,45.2619582873599,-524.86782323068,-211.15528432603,1.49011611938477e-08,1.49011611938477e-08,1.85473762128057,1.09169944828179,0.578051889922263,3.58169826226104,6,25
1.204,1000,25,412.158006078094,523.489630851649,412.158006078094,14074.9420388643,13497.3944431396,14250.9178822003,59.4100000768666,61.297978109974,48.8626118314197,-433.240407387438,-107.015278978926,1.49011611938477e-08,1.49011611938477e-08,1.78615327353531,1.37586142594317,1.3347034125321,2.33007908185567,6,25
1.205,1000,25,637.851868278857,531.588511283212,637.851868278857,13709.1657846128,13630.7158633043,14585.0323471056,55.0520839769732,58.6927992217039,51.0672184654611,-321.088123136376,-67.3727840939526,1.49011611938477e-08,1.49011611938477e-08,1.86005531976085,1.82535608112464,2.20547099537008,2.28037912675058,6,25
1.206,1000,25,629.007215803442,526.667920283074,629.007215803442,13469.7698803096,14053.9529715847,14452.0637174971,47.1585940831927,56.234600704647,51.292622251366,-288.944756549839,-39.0063550369854,1.49011611938477e-08,1.49011611938477e-08,1.93776462366342,2.05320990803126,3.23164405747297,2.39942813872489,6,25
1.207,1000,25,598.475062220644,451.837980612679,598.475062220644,13685.3563042933,14221.1584563877,14033.671803214,39.0253951838983,55.0228435748743,50.4425503961003,-418.316977371644,19.5274209222904,1.49011611938477e-08,1.49011611938477e-08,1.96152524888985,1.33859800032346,2.46840783816517,1.90492958729767,6,25
1.208,1000,25,477.59879634598,517.363676504018,477.59879634598,14076.8081540273,13919.9967274839,13879.8385715158,37.7252896943113,55.7201941909396,50.02720802564,-681.819178166624,57.6645859590613,1.49011611938477e-08,1.49011611938477e-08,1.892656426149,0.373545428163607,0.999387164027376,1.21881732081236,6,25
1.209,1000,25,270.907028743234,527.791881640262,270.907028743234,14148.3171338544,13511.9029986363,14205.6877210137,44.4411520954863,58.0057975932777,50.4162981423718,-900.7757241548,4.85541446616071,1.49011611938477e-08,1.49011611938477e-08,1.79275887177529,1.49011611938477e-08,1.49011611938477e-08,1.32914065729134,6,25
1.21,1000,25,276.685517113139,527.673820297563,276.685517113139,13814.3653444609,13521.0868205786,14588.673374699,52.4728372975835,60.6818552982279,50.3459310431259,-934.68008336601,-103.757939352537,1.49011611938477e-08,1.49011611938477e-08,1.83498412251052,0.171704085165503,1.49011611938477e-08,2.13636173055711,6,25
1.211,1000,25,527.627066424445,476.852992162416,527.627066424445,13435.5105812096,13936.9493037192,14492.5521219365,59.3001760039284,62.6830011661457,50.8506130553758,-876.552869449838,-183.261221939339,1.49011611938477e-08,1.49011611938477e-08,1.92203963817142,0.601565068874114,1.49011611938477e-08,3.17654195237604,6,25
1.212,1000,25,635.514218243333,-10699.5563517936,635.514218243333,13541.0658488439,14235.6982223173,14071.4764284555,62.7956645512189,63.45962596005,51.1388741817855,-763.207184144899,-255.035140804933,1.49011611938477e-08,1.49011611938477e-08,1.95357127704959,0.928341947759331,1.49011611938477e-08,4.09675454835228,6,25
1.213,1000,25,610.179145072314,-2495.50963083264,610.179145072314,13939.6228935969,14074.4736660795,13829.3525959738,62.9254568630766,62.411771718849,50.9084120961974,-596.685699387963,-260.36568510291,1.49011611938477e-08,1.49011611938477e-08,1.91532524749825,1.21315781243669,0.454375216018365,3.72988531702758,6,25
1.214,1000,25,516.539787534327,495.001584061458,516.539787534327,14054.2274882692,13667.4443535262,14043.068051727,61.9525142829453,59.2369570019088,51.0613900934353,-442.827727476509,-132.617220828375,1.49011611938477e-08,1.49011611938477e-08,1.82209086444602,1.42512046891923,1.21644802085319,2.24133345192696,6,25
1.215,1000,25,630.486246820353,-7910.71838135357,630.486246820353,13752.3507353775,13556.3110794598,14456.033546603,61.3615204492391,54.3795444953931,51.0184259028815,-356.193009846274,27.1741147993202,1.49011611938477e-08,1.49011611938477e-08,1.8412305099703,1.61949190370348,1.65358734132657,1.40684145267562,6,25
1.216,1000,25,611.124897633536,517.449556426134,611.124897633536,13336.6218921246,13893.8080446795,14506.5473920665,60.6082421880914,49.2067063297368,49.695412181883,-343.016704702131,139.440382970584,1.49011611938477e-08,1.49011611938477e-08,1.91996043696857,1.79480164741058,1.78892224259807,1.12501572989722,6,25
1.217,1000,25,566.851199673576,298.462543160605,566.851199673576,13326.8768592011,14224.2300491236,14116.8934299901,60.6004906294765,45.9702234672448,47.8021132882524,-476.464306596029,161.555069145513,1.49011611938477e-08,1.49011611938477e-08,1.95289696053501,1.74814137446853,4.06995358058636,1.16472850338148,6,25
1.218,1000,25,506.71929029958,503.538065620919,506.71929029958,13746.9850304565,14121.5909880139,13768.3618783798,61.6152247948062,46.6446455083791,45.7899500303517,-723.517767219338,25.4220519786879,1.49011611938477e-08,1.49011611938477e-08,1.94297495512438,1.47495881712781,1.55601709867192,1.53476000486031,6,25
1.219,1000,25,459.864535570705,520.479399220424,459.864535570705,14074.6715187508,13690.5127416762,13929.0302046315,62.4713498454245,50.7623130353543,44.0315519453544,-886.846651237636,-267.765059786967,1.49011611938477e-08,1.49011611938477e-08,1.83537193605753,1.2870746412348,1.49011611938477e-08,2.2150789818894,6,25
1.22,1000,25,422.615343994203,523.009455538436,422.615343994203,13915.1472904724,13461.5170971561,14390.4289706262,62.2971920892727,55.7562027886976,42.408987087787,-859.361350769527,-521.93677972928,1.49011611938477e-08,1.49011611938477e-08,1.81162924869781,1.26208225854488,1.49011611938477e-08,2.25796471855035,6,25
1.221,1000,25,376.173676777972,524.634110137932,376.173676777972,13494.8563751771,13727.6518261818,14575.271676937,61.0862270588136,59.8609494521562,40.9418376096672,-747.940241068316,-599.653652426861,1.49011611938477e-08,1.49011611938477e-08,1.89536277478049,1.27738991219722,1.49011611938477e-08,2.17223155701497,6,25
1.222,1000,25,304.623517556956,526.792611050687,304.623517556956,13363.9681008152,14139.3462114974,14262.6162595182,60.0072393361086,62.38189038314,40.756173764768,-644.968035452985,-530.835476608777,1.49011611938477e-08,1.49011611938477e-08,1.94517785551008,1.19342758213362,1.49011611938477e-08,3.55307110713686,6,25
1.223,1000,25,218.106771757367,529.388243864317,218.106771757367,13711.6448845843,14182.346086257,13844.5190813031,59.9441845658918,63.3161959729509,42.4857825096704,-573.861870928336,-374.933782786116,1.49011611938477e-08,1.49011611938477e-08,1.94609204425259,1.08073336862069,1.49011611938477e-08,17.7831528378392,6,25
1.224,1000,25,207.875958317553,529.713715165936,207.875958317553,14097.5327102656,13808.5210946023,13850.3472088377,60.2608089882654,62.8588943366785,45.7185312991511,-508.822091856631,-212.055644153283,1.49011611938477e-08,1.49011611938477e-08,1.84668560741802,1.13970889083661,0.622741888940725,3.65562465751617,6,25
1.225,1000,25,397.066009656076,524.011145837091,397.066009656076,14064.5442349808,13492.0644076957,14273.2119819739,59.0599573164519,61.1855973498533,49.1998359271798,-410.431909359988,-114.598620525338,1.49011611938477e-08,1.49011611938477e-08,1.78621654467868,1.44767752019672,1.38618485232548,2.44648661537692,6,25
1.226,1000,25,637.870103496182,-11685.3021043103,637.870103496182,13687.8389752633,13652.5696248068,14583.4303307088,54.4143127433868,58.5851734229086,51.3476258130658,-304.795791370873,-78.657237501685,1.49011611938477e-08,1.49011611938477e-08,1.86534658676162,1.91407558441571,2.2638339915562,2.42860161880824,6,25
1.227,1000,25,628.647162476365,526.509486142506,628.647162476365,13469.7876121644,14075.3546878019,14422.760647495,46.2746333652626,56.1569957648221,51.5639686031188,-278.174777442895,-48.8973722144104,1.49011611938477e-08,1.49011611938477e-08,1.94027670677422,2.12675452814032,3.31663975057128,2.56992514555976,6,25
1.228,1000,25,594.320104480196,-499.842420954284,594.320104480196,13707.8726516068,14217.4737016565,14004.619610942,38.14284148894,55.0739521793071,50.7244564592822,-420.198154537729,9.00593855003821,1.49011611938477e-08,1.49011611938477e-08,1.96092743680923,1.33653900373971,2.37289862606444,2.02659698862504,6,25
1.229,1000,25,463.905068976514,519.819456951452,463.905068976514,14092.5807471796,13895.6910430377,13877.9625838923,37.2750234145557,55.9298670732809,50.3526884836515,-688.236688067763,40.5869329507298,1.49011611938477e-08,1.49011611938477e-08,1.88522031176389,0.359514062975405,0.924332644026496,1.31858120450337,6,25
1.23,1000,25,260.830462253702,528.122151945101,260.830462253702,14136.8524742826,13498.7475872343,14223.18233469,44.4099230238594,58.3937402559364,50.718999402347,-899.15037558407,-20.4144378715927,1.49011611938477e-08,1.49011611938477e-08,1.79054271031942,1.49011611938477e-08,1.49011611938477e-08,1.47120158445551,6,25
1.231,1000,25,284.828921301117,527.430283892252,284.828921301117,13787.1496616654,13537.7646576133,14590.0958925924,52.5257262173231,61.1510055291029,50.5561073653289,-924.930195846668,-125.159754137213,1.49011611938477e-08,1.49011611938477e-08,1.84006222225633,0.261189830584129,1.49011611938477e-08,2.38143290620028,6,25
1.232,1000,25,548.279342627959,416.199674561145,548.279342627959,13428.0957327508,13962.4337354706,14468.5571086555,59.2090682039884,63.1482425465205,50.9831935034267,-860.489476026538,-207.82776335461,1.49011611938477e-08,1.49011611938477e-08,1.92494825134273,0.64951034609081,1.49011611938477e-08,3.53671840932912,6,25
1.233,1000,25,634.977794420883,529.876084385738,634.977794420883,13561.3370389673,14240.052882386,14042.5004794869,62.4685234090591,63.8699371476084,51.1535673594156,-742.118889644023,-275.168018787696,1.49011611938477e-08,1.49011611938477e-08,1.95368057389371,0.971708399651651,1.49011611938477e-08,4.49051778678355,6,25
1.234,1000,25,606.443687433132,508.82325944138,606.443687433132,13958.9231498979,14050.7551342415,13822.7898457036,62.4661759853439,62.7675938170829,50.9102137163835,-573.450159465592,-269.540560163452,1.49011611938477e-08,1.49011611938477e-08,1.90898467338578,1.25281734270698,0.469356184214033,3.89665269241134,6,25
1.235,1000,25,537.670434635273,452.426385129374,537.670434635273,14045.5486746603,13647.8287216691,14058.0826004707,61.5970861512222,59.5702955843652,51.1486866859218,-432.288401674643,-138.715169404111,1.49011611938477e-08,1.49011611938477e-08,1.81866074850107,1.45409613591638,1.2359288166774,2.22481058492198,6,25
1.236,1000,25,626.979524189222,-6627.38645164123,626.979524189222,13728.1030973796,13564.7660816797,14467.5884819118,61.0183777424419,54.7075431842853,50.824429923236,-344.570659063696,31.2819753442981,1.49011611938477e-08,1.49011611938477e-08,1.84515445439028,1.64683784216742,1.65026481519375,1.38836445169484,6,25
1.237,1000,25,607.117236833942,-2066.73594778863,607.117236833942,13324.5709251814,13918.216374996,14492.0381886313,60.3274674698785,49.6626710983013,49.3072267902938,-340.959552434455,140.54307283256,1.49011611938477e-08,1.49011611938477e-08,1.9228225668126,1.81321238749583,1.82128239270055,1.11376619997929,6,25
1.238,1000,25,554.085011951242,380.070645279002,554.085011951242,13344.2272477831,14230.5213547201,14090.0071359092,60.4514585946304,46.6887714712738,47.3040337414956,-486.211707357773,156.514576265626,1.49011611938477e-08,1.49011611938477e-08,1.95386903382507,1.74351254220383,4.47038771778618,1.16404711869384,6,25
1.239,1000,25,496.23630082574,511.044715947387,496.23630082574,13770.650730083,14099.0913196317,13762.4169638438,61.6505145959263,47.7278397092475,45.243422191489,-740.486709006685,12.1298749986234,1.49011611938477e-08,1.49011611938477e-08,1.93908872349093,1.44721045342855,1.40657971456751,1.54420808479546,6,25
1.24,1000,25,459.564682547566,520.521584633074,459.564682547566,14074.9284178062,13664.7755599668,13951.4681600998,62.684218883514,51.9468413755038,43.3870815654857,-900.797944847817,-278.353662090838,1.49011611938477e-08,1.49011611938477e-08,1.83038520958997,1.24515198499364,1.49011611938477e-08,2.20226272134348,6,25
1.241,1000,25,439.545876992669,522.153349110888,439.545876992669,13891.2227630802,13461.5615724461,14414.1876980091,62.6555795317764,56.9010588204478,41.6350475698924,-874.799430817133,-512.399099386379,1.49011611938477e-08,1.49011611938477e-08,1.81520419984865,1.20793728330052,1.49011611938477e-08,2.25361041099731,6,25
1.242,1000,25,403.215633845048,523.749745568304,403.215633845048,13474.8765979357,13750.2020090605,14575.3137291019,61.535625182682,60.9127269811319,40.0426285807647,-758.787334704246,-588.209486228089,1.49011611938477e-08,1.49011611938477e-08,1.89995674222177,1.20861371064317,1.49011611938477e-08,2.23097531238059,6,25
1.243,1000,25,336.790399122392,525.826759774968,336.790399122392,13372.2705264639,14152.634567135,14245.519490534,60.5135870028472,63.3333451717893,39.8364397310952,-656.6636996215,-511.335707812617,1.49011611938477e-08,1.49011611938477e-08,1.94669465300528,1.11123207667959,1.49011611938477e-08,3.93412344390984,6,25
1.244,1000,25,242.309170105488,528.660756368148,242.309170105488,13734.866417987,14167.9130105767,13840.4314060897,60.5214525771334,64.1637329189287,41.7783453111683,-587.192522509425,-347.290751400527,1.49011611938477e-08,1.49011611938477e-08,1.94409872088728,1.0012887156538,1.49011611938477e-08,12.5896642209799,6,25
1.245,1000,25,240.840435706911,528.720096064882,240.840435706911,14104.4610499372,13782.2286711633,13875.9046024253,60.9095816590359,63.6094015930275,45.3683850417913,-523.837006498699,-179.719528981099,1.49011611938477e-08,1.49011611938477e-08,1.84137628325441,1.07418198850818,0.65325342669976,3.01991242748802,6,25
1.246,1000,25,447.113319025441,521.743201843944,447.113319025441,14044.839801854,13486.7334499805,14309.469039668,59.7007980510874,61.8103714514462,49.0524495143119,-430.801465550107,-86.5413454511766,1.49011611938477e-08,1.49011611938477e-08,1.78942394583199,1.38826427521473,1.42867391834752,2.12113825130248,6,25
1.247,1000,25,638.98404442958,532.62623366054,638.98404442958,13664.2098099063,13673.8574479287,14600.9605909886,54.9160176584766,59.0696813024264,51.1602553384696,-319.991008757815,-48.3987668747742,1.49011611938477e-08,1.49011611938477e-08,1.87181107074083,1.83770433717262,2.31772314487045,2.11689931654939,6,25
1.248,1000,25,627.63575408129,-6793.79941260818,627.63575408129,13469.6558394366,14095.3680714375,14416.1712266633,46.7540381416408,56.6028718083494,51.2949871880477,-300.984396756082,-15.8399438878738,1.49011611938477e-08,1.49011611938477e-08,1.94293856942355,1.98969042978526,3.3781475097218,2.17393564763792,6,25
1.249,1000,25,593.72367018889,-457.39772843705,593.72367018889,13729.2878223788,14210.2208450902,13998.772444219,39.1056126716758,55.5058481447922,50.5179460852239,-454.191427656613,42.987495491739,1.49011611938477e-08,1.49011611938477e-08,1.96038374707411,1.20851261872107,2.33160895665512,1.65366802761556,6,25
1.25,1000,25,459.134629837635,520.434586019791,459.134629837635,14105.5033703042,13869.511020857,13900.642414508,38.7795958180537,56.3474689288479,50.2368184722135,-724.473481191699,67.9270383589158,1.49011611938477e-08,1.49011611938477e-08,1.87905388884937,0.279947603289376,0.909253727706712,1.10369732040197,6,25
1.251,1000,25,258.489343308107,528.162900999652,258.489343308107,14125.586975612,13486.6074731988,14262.3158221363,45.8361596233893,58.7204465387798,50.6126008148796,-917.847321242202,4.06799750728439,1.49011611938477e-08,1.49011611938477e-08,1.79065112589425,1.49011611938477e-08,1.49011611938477e-08,1.33187546817295,6,25
1.252,1000,25,306.679022372759,526.772065705219,306.679022372759,13754.7986495673,13555.4866776715,14605.4396097806,53.6236452220882,61.356488621739,50.4004751884678,-937.938235788404,-106.288245760671,1.49011611938477e-08,1.49011611938477e-08,1.84695263974855,0.224690878718983,1.49011611938477e-08,2.1737773119388,6,25
1.253,1000,25,567.554334693463,303.700268168379,567.554334693463,13416.9525884699,13987.454838857,14459.242144654,60.0638828546756,63.2367479482597,50.9122474012272,-871.756438640812,-187.142803190644,1.49011611938477e-08,1.49011611938477e-08,1.92832810741734,0.622944154221583,1.49011611938477e-08,3.15117159218362,6,25
1.254,1000,25,633.136242902507,-9132.27688101623,633.136242902507,13577.2820598877,14242.6235572762,14030.5236267367,62.9893571965291,63.8184470380805,51.0838185546737,-752.057722910152,-252.408550660241,1.49011611938477e-08,1.49011611938477e-08,1.9542387501325,0.936411787528736,1.49011611938477e-08,3.88918882601876,6,25
1.255,1000,25,603.818031520162,498.550994276094,603.818031520162,13972.0253152363,14031.8338776907,13836.4427685349,62.7599451723729,62.5018736269178,50.8558677658267,-581.980039873915,-240.075993142748,1.49011611938477e-08,1.49011611938477e-08,1.90498280965675,1.20800099408514,0.561586602603803,3.3284681620843,6,25
1.256,1000,25,538.105104457478,451.118489553062,538.105104457478,14031.8101256288,13631.5966393237,14089.9594933099,61.7931456297758,59.0691912690421,51.2497603720822,-441.593520688894,-107.329756046173,1.49011611938477e-08,1.49011611938477e-08,1.8177775659956,1.41022856996231,1.29981982141833,1.98174116732015,6,25
1.257,1000,25,629.235960817682,526.756694698734,629.235960817682,13698.5705032069,13576.5425927837,14489.3365387862,61.0579939728925,54.0710673525996,51.1327939539165,-352.60734945544,55.2123957859736,1.49011611938477e-08,1.49011611938477e-08,1.85061337422767,1.61398272662152,1.651509801526,1.29130070567625,6,25
1.258,1000,25,610.357304862132,516.513883374279,610.357304862132,13307.8136529333,13942.3410742618,14483.6738638232,60.2644976138178,48.9673423725778,49.835549780997,-353.760666789634,157.65048273048,1.49011611938477e-08,1.49011611938477e-08,1.92610529031622,1.77756060982898,1.8154595830511,1.06681227801813,6,25
1.259,1000,25,558.136675516598,356.973080410065,558.136675516598,13358.2832531511,14238.2500115778,14067.8555791617,60.3623506963812,46.1097084487217,47.990383634634,-508.938212405762,163.93510289268,1.49011611938477e-08,1.49011611938477e-08,1.95515019178434,1.6969911906732,4.74842416841072,1.14582154664079,6,25
1.26,1000,25,495.747847439851,510.928501516961,495.747847439851,13797.559110289,14081.6671512529,13761.1504308802,61.460869910684,47.267815335283,46.0062846858291,-760.843230081314,2.7494079445744,1.49011611938477e-08,1.49011611938477e-08,1.93523339747133,1.41935759546671,1.31059733538099,1.55689247482372,6,25
1.261,1000,25,449.502474696592,521.404622507162,449.502474696592,14081.0432132973,13644.1234648674,13978.8521516682,62.2564262241439,51.6295431932051,44.1991586826718,-899.796842519473,-285.599474168759,1.49011611938477e-08,1.49011611938477e-08,1.82521732104835,1.25330686127031,1.49011611938477e-08,2.23877805657648,6,25
1.262,1000,25,418.928419711517,523.135670208786,418.928419711517,13871.0346499318,13467.4416496656,14437.5084426006,61.948420892852,56.5887567739855,42.4165096942476,-859.912953543429,-531.084905032508,1.49011611938477e-08,1.49011611938477e-08,1.81876371511784,1.24191121424846,1.49011611938477e-08,2.2235666250868,6,25
1.263,1000,25,373.368967797804,524.732312799686,373.368967797804,13456.677171954,13776.6902458689,14565.6381601945,60.6304918475407,60.5416560536924,40.8696752010013,-739.956474987106,-595.138907152522,1.49011611938477e-08,1.49011611938477e-08,1.90414612224643,1.25026141427971,1.49011611938477e-08,2.2213703006126,6,25
1.264,1000,25,301.623798533453,526.900467809196,301.623798533453,13383.2388003463,14167.9719057542,14212.8446709892,59.6019573833861,62.8902965118587,40.8001324678275,-640.524356765689,-510.566112003601,1.49011611938477e-08,1.49011611938477e-08,1.94782587371721,1.15202658533689,1.49011611938477e-08,4.00825865587223,6,25
1.265,1000,25,213.924021272848,529.511845159783,213.924021272848,13763.9518244727,14155.1354048325,13821.126920774,59.6275749599703,63.6779562960247,42.7193453497031,-572.399481043555,-346.186103618426,1.49011611938477e-08,1.49011611938477e-08,1.94074330207868,1.04398752248649,1.49011611938477e-08,13.1133397737838,6,25
1.266,1000,25,222.267751665315,529.290751895828,222.267751665315,14118.3435841761,13758.686638304,13887.5271160492,59.9176423791933,63.1064700502914,46.1163096174673,-509.920135945831,-192.343764425821,1.49011611938477e-08,1.49011611938477e-08,1.83370042091882,1.12535981226474,0.703357709624596,3.19203964016516,6,25
1.267,1000,25,428.095149723993,522.836768367186,428.095149723993,14032.0228765741,13484.2770622641,14327.4508262203,58.470496961118,61.3204613733008,49.6037571681475,-409.792221351649,-98.8572517624075,1.49011611938477e-08,1.49011611938477e-08,1.79048894110677,1.45106020914301,1.47960729295945,2.27770643820996,6,25
1.268,1000,25,639.175766655654,-12632.4063620712,639.175766655654,13645.337661461,13696.6297883639,14593.2492832132,53.4488379741948,58.6701455405412,51.6234285891898,-303.717975590255,-63.363304089334,1.49011611938477e-08,1.49011611938477e-08,1.87687879168096,1.90373734559475,2.38374048988158,2.29533723044363,6,25
1.269,1000,25,626.94167772339,525.786988535195,626.94167772339,13473.6644545732,14113.8428279916,14381.7625483713,45.1314558480745,56.3369533968077,51.7428033329657,-296.523775205291,-31.1544093828502,1.49011611938477e-08,1.49011611938477e-08,1.94510683293416,2.01919064236934,3.41683795933085,2.36262048442217,6,25
1.27,1000,25,588.94340959581,-32.0137968380158,588.94340959581,13753.6372179081,14202.3296031704,13968.1722295846,37.6608587134152,55.4518568249259,50.9973921234852,-461.41626406777,25.5054823513477,1.49011611938477e-08,1.49011611938477e-08,1.95896779679563,1.17040556978586,2.1631004802085,1.78149470415339,6,25
1.271,1000,25,441.602715398861,521.96793659127,441.602715398861,14119.764482742,13844.3275104692,13898.4869702077,38.0038456624083,56.5159648847477,50.7715640246127,-718.761293992813,43.7247659440646,1.49011611938477e-08,1.49011611938477e-08,1.87121241412676,0.240475907790152,0.816189768580923,1.22380640449606,6,25
1.272,1000,25,268.340460987809,527.897493658326,268.340460987809,14113.2168862395,13476.5108050784,14277.1270048015,45.5367955465411,59.0940127992731,51.1046085531701,-913.571315323875,-28.9156973391497,1.49011611938477e-08,1.49011611938477e-08,1.78927248079274,1.49011611938477e-08,1.49011611938477e-08,1.51565597962661,6,25
1.273,1000,25,314.121254985818,526.549586237838,314.121254985818,13728.4888135355,13574.4672249067,14600.3679223538,53.4149180945781,61.814187853712,50.7826151803086,-922.101737682184,-139.695283711344,1.49011611938477e-08,1.49011611938477e-08,1.85193620840596,0.313825373230465,1.49011611938477e-08,2.50193266151333,6,25
1.274,1000,25,586.279404567419,132.975099312069,586.279404567419,13414.5293210661,14011.6195205133,14429.738284567,59.7461156160301,63.6974386699398,51.1695445734098,-850.329498915375,-219.424915391943,1.49011611938477e-08,1.49011611938477e-08,1.9307400667454,0.683481131567642,1.49011611938477e-08,3.65611564662249,6,25
1.275,1000,25,632.844777574456,528.621886961242,632.844777574456,13601.3395265708,14243.4543584502,13999.5795934453,62.5286676967635,64.2344616387942,51.2171006312448,-724.370280150845,-279.501669281007,1.49011611938477e-08,1.49011611938477e-08,1.9538155597293,0.996171987004703,1.49011611938477e-08,4.45867484336216,6,25
1.276,1000,25,599.321373754832,-1075.29032598818,599.321373754832,13991.5660607712,14007.793594277,13830.5555507376,62.2534971447916,62.8728586855982,50.9606107261275,-560.887791634746,-259.041293419192,1.49011611938477e-08,1.49011611938477e-08,1.89793037716704,1.26655553187097,0.570391244840888,3.60465708817477,6,25
1.277,1000,25,546.980707994005,419.332257879951,546.980707994005,14022.3161318071,13615.4297073089,14103.6075402277,61.4539484251149,59.4093750336824,51.3590765268079,-419.751978811405,-108.871154797538,1.49011611938477e-08,1.49011611938477e-08,1.81509743767509,1.45845972722064,1.3140378654844,2.02048822984861,6,25
1.278,1000,25,626.923884469303,525.678204147119,626.923884469303,13671.0291153451,13588.4212416942,14492.8131589372,60.8641642300825,54.421596078456,50.9970864165299,-340.449638432191,55.9734597194723,1.49011611938477e-08,1.49011611938477e-08,1.85487213289291,1.65222067259886,1.64537900523629,1.29366670382926,6,25
1.279,1000,25,603.799218316148,-1616.98442653302,603.799218316148,13295.3003849976,13967.1613996144,14460.9666280512,60.1887756893662,49.460681661568,49.5184242340502,-353.315729211035,153.437829514515,1.49011611938477e-08,1.49011611938477e-08,1.928622220745,1.80358489851318,1.86027414332753,1.0708362961227,6,25
1.28,1000,25,550.591767284585,399.939623128361,550.591767284585,13374.6669635823,14240.9596845644,14035.8391531867,60.3757347508637,46.8714233891491,47.5918570322459,-518.840851082761,148.977082951455,1.49011611938477e-08,1.49011611938477e-08,1.95602699654106,1.70765441156856,5.11012983717006,1.16577729891328,6,25
1.281,1000,25,497.082073731743,510.605684189234,497.082073731743,13818.0036576033,14057.3279263882,13753.771998668,61.5351563901529,48.3609669041541,45.6508417457684,-760.722448175284,-11.8712143443011,1.49011611938477e-08,1.49011611938477e-08,1.93053524310697,1.42090075983418,1.19290520753763,1.59882418504995,6,25
1.282,1000,25,453.137168824505,521.16018203478,453.137168824505,14075.7228466175,13620.2652500733,13998.3437450211,62.3795775824098,52.7766967907568,43.9397751001367,-903.06947917792,-311.999663263,1.49011611938477e-08,1.49011611938477e-08,1.82098545689084,1.25114494409135,1.49011611938477e-08,2.2325747932726,6,25
1.283,1000,25,423.963812328198,522.950646931705,423.963812328198,13842.3080459622,13471.319355642,14453.4275818934,62.1393191120329,57.6650673412562,42.2766015718702,-858.096852790057,-544.812739497686,1.49011611938477e-08,1.49011611938477e-08,1.82307757464327,1.23577933903608,1.49011611938477e-08,2.16072513195216,6,25
1.284,1000,25,380.890289336295,524.485112510227,380.890289336295,13434.3140002345,13800.397375034,14555.7085897401,60.8966985828249,61.5022987716576,40.8118514210722,-739.144603787045,-597.425156051951,1.49011611938477e-08,1.49011611938477e-08,1.90831310344977,1.23790267844504,1.49011611938477e-08,2.20780402556563,6,25
1.285,1000,25,307.89194835913,526.69301549525,307.89194835913,13390.4638983273,14178.9720756107,14187.0053079251,59.9476315219222,63.7307334725612,40.7895706831755,-641.184566424746,-505.579275253781,1.49011611938477e-08,1.49011611938477e-08,1.94903993736132,1.13571550358236,1.49011611938477e-08,4.19053332807421,6,25
1.286,1000,25,219.702785399235,529.336890727651,219.702785399235,13783.885208887,14138.3469583221,13811.0611464331,60.0403036741223,64.3994938032442,42.8356112580104,-576.306364912454,-345.201129769644,1.49011611938477e-08,1.49011611938477e-08,1.93764902905724,1.03517797619872,1.49011611938477e-08,10.8851515631365,6,25
1.287,1000,25,239.928708804016,528.762527097413,239.928708804016,14120.6175388221,13733.1641582569,13907.2398995334,60.3185275885944,63.7152672179172,46.3750275845952,-508.830488160129,-181.550867098018,1.49011611938477e-08,1.49011611938477e-08,1.8280458485976,1.12955510004241,0.738900075801475,2.96909976060205,6,25
1.288,1000,25,464.791437331058,520.030900416249,464.791437331058,14009.016321049,13482.5351435972,14354.2950354143,58.7222951166714,61.7909512280197,49.862298262424,-405.467539217901,-90.5312835897385,1.49011611938477e-08,1.49011611938477e-08,1.79385392061692,1.46426914795277,1.52553220255462,2.17249627191537,6,25
1.289,1000,25,637.989813235984,-11904.2725763512,637.989813235984,13620.7780385676,13719.6632277115,14598.0335600841,53.4511320082969,59.0142146793085,51.7493457189047,-301.037326572678,-55.139607541083,1.49011611938477e-08,1.49011611938477e-08,1.88267397098449,1.90966520349095,2.43469983040682,2.19552232209735,6,25
1.29,1000,25,625.371125661192,525.176076188439,625.371125661192,13474.6313468361,14131.3758232058,14363.745568106,44.9657106771738,56.6473504772495,51.7541019833269,-303.288870323767,-19.4762105496009,1.49011611938477e-08,1.49011611938477e-08,1.94732324853586,1.97519713469031,3.47661428677348,2.20683474363798,6,25
1.291,1000,25,586.411579402765,71.2109562229735,586.411579402765,13773.5611881406,14191.6537010206,13955.1743474326,37.8079977327624,55.7633017374205,51.0381278035516,-467.749639753314,35.9106938641325,1.49011611938477e-08,1.49011611938477e-08,1.9575342845614,1.10173112536692,2.11794811556614,1.61314121537114,6,25
1.292,1000,25,429.19581396856,522.652116533424,429.19581396856,14128.0212261685,13817.3605018576,13914.8128449884,38.6531825578198,56.8298282345109,50.8808875831527,-740.565272300193,51.9056788543709,1.49011611938477e-08,1.49011611938477e-08,1.86447295506879,0.165881887089529,0.790253839161319,1.1382772656188,6,25
1.293,1000,25,255.974095464925,528.261509769905,255.974095464925,14097.0296494399,13467.1249182684,14306.2204839103,46.2903048208493,59.332160269588,51.2316672134187,-925.450159148727,-26.2943561197301,1.49011611938477e-08,1.49011611938477e-08,1.78991904965776,1.49011611938477e-08,1.49011611938477e-08,1.48698404074083,6,25
1.294,1000,25,344.916560822354,525.652679006974,344.916560822354,13699.8841657937,13594.2253597438,14606.7470035343,53.9615205947729,61.9374240317903,50.8822449853204,-924.587098544777,-135.880846655023,1.49011611938477e-08,1.49011611938477e-08,1.85810788084203,0.315218703767719,1.49011611938477e-08,2.45518419108628,6,25
1.295,1000,25,611.622679519912,-183.629860819398,611.622679519912,13410.7059877124,14034.6054394235,14414.722333393,59.9831221936219,63.7094459781519,51.2096819531896,-849.182138128768,-213.748171814521,1.49011611938477e-08,1.49011611938477e-08,1.93346924103513,0.679390141960565,1.49011611938477e-08,3.54171745258055,6,25
1.296,1000,25,630.949836793158,-8136.07306369409,630.949836793158,13622.6032544369,14242.464521365,13986.2749785174,62.4317027033828,64.1110572491464,51.179165841746,-730.018732630378,-266.402528343429,1.49011611938477e-08,1.49011611938477e-08,1.95380134345231,0.978522129309043,1.49011611938477e-08,4.18601929123844,6,25
1.297,1000,25,595.147786877401,402.625564126873,595.147786877401,14005.2076254325,13986.1722801365,13843.8278585825,62.0176559848892,62.5551911770732,50.9028481533902,-561.29522176893,-235.468441106141,1.49011611938477e-08,1.49011611938477e-08,1.89312881437669,1.23203619606508,0.635788119610309,3.25504157452292,6,25
1.298,1000,25,545.199495806863,426.61913674463,545.199495806863,14008.7263292638,13600.6200773308,14133.1378700109,61.2814743506347,58.8906073680999,51.4070053279723,-426.678481084865,-79.0051222536157,1.49011611938477e-08,1.49011611938477e-08,1.81459200355699,1.41549979788351,1.36356103162035,1.84165538015627,6,25
1.299,1000,25,629.640239926823,-7569.00058986248,629.640239926823,13643.4498498062,13602.3253885622,14508.3362371842,60.6796394380873,53.7949263741554,51.1476188809719,-351.206254284954,81.0089307939971,1.49011611938477e-08,1.49011611938477e-08,1.86015937221676,1.60869966316752,1.65690981149606,1.20387532437625,6,25
1.3,1000,25,610.274874800417,-2555.42798206091,610.274874800417,13284.5404498592,13989.4878197311,14446.8808599553,59.991180811878,48.8168576571719,49.7714953184819,-371.736396703145,171.095417640489,1.49011611938477e-08,1.49011611938477e-08,1.93131377371873,1.74942212561657,1.90368637828459,1.01727456816947,6,25
1.301,1000,25,554.352303743085,380.87732749667,554.352303743085,13394.6963412128,14245.596931727,14013.8699940051,60.1684585977502,46.3809090923961,47.9315129088312,-534.56592967212,158.887539494767,1.49011611938477e-08,1.49011611938477e-08,1.957076448842,1.64467215351943,5.34445863286172,1.13959337793149,6,25
1.302,1000,25,486.441400620283,514.889210835412,486.441400620283,13845.1886158595,14037.3081162908,13756.459147135,61.2143283631757,47.9944156861033,46.0758629066866,-783.776060818498,-22.6879476183082,1.49011611938477e-08,1.49011611938477e-08,1.92586339108233,1.38075578742876,1.08352272682494,1.60329366473601,6,25
1.303,1000,25,433.91531752864,522.474303148474,433.91531752864,14077.743979908,13600.6879475739,14027.3861783793,61.8474324943848,52.5390434967126,44.5187164379189,-907.310395608899,-331.996100385606,1.49011611938477e-08,1.49011611938477e-08,1.81712276774938,1.24308691366977,1.49011611938477e-08,2.25152498101708,6,25
1.304,1000,25,399.102685798114,523.895324898235,399.102685798114,13819.7629200199,13479.6187622649,14474.4954173873,61.4098077506518,57.4288575843746,42.977734872246,-849.188798664411,-556.852425530036,1.49011611938477e-08,1.49011611938477e-08,1.82749748180248,1.24683302965622,1.49011611938477e-08,2.1526170575764,6,25
1.305,1000,25,352.054996255892,525.372795439,352.054996255892,13418.0533662653,13826.3340417707,14543.1963227662,60.0822442662663,61.2117037359504,41.6897261854637,-729.215066890842,-597.297056228613,1.49011611938477e-08,1.49011611938477e-08,1.91215648858858,1.25307819542738,1.49011611938477e-08,2.25621945504277,6,25
1.306,1000,25,280.671990139139,527.517299020806,280.671990139139,13404.3346258894,14190.875431333,14155.6741108338,59.1900618234732,63.3751336077302,41.8242214784613,-637.770972909753,-506.725608590707,1.49011611938477e-08,1.49011611938477e-08,1.94998798211911,1.15385668919623,1.49011611938477e-08,4.42735619383171,6,25
1.307,1000,25,189.48819773004,530.242070782412,189.48819773004,13812.9198861718,14122.8254419058,13796.6304368752,59.2906807124212,63.9987485688122,43.8216325022023,-568.007841289086,-341.645162368008,1.49011611938477e-08,1.49011611938477e-08,1.93344192001904,1.06440554309705,1.49011611938477e-08,10.5750772869671,6,25
1.308,1000,25,223.31742062666,529.259021511375,223.31742062666,14130.8450301302,13710.8013277077,13922.4829551844,59.395880755397,63.2848497216142,47.1477031558406,-494.249755880556,-186.791171028745,1.49011611938477e-08,1.49011611938477e-08,1.82125707716122,1.17395627020659,0.788841872227956,3.09355342433665,6,25
1.309,1000,25,447.789106882793,521.707547804645,447.789106882793,13992.8569739721,13483.7716325228,14371.1306413147,57.4522431394258,61.3537436282705,50.4347167720887,-385.943478540387,-102.207883753105,1.49011611938477e-08,1.49011611938477e-08,1.79622178931844,1.52161056547172,1.58055748795148,2.30979211977921,6,25
1.31,1000,25,637.869100018131,-11771.2639073799,637.869100018131,13602.4906576295,13743.503807824,14587.0157405725,51.8202347822088,58.6674878922116,52.2303147536471,-286.519883753005,-68.9824475896045,1.49011611938477e-08,1.49011611938477e-08,1.88767850886736,1.96367358355416,2.50885681247858,2.35382090099962,6,25
1.311,1000,25,624.388808379467,-5690.64745311269,624.388808379467,13480.3651751114,14147.2655705821,14327.5899835937,43.1603852557971,56.4698735265028,52.231296133025,-296.844291640553,-36.2390157314618,1.49011611938477e-08,1.49011611938477e-08,1.94926757572928,1.97975658148732,3.49803601621906,2.35832296485889,6,25
1.312,1000,25,580.219636401348,183.531338942289,580.219636401348,13797.2847817054,14180.0207204967,13925.7443818397,36.3315944853123,55.8344351632009,51.5872350563505,-477.606174820211,17.6540965909486,1.49011611938477e-08,1.49011611938477e-08,1.95526548914338,1.0514212852852,1.95279801238008,1.71425121791391,6,25
1.313,1000,25,415.67715556883,523.281220204184,415.67715556883,14138.6716936116,13791.8223386465,13914.8111698283,37.9819271399476,57.1624633526802,51.4867446985542,-749.523198400641,23.2660648142126,1.49011611938477e-08,1.49011611938477e-08,1.85665825173517,0.118066269937694,0.690648741757261,1.26610531683514,6,25
1.314,1000,25,256.263213114605,528.228888076623,256.263213114605,14082.0182110903,13460.2891359994,14320.1422118097,46.0354823343742,59.8892899795971,51.7462058515902,-919.811539839201,-63.9043867242542,1.49011611938477e-08,1.49011611938477e-08,1.78964105445362,1.49011611938477e-08,1.49011611938477e-08,1.71010222900571,6,25
1.315,1000,25,346.00407779008,525.590809931375,346.00407779008,13673.8622415514,13615.4632886147,14597.6835350801,53.766423353481,62.6076360182237,51.2305048958762,-907.456973219613,-173.961232450009,1.49011611938477e-08,1.49011611938477e-08,1.86309812704067,0.396193616946637,1.49011611938477e-08,2.88217834372244,6,25
1.316,1000,25,622.640180495463,-347.041921159181,622.640180495463,13410.9711524557,14057.1781659882,14381.4540868855,59.7160225543025,64.4136240259034,51.4024579355999,-830.796415912745,-247.357020011245,1.49011611938477e-08,1.49011611938477e-08,1.93555080136991,0.746084214635597,1.49011611938477e-08,4.21963902946229,6,25
1.317,1000,25,630.118662145974,-7782.22821476252,630.118662145974,13647.3493453464,14240.038518528,13954.8304313452,62.0888908915061,64.7986532063677,51.2484163861599,-699.120463737896,-297.724609177277,1.49011611938477e-08,1.49011611938477e-08,1.95276676987904,1.04789177930979,1.49011611938477e-08,4.92223151022075,6,25
1.318,1000,25,590.292501213265,-173.832083211976,590.292501213265,14022.0610935631,13962.1673745303,13839.0478585956,61.675635444953,63.2208416943506,50.9412856941923,-527.195646382076,-253.159039042273,1.49011611938477e-08,1.49011611938477e-08,1.88568448947607,1.30340899230286,0.638998080940686,3.56500086463946,6,25
1.319,1000,25,574.038380378222,247.820756953454,574.038380378222,13999.7754744143,13587.6977740584,14149.4701083023,61.0845441610124,59.5639202261712,51.3804347720755,-399.667372099059,-84.2740171245732,1.49011611938477e-08,1.49011611938477e-08,1.81259301907185,1.47990160959843,1.37020527714757,1.89626642514277,6,25
1.32,1000,25,625.976422410893,525.342345776081,625.976422410893,13621.8364297202,13617.7092297865,14512.7122537752,60.4849658676514,54.5314960639468,50.6516993103284,-329.769035582197,75.8837487316439,1.49011611938477e-08,1.49011611938477e-08,1.86414513442752,1.67383176534213,1.63734670158757,1.22982014437877,6,25
1.321,1000,25,597.148373878386,426.617974323332,597.148373878386,13281.9076278202,14014.4194214756,14426.3806314197,59.8914170522771,49.7424910127851,48.9483032706767,-356.039967640639,161.445902028688,1.49011611938477e-08,1.49011611938477e-08,1.93322957084695,1.80552719532584,1.94412796421665,1.03888136611177,6,25
1.322,1000,25,546.084030016677,420.015792528121,546.084030016677,13419.6952357206,14244.848658612,13988.0686938345,60.2618156511313,47.5857824419946,46.9161187570281,-534.994982022256,147.381152034176,1.49011611938477e-08,1.49011611938477e-08,1.95749254911272,1.66957342397298,5.47780603282144,1.16399381393593,6,25
1.323,1000,25,489.983280699934,513.591023667507,489.983280699934,13869.8142806228,14011.921352075,13758.511406248,61.5410011184768,49.4811039839438,44.9545548358078,-790.09107261923,-37.8075877577113,1.49011611938477e-08,1.49011611938477e-08,1.91978923948364,1.37083357089144,0.995753451263775,1.63054609307579,6,25
1.324,1000,25,455.208306222178,520.969225555768,455.208306222178,14073.7692442031,13579.3127084392,14053.7687076678,62.425781289174,54.0236898151858,43.2400540581104,-912.895790129821,-337.787814815897,1.49011611938477e-08,1.49011611938477e-08,1.81315792468088,1.20596099839305,1.49011611938477e-08,2.25192644532263,6,25
1.325,1000,25,429.0522009767,522.716725898499,429.0522009767,13795.4555402755,13487.3844068259,14494.1867196627,62.2166017333641,58.8228291008416,41.5528269027677,-855.398356963612,-548.402411618274,1.49011611938477e-08,1.49011611938477e-08,1.83183315012985,1.18764308967802,1.49011611938477e-08,2.17834111216598,6,25
1.326,1000,25,386.273679012317,524.313342211694,386.273679012317,13404.4817474611,13850.9885198452,14539.0989332482,61.0561279785034,62.480886773727,40.1386525914471,-742.812181937455,-581.899828301516,1.49011611938477e-08,1.49011611938477e-08,1.91571150096318,1.17331909272038,1.49011611938477e-08,2.36205218656575,6,25
1.327,1000,25,307.602665876297,526.70050573806,307.602665876297,13419.8728212629,14199.4066739019,14141.177923686,60.2711719596425,64.5130053002617,40.3096178108494,-646.291791393336,-482.048333641898,1.49011611938477e-08,1.49011611938477e-08,1.95112786305545,1.06280703989744,1.49011611938477e-08,5.23769470376617,6,25
1.328,1000,25,225.891511500952,529.167815091325,225.891511500952,13834.9338919206,14103.4788789634,13801.9539094271,60.4662495732576,64.9916058571144,42.6415210109981,-578.193650372925,-308.580337114119,1.49011611938477e-08,1.49011611938477e-08,1.92986044329427,0.984039353031205,1.49011611938477e-08,7.02891301090485,6,25
1.329,1000,25,261.990295873794,528.115306290977,261.990295873794,14131.499824438,13685.8581383948,13956.701528797,60.6409122164656,64.1210011302908,46.3877479006551,-506.047400670896,-150.219482068694,1.49011611938477e-08,1.49011611938477e-08,1.81681113493664,1.113579490728,0.824773359131964,2.54455376419528,6,25
1.33,1000,25,497.907893476574,510.725617823644,497.907893476574,13969.5094229479,13484.8585439287,14408.8102960044,58.689577088044,62.0100749659598,49.8914180490548,-397.306785785514,-67.4899407778647,1.49011611938477e-08,1.49011611938477e-08,1.80085609679876,1.47011389541808,1.62447299833559,1.97608999869452,6,25
1.331,1000,25,637.143255386909,-11296.5267853574,637.143255386909,13581.2400443304,13767.5580478818,14601.8542544218,53.039266083003,59.1584978434825,51.6598799538562,-303.130444485119,-35.890512517756,1.49011611938477e-08,1.49011611938477e-08,1.89331744450221,1.89775592483721,2.54553175802323,2.01724608188043,6,25
1.332,1000,25,623.513463228063,-5423.49083402203,623.513463228063,13486.034338653,14161.676299715,14321.7724844574,44.478956340711,56.8453605448507,51.6082691884777,-318.58086111057,1.53803762869317,1.49011611938477e-08,1.49011611938477e-08,1.95126564957483,1.86479774845049,3.55441843890573,1.95979550445424,6,25
1.333,1000,25,573.961763799764,241.030302529794,573.961763799764,13818.9043073967,14165.9422036222,13930.063694753,38.0752550069239,56.122361522061,50.9920019817896,-509.513702381609,56.2100133190436,1.49011611938477e-08,1.49011611938477e-08,1.9533536112286,0.971513720035064,1.95770734619342,1.38220364378989,6,25
1.334,1000,25,402.676818673606,523.731422221933,402.676818673606,14145.3528743501,13764.6834728227,13948.4969975345,39.9087602112328,57.3640833536722,50.9423214901241,-782.547755711041,55.8719794883039,1.49011611938477e-08,1.49011611938477e-08,1.85081055563992,1.49011611938477e-08,0.700616592707742,1.05635692379186,6,25
1.335,1000,25,256.372311713364,528.24964254189,256.372311713364,14063.5376896051,13453.5104125111,14362.0480850194,47.6903462585378,59.9363617585219,51.2068565482281,-942.602333420435,-36.4317468840993,1.49011611938477e-08,1.49011611938477e-08,1.79201253189047,1.49011611938477e-08,1.49011611938477e-08,1.50638802576373,6,25
1.336,1000,25,374.68956696741,524.718487382077,374.68956696741,13639.7488791485,13636.8574019758,14607.0196192885,55.1249162510388,62.4826463832025,50.8226060170012,-927.542077314475,-138.896727665099,1.49011611938477e-08,1.49011611938477e-08,1.86992678647713,0.350220841746561,1.49011611938477e-08,2.47772127092265,6,25
1.337,1000,25,634.601642670464,-9596.16284568856,634.601642670464,13404.6286809431,14077.2779981846,14370.7082484112,60.7094209257868,64.1311006482705,51.1150981509595,-848.097518637416,-214.719075192689,1.49011611938477e-08,1.49011611938477e-08,1.9381233586691,0.699765692793675,1.49011611938477e-08,3.49128937002991,6,25
1.338,1000,25,628.2625387601,-7037.9546500697,628.2625387601,13664.0414499584,14234.1801143862,13949.7665646772,62.7015836342611,64.3508046960048,51.0244184800584,-717.098913363356,-263.578391888495,1.49011611938477e-08,1.49011611938477e-08,1.95246302579126,0.989948781221585,1.49011611938477e-08,3.94708555867313,6,25
1.339,1000,25,585.110181431925,95.5166996219149,585.110181431925,14027.5640627327,13937.6124416807,13861.3617816372,62.0487641851872,62.5600534391563,50.8162758106019,-546.615736575702,-215.662588707467,1.49011611938477e-08,1.49011611938477e-08,1.88140749407313,1.23454128124767,0.730154247986014,2.93166366630948,6,25
1.34,1000,25,570.69258020942,276.004348544478,570.69258020942,13981.5474562429,13574.6517139567,14186.3267241367,61.3350949702888,58.6767287131294,51.5127797476116,-419.280993268662,-51.4328332919049,1.49011611938477e-08,1.49011611938477e-08,1.81368178503565,1.41692382131079,1.43029317655424,1.67569174369659,6,25
1.341,1000,25,627.608572742959,-6828.79444705819,627.608572742959,13590.4796829301,13633.4042524009,14530.9585068203,60.549182988216,53.4849209486491,51.1178762502583,-349.052775153209,93.2575204407877,1.49011611938477e-08,1.49011611938477e-08,1.87011132390649,1.62041208266508,1.64824160974308,1.13760662245082,6,25
1.342,1000,25,602.352400986281,-1446.90895178424,602.352400986281,13268.9125843046,14034.3426776266,14413.0236245319,59.8318201124493,48.6280846756094,49.7239160307554,-378.789888561733,177.374893033221,1.49011611938477e-08,1.49011611938477e-08,1.9358499187799,1.74637142001738,1.98972808011611,0.996049578870841,6,25
1.343,1000,25,548.658358526404,406.936442590263,548.658358526404,13435.9703029411,14245.7447399449,13968.4623826714,60.1483440177079,46.5820820557549,47.8883768259785,-566.347574022292,151.66615883013,1.49011611938477e-08,1.49011611938477e-08,1.9584574085947,1.60692662522088,5.29793425904321,1.15047661028734,6,25
1.344,1000,25,480.448559296996,516.914536702371,480.448559296996,13890.7976374209,13989.7623431062,13764.0576036249,61.2859492019048,48.5946545067359,45.9964456788708,-814.256467464564,-51.2145801669963,1.49011611938477e-08,1.49011611938477e-08,1.91468759741798,1.33991481185611,0.906796967459982,1.64727306967207,6,25
1.345,1000,25,437.990330698508,522.248162041588,437.990330698508,14071.0527518716,13562.4077911852,14083.1082002977,61.8663768166419,53.2820956392732,44.3109415114526,-913.756585896481,-361.73289439454,1.49011611938477e-08,1.49011611938477e-08,1.81035022552282,1.21858743364599,1.49011611938477e-08,2.2724058491527,6,25
1.346,1000,25,404.586778821985,523.705224266485,404.586778821985,13771.982708129,13499.5305056242,14512.3979018284,61.3036369949071,58.0995359231892,42.5688565908195,-845.455015867792,-559.909744979364,1.49011611938477e-08,1.49011611938477e-08,1.83665937247514,1.22907627391954,1.49011611938477e-08,2.14647906006793,6,25
1.347,1000,25,355.674286366977,525.262302693632,355.674286366977,13391.3090541901,13877.198668641,14522.1089313067,59.9074920050586,61.7185680232993,41.2311873089742,-724.542473562888,-587.210707138885,1.49011611938477e-08,1.49011611938477e-08,1.91913935645295,1.22178484634109,1.49011611938477e-08,2.3693593529726,6,25
1.348,1000,25,277.579936882636,527.599177308429,277.579936882636,13436.8854824183,14208.2884549925,14108.0276423231,59.0984793875995,63.7073870350175,41.5299090555317,-631.356764777016,-480.180853446607,1.49011611938477e-08,1.49011611938477e-08,1.95186050706068,1.10893727384612,1.49011611938477e-08,5.35383784766282,6,25
1.349,1000,25,189.383499490358,530.259578198382,189.383499490358,13863.9870071459,14085.9452876027,13788.8190050482,59.287062745835,64.174066195824,43.7706955363338,-564.518291186799,-308.323182379168,1.49011611938477e-08,1.49011611938477e-08,1.92471124360812,1.03001618132187,1.49011611938477e-08,7.3807566104648,6,25
1.35,1000,25,242.654588595469,528.680501035832,242.654588595469,14139.2171868436,13665.5793563401,13971.6373205183,59.3338266544644,63.3158144073466,47.2704764017344,-489.132448074341,-157.732289676297,1.49011611938477e-08,1.49011611938477e-08,1.81078275750035,1.1644774161345,0.873464804584962,2.7156455880447,6,25
1.351,1000,25,485.536663309084,515.852063821839,485.536663309084,13952.7020870645,13490.329538429,14421.8675854534,57.1192163775078,61.2406752399171,50.550963535461,-384.756506797284,-83.4805864276374,1.49011611938477e-08,1.49011611938477e-08,1.80393226474504,1.52818496742057,1.67870543531797,2.14068561793664,6,25
1.352,1000,25,637.208605783465,-11372.3631051462,637.208605783465,13567.0437835822,13793.1828676079,14586.4724599265,51.1636543547519,58.5296950087044,52.2016364253847,-290.946768557353,-51.817864745552,1.49011611938477e-08,1.49011611938477e-08,1.89789820366123,1.94774254122314,2.62956286395291,2.20300748345105,6,25
1.353,1000,25,622.160914767795,-5033.20018524945,622.160914767795,13497.5346444819,14175.7794937954,14284.4042034882,42.5026253659265,56.4467029172943,52.1144966436927,-319.516813413096,-14.8426123415132,1.49011611938477e-08,1.49011611938477e-08,1.95290329287309,1.8552500114385,3.50042812751929,2.13314069855781,6,25
1.354,1000,25,571.557799587055,261.522838795171,571.557799587055,13845.3198846606,14151.8135114621,13903.545262598,36.5219402452117,56.0172685435919,51.5443337441666,-520.776129474428,35.5205268459365,1.49011611938477e-08,1.49011611938477e-08,1.9501069530033,0.914100325111326,1.77352260287566,1.499871928136,6,25
1.355,1000,25,400.890432518024,523.802015678996,400.890432518024,14155.4607226147,13739.8004390353,13951.898114477,39.1708816624662,57.5309687403021,51.5318025632447,-790.232003922688,26.5408028262344,1.49011611938477e-08,1.49011611938477e-08,1.84309663326518,1.49011611938477e-08,0.591554339934912,1.19546609181478,6,25
1.356,1000,25,252.766398521378,528.363389917636,252.766398521378,14048.8681875757,13450.663185538,14375.8276766795,47.3384637883588,60.3305865279791,51.7079133045351,-932.338020708312,-65.8983646268165,1.49011611938477e-08,1.49011611938477e-08,1.79261176578095,1.49011611938477e-08,1.49011611938477e-08,1.73118037561408,6,25
1.357,1000,25,369.43968049363,524.876942602546,369.43968049363,13618.513739874,13660.2862076619,14596.1448784553,54.8350202789019,62.9808156779816,51.1887932976442,-909.787265302787,-173.721161831805,1.49011611938477e-08,1.49011611938477e-08,1.87456419937045,0.422290104994751,1.49011611938477e-08,2.89200962683369,6,25
1.358,1000,25,635.976478542136,-10393.4076779165,635.976478542136,13411.3489915921,14098.4774042226,14337.2286955311,60.3749011639514,64.6581405917902,51.3467676991541,-823.619652822327,-248.749938644458,1.49011611938477e-08,1.49011611938477e-08,1.93986195612579,0.764960606747951,1.49011611938477e-08,4.13414486336064,6,25
1.359,1000,25,627.417464030771,-6724.07905281629,627.417464030771,13692.8195346263,14229.9128316785,13921.744527732,62.3135943264205,64.8461729924895,51.1495693502722,-684.934228679173,-291.204945743517,1.49011611938477e-08,1.49011611938477e-08,1.95074426881999,1.05993956397019,1.49011611938477e-08,4.59588290183964,6,25
1.36,1000,25,583.254663008242,158.735702387445,583.254663008242,14044.568638164,13914.4204575377,13860.7597327234,61.6810095538587,63.0205236539983,50.9144348695555,-520.354539713108,-236.047340639148,1.49011611938477e-08,1.49011611938477e-08,1.87378319834299,1.30742640071237,0.734430085492332,3.18262232532476,6,25
1.361,1000,25,597.713887186635,-2.96852293570305,597.713887186635,13974.6275196053,13564.7770960617,14207.3218499472,61.1031179127037,59.1582777310096,51.4491004325357,-396.730455471406,-64.5173700266168,1.49011611938477e-08,1.49011611938477e-08,1.81244661631465,1.48347685543694,1.43277257424151,1.73305435284677,6,25
1.362,1000,25,624.432244340438,524.780596375577,624.432244340438,13571.5370250663,13651.1888943993,14533.9057781,60.3677446565729,54.0619373073545,50.5818746327191,-328.699921754868,89.1237084194522,1.49011611938477e-08,1.49011611938477e-08,1.87403963757535,1.68591261796367,1.63441642077075,1.16940995602168,6,25
1.363,1000,25,595.138821546205,341.429887507342,595.138821546205,13271.4138896094,14057.5991014141,14390.9015125952,59.7974823145423,49.4275427090336,48.8398273347779,-370.090964122488,171.072032507523,1.49011611938477e-08,1.49011611938477e-08,1.93741177214706,1.79845372781611,2.05989364695581,1.02240548165235,6,25
1.364,1000,25,536.402780371466,452.184241583123,536.402780371466,13465.2218524637,14241.5899497213,13944.6843248578,60.3371981711348,47.6896620743145,46.7896633749605,-568.91773898152,140.300587541722,1.49011611938477e-08,1.49011611938477e-08,1.95845244552401,1.62527952243974,5.02511083380062,1.1796650932474,6,25
1.365,1000,25,479.926856549802,516.872324062601,479.926856549802,13915.8157961848,13963.4634123068,13770.476760584,61.6997792178317,49.9628560539596,44.762239207933,-819.912624506308,-65.8921229372957,1.49011611938477e-08,1.49011611938477e-08,1.90769670827186,1.32772269704283,0.827499483314058,1.68051207348901,6,25
1.366,1000,25,460.325344519952,520.384263616661,460.325344519952,14065.7571290424,13543.6478418046,14111.0896236246,62.5157304977836,54.6140140878882,42.8986697505499,-917.316885445425,-351.96494092707,1.49011611938477e-08,1.49011611938477e-08,1.80716407115858,1.18207608454219,1.49011611938477e-08,2.28403196604158,6,25
1.367,1000,25,434.647683968157,522.431084358928,434.647683968157,13748.8898288481,13510.6202369974,14529.639885775,62.1670710343966,59.3187835317488,41.0281454238692,-849.518411854027,-549.841380910633,1.49011611938477e-08,1.49011611938477e-08,1.84126856632848,1.17149242917799,1.49011611938477e-08,2.18904173069575,6,25
1.368,1000,25,388.806352825325,524.230801540613,388.806352825325,13381.8758725559,13901.9172182833,14515.3377856775,60.9374145451905,62.7966619685385,39.594677958901,-730.650177494698,-567.908935613462,1.49011611938477e-08,1.49011611938477e-08,1.92225262459095,1.14386681421443,1.49011611938477e-08,2.51116417392976,6,25
1.369,1000,25,302.665595777825,526.865558821239,302.665595777825,13456.0171547282,14214.0008898528,14093.6716223845,60.243110507964,64.6443898724091,39.987274839439,-638.647905067635,-453.612693499382,1.49011611938477e-08,1.49011611938477e-08,1.95276147965924,1.0224001832367,1.49011611938477e-08,6.66376507379849,6,25
1.37,1000,25,227.800497869468,529.093092717465,227.800497869468,13885.6264002715,14064.5248874751,13797.0847864968,60.5365589771696,64.9591495714377,42.6104574484989,-574.24742459945,-274.461791712477,1.49011611938477e-08,1.49011611938477e-08,1.92029724844044,0.958067038233325,1.49011611938477e-08,5.30538328104352,6,25
1.371,1000,25,280.321844062433,527.554339972893,280.321844062433,14137.5173366136,13642.4339160553,14007.4273359062,60.6500074647345,63.9430108419659,46.5440716790814,-504.989362070289,-127.886807456623,1.49011611938477e-08,1.49011611938477e-08,1.80701134985643,1.11384047595049,0.908936449186864,2.28331989466437,6,25
1.372,1000,25,530.092784942475,473.02397375803,530.092784942475,13928.5484156944,13494.8972652742,14456.9879348121,58.4223014588024,61.70144883848,50.0353255234191,-395.594792299296,-50.2546683703057,1.49011611938477e-08,1.49011611938477e-08,1.80911434652406,1.48626736554892,1.71972626746749,1.86101313685095,6,25
1.373,1000,25,636.946367985218,531.13508662195,636.946367985218,13548.3404739817,13818.0381698049,14596.3987780441,52.467679574072,58.8290347454518,51.6774489358745,-304.765981174536,-18.9684140116655,1.49011611938477e-08,1.49011611938477e-08,1.90305547511444,1.89149696114932,2.66547343793915,1.91797272349863,6,25
1.374,1000,25,621.609971779389,523.878340249562,621.609971779389,13506.6428370767,14187.9335364902,14276.4309125567,43.9450230736968,56.6245026001602,51.5682503906528,-341.987818590289,20.6952614842046,1.49011611938477e-08,1.49011611938477e-08,1.95467624106049,1.75879244038102,3.54579013623155,1.81111872811137,6,25
1.375,1000,25,566.123059164233,303.932338868446,566.123059164233,13867.0268047796,14136.1398329884,13909.6004484055,38.3298266534492,56.1023979293447,51.0206580058454,-551.640686598812,70.7475828387886,1.49011611938477e-08,1.49011611938477e-08,1.94748499865897,0.857601396467137,1.77317796441374,1.24761352872226,6,25
1.376,1000,25,377.966217737207,524.543637158616,377.966217737207,14159.352054168,13714.6173000506,13986.4264519538,41.0287829106978,57.5316849817515,51.0464702960528,-807.967863514544,58.5916017226622,1.49011611938477e-08,1.49011611938477e-08,1.83783062216779,1.49011611938477e-08,0.60063147098817,1.03143344909854,6,25
1.377,1000,25,255.390796459306,528.279122516914,255.390796459306,14027.8336397802,13448.5256032907,14414.6835495582,48.8742576849377,60.1789866916874,51.2183585203885,-951.179228375104,-40.6620717799363,1.49011611938477e-08,1.49011611938477e-08,1.79601791698263,1.49011611938477e-08,1.49011611938477e-08,1.55065793515506,6,25
1.378,1000,25,415.248928855693,523.384178320604,415.248928855693,13586.6699540839,13684.4972659804,14601.9916680133,56.1074486739685,62.6667959073102,50.8952040774231,-925.055425098575,-143.936061455406,1.49011611938477e-08,1.49011611938477e-08,1.88104254680535,0.390090535705269,1.49011611938477e-08,2.50517299247896,6,25
1.379,1000,25,639.818918325654,-13004.8134746789,639.818918325654,13408.2063959607,14117.3545333798,14324.2936105775,61.2100847915846,64.1849876523282,51.1434107555726,-839.186913869052,-216.787568257316,1.49011611938477e-08,1.49011611938477e-08,1.94207257914637,0.725756345382369,1.49011611938477e-08,3.44120768129932,6,25
1.38,1000,25,625.166583826926,525.120212430754,625.166583826926,13709.354380928,14220.9865099399,13918.0552038242,62.7488179091522,64.2108127062106,51.0060937683873,-701.77523566274,-256.997079811139,1.49011611938477e-08,1.49011611938477e-08,1.9498747607109,1.00755302095034,1.49011611938477e-08,3.71650704414487,6,25
1.381,1000,25,572.899471669802,249.796642141927,572.899471669802,14046.1358996043,13889.1927725812,13884.886954712,61.8964700111155,62.1840451305921,50.8970461983712,-539.852314730842,-198.161912959467,1.49011611938477e-08,1.49011611938477e-08,1.86959801077828,1.24217788337091,0.818459685944488,2.64852457475255,6,25
1.382,1000,25,593.544489898942,48.0199485688077,593.544489898942,13954.5793677562,13555.5799041225,14244.0525279967,61.2002685836451,58.1020145336091,51.7094728212787,-416.772377289249,-31.941497322365,1.49011611938477e-08,1.49011611938477e-08,1.81455042422386,1.42316004615177,1.48551375491254,1.53823924683259,6,25
1.383,1000,25,622.105725960591,-5052.24533460014,622.105725960591,13539.8157716826,13670.0450259655,14548.6366289952,60.3071501619407,52.8677819918598,51.1927296874639,-348.490637743007,112.380258686399,1.49011611938477e-08,1.49011611938477e-08,1.88003512222488,1.62886216199864,1.64339174466834,1.07992125067427,6,25
1.384,1000,25,595.024854989404,402.651409861113,595.024854989404,13260.4305922004,14076.9538047313,14374.5265115425,59.6274727298182,48.2115776909991,49.7690971897828,-396.34492718488,185.706424111919,1.49011611938477e-08,1.49011611938477e-08,1.93976608139582,1.73225832503836,2.12540080470544,0.978587370691596,6,25
1.385,1000,25,536.637466530691,451.658381112363,536.637466530691,13481.6880014978,14239.3786980787,13925.5961657144,60.106034916434,46.6420786477414,47.9251227677657,-602.670921738776,141.348554702165,1.49011611938477e-08,1.49011611938477e-08,1.9591752994338,1.56117971630408,4.56217011030321,1.16616454786338,6,25
1.386,1000,25,481.596677808336,516.606268282538,481.596677808336,13933.7455087808,13939.8870293276,13778.6190973057,61.2871585662196,49.0916779303164,46.0083846889376,-834.0037422311,-69.2005954731597,1.49011611938477e-08,1.49011611938477e-08,1.90222836932324,1.30219603117927,0.743327207040254,1.70115673971157,6,25
1.387,1000,25,440.192085501576,522.115926756777,440.192085501576,14058.8898519835,13529.2817535846,14139.9908050923,61.7516634206864,53.9041256221488,44.2205288602134,-916.683372911573,-379.46412033711,1.49011611938477e-08,1.49011611938477e-08,1.80554347116143,1.2027858226205,1.49011611938477e-08,2.28896184348438,6,25
1.388,1000,25,406.225993396648,523.646498240063,406.225993396648,13723.8620759335,13525.6933158997,14543.7899782998,61.0142892011296,58.6280514826008,42.3233977602619,-832.399807304525,-570.119599984193,1.49011611938477e-08,1.49011611938477e-08,1.84646024378744,1.22187843280029,1.49011611938477e-08,2.13366279510511,6,25
1.389,1000,25,352.92034582591,525.345022080279,352.92034582591,13371.0394099723,13927.4977609699,14494.1432495024,59.5395148152766,62.0706863338889,40.9894429631981,-711.681998259625,-575.765642830919,1.49011611938477e-08,1.49011611938477e-08,1.92524396934135,1.2014107124376,1.49011611938477e-08,2.4907270880426,6,25
1.39,1000,25,270.442299938109,527.811385806326,270.442299938109,13475.4056421571,14219.3949499089,14060.4895989969,58.8119271303804,63.8800983250023,41.4559930793979,-622.903308271683,-454.636655974218,1.49011611938477e-08,1.49011611938477e-08,1.95321789237067,1.07639844159784,1.49011611938477e-08,6.64401907350299,6,25
1.391,1000,25,194.453286269372,530.107242078229,194.453286269372,13913.6621040435,14044.4858028103,13786.7201565246,59.0851485239065,64.193561825896,43.9065705292623,-562.409780102829,-286.348256635556,1.49011611938477e-08,1.49011611938477e-08,1.91422791961163,1.00788240282714,1.49011611938477e-08,5.70351270019406,6,25
1.392,1000,25,268.488952371003,527.92738613033,268.488952371003,14142.0037412293,13623.0295586156,14023.2434114528,59.06490122819,63.2034015577705,47.5236361898732,-487.215295183582,-138.65144123736,1.49011611938477e-08,1.49011611938477e-08,1.80171518342048,1.16475636687115,0.956213761928893,2.46245252224643,6,25
1.393,1000,25,523.080612491324,485.941706429486,523.080612491324,13911.1709987922,13502.9324716857,14467.4550144959,56.5636935243398,61.0013272604189,50.7260970260593,-376.7796784989,-67.009459046425,1.49011611938477e-08,1.49011611938477e-08,1.81271798425283,1.54097960517233,1.77435183852137,2.03002221088688,6,25
1.394,1000,25,636.132999371676,-10734.9028768677,636.132999371676,13537.8012407321,13843.1667404377,14578.2606213296,50.2593257688038,58.282193769448,52.1856001352512,-293.159447917849,-37.2717235036086,1.49011611938477e-08,1.49011611938477e-08,1.90713972930902,1.9301526980611,2.75376381513459,2.10010043282593,6,25
1.395,1000,25,619.45720134526,523.171372175779,619.45720134526,13522.368459682,14198.1821867335,14238.613607312,41.6526571355543,56.3260283876325,52.0101283505227,-343.894005588445,2.89435023921147,1.49011611938477e-08,1.49011611938477e-08,1.95594139518417,1.72439793023211,3.41170860111719,1.95916061397047,6,25
1.396,1000,25,560.993263604426,339.04144972444,560.993263604426,13894.3289941227,14118.0681661029,13886.2521701266,36.6012498553042,56.0977395524356,51.5137561699372,-549.218632414801,47.3238737349399,1.49011611938477e-08,1.49011611938477e-08,1.94300445997452,0.78484855276441,1.60005117885746,1.34187061972751,6,25
1.397,1000,25,374.527010006048,524.650249683678,374.527010006048,14168.177635741,13689.5331789394,13992.9073916016,40.2114623735025,57.7841726692106,51.5795372688523,-814.229352317637,28.4150487109729,1.49011611938477e-08,1.49011611938477e-08,1.83010764705113,1.49011611938477e-08,0.492029016872245,1.17063299062805,6,25
1.398,1000,25,258.369870567865,528.190105819206,258.369870567865,14013.4940871506,13448.2641834216,14427.3911127186,48.4184617620452,60.6095259141672,51.6548809410045,-941.093297630567,-76.150041083406,1.49011611938477e-08,1.49011611938477e-08,1.79717958938226,1.49011611938477e-08,1.49011611938477e-08,1.79222229810702,6,25
1.399,1000,25,391.834298876241,524.201048349879,391.834298876241,13570.2775163277,13708.1821636695,14587.8138527514,55.7381883377647,63.1588334145264,51.223692490025,-905.447411485091,-178.705515275554,1.49011611938477e-08,1.49011611938477e-08,1.88518271166002,0.454922143824248,1.49011611938477e-08,2.94686113182529,6,25
1.4,1000,25,641.026979706397,-13941.257931357,641.026979706397,13420.5198513007,14135.3397902522,14289.1599870518,60.8730184519261,64.6761778256174,51.381425525999,-812.84195485434,-251.839602716331,1.49011611938477e-08,1.49011611938477e-08,1.94353680180117,0.791468458830986,1.49011611938477e-08,4.13181193659865,6,25
1.401,1000,25,624.622819472485,524.924249681799,624.622819472485,13740.8302401295,14213.4942356888,13891.8605946879,62.4072089249102,64.6361487151357,51.1562780456201,-676.161453464818,-286.567111886606,1.49011611938477e-08,1.49011611938477e-08,1.94737733625978,1.08153161314171,1.49011611938477e-08,4.40509070450625,6,25
1.402,1000,25,572.986460029614,249.001847867121,572.986460029614,14061.8265956105,13866.2387882069,13886.1921332745,61.6096510323921,62.5326439159658,50.9832282165863,-503.738821814509,-214.95025146537,1.49011611938477e-08,1.49011611938477e-08,1.86204208992424,1.32134597504954,0.827848430371213,2.92944576337593,6,25
1.403,1000,25,609.277887251083,-154.8257287399,609.277887251083,13941.0715167811,13548.2324869944,14259.4604550568,61.1029228654988,58.4502538411793,51.5643615636469,-389.273958225588,-38.9020147804198,1.49011611938477e-08,1.49011611938477e-08,1.81440736362862,1.49484071325884,1.4909002200362,1.62297717719374,6,25
1.404,1000,25,624.660432552107,-5756.41810788147,624.660432552107,13517.7496501261,13689.3539669632,14542.5504474392,60.3616985388729,53.2870780192318,50.6772175857026,-331.933796119348,105.666398530812,1.49011611938477e-08,1.49011611938477e-08,1.88399626073878,1.69410331036138,1.64638394917386,1.12900524036956,6,25
1.405,1000,25,596.133318905134,378.109693891454,596.133318905134,13262.5634415883,14096.9454030646,14344.1803801079,59.843329548582,48.8276804975554,48.9647780741922,-392.345093927028,173.824138827642,1.49011611938477e-08,1.49011611938477e-08,1.94114775942584,1.7837599969622,2.23993075836801,1.02443372915773,6,25
1.406,1000,25,533.270837675171,462.429106796401,533.270837675171,13509.8553678224,14231.7780222578,13897.7981540991,60.4344327683174,47.5198384287096,46.9821322561628,-593.488198076621,125.303814494199,1.49011611938477e-08,1.49011611938477e-08,1.95875122422155,1.59241236973951,4.08484447874493,1.22663487089927,6,25
1.407,1000,25,467.744349822584,519.339444060777,467.744349822584,13954.8415911009,13912.5519970823,13782.9392382692,61.6628118505961,50.1699570427255,45.0777052790105,-834.337059638216,-100.332984788754,1.49011611938477e-08,1.49011611938477e-08,1.89474378696966,1.32029935050385,0.665587919907364,1.78144654005165,6,25
1.408,1000,25,438.798235051536,522.17912538571,438.798235051536,14048.1179359189,13513.0218124955,14162.5852312979,62.2103607062073,54.9150833505775,43.3697720449801,-909.411076341396,-402.111770298181,1.49011611938477e-08,1.49011611938477e-08,1.80346238793043,1.20989269526278,1.49011611938477e-08,2.2888098957693,6,25
1.409,1000,25,412.778271592163,523.405142286449,412.778271592163,13697.5039094115,13539.4691927634,14550.598391194,61.5961261938717,59.5141362290675,41.6385862385076,-824.264085185481,-577.005058172327,1.49011611938477e-08,1.49011611938477e-08,1.8513818157108,1.21838826391532,1.49011611938477e-08,2.10555575585067,6,25
1.41,1000,25,363.151816858738,525.054431149416,363.151816858738,13360.6195606469,13951.3629485379,14474.7580285843,60.2832949359722,62.8054406662485,40.4275700185596,-706.820096794289,-573.091744950469,1.49011611938477e-08,1.49011611938477e-08,1.92792992873116,1.18799886879779,1.49011611938477e-08,2.52924567039497,6,25
1.411,1000,25,276.508589943131,527.647188285471,276.508589943131,13493.5521039077,14222.0842741575,14034.9587230948,59.69131853355,64.4692535957878,41.0350682604315,-623.231959925253,-455.413427477138,1.49011611938477e-08,1.49011611938477e-08,1.95363380465248,1.06570627315139,1.49011611938477e-08,7.31624652344125,6,25
1.412,1000,25,203.28712609801,529.834404696837,203.28712609801,13932.8381569144,14021.8213696049,13786.008241005,60.0236454773828,64.6347652238053,43.7024566683453,-558.636042754212,-277.378995860965,1.49011611938477e-08,1.49011611938477e-08,1.90847172141254,1.01632882311324,1.49011611938477e-08,5.21269325107847,6,25
1.413,1000,25,282.171910343985,527.504216324647,282.171910343985,14136.7457565161,13602.9516970459,14048.1116023915,59.9212111245409,63.4936506888099,47.4849900076121,-479.807188029048,-132.388654877273,1.49011611938477e-08,1.49011611938477e-08,1.79801933521839,1.19496660509605,0.994090279598407,2.38442364932417,6,25
1.414,1000,25,544.087646362015,432.32568754356,544.087646362015,13884.2200310382,13511.4674072176,14486.652901175,57.2181206524256,61.152790182431,50.7177240782318,-366.736276196827,-63.4873787455412,1.49011611938477e-08,1.49011611938477e-08,1.81777809548228,1.58754052752954,1.81692011088211,2.00779310927869,6,25
1.415,1000,25,635.847160099916,530.411275874085,635.847160099916,13519.6284680733,13868.5016429257,14569.8613657559,50.7641667864692,58.3186941057913,52.1310762266388,-288.106532907876,-33.8968699197485,1.49011611938477e-08,1.49011611938477e-08,1.91159685928405,1.97768915376072,2.80072921864887,2.09035049657874,6,25
1.416,1000,25,618.629258538348,-4131.51574782188,618.629258538348,13532.4012150907,14207.7267383975,14215.9527255073,42.064189358827,56.3056658200898,51.9006826918865,-342.055484449683,5.79322732273529,1.49011611938477e-08,1.49011611938477e-08,1.95740892723138,1.73078570719009,3.42904075750101,1.93147158265415,6,25
1.417,1000,25,553.668372646992,382.04736295007,553.668372646992,13913.5481062912,14100.3359334248,13880.883543226,37.1639407454773,56.0733024828828,51.3866059684952,-563.343934696793,53.1501761246532,1.49011611938477e-08,1.49011611938477e-08,1.93927170758014,0.770370050412224,1.56046977048778,1.30796541347345,6,25
1.418,1000,25,346.933578694678,525.517524626824,346.933578694678,14166.9876433541,13665.8809318597,14015.1411668139,40.9409332387359,57.7782329373744,51.4735091472227,-827.371215385852,29.7298994292267,1.49011611938477e-08,1.49011611938477e-08,1.82484442736,1.49011611938477e-08,0.462763157385627,1.1599938988402,6,25
1.419,1000,25,248.740650003184,528.483789884808,248.740650003184,13988.6146238484,13449.7902737375,14451.0030589756,49.1129328817853,60.5587436287397,51.5510300588875,-944.926121589251,-76.5840646165082,1.49011611938477e-08,1.49011611938477e-08,1.80075755930493,1.49011611938477e-08,1.49011611938477e-08,1.78627948342495,6,25
1.42,1000,25,441.650478996854,522.077930250209,441.650478996854,13545.5830906961,13733.9143314373,14584.2755327442,56.2804669677189,63.0261499985471,51.2167537425658,-905.352289121531,-175.337595901624,1.49011611938477e-08,1.49011611938477e-08,1.89054219289802,0.467159271620435,1.49011611938477e-08,2.88066095666892,6,25
1.421,1000,25,639.594511090753,-12904.2922594191,639.594511090753,13424.7331935794,14152.0239235715,14267.5146819373,61.0363846663967,64.4478985980683,51.3430908751792,-816.848285693493,-242.422158128912,1.49011611938477e-08,1.49011611938477e-08,1.94522451616167,0.79238732630186,1.49011611938477e-08,3.93632167507185,6,25
1.422,1000,25,622.114357902539,524.061631901307,622.114357902539,13760.5096307198,14201.0439686061,13882.7697382304,62.273755148906,64.293296395201,51.1083891771678,-674.169457311087,-274.093885631137,1.49011611938477e-08,1.49011611938477e-08,1.94545241391092,1.07011435706542,1.49011611938477e-08,4.05533269007732,6,25
1.423,1000,25,559.945044300629,345.268268527095,559.945044300629,14062.7670048065,13840.3910712075,13904.7713189516,61.4127144985818,62.058566860635,51.0079278771438,-506.881214940325,-192.054911569855,1.49011611938477e-08,1.49011611938477e-08,1.85719473041381,1.29391794297689,0.880400834589851,2.65206352842935,6,25
1.424,1000,25,618.214229552424,-1266.68895271381,618.214229552424,13927.0244965907,13542.3841393769,14293.6845512925,60.8653288452071,57.8238268214105,51.6335557028551,-394.855520091128,-16.3164035089283,1.49011611938477e-08,1.49011611938477e-08,1.81637906922111,1.46796060085601,1.52130499157822,1.50598805231229,6,25
1.425,1000,25,621.601458113585,523.755919923672,621.601458113585,13494.9495720795,13710.4469640202,14552.4602292546,60.0497380093764,52.6298292182795,50.7785263407087,-340.633802628383,122.812411092279,1.49011611938477e-08,1.49011611938477e-08,1.88904151179663,1.66659922981028,1.65253111416271,1.06914034764241,6,25
1.426,1000,25,585.579854539091,82.8072081878377,585.579854539091,13263.618708284,14115.9278965946,14326.7463609139,59.5430234701382,48.2844829017241,49.1226295375022,-403.11773320396,184.497613637059,1.49011611938477e-08,1.49011611938477e-08,1.942905493098,1.74080948883784,2.35371810058466,0.990603859187461,6,25
1.427,1000,25,522.683578015518,483.759885560746,522.683578015518,13534.5102157611,14226.113508378,13883.802828486,60.2495199489177,47.2544333034256,47.1544749381414,-621.19693974809,128.947246705889,1.49011611938477e-08,1.49011611938477e-08,1.958639509213,1.53291924856595,3.59349509683766,1.2062540195016,6,25
1.428,1000,25,483.469540889971,516.079841136651,483.469540889971,13973.7843784209,13887.853384787,13798.5125415315,61.529694526932,50.1140300721436,45.198126836922,-857.908777194009,-105.352470772534,1.49011611938477e-08,1.49011611938477e-08,1.88860049032045,1.2696284062554,0.574186103003366,1.77081411178814,6,25
1.429,1000,25,447.808756303541,521.596366073909,447.808756303541,14040.1775044312,13501.1464061532,14195.5107082184,62.0060409102396,54.9836851450111,43.39111746081,-918.78676923622,-406.205743018514,1.49011611938477e-08,1.49011611938477e-08,1.80288786916284,1.1742146562336,1.49011611938477e-08,2.30351300350563,6,25
1.43,1000,25,416.451002196529,523.261985985576,416.451002196529,13675.0714418941,13556.801761388,14567.6551186717,61.2775758185402,59.5778602394794,41.5054075044094,-825.608097351199,-571.313400106285,1.49011611938477e-08,1.49011611938477e-08,1.8566839318301,1.1868385889356,1.49011611938477e-08,2.15727966791497,6,25
1.431,1000,25,360.394556772333,525.116774767144,360.394556772333,13357.3045797492,13975.8446024515,14461.9070519578,59.9038854612969,62.8220763233398,40.3133955809313,-713.184674083157,-560.821222086675,1.49011611938477e-08,1.49011611938477e-08,1.93057223694233,1.14736547685508,1.49011611938477e-08,2.70920820513291,6,25
1.432,1000,25,268.325640723483,527.872959605103,268.325640723483,13518.2816498981,14223.8600321821,14017.2188990671,59.3361530378898,64.4346417789356,41.0562617730391,-626.638712715607,-431.488505566723,1.49011611938477e-08,1.49011611938477e-08,1.95397720338936,1.01763747233105,1.49011611938477e-08,9.2928929367485,6,25
1.433,1000,25,203.019515867083,529.850258506234,203.019515867083,13959.269907757,13999.3648835769,13793.9143071332,59.6953677784899,64.5699620010343,43.8458191320458,-563.951109270354,-251.191344251218,1.49011611938477e-08,1.49011611938477e-08,1.90252593718898,0.97404473337936,0.186966606622736,4.40205111798344,6,25
1.434,1000,25,295.97337842235,527.106077829683,295.97337842235,14137.103975714,13584.572303304,14079.7407736698,59.5477815974057,63.4103306041552,47.6713191973171,-484.833484906423,-110.553291876112,1.49011611938477e-08,1.49011611938477e-08,1.79497558918264,1.16253671887413,1.03674101799207,2.20249494894168,6,25
1.435,1000,25,560.769710372583,348.53510082126,560.769710372583,13866.0300011598,13521.9984185477,14509.8605006834,56.6983076356961,61.0280803668642,50.8469988529371,-371.92723086469,-46.3577010717448,1.49011611938477e-08,1.49011611938477e-08,1.8230002657967,1.55410658580428,1.87152568018541,1.89566519527494,6,25
1.436,1000,25,635.192270793689,529.993130442947,635.192270793689,13511.4009489847,13893.6802460101,14565.1401919602,50.0682219150597,58.2622174788619,52.1565845170046,-300.243647127557,-19.1701245372446,1.49011611938477e-08,1.49011611938477e-08,1.91572162929288,1.91184268058628,2.88273110543078,1.96627523151972,6,25
1.437,1000,25,616.464321457725,522.30146669981,616.464321457725,13550.8020488932,14215.0383971085,14194.8668005257,41.578807808645,56.3918325813384,51.9215941821036,-364.320958798858,22.5273814400318,1.49011611938477e-08,1.49011611938477e-08,1.95857493691844,1.60676746636508,3.32020944079339,1.77019549593667,6,25
1.438,1000,25,547.881074171723,408.832050471379,547.881074171723,13939.9003257684,14080.4412730183,13878.3570764321,37.3525169218465,56.3173868174555,51.4851563494706,-592.778456114762,64.2239125644873,1.49011611938477e-08,1.49011611938477e-08,1.93457787205079,0.684089444276639,1.46573316570606,1.19365988959018,6,25
1.439,1000,25,352.318537088858,525.357986362672,352.318537088858,14172.7795298331,13643.0371130089,14041.1372383637,41.6312392652385,58.1221321668434,51.6061794406706,-849.049027031667,31.5065932307605,1.49011611938477e-08,1.49011611938477e-08,1.81917911400267,1.49011611938477e-08,0.405751364874918,1.13240022732152,6,25
1.44,1000,25,263.83600469916,528.026847850402,263.83600469916,13972.2708300972,13453.8972576553,14478.3906728409,49.6960991644251,60.9252874170401,51.5651160735117,-949.492751842159,-79.7092867295468,1.49011611938477e-08,1.49011611938477e-08,1.80404740099889,1.49011611938477e-08,1.49011611938477e-08,1.80239993276104,6,25
1.441,1000,25,433.910774176762,522.567644571116,433.910774176762,13526.0212635398,13759.4769335232,14578.8782162021,56.8054104158493,63.3479779812272,51.2827850044317,-908.017014062493,-172.212645066905,1.49011611938477e-08,1.49011611938477e-08,1.89535824493276,0.477949219974394,1.49011611938477e-08,2.88212514535429,6,25
1.442,1000,25,640.088546726796,533.629361060965,640.088546726796,13433.8357114534,14167.9016537298,14243.2126198552,61.450701695301,64.6869562868824,51.434148512712,-812.395433224581,-243.642370537064,1.49011611938477e-08,1.49011611938477e-08,1.9467819062233,0.805535444261902,1.49011611938477e-08,3.9199161078801,6,25
1.443,1000,25,620.985663861659,523.6944785087,620.985663861659,13785.6989075121,14191.4824162485,13870.6638129166,62.5380635854932,64.3996824820446,51.2014395823904,-664.03750998988,-272.955694115421,1.49011611938477e-08,1.49011611938477e-08,1.94284861920645,1.08769172707554,1.49011611938477e-08,3.98912950812953,6,25
1.444,1000,25,557.248502909561,361.582325044034,557.248502909561,14069.5851113216,13818.4666207092,13919.1633122525,61.5616998575781,62.007665604827,51.1565130142757,-493.718291878642,-185.814237003927,1.49011611938477e-08,1.49011611938477e-08,1.85137062564716,1.31849278991709,0.928716395157718,2.60185461834248,6,25
1.445,1000,25,628.541121046092,-441.320831593619,628.541121046092,13907.2499330178,13538.917728641,14317.904379611,60.9915575599598,57.7009093374822,51.7515081159201,-383.978577075445,-10.7177397599076,1.49011611938477e-08,1.49011611938477e-08,1.81830998275666,1.49743793612591,1.54187076735692,1.4988812852048,6,25
1.446,1000,25,623.319285127628,-5348.32820194491,623.319285127628,13469.9698483237,13732.0359824336,14551.5603586895,60.1491491654728,52.4795834142898,50.8445493385705,-335.111872930177,119.079518746585,1.49011611938477e-08,1.49011611938477e-08,1.89359561716534,1.69806327833231,1.64693513814156,1.08317761554955,6,25
1.447,1000,25,588.001176486487,-1.51787043463935,588.001176486487,13263.9251915739,14133.5456064099,14300.0331233043,59.6838359931134,48.2248813714583,49.1551066059592,-407.264265702876,180.361573401854,1.49011611938477e-08,1.49011611938477e-08,1.94441858195858,1.76138159016707,2.44649924823367,1.0198631942431,6,25
1.448,1000,25,528.407049388575,472.696318842207,528.407049388575,13560.2016808825,14216.2622050263,13861.1725699789,60.410771553406,47.3749405122523,47.1877460752904,-631.809893398583,111.796827693119,1.49011611938477e-08,1.49011611938477e-08,1.95795666007288,1.54428119340766,3.27021668836588,1.25882862552708,6,25
1.449,1000,25,454.252333063066,521.069307003109,454.252333063066,13991.7604376162,13860.8438909211,13807.8320151597,61.6194714096711,50.42311749422,45.2683679626366,-860.164931453628,-136.712865631333,1.49011611938477e-08,1.49011611938477e-08,1.88107100253555,1.28965177066805,0.50987115869804,1.85509506814622,6,25
1.45,1000,25,433.505813079735,522.4967226106,433.505813079735,14026.9517927156,13488.8785245227,14219.2462223192,62.0111238571295,55.2921111643964,43.4581482760838,-907.402053090723,-434.824481552682,1.49011611938477e-08,1.49011611938477e-08,1.80186319575348,1.20382476479429,1.49011611938477e-08,2.29235218511462,6,25
1.451,1000,25,404.543440355432,523.706148430709,404.543440355432,13649.2068732271,13574.074729632,14570.5009581534,61.2032460386787,59.8292113346473,41.5928578669601,-815.252918851512,-584.091876951919,1.49011611938477e-08,1.49011611938477e-08,1.86169898421065,1.21964365273284,1.49011611938477e-08,2.09013802187751,6,25
1.452,1000,25,353.354971026869,525.330976258553,353.354971026869,13349.6802465645,13998.9615030458,14435.5658425068,59.84048279942,62.977690862728,40.4165129713633,-698.10035045466,-567.957790429825,1.49011611938477e-08,1.49011611938477e-08,1.93289530941718,1.1755255157812,1.49011611938477e-08,2.66209394204928,6,25
1.453,1000,25,270.431744984709,527.827838473618,270.431744984709,13538.3974281286,14223.5372582218,13987.1137535253,59.3290200362339,64.4997610737135,41.1838637580089,-612.934713775943,-434.576556998514,1.49011611938477e-08,1.49011611938477e-08,1.95395117468432,1.04572548641446,1.49011611938477e-08,9.25849278975079,6,25
1.454,1000,25,200.756136197198,529.919022716103,200.756136197198,13978.2020144562,13975.7352836636,13790.8443630816,59.6998721435718,64.5493364017739,43.9982689397117,-549.516369784093,-254.766799785371,1.49011611938477e-08,1.49011611938477e-08,1.89579876806396,1.01207160936515,0.275491367720478,4.51782365656711,6,25
1.455,1000,25,302.413604557067,526.898295600475,302.413604557067,14130.3738917409,13567.2354363806,14099.7649944538,59.4436957216387,63.3108723639235,47.7821525338788,-467.096270883543,-118.859680546001,1.49011611938477e-08,1.49011611938477e-08,1.79174806315375,1.215592206145,1.08425400647922,2.28897464596822,6,25
1.456,1000,25,575.17762173871,240.436523854484,575.17762173871,13840.181919212,13533.5832338457,14520.8508168161,56.3611915672161,60.9138679073764,50.8375232045544,-358.925121473663,-59.9534640827039,1.49011611938477e-08,1.49011611938477e-08,1.82785034069294,1.62186298151115,1.92034329760212,2.00222291000377,6,25
1.457,1000,25,634.43919808594,529.527059294891,634.43919808594,13498.6229178468,13918.1415754835,14547.7279471655,49.5244283138495,58.1548878818547,52.0243692705187,-288.653104044509,-30.8485590855002,1.49011611938477e-08,1.49011611938477e-08,1.91945801028175,1.97712187410808,2.94695148198577,2.09177635062939,6,25
1.458,1000,25,614.768680110082,521.188495211295,614.768680110082,13565.635723237,14220.9339559343,14166.0111177931,40.9204190971851,56.3537380017869,51.6902595652051,-365.019727907949,13.7227356931092,1.49011611938477e-08,1.49011611938477e-08,1.95958968647829,1.61179457301736,3.23720047376608,1.86421450817104,6,25
1.459,1000,25,538.965166011318,443.990102150913,538.965166011318,13960.3678482026,14058.9607529919,13869.2263792036,37.0172981816759,56.4020420014308,51.234315715721,-602.363808152472,55.2632508713898,1.49011611938477e-08,1.49011611938477e-08,1.92937572178217,0.654558580286353,1.38754176098104,1.24570773767496,6,25
1.46,1000,25,328.090652088523,526.088046227219,328.090652088523,14170.8842026245,13619.7293730592,14058.4156932063,41.7766070406987,58.3347234178644,51.3824454849899,-855.740418634911,17.8785834330525,1.49011611938477e-08,1.49011611938477e-08,1.8136668327608,1.49011611938477e-08,0.339561846060749,1.20243721168765,6,25
1.461,1000,25,259.260745442692,528.193887107093,259.260745442692,13948.6130119037,13457.8561973419,14493.6843445468,50.0158588665912,61.1764952299239,51.3362556377935,-945.920307492933,-88.4028735207983,1.49011611938477e-08,1.49011611938477e-08,1.80743764870864,1.49011611938477e-08,1.49011611938477e-08,1.91373195760014,6,25
1.462,1000,25,457.914502681774,520.775218770302,457.914502681774,13507.4269255768,13784.6125078642,14567.7095122215,57.1033473331158,63.5662089679127,51.13385080301,-900.4315163764,-183.916371702557,1.49011611938477e-08,1.49011611938477e-08,1.89976304343852,0.503190388368016,1.49011611938477e-08,3.03235388205945,6,25
1.463,1000,25,637.872569322298,532.585298233488,637.872569322298,13444.3989749606,14181.2886548311,14215.3391942374,61.5181586680707,64.8464732725551,51.2512016203332,-801.511495329636,-253.710044030629,1.49011611938477e-08,1.49011611938477e-08,1.94806713367037,0.825173317772277,1.49011611938477e-08,4.07879699524204,6,25
1.464,1000,25,618.963964895797,523.025161793271,618.963964895797,13807.8542456366,14174.8519079449,13858.0377856378,62.4389782216099,64.4781947729428,50.9945863566339,-650.446397673746,-276.51819363954,1.49011611938477e-08,1.49011611938477e-08,1.93977033571268,1.10292579428216,1.49011611938477e-08,4.0356762802932,6,25
1.465,1000,25,547.183109655151,413.886400305488,547.183109655151,14070.2830851984,13792.5532588704,13933.7332225289,61.4981764062654,61.9998867339012,50.9653459430596,-484.462542062932,-177.280229445427,1.49011611938477e-08,1.49011611938477e-08,1.84608544257257,1.32401727735507,0.962557644741715,2.5299075969407,6,25
1.466,1000,25,626.188864079418,-6116.74577894731,626.188864079418,13885.9010782337,13535.8199807466,14338.6869621309,60.999477790775,57.5808860996008,51.5460389277374,-384.427345554757,-6.74752614695744,1.49011611938477e-08,1.49011611938477e-08,1.82079481026164,1.50119048654337,1.55764098521018,1.44873538853263,6,25
1.467,1000,25,622.382382297408,-5059.84985023302,622.382382297408,13445.3603758572,13754.1213083502,14547.6255271303,60.1989763975902,52.3816587688433,50.6459689722026,-338.874694608429,127.47728814511,1.49011611938477e-08,1.49011611938477e-08,1.89814412901373,1.69679330238907,1.65540546221948,1.05459046762653,6,25
1.468,1000,25,579.227621878911,192.633072990407,579.227621878911,13265.9174686712,14150.0074231261,14273.1091169789,59.7692345682396,48.3128327141956,49.0021101171232,-422.296144881213,180.373232361289,1.49011611938477e-08,1.49011611938477e-08,1.94594975272368,1.74741629035106,2.61896314035555,1.01298833063454,6,25
1.469,1000,25,514.10516905407,496.824445484638,514.10516905407,13582.3692049915,14205.3900934322,13842.1402809135,60.5555502856548,47.8165956280807,47.1148314201307,-655.766989905099,99.3036410532594,1.49011611938477e-08,1.49011611938477e-08,1.95726969931636,1.51848204771531,2.84633949657794,1.2741308344773,6,25
1.47,1000,25,473.626933549872,518.282440428324,473.626933549872,14003.7047070536,13834.0901926927,13819.6753578987,61.7639315714384,51.0803026589371,45.3063333844943,-878.114317986203,-158.300731713187,1.49011611938477e-08,1.49011611938477e-08,1.87496605296783,1.26862993984855,0.40349381960559,1.87995858053531,6,25
1.471,1000,25,437.92118121979,522.250808020884,437.92118121979,14011.2446266198,13478.5842536581,14244.7690708271,62.1004089714466,56.0210331992499,43.637713090125,-915.41102113427,-440.072977314629,1.49011611938477e-08,1.49011611938477e-08,1.80260879657296,1.19144963953743,1.49011611938477e-08,2.26947333309181,6,25
1.472,1000,25,401.563347268027,523.809502299947,401.563347268027,13621.4662921771,13592.3940928862,14576.8362863289,61.2662935743789,60.5171816213689,41.8972347392361,-816.140745808398,-589.965061612663,1.49011611938477e-08,1.49011611938477e-08,1.86722520302444,1.20808513646985,1.49011611938477e-08,2.08400643263461,6,25
1.473,1000,25,341.237538671694,525.696463977152,341.237538671694,13343.8800890688,14020.8472736367,14413.0696983651,59.9651213322065,63.5933278095725,40.9486678671574,-700.724632802575,-563.567561835685,1.49011611938477e-08,1.49011611938477e-08,1.93517503858917,1.15972359012609,1.49011611938477e-08,2.76579087608322,6,25
1.474,1000,25,249.478699293998,528.453882698609,249.478699293998,13559.500315115,14220.9043359217,13963.1710795244,59.5375600551761,65.0433400557251,41.9248629996577,-616.996517395024,-424.502635219981,1.49011611938477e-08,1.49011611938477e-08,1.95373559165142,1.03452953113765,1.49011611938477e-08,10.613072866228,6,25
1.475,1000,25,201.116661419125,529.906850145294,201.116661419125,13997.4698311825,13951.0040596511,13794.2553171291,59.8982212262384,65.0392344179485,44.8292292857837,-551.531477748613,-245.841893437197,1.49011611938477e-08,1.49011611938477e-08,1.88921589161504,1.01639237770554,0.319542374082911,4.26074634272264,6,25
1.476,1000,25,325.866656137029,526.209821844497,325.866656137029,14123.1088426163,13550.7377347023,14125.0499281889,59.4688334355917,63.7432550093473,48.5626990198997,-469.122559614448,-119.810013672179,1.49011611938477e-08,1.49011611938477e-08,1.78971143467084,1.23457470358702,1.12360442192146,2.2684591833315,6,25
1.477,1000,25,590.087361941579,90.0800789458405,590.087361941579,13817.0632035704,13546.4762537792,14534.1811252377,56.0696786625516,61.2435395085608,51.4576461660617,-353.483766547602,-59.5492184530179,1.49011611938477e-08,1.49011611938477e-08,1.83356642855446,1.64673716348846,1.97807805954321,2.0134746697333,6,25
1.478,1000,25,633.542856857413,528.991292501307,633.542856857413,13488.4188553346,13942.3030511888,14533.2469789109,48.913925849009,58.5170568185021,52.4738369154382,-289.469731846914,-29.8966957275655,1.49011611938477e-08,1.49011611938477e-08,1.92322508786,1.97806413369184,3.03789522129567,2.09338303893156,6,25
1.479,1000,25,610.990382064431,517.798102101427,610.990382064431,13582.0509283442,14224.3707258679,14139.4735797144,40.3735345545441,56.8220867195495,52.0922155650718,-378.428266900424,16.7080662486911,1.49011611938477e-08,1.49011611938477e-08,1.96046486510744,1.55188987698538,3.14321845146317,1.82089989929781,6,25
1.48,1000,25,526.069733772396,477.234765305237,526.069733772396,13980.9420862969,14036.8868570903,13864.4399000129,36.9900821365987,56.9908808590569,51.6787397465997,-624.041339711798,54.9602081905458,1.49011611938477e-08,1.49011611938477e-08,1.92406110674986,0.5969309785513,1.31040681785022,1.20917055027905,6,25
1.481,1000,25,330.402162110223,526.018102710414,330.402162110223,14169.8382613106,13598.1664619355,14080.9187361562,42.210770030986,58.9881508009138,51.8568118946491,-862.455797197774,15.4872032958053,1.49011611938477e-08,1.49011611938477e-08,1.80906458561027,1.49011611938477e-08,0.267379640130958,1.22635391480249,6,25
1.482,1000,25,263.086506831681,528.049474381608,263.086506831681,13927.2865239528,13464.5886284442,14513.9755266076,50.41970976541,61.8226706145975,51.7186179807578,-948.799820693837,-98.1766590340756,1.49011611938477e-08,1.49011611938477e-08,1.81161363267963,1.49011611938477e-08,1.49011611938477e-08,1.98681838174191,6,25
1.483,1000,25,468.381904458138,519.600364300129,468.381904458138,13492.0400165583,13810.3697349902,14558.5619104304,57.4378414798382,64.1598332095335,51.4676731801114,-897.028443037437,-192.664977122214,1.49011611938477e-08,1.49011611938477e-08,1.90403572140353,0.521038088747079,1.49011611938477e-08,3.1560140180941,6,25
1.484,1000,25,638.646005445529,532.438734619931,638.646005445529,13458.2182777445,14193.3649015485,14190.6867029645,61.7269035739583,65.3510393785058,51.5195226386576,-793.111732125323,-261.482339015253,1.49011611938477e-08,1.49011611938477e-08,1.94936104028874,0.842992245483462,1.49011611938477e-08,4.23727888440217,6,25
1.485,1000,25,617.631639954466,522.547781195962,617.631639954466,13834.1297989396,14163.179846722,13849.7463669259,62.5233926940097,64.8250370540972,51.2080777359024,-636.016373741847,-277.702732880573,1.49011611938477e-08,1.49011611938477e-08,1.93645822562287,1.12236053677635,1.49011611938477e-08,4.08216362875855,6,25
1.486,1000,25,542.870933129933,429.961677086336,542.870933129933,14074.4250404603,13771.3599989312,13950.7595011934,61.5358928361671,62.1453636981572,51.1772757293689,-475.493375413747,-176.893238760123,1.49011611938477e-08,1.49011611938477e-08,1.8408367985471,1.34647909689455,1.01124865532177,2.49044370475991,6,25
1.487,1000,25,631.275646467786,527.965065270428,631.275646467786,13871.4329614037,13535.8204997383,14366.6203272422,60.9670918339523,57.6362197043484,51.5260093268069,-369.131140758416,2.23803740653869,1.49011611938477e-08,1.49011611938477e-08,1.82300268709276,1.53118637917756,1.56979918362527,1.44209363771089,6,25
1.488,1000,25,618.233217523879,522.881246711981,618.233217523879,13429.8382336794,13777.5009093465,14549.2024714637,60.1371348541628,52.4088298974295,50.3944591303532,-328.824116987803,134.308672224327,1.49011611938477e-08,1.49011611938477e-08,1.90198972556118,1.72923845581671,1.64112355854011,1.06228218970494,6,25
1.489,1000,25,579.13559942472,196.448547486098,579.13559942472,13278.0908203572,14166.120293214,14251.1365508806,59.8125953605329,48.4373968281584,48.5677627469477,-423.584879982297,184.29754287391,1.49011611938477e-08,1.49011611938477e-08,1.94712133268561,1.76106924554639,2.7269851543173,1.02767215442116,6,25
1.49,1000,25,516.35387864271,493.241666412452,516.35387864271,13617.2767839321,14194.9397670334,13830.1716971291,60.7189832931393,48.0536554437141,46.5305940284332,-663.863209011603,95.1345538932162,1.49011611938477e-08,1.49011611938477e-08,1.95550764965622,1.50977106279827,2.63959385168829,1.29915123607759,6,25
1.491,1000,25,457.084796885452,520.793626693074,457.084796885452,14024.9656215084,13809.1145128194,13839.8648171925,61.98350052827,51.4087085787325,44.5617984600298,-873.637700936786,-153.0791493985,1.49011611938477e-08,1.49011611938477e-08,1.86700643274582,1.25531493107863,0.333563191496129,1.92579236189341,6,25
1.492,1000,25,438.62842039233,522.211685598205,438.62842039233,14001.0266572196,13471.4114962545,14275.6450106924,62.3726239878156,56.3101346974467,42.6775015000756,-910.039178351958,-443.706826654238,1.49011611938477e-08,1.49011611938477e-08,1.80236917491432,1.17319621763157,1.49011611938477e-08,2.30790819584327,6,25
1.493,1000,25,412.081967889651,523.43082488915,412.081967889651,13602.654540201,13613.537013482,14585.0021774968,61.5691510842492,60.7261633965847,40.8114760194727,-808.506497196227,-580.85933448782,1.49011611938477e-08,1.49011611938477e-08,1.87200795524059,1.17970718574987,1.49011611938477e-08,2.1448552493458,6,25
1.494,1000,25,358.723355125037,525.166764021434,358.723355125037,13346.5986206736,14043.9378169159,14394.9690905521,60.3515119115416,63.6945910036858,39.879172085532,-695.065160787253,-546.065013297846,1.49011611938477e-08,1.49011611938477e-08,1.93718236344726,1.11751106808279,1.49011611938477e-08,2.97326701904072,6,25
1.495,1000,25,274.599932731996,527.683639992163,274.599932731996,13586.6815507158,14218.4593936157,13946.7127726735,60.0113351178513,65.0405332684992,41.0280146203805,-613.477253812085,-402.252110360346,1.49011611938477e-08,1.49011611938477e-08,1.95333798325133,0.99276553639714,1.49011611938477e-08,13.8034658356016,6,25
1.496,1000,25,209.433470771871,529.657346860616,209.433470771871,14018.114993052,13927.5407493932,13806.8982610036,60.4237716104481,64.926707110509,44.1986282336961,-553.464128592427,-231.087179236904,1.49011611938477e-08,1.49011611938477e-08,1.88251876817906,0.992382381830438,0.376803600367479,3.72668989150643,6,25
1.497,1000,25,334.464554740958,525.952596585048,334.464554740958,14116.2786169,13537.3893666391,14156.5346191742,59.961608758557,63.5344356965391,48.147778365026,-467.610824123741,-100.894764186002,1.49011611938477e-08,1.49011611938477e-08,1.78833095360226,1.2297235081578,1.16892431225841,2.11999461235481,6,25
1.498,1000,25,611.625770549339,-185.41611364278,611.625770549339,13793.0375033527,13562.2085301131,14552.6419040739,56.4790179017176,61.0117500755965,51.1282864555654,-353.095563424041,-44.8352217582917,1.49011611938477e-08,1.49011611938477e-08,1.8392428446708,1.65043013006253,2.02353991880553,1.92731561929756,6,25
1.499,1000,25,633.430259626165,528.932121554254,633.430259626165,13480.6069592546,13967.3360687286,14523.0775696299,49.2990354975416,58.2662722018656,52.1544258541741,-296.170297690708,-16.1133819373171,1.49011611938477e-08,1.49011611938477e-08,1.92678810095055,1.96669266743001,3.09908140193009,2.01253625085077,6,25
1.5,1000,25,611.744972282759,518.79216938124,611.744972282759,13600.8651467958,14228.4715436207,14121.1375274201,40.8791853413889,56.6100557812306,51.7650079166729,-395.96074713698,30.8743525720608,1.49011611938477e-08,1.49011611938477e-08,1.96135843106635,1.50167407092131,3.06408351967774,1.73335091905068,6,25
