Time,Irradiance,Temp,Vpv,Ipv,Vdc,Vrms_1,Vrms_2,Vrms_3,Irms_1,Irms_2,Irms_3,Pac,Q,THDv_1,THDv_2,THDv_3,THDi_1,THDi_2,THDi_3,ScenarioID,SetTemp
0,200,35,480.050101640872,537.482487915387,480.050101640872,120,120,120,120,120,120,0,0,1.49011611938477e-08,1.49011611938477e-08,1.49011611938477e-08,1.49011611938477e-08,1.49011611938477e-08,1.49011611938477e-08,15,35
0.001,200,35,487.751659642051,505.137350974803,487.751659642051,120,120,120,120,120,120,0,0,1.49011611938477e-08,1.49011611938477e-08,1.49011611938477e-08,1.49011611938477e-08,1.49011611938477e-08,1.49011611938477e-08,15,35
0.002,200,35,473.226622269874,509.674732598185,473.226622269874,120,120,120,120,120,120,0,0,1.49011611938477e-08,1.49011611938477e-08,1.49011611938477e-08,1.49011611938477e-08,1.49011611938477e-08,1.49011611938477e-08,15,35
0.003,200,35,438.966122033828,513.579175702223,438.966122033828,120,120,120,120,120,120,0,0,1.49011611938477e-08,1.49011611938477e-08,1.49011611938477e-08,1.49011611938477e-08,1.49011611938477e-08,1.49011611938477e-08,15,35
0.004,200,35,412.787767999668,512.192951700949,412.787767999668,120,120,120,120,120,120,0,0,1.49011611938477e-08,1.49011611938477e-08,1.49011611938477e-08,1.49011611938477e-08,1.49011611938477e-08,1.49011611938477e-08,15,35
0.005,200,35,389.198023180311,510.024126450504,389.198023180311,120,120,120,120,120,120,0,0,1.49011611938477e-08,1.49011611938477e-08,1.49011611938477e-08,1.49011611938477e-08,1.49011611938477e-08,1.49011611938477e-08,15,35
0.006,200,35,380.182633152974,507.168500143153,380.182633152974,120,120,120,120,120,120,0,0,1.49011611938477e-08,1.49011611938477e-08,1.49011611938477e-08,1.49011611938477e-08,1.49011611938477e-08,1.49011611938477e-08,15,35
0.007,200,35,438.965449134278,501.053505340391,438.965449134278,120,120,120,120,120,120,0,0,1.49011611938477e-08,1.49011611938477e-08,1.49011611938477e-08,1.49011611938477e-08,1.49011611938477e-08,1.49011611938477e-08,15,35
0.008,200,35,439.336330105237,497.856046817873,439.336330105237,120,120,120,120,120,120,0,0,1.49011611938477e-08,1.49011611938477e-08,1.49011611938477e-08,1.49011611938477e-08,1.49011611938477e-08,1.49011611938477e-08,15,35
0.009,200,35,451.847622392805,493.2434042747,451.847622392805,120,120,120,120,120,120,0,0,1.49011611938477e-08,1.49011611938477e-08,1.49011611938477e-08,1.49011611938477e-08,1.49011611938477e-08,1.49011611938477e-08,15,35
0.01,200,35,453.133915087378,489.917361283767,453.133915087378,120,120,120,120,120,120,0,0,1.49011611938477e-08,1.49011611938477e-08,1.49011611938477e-08,1.49011611938477e-08,1.49011611938477e-08,1.49011611938477e-08,15,35
0.011,200,35,425.285801380963,489.544274378391,425.285801380963,120,120,120,120,120,120,0,0,1.49011611938477e-08,1.49011611938477e-08,1.49011611938477e-08,1.49011611938477e-08,1.49011611938477e-08,1.49011611938477e-08,15,35
0.012,200,35,376.391696333179,488.372797942453,376.391696333179,120,120,120,120,120,120,0,0,1.49011611938477e-08,1.49011611938477e-08,1.49011611938477e-08,1.49011611938477e-08,1.49011611938477e-08,1.49011611938477e-08,15,35
0.013,200,35,274.028323442035,488.091471713075,274.028323442035,120,120,120,120,120,120,0,0,1.49011611938477e-08,1.49011611938477e-08,1.49011611938477e-08,1.49011611938477e-08,1.49011611938477e-08,1.49011611938477e-08,15,35
0.014,200,35,240.605399544615,485.847046500509,240.605399544615,120,120,120,120,120,120,0,0,1.49011611938477e-08,1.49011611938477e-08,1.49011611938477e-08,1.49011611938477e-08,1.49011611938477e-08,1.49011611938477e-08,15,35
0.015,200,35,261.007471362666,482.146179567674,261.007471362666,120,120,120,120,120,120,0,0,1.49011611938477e-08,1.49011611938477e-08,1.49011611938477e-08,1.49011611938477e-08,1.49011611938477e-08,1.49011611938477e-08,15,35
0.016,200,35,266.564550032884,478.81473280062,266.564550032884,120,120,120,120,120,120,0,0,1.49011611938477e-08,1.49011611938477e-08,1.49011611938477e-08,1.49011611938477e-08,1.49011611938477e-08,1.49011611938477e-08,15,35
0.017,200,35,401.079082912765,471.797681086498,401.079082912765,13647.9841209855,13842.7409364951,14470.4369422368,54.2403770909528,67.7196269968737,15.8485423317253,-663.79255702377,-392.381045056483,1.49011611938477e-08,1.49011611938477e-08,1.89145545467854,1.49011611938477e-08,1.49011611938477e-08,0.604180988683589,15,35
0.018,200,35,441.085302785869,466.367982858897,441.085302785869,13673.7345834484,14195.8781454971,14080.1141334792,56.8448179488442,69.8854097562981,15.845222553026,-560.702658208168,-429.723907338211,1.49011611938477e-08,1.49011611938477e-08,1.9388552466322,1.49011611938477e-08,1.49011611938477e-08,0.641117532627544,15,35
0.019,200,35,405.797913742484,465.310603096777,405.797913742484,14104.3673048475,14120.0502368689,13765.555634794,58.1999867380566,70.5743564678223,15.7238231287914,-373.770885307877,-456.193765860546,1.49011611938477e-08,1.49011611938477e-08,1.90100968603658,0.307061137967749,1.49011611938477e-08,0.952833068472314,15,35
0.02,200,35,301.700196549966,465.160926780009,301.700196549966,14400.6282725997,13720.6854232877,13937.196961621,58.5679192907813,69.8240028928455,15.5402545087185,-119.859105480547,-420.167468313467,1.49011611938477e-08,1.49011611938477e-08,1.77557042561122,1.2419189911383,0.724640485883314,1.39671184708845,15,35
0.021,200,35,245.060376529836,463.473219795989,245.060376529836,14192.1415831375,13519.9503119199,14348.4398919026,58.4513313011347,67.9069233874026,14.1931066709694,68.7994534084365,-297.100560646446,1.49011611938477e-08,1.49011611938477e-08,1.770897886628,2.03210360782549,1.68229422107974,2.38936179019888,15,35
0.022,200,35,214.984308368646,461.090448867105,214.984308368646,13779.9615488915,13787.4429676551,14476.2482180371,57.6872755481606,65.931710993871,12.8667446229384,121.836002845822,-170.17414245901,1.49011611938477e-08,1.49011611938477e-08,1.87237179840141,2.68043879014237,2.74451785646225,4.31566476888778,15,35
0.023,200,35,151.707970192446,459.515399504093,151.707970192446,13686.5240111064,14168.5843934387,14138.3114713462,56.8204892339693,65.3223232550216,13.4832304362372,2.93030927881759,-117.364342913554,1.49011611938477e-08,1.49011611938477e-08,1.93534884032896,7.75274410762997,7.39327627777031,2.77076130267979,15,35
0.024,200,35,38.5861654205133,459.214083140838,38.5861654205133,14039.6106646764,14167.7033283837,13733.511529792,57.7836684810161,67.2110117464891,14.4739816802716,-270.440093310567,-173.315783224778,1.49011611938477e-08,1.49011611938477e-08,1.92171693369965,2.6475092828417,1.15956081661182,0.906792855212709,15,35
0.025,200,35,17.5453731067016,456.568562035037,17.5453731067016,14367.6820372601,13764.4013351568,13777.0358913558,60.5409702235511,71.1299566365354,15.217622459315,-563.389467523296,-323.727127638726,1.49011611938477e-08,1.49011611938477e-08,1.80104413249825,0.562391140815177,1.49011611938477e-08,1.49011611938477e-08,15,35
0.026,200,35,66.5077085697933,452.111156507246,66.5077085697933,14232.1615840041,13451.4814657578,14180.7370688344,64.6804575499533,75.7249087762354,15.363773163589,-734.715705633825,-462.903675543184,1.49011611938477e-08,1.49011611938477e-08,1.75466890634328,1.49011611938477e-08,1.49011611938477e-08,1.49011611938477e-08,15,35
0.027,200,35,212.333026648669,445.261277461009,212.333026648669,13775.6920191944,13631.261567417,14408.8070565148,69.2744079480164,79.7114506991159,15.2859433337567,-779.643921284677,-549.337071969559,1.49011611938477e-08,1.49011611938477e-08,1.84809066479562,1.49011611938477e-08,1.49011611938477e-08,1.49011611938477e-08,15,35
0.028,200,35,415.265533432999,436.650603215919,415.265533432999,13549.496362741,14073.2590970109,14179.7640011664,72.6389192662529,82.2644077433745,15.2644680432224,-708.353255010228,-617.8919015527,1.49011611938477e-08,1.49011611938477e-08,1.92699714206143,1.49011611938477e-08,1.49011611938477e-08,1.49011611938477e-08,15,35
0.029,200,35,548.301629824293,266.437727269638,548.301629824293,13812.131969296,14229.4166304037,13765.9730628132,73.5758608337664,83.020298946176,15.1983040455814,-525.53855244468,-656.769006747157,1.49011611938477e-08,1.49011611938477e-08,1.93763887827149,1.49011611938477e-08,1.49011611938477e-08,1.49011611938477e-08,15,35
0.03,200,35,554.830093180497,221.768521089762,554.830093180497,14182.943019202,13928.7391283924,13676.4440621504,72.1460616524548,81.8727760671662,17.1064463375725,-284.283893218806,-582.103571168112,1.49011611938477e-08,1.49011611938477e-08,1.84771259741042,0.69761038013819,1.49011611938477e-08,0.820848733598619,15,35
0.031,200,35,612.020378140349,427.316694053426,612.020378140349,14196.8371591947,13556.5381074381,14050.9881834788,69.7276064170346,79.037180063065,19.7892051903236,-84.8759406210951,-436.206456844721,1.49011611938477e-08,1.49011611938477e-08,1.76769005034298,1.57881400350517,1.17433041203519,2.96623759300221,15,35
0.032,200,35,611.844961782163,424.220944246277,611.844961782163,13823.2922678457,13619.4417416425,14423.3636652435,66.7676586970405,75.2917513458729,20.7391019146973,42.0283204500128,-304.379928349935,1.49011611938477e-08,1.49011611938477e-08,1.83512603429687,2.10994431888265,2.18242422926256,4.67178257065185,15,35
0.033,200,35,590.63895871567,337.441549322296,590.63895871567,13528.6561171578,14039.9485370097,14349.9070585405,62.9022477694333,71.668038884976,21.0546384433746,54.7401866244182,-221.970397557141,1.49011611938477e-08,1.49011611938477e-08,1.92283014871426,2.73989184551451,3.61122074136935,3.81118378408068,15,35
0.034,200,35,540.397798285645,294.060448791406,540.397798285645,13690.5020477702,14270.5265752959,13925.1951935325,60.2888523433817,69.3544706167189,21.071205968659,-98.4706116563621,-159.471799951237,1.49011611938477e-08,1.49011611938477e-08,1.9496667589959,5.18958430421576,6.05142044139579,3.63502580851574,15,35
0.035,200,35,468.053036103698,408.874818888436,468.053036103698,14091.9173944679,14016.3949652678,13728.2256695035,60.4580828277984,69.1763582442892,21.1141771286794,-391.648372164513,-146.265261691311,1.49011611938477e-08,1.49011611938477e-08,1.88977883924593,1.98669057122954,1.39182474038946,4.06298092450367,15,35
0.036,200,35,365.67848060097,412.925477078958,365.67848060097,14176.3061115641,13580.9365581049,14011.5814175649,63.0828780672306,70.8086812232533,21.3100788393665,-674.277916684557,-187.065340540881,1.49011611938477e-08,1.49011611938477e-08,1.78754141692053,0.605040734164298,1.49011611938477e-08,4.65328032406263,15,35
0.037,200,35,334.61452595552,410.550821459957,334.61452595552,13798.2708288826,13511.7699747306,14389.8631375923,67.6846936110701,73.0746890184135,22.2759557973423,-858.88232340895,-250.205144444978,1.49011611938477e-08,1.49011611938477e-08,1.82248434521697,1.49011611938477e-08,1.49011611938477e-08,3.5574827463956,15,35
0.038,200,35,542.234361622578,281.673171615961,542.234361622578,13403.071104291,13900.286149726,14412.0677474843,71.9025491078204,74.6632687274289,23.6562242438222,-881.085170276782,-337.032231484887,1.49011611938477e-08,1.49011611938477e-08,1.91291480331225,1.49011611938477e-08,1.49011611938477e-08,3.2856670946024,15,35
0.039,200,35,606.629311003608,-3196.70616576983,606.629311003608,13451.3458398228,14249.1129039673,14056.7119905501,73.745804000109,74.7544738638031,23.8293284829693,-760.553678021205,-420.589653060138,1.49011611938477e-08,1.49011611938477e-08,1.95190921904938,0.330355110965223,1.49011611938477e-08,3.5386843432945,15,35
0.04,200,35,599.603073903656,-2102.68319806168,599.603073903656,13868.4952991704,14149.9013445201,13768.2039402606,73.7855949609886,73.0755246248578,22.9084926692193,-522.152797143708,-438.184006139447,1.49011611938477e-08,1.49011611938477e-08,1.92771040846704,0.789703726437089,0.394318988038675,3.63147287395165,15,35
0.041,200,35,522.944441154884,336.023980092932,522.944441154884,14154.6912747414,13737.8740352491,13982.1146749369,72.4182930371738,69.494128064105,21.8242384495828,-246.631546579188,-362.8449502026,1.49011611938477e-08,1.49011611938477e-08,1.81709400740545,1.27947247607745,1.18149228539377,2.68867199636289,15,35
0.042,200,35,404.057124491681,392.941017597795,404.057124491681,13960.3193940944,13558.4484781401,14436.6010091545,70.2638056836593,64.4939258606881,21.4135305059686,10.3370056137689,-239.873373133027,1.49011611938477e-08,1.49011611938477e-08,1.80983557149857,1.76620925548751,1.27762188976192,2.28731846011583,15,35
0.043,200,35,286.538653734503,392.627507506084,286.538653734503,13561.8778707781,13845.4246161243,14567.8490761556,67.253167557643,59.2988618244623,21.6046689492001,120.122259731712,-106.478607999512,1.49011611938477e-08,1.49011611938477e-08,1.89710389655967,2.2668267624754,1.03111978577986,2.17016224689622,15,35
0.044,200,35,258.433753642196,390.082486745103,258.433753642196,13501.8540693099,14218.0056340326,14224.7594802695,64.0604494986193,55.7940076509726,21.6247330042529,16.2361735992271,1.38725469157405,1.49011611938477e-08,1.49011611938477e-08,1.94626287055451,3.94618517599847,1.9069067002387,2.17939146705728,15,35
0.045,200,35,244.489958690658,387.203614899989,244.489958690658,13888.0177110335,14194.5870527001,13836.5935750426,62.4182276400608,55.1799580197079,21.8696473323046,-276.471476940424,26.9945536450297,1.49011611938477e-08,1.49011611938477e-08,1.93756950386641,2.60822240194303,3.7513693618846,2.56137917844572,15,35
0.046,200,35,161.647273004025,385.820614677619,161.647273004025,14230.5433963274,13781.665854218,13899.9773535747,64.2198233476676,57.5772700173921,21.7395905770699,-587.039105354599,-72.739355976716,1.49011611938477e-08,1.49011611938477e-08,1.82114672744085,1.00261043599011,0.243106330989465,3.58986129250049,15,35
0.047,200,35,162.783218405978,382.593490436694,162.783218405978,14119.4213875725,13493.2395733277,14322.0519147973,68.5508471976957,61.5491663418975,19.2305102809248,-756.09116424731,-252.521503853715,1.49011611938477e-08,1.49011611938477e-08,1.77484740975042,0.347289967447737,1.49011611938477e-08,4.25910537507815,15,35
0.048,200,35,299.429242089801,376.515828339567,299.429242089801,13678.3377287864,13698.8682130845,14529.6773539105,73.0669312785711,65.2475702063611,16.6147167636971,-756.559292862816,-366.680253924852,1.49011611938477e-08,1.49011611938477e-08,1.8664085866604,1.49011611938477e-08,1.49011611938477e-08,2.84972714538473,15,35
0.049,200,35,507.202919143154,343.238588200002,507.202919143154,13477.2874298264,14122.7103303847,14260.6254895459,76.2303968021984,67.7358070223157,15.5792730931997,-668.424691244289,-423.693645518185,1.49011611938477e-08,1.49011611938477e-08,1.93677633139994,1.49011611938477e-08,1.49011611938477e-08,2.25455083928419,15,35
0.05,200,35,604.461996709233,360.587868643276,604.461996709233,13757.6500334372,14232.2816112616,13828.2774341901,77.1878404167398,68.8243497963366,15.5082003911001,-527.713357635719,-443.136937296406,1.49011611938477e-08,1.49011611938477e-08,1.94474976183231,1.49011611938477e-08,1.49011611938477e-08,2.91212849657247,15,35
0.051,200,35,545.611185630152,227.949334060633,545.611185630152,14119.0311723609,13903.6102219138,13756.4969194004,76.3308895776052,68.5350560924946,18.0580052558926,-376.533358916201,-390.744629403038,1.49011611938477e-08,1.49011611938477e-08,1.85499485740274,0.750543983042292,0.266042782943677,6.22151598411826,15,35
0.052,200,35,621.035111312861,362.550288118223,621.035111312861,14118.7161425995,13549.5812461185,14151.2826022884,74.4013976036284,66.6788928647041,22.1601119142701,-226.545938277508,-295.822593056091,1.49011611938477e-08,1.49011611938477e-08,1.78038298140675,1.56191096910525,1.27132955947483,3.82413818707164,15,35
0.053,200,35,620.808590418763,359.454561133728,620.808590418763,13760.7773103265,13646.3293422287,14520.0310986496,70.5527584900254,63.6299116448183,23.4673642542606,-93.6501192670643,-233.431281185701,1.49011611938477e-08,1.49011611938477e-08,1.84799970676037,2.38851142451702,2.15297659607984,3.78611895214489,15,35
0.054,200,35,604.345456548996,346.912506115627,604.345456548996,13488.902589896,14074.8057902151,14421.0070344922,64.7361586964313,60.3462043427318,22.6430214247534,-47.2362825375357,-176.141263330282,1.49011611938477e-08,1.49011611938477e-08,1.92973017804726,3.3169621065497,3.29848685745184,4.48927478126077,15,35
0.055,200,35,561.840937092636,112.933520395491,561.840937092636,13676.4360358566,14291.957349232,13994.1907439314,59.8467296494095,57.8382127178208,21.4699910444797,-156.918222484442,-89.0912952470704,1.49011611938477e-08,1.49011611938477e-08,1.95424373782651,3.77445786942872,4.92372689831652,4.18561439108751,15,35
0.056,200,35,474.754961416439,341.888405173237,474.754961416439,14078.0576863295,14024.9571811245,13807.829310873,59.0288711317919,56.777886879402,21.9621607319583,-385.702440786945,-17.9953967840307,1.49011611938477e-08,1.49011611938477e-08,1.89172574711609,1.73765429617262,2.14452215828957,2.52961515748773,15,35
0.057,200,35,425.213427498593,344.93370859802,425.213427498593,14175.892927037,13598.6540156175,14115.0062834697,61.6362312551878,57.0988251042496,23.5465231943614,-631.368495710973,-23.5416737378698,1.49011611938477e-08,1.49011611938477e-08,1.78860600373761,0.794495765558108,0.919514630446489,1.85709751343808,15,35
0.058,200,35,407.93568205124,342.475201446463,407.93568205124,13759.6172763932,13565.6828720825,14454.9194479671,65.8048921227197,58.1847584189304,26.1437862946285,-777.129454363573,-57.4685447810067,1.49011611938477e-08,1.49011611938477e-08,1.83454320679038,0.35022754211009,0.381536063036822,1.52895157336693,15,35
0.059,200,35,587.935800407255,-139.995218425669,587.935800407255,13359.4075883918,13962.6752266431,14409.8406668083,69.5752221762694,58.9603686079791,29.1173090464018,-810.807128828448,-131.121354688712,1.49011611938477e-08,1.49011611938477e-08,1.92067065807272,0.376219602691933,0.195460595789715,1.65358704577353,15,35
0.06,200,35,627.799776718329,339.128949383294,627.799776718329,13427.5841050249,14292.0123864159,14035.358629705,70.4838812653249,58.5177734706851,30.5046759892053,-734.586972865503,-246.059161681442,1.49011611938477e-08,1.49011611938477e-08,1.95511002385614,0.657032198141059,0.533026338473877,2.0256134445937,15,35
0.061,200,35,604.273927477896,-2461.20261369377,604.273927477896,13822.8942725872,14154.6900087371,13776.6275862151,69.3974535814829,56.5097534692205,30.6580082983662,-583.531616871239,-304.909343736804,1.49011611938477e-08,1.49011611938477e-08,1.93227157960827,0.965444122951634,1.04560181166963,2.14267265791905,15,35
0.062,200,35,589.026988295856,-342.829772687986,589.026988295856,14043.700421268,13736.8842058235,14003.8619270145,67.4940966298823,52.9096136645251,30.5194452485359,-396.672969416772,-264.966808360271,1.49011611938477e-08,1.49011611938477e-08,1.83211590646313,1.30244422929989,1.66975200346024,1.8288043333053,15,35
0.063,200,35,558.1444664349,123.766766785443,558.1444664349,13826.4774936717,13587.8151152517,14464.3335232454,64.1065253764942,47.4923469986865,30.5492521610079,-197.95106723957,-200.201414259077,1.49011611938477e-08,1.49011611938477e-08,1.83077197512903,1.72959021932803,1.89597365337335,1.79005518499304,15,35
0.064,200,35,484.7320026363,313.706546697074,484.7320026363,13435.889255215,13903.9560622841,14598.0591484095,59.2130306336228,40.9211472710876,31.0319037415971,-79.1598993194316,-105.385179578764,1.49011611938477e-08,1.49011611938477e-08,1.91067801237971,2.20179792344984,1.68308362882154,1.89896834435561,15,35
0.065,200,35,455.661946380646,317.662714536682,455.661946380646,13398.7441913763,14259.7736765067,14246.3081246831,54.6370482812951,34.9714582553207,31.3664849250584,-135.950040719736,15.0551094419044,1.49011611938477e-08,1.49011611938477e-08,1.95048320132134,2.63852346953524,2.20921441561056,1.79332701168417,15,35
0.066,200,35,466.807438467453,312.864772290121,466.807438467453,13810.1143564309,14209.9083911422,13869.5579876819,52.2940316105608,31.8470046174972,31.3468948364862,-346.43854879525,75.0070985079287,1.49011611938477e-08,1.49011611938477e-08,1.94311158089018,1.81189671951623,4.04951269687685,1.6737691057562,15,35
0.067,200,35,455.175284589789,311.386885309816,455.175284589789,14155.070511119,13793.1133689808,13964.0240104392,53.2618279540565,32.3478605118663,31.065706151178,-584.869866680401,7.39412522510248,1.49011611938477e-08,1.49011611938477e-08,1.83171338732042,1.0425136248187,0.929588377206593,1.84673740692946,15,35
0.068,200,35,443.643505759419,309.376824716378,443.643505759419,14036.8745667698,13527.8716312742,14402.7343069879,56.0782500200384,35.0812893237191,28.8395066867758,-679.14238482059,-141.497128782447,1.49011611938477e-08,1.49011611938477e-08,1.79190429308938,0.726620617980955,1.49011611938477e-08,2.31985898004111,15,35
0.069,200,35,557.35597998147,120.320357462653,557.35597998147,13603.2580178637,13759.0080432517,14597.3260954049,58.3130850249298,37.9101641504327,26.4731473216108,-643.43593210998,-225.947786427516,1.49011611938477e-08,1.49011611938477e-08,1.88170780263224,0.582032806344662,1.49011611938477e-08,2.70576059029279,15,35
0.07,200,35,609.448681193269,300.722231756677,609.448681193269,13430.768762535,14171.8581645663,14322.0699702819,59.1501434946901,39.5651511213076,25.3972540963943,-581.037220805655,-232.911779382773,1.49011611938477e-08,1.49011611938477e-08,1.94327275180718,0.466510810188971,1.49011611938477e-08,2.69813921251294,15,35
0.071,200,35,552.076714213718,141.990681396215,552.076714213718,13727.5699977115,14242.6706197357,13900.1714382124,59.2129594473088,40.0341544155561,25.8815627716625,-543.564562610814,-190.861459548177,1.49011611938477e-08,1.49011611938477e-08,1.9505501849926,0.470838417798755,0.35022918507123,2.07992577690855,15,35
0.072,200,35,508.065580399019,273.01414098714,508.065580399019,14106.1521958299,13875.9805909291,13860.7238350906,59.375823327812,39.6872685539614,28.1566935130658,-524.596337751298,-134.733054569825,1.49011611938477e-08,1.49011611938477e-08,1.85770202881704,0.74873372568725,0.737114572447157,1.669715147934,15,35
0.073,200,35,598.704534141476,-294.287953466475,598.704534141476,14091.3284102129,13528.2661047923,14273.3994375284,58.6802537850493,38.6395797353937,29.5119358652756,-461.028497833004,-132.05940947434,1.49011611938477e-08,1.49011611938477e-08,1.78659601389006,1.16665027131192,1.19456200994035,1.77778132827937,15,35
0.074,200,35,625.507893118735,-6917.30961938638,625.507893118735,13711.4425509538,13653.6246896956,14620.2530403535,55.8913063495268,36.9778703981561,28.8862709200081,-352.014225958239,-142.303634826317,1.49011611938477e-08,1.49011611938477e-08,1.85724375391794,1.66604872026206,1.74413213581487,2.19399014832116,15,35
0.075,200,35,608.8620680062,-2918.81515061132,608.8620680062,13465.0396148974,14089.2489126795,14503.5332344298,50.2027847970133,34.9384561946911,26.0844724841762,-277.139841692138,-110.348006519341,1.49011611938477e-08,1.49011611938477e-08,1.9339717450207,2.01965201379656,2.2304827837691,2.42912606553727,15,35
0.076,200,35,590.074999524345,-477.885552069309,590.074999524345,13689.6187693352,14289.6938670565,14075.652546217,44.3788598712274,33.3756885081862,22.6568195513753,-301.59623251914,-25.1349640617786,1.49011611938477e-08,1.49011611938477e-08,1.95653988839247,1.72615492412665,2.40092555169335,1.62865176672067,15,35
0.077,200,35,534.770240750846,202.744002978222,534.770240750846,14109.4038170427,14018.9242051188,13908.7812480799,42.3170016923333,32.7074320175488,21.9782185284478,-409.551050157153,72.5252157426492,1.49011611938477e-08,1.49011611938477e-08,1.88776793997731,1.11673445054267,2.17119716544787,0.835717714646758,15,35
0.078,200,35,446.668665514757,277.763364955703,446.668665514757,14186.5031067189,13613.1656844044,14219.3257654983,44.0912884639922,32.6081080784327,24.9267444071258,-521.382591665446,126.041543374271,1.49011611938477e-08,1.49011611938477e-08,1.78985774024903,0.742297009294077,1.91705355676236,0.584934613865241,15,35
0.079,200,35,506.130142977628,254.121078198459,506.130142977628,13791.1704162087,13608.4214324432,14549.1301379582,47.4597450193703,32.6385727665682,29.3765195405798,-572.595683213819,131.503134805909,1.49011611938477e-08,1.49011611938477e-08,1.83961152702345,0.65376184040849,1.85170363679807,0.697443150117903,15,35
0.08,200,35,638.462459866049,-12761.2392864326,638.462459866049,13415.9134542187,14008.5070506114,14462.1233602056,50.3666584360747,32.5620487223638,33.6622667106037,-595.626986000259,95.0247614575408,1.49011611938477e-08,1.49011611938477e-08,1.92393632918918,0.753691500877383,1.89526514213272,1.00476238024351,15,35
0.081,200,35,627.019870935884,-7217.59236757282,627.019870935884,13509.1518051073,14304.1320381941,14050.9176353047,50.7783449437148,32.7179768165699,35.3041819569258,-613.337486237697,1.82016191044046,1.49011611938477e-08,1.49011611938477e-08,1.95568248182435,0.902628559740533,1.83459974343463,1.42527043166489,15,35
0.082,200,35,586.046065605921,-271.562449065611,586.046065605921,13891.0679389694,14138.6071551684,13810.0174697789,49.8714406456582,32.9110987525453,35.4453346536679,-614.644572088221,-96.6452596922922,1.49011611938477e-08,1.49011611938477e-08,1.9266042609126,1.01368114685165,1.78755901536995,1.74726429970817,15,35
0.083,200,35,537.105076355066,181.784747286061,537.105076355066,14034.4005195243,13717.2734636167,14038.7303742216,50.459725512967,32.6961342638995,35.6221152722018,-601.624118575227,-115.641651451632,1.49011611938477e-08,1.49011611938477e-08,1.83179484747948,1.08278339923733,1.91167996959736,1.64498522308144,15,35
0.084,200,35,608.767039166624,-999.362666370548,608.767039166624,13767.9080223895,13595.6793826428,14485.6642088041,50.6419818327739,32.4854786419424,35.6559853372574,-528.200803831145,-121.853419640133,1.49011611938477e-08,1.49011611938477e-08,1.83939595730702,1.23752090917863,2.20010116934615,1.62131677469584,15,35
0.085,200,35,610.78866210898,-3040.49630421586,610.78866210898,13375.2746173964,13937.8380273833,14590.5562373781,48.448698306727,31.2960997002104,35.6212860861141,-428.873986002469,-93.1539381920107,1.49011611938477e-08,1.49011611938477e-08,1.91722241139281,1.40901757460499,2.50138200442538,1.70525329854525,15,35
0.086,200,35,573.396688894401,-43.5330801133453,573.396688894401,13350.4551267223,14298.8538812716,14231.6854005853,45.8800702075425,29.5432988364839,36.1081540468922,-405.369593267731,-18.864088061259,1.49011611938477e-08,1.49011611938477e-08,1.95171048663032,1.3825617964215,2.53096143618516,1.58420358398555,15,35
0.087,200,35,594.197673345996,-260.930317787945,594.197673345996,13767.7473877564,14216.8863229126,13867.4543595305,45.3101160857534,28.0281147023007,36.759168879519,-481.90950587509,41.9397013035703,1.49011611938477e-08,1.49011611938477e-08,1.94278271565828,1.16683844140409,2.17810808982633,1.36134703919637,15,35
0.088,200,35,602.558213904314,-1787.52330715967,602.558213904314,14123.7812654729,13798.2668225461,14002.2661070712,45.3983794630464,27.5865010517299,35.9909983716358,-531.010384408303,-20.5968517415711,1.49011611938477e-08,1.49011611938477e-08,1.83319164880641,1.12134588919421,1.6387555459404,1.43883778681153,15,35
0.089,200,35,598.534864195774,-1277.42124755305,598.534864195774,13980.1362782328,13563.3018613635,14451.9467752112,44.289537559779,27.8425703590886,33.9678235213329,-476.590368127781,-116.282124654213,1.49011611938477e-08,1.49011611938477e-08,1.80720984748463,1.26963769250272,1.47221352371923,1.75201792560312,15,35
0.09,200,35,580.796610866144,-120.610515153956,580.796610866144,13564.2276977626,13814.629349722,14639.3945208245,42.0563009223328,27.754432814944,32.4714015093823,-394.994658561139,-127.790960595923,1.49011611938477e-08,1.49011611938477e-08,1.89353936181468,1.45214489815579,1.69634151086762,2.0417179732439,15,35
0.091,200,35,500.780832727962,221.607607262728,500.780832727962,13418.6358893062,14215.5822010857,14342.2265557396,40.7325109939851,27.1709675212297,32.3268614662007,-391.370781667857,-64.4633555533276,1.49011611938477e-08,1.49011611938477e-08,1.9465770112077,1.42840890342446,1.83585536946857,1.98350169537317,15,35
0.092,200,35,351.522221380766,236.251095258651,351.522221380766,13740.1888902404,14246.0223885575,13928.5664197219,42.3979804622986,27.2638320307019,33.3834215010195,-503.478997203314,28.3500698253635,1.49011611938477e-08,1.49011611938477e-08,1.95226134111749,1.09281469190726,1.48515858114519,1.58848020569775,15,35
0.093,200,35,312.541645080085,233.621347570563,312.541645080085,14102.6369936495,13855.2449348681,13925.2106253663,46.6403226286874,28.562128465369,35.0328916898133,-670.846842293303,71.2707296989421,1.49011611938477e-08,1.49011611938477e-08,1.86080548074938,0.767147398308189,0.960174998016527,1.31408541366065,15,35
0.094,200,35,399.605179238554,229.2099751311,399.605179238554,14055.698306625,13512.8078374077,14347.1472679267,51.6089117043542,31.0798880600501,35.9938675483676,-756.419576569665,14.6266718443833,1.49011611938477e-08,1.49011611938477e-08,1.79455923706489,0.692846429241968,0.612243060540053,1.40054669006297,15,35
0.095,200,35,619.158350248538,-602.47769075697,619.158350248538,13666.8894680387,13664.3984810708,14669.0744925685,54.6706263246012,33.9244726243122,34.787795318999,-705.299191127028,-68.6273361980223,1.49011611938477e-08,1.49011611938477e-08,1.86634341947606,0.807502175987516,0.535264294840045,1.75278607565065,15,35
0.096,200,35,632.895085104554,-8786.55790658221,632.895085104554,13432.5610101289,14096.9534160356,14521.9772990176,54.5800196778827,35.7784979716121,31.3114596697582,-615.270732234359,-90.6071735883542,1.49011611938477e-08,1.49011611938477e-08,1.93865308603321,0.847907142691752,0.629150477234686,1.88315735020334,15,35
0.097,200,35,605.873986238194,-2148.00184153771,605.873986238194,13671.9773094333,14267.2129680585,14102.6990397224,53.0598936751133,36.5080606402883,26.9352311832729,-561.811259701374,-26.1175343842198,1.49011611938477e-08,1.49011611938477e-08,1.95954371364978,0.616843353131789,0.790589311535227,1.17323646086287,15,35
0.098,200,35,560.228754375559,29.8383009268204,560.228754375559,14086.7455968165,13975.6289428388,13965.809567761,52.7696592158118,36.4062690530253,25.434174860065,-548.753066751713,75.3639753950706,1.49011611938477e-08,1.49011611938477e-08,1.88898045926967,0.407142040319319,1.06446997948264,0.356733750566735,15,35
0.099,200,35,477.348772464173,207.792809504554,477.348772464173,14151.6587560155,13585.2470321644,14291.2488398459,53.212863101998,35.4064630787337,27.8236017108207,-525.67768613414,152.116767951287,1.49011611938477e-08,1.49011611938477e-08,1.79508109842938,0.582892124540406,1.46357609799431,1.49011611938477e-08,15,35
0.1,200,35,560.443916415568,31.2913245714838,560.443916415568,13787.2971026966,13611.5387336288,14628.8806982584,52.9124124321194,33.2621677507285,31.5465101462797,-464.012939108535,180.805439348202,1.49011611938477e-08,1.49011611938477e-08,1.84573970789917,0.931573466969954,1.91352540385388,0.436095100824878,15,35
0.101,200,35,636.493715928366,208.937254687307,636.493715928366,13443.2838086485,14018.5290359545,14527.7752709675,52.3786589077011,29.997692776334,34.9645035119725,-440.52284606187,187.837238953064,1.49011611938477e-08,1.49011611938477e-08,1.9272685794241,1.22300430374055,2.40624063148056,0.790587599423008,15,35
0.102,200,35,622.610229446832,203.695847074047,622.610229446832,13563.8074335111,14282.9677529383,14097.7173815631,51.9014768571282,27.8457137199801,36.3416742751303,-505.686863822743,151.637444607539,1.49011611938477e-08,1.49011611938477e-08,1.95642740254547,1.301570800638,2.57372954877587,1.13071797999835,15,35
0.103,200,35,559.897962995432,20.6008629009048,559.897962995432,13964.5429846805,14080.5245223115,13850.6811347185,52.3257902667512,28.3100120963361,35.757968017583,-634.657684359312,64.828513090236,1.49011611938477e-08,1.49011611938477e-08,1.91492933605188,1.1480621871214,1.4336423747697,1.42243525019388,15,35
0.104,200,35,528.463578809444,147.45795390007,528.463578809444,14081.9892368688,13662.5613240287,14101.9497465531,54.7799496530914,30.9296658010197,35.5377272396251,-736.614690812177,-8.69365799770335,1.49011611938477e-08,1.49011611938477e-08,1.82043529598555,0.925243706829173,0.816207392520899,1.49129052724416,15,35
0.105,200,35,617.38365560582,-2538.40497341878,617.38365560582,13768.1912431117,13568.5728463144,14523.9444001672,57.2203346471729,34.2223871302908,35.5408493889511,-747.285260130427,-57.5180165396872,1.49011611938477e-08,1.49011611938477e-08,1.84060114199909,0.822490875351293,0.575511780348956,1.5233895340283,15,35
0.106,200,35,617.084932970891,189.477180629001,617.084932970891,13360.1971915017,13928.2048558165,14574.6459798921,58.4214724629733,36.6501238450618,35.5728339900845,-704.685870902801,-58.5656454399338,1.49011611938477e-08,1.49011611938477e-08,1.91979892386666,0.828477042318082,0.515066423449121,1.5307723505168,15,35
0.107,200,35,600.046540598739,88.3374565215416,600.046540598739,13360.4432143016,14274.771008612,14187.2615234085,58.5919477518704,37.793127086799,35.8941310500195,-676.524095482763,-28.9078856524898,1.49011611938477e-08,1.49011611938477e-08,1.95203819220039,0.855954738397663,0.484082912750484,1.41758165291027,15,35
0.108,200,35,599.27701610808,78.2075921859017,599.27701610808,13805.7550639038,14168.1166641806,13840.4678356929,58.0486043035336,37.8639942951757,35.5402816262256,-663.186767642193,-61.2031882716265,1.49011611938477e-08,1.49011611938477e-08,1.9368996340885,0.950698977566314,0.594763243597364,1.40922071250929,15,35
0.109,200,35,575.560173791324,-106.781846108238,575.560173791324,14129.19147355,13746.2394525033,14012.2511026571,55.8672888044609,37.4617629484601,34.3196620992902,-561.185403269859,-177.622140516656,1.49011611938477e-08,1.49011611938477e-08,1.82674742107825,1.22177823892019,0.980703261389238,1.80546287476749,15,35
0.11,200,35,532.728810784811,118.735411710518,532.728810784811,13957.8143786765,13535.387773857,14468.0516310882,51.7943773883555,36.524728583343,32.8455576573338,-389.237881118094,-255.768778582209,1.49011611938477e-08,1.49011611938477e-08,1.80932209642079,1.62441566141045,1.48595531305802,2.62093464206843,15,35
0.111,200,35,457.328400815799,173.35425913524,457.328400815799,13551.4453218588,13809.7585320234,14642.8005257884,45.9320007658665,34.4512263149988,31.7150515359971,-255.581525445043,-234.487638663086,1.49011611938477e-08,1.49011611938477e-08,1.89598879747534,2.04414881188033,2.04725108485866,3.76723645810885,15,35
0.112,200,35,330.561431688287,173.201215135102,330.561431688287,13440.6947422683,14202.2754757605,14324.8926283781,40.8794639922357,31.7724234666824,31.647604134426,-246.424958769759,-122.885450550641,1.49011611938477e-08,1.49011611938477e-08,1.94697803251672,2.09092486692561,2.40178659721248,3.79240275563061,15,35
0.113,200,35,173.656359016514,171.55113086103,173.656359016514,13792.9436013755,14213.6464103321,13911.182294204,40.6368328712727,30.4172108485206,32.8027856891652,-394.41930343519,6.2590143011474,1.49011611938477e-08,1.49011611938477e-08,1.94619995232235,1.34699763198583,1.87029354119421,2.42244295414555,15,35
0.114,200,35,109.226642237229,168.970902089836,109.226642237229,14153.5402895442,13816.6593214675,13935.0811840795,44.4845464873106,30.9295281005107,34.4377777991114,-595.481754236893,51.6597180517008,1.49011611938477e-08,1.49011611938477e-08,1.84337542301955,0.789161494780432,1.07738877845441,1.82722217902359,15,35
0.115,200,35,222.073023728063,164.721317471631,222.073023728063,14079.8784742092,13499.2165430184,14355.1776773632,49.7523007748625,32.4893616199606,35.8952972468029,-704.561456303429,1.94504759012723,1.49011611938477e-08,1.49011611938477e-08,1.78640873761222,0.603541205827218,0.635142636414955,1.8027555234483,15,35
0.116,200,35,476.477730017105,155.374956980422,476.477730017105,13686.4935318417,13672.7241936898,14640.4213065131,53.6509149705886,34.0720898386411,35.8244922633015,-679.164675812414,-76.4261791184195,1.49011611938477e-08,1.49011611938477e-08,1.86576052591859,0.663095248325971,0.489185743721801,2.20064878568243,15,35
0.117,200,35,640.320028247995,158.178131539628,640.320028247995,13471.914941174,14101.2231068102,14453.1775369163,54.8123356990588,34.8901864396436,34.0174121074204,-606.685561888511,-121.889036592148,1.49011611938477e-08,1.49011611938477e-08,1.93952906116352,0.66494773607116,0.538746647777395,2.53558994483167,15,35
0.118,200,35,618.94369913631,151.907325381831,618.94369913631,13723.5981217495,14236.9226869943,14033.0032159761,54.3003898092313,34.9237213425191,31.3910775509653,-568.281154325808,-99.9364972929371,1.49011611938477e-08,1.49011611938477e-08,1.95731933182545,0.397176086495806,0.666235070252168,1.89953252985979,15,35
0.119,200,35,541.849787101347,66.2417344891508,541.849787101347,14106.9724761038,13918.6633524929,13920.3563194778,54.4544584470294,34.3210828657028,30.5014700102641,-570.992757504908,-36.2838947732162,1.49011611938477e-08,1.49011611938477e-08,1.87701515119431,0.279592893534974,0.878534564705366,1.06431507683867,15,35
0.12,200,35,466.507100093024,144.242780399226,466.507100093024,14143.0346803256,13538.0167387658,14271.895005544,55.4410389031827,33.0112225395399,32.1268576431302,-553.641798744049,5.5963042706049,1.49011611938477e-08,1.49011611938477e-08,1.78734016553715,0.672538580729632,1.19059982693869,0.935277608271332,15,35
0.121,200,35,494.486722159705,133.934842599908,494.486722159705,13753.1216714742,13595.5146732078,14592.6781564642,55.6958502634422,30.6541074075532,34.3226125870826,-485.624540297751,13.1631877712275,1.49011611938477e-08,1.49011611938477e-08,1.84630060143657,1.11195670887014,1.56573104264893,1.20970372686194,15,35
0.122,200,35,638.002504640789,141.67846771664,638.002504640789,13425.3031205281,14017.4235281981,14458.1597610215,56.3694929150926,27.1398580079737,36.9515611624075,-441.669454984774,5.93326451475527,1.49011611938477e-08,1.49011611938477e-08,1.92777336455241,1.52804028076352,1.84373156096645,1.62725962806518,15,35
0.123,200,35,629.993181861119,137.79931422346,629.993181861119,13574.6795708027,14262.7023003181,14020.9343125874,56.5131594591394,24.1264983873475,37.9353220414178,-462.020395905947,-36.0351557515485,1.49011611938477e-08,1.49011611938477e-08,1.95405499402225,1.75596155552899,1.73534744496388,2.10805304193175,15,35
0.124,200,35,580.885488901837,-185.625076532831,580.885488901837,13969.9814091799,14045.0023551812,13803.9129840795,56.5801833151488,23.0656282532712,37.5454398964665,-528.738747159884,-99.3997277003376,1.49011611938477e-08,1.49011611938477e-08,1.90495777105329,1.70049024741006,1.25640569340339,2.44520637247204,15,35
0.125,200,35,585.057148963445,-220.923646315076,585.057148963445,14054.4339570628,13633.9011096095,14076.2410156513,57.8738370251591,23.7586161841507,38.0183031289595,-599.787233428994,-102.174840275068,1.49011611938477e-08,1.49011611938477e-08,1.81545235278253,1.43221873157447,1.00275514088197,2.12605786840911,15,35
0.126,200,35,623.469845972445,127.602506474968,623.469845972445,13737.9947872667,13565.4104850037,14492.8026011942,58.5980229457228,24.2127407026994,38.0091294027845,-607.375261518914,-85.3658527330658,1.49011611938477e-08,1.49011611938477e-08,1.84442629380434,1.31827937339801,0.986438132791566,1.85197619703189,15,35
0.127,200,35,601.331323069542,14.8997614521529,601.331323069542,13342.1228059369,13929.0494283622,14504.7674461705,58.7008207587722,23.8628632936717,37.6150035094187,-604.448652034982,-48.3182047136669,1.49011611938477e-08,1.49011611938477e-08,1.92260930064158,1.30622755048868,1.0156512728272,1.69029757667543,15,35
0.128,200,35,575.860803349,-148.09356025492,575.860803349,13387.6675985128,14240.2189035898,14075.2899091532,58.620779163221,23.8365636046412,36.8624581050692,-659.633715049205,-51.0649907961829,1.49011611938477e-08,1.49011611938477e-08,1.95335561879309,1.28998491746244,0.916823198141564,1.67934616065573,15,35
0.129,200,35,513.158972831438,96.1522007286086,513.158972831438,13849.5146013411,14105.8033331869,13756.5049808728,57.8818117620666,25.8302745194641,36.3936203405316,-713.791792198138,-192.224068074059,1.49011611938477e-08,1.49011611938477e-08,1.93057158772925,1.35260598752725,0.766218165430892,2.1578298793913,15,35
0.13,200,35,449.012138967399,114.363541794027,449.012138967399,14121.4917514564,13678.189450013,13951.0840784793,55.8717864823825,29.1034733844105,36.430673283849,-656.891598321959,-394.689339951118,1.49011611938477e-08,1.49011611938477e-08,1.81896768787247,1.55350504100583,0.742768225098705,2.83893207074819,15,35
0.131,200,35,397.331641161588,112.508701567809,397.331641161588,13901.0923476777,13491.2505065942,14389.8318448119,52.5145890548846,32.0614290150956,35.9229131089847,-522.825973521221,-508.52808645929,1.49011611938477e-08,1.49011611938477e-08,1.81082787629056,1.83030589635447,0.866754279750761,2.7368345742749,15,35
0.132,200,35,342.806792951205,109.768956259213,342.806792951205,13489.5634996174,13791.7187228966,14535.337164642,47.4162187108984,33.7678228187799,34.5563746003645,-384.910059980021,-516.972434173028,1.49011611938477e-08,1.49011611938477e-08,1.89891128257923,2.06513792146188,1.06153075848172,2.66697031982141,15,35
0.133,200,35,293.115629328036,106.907528780442,293.115629328036,13411.711791051,14184.5558003727,14206.0655720246,41.7739460314321,34.2552268951846,33.1788487847243,-322.86020712746,-430.543605569579,1.49011611938477e-08,1.49011611938477e-08,1.94772869375881,2.01459318504197,1.19028324826696,3.94846222360884,15,35
0.134,200,35,222.125006211695,106.291924715483,222.125006211695,13783.6410516956,14179.2445918916,13807.1025916743,39.0077038175188,34.3055584471418,33.3872109960448,-357.68970839528,-292.756316545729,1.49011611938477e-08,1.49011611938477e-08,1.94138471047302,1.50531039640264,1.19458440742131,13.4168612644857,15,35
0.135,200,35,214.117860526227,106.341999241337,214.117860526227,14147.0269903449,13781.4888886475,13860.064961462,39.7370165297837,34.3355044855686,35.1287814006832,-424.766179852009,-195.497540124327,1.49011611938477e-08,1.49011611938477e-08,1.83044891916422,1.1426140532086,1.20021092237125,5.25759978106018,15,35
0.136,200,35,321.206102884125,105.701205412059,321.206102884125,14072.1263797447,13491.4592293155,14300.1308142016,40.9461381927569,34.2459323939206,36.7360212883917,-429.332853133983,-186.663552385811,1.49011611938477e-08,1.49011611938477e-08,1.78010004188533,1.21217461824644,1.31379699797067,4.25026163799753,15,35
0.137,200,35,520.265158650587,76.4025647098044,520.265158650587,13672.3657277286,13694.2935912751,14561.6790152171,39.8456072558493,33.8713028899809,36.9472720440713,-371.79642565258,-213.82289855542,1.49011611938477e-08,1.49011611938477e-08,1.86766887547857,1.47559675951487,1.52643292243589,5.27114856599876,15,35
0.138,200,35,628.793308310784,-5670.40812824575,628.793308310784,13489.3226344682,14114.9532978523,14356.4385792198,35.9548904273287,33.4102268099605,35.558998124786,-340.204439344912,-217.73532884778,1.49011611938477e-08,1.49011611938477e-08,1.94045946685255,1.52791366880645,1.61773415365581,6.84876365414891,15,35
0.139,200,35,590.441675246584,-326.357450884096,590.441675246584,13761.4080658671,14216.3886809237,13938.7882135669,31.9474745233923,33.5461360574728,33.3653623635047,-406.293333332339,-164.970509159087,1.49011611938477e-08,1.49011611938477e-08,1.95350023298978,0.977106265547619,1.36038944633025,5.04283654615073,15,35
0.14,200,35,463.17584076453,102.838459146338,463.17584076453,14135.7775960636,13870.6125445647,13857.2613776931,33.7785606810444,34.7725268779152,32.9198000627302,-547.192781938182,-107.656529510702,1.49011611938477e-08,1.49011611938477e-08,1.86250406938973,0.48165017467033,0.969045635531147,2.23966313321933,15,35
0.141,200,35,385.93799563903,105.263789232494,385.93799563903,14157.1653629574,13500.3064508726,14236.6280779861,39.2786221094229,36.8121274691293,33.830741320681,-625.196552855293,-120.53749960298,1.49011611938477e-08,1.49011611938477e-08,1.77630057052022,0.531570866651522,0.696853554946353,2.08541046501642,15,35
0.142,200,35,333.11819067737,105.624591500367,333.11819067737,13731.7230315097,13586.3694393416,14525.7601354436,44.9123195511205,38.6212874934585,35.2933539189072,-603.537194763498,-163.016990232293,1.49011611938477e-08,1.49011611938477e-08,1.84465426629978,0.821763119864008,0.566828449778032,2.78622263639462,15,35
0.143,200,35,482.719168781793,100.120939385453,482.719168781793,13411.1816812775,14017.2561837138,14347.3039124253,51.2565419251056,39.8541237922763,38.0930995563445,-561.541141599739,-222.542980102419,1.49011611938477e-08,1.49011611938477e-08,1.92707746573249,1.20376109112671,0.491441927173943,3.90039174561125,15,35
0.144,200,35,641.602293669122,105.846837014861,641.602293669122,13588.7210453709,14257.7878065692,13915.5342629337,54.6336303283134,40.5218087100608,39.7121894218112,-492.378666662819,-322.969361166908,1.49011611938477e-08,1.49011611938477e-08,1.95143431506416,1.60422970424079,0.516156768882589,5.22428931691434,15,35
0.145,200,35,612.415792904437,-2481.83924462142,612.415792904437,13964.2944636544,14029.7936259205,13749.609544509,55.0355517159157,40.2534237701228,39.8503183657579,-402.23112401787,-353.1810921108,1.49011611938477e-08,1.49011611938477e-08,1.89841526499432,1.83954693328947,0.824281437790273,5.51174325556623,15,35
0.146,200,35,603.159201428242,-438.799390624783,603.159201428242,14015.1908598415,13629.7678338258,14038.9396653562,55.2583021937786,38.4486165385307,39.258585267834,-357.457334426375,-250.559742503358,1.49011611938477e-08,1.49011611938477e-08,1.81292020703634,1.82212286476975,1.31517071735027,3.47389894550019,15,35
0.147,200,35,607.79406337885,68.2582473135362,607.79406337885,13703.118703984,13588.7378892679,14454.6685591283,55.0754954688072,35.1906889803906,38.0174091942498,-305.859670907803,-141.443931353844,1.49011611938477e-08,1.49011611938477e-08,1.84678021313067,1.93611609808498,1.81760220801196,2.33320864644224,15,35
0.148,200,35,568.877191412155,-106.146374268343,568.877191412155,13340.6456515539,13955.4599061574,14449.736736513,54.7024916701535,31.4844108144636,36.9835888086646,-304.892214412841,-57.886591277765,1.49011611938477e-08,1.49011611938477e-08,1.92387841252335,2.11238076396086,2.34259419943087,1.96656007956883,15,35
0.149,200,35,528.961671362046,60.9133960297755,528.961671362046,13419.21103083,14242.9715418077,14022.6452395283,55.0256814429962,29.9882282659277,36.093957110108,-428.137128531955,-37.913539250979,1.49011611938477e-08,1.49011611938477e-08,1.95361829996531,2.02215206546971,2.70774567798376,1.97329365372786,15,35
0.15,200,35,471.746703994956,101.826162171486,471.746703994956,13884.2986892168,14080.4148022112,13729.7360411668,55.6371534841522,32.546426869117,35.8004857466317,-606.796593495811,-168.010774983209,1.49011611938477e-08,1.49011611938477e-08,1.92338825371226,1.75349602368437,1.06184331069775,2.49761286520572,15,35
0.151,200,35,407.311039655264,105.042744720965,407.311039655264,14143.451018856,13646.6823854765,13954.790735145,55.8199787690837,37.6437371320496,36.3054139774765,-677.918586907601,-390.170146354506,1.49011611938477e-08,1.49011611938477e-08,1.80831885721215,1.64499054547563,0.199054460628668,2.75040559571398,15,35
0.152,200,35,328.222394117503,105.65150713327,328.222394117503,13897.2863763481,13485.4307283456,14386.2160655559,55.6135148095152,42.8297540568944,36.0420049447097,-632.000337057018,-552.393272701778,1.49011611938477e-08,1.49011611938477e-08,1.80980746008243,1.63825201395791,1.49011611938477e-08,2.1689182428052,15,35
0.153,200,35,308.940744455961,105.772568434781,308.940744455961,13487.3370795403,13804.2939977772,14491.801341918,54.6361776223402,46.5889739218987,34.9744702229854,-536.06250071521,-588.315451724978,1.49011611938477e-08,1.49011611938477e-08,1.90080193807561,1.65299956410053,1.49011611938477e-08,2.00255783966426,15,35
0.154,200,35,296.858496074464,105.843781397116,296.858496074464,13437.106671057,14185.993625895,14136.0431832109,53.3801086623618,48.6821126336446,34.239591281907,-460.669723243615,-529.4895711685,1.49011611938477e-08,1.49011611938477e-08,1.94751907257274,1.52489917117848,1.49011611938477e-08,2.73318303157406,15,35
0.155,200,35,263.375993234656,106.044453230115,263.375993234656,13825.4558901684,14156.7347542419,13751.1099644692,53.0756473054455,49.5251457366952,34.989229134475,-420.397216795214,-420.076625545953,1.49011611938477e-08,1.49011611938477e-08,1.93423377846189,1.35091020931365,0.349864946267252,6.87788740956478,15,35
0.156,200,35,278.78094733786,105.954837887527,278.78094733786,14171.1403519955,13752.4053069607,13834.6237239948,53.154589819203,49.3865758075177,36.9119619188053,-378.41281540827,-331.99270802892,1.49011611938477e-08,1.49011611938477e-08,1.81785263590926,1.44579390890997,0.80811901147604,13.370751169396,15,35
0.157,200,35,402.102170882936,105.12106411694,402.102170882936,14060.5466312834,13489.2942815201,14279.2179826133,51.6674520163643,48.2788020003813,38.4989560977357,-293.058716284879,-294.427286440043,1.49011611938477e-08,1.49011611938477e-08,1.7797308501574,1.87452527576589,1.36956234087641,8.65120573424038,15,35
0.158,200,35,575.018692203054,-146.581018150434,575.018692203054,13660.6988221652,13718.0273017045,14523.9594468559,47.6915578373852,46.4209569444985,38.9517897455124,-204.14034546121,-281.984690879197,1.49011611938477e-08,1.49011611938477e-08,1.87213121988726,2.46251291918011,2.03201255500684,8.35755264622858,15,35
0.159,200,35,621.465623861737,-3957.92496997313,621.465623861737,13507.2559391714,14133.7323579631,14308.9075587345,40.3580727683931,44.6641599072731,37.464946239202,-186.819477291235,-252.022489716874,1.49011611938477e-08,1.49011611938477e-08,1.9421683191758,2.84604818593243,2.40654649084354,8.2931646992453,15,35
0.16,200,35,563.206361993212,-69.5861379309565,563.206361993212,13795.4438629783,14208.5675742223,13908.8277370893,32.6803846423607,44.0069144752502,34.7737237394623,-313.55100361543,-157.79336579779,1.49011611938477e-08,1.49011611938477e-08,1.95210178921844,1.71347331576929,1.74590140582086,13.114839605917,15,35
0.161,200,35,403.170250662562,105.093637471091,403.170250662562,14159.5134806994,13845.4735282226,13857.5339611663,33.2631615772938,44.9442684368096,34.028005941484,-533.705775975078,-72.5672703382592,1.49011611938477e-08,1.49011611938477e-08,1.85553155996355,0.545344065548391,0.922965539689314,2.92461008240849,15,35
0.162,200,35,322.624099105915,105.684643841156,322.624099105915,14153.7118291686,13488.2988901227,14252.3055339106,40.5857968960577,47.2064099156722,35.1094065157358,-699.260139285671,-86.0419230662403,1.49011611938477e-08,1.49011611938477e-08,1.77597192170969,0.217858306461341,0.340568900591466,2.30118523886107,15,35
0.163,200,35,263.596848493852,106.0444637318,263.596848493852,13720.9528052671,13603.0928973385,14523.2316738958,48.6851621249581,49.490041020888,36.9399977071343,-719.998290456527,-148.009902047037,1.49011611938477e-08,1.49011611938477e-08,1.84921860702636,0.499870630298635,1.49011611938477e-08,2.99732010089159,15,35
0.164,200,35,433.017352985926,104.596996024923,433.017352985926,13425.1795737186,14039.1561035572,14323.3268200109,56.1430805574791,50.9972146125062,40.104650491821,-682.158745293874,-236.008618962058,1.49011611938477e-08,1.49011611938477e-08,1.9293138306032,0.893282233592352,1.49011611938477e-08,4.34891898516783,15,35
0.165,200,35,644.673275639754,-12328.9821821933,644.673275639754,13630.1956241622,14260.7132370803,13898.2328458057,59.8263182549583,51.3217215887593,42.1911086825535,-571.044416174499,-365.670788786544,1.49011611938477e-08,1.49011611938477e-08,1.951451311901,1.34448272817254,0.166510849475471,6.06359828765869,15,35
0.166,200,35,619.909376734653,-3676.07028532519,619.909376734653,13997.7534317088,14007.3929923576,13754.3733032086,59.950881637353,49.9883103259295,42.4005422208522,-416.410559241356,-406.885719640509,1.49011611938477e-08,1.49011611938477e-08,1.89130708195665,1.70905795947938,0.80636603999638,6.51883214924435,15,35
0.167,200,35,604.983957778558,-511.154398201581,604.983957778558,14018.6796745934,13613.4707448591,14059.3464176863,59.542126465933,46.860299378449,41.5041600623469,-300.311157024562,-292.531237996912,1.49011611938477e-08,1.49011611938477e-08,1.80969438421558,1.88082342899385,1.41910265613748,4.29282660808501,15,35
0.168,200,35,591.395138669722,-313.533565566554,591.395138669722,13684.5212666597,13600.55859945,14460.8495857874,59.0019761791385,42.2984124416642,39.6938391202956,-219.014702778911,-158.62865086375,1.49011611938477e-08,1.49011611938477e-08,1.85069186237609,2.12343461518715,1.84041813231523,2.72489369461625,15,35
0.169,200,35,527.793207798477,63.1381768566407,527.793207798477,13337.9087214723,13977.9109627949,14428.6671647906,58.4699650437211,37.5902706579316,38.3759768189322,-221.438767455091,-58.3188538519425,1.49011611938477e-08,1.49011611938477e-08,1.92592369075786,2.42178661101967,2.23866754573132,2.23408068269184,15,35
0.17,200,35,473.919336317832,101.469556850347,473.919336317832,13446.482247846,14245.5401939105,13996.3406632276,58.8736819268355,35.5679268828775,37.3822949714001,-373.550611432915,-29.2341234293189,1.49011611938477e-08,1.49011611938477e-08,1.95361856686625,2.32346696369929,3.70564648636589,2.22198661329446,15,35
0.171,200,35,456.476008510084,103.473030247073,456.476008510084,13913.0817912691,14056.3073859738,13728.6577690419,59.83575569617,37.5864197453416,36.7833252410684,-585.366700525793,-141.459254349468,1.49011611938477e-08,1.49011611938477e-08,1.91666360861676,1.84820868361598,1.08095891626125,2.73816313210454,15,35
0.172,200,35,407.89957161777,105.035113191526,407.89957161777,14156.1052584963,13621.6428519227,13985.4115327774,60.517423203335,42.068636802719,36.7012917005085,-702.524597751475,-371.860483644489,1.49011611938477e-08,1.49011611938477e-08,1.80176037137281,1.5826457798848,1.49011611938477e-08,2.93740290706258,15,35
0.173,200,35,356.867979041557,105.472118847577,356.867979041557,13894.4481777633,13488.4022871147,14417.0143904337,60.7536635859664,46.7934195207869,36.2612864684409,-674.273465140373,-538.761783556945,1.49011611938477e-08,1.49011611938477e-08,1.81248045589714,1.49575367103971,1.49011611938477e-08,2.28740950521211,15,35
0.174,200,35,351.687927060816,105.507499124459,351.687927060816,13491.6118920676,13825.2137441184,14493.756054781,60.2831167462743,50.3125940934793,35.5532513043591,-586.082180883323,-571.272548997722,1.49011611938477e-08,1.49011611938477e-08,1.9044463896933,1.45327146513915,1.49011611938477e-08,2.18688641118243,15,35
0.175,200,35,321.415146106322,105.694981809742,321.415146106322,13467.8326750841,14193.3790988408,14118.5345775744,59.6541347710531,52.2770903429627,35.6365579538104,-513.651961763696,-505.957393963373,1.49011611938477e-08,1.49011611938477e-08,1.94824210243734,1.31962665654379,1.49011611938477e-08,3.27365520957839,15,35
0.176,200,35,284.964053150324,105.916625889527,284.964053150324,13866.1677437229,14136.1439966703,13749.588713082,59.672208663907,52.9563764209498,37.2553100313307,-470.088734759804,-399.243181004313,1.49011611938477e-08,1.49011611938477e-08,1.92932567940831,1.23959079689488,1.49011611938477e-08,11.0759127196439,15,35
0.177,200,35,300.065358587808,105.825402299158,300.065358587808,14192.7508288299,13723.8428490502,13863.8490193809,59.5662794096679,52.5700964131667,39.7355121381467,-412.075469080861,-305.916899248869,1.49011611938477e-08,1.49011611938477e-08,1.81047912331867,1.44432708155241,0.719426201181342,11.1050509848041,15,35
0.178,200,35,436.294142170136,104.498837274158,436.294142170136,14054.5423627623,13485.8721669365,14308.809974205,57.6855602552014,51.0957913106747,41.6081399667688,-312.382913479396,-268.05163312421,1.49011611938477e-08,1.49011611938477e-08,1.78295997962907,1.96643116768675,1.36370927515851,7.80489327106569,15,35
0.179,200,35,625.168170352074,101.314448633183,625.168170352074,13654.9355481689,13739.1911912502,14533.9236528774,53.2801519162744,48.8405485646061,42.1913019301758,-216.004205064485,-254.156590308294,1.49011611938477e-08,1.49011611938477e-08,1.87778305484543,2.68059671417464,2.10516748750852,8.87246033610682,15,35
0.18,200,35,623.957068528509,104.431586070491,623.957068528509,13527.4029817093,14150.8412091875,14300.7135113238,45.5025305058028,46.7811441658224,40.6051308831801,-202.081407105056,-219.118581446325,1.49011611938477e-08,1.49011611938477e-08,1.94460503353539,3.14249075489047,2.49970118730249,11.0402386872174,15,35
0.181,200,35,567.582427996685,-97.9083421600902,567.582427996685,13832.2194745003,14200.9650052755,13914.0603473092,37.3417116618481,45.9840256285803,37.5913112843995,-330.448821938629,-121.19258734967,1.49011611938477e-08,1.49011611938477e-08,1.95139328379532,1.78728975047017,1.74107399765297,9.28719789341835,15,35
0.182,200,35,410.92128580572,104.99636091167,410.92128580572,14179.7160275247,13821.9525019742,13892.5606805831,36.6810536759781,46.7902417716617,36.3750750301254,-575.907493550974,-18.839873495633,1.49011611938477e-08,1.49011611938477e-08,1.85112007411473,0.535428746354835,0.891498813591635,2.42774032572122,15,35
0.183,200,35,302.935271756293,105.808104602248,302.935271756293,14144.1163843915,13483.0558593708,14297.6806470436,43.3212727034429,48.8401400030977,37.4470803702856,-752.004600853347,-23.377064200144,1.49011611938477e-08,1.49011611938477e-08,1.77957209154936,1.49011611938477e-08,0.283939090017863,1.84711893445284,15,35
0.184,200,35,227.589836024292,106.26026930439,227.589836024292,13698.2792718669,13625.3730103986,14542.5553365347,51.3913628264261,50.9652286033717,39.5428992596421,-781.886229185978,-83.1614602007017,1.49011611938477e-08,1.49011611938477e-08,1.85674472688526,0.392322806573856,1.49011611938477e-08,2.30733433571085,15,35
0.185,200,35,424.087631738076,104.817789879122,424.087631738076,13428.5109589659,14062.9603446565,14318.0818867705,58.5548119764427,52.29193442099,42.7743389766655,-745.581052062768,-179.442063911044,1.49011611938477e-08,1.49011611938477e-08,1.93239038889135,0.802298580680574,1.49011611938477e-08,3.32831338481515,15,35
0.186,200,35,645.047815573497,106.198988312989,645.047815573497,13658.8135146969,14263.4167899744,13898.2683550442,61.7672192125481,52.3186726515654,44.8574422650189,-634.023823540129,-314.53789764111,1.49011611938477e-08,1.49011611938477e-08,1.95152128345462,1.25630324930244,0.246973923129036,5.08421600494348,15,35
0.187,200,35,619.813539880549,103.143015816789,619.813539880549,14021.7994026213,13989.7592510947,13779.641564545,61.4039644815001,50.4937021035528,45.1563962792702,-453.98724943224,-369.744707974442,1.49011611938477e-08,1.49011611938477e-08,1.88612645932407,1.65240865116342,0.872754417786904,5.75171192542175,15,35
0.188,200,35,604.396342704041,16.2820999376374,604.396342704041,14019.7295121162,13602.4594325023,14105.474851668,60.568647424491,46.8804928052137,44.575171601562,-317.443918349214,-266.62933930313,1.49011611938477e-08,1.49011611938477e-08,1.80897167132569,1.88453970484401,1.49108960790164,3.88354081605539,15,35
0.189,200,35,586.27995682323,-253.233216261547,586.27995682323,13655.6066085358,13617.2838402162,14483.0884124431,59.80521554247,41.9653426877108,43.127892441022,-226.781820905514,-138.232929519739,1.49011611938477e-08,1.49011611938477e-08,1.85715103391823,2.1681683029352,1.85991164643535,2.70029520210084,15,35
0.19,200,35,524.022751823622,69.8075496739734,524.022751823622,13318.7986498877,14003.4084121524,14414.9259640743,59.3317095711081,37.089608012364,41.8630793092982,-236.439834055421,-38.5139945026952,1.49011611938477e-08,1.49011611938477e-08,1.9291444798351,2.45198418600051,2.24210254789692,2.26842697785068,15,35
0.191,200,35,480.642905596318,100.137698642595,480.642905596318,13455.6078928795,14251.6137272355,13970.7928018022,59.9297370874466,34.9649125324914,40.6640465810503,-386.973305392334,-14.6016347752705,1.49011611938477e-08,1.49011611938477e-08,1.95428300728461,2.31050118362415,3.75550490612147,2.26467129176602,15,35
0.192,200,35,457.309173838722,103.412638450653,457.309173838722,13928.6752603478,14039.2083701158,13727.3038278346,60.9264465482895,36.8332775043709,39.6208810165852,-603.82774679883,-145.821091737728,1.49011611938477e-08,1.49011611938477e-08,1.91138345826518,1.87671279344119,1.04996625963697,2.78875513956465,15,35
0.193,200,35,428.788870113663,104.677574961173,428.788870113663,14149.4752642689,13607.8468338439,14010.5527675708,61.4296849551705,41.1464517801087,38.8676338572358,-700.399776531891,-389.286813672598,1.49011611938477e-08,1.49011611938477e-08,1.79879550397785,1.67125430597489,1.49011611938477e-08,2.93596008488281,15,35
0.194,200,35,353.670658796827,105.493971923083,353.670658796827,13879.1934306313,13503.1559372603,14448.0889028379,61.0828943913993,45.6440400418577,38.1988691849408,-646.641887887726,-559.683362436953,1.49011611938477e-08,1.49011611938477e-08,1.81733551882575,1.66465649871041,1.49011611938477e-08,2.2410945150777,15,35
0.195,200,35,320.756312404195,105.699271762699,320.756312404195,13488.4161192025,13856.3295994441,14497.4818381476,59.9289138202679,48.9525459275579,37.6296191865455,-547.482691978799,-580.062333299227,1.49011611938477e-08,1.49011611938477e-08,1.9085191432457,1.66689618539859,1.49011611938477e-08,2.19661947100593,15,35
0.196,200,35,281.102376134321,105.936564505819,281.102376134321,13494.2091214179,14207.98714947,14102.535152185,59.0193605281529,50.7379172662521,37.9844487914076,-483.432580664551,-499.839949921502,1.49011611938477e-08,1.49011611938477e-08,1.94913740881887,1.51031126000953,1.49011611938477e-08,3.52861655967919,15,35
0.197,200,35,217.650500433466,106.320118361311,217.650500433466,13907.202261099,14122.7378652681,13751.465482002,59.1582427916083,51.2885859736367,39.8378323113187,-451.160170722768,-370.057591082594,1.49011611938477e-08,1.49011611938477e-08,1.92418522663166,1.37337490819784,1.49011611938477e-08,16.7653849059162,15,35
0.198,200,35,247.157755097228,106.144693137937,247.157755097228,14212.3148987664,13704.4268649206,13893.4789958941,59.3698109608397,50.8204410012704,42.502317732904,-408.259042854838,-268.324060143616,1.49011611938477e-08,1.49011611938477e-08,1.80347512457576,1.53071315897895,0.734505932592899,9.80239967432153,15,35
0.199,200,35,419.021245272032,104.894898207826,419.021245272032,14049.913456812,13489.9284459862,14341.1021594349,57.8753812615173,49.3516907105338,44.6852907242222,-319.547777127877,-230.082125168745,1.49011611938477e-08,1.49011611938477e-08,1.78466501357326,2.03686225723879,1.36957955986805,7.19952725545834,15,35
0.2,200,35,629.213188443959,-798.215492219813,629.213188443959,13655.8499394459,13765.2103505932,14538.91796875,53.6633883109159,47.094458114152,45.5683227389643,-229.647988709037,-220.878837416951,1.49011611938477e-08,1.49011611938477e-08,1.88226080912,2.77594392918551,2.08792753938788,9.04614982316239,15,35
0.201,200,35,627.421884511513,104.840376841967,627.421884511513,13555.2750730514,14167.2700089318,14285.5229791181,45.8573131257699,45.0925277402259,44.1909109831876,-220.402758471879,-193.43039307227,1.49011611938477e-08,1.49011611938477e-08,1.94665148409609,3.15873182173096,2.37175370546981,13.01262905167,15,35
0.202,200,35,577.905621420349,-177.248811715057,577.905621420349,13875.3977666437,14190.1264199482,13907.9908694821,37.7020173070509,44.5025560654827,41.3102303948996,-358.722307326669,-97.9101416831898,1.49011611938477e-08,1.49011611938477e-08,1.94912566748708,1.69528413818578,1.55735212205925,8.37387788194808,15,35
0.203,200,35,423.035070136696,104.792004741688,423.035070136696,14205.6895172883,13798.1456462165,13915.2873026752,37.0159472414154,45.5469422987774,40.0134006172861,-602.255602867127,-4.05536290755007,1.49011611938477e-08,1.49011611938477e-08,1.84389594326601,0.512351214954849,0.750772426021817,2.50794866862517,15,35
0.204,200,35,288.040901513315,105.893576295328,288.040901513315,14141.5039374203,13479.1200313492,14328.014231077,43.6636104825334,47.7496031076003,40.9369498794723,-768.747479174589,-12.2858298030387,1.49011611938477e-08,1.49011611938477e-08,1.78054528192862,0.0991934908587771,1.49011611938477e-08,1.93171542260181,15,35
0.205,200,35,224.994786661987,106.275663711891,224.994786661987,13686.5688470994,13649.3151135064,14548.7367835102,51.7335728568085,49.9362560454358,42.9133660631323,-793.150857317227,-71.1206332891291,1.49011611938477e-08,1.49011611938477e-08,1.86214722906413,0.464562632044846,1.49011611938477e-08,2.3786169113936,15,35
0.206,200,35,412.232585804282,104.998410638208,412.232585804282,13443.6065103246,14088.462568488,14301.7330069642,58.7034489388843,51.2701128144309,45.8300812235577,-755.413811702459,-163.725324134879,1.49011611938477e-08,1.49011611938477e-08,1.93449026912688,0.872717153878027,1.49011611938477e-08,3.42516921769403,15,35
0.207,200,35,644.386344829465,-12157.6052362475,644.386344829465,13697.3904477429,14260.074862647,13883.216901379,61.7944353320223,51.2954622049333,47.7101704320041,-632.975116490983,-306.94223897946,1.49011611938477e-08,1.49011611938477e-08,1.95001920624253,1.34774651527818,1.49011611938477e-08,5.29435067582638,15,35
0.208,200,35,618.792206607656,-3474.00170620799,618.792206607656,14047.8411485037,13964.6285278738,13790.392633662,61.3796790168265,49.5098580502824,47.9665325705155,-451.428042166453,-357.116857020489,1.49011611938477e-08,1.49011611938477e-08,1.87876504082749,1.76320248119481,0.82572917749825,5.9821844962282,15,35
0.209,200,35,604.196607902895,16.4478200742191,604.196607902895,14022.8946481507,13589.9568903332,14134.7599304067,60.5276721707786,45.9688007629008,47.4743671298984,-317.612593083718,-254.063484307161,1.49011611938477e-08,1.49011611938477e-08,1.80697369663978,2.0015472489552,1.4630486446441,4.05941842574732,15,35
0.21,200,35,582.81371622325,-219.829536790481,582.81371622325,13634.5013836123,13633.4785908197,14487.966554659,59.865549006802,41.2446564150457,46.1025076138526,-234.702505736285,-128.352558492741,1.49011611938477e-08,1.49011611938477e-08,1.86202730027442,2.28614859987172,1.87915104015925,2.87809156115481,15,35
0.211,200,35,509.744432133923,86.5215113684261,509.744432133923,13307.4240340133,14028.3890540979,14381.1104497504,59.8320656302674,36.7117456640726,44.4434903455068,-257.177287422858,-35.3577482842014,1.49011611938477e-08,1.49011611938477e-08,1.93146488349832,2.50631091546587,2.39769751346286,2.38057113651451,15,35
0.212,200,35,461.289816195051,103.088662834921,461.289816195051,13472.125775563,14253.7591659512,13931.9673699084,60.8061809449686,35.103786541445,42.7641347975766,-422.663895650859,-23.3629335863323,1.49011611938477e-08,1.49011611938477e-08,1.95432252995279,2.30799021850223,3.32419980608992,2.37574547121134,15,35
0.213,200,35,453.494031986586,103.641277729716,453.494031986586,13942.043102338,14014.8706970482,13716.0947596891,61.9821907170234,37.5616175133816,41.2639998509014,-635.28551524049,-174.967043408682,1.49011611938477e-08,1.49011611938477e-08,1.90567176488506,1.89636448206801,0.894327537497246,2.86154518479846,15,35
0.214,200,35,443.401824857307,104.193549489568,443.401824857307,14133.7491806145,13586.9790542974,14024.0252049928,62.4729399610976,42.2206247547233,40.0404008796995,-717.14597069794,-424.366130054376,1.49011611938477e-08,1.49011611938477e-08,1.79681073237289,1.71166898873963,1.49011611938477e-08,2.78009638366316,15,35
0.215,200,35,408.987078459133,105.026965839098,408.987078459133,13846.0129526803,13510.8750152998,14457.3532193396,61.9322105704245,46.8182370123051,38.8838604523991,-650.434315853148,-589.791036999266,1.49011611938477e-08,1.49011611938477e-08,1.82341667638307,1.72053080534632,1.49011611938477e-08,2.07812063292976,15,35
0.216,200,35,349.314984129622,105.521102068596,349.314984129622,13466.791582799,13879.7788742695,14485.2638620852,60.4647962393492,50.1110735041149,37.8822816150759,-549.851453476069,-605.726436986116,1.49011611938477e-08,1.49011611938477e-08,1.91303648107684,1.72165227852437,1.49011611938477e-08,2.03830889027897,15,35
0.217,200,35,277.292420156837,105.961504746878,277.292420156837,13501.5432351874,14215.0132615493,14079.7565632661,59.3601200525336,51.8439508426305,37.9728113322456,-480.19563445828,-510.448279900787,1.49011611938477e-08,1.49011611938477e-08,1.95052794777716,1.53005901902133,1.49011611938477e-08,3.38388486953102,15,35
0.218,200,35,212.295976012996,106.34946262197,212.295976012996,13922.7414942666,14100.7312601454,13748.6231272823,59.540930538613,52.2896325130554,39.7851768175178,-451.75551744805,-364.600703915621,1.49011611938477e-08,1.49011611938477e-08,1.92047229364999,1.35294018905424,1.49011611938477e-08,20.6063888967375,15,35
0.219,200,35,228.887780652969,106.254161158673,228.887780652969,14208.0549898513,13677.5891099644,13919.9235942429,59.9658829736657,51.6982146105003,42.6093646954935,-414.56434292207,-251.501217293747,1.49011611938477e-08,1.49011611938477e-08,1.79941022375821,1.49001693222999,0.767665612326332,8.04112878872762,15,35
0.22,200,35,401.052119912034,105.135359447894,401.052119912034,14025.662265221,13488.7792736823,14366.6319233679,58.690668641059,50.1172190058905,45.1161968523925,-329.910483992809,-207.617447553736,1.49011611938477e-08,1.49011611938477e-08,1.78941628842093,1.98245281362956,1.41649378123789,6.03652196830604,15,35
0.221,200,35,627.915824429784,-4552.41528838214,627.915824429784,13634.9657100267,13784.5691338086,14539.0301179428,54.6208339420374,47.8703914094789,46.2703622813506,-248.651394497365,-199.507186633868,1.49011611938477e-08,1.49011611938477e-08,1.88793421035669,2.69667789065853,2.13188942261811,7.67437787386742,15,35
0.222,200,35,628.79009693765,-5687.96123110099,628.79009693765,13559.68626645,14177.3294083083,14264.6773090424,47.0832344452236,45.9740189709943,45.1040401436547,-245.80336228175,-173.598134202326,1.49011611938477e-08,1.49011611938477e-08,1.94880854214219,2.98592885186708,2.34841919834757,11.0590178702713,15,35
0.223,200,35,580.072647049678,-196.059538817951,580.072647049678,13893.7179751331,14170.1163753819,13898.6143372964,39.3417231728739,45.4956981918326,42.4311014388399,-395.194383525836,-83.1336906558088,1.49011611938477e-08,1.49011611938477e-08,1.94699232408676,1.59557543303811,1.48315656470631,6.64767158442997,15,35
0.224,200,35,407.513927013172,105.032833085715,407.513927013172,14207.2190678262,13767.2427213485,13933.1534451806,38.7948314675335,46.6108743763593,41.210577825953,-641.198322423377,1.04079434227124,1.49011611938477e-08,1.49011611938477e-08,1.83859886594202,0.49888446410581,0.686457965253586,2.36967200989884,15,35
0.225,200,35,269.20403317169,106.008724619085,269.20403317169,14113.9927383878,13468.2129162141,14352.2454206165,45.4175737282379,48.824824583958,42.1670957443773,-800.891198807969,-13.8904917294955,1.49011611938477e-08,1.49011611938477e-08,1.78394148605021,0.13679306248452,1.49011611938477e-08,1.90480879096642,15,35
0.226,200,35,176.441799896209,106.566614829633,176.441799896209,13651.7810799315,13664.386680626,14545.5311715041,53.3941311323479,50.9313207223567,44.2222648704595,-821.776017638095,-70.2400134133079,1.49011611938477e-08,1.49011611938477e-08,1.86891820524025,0.47602821877133,1.49011611938477e-08,2.35585395647569,15,35
0.227,200,35,407.543324969007,105.067264097511,407.543324969007,13436.2084802431,14102.369431103,14273.8133923573,60.2083815026195,52.1699449903761,47.1896897778886,-780.009229753478,-172.291874649531,1.49011611938477e-08,1.49011611938477e-08,1.93710572596444,0.883524311317893,1.49011611938477e-08,3.41560170631705,15,35
0.228,200,35,643.633329392505,106.029215713427,643.633329392505,13713.2210197809,14250.2615649786,13860.7310845236,63.1382094252789,52.087140684219,49.0961597677972,-650.14401730053,-322.153251593228,1.49011611938477e-08,1.49011611938477e-08,1.94928639978661,1.3630289263731,1.49011611938477e-08,5.22832671730097,15,35
0.229,200,35,618.816108468695,102.547597732886,618.816108468695,14054.4081488709,13937.2121306777,13793.9895954631,62.5997429594669,50.1592836068558,49.3810593198027,-460.354184957394,-372.214920418514,1.49011611938477e-08,1.49011611938477e-08,1.87333758908087,1.78703694488043,0.826811563221717,5.90146869931759,15,35
0.23,200,35,602.144796131867,-31.9256387826978,602.144796131867,14007.9826972323,13574.6834821367,14156.4568661979,61.578118158855,46.4188383902584,48.9252478593112,-318.029701169827,-270.741389922997,1.49011611938477e-08,1.49011611938477e-08,1.80721085802328,2.04933470148815,1.48165222111475,4.25712000500998,15,35
0.231,200,35,573.802228551353,-142.501112425684,573.802228551353,13605.1469984357,13647.0257824145,14490.9983763294,60.7838704995935,41.4944460701621,47.7138395139092,-234.048154717772,-152.211332744888,1.49011611938477e-08,1.49011611938477e-08,1.86753876924745,2.36458372660015,1.92619267626077,3.13049503238826,15,35
0.232,200,35,505.185544423987,89.9883674585222,505.185544423987,13294.4540880945,14048.0933261018,14349.5180093315,60.7651950636266,36.8626793921799,46.1656364847848,-261.335775529517,-54.3649829584611,1.49011611938477e-08,1.49011611938477e-08,1.93375405591672,2.60035941315301,2.53243877399907,2.61638481909834,15,35
0.233,200,35,469.328145528106,102.209339836842,469.328145528106,13489.1977700021,14252.6925199938,13894.2294059646,61.7697296890897,35.094611260555,44.4116778170457,-432.713589641266,-49.1545275549694,1.49011611938477e-08,1.49011611938477e-08,1.95432694733442,2.39042163305297,3.03324040860078,2.59663304084361,15,35
0.234,200,35,456.177204540794,103.502364866858,456.177204540794,13958.535825676,13991.8811107869,13707.3729486213,62.894562472779,37.4292050349351,42.7230891553872,-637.689911761243,-211.618151390279,1.49011611938477e-08,1.49011611938477e-08,1.89907402220748,1.98523374272833,0.789378822429942,3.00340424338345,15,35
0.235,200,35,448.631479975784,103.959909987992,448.631479975784,14122.2671560334,13572.0065028597,14038.1530531261,63.2774654700004,42.0074051935187,41.2984763846487,-703.962804547445,-459.541969080715,1.49011611938477e-08,1.49011611938477e-08,1.79440671112786,1.81806404529425,1.49011611938477e-08,2.6687492778191,15,35
0.236,200,35,424.088090470653,104.780280668653,424.088090470653,13816.2270967989,13524.617635139,14462.737793553,62.5655146964394,46.4316723088516,39.8980640107422,-633.637282365754,-611.355355676351,1.49011611938477e-08,1.49011611938477e-08,1.82884555747125,1.84768505666399,1.49011611938477e-08,1.96268903817187,15,35
0.237,200,35,374.863742893878,105.347733274164,374.863742893878,13450.7065617137,13906.845887192,14465.1834934828,60.9117174527068,49.501776188138,38.5930493735625,-527.610283599181,-623.331854242836,1.49011611938477e-08,1.49011611938477e-08,1.91693706518631,1.85782252603044,1.49011611938477e-08,1.93020801863558,15,35
0.238,200,35,297.5676943838,105.837006284392,297.5676943838,13513.9118040241,14222.6613775883,14049.619387552,59.7525605673452,51.0128827945212,38.4430055642705,-463.531249370091,-518.621517737814,1.49011611938477e-08,1.49011611938477e-08,1.95163858269489,1.64518287631556,1.49011611938477e-08,3.22496321887588,15,35
0.239,200,35,215.211321731607,106.333703592464,215.211321731607,13941.7263047655,14079.9691437167,13740.1086527593,60.0739422070322,51.2343170887058,40.1523551165459,-444.936883075929,-364.332168692602,1.49011611938477e-08,1.49011611938477e-08,1.91579102077538,1.43222740924067,1.49011611938477e-08,19.1790956518026,15,35
0.24,200,35,239.529478373336,106.191617634147,239.529478373336,14202.7510614336,13653.5565013966,13938.7553946408,60.773407438982,50.4332325572095,42.9793530057615,-417.200529308171,-249.23941076871,1.49011611938477e-08,1.49011611938477e-08,1.79511505057289,1.54797646446867,0.759137300613966,8.09297356070556,15,35
0.241,200,35,434.308496686926,104.561621651237,434.308496686926,14001.4472003584,13490.7008295632,14387.3751262915,59.7411586596348,48.7153691221386,45.5042179382533,-341.665478100759,-209.685485621224,1.49011611938477e-08,1.49011611938477e-08,1.79365641141842,2.03647659291196,1.39477413776818,6.16043182410737,15,35
0.242,200,35,640.122009214996,-9799.55425005655,640.122009214996,13618.3806407811,13806.1291837236,14537.9939166327,55.6329489547752,46.3528363222763,46.4649181226155,-256.333053048475,-202.640196231332,1.49011611938477e-08,1.49011611938477e-08,1.89289954917626,2.7520433424681,2.06463337147345,8.06941148735616,15,35
0.243,200,35,627.542884700888,-5350.74061793175,627.542884700888,13569.7934250803,14187.02698323,14246.0904351121,48.0885195666924,44.4104821653953,45.0303762568956,-258.171571070077,-171.951337370012,1.49011611938477e-08,1.49011611938477e-08,1.95044593912842,2.96851520970487,2.20663138285792,11.7907843089855,15,35
0.244,200,35,575.635064584503,-158.34674688119,575.635064584503,13916.4546128236,14151.7765863436,13893.3232128021,40.532602257959,43.9148980241019,42.1662597176789,-413.634181896221,-73.3051406010941,1.49011611938477e-08,1.49011611938477e-08,1.94373603368757,1.54589027039304,1.39783133135725,6.01200730164471,15,35
0.245,200,35,405.535040384295,105.05769904125,405.535040384295,14212.3083912036,13738.658063051,13957.5141326186,40.1055838243795,45.0051329423013,40.9228675265164,-659.487183422268,15.4622699004522,1.49011611938477e-08,1.49011611938477e-08,1.8322569315112,0.48992374170837,0.657110666144698,2.18291798141546,15,35
0.246,200,35,248.17521170156,106.136817664286,248.17521170156,14093.8957892055,13463.0267167006,14381.2496679054,46.577624594248,47.0400176564361,42.0973698926415,-807.652384354887,7.31574176532924,1.49011611938477e-08,1.49011611938477e-08,1.78662717995691,0.171612156619918,1.49011611938477e-08,1.77667672936171,15,35
0.247,200,35,196.557192301517,106.446394311226,196.557192301517,13627.7453488993,13685.4080241895,14549.358933765,54.2859047894535,48.890857317024,44.4979519369452,-830.439365420959,-48.2731591289861,1.49011611938477e-08,1.49011611938477e-08,1.87478928216099,0.491507731156935,1.49011611938477e-08,2.19384384550205,15,35
0.248,200,35,422.589008248875,104.845835334299,422.589008248875,13439.9665436992,14120.477657978,14256.3364183654,60.6969998747821,49.9269237947942,47.6258766134686,-788.69845316599,-155.40345085807,1.49011611938477e-08,1.49011611938477e-08,1.9394601415836,0.893286748730566,1.49011611938477e-08,3.20036970739275,15,35
0.249,200,35,645.407231390811,-12840.715913393,645.407231390811,13735.9003992201,14235.7394541288,13848.6803462615,63.2906353093077,49.7372398470694,49.538716713161,-660.705290051244,-308.759931759308,1.49011611938477e-08,1.49011611938477e-08,1.94806904556463,1.36295129138886,0.212107607096197,4.92925973865222,15,35
0.25,200,35,616.507891517225,-3089.86102105371,616.507891517225,14062.3561074683,13905.2083130461,13809.283787514,62.6293814105629,47.7816504289748,49.8155778656739,-480.074294161126,-357.256037474081,1.49011611938477e-08,1.49011611938477e-08,1.86780043575986,1.76524213389025,0.862633970255587,5.57094299877213,15,35
0.251,200,35,602.903082285461,-1197.68285303208,602.903082285461,13993.1250992962,13559.6336199747,14187.8788327184,61.6180784765273,43.9348833210409,49.3850707155431,-350.63023520956,-265.626576894285,1.49011611938477e-08,1.49011611938477e-08,1.80831251545394,2.01746055457452,1.50155927885614,4.10119400192347,15,35
0.252,200,35,573.566379162714,-140.585953090556,573.566379162714,13577.882495713,13660.3760963747,14501.144118757,60.8222524883358,38.8589987590217,48.2589375474678,-265.381693220701,-146.571493761974,1.49011611938477e-08,1.49011611938477e-08,1.87310913760396,2.32089924959595,2.00179486110802,3.10671978013215,15,35
0.253,200,35,497.495472730471,94.3904379716716,497.495472730471,13287.0957772842,14066.7652151922,14333.5842309635,60.8451017156144,34.1068931360481,46.8045277695873,-298.782853995275,-52.5934933180587,1.49011611938477e-08,1.49011611938477e-08,1.93587989793501,2.51014228689769,2.67796859460543,2.62888835413527,15,35
0.254,200,35,459.005337305889,103.256454397798,459.005337305889,13506.801620191,14246.8224166122,13875.4334260811,61.8971428246291,32.4401756591522,45.0746588627585,-472.134862150444,-53.7899932578335,1.49011611938477e-08,1.49011611938477e-08,1.95432132726649,2.26827056142087,2.44455296226867,2.61628497825678,15,35
0.255,200,35,458.776724003578,103.304237340797,458.776724003578,13974.1436146063,13965.0058400065,13716.1800886848,63.0276655950894,35.1845559689588,43.2964014326077,-666.719149201239,-222.66918876917,1.49011611938477e-08,1.49011611938477e-08,1.89306655960931,1.90010144139844,0.672427558665769,3.03262415130771,15,35
0.256,200,35,463.333751731278,102.871873715847,463.333751731278,14112.9714175957,13554.7047946211,14068.6365207008,63.2585572369925,40.068347678282,41.7104087149988,-714.5529371999,-454.349990716072,1.49011611938477e-08,1.49011611938477e-08,1.79309551876238,1.77333384500356,1.49011611938477e-08,2.74259971523913,15,35
0.257,200,35,444.621726045196,104.147809288101,444.621726045196,13791.0827306847,13537.296721021,14482.123765426,62.2432187775959,44.5856511853055,40.1771326036642,-629.250085154918,-603.726431242517,1.49011611938477e-08,1.49011611938477e-08,1.83493175156426,1.82490677540937,1.49011611938477e-08,2.06666011813985,15,35
0.258,200,35,397.863789043079,105.157026609295,397.863789043079,13437.90579421,13930.7593316439,14454.7138816349,60.3396548707284,47.5850957744018,38.8546365429707,-522.633804086356,-603.530757255077,1.49011611938477e-08,1.49011611938477e-08,1.92082474514798,1.82679326718987,1.49011611938477e-08,2.09697589385302,15,35
0.259,200,35,310.250514993312,105.762496611222,310.250514993312,13528.4501565656,14226.2568029954,14027.9665806381,59.1726749666428,48.9883081554119,38.882021217956,-467.182863856208,-491.052036894365,1.49011611938477e-08,1.49011611938477e-08,1.95255629985306,1.59481620970175,1.49011611938477e-08,3.73349412507969,15,35
0.26,200,35,228.473987501195,106.253174113288,228.473987501195,13960.0565669259,14054.8494588949,13741.4662569033,59.6413955964505,49.1319186795147,40.7081379014307,-461.784205240382,-338.193520005808,1.49011611938477e-08,1.49011611938477e-08,1.91091549128341,1.37679101610513,0.154575848237649,37.1817983316494,15,35
0.261,200,35,259.363895081678,106.072897565618,259.363895081678,14197.6002494608,13627.5598123232,13967.3877553025,60.540233697206,48.3120692279854,43.5110866562662,-445.750120146106,-237.414840890988,1.49011611938477e-08,1.49011611938477e-08,1.79164898623814,1.49006078888149,0.783404584092051,6.96489112449137,15,35
0.262,200,35,458.568800335597,103.414704306795,458.568800335597,13974.0905450351,13490.9288037525,14413.9875541441,59.6371100115682,46.6653025839335,45.8699136878751,-370.288441187561,-204.827597396494,1.49011611938477e-08,1.49011611938477e-08,1.79893945798832,1.95557981844194,1.36635978105473,5.8452273955807,15,35
0.263,200,35,641.835641853563,-10709.7915101062,641.835641853563,13598.5310544897,13825.7415720283,14540.061199476,55.5419494683821,44.5036845672677,46.4919169700318,-287.136680584059,-203.305290582514,1.49011611938477e-08,1.49011611938477e-08,1.89819700696063,2.60725532839423,1.9389283732427,7.91180550083685,15,35
0.264,200,35,626.060793599042,-4975.51601543796,626.060793599042,13576.1414656828,14193.2188039097,14230.3299107899,48.183889559904,42.8414870449699,44.6655315443437,-293.158393249544,-169.387126935155,1.49011611938477e-08,1.49011611938477e-08,1.95223284306155,2.68988459547536,1.9831796713504,11.2960795211177,15,35
0.265,200,35,569.346296518266,-110.29954271526,569.346296518266,13933.9608374796,14128.6041312265,13890.969253766,41.0992383303579,42.5277517634656,41.5754269328837,-451.022224686045,-64.420288744839,1.49011611938477e-08,1.49011611938477e-08,1.94051016748714,1.3804173528103,1.28339238657868,5.07760320470898,15,35
0.266,200,35,385.263565160649,105.265548173569,385.263565160649,14212.5065249072,13707.7254022722,13982.2778013434,41.2098056952561,43.6916473180663,40.3979449929279,-678.008484859219,23.0720606666566,1.49011611938477e-08,1.49011611938477e-08,1.8266193640627,0.427766347721301,0.631390983765401,1.96266023170361,15,35
0.267,200,35,230.605865433457,106.238083550118,230.605865433457,14069.8921035773,13455.5575292216,14409.266880129,47.6926848130927,45.6575129838904,41.7801873785604,-822.472615603329,18.2431690082079,1.49011611938477e-08,1.49011611938477e-08,1.79001675497411,0.162946077151042,1.49011611938477e-08,1.65034932047484,15,35
0.268,200,35,178.790183218119,106.556841972024,178.790183218119,13601.9816884686,13701.980228035,14549.2022984038,55.1596731150217,47.3174440774347,44.4750351699851,-838.813873466923,-33.7370507637418,1.49011611938477e-08,1.49011611938477e-08,1.88058723362917,0.4992834258523,1.49011611938477e-08,2.05529033992739,15,35
0.269,200,35,448.280790394448,104.067876469604,448.280790394448,13442.9260748204,14133.0117083296,14235.2782001352,61.3488236808671,48.237324066853,47.7849872774904,-795.810355428898,-145.191636169849,1.49011611938477e-08,1.49011611938477e-08,1.94164103083711,0.902645064831634,1.49011611938477e-08,3.03309075674697,15,35
0.27,200,35,643.642695391473,106.048732000367,643.642695391473,13756.8533540084,14222.83346973,13837.3396084919,63.6891707090951,47.9912681385637,49.7128590363738,-669.515982590464,-301.938582759308,1.49011611938477e-08,1.49011611938477e-08,1.94679979843758,1.36375870469487,0.308866568917001,4.68464843299475,15,35
0.271,200,35,614.656155797971,97.6962583117211,614.656155797971,14069.3937903168,13877.0350286503,13823.7415895285,62.9190399298816,45.9941255182832,50.0018399889676,-502.294369993781,-352.132109874987,1.49011611938477e-08,1.49011611938477e-08,1.86255037239972,1.7530390296494,0.88922405106641,5.32014801271053,15,35
0.272,200,35,603.067619434436,-5.33403901554971,603.067619434436,13977.0831690501,13546.4927884006,14215.6298264778,61.8791367548497,42.104568682238,49.6278337522264,-367.768802858237,-263.883266798636,1.49011611938477e-08,1.49011611938477e-08,1.80956574893497,2.00474136122713,1.51154988004922,4.05840758132523,15,35
0.273,200,35,571.240907466567,-122.772876090793,571.240907466567,13550.769546405,13675.2898382578,14507.3958995164,61.0642998807901,36.9512683878758,48.6164548008325,-286.606328418238,-149.346617189325,1.49011611938477e-08,1.49011611938477e-08,1.87838715005666,2.30345289553845,2.04799818608931,3.15933941110729,15,35
0.274,200,35,504.459151181522,90.3985060377023,504.459151181522,13282.3487255084,14085.3864976544,14309.8984267076,61.0928022103899,32.1231048119498,47.2678731453764,-325.875488076319,-59.4733183127374,1.49011611938477e-08,1.49011611938477e-08,1.93772930864593,2.46341376414919,2.72797250605831,2.70081375825642,15,35
0.275,200,35,477.559551149827,100.835503415879,477.559551149827,13531.7880708274,14243.0569392508,13852.3292859322,62.0689875162382,30.3999087693247,45.5897012697176,-497.00123966329,-68.8415816273357,1.49011611938477e-08,1.49011611938477e-08,1.95404771270353,2.21516433586988,2.07433062781824,2.69460563189198,15,35
0.276,200,35,475.541808258875,101.257328181674,475.541808258875,13994.3886611325,13940.3762709758,13723.990717284,63.0157145666387,33.2782376072745,43.8267340841628,-668.013142742314,-234.488630761105,1.49011611938477e-08,1.49011611938477e-08,1.88608855864051,1.89499411797644,0.587914813543138,3.1025013950284,15,35
0.277,200,35,467.513234370432,102.404214477905,467.513234370432,14105.7734649655,13541.9900766179,14096.1590601904,62.9741221123556,38.283676316974,42.3012139787349,-699.376098055487,-472.667807140856,1.49011611938477e-08,1.49011611938477e-08,1.7914927309229,1.81510278170153,1.49011611938477e-08,2.74541052295283,15,35
0.278,200,35,438.807883923998,104.379370412588,438.807883923998,13767.2533055711,13553.9674805386,14495.3517095204,61.621854347854,42.7410628392206,40.8132453991493,-601.496992592968,-608.185258262772,1.49011611938477e-08,1.49011611938477e-08,1.84035588329581,1.8996101927619,1.49011611938477e-08,2.08919159699129,15,35
0.279,200,35,381.0764350217,105.300184609662,381.0764350217,13428.2641406912,13957.7987567999,14437.3793128292,59.5071174662059,45.5960858820698,39.5854017517489,-496.66652136075,-596.082694211594,1.49011611938477e-08,1.49011611938477e-08,1.92405497672532,1.90855560557168,1.49011611938477e-08,2.17919239098687,15,35
0.28,200,35,289.16595104207,105.887207752778,289.16595104207,13547.6123348929,14231.3599677086,14000.1899207148,58.3646689013324,46.868740635925,39.7319418254786,-449.917516540491,-478.008925217945,1.49011611938477e-08,1.49011611938477e-08,1.95301880219429,1.66345189182545,1.49011611938477e-08,3.9978864983409,15,35
0.281,200,35,210.35492678321,106.36240796228,210.35492678321,13983.793456207,14034.0436381907,13737.8269266165,58.9497300131313,46.9216917521331,41.5136744754392,-453.021086409127,-336.323602132514,1.49011611938477e-08,1.49011611938477e-08,1.90460083563771,1.43335314356652,0.274434349675307,39.6633660273021,15,35
0.282,200,35,254.07954019499,106.104558833205,254.07954019499,14196.2210885278,13607.6946120897,13989.1558638712,59.9187034822246,46.0785132499555,44.1510799629131,-440.409075467284,-239.55611924468,1.49011611938477e-08,1.49011611938477e-08,1.78699094119913,1.54658306775059,0.811437697371949,7.41879678732805,15,35
0.283,200,35,459.953037749115,103.273498035067,459.953037749115,13953.2634140219,13499.0743878281,14430.6130760982,58.9452499504117,44.4396416470932,46.2775258620196,-364.39579249046,-215.580804028218,1.49011611938477e-08,1.49011611938477e-08,1.80333267629458,2.02136246524175,1.36110331493727,6.5376049353977,15,35
0.284,200,35,639.062603884224,-9403.99069757136,639.062603884224,13585.6729078551,13850.2654975073,14530.936860487,54.6982190277852,42.3984407686519,46.5722196331397,-283.96478030928,-217.502657964944,1.49011611938477e-08,1.49011611938477e-08,1.9025332003217,2.66916722317127,1.86951746890099,9.26663238507506,15,35
0.285,200,35,624.362674062397,-4576.50907565265,624.362674062397,13589.7619380922,14201.6712940227,14205.0136627169,47.2754438223528,40.9264747736021,44.4089530217234,-296.149532665523,-179.79194171875,1.49011611938477e-08,1.49011611938477e-08,1.95351126980155,2.67343835331329,1.84913991861036,14.0219908719305,15,35
0.286,200,35,562.137385152142,-64.0106133786818,562.137385152142,13957.2729786743,14109.4450063492,13880.7749760804,40.4016693938223,40.8024152626953,41.1122825095728,-447.881172197432,-75.2088699762706,1.49011611938477e-08,1.49011611938477e-08,1.93594490986147,1.31492634003877,1.19182608231752,5.27589277504575,15,35
0.287,200,35,370.000263598135,105.381515717125,370.000263598135,14216.460583174,13682.6749829667,13999.3060029374,41.0257752702107,42.0982700003243,39.9800737729755,-681.777960493853,19.5421043597453,1.49011611938477e-08,1.49011611938477e-08,1.81992454421227,0.394651720044993,0.588083245848519,1.96924919954367,15,35
0.288,200,35,210.177514231374,106.360340927165,210.177514231374,14050.3156632212,13455.6394746254,14428.7631156592,47.7704838741408,44.0211674251293,41.5984825464174,-814.540977738248,17.0867910689458,1.49011611938477e-08,1.49011611938477e-08,1.79254462728678,0.207397718367832,1.49011611938477e-08,1.67271297941354,15,35
0.289,200,35,191.681733512068,106.477798623663,191.681733512068,13582.3720312413,13726.2318041615,14542.0225890817,55.2528872058622,45.541920389216,44.6029128509518,-827.132825216233,-33.2046029967199,1.49011611938477e-08,1.49011611938477e-08,1.88553164818814,0.541435774961197,1.49011611938477e-08,2.09012879875921,15,35
0.29,200,35,456.733987767989,103.577633370445,456.733987767989,13452.1545617892,14149.6202756603,14207.3105885375,61.315737436327,46.3675401603555,48.0525863280911,-782.391807746245,-150.591602284887,1.49011611938477e-08,1.49011611938477e-08,1.94340285432455,0.950925767233128,1.49011611938477e-08,3.12636150655605,15,35
0.291,200,35,643.488497203734,106.035825014056,643.488497203734,13782.1532876645,14206.6089153607,13817.9648077529,63.5503585719434,46.1483997454086,49.9815525380616,-665.422225536937,-303.430278401557,1.49011611938477e-08,1.49011611938477e-08,1.94424211366985,1.41743555913146,0.332700677084822,4.83853303410987,15,35
0.292,200,35,612.999831069577,-2563.3589598104,612.999831069577,14076.8416953077,13847.4656875059,13832.6162606499,62.8364378336477,44.2782746994478,50.2581749872525,-499.251892219695,-356.03507717812,1.49011611938477e-08,1.49011611938477e-08,1.85618335103951,1.79458852734939,0.885876811957554,5.44224148195316,15,35
0.293,200,35,602.322347014231,-1132.88228441577,602.322347014231,13960.7317109061,13537.3479656351,14237.305617414,61.9135884059878,40.4301951264755,49.8484744216146,-373.205995714637,-267.465242208474,1.49011611938477e-08,1.49011611938477e-08,1.81080293160509,2.03524573735192,1.49909852645779,4.20770484359159,15,35
0.294,200,35,566.957171294675,-92.4489108724766,566.957171294675,13525.9240206987,13693.5408632178,14505.4715519658,61.2085266154869,35.3218329703746,48.8249742307844,-300.960084898278,-155.276965991593,1.49011611938477e-08,1.49011611938477e-08,1.88327371433382,2.31890271187979,2.06737579688675,3.2910155109415,15,35
0.295,200,35,492.481532113971,96.7339086516223,492.481532113971,13281.0581027115,14103.8087661653,14284.0887225942,61.3672762241899,30.6041750557438,47.490779852813,-348.723239762702,-68.7048209250641,1.49011611938477e-08,1.49011611938477e-08,1.93931773195326,2.44454083165433,2.70457311237763,2.8093651425092,15,35
0.296,200,35,463.465297562227,102.84670582487,463.465297562227,13553.1055545448,14234.0402758006,13829.0497265036,62.4384223205995,29.1745937967373,45.8128280470378,-512.546887170948,-79.8337004740361,1.49011611938477e-08,1.49011611938477e-08,1.95337730664541,2.17112983947046,1.75081654517246,2.78778838914636,15,35
0.297,200,35,476.133150218395,101.162851173072,476.133150218395,14009.0425539187,13913.99955925,13731.2419004951,63.4372138426028,32.4069577317327,44.0355617046725,-686.451955264571,-251.454457574371,1.49011611938477e-08,1.49011611938477e-08,1.87969989439125,1.85499253308931,0.479822284869353,3.14473160209366,15,35
0.298,200,35,482.579540803705,99.7704487322661,482.579540803705,14092.5626927315,13528.0726893475,14121.6363808182,63.3694445839107,37.5290232535055,42.4891385322515,-705.430148406326,-478.68160752304,1.49011611938477e-08,1.49011611938477e-08,1.79140182080236,1.7810958224406,1.49011611938477e-08,2.77453320794061,15,35
0.299,200,35,462.664907333388,102.917838826765,462.664907333388,13739.5173161961,13569.2993395067,14506.6611694086,61.9369340381466,41.9398354890303,40.9981205067741,-602.686837553639,-599.730711725604,1.49011611938477e-08,1.49011611938477e-08,1.84665219980915,1.86053986446399,1.49011611938477e-08,2.16920833504545,15,35
0.3,200,35,408.905130454677,105.02456794415,408.905130454677,13417.5678018411,13981.106415061,14421.7722841007,59.8140568528755,44.6779802307995,39.8344840021301,-501.468579563483,-577.827623505871,1.49011611938477e-08,1.49011611938477e-08,1.92746337124611,1.84911909664652,1.49011611938477e-08,2.3422608802679,15,35
0.301,200,35,314.765914186338,105.73466770793,314.765914186338,13563.4942803702,14232.0999587879,13979.5663587761,58.7832411782232,45.8273438412213,40.1060916920795,-462.854028892386,-461.718208669015,1.49011611938477e-08,1.49011611938477e-08,1.95369891411217,1.59033841197028,1.49011611938477e-08,4.62709200925805,15,35
0.302,200,35,233.108699844428,106.227067940038,233.108699844428,13999.8138592315,14008.3159758702,13742.921573128,59.5318050482182,45.788100545725,41.980341935312,-473.600666142146,-314.199274789771,1.49011611938477e-08,1.49011611938477e-08,1.8993476627557,1.37507105819936,0.321788171403533,30.5469153932547,15,35
0.303,200,35,280.190202843665,105.94632157221,280.190202843665,14188.0567564202,13585.7426850582,14019.2974136099,60.6278637833348,44.894362117916,44.623764660643,-464.245373601561,-225.804474772512,1.49011611938477e-08,1.49011611938477e-08,1.78495035533844,1.50158364989695,0.824368621127775,6.41770651799556,15,35
0.304,200,35,501.213150768913,93.3632885851726,501.213150768913,13926.7822523763,13504.8255945273,14457.8083887054,59.6171726764511,43.2855824308672,46.5371827180057,-386.154354450382,-210.499963172928,1.49011611938477e-08,1.49011611938477e-08,1.80919873795201,1.97001763411857,1.34361753475552,6.12007130773126,15,35
0.305,200,35,641.360426003163,-10499.9513866296,641.360426003163,13569.278428051,13872.5377456164,14533.1477838138,55.2384635249306,41.3483275568509,46.4415816656285,-306.343301719582,-213.555008230103,1.49011611938477e-08,1.49011611938477e-08,1.90747236173964,2.57114732708421,1.79537757886638,8.85472514358154,15,35
0.306,200,35,621.852450530574,-4041.34839852166,621.852450530574,13599.7605766816,14207.239091191,14192.3597065803,47.8827997359234,40.0351843894624,43.8583902431931,-319.079258095287,-172.536986794544,1.49011611938477e-08,1.49011611938477e-08,1.95500748476219,2.47152276098391,1.73823052137302,12.3146924057603,15,35
0.307,200,35,553.336267026506,-16.7403891667661,553.336267026506,13974.9861136244,14086.2995267763,13884.8432152071,41.3924424496342,39.9911515852773,40.3483045850034,-480.445986480969,-54.6234501820906,1.49011611938477e-08,1.49011611938477e-08,1.93202572181987,1.1921606721006,1.13700480470905,4.21614354480821,15,35
0.308,200,35,360.832670109496,105.444516924669,360.832670109496,14214.734958864,13655.125387503,14030.7865183262,42.4329331901332,41.2856791279777,39.327843295046,-710.766761334457,42.4133179377872,1.49011611938477e-08,1.49011611938477e-08,1.81523408187669,0.329727235921519,0.586115239483747,1.70860509705895,15,35
0.309,200,35,191.996855753564,106.469402134728,191.996855753564,14026.3441295478,13453.9903634146,14459.5696767787,49.0552862921836,43.0967026160182,41.1643017065538,-831.540936892125,39.5880759728491,1.49011611938477e-08,1.49011611938477e-08,1.7968576200995,0.164678123188764,0.0558417722366464,1.5051205773006,15,35
0.31,200,35,212.160406351522,106.357095196161,212.160406351522,13560.8878242223,13747.3922205681,14544.7364032047,56.2854635022852,44.4609473850301,44.4062841752503,-840.100925469715,-9.67563849814993,1.49011611938477e-08,1.49011611938477e-08,1.89095765195901,0.524425203380106,1.49011611938477e-08,1.90279057737605,15,35
0.311,200,35,493.663398594627,96.6971022824523,493.663398594627,13459.9933554918,14162.9003238076,14193.2688850249,62.0613801290887,45.2051497067724,47.9094119710588,-797.770550010208,-123.368373361281,1.49011611938477e-08,1.49011611938477e-08,1.94533834078232,0.933433894378767,1.49011611938477e-08,2.86091505479284,15,35
0.312,200,35,642.13421646354,105.902201530608,642.13421646354,13803.0803827377,14193.3844943986,13817.4842526264,63.9183777104906,44.9173319772111,49.7060835801229,-677.793743265371,-283.692329316407,1.49011611938477e-08,1.49011611938477e-08,1.94254435815129,1.3799914583212,0.418272116706487,4.40445889827093,15,35
0.313,200,35,608.909067374254,78.5834980170807,608.909067374254,14080.4465889465,13821.25185415,13856.9942639079,63.0214592218554,42.9574179584749,49.9423435791537,-515.798609252942,-332.503039883307,1.49011611938477e-08,1.49011611938477e-08,1.85155515675454,1.7364857556221,0.928556435760671,4.93940030389955,15,35
0.314,200,35,604.634887509283,27.6514695243094,604.634887509283,13941.4357459386,13529.2472218172,14270.2858035973,62.0336448088883,39.0651659602863,49.6231612330871,-392.193543169999,-248.668392718238,1.49011611938477e-08,1.49011611938477e-08,1.81323595520159,1.97642276539602,1.52114857942338,3.88097848639883,15,35
0.315,200,35,570.437810531229,-116.966118108871,570.437810531229,13500.4306117418,13711.7637352775,14514.6560740839,61.2656185141877,33.8963686556322,48.7226129642433,-323.540161264781,-141.087855527576,1.49011611938477e-08,1.49011611938477e-08,1.88839094317832,2.25040367194262,2.07936686158747,3.11655925042475,15,35
0.316,200,35,505.238204365736,89.8697513379383,505.238204365736,13280.9691256936,14122.1846797726,14264.979457431,61.368614679684,29.1476293438186,47.4778466845582,-370.559808448877,-62.450584289798,1.49011611938477e-08,1.49011611938477e-08,1.94101085778064,2.34530533436239,2.62875381983476,2.70662174751951,15,35
0.317,200,35,485.61371793822,98.9408202653813,485.61371793822,13580.5614521879,14228.0426358346,13814.5101624617,62.3241110182151,27.7768708769118,45.841893881136,-538.776379089209,-81.4966713594526,1.49011611938477e-08,1.49011611938477e-08,1.95280065232216,2.08134089050511,1.58187650343628,2.72995182891264,15,35
0.318,200,35,490.5093815702,97.4943538661429,490.5093815702,14028.4938109753,13889.1210469472,13748.3064884823,63.09234546245,31.2415386543363,44.1190708603175,-695.364650479518,-265.620284990385,1.49011611938477e-08,1.49011611938477e-08,1.87276217390619,1.82162862287801,0.438343236998724,3.14063196058441,15,35
0.319,200,35,479.219017366452,100.511950985674,479.219017366452,14084.2188801074,13517.7061850413,14154.8689468286,62.7024064312264,36.4658621033641,42.6864777166604,-691.907656855637,-490.39182051274,1.49011611938477e-08,1.49011611938477e-08,1.79085164288132,1.79722258011922,1.49011611938477e-08,2.77754113286236,15,35
0.32,200,35,443.295996626101,104.202716768109,443.295996626101,13716.8633342148,13588.1858203368,14521.0698581355,60.9273741522186,40.8072014034199,41.302501817467,-578.956039152806,-599.706658288255,1.49011611938477e-08,1.49011611938477e-08,1.85211298955002,1.90622607952286,1.49011611938477e-08,2.2035448373306,15,35
0.321,200,35,376.085768460081,105.337982082116,376.085768460081,13411.5991126749,14006.5986956278,14403.3649164146,58.6621998525907,43.4254146859416,40.3516863279428,-484.266935490956,-570.999058633566,1.49011611938477e-08,1.49011611938477e-08,1.93013314930846,1.89806683771503,1.49011611938477e-08,2.46820776868208,15,35
0.322,200,35,277.095356937185,105.961434911907,277.095356937185,13585.8280152706,14233.7443679491,13953.8043939434,57.7191620136664,44.4927955720582,40.8378413848484,-449.306429629964,-447.046318865245,1.49011611938477e-08,1.49011611938477e-08,1.95351093524746,1.63362917687876,1.49011611938477e-08,5.09965139612926,15,35
0.323,200,35,203.349211329443,106.405290346008,203.349211329443,14023.8200077053,13986.9644340177,13743.7073389864,58.5442479861629,44.4234216748623,42.7228273112616,-464.443566551201,-306.382879770011,1.49011611938477e-08,1.49011611938477e-08,1.89196247815417,1.42081723861527,0.408742964169391,27.030579447624,15,35
0.324,200,35,273.898545405175,105.987149333456,273.898545405175,14185.5195277162,13569.2983003167,14042.8544384303,59.5725643786811,43.5520298498163,45.2254041112623,-452.349528508127,-229.33996708802,1.49011611938477e-08,1.49011611938477e-08,1.78092329352994,1.55790142471786,0.865979832047174,6.80389855824113,15,35
0.325,200,35,486.61976420243,99.0798847910677,486.61976420243,13903.4041311585,13517.3574004397,14469.3562105695,58.3896730070121,41.9723976874878,46.9728210487772,-372.449010407466,-219.907453858929,1.49011611938477e-08,1.49011611938477e-08,1.81422532016293,2.03817616464435,1.36556187757115,6.76300048349909,15,35
0.326,200,35,639.72810449826,-9661.62143296477,639.72810449826,13557.6763101795,13898.6726416081,14516.9884588624,53.8155541110126,40.177522721479,46.6676667722235,-299.169306473655,-225.632581866385,1.49011611938477e-08,1.49011611938477e-08,1.91150531291918,2.63238955085168,1.77602077411352,10.0779544934855,15,35
0.327,200,35,620.780189249345,-3831.08028472005,620.780189249345,13615.1399740074,14213.6761537805,14162.7058770668,46.3122877081479,39.0327428573146,43.919766370442,-317.848598928829,-181.638388599492,1.49011611938477e-08,1.49011611938477e-08,1.95607307355357,2.45022051263978,1.66829983992996,15.0017398500031,15,35
0.328,200,35,547.360677084944,8.55423844463185,547.360677084944,13997.3281358941,14066.1346552377,13872.3308580643,40.0635800599996,39.1869489019691,40.4278592822508,-485.406443806306,-63.6809019541649,1.49011611938477e-08,1.49011611938477e-08,1.92649786697534,1.1310615288074,1.07153369426353,4.46365183809261,15,35
0.329,200,35,338.085468438938,105.586690250482,338.085468438938,14215.8371937902,13632.6454553068,14044.003261186,41.7244175604686,40.6361428749239,39.5833716693046,-709.639383620283,26.3068985976681,1.49011611938477e-08,1.49011611938477e-08,1.80896341559379,0.305883128383501,0.538879841511968,1.80106136414579,15,35
0.33,200,35,171.473842092559,106.596894543092,171.473842092559,14004.3176534173,13458.3250378117,14471.1194979083,48.7156177347382,42.4941755861376,41.5479501524734,-817.731791070129,19.7054670980738,1.49011611938477e-08,1.49011611938477e-08,1.79994186449029,0.245522596217058,1.49011611938477e-08,1.63224059088808,15,35
0.331,200,35,236.037546421464,106.212243474085,236.037546421464,13542.6888124989,13773.061108691,14528.3703667086,56.0825267996231,43.8335556887161,44.8957252685903,-822.173922187526,-27.7627457689866,1.49011611938477e-08,1.49011611938477e-08,1.89533275779651,0.591782226620255,1.49011611938477e-08,2.08064722763773,15,35
0.332,200,35,525.080423704611,70.957616372394,525.080423704611,13471.0970172412,14177.4033392802,14159.9234163294,61.7721419953993,44.5515217891909,48.3400590753062,-774.783623391671,-149.896665176927,1.49011611938477e-08,1.49011611938477e-08,1.94663229346709,1.00715858507323,1.49011611938477e-08,3.16265014699543,15,35
0.333,200,35,640.939704401539,105.790818051785,640.939704401539,13826.778040379,14176.3243691137,13797.2430094158,63.5143669019208,44.3002519799316,49.9898214705727,-653.670024483332,-305.81541875646,1.49011611938477e-08,1.49011611938477e-08,1.93885627772796,1.45662952088948,0.406794596408975,4.79361615763948,15,35
0.334,200,35,605.282607354143,51.2981721927205,605.282607354143,14083.3355174376,13795.4650383094,13864.8349123136,62.7081974570049,42.4147173363879,50.1631086984177,-499.604721188203,-340.706587030542,1.49011611938477e-08,1.49011611938477e-08,1.84548932289786,1.79605885181501,0.923640064559037,5.18763689945577,15,35
0.335,200,35,606.303685982763,49.9003441159694,606.303685982763,13919.4151850781,13525.8540017712,14286.1175034331,61.8916661901781,38.5278297948383,49.7651096161868,-385.634940485564,-248.068801410454,1.49011611938477e-08,1.49011611938477e-08,1.81546167871264,2.01738852679061,1.52223562673115,3.96384774271752,15,35
0.336,200,35,571.409053333199,-124.089269568665,571.409053333199,13474.1401378084,13734.0043064884,14505.515899074,61.2668921028068,33.4386806579368,48.7336751213534,-329.305355740456,-144.693115168089,1.49011611938477e-08,1.49011611938477e-08,1.89310920815204,2.26860000307045,2.09393833436937,3.13133730322054,15,35
0.337,200,35,502.191504872509,91.8351318973274,502.191504872509,13281.0738505,14138.0483462509,14233.1191144972,61.5070428948612,28.9610768515361,47.3684481242167,-387.266676456691,-65.78419250503,1.49011611938477e-08,1.49011611938477e-08,1.94248675506735,2.33261157621456,2.60236239164762,2.71744985654567,15,35
0.338,200,35,477.828504607571,100.848084668453,477.828504607571,13600.5724540073,14214.5890133428,13790.3903091979,62.5622087381644,28.1510196902772,45.6601892944815,-563.280216128834,-96.5318254622765,1.49011611938477e-08,1.49011611938477e-08,1.95186783211125,2.05029903454111,1.41116763794205,2.75298617375065,15,35
0.339,200,35,486.075112921438,98.8975707866483,486.075112921438,14038.5430856879,13861.5511609811,13755.8049889248,63.3773649293216,31.993547605162,43.9528268499904,-715.56950173392,-287.006310630088,1.49011611938477e-08,1.49011611938477e-08,1.86679356370208,1.79100705671446,0.33371634876812,3.09353470622055,15,35
0.34,200,35,483.546765617889,99.5188978169291,483.546765617889,14064.772119853,13505.5271628596,14176.6118817118,63.0094154059694,37.2974135082745,42.5787195908683,-704.216016771216,-504.818108443022,1.49011611938477e-08,1.49011611938477e-08,1.7922989380482,1.76443526334393,1.49011611938477e-08,2.68766677210513,15,35
0.341,200,35,454.321130321882,103.602808334556,454.321130321882,13685.2167847922,13604.5366154185,14524.9045760452,61.2647624426759,41.6023043346095,41.2464030978025,-596.359950475612,-601.873939011104,1.49011611938477e-08,1.49011611938477e-08,1.8586405370323,1.86041946564599,1.49011611938477e-08,2.18223135097437,15,35
0.342,200,35,390.826713517045,105.218188356697,390.826713517045,13401.0235367976,14027.6770824652,14381.9288596258,59.0674311073522,44.1695924577344,40.3278886540726,-498.611228019744,-567.198244991162,1.49011611938477e-08,1.49011611938477e-08,1.93307809959782,1.83072110647202,1.49011611938477e-08,2.5235304962292,15,35
0.343,200,35,291.732412975429,105.871436469766,291.732412975429,13601.3296266251,14230.809844297,13931.6159598129,58.2194585743181,45.1835990907901,40.8748206814497,-466.82275332265,-437.446245397885,1.49011611938477e-08,1.49011611938477e-08,1.95371459826208,1.55899937403311,1.49011611938477e-08,5.57144526443823,15,35
0.344,200,35,225.080737582016,106.273968300613,225.080737582016,14036.4850339726,13960.4832402227,13749.3029226945,59.1192210161793,45.0609599837425,42.8550871395707,-482.340433104292,-295.524668048159,1.49011611938477e-08,1.49011611938477e-08,1.88630956540089,1.36761529427026,0.419445429449765,18.2188733157492,15,35
0.345,200,35,296.139887577899,105.853719174382,296.139887577899,14173.8122338851,13551.2367865604,14071.2044024766,60.1266078840894,44.1198005510419,45.4389922053888,-466.163407613317,-220.1291116886,1.49011611938477e-08,1.49011611938477e-08,1.78019283839941,1.52244940197914,0.889181323323167,6.04849027798644,15,35
0.346,200,35,531.756568655293,58.447194981739,531.756568655293,13877.3553214706,13528.5844850606,14492.1898831292,58.7126898921513,42.5089450889025,47.0389124024449,-386.695675095834,-212.900581133196,1.49011611938477e-08,1.49011611938477e-08,1.8207601267662,2.00336926890017,1.39400175748059,6.24056375874762,15,35
0.347,200,35,639.373249976187,105.648867151302,639.373249976187,13544.8196684417,13922.5951608236,14513.9367309732,53.8009789743062,40.7331700109904,46.4436654901717,-310.593846490606,-215.578453906568,1.49011611938477e-08,1.49011611938477e-08,1.91611485615774,2.55484825313263,1.79114466743446,9.23626805267449,15,35
0.348,200,35,617.002659808738,100.85779405397,617.002659808738,13628.3887272848,14218.0574108441,14147.9517128809,46.1696187817875,39.6725420380915,43.4352058538088,-338.908442719327,-161.868700163269,1.49011611938477e-08,1.49011611938477e-08,1.95731998447507,2.26513186847048,1.64858466301384,11.5953731934246,15,35
0.349,200,35,534.410496374154,48.4020880176791,534.410496374154,14015.6195987938,14043.0466404916,13876.3778688239,40.3322626328103,39.886127065573,39.9981040024752,-517.73315048474,-38.0555025674687,1.49011611938477e-08,1.49011611938477e-08,1.92180392759205,1.0020361170015,1.04698902840723,3.56220869610672,15,35
0.35,200,35,327.72617467806,105.650678195009,327.72617467806,14213.0966589417,13608.9243453694,14074.619683769,42.6043478485562,41.3533584665272,39.4413552458904,-741.213272787313,46.7925716448397,1.49011611938477e-08,1.49011611938477e-08,1.80506286165038,0.186693449910953,0.524427577513331,1.58194256903893,15,35
0.351,200,35,158.13204304575,106.676831110815,158.13204304575,13980.1826132324,13461.965458645,14497.6313975988,49.6838987177064,43.152700053305,41.5870758771302,-837.744125597281,35.776407380953,1.49011611938477e-08,1.49011611938477e-08,1.80479499593071,0.176746803598196,1.49011611938477e-08,1.52463463275691,15,35
0.352,200,35,230.633926637717,106.247430071453,230.633926637717,13525.3772657482,13797.3976379985,14527.2410147956,57.0141312010356,44.4320567756771,45.0687846348371,-838.75981356044,-17.618513863908,1.49011611938477e-08,1.49011611938477e-08,1.9002350296809,0.566427063392428,1.49011611938477e-08,1.99187620905317,15,35
0.353,200,35,528.449923419824,65.4452988114563,528.449923419824,13483.6177553595,14189.2861885762,14143.2792395998,62.605738375329,45.0914514150954,48.5912195698302,-786.052437547045,-146.096420273365,1.49011611938477e-08,1.49011611938477e-08,1.94830835502826,0.989348574293987,1.49011611938477e-08,3.06963664660417,15,35
0.354,200,35,640.586866175658,-10128.6105861571,640.586866175658,13849.653148464,14162.7554105867,13796.9058738472,64.1627644037626,44.6928129094476,50.244252919864,-658.268566894239,-301.269951734941,1.49011611938477e-08,1.49011611938477e-08,1.93642185440655,1.43550722091412,0.450632545728752,4.66009057560678,15,35
0.355,200,35,603.681340485971,-1408.85238133582,603.681340485971,14085.2494483432,13771.1342154611,13888.0291496173,63.2331909466596,42.5791168815124,50.3993225939999,-499.803980911998,-329.51603427492,1.49011611938477e-08,1.49011611938477e-08,1.84083792626298,1.77565275769434,0.96901518534399,5.00495480972906,15,35
0.356,200,35,600.81629157545,-986.439017881457,600.81629157545,13904.6614971945,13522.854696475,14318.4835558436,62.2960758994549,38.5351472956307,49.9821861043566,-384.800279339651,-244.770819570349,1.49011611938477e-08,1.49011611938477e-08,1.81768195365507,2.02726280576581,1.56903374281174,3.93450609993106,15,35
0.357,200,35,554.856466816545,-22.9441099641541,554.856466816545,13458.6529787724,13755.2446096343,14512.6068937876,61.6547544598445,33.3175467427657,49.0218017361957,-324.22834856594,-135.951383688627,1.49011611938477e-08,1.49011611938477e-08,1.89707524325584,2.29763843070901,2.13085180124667,3.16316696291656,15,35
0.358,200,35,483.113885931029,99.5454224449405,483.113885931029,13293.7476122793,14156.7354294155,14215.4630191399,61.9571591704735,28.7721368970423,47.7308568171129,-388.804154495084,-57.3965460189767,1.49011611938477e-08,1.49011611938477e-08,1.94358962228607,2.3450894501645,2.6090445745387,2.75703176635966,15,35
0.359,200,35,468.034931941746,102.328845098271,468.034931941746,13636.6297956602,14208.1464450241,13782.0073111214,63.060514506083,27.8627561273117,46.0275786569674,-567.245262913325,-91.2439546348538,1.49011611938477e-08,1.49011611938477e-08,1.94986909310125,2.03703966747548,1.36859558328233,2.80490904117401,15,35
0.36,200,35,481.810853610507,99.8485719466916,481.810853610507,14060.1102486091,13838.0352576524,13778.8192284656,63.8910041111973,31.6426563299732,44.2037386751292,-712.785927734604,-283.051046235354,1.49011611938477e-08,1.49011611938477e-08,1.85878029693369,1.77449930169318,0.30834202992698,3.20741061928811,15,35
0.361,200,35,490.158996782269,97.4628075587168,490.158996782269,14057.4131272691,13498.6731781307,14211.8600386414,63.5019073527393,36.8085551354355,42.6006969724863,-698.181373923211,-485.172195578432,1.49011611938477e-08,1.49011611938477e-08,1.79175889429329,1.74676297646889,1.49011611938477e-08,2.83343190118982,15,35
0.362,200,35,467.401454560258,102.466065175412,467.401454560258,13667.8476634545,13626.1405731763,14539.0632082057,61.7254672742565,40.9336211209951,41.0161982169894,-585.088791051557,-581.814994970844,1.49011611938477e-08,1.49011611938477e-08,1.86354535659837,1.83039220636546,1.49011611938477e-08,2.31684854619113,15,35
0.363,200,35,402.887787893847,105.102320411675,402.887787893847,13403.3854594992,14051.7998860643,14366.3490475143,59.6474128302686,43.3284162185884,40.1082047264852,-492.697241876354,-540.2195837677,1.49011611938477e-08,1.49011611938477e-08,1.9353723318843,1.77346316304595,1.49011611938477e-08,2.76580104180418,15,35
0.364,200,35,297.662825238788,105.83751124539,297.662825238788,13628.0780481846,14229.0182512301,13915.0383960883,59.0099632174151,44.2232912159025,40.8276840656417,-467.659689118288,-409.620335859007,1.49011611938477e-08,1.49011611938477e-08,1.95326863099697,1.50211396759511,1.49011611938477e-08,6.82729290016703,15,35
0.365,200,35,229.081814682657,106.252671149854,229.081814682657,14058.3079075701,13937.8856864391,13760.9874175632,60.0378054939593,44.0238701482509,42.9566160430926,-486.846797035801,-273.520265343396,1.49011611938477e-08,1.49011611938477e-08,1.87919078487719,1.34586645092546,0.449439631562194,12.8915373780681,15,35
0.366,200,35,311.747061831023,105.758192864912,311.747061831023,14167.0561905536,13537.2424964533,14103.039183068,61.0224207467081,43.0330496355947,45.5481586544448,-470.605194837955,-209.369315587885,1.49011611938477e-08,1.49011611938477e-08,1.77820485328166,1.53315286257783,0.91093915157522,5.57117192653575,15,35
0.367,200,35,540.247651129302,37.9518941849407,540.247651129302,13851.751877961,13544.2559896117,14509.1387592523,59.5569356529936,41.3693243891524,47.0848526825428,-386.265556430034,-205.778117120987,1.49011611938477e-08,1.49011611938477e-08,1.82668833600364,2.03294155039787,1.40766337504945,6.02246662064232,15,35
0.368,200,35,639.151526748473,105.62631875462,639.151526748473,13534.899988329,13948.7833227161,14504.023124766,54.5952250147155,39.6035429777817,46.3016930356324,-312.029139935387,-209.670569567606,1.49011611938477e-08,1.49011611938477e-08,1.91993153979101,2.58231407438887,1.78125866153195,9.08274787549986,15,35
0.369,200,35,616.673788611246,100.489798076379,616.673788611246,13644.7282886057,14222.5932193265,14128.9253407401,47.0100042390458,38.5332150004825,43.1447010472221,-346.230735661152,-151.661160066152,1.49011611938477e-08,1.49011611938477e-08,1.95809282168803,2.24305512463519,1.61740883558022,10.4714538723013,15,35
0.37,200,35,531.240417594203,55.6007778002201,531.240417594203,14034.8944424812,14023.6850628296,13879.2350140382,41.4174900995556,38.7792082705431,39.6165168374759,-528.244959869199,-24.9025806020549,1.49011611938477e-08,1.49011611938477e-08,1.91633268307502,0.999115710460876,1.0313115367916,3.27385337511431,15,35
0.371,200,35,300.35121174012,105.816817825374,300.35121174012,14208.374491027,13590.8623132804,14101.3893118115,43.7884228476907,40.2458355782941,39.1339442299651,-736.769895711027,56.0684383203871,1.49011611938477e-08,1.49011611938477e-08,1.80121533556258,0.252393826628282,0.535549865626705,1.52176384477476,15,35
0.372,200,35,154.533194724819,106.69835428827,154.533194724819,13950.8578961511,13472.2699065475,14516.5078054329,50.7760252764772,41.9930168820729,41.4542664240409,-833.1839177988,46.2019485982037,1.49011611938477e-08,1.49011611938477e-08,1.81017380688727,0.264715695524245,0.112727692823605,1.48563595682272,15,35
0.373,200,35,243.273534328001,106.171753689759,243.273534328001,13501.4201373153,13825.2356177749,14515.4048324941,57.9689237256768,43.201633116526,45.0942930015158,-835.968156997557,-6.7504682338677,1.49011611938477e-08,1.49011611938477e-08,1.90511439937549,0.604450279654807,1.49011611938477e-08,1.9113540351987,15,35
0.374,200,35,561.107472308222,-47.4921537470959,561.107472308222,13488.7794747056,14202.3773977369,14118.0198364786,63.1584216199622,43.7847566930981,48.5248603162903,-783.155551007936,-141.358542442931,1.49011611938477e-08,1.49011611938477e-08,1.94968509782236,1.01732843984598,1.49011611938477e-08,2.92680163340709,15,35
0.375,200,35,638.967838589772,-9361.55907488751,638.967838589772,13863.9799720651,14145.0617338172,13788.5952990906,64.3689012994258,43.3762001634998,50.0067279859227,-656.652724631599,-297.186231496624,1.49011611938477e-08,1.49011611938477e-08,1.93299246227691,1.4500449642912,0.51336096736938,4.37320016652172,15,35
0.376,200,35,598.494316132288,-874.88016353645,598.494316132288,14078.0032262247,13747.2795500739,13906.4752047279,63.3413271269528,41.2949661774293,50.1431596946886,-511.501717507313,-325.159101367918,1.49011611938477e-08,1.49011611938477e-08,1.8367846315112,1.7692250357884,1.00502828304925,4.65525756487019,15,35
0.377,200,35,603.637459989843,-1332.86794820214,603.637459989843,13874.0125704959,13523.1438433148,14339.6777069808,62.3705966979798,37.2380365500347,49.8128321090886,-392.950026913517,-239.374368293605,1.49011611938477e-08,1.49011611938477e-08,1.82185774849392,2.01473409090848,1.59108347464526,3.73379142964168,15,35
0.378,200,35,560.098986558189,-50.2845111393113,560.098986558189,13427.7935538082,13778.6658866896,14507.2203833571,61.6875637464551,32.0654775251352,48.9675723276875,-338.170382946198,-134.848097747422,1.49011611938477e-08,1.49011611938477e-08,1.902108116271,2.2738326228222,2.1391543888687,3.07289635755288,15,35
0.379,200,35,489.588568704817,97.7697845237688,489.588568704817,13290.3657164999,14168.4840884045,14186.6127780145,62.0172399880652,27.7752133331395,47.7836072677119,-411.759700249099,-61.9712493793658,1.49011611938477e-08,1.49011611938477e-08,1.94523221739363,2.30243389489555,2.519037009985,2.7226420155292,15,35
0.38,200,35,475.23232687892,101.35884531388,475.23232687892,13651.997143853,14190.6230852328,13762.9837340625,63.1683368287885,27.5057082588087,46.1562797631186,-595.872928369641,-107.706438783065,1.49011611938477e-08,1.49011611938477e-08,1.94872569271183,1.99283412942083,1.22854224427095,2.79963786416322,15,35
0.381,200,35,489.512769607029,97.852081640209,489.512769607029,14065.9918921758,13810.4056623188,13790.6467446888,63.9311184847794,31.7000220630954,44.3846434434271,-728.18000883397,-296.10715197395,1.49011611938477e-08,1.49011611938477e-08,1.8530872359093,1.75587821416589,0.233068483581648,3.14766543708735,15,35
0.382,200,35,492.002786032313,96.8984672094816,492.002786032313,14035.5708949395,13489.7623990864,14234.2272535215,63.3676922310165,36.9785431413736,42.7958640416161,-702.483977316056,-506.629723455316,1.49011611938477e-08,1.49011611938477e-08,1.79404151219944,1.75261248549466,1.49011611938477e-08,2.71945771020077,15,35
0.383,200,35,464.966121093414,102.672883868252,464.966121093414,13637.6270705289,13644.9591336159,14539.5173612495,61.3897118796547,41.0738832091173,41.2446885916852,-584.148529389262,-592.626174380566,1.49011611938477e-08,1.49011611938477e-08,1.86981021358557,1.84596305500806,1.49011611938477e-08,2.26125345050182,15,35
0.384,200,35,397.938896623922,105.149985810045,397.938896623922,13397.3056153277,14070.8794747109,14340.5289463468,59.1638537578271,43.4118398072406,40.3755847267962,-494.144809331948,-541.38279172255,1.49011611938477e-08,1.49011611938477e-08,1.93782337088044,1.77915835428277,1.49011611938477e-08,2.77926647358231,15,35
0.385,200,35,295.168052119997,105.852702758979,295.168052119997,13646.7878282062,14222.2780419061,13891.0639660793,58.5221113473046,44.2730968388662,41.1826042019697,-474.928204629507,-403.98115120426,1.49011611938477e-08,1.49011611938477e-08,1.95278895239754,1.48734569391704,1.49011611938477e-08,7.19358853402097,15,35
0.386,200,35,230.582014739825,106.240847503454,230.582014739825,14072.0347036833,13910.9172108359,13766.2730204816,59.6069853760686,44.0882027832411,43.3787988460697,-496.408276025744,-272.984746922912,1.49011611938477e-08,1.49011611938477e-08,1.87274277635043,1.32605494771701,0.482080601372313,11.5736481616358,15,35
0.387,200,35,328.204957801878,105.659519888522,328.204957801878,14155.7682355785,13522.1690773744,14127.931187679,60.5931762142948,43.1338760000108,46.0025014476745,-479.599185355022,-206.327883043595,1.49011611938477e-08,1.49011611938477e-08,1.77786902760262,1.51487745057533,0.930769987530974,5.43713067399277,15,35
0.388,200,35,569.960826589925,-107.610003238519,569.960826589925,13829.0376942585,13558.8564140926,14524.5065037196,58.9382678449781,41.544645494574,47.3387231402048,-393.527266261378,-205.86408935964,1.49011611938477e-08,1.49011611938477e-08,1.83302737494332,2.00776877859611,1.41638251322999,6.02660513998821,15,35
0.389,200,35,637.843634546717,105.526920929812,637.843634546717,13528.4521827158,13972.0386726591,14492.2786870035,53.7113161090903,39.8872999524862,46.2859576600451,-323.858638662784,-206.390785187005,1.49011611938477e-08,1.49011611938477e-08,1.92383491307325,2.50644819797074,1.75735128230909,9.02977770382128,15,35
0.39,200,35,612.580154540161,92.6544220675363,612.580154540161,13663.5575413781,14223.9213976402,14109.3569526884,46.0626591026661,38.9853445684469,42.9076030828871,-368.439929951998,-139.77820297686,1.49011611938477e-08,1.49011611938477e-08,1.9588651097382,2.06491383128613,1.55426080380924,9.36289242874652,15,35
0.391,200,35,517.228526116249,78.334147743133,517.228526116249,14055.1708538907,13999.3693547909,13881.0460574736,41.0085420625458,39.3740939488028,39.4930773579219,-547.235204598784,-16.4388114002281,1.49011611938477e-08,1.49011611938477e-08,1.91062059095839,0.873554123075677,0.978917789910718,2.9167212069403,15,35
0.392,200,35,283.058388166301,105.920544816569,283.058388166301,14206.2565752242,13570.4047249833,14128.2016672713,44.0732810124035,40.9155124845246,39.2753048351929,-762.724908065847,65.0241858529767,1.49011611938477e-08,1.49011611938477e-08,1.79776720907341,0.096926591377033,0.497822784992697,1.4237021053512,15,35
0.393,200,35,135.236495665281,106.814711226217,135.236495665281,13927.4322277113,13480.3548244421,14535.2429869314,51.2739578587513,42.6441105053566,41.7458429140933,-846.985387009101,50.1010000212907,1.49011611938477e-08,1.49011611938477e-08,1.81527334420345,0.224768074005746,1.49011611938477e-08,1.45772093240437,15,35
0.394,200,35,237.502953875355,106.205408269807,237.502953875355,13490.0252163772,13850.288782053,14506.3665120971,58.5154799017522,43.815124594344,45.4950337913617,-844.296408099425,-7.71993273967559,1.49011611938477e-08,1.49011611938477e-08,1.90928014799052,0.599588530743199,1.49011611938477e-08,1.9236411715734,15,35
0.395,200,35,552.280361138176,-3.61042830741209,552.280361138176,13507.735848891,14211.7032441322,14096.1433715206,63.7168752681223,44.3403568950042,49.0587216340701,-785.320105323702,-149.52880621509,1.49011611938477e-08,1.49011611938477e-08,1.95096473595351,1.02613627506591,1.49011611938477e-08,3.00779303670685,15,35
0.396,200,35,639.044557652135,-9396.99316826085,639.044557652135,13889.6804474757,14129.1049291142,13785.622878454,64.8665622762893,43.7751771311182,50.6288487045733,-658.575549372147,-299.436531054566,1.49011611938477e-08,1.49011611938477e-08,1.92939317705376,1.46865739137033,0.52540933797492,4.51955127724404,15,35
0.397,200,35,598.269069978944,-845.822857322029,598.269069978944,14079.0229950729,13724.12701924,13926.1818484466,63.795672430748,41.4736545041042,50.7557745831858,-500.708659794893,-325.302442227815,1.49011611938477e-08,1.49011611938477e-08,1.83207799300734,1.79728063243764,1.03281724712279,4.77014735944915,15,35
0.398,200,35,598.730528353806,-765.696865417357,598.730528353806,13852.8710460248,13523.8594384035,14360.8639965025,62.8074953584237,37.3099561721132,50.3712426683658,-381.470292153848,-238.922820358909,1.49011611938477e-08,1.49011611938477e-08,1.82466195809422,2.05870892022085,1.6231429908751,3.86972056990701,15,35
0.399,200,35,548.399566259916,5.4587931195432,548.399566259916,13410.200119945,13801.1709174875,14501.7776612126,62.173115290201,32.078754368009,49.5191138679478,-332.145207196124,-134.007178264385,1.49011611938477e-08,1.49011611938477e-08,1.90566921701219,2.32218666159919,2.16781415723744,3.18942842394022,15,35
0.4,200,35,478.921446813872,100.591585343236,478.921446813872,13302.9160074985,14185.5448392205,14160.7342288226,62.5492611841443,27.7722729722771,48.3243927723888,-412.521218537159,-64.3119974939411,1.49011611938477e-08,1.49011611938477e-08,1.94615220046443,2.33159881449692,2.4945250735889,2.82315751701475,15,35
0.401,200,35,470.003188696908,102.066694792728,470.003188696908,13685.0754468681,14181.3125317716,13750.1114944375,63.6582629925218,27.378871368923,46.6603507514882,-585.328566325507,-110.714652473702,1.49011611938477e-08,1.49011611938477e-08,1.94584505401801,2.0124731361296,1.1893098788403,2.91124556004484,15,35
0.402,200,35,487.020589346769,98.6300877185182,487.020589346769,14081.4659550118,13786.3487089152,13809.6036059386,64.3252013640509,31.4390852621042,44.8337992730169,-715.688832075488,-309.7729712019,1.49011611938477e-08,1.49011611938477e-08,1.84520435008513,1.78536352815245,0.198332522541036,3.25270617356079,15,35
0.403,200,35,493.453730827083,96.3320714042777,493.453730827083,14022.4369548809,13484.9492974364,14262.2852890891,63.6730713140096,36.5041781068588,43.1494008549655,-680.434914372558,-513.595853609295,1.49011611938477e-08,1.49011611938477e-08,1.79435600104305,1.79150123372531,1.49011611938477e-08,2.7465308286365,15,35
0.404,200,35,466.394694256708,102.509785127469,466.394694256708,13617.6708943457,13667.0976307914,14543.0382629493,61.6653114253964,40.3793531229887,41.5128984813672,-562.450677735316,-590.100139343465,1.49011611938477e-08,1.49011611938477e-08,1.87452454755701,1.88406317302718,1.49011611938477e-08,2.28702104037943,15,35
0.405,200,35,397.853508117002,105.150774413239,397.853508117002,13399.7625177015,14091.8222205506,14315.5791386053,59.606136433548,42.5266016900358,40.7679754910438,-479.475103694152,-532.161446513753,1.49011611938477e-08,1.49011611938477e-08,1.93971052133639,1.80761810187183,1.49011611938477e-08,2.88419681846046,15,35
0.406,200,35,282.53277427336,105.92815334711,282.53277427336,13672.4653488523,14216.4470321042,13868.8466979485,59.1815433278651,43.2566962182165,41.6991155008637,-465.864109384864,-402.675740395964,1.49011611938477e-08,1.49011611938477e-08,1.95150139180991,1.52194862463169,1.49011611938477e-08,7.8081882566376,15,35
0.407,200,35,231.661270089358,106.237177555316,231.661270089358,14090.3536877679,13886.7973970918,13773.4774208884,60.3544550420766,42.9807687835944,43.928466266207,-488.803578797986,-271.007001226197,1.49011611938477e-08,1.49011611938477e-08,1.86471431018831,1.38412233812784,0.501791299992648,11.4711390127641,15,35
0.408,200,35,335.061406806556,105.615948525588,335.061406806556,14146.329024455,13510.6462420282,14153.1757986409,61.2194436479471,41.9467056674636,46.4203979169607,-465.813020501846,-213.859598017648,1.49011611938477e-08,1.49011611938477e-08,1.77614151561141,1.60063927149494,0.947872594301029,5.78892620446687,15,35
0.409,200,35,574.901261298813,-143.132727330748,574.901261298813,13805.6780351655,13576.6438039877,14532.8813908663,59.3670025688389,40.2639898859769,47.5924189865878,-376.489024432501,-217.143114763314,1.49011611938477e-08,1.49011611938477e-08,1.83829115189007,2.12580301065202,1.42570955221445,6.67814153894467,15,35
0.41,200,35,637.464761795104,105.496734204809,637.464761795104,13522.550825091,13996.4329442558,14472.289157187,53.9570442721707,38.5566320468323,46.3437350514002,-309.715724121834,-216.87436010859,1.49011611938477e-08,1.49011611938477e-08,1.92691251851938,2.64435531057991,1.74404830332504,10.390200765628,15,35
0.411,200,35,611.273645202945,88.4478429124976,611.273645202945,13682.6793761612,14226.05883007,14084.5765931752,46.2271321363141,37.6382291435565,42.7987598021193,-354.688633098214,-150.437684169785,1.49011611938477e-08,1.49011611938477e-08,1.95899089251707,2.13308774241348,1.52143503270378,10.7163912223668,15,35
0.412,200,35,511.103065100679,84.7743084876131,511.103065100679,14073.0249353385,13978.9437970144,13881.2894421695,41.227171527392,38.0637060858559,39.2213172985127,-543.617223879032,-15.6405905459984,1.49011611938477e-08,1.49011611938477e-08,1.9041302230709,0.889116957015694,0.960788948909875,2.9449266676941,15,35
0.413,200,35,272.529310266634,105.987303584102,272.529310266634,14198.5111760219,13554.7614957215,14150.707419963,44.3964718810254,39.624023951758,39.0259406950768,-755.08069196676,66.9043767262706,1.49011611938477e-08,1.49011611938477e-08,1.79429156754632,0.18099142863834,0.504769186519987,1.43172912585515,15,35
0.414,200,35,134.264935763868,106.816292780551,134.264935763868,13899.1515576898,13494.4286645021,14546.8342518367,51.5419247585682,41.3187467052333,41.6043572952098,-832.162657556685,52.5699562747614,1.49011611938477e-08,1.49011611938477e-08,1.82045504243514,0.294831853446984,0.138987855936226,1.46426668775246,15,35
0.415,200,35,258.278321734834,106.081914996021,258.278321734834,13475.701777151,13878.7502363728,14489.8065561624,58.6660906930969,42.4401980705276,45.4043078071112,-828.67268128751,-6.63695679171101,1.49011611938477e-08,1.49011611938477e-08,1.9130953381143,0.646260401216376,1.49011611938477e-08,1.92172909551709,15,35
0.416,200,35,585.432336450438,-234.77300141551,585.432336450438,13522.9391614637,14223.2142826301,14071.0304279533,63.5054576753525,42.9314571907335,48.7610381026398,-772.951043985213,-143.286905806483,1.49011611938477e-08,1.49011611938477e-08,1.95172919403359,1.06871560443122,0.127797448122986,2.99308175609484,15,35
0.417,200,35,637.049281214488,-8527.58872752092,637.049281214488,13910.1170730518,14111.7854570964,13781.1081103182,64.3654603196772,42.3908979157383,50.1011859409209,-643.355023629398,-296.908618604948,1.49011611938477e-08,1.49011611938477e-08,1.92468318492882,1.49961456335177,0.574424199087796,4.421747951897,15,35
0.418,200,35,593.38246419682,-401.028431638275,593.38246419682,14073.9613190557,13703.7927237756,13946.3775222005,63.3042366979224,40.1471271034961,50.1908740439002,-495.530193082755,-313.331742675628,1.49011611938477e-08,1.49011611938477e-08,1.82809071885098,1.80257568189729,1.06450580563837,4.54908961284156,15,35
0.419,200,35,603.157623039906,-1290.30428122482,603.157623039906,13825.0972320454,13529.2861950086,14379.4184910635,62.3920089864847,36.0138017214306,49.8270161216822,-384.644737896383,-224.579699199482,1.49011611938477e-08,1.49011611938477e-08,1.82887669302747,2.0468933375535,1.64297171011124,3.65311800126924,15,35
0.42,200,35,557.01152743597,-33.6761145733999,557.01152743597,13386.5579461014,13827.1442064012,14493.1466021508,61.8055181071164,30.9010885484376,48.9681362439043,-344.948979984244,-123.181176619265,1.49011611938477e-08,1.49011611938477e-08,1.90989840310875,2.28609469877678,2.17339636307303,3.02843514056988,15,35
0.421,200,35,494.164838550459,96.0647074960143,494.164838550459,13308.5996436251,14196.2464327395,14132.0335762067,62.2429223829462,26.9784322607789,47.7566900594264,-427.739872109526,-62.5333876844582,1.49011611938477e-08,1.49011611938477e-08,1.94759163472879,2.26823176198395,2.40069106529736,2.71809134660842,15,35
0.422,200,35,480.915452754876,100.120424090333,480.915452754876,13706.0062072472,14163.3272927815,13737.3079597005,63.3969233398306,27.3187084045592,46.1008190828174,-612.147485111259,-121.298061676284,1.49011611938477e-08,1.49011611938477e-08,1.94382177245275,1.95175464640621,1.08374566907339,2.84286189528202,15,35
0.423,200,35,496.836430433754,94.9585881808275,496.836430433754,14087.3694351468,13760.7919130192,13827.910156918,63.9977292308693,31.8116670132683,44.3206260677236,-731.821898605612,-328.124962075464,1.49011611938477e-08,1.49011611938477e-08,1.8398145342497,1.74867831015752,0.124664341015351,3.15133690507101,15,35
0.424,200,35,494.523363689248,95.8856455359429,494.523363689248,13998.9871608424,13480.7237633048,14286.4401493075,63.2238352353562,37.0085973750114,42.7203280231096,-684.825791668855,-526.345361856712,1.49011611938477e-08,1.49011611938477e-08,1.79772586747763,1.77017322718349,1.49011611938477e-08,2.65409422288323,15,35
0.425,200,35,461.101715488272,103.058925212709,461.101715488272,13588.992573211,13688.9588578199,14542.715963317,61.1105660186989,40.8816388850126,41.2295310282151,-564.620097185834,-591.685956048741,1.49011611938477e-08,1.49011611938477e-08,1.88053480110415,1.86199449095651,1.49011611938477e-08,2.27609428797107,15,35
0.426,200,35,385.379662427566,105.264504817287,385.379662427566,13397.6410924205,14110.1701764111,14291.2143583536,58.9921590640756,43.0035991725383,40.6149781219884,-486.815857317201,-530.507467764061,1.49011611938477e-08,1.49011611938477e-08,1.94175741373457,1.770364445251,1.49011611938477e-08,2.99225693279797,15,35
0.427,200,35,284.660082437578,105.91538813916,284.660082437578,13692.9117920779,14207.5592624968,13850.5311862277,58.6047624863711,43.7213364177909,41.6976282956831,-475.259015904401,-389.965504003593,1.49011611938477e-08,1.49011611938477e-08,1.9503263651716,1.47414477411112,1.49011611938477e-08,8.94189297483872,15,35
0.428,200,35,231.908239178682,106.234257979073,231.908239178682,14102.3511832045,13860.088395649,13785.7471005197,59.8106670834333,43.4662938883467,44.0130804987328,-499.137899639324,-260.027151873131,1.49011611938477e-08,1.49011611938477e-08,1.85808562536735,1.34518264811226,0.540466810687689,9.6756486695288,15,35
0.429,200,35,357.635377583961,105.474431118903,357.635377583961,14131.9494207037,13498.972237588,14181.1971793189,60.6305442784821,42.472232678916,46.5318178661551,-473.279062945504,-207.060533593425,1.49011611938477e-08,1.49011611938477e-08,1.77688473862921,1.56858073649649,0.979693548200444,5.43717879997108,15,35
0.43,200,35,596.034581077837,-348.886526354468,596.034581077837,13780.4360002417,13594.1737463027,14545.3775659511,58.5718506812602,40.8555279609816,47.5442927948808,-382.610113708599,-212.281909820811,1.49011611938477e-08,1.49011611938477e-08,1.84498180282828,2.08191180240448,1.45458422413601,6.3838974998175,15,35
0.431,200,35,635.474199325902,105.351418979091,635.474199325902,13516.8738147224,14018.7982202941,14458.7126231935,52.9549283824738,39.2573309453179,46.1118780637562,-322.803177668498,-209.340355268749,1.49011611938477e-08,1.49011611938477e-08,1.93046607811402,2.53496245363207,1.74782781661175,9.68764745160428,15,35
0.432,200,35,606.484334449867,60.4104306050067,606.484334449867,13700.9161452001,14223.2016973891,14065.8989170375,45.2315647767713,38.4840794061356,42.4674709244408,-378.023465754515,-134.099235662854,1.49011611938477e-08,1.49011611938477e-08,1.95934999756583,1.93766836234434,1.48771272474339,8.66223196577953,15,35
0.433,200,35,494.887810239047,95.3152649213973,494.887810239047,14089.6275185387,13952.5889372284,13885.9327276649,40.8844740041395,39.0332542644243,39.1686718638369,-575.456141707105,-0.894463508234327,1.49011611938477e-08,1.49011611938477e-08,1.89789354432418,0.769055675864906,0.923777013075766,2.58762473205333,15,35
0.434,200,35,256.76666765833,106.081687014422,256.76666765833,14191.6964646558,13535.9473545171,14178.0087732018,44.7182616421884,40.6561715919247,39.2911796904757,-780.653249428622,71.2009347028484,1.49011611938477e-08,1.49011611938477e-08,1.79193679767953,1.49011611938477e-08,0.470542136516829,1.34712064398188,15,35
0.435,200,35,135.602556148366,106.812223768574,135.602556148366,13872.3246752591,13504.5345929844,14561.7545578432,51.9797217455064,42.3372186353264,41.9393737191424,-845.234644777293,49.510814150201,1.49011611938477e-08,1.49011611938477e-08,1.82597913000178,0.268939922917494,1.49011611938477e-08,1.45922800253745,15,35
0.436,200,35,276.781652945546,105.969941222882,276.781652945546,13465.526284048,13902.9267674154,14478.2917020177,59.0910251401018,43.4422099007954,45.7579731958369,-837.269917004954,-10.2538284132256,1.49011611938477e-08,1.49011611938477e-08,1.91684160064331,0.644803741487698,1.49011611938477e-08,1.96575197367665,15,35
0.437,200,35,596.962250385047,-357.72580094923,596.962250385047,13541.7877008453,14228.5157278742,14051.4454760992,63.810088125503,43.8809452212635,49.0870307873273,-773.540187921522,-155.285945734483,1.49011611938477e-08,1.49011611938477e-08,1.95267473997254,1.07188447449535,0.0881076908113885,3.09248842315893,15,35
0.438,200,35,635.754557890948,-8006.6752257008,635.754557890948,13931.7604412395,14091.8939649834,13782.6423680744,64.5211920644178,43.1872571090155,50.362099026377,-637.431108036477,-300.485084583961,1.49011611938477e-08,1.49011611938477e-08,1.92027512754256,1.49747791205233,0.592099235083102,4.50304879502923,15,35
0.439,200,35,595.00185904386,-363.651810523152,595.00185904386,14070.1489161327,13681.8350223895,13969.7404195539,63.4069586984857,40.7135290539087,50.4105545346,-487.968058635532,-303.845308752682,1.49011611938477e-08,1.49011611938477e-08,1.82423903282268,1.79652224276691,1.10184986541101,4.49009110728045,15,35
0.44,200,35,601.524256083017,-1100.62309464377,601.524256083017,13800.6342208375,13533.5624068763,14400.1310685205,62.4760199835137,36.4320821374179,49.9858201716339,-378.189349318851,-212.361788185493,1.49011611938477e-08,1.49011611938477e-08,1.83257643049064,2.04722210657181,1.68803905254504,3.58324396988686,15,35
0.441,200,35,553.499707258758,-16.5497626032041,553.499707258758,13369.6767391637,13850.2879066822,14486.1875012121,61.9074183820272,31.2278655604847,49.0704946762668,-343.697724195567,-115.550675312254,1.49011611938477e-08,1.49011611938477e-08,1.91329157933317,2.28023938288521,2.21653973158857,2.96871249127886,15,35
0.442,200,35,492.085663931811,96.8231099823722,492.085663931811,13322.3565400237,14210.1126908414,14108.7068278208,62.3552768762481,27.2806049418327,47.7896235510381,-434.738574908243,-55.1483487725591,1.49011611938477e-08,1.49011611938477e-08,1.94855997281587,2.24148337123628,2.41497471612826,2.6796394367035,15,35
0.443,200,35,481.167929391118,100.186494746093,481.167929391118,13736.3284669452,14149.6273803148,13730.1091914574,63.4343056642221,27.5468973141206,46.0569978216411,-618.183762793393,-125.041853726941,1.49011611938477e-08,1.49011611938477e-08,1.94047449338227,1.93011681959579,1.05801549889552,2.84366258773361,15,35
0.444,200,35,492.437576191056,96.7924620348098,492.437576191056,14097.4580195702,13736.0243160125,13851.8114288316,63.9182629590882,31.9966357770281,44.2566307459838,-726.634037262935,-339.52251182497,1.49011611938477e-08,1.49011611938477e-08,1.83307236673779,1.74691646208265,0.0125186695633137,3.17485525761467,15,35
0.445,200,35,488.39607327894,98.1245562213984,488.39607327894,13982.3520816258,13478.6741695028,14315.2858257914,63.0395032461454,37.0649246256278,42.648201187241,-670.707615575094,-532.877416815458,1.49011611938477e-08,1.49011611938477e-08,1.79958701176934,1.78170518928479,1.49011611938477e-08,2.64732279857648,15,35
0.446,200,35,451.31064138129,103.791989196785,451.31064138129,13568.643869392,13711.9597780738,14543.8600574031,60.889613870782,40.7935534072319,41.1677674197985,-556.408841773182,-589.834141418362,1.49011611938477e-08,1.49011611938477e-08,1.88528949411375,1.87306717264542,1.49011611938477e-08,2.29842893260331,15,35
0.447,200,35,373.167702796314,105.35883514552,373.167702796314,13402.5386138367,14128.4170693787,14266.0811136908,58.9261129860323,42.7931077739892,40.7070721167594,-478.611522682717,-521.799817179591,1.49011611938477e-08,1.49011611938477e-08,1.94334649749979,1.77307933119627,1.49011611938477e-08,3.12605538495335,15,35
0.448,200,35,256.422451629935,106.084547250852,256.422451629935,13719.1230640427,14198.7429429541,13832.3984978668,58.7125715455524,43.4286581660346,41.9088933571367,-470.586623179562,-381.336491665629,1.49011611938477e-08,1.49011611938477e-08,1.94823166134785,1.48775023999032,0.0181522014521351,10.0586480261419,15,35
0.449,200,35,224.796231858651,106.276852849797,224.796231858651,14117.8861961254,13836.4016348357,13797.7251360977,59.9360110257106,43.0997277507962,44.274239606394,-490.940975809445,-257.02680882522,1.49011611938477e-08,1.49011611938477e-08,1.85019120369273,1.38479934891353,0.570379644691306,9.31096813742431,15,35
0.45,200,35,362.944873258178,105.439292630093,362.944873258178,14120.3669507347,13492.0034101672,14207.5486839382,60.5437909769453,42.0077845912495,46.7254319876958,-456.344010762664,-209.700322457859,1.49011611938477e-08,1.49011611938477e-08,1.77665226058668,1.63468512970278,1.01891943786441,5.56977434958974,15,35
0.451,200,35,600.53486474239,-401.913336091545,600.53486474239,13758.314412307,13615.3183417523,14551.5977851193,58.1743185149757,40.2899481373028,47.6527429460787,-367.915219709242,-215.139963759405,1.49011611938477e-08,1.49011611938477e-08,1.85056877999977,2.17142139861122,1.4993767537181,6.71816423551427,15,35
0.452,200,35,635.370741505017,-7841.5393043591,635.370741505017,13514.8466944576,14041.9189827756,14436.8553169953,52.2757410172894,38.6549649496314,46.1390698339945,-309.273461261561,-210.492076777473,1.49011611938477e-08,1.49011611938477e-08,1.93333775653087,2.61638309937116,1.77478350878255,10.3227383954919,15,35
0.453,200,35,604.86595045892,-1533.2623983661,604.86595045892,13722.1311474735,14222.2286437919,14041.7364219404,44.4462866563297,37.9326408399339,42.4843805269125,-375.879540366196,-131.017070688819,1.49011611938477e-08,1.49011611938477e-08,1.95908932363396,1.92505180482244,1.46681409569166,8.873112335346,15,35
0.454,200,35,487.533303485594,98.1289481863444,487.533303485594,14106.8588106212,13929.9531487057,13887.5276539185,40.3942581243716,38.609266239927,39.2860297459999,-580.605485890154,0.898373425900735,1.49011611938477e-08,1.49011611938477e-08,1.89075771407473,0.736005826546745,0.886501006370133,2.56709000198425,15,35
0.455,200,35,245.155081336228,106.151264811776,245.155081336228,14182.5138847807,13521.7699614739,14199.3190325899,44.6558193812367,40.3646355360281,39.5430006988883,-781.314650991,64.8345937843525,1.49011611938477e-08,1.49011611938477e-08,1.78923731874468,1.49011611938477e-08,0.426762187216128,1.38356072122765,15,35
0.456,200,35,133.668122859951,106.823520054912,133.668122859951,13844.6681820576,13520.7365367364,14567.8133519859,52.0220612120028,42.1236003585231,42.1650039843674,-837.028384942198,40.8312257342,1.49011611938477e-08,1.49011611938477e-08,1.83135332186326,0.314481217410438,1.49011611938477e-08,1.52540253972586,15,35
0.457,200,35,286.625506936821,105.911784858085,286.625506936821,13456.2944506795,13930.0733663607,14457.3890455901,59.1504087597371,43.2760325918186,45.9011156459697,-825.173590954408,-24.6927568084412,1.49011611938477e-08,1.49011611938477e-08,1.9201026411765,0.688069368495999,1.49011611938477e-08,2.05953685766922,15,35
0.458,200,35,610.430590737377,-526.284584043196,610.430590737377,13561.4907719957,14236.3546049589,14024.5977148539,63.6874470403518,43.7400519368311,48.9936449190586,-755.298949608104,-172.057295568527,1.49011611938477e-08,1.49011611938477e-08,1.95298358912079,1.12071852753756,1.49011611938477e-08,3.23634633221822,15,35
0.459,200,35,633.68654971584,-7233.49598914023,633.68654971584,13953.1335492661,14073.7383373341,13778.7005524022,64.2636627386461,43.0644144098112,50.0878458874986,-615.690237975466,-308.894487329393,1.49011611938477e-08,1.49011611938477e-08,1.91470935474414,1.54713637742901,0.594915637610175,4.62201738523457,15,35
0.46,200,35,599.407830709862,-455.451369309936,599.407830709862,14064.3680620965,13663.9098172672,13988.2032087138,63.231104507999,40.606089160514,50.1045298724569,-472.195498795097,-297.985121214944,1.49011611938477e-08,1.49011611938477e-08,1.82076487023672,1.83206358813397,1.11921835885059,4.44139363890502,15,35
0.461,200,35,597.901904637398,-718.784333866609,597.901904637398,13778.6703024282,13542.8668879814,14415.5470930629,62.3501390084553,36.3302187382795,49.612374146917,-369.21259508899,-207.159869968246,1.49011611938477e-08,1.49011611938477e-08,1.8365667670126,2.09119016529819,1.71558166958652,3.52251907165697,15,35
0.462,200,35,543.188809288949,24.824103842113,543.188809288949,13357.3783337609,13876.9292000559,14474.4982785539,61.9045373887153,31.2930257006724,48.6390232618141,-340.011779641406,-104.664753825345,1.49011611938477e-08,1.49011611938477e-08,1.91657620726969,2.31936550176478,2.25892379770232,2.91672444308926,15,35
0.463,200,35,473.239411859695,101.564585425999,473.239411859695,13340.9377906513,14218.7351274669,14081.2443428093,62.5557915631309,27.8532815908159,47.3104990371586,-444.701689279894,-48.6405568996111,1.49011611938477e-08,1.49011611938477e-08,1.94964509603593,2.24679027927861,2.4080700050928,2.64985741054758,15,35
0.464,200,35,464.562756701205,102.726687487404,464.562756701205,13765.2891723349,14131.0057034709,13723.6226735558,63.8615537012798,28.8091456949724,45.5436332973024,-638.100400923107,-126.223407961318,1.49011611938477e-08,1.49011611938477e-08,1.93702976186596,1.89792658620962,0.982068630003403,2.82705586569532,15,35
0.465,200,35,495.093671559334,95.4638813793251,495.093671559334,14104.4092181671,13712.4041164268,13874.8397211775,64.5348294379222,33.5171799594073,43.6356760790682,-746.319408191934,-340.016587427445,1.49011611938477e-08,1.49011611938477e-08,1.82780260157208,1.692493987631,1.49011611938477e-08,3.1440985260478,15,35
0.466,200,35,502.674742563577,91.752876732983,502.674742563577,13959.6363977457,13478.2148819426,14339.9355343358,63.8249004290566,38.6436926167922,41.8398488137047,-695.364219223884,-519.400845198866,1.49011611938477e-08,1.49011611938477e-08,1.80341308675236,1.70056993608261,1.49011611938477e-08,2.66149543791625,15,35
0.467,200,35,475.80111434057,101.13214415224,475.80111434057,13545.1821949195,13735.5410264596,14543.9755196873,61.8276695445656,42.3731701514102,40.1894974902837,-577.762562280637,-575.87140679727,1.49011611938477e-08,1.49011611938477e-08,1.89076377133815,1.75379801260557,1.49011611938477e-08,2.36250794367602,15,35
0.468,200,35,401.131236798285,105.120535571448,401.131236798285,13406.6212566012,14144.9259860313,14246.8934841857,59.9740754560455,44.3695116548363,39.6480037911091,-501.398368692854,-502.891718181633,1.49011611938477e-08,1.49011611938477e-08,1.94523732669935,1.61571884914186,1.49011611938477e-08,3.36645834855358,15,35
0.469,200,35,298.509443529888,105.831844486941,298.509443529888,13740.7017280625,14186.9422065574,13824.3066446135,59.8494133143626,44.9762329605003,40.9790237304899,-494.277913208272,-357.727484151842,1.49011611938477e-08,1.49011611938477e-08,1.94675766477392,1.34205073700788,1.49011611938477e-08,13.8350024134467,15,35
0.47,200,35,259.454692940963,106.070762583731,259.454692940963,14125.2733375733,13809.032921912,13820.600751084,61.1164900939142,44.6010859391766,43.5438974425319,-513.062388901063,-233.327484086487,1.49011611938477e-08,1.49011611938477e-08,1.84461643432747,1.28238516786458,0.581088330233054,6.86040408590287,15,35
0.471,200,35,405.58916821907,105.086554550836,405.58916821907,14100.7663900304,13482.8344213849,14242.879624967,61.6854720545876,43.4584631177953,46.1246719792118,-478.056887796165,-188.940783126066,1.49011611938477e-08,1.49011611938477e-08,1.77938307048134,1.55694302576285,1.05124143761966,4.64564341858503,15,35
0.472,200,35,634.715246530819,-7382.90306329516,634.715246530819,13731.2619329405,13634.6097516201,14569.9209017806,59.1503942707376,41.702894528131,46.9395607053497,-383.100284975693,-193.998900427839,1.49011611938477e-08,1.49011611938477e-08,1.85772571137293,2.0847069264044,1.55122573171764,5.6251296924184,15,35
0.473,200,35,633.494991741454,-7153.38603271992,633.494991741454,13509.792603157,14062.5897567307,14430.6295226947,53.1684411830027,40.0617582636332,45.258273778717,-329.131860887685,-182.942232564838,1.49011611938477e-08,1.49011611938477e-08,1.93655413587,2.46532770592751,1.82649170786895,8.06032501996471,15,35
0.474,200,35,599.544252694943,-952.864083335081,599.544252694943,13739.1768910236,14215.2729727827,14034.5459881337,45.5275036135881,39.3184470180195,41.5500807811522,-407.157764819916,-94.0687556952474,1.49011611938477e-08,1.49011611938477e-08,1.95898588584226,1.74722970626035,1.49286905041561,5.8112089063773,15,35
0.475,200,35,470.33355384144,101.902472128641,470.33355384144,14118.426387014,13902.7874716785,13906.3822130362,42.0783922033227,39.9397085870673,38.6321757617599,-620.319909894558,37.2830016189436,1.49011611938477e-08,1.49011611938477e-08,1.88496898731699,0.66079066064067,0.902967990954708,2.03824646156051,15,35
0.476,200,35,221.482696910443,106.289158748144,221.482696910443,14170.0441448218,13506.0315386516,14237.9008921776,46.5485218706057,41.5847958142147,39.2321535572031,-809.413764972827,92.4060572571611,1.49011611938477e-08,1.49011611938477e-08,1.78912773262608,1.49011611938477e-08,0.452362295956202,1.19464551712132,15,35
0.477,200,35,137.191653982854,106.802444234638,137.191653982854,13806.57562538,13533.8920307547,14583.5296654232,53.7480425420357,43.208618192227,42.0578092391675,-864.411812763201,63.5107955648399,1.49011611938477e-08,1.49011611938477e-08,1.8385662525609,0.262954789847456,1.49011611938477e-08,1.38468085972033,15,35
0.478,200,35,319.645076200346,105.716181340338,319.645076200346,13439.8511254576,13953.6203756237,14448.3337787071,60.6286100658967,44.2476347596865,45.9437179712411,-852.038079795106,-7.57963577033799,1.49011611938477e-08,1.49011611938477e-08,1.92402485830215,0.645455256673812,1.49011611938477e-08,1.90344629484038,15,35
0.479,200,35,633.505885162856,-862.349491984108,633.505885162856,13573.0004547899,14237.5232540768,14012.3068132922,64.7770671931685,44.5649432407719,49.0423928878036,-778.709192377326,-160.62914880403,1.49011611938477e-08,1.49011611938477e-08,1.95402924475657,1.06671281466918,0.224788197879316,2.98350249075671,15,35
0.48,200,35,632.481690621158,105.170180835574,632.481690621158,13963.9537681855,14049.8024107896,13789.6523850353,64.988245265558,43.6484516678663,50.0690550235469,-633.857892699152,-294.312513179499,1.49011611938477e-08,1.49011611938477e-08,1.9107835684746,1.47199755104886,0.672604689653238,4.19336770710252,15,35
0.481,200,35,598.790956557618,-373.5075399214,598.790956557618,14052.1749408738,13642.2506106539,14021.4572703402,63.707867267772,40.8814040827503,50.0913981500251,-491.23631333079,-284.799010488213,1.49011611938477e-08,1.49011611938477e-08,1.81882928982925,1.75601891166543,1.19513702956676,4.01310692548046,15,35
0.482,200,35,597.634385967406,-162.486079174383,597.634385967406,13747.9544620869,13549.0396189134,14442.6927912405,62.5833106746759,36.3483122034866,49.6837190615697,-375.985996979356,-195.812580247737,1.49011611938477e-08,1.49011611938477e-08,1.84158345442746,2.0334123620917,1.77994572627602,3.31858782901049,15,35
0.483,200,35,541.698768675298,28.9496812033556,541.698768675298,13337.3371281271,13899.3001483611,14472.9954804263,61.9590917146266,31.0204353469102,48.8732832307555,-346.467242267132,-95.5458908489415,1.49011611938477e-08,1.49011611938477e-08,1.92000130094803,2.26720161322117,2.29268036714233,2.82221916481012,15,35
0.484,200,35,482.319971003785,99.7936652407218,482.319971003785,13350.9979380784,14228.314188946,14064.4619390454,62.4953831292267,27.2408734253011,47.6733503582056,-454.292811759947,-41.9589908542122,1.49011611938477e-08,1.49011611938477e-08,1.95068342124138,2.186975904089,2.39418231500184,2.59383881859444,15,35
0.485,200,35,482.234583922092,99.9433074808465,482.234583922092,13789.5716617615,14113.1369616707,13724.1600924278,63.6516525277624,27.8909729380064,45.9317566701487,-643.082458303514,-128.226913209833,1.49011611938477e-08,1.49011611938477e-08,1.93309190802529,1.86003797249178,0.972877662076347,2.81505592239159,15,35
0.486,200,35,496.709794843447,95.0086729339778,496.709794843447,14110.8038380775,13688.7436364168,13904.8661430141,64.0876587516604,32.457530055792,43.9991589136304,-734.556336143228,-337.606108056461,1.49011611938477e-08,1.49011611938477e-08,1.82157162954976,1.69481081680184,1.49011611938477e-08,3.20320752113731,15,35
0.487,200,35,495.936897191704,95.2594140197015,495.936897191704,13943.7459969492,13480.8684251422,14371.0662405391,63.0676921179685,37.3903673314203,42.1579744588463,-670.095929159608,-523.535250243874,1.49011611938477e-08,1.49011611938477e-08,1.80595722299481,1.73835277327801,1.49011611938477e-08,2.70782244561418,15,35
0.488,200,35,458.77609864201,103.259999777672,458.77609864201,13529.015719076,13760.5696187001,14544.0505800546,60.8430656345658,40.8963690733555,40.5569944560309,-550.857568760499,-568.929534322854,1.49011611938477e-08,1.49011611938477e-08,1.89514006278694,1.80779830990341,1.49011611938477e-08,2.44546905784332,15,35
0.489,200,35,375.217525133789,105.343539687836,375.217525133789,13417.3221202424,14160.9898370403,14220.9719720978,59.0479251791168,42.7002690437981,40.2573411612345,-482.560175321126,-487.82602143588,1.49011611938477e-08,1.49011611938477e-08,1.9465376829249,1.66926019882119,1.49011611938477e-08,3.63867796834064,15,35
0.49,200,35,260.665445369339,106.059542702644,260.665445369339,13770.1943033903,14175.5773714764,13809.2233985114,59.0869302884371,43.2030815809612,41.717150667294,-483.897183156231,-343.652592409311,1.49011611938477e-08,1.49011611938477e-08,1.94368572911038,1.39336642946988,0.165737246153475,16.7586106982659,15,35
0.491,200,35,235.883912368205,106.21350656155,235.883912368205,14141.4388878823,13785.9184207644,13835.8737658553,60.4135652908183,42.7870447140844,44.265710849678,-503.556741497549,-231.991624445453,1.49011611938477e-08,1.49011611938477e-08,1.83651124031992,1.33950276458134,0.619820939543043,6.87104158701751,15,35
0.492,200,35,396.254486226016,105.180304336299,396.254486226016,14090.0914575618,13479.4655795079,14268.7440627802,60.8502988035356,41.6200896302855,46.6813421767776,-463.866391667968,-192.465297100316,1.49011611938477e-08,1.49011611938477e-08,1.77971390959834,1.62559020969249,1.0716072580622,4.92932969992967,15,35
0.493,200,35,634.234549090941,-875.290990589765,634.234549090941,13712.8185728081,13657.8568768073,14571.741307033,58.1338371653911,39.8598266133639,47.3569520294812,-369.114579111549,-201.149720122357,1.49011611938477e-08,1.49011611938477e-08,1.8628954511245,2.16340893149969,1.5457009675754,6.18781488163973,15,35
0.494,200,35,633.499361132509,-7158.37637210015,633.499361132509,13513.8342647922,14084.2868590605,14406.1854025073,51.9713969070748,38.2619328057614,45.5434501801822,-321.067118683219,-189.506795836923,1.49011611938477e-08,1.49011611938477e-08,1.93897436883247,2.51794435451293,1.77572403355358,9.17497272774133,15,35
0.495,200,35,598.729549014089,-875.714761833731,598.729549014089,13764.2964656503,14211.7587043213,14011.3138667562,44.3102881160319,37.6447199254269,41.7497499891364,-406.503706372969,-97.8544116892824,1.49011611938477e-08,1.49011611938477e-08,1.95801628045531,1.71634422815846,1.41742777848185,6.2754911083457,15,35
0.496,200,35,466.070026187445,102.459566489605,466.070026187445,14136.5846409959,13880.2848965462,13909.8804650188,41.231048479009,38.4270043136171,38.9010569244196,-608.009808546514,25.9219807027578,1.49011611938477e-08,1.49011611938477e-08,1.87704523216916,0.630473367223796,0.848913451315397,2.10504706743085,15,35
0.497,200,35,220.094235951573,106.297510051586,220.094235951573,14160.9023920645,13495.8240625867,14258.19242107,46.1035981575174,40.2134100918334,39.5895392462464,-798.436042587276,80.1577415096586,1.49011611938477e-08,1.49011611938477e-08,1.78694651326046,1.49011611938477e-08,0.414874469470414,1.2712329463999,15,35
0.498,200,35,139.645319959964,106.787478345673,139.645319959964,13780.9802569053,13554.1957883723,14583.1383651916,53.3583343304698,41.9027228748862,42.3700138237096,-842.902412008376,50.1775635587334,1.49011611938477e-08,1.49011611938477e-08,1.843777751041,0.346740391721564,1.49011611938477e-08,1.47423849255331,15,35
0.499,200,35,318.655266098553,105.722103009876,318.655266098553,13436.9677907115,13980.9548380707,14422.7468802507,60.2187805389915,42.9801665516212,46.125954512601,-825.871396270887,-23.6658621950053,1.49011611938477e-08,1.49011611938477e-08,1.92666106684835,0.718764780017484,1.49011611938477e-08,2.02269281217053,15,35
0.5,200,35,635.121787669864,-7450.18766190153,635.121787669864,13597.9388250858,14243.3569577223,13984.5452270926,64.2132908924674,43.3422629645472,48.980187486118,-747.991913000414,-177.867235457324,1.49011611938477e-08,1.49011611938477e-08,1.95376175416275,1.14814710136177,0.221765774719032,3.17239307035424,15,35
0.501,200,35,630.361681418948,-6152.83519378651,630.361681418948,13985.7274313961,14031.400826854,13786.8711121286,64.3765543017889,42.5043998027869,49.8570155253541,-611.665831996596,-299.758512886674,1.49011611938477e-08,1.49011611938477e-08,1.90444119713597,1.55745954018914,0.674165280060097,4.39406573800736,15,35
0.502,200,35,599.490123820384,-398.056073278725,599.490123820384,14044.4768659668,13627.1754437998,14037.7980418082,63.2836661037097,39.8483106395169,49.863649892669,-471.810648073504,-280.923577218902,1.49011611938477e-08,1.49011611938477e-08,1.81605779895055,1.82236989626986,1.19897408993829,4.06121097491587,15,35
0.503,200,35,598.58796747339,-802.276995082946,598.58796747339,13720.817722459,13561.9758969662,14448.6354821675,62.3526857008971,35.4482312869207,49.385595837194,-368.530364203742,-186.216324914894,1.49011611938477e-08,1.49011611938477e-08,1.84620624209783,2.08214484732327,1.78306004341835,3.27326512810625,15,35
0.504,200,35,545.88729451034,14.7916196490421,545.88729451034,13322.5350485929,13925.6969954699,14450.2584978851,61.9167022175182,30.4523064744751,48.4526975255181,-353.050877302666,-88.9598413911342,1.49011611938477e-08,1.49011611938477e-08,1.92304310341914,2.28863985605703,2.31047689364208,2.76710532826052,15,35
0.505,200,35,482.282646229434,99.8468418059531,482.282646229434,13367.644398273,14234.4622723077,14028.8034535292,62.5871843779064,27.384987992274,47.1296767573178,-472.960956229744,-47.5246299652068,1.49011611938477e-08,1.49011611938477e-08,1.95175783171885,2.18076658853163,2.2834614107219,2.57417033696593,15,35
0.506,200,35,470.731558532264,101.952484796562,470.731558532264,13814.2174125462,14092.4883067111,13712.896933074,63.7983583527464,28.9198171384692,45.3583168257317,-655.156213122578,-141.108280862699,1.49011611938477e-08,1.49011611938477e-08,1.92900393891092,1.85215528558871,0.884332840916857,2.8207073751706,15,35
0.507,200,35,490.889789301829,97.3706587446993,490.889789301829,14110.4823619173,13665.8973235773,13922.3987239585,64.2100854678537,33.8983748885089,43.4824692483371,-745.239397500241,-364.488356766647,1.49011611938477e-08,1.49011611938477e-08,1.81732759457817,1.69480880608686,1.49011611938477e-08,3.08932483679159,15,35
0.508,200,35,494.187292659165,96.0175708713109,494.187292659165,13914.3180717258,13482.8289507424,14386.2132931392,63.1813436164952,38.9695428837032,41.7229607148454,-674.179705699888,-543.765338539314,1.49011611938477e-08,1.49011611938477e-08,1.81061915314618,1.73663907725392,1.49011611938477e-08,2.55014438432831,15,35
0.509,200,35,461.195863619718,103.073755302949,461.195863619718,13503.4129478191,13784.1438869841,14532.877770118,60.9614305295156,42.5238764367313,40.2028646612652,-555.286885105343,-580.331137226202,1.49011611938477e-08,1.49011611938477e-08,1.90011946411301,1.7927039482729,1.49011611938477e-08,2.35055153435635,15,35
0.51,200,35,377.483990437938,105.329592620077,377.483990437938,13420.7904900261,14174.1376893532,14191.6668499505,59.1756219519117,44.360494276785,39.9336382368234,-487.9069839372,-492.571140649479,1.49011611938477e-08,1.49011611938477e-08,1.94798806625829,1.63578154920206,1.49011611938477e-08,3.59742926667054,15,35
0.511,200,35,270.324643723957,106.001606881103,270.324643723957,13790.5056007234,14159.9853993003,13793.1609871267,59.2343279014326,44.8627602423791,41.4625456018813,-487.682043481939,-351.747745419687,1.49011611938477e-08,1.49011611938477e-08,1.94087685485736,1.36091434093722,0.194714168295841,17.1749325133564,15,35
0.512,200,35,256.632017495124,106.087647355393,256.632017495124,14146.1505295545,13758.9027776256,13850.8051063251,60.515938894298,44.4353043221546,44.0611024556276,-504.062162533615,-233.564859516884,1.49011611938477e-08,1.49011611938477e-08,1.83012868261493,1.32649744518808,0.651804233372457,6.63092656458463,15,35
0.513,200,35,428.723913078863,104.713201433433,428.723913078863,14069.1237427321,13473.7369100319,14292.3148298033,60.7925474072043,43.2569322494084,46.4738309690428,-458.517676211064,-195.425407772379,1.49011611938477e-08,1.49011611938477e-08,1.78225676398397,1.63030420521774,1.11946962776412,4.877433203888,15,35
0.514,200,35,639.509221808882,105.607365228952,639.509221808882,13688.3671101521,13678.4854779415,14574.8833047072,57.7580453452733,41.4899169427325,47.008741255608,-362.981767877939,-202.016389483037,1.49011611938477e-08,1.49011611938477e-08,1.86907470363726,2.17091176568168,1.61148414752317,6.14874225642774,15,35
0.515,200,35,631.127179070191,105.082733759145,631.127179070191,13513.2712510243,14101.5326233401,14384.9820242496,51.3657941890554,39.9392132887156,45.0869280274764,-323.880909793822,-183.701470698082,1.49011611938477e-08,1.49011611938477e-08,1.94155215990478,2.47453736700655,1.82602936309929,8.83422781601277,15,35
0.516,200,35,591.318030561547,-264.109901058535,591.318030561547,13783.6357150318,14200.3024071706,13992.6467991961,43.7608809017143,39.3878349831977,41.3366353619009,-415.824862622864,-91.3947330365237,1.49011611938477e-08,1.49011611938477e-08,1.95694899089938,1.60185257453595,1.41632533713335,5.54953113120195,15,35
0.517,200,35,444.016837597702,104.135626853148,444.016837597702,14146.531039101,13850.8224360393,13918.985994195,41.2859249773652,40.2423373595655,38.7812092638862,-636.100738260767,35.9662015395772,1.49011611938477e-08,1.49011611938477e-08,1.87021875165967,0.545158170592718,0.826000525998982,1.92117986220436,15,35
0.518,200,35,200.770519819673,106.416888953882,200.770519819673,14147.60420597,13481.6272535219,14284.5663092802,46.6081660202796,42.0325718476146,39.7105327291267,-822.347162196862,80.7536301360178,1.49011611938477e-08,1.49011611938477e-08,1.78673199712317,1.49011611938477e-08,0.377507823393385,1.2234994831148,15,35
0.519,200,35,145.811603323005,106.752247168488,145.811603323005,13751.5597129955,13568.7750481759,14589.9321264281,53.9445270670022,43.6841586746834,42.5493771025397,-859.302269171016,44.1510141887178,1.49011611938477e-08,1.49011611938477e-08,1.84952623617615,0.308801283263134,1.49011611938477e-08,1.48395506882166,15,35
0.52,200,35,369.039267347618,105.398653990131,369.039267347618,13431.6955930509,14002.6997338774,14405.7504960132,60.7462020909072,44.7363478967024,46.3062621420037,-836.994145617754,-36.429596459436,1.49011611938477e-08,1.49011611938477e-08,1.9295592986381,0.700697504997214,1.49011611938477e-08,2.07941565953974,15,35
0.521,200,35,648.735275720909,-15060.9794713366,648.735275720909,13618.1591489064,14240.8514083832,13967.745089532,64.4902734278204,45.0141577218474,49.0293572476247,-757.722098209661,-182.196299318375,1.49011611938477e-08,1.49011611938477e-08,1.95388028789571,1.12594871824323,0.220260018055729,3.25094346519102,15,35
0.522,200,35,628.043283092831,-5495.26218241832,628.043283092831,14001.7740809948,14006.432501467,13795.5262203474,64.4505000178185,43.9726880774457,49.7875711596169,-609.043902568848,-298.491376082859,1.49011611938477e-08,1.49011611938477e-08,1.89885914654592,1.52039855980294,0.707041255406766,4.36080268797144,15,35
0.523,200,35,599.027499097911,-389.983452964905,599.027499097911,14036.7646654806,13609.3594744842,14068.8530487865,63.278437268499,40.9999512845955,49.7625780607645,-467.006621181079,-265.327348415866,1.49011611938477e-08,1.49011611938477e-08,1.8138452168622,1.78225242005093,1.25693488325275,3.86135057779082,15,35
0.524,200,35,599.197986705254,-864.585072602086,599.197986705254,13695.0052380585,13572.7200811581,14468.3426643604,62.2729075823506,36.3531185626518,49.2139607186324,-363.894902279045,-167.84449249441,1.49011611938477e-08,1.49011611938477e-08,1.85080823341686,2.04838404383407,1.84497201264095,3.09994648978334,15,35
0.525,200,35,542.954745536486,24.8102480146899,542.954745536486,13311.1305576066,13949.2658734672,14441.5983969111,61.793264813642,31.1542952822727,48.2205200150413,-354.17193459702,-70.9069034345102,1.49011611938477e-08,1.49011611938477e-08,1.92572612726451,2.24796534617224,2.37198317510182,2.63088885898166,15,35
0.526,200,35,488.119749117213,98.1710160103737,488.119749117213,13386.1288135641,14241.4946704291,14010.7909756634,62.4417686238171,27.9032901475927,46.8325382847814,-472.018404529333,-33.1065835760351,1.49011611938477e-08,1.49011611938477e-08,1.95252813857775,2.12293223053479,2.3383808532355,2.46921890662818,15,35
0.527,200,35,491.683869323588,97.1438127212664,491.683869323588,13840.8366678379,14072.7485254596,13717.5067064174,63.5766113017179,29.2526203405701,44.986517429049,-662.315561522105,-138.279265161607,1.49011611938477e-08,1.49011611938477e-08,1.92417560237249,1.80411027803997,0.870291725120954,2.76284647111883,15,35
0.528,200,35,496.301520771104,95.1756523206077,496.301520771104,14113.6929741676,13643.9348729357,13954.7137732631,63.8935102178556,34.1106403595657,43.1047118431868,-742.587680740765,-367.048486790707,1.49011611938477e-08,1.49011611938477e-08,1.81235603949899,1.66453983803282,1.49011611938477e-08,3.10138253498228,15,35
0.529,200,35,487.542077067809,98.3831795852619,487.542077067809,13895.2881349147,13488.820993552,14414.9725513545,62.7785830301277,39.0287200465713,41.3691090848965,-664.789678010024,-539.859806632346,1.49011611938477e-08,1.49011611938477e-08,1.81440533515797,1.71518614019214,1.49011611938477e-08,2.59322933578268,15,35
0.53,200,35,443.18455023064,104.202972053421,443.18455023064,13486.8396690145,13809.9334989209,14529.963722461,60.6049678254849,42.436521156731,39.958179221927,-548.392108337084,-567.057599768988,1.49011611938477e-08,1.49011611938477e-08,1.90431694510862,1.76454704350784,1.49011611938477e-08,2.46231301347053,15,35
0.531,200,35,352.699042774757,105.497640780071,352.699042774757,13432.9975693881,14187.9388726161,14168.2321333791,59.0401635334674,44.1583203913983,39.9168883422709,-488.179982937943,-480.636103169951,1.49011611938477e-08,1.49011611938477e-08,1.94911442382003,1.60456661698467,1.49011611938477e-08,3.99460034550115,15,35
0.532,200,35,247.85611007996,106.138028017044,247.85611007996,13817.5143354805,14146.5374092174,13785.0265407435,59.2668291625722,44.5804193260872,41.5980587317335,-488.157157152441,-334.891317352786,1.49011611938477e-08,1.49011611938477e-08,1.93714846462674,1.35505137453128,0.225493712975599,21.7356272470276,15,35
0.533,200,35,246.637308234042,106.149107281001,246.637308234042,14156.238799473,13737.0612642208,13872.6636329699,60.5049295756702,44.0607497122389,44.2468695194119,-498.437930576055,-223.363696541824,1.49011611938477e-08,1.49011611938477e-08,1.82322218546449,1.35171928933936,0.687773221976315,6.08054356364131,15,35
0.534,200,35,426.785077377694,104.747623161254,426.785077377694,14053.6992345244,13474.6156346536,14321.2753921835,60.4885447358615,42.7616662185003,46.5772139786213,-443.489682263157,-190.399123824561,1.49011611938477e-08,1.49011611938477e-08,1.78443672471777,1.67928904412042,1.1699348778953,4.76943175979603,15,35
0.535,200,35,647.334049489614,106.607241865908,647.334049489614,13668.3000700516,13704.0013720208,14578.1322292114,57.1292903186424,40.9123760249428,47.0192445204264,-347.446155197358,-197.280367358897,1.49011611938477e-08,1.49011611938477e-08,1.87466360460813,2.22852875933463,1.66815489988578,6.1143921386669,15,35
0.536,200,35,630.293272164195,105.03295379662,630.293272164195,13517.6615353645,14121.6529970081,14364.1195579941,50.4358375227783,39.3431950366987,45.0049807479716,-314.70665822137,-178.157837140377,1.49011611938477e-08,1.49011611938477e-08,1.94387358575572,2.48895240576613,1.85973677612707,8.64495921034955,15,35
0.537,200,35,587.609115288308,-259.627755508961,587.609115288308,13806.6193611052,14193.0900976125,13975.6664451786,42.8205065487143,38.8639956918967,41.2991938562005,-419.47856636986,-79.8667774415219,1.49011611938477e-08,1.49011611938477e-08,1.95542786741828,1.53743297734104,1.39804680836391,5.12502355986395,15,35
0.538,200,35,433.000867785503,104.536635943365,433.000867785503,14159.8159805431,13827.2977815508,13929.3579382182,40.8458602123196,39.8389480391856,39.0038200351524,-644.576422596255,41.2357726853551,1.49011611938477e-08,1.49011611938477e-08,1.86262699414426,0.496994170347869,0.791066727358273,1.85047995617503,15,35
0.539,200,35,188.650040113428,106.489402728524,188.650040113428,14133.6423641571,13473.9034974971,14308.3876035155,46.6082136086078,41.7492488717848,40.1016168249755,-823.216813316554,74.9826857951521,1.49011611938477e-08,1.49011611938477e-08,1.78626212173322,1.49011611938477e-08,0.329104613535171,1.25283940801318,15,35
0.54,200,35,152.701825119534,106.709158667746,152.701825119534,13724.5501680739,13590.6252039186,14589.145173559,54.0154460115174,43.452909337525,42.9098039010486,-851.760106257056,35.0698886063294,1.49011611938477e-08,1.49011611938477e-08,1.85522769424979,0.352793015962221,1.49011611938477e-08,1.54251628417878,15,35
0.541,200,35,376.392747412658,105.350427514542,376.392747412658,13430.1580898893,14027.9138311368,14381.5205985655,60.773716583285,44.527246060801,46.5761155667654,-826.91646119657,-43.7626828124418,1.49011611938477e-08,1.49011611938477e-08,1.93208593393242,0.744224593180023,1.49011611938477e-08,2.17650731717756,15,35
0.542,200,35,646.006428131366,-13099.43966777,646.006428131366,13641.9426083545,14242.5302176621,13945.228846808,64.3305505000587,44.8031561167376,49.1038100892907,-739.347969694491,-196.053854543357,1.49011611938477e-08,1.49011611938477e-08,1.95340792434681,1.17364068673757,0.197842259533184,3.39267706442169,15,35
0.543,200,35,625.825459917956,-4928.51942258928,625.825459917956,14018.038882876,13985.6824133085,13798.8064664988,64.2053730434532,43.7629653079955,49.7423121207305,-589.443788438783,-302.486362940685,1.49011611938477e-08,1.49011611938477e-08,1.89279370795202,1.56569002392931,0.711500593377269,4.45484482621333,15,35
0.544,200,35,599.941078525225,-400.575124091537,599.941078525225,14025.0585752444,13595.8158496692,14088.1088231415,63.1574046485098,40.8143552532249,49.7163939410335,-455.24743003765,-256.897787342597,1.49011611938477e-08,1.49011611938477e-08,1.81262155810412,1.81252438891277,1.27347247985966,3.80288915436194,15,35
0.545,200,35,600.811324080269,-1049.35899075427,600.811324080269,13667.0169867472,13587.8433061134,14474.1856610478,62.2471217806138,36.1986742894951,49.1118911356766,-360.527587164759,-154.634028627677,1.49011611938477e-08,1.49011611938477e-08,1.85600300697033,2.06933022160344,1.86894863421588,2.99996845754762,15,35
0.546,200,35,548.41279611278,5.02434962093145,548.41279611278,13299.3672612578,13974.2076483339,14418.591792752,61.8692748623936,31.2224016560171,48.0259348708068,-359.36590892721,-64.5701944135834,1.49011611938477e-08,1.49011611938477e-08,1.92847847584244,2.24905671570896,2.42854637766632,2.55062058860001,15,35
0.547,200,35,491.986956775513,96.8262392537523,491.986956775513,13405.5264947725,14244.0523945831,13978.3563755041,62.5869871952621,28.5367818087233,46.5487579511469,-491.877156486017,-34.9069368870967,1.49011611938477e-08,1.49011611938477e-08,1.95350507739393,2.10287736328523,2.25581191938499,2.43499654211623,15,35
0.548,200,35,471.700571028183,101.899087016035,471.700571028183,13864.7743745158,14049.8379819617,13711.6129159062,63.7551215508119,30.5468814413569,44.7000932875333,-684.96889337514,-156.728848464736,1.49011611938477e-08,1.49011611938477e-08,1.91942247001666,1.78366296978183,0.784582376036628,2.75519807229556,15,35
0.549,200,35,489.262992934152,97.9065502754819,489.262992934152,14110.6358006124,13622.3294079724,13975.3619113636,64.0591685092813,35.6846566123699,42.8788518858745,-756.66533627671,-390.751085121404,1.49011611938477e-08,1.49011611938477e-08,1.80915877964245,1.64962062963603,1.49011611938477e-08,2.98884729692633,15,35
0.55,200,35,482.854059664751,99.6746838397502,482.854059664751,13865.5373068203,13493.7750634366,14429.3445799296,62.9530976072743,40.6998711074279,41.1980528744498,-673.949601780445,-557.906299558481,1.49011611938477e-08,1.49011611938477e-08,1.8196643672119,1.69582962982918,1.49011611938477e-08,2.45930003236943,15,35
0.551,200,35,441.67801496762,104.265440637336,441.67801496762,13464.6875832827,13833.5239384126,14515.9036340055,60.8273252636119,44.144391265505,39.8631683084893,-563.413866047219,-579.387340060086,1.49011611938477e-08,1.49011611938477e-08,1.90883539893277,1.72905627749857,1.49011611938477e-08,2.38754261315898,15,35
0.552,200,35,358.854338982503,105.459935678853,358.854338982503,13440.0469157197,14197.7694385871,14137.5321415873,59.3521415723907,45.8879032761292,39.8993788225478,-499.141093717851,-485.251740669969,1.49011611938477e-08,1.49011611938477e-08,1.95029583239441,1.55746677586231,1.49011611938477e-08,3.98457338976984,15,35
0.553,200,35,248.679552721383,106.13061215459,248.679552721383,13838.4282495708,14128.2814131014,13771.0219063263,59.6198114448649,46.2895019186719,41.6532507239005,-496.818338533588,-337.600880541868,1.49011611938477e-08,1.49011611938477e-08,1.93344458275793,1.3245681748273,0.223399337849234,20.7692956101967,15,35
0.554,200,35,260.601556565021,106.063885837147,260.601556565021,14158.9238559163,13711.3755040379,13888.8926853373,60.7542152073215,45.7287576573413,44.3330262400426,-499.043060787007,-228.218639803793,1.49011611938477e-08,1.49011611938477e-08,1.81745910703409,1.34935257384365,0.714246415436381,6.00990928493582,15,35
0.555,200,35,454.173459073223,103.720041131704,454.173459073223,14030.4311089424,13472.7691945862,14341.3172753071,60.4831378729143,44.3760455986901,46.6395019597027,-436.384193193551,-196.183916603538,1.49011611938477e-08,1.49011611938477e-08,1.78804711497,1.6987818407781,1.21931676412949,4.8079871032291,15,35
0.556,200,35,641.407290330802,105.803900901303,641.407290330802,13644.6591782879,13726.3443825124,14575.1067436266,56.7456539847703,42.4986629483255,46.969937606062,-344.422664265043,-200.49970947583,1.49011611938477e-08,1.49011611938477e-08,1.8806198880095,2.25272944320399,1.73737641748652,6.17789152458811,15,35
0.557,200,35,628.303985163149,104.905592170486,628.303985163149,13519.3288214226,14136.6248698501,14338.4868785733,49.7941193137021,40.9853357473318,44.881792175377,-317.594242931869,-175.86576418498,1.49011611938477e-08,1.49011611938477e-08,1.9461982035012,2.46035453174189,1.90216867214184,8.50448366173151,15,35
0.558,200,35,581.038295441862,-204.681079385435,581.038295441862,13825.8088750889,14179.3012749972,13956.0954517592,42.2479191458596,40.5976265621231,41.2538797320707,-437.836334915147,-72.6397805062396,1.49011611938477e-08,1.49011611938477e-08,1.95372913136503,1.44456862690043,1.37999588371762,4.788752754592,15,35
0.559,200,35,414.180954262046,104.940540788981,414.180954262046,14166.5668408288,13798.5091232424,13938.3668251134,40.88185018281,41.6612826054282,39.2329095249789,-670.839834060741,42.8773278464131,1.49011611938477e-08,1.49011611938477e-08,1.85593778866085,0.423765776004744,0.755202076721322,1.75937571190244,15,35
0.56,200,35,180.067790997054,106.540745629534,180.067790997054,14117.1034817335,13463.4893193853,14331.2785001382,47.0099395884237,43.595549037696,40.4679697483269,-842.38055825691,66.4635745696762,1.49011611938477e-08,1.49011611938477e-08,1.7870988696153,1.49011611938477e-08,0.261826592736804,1.25648751733309,15,35
0.561,200,35,168.370008665179,106.619292397536,168.370008665179,13695.4892857047,13608.457896848,14590.3603977559,54.4812924003807,45.2962445722061,43.2323578751542,-863.971026637408,22.5417243250884,1.49011611938477e-08,1.49011611938477e-08,1.86087085192884,0.338643056069054,1.49011611938477e-08,1.60333001941174,15,35
0.562,200,35,410.423744223748,105.024020103012,410.423744223748,13427.3666352541,14048.6245992152,14360.1046543122,61.1685620977287,46.3667883820734,46.8006246417016,-832.889246892823,-64.6844106985111,1.49011611938477e-08,1.49011611938477e-08,1.93459174609377,0.741944157319156,1.49011611938477e-08,2.29488761595066,15,35
0.563,200,35,646.173712585243,-13265.1795141958,646.173712585243,13662.7894017158,14237.3185273287,13926.7052851551,64.496367463595,46.5723084028341,49.1416874551356,-736.709745628952,-214.558864885267,1.49011611938477e-08,1.49011611938477e-08,1.95287064585026,1.16807824166247,0.180845083808772,3.54682028101081,15,35
0.564,200,35,622.975939614486,-4287.09138721242,622.975939614486,14031.6761200587,13960.707969013,13807.2297032041,64.2173256206887,45.3333076500022,49.6667242098349,-580.102049572637,-304.399923949091,1.49011611938477e-08,1.49011611938477e-08,1.88666309257085,1.54889310997679,0.741721029113764,4.47427965802066,15,35
0.565,200,35,602.166739947075,-427.930741600486,602.166739947075,14020.4718303124,13581.3898066567,14123.6080272367,63.0986125507139,42.0831156419186,49.5846472498119,-442.973328186204,-245.409815258233,1.49011611938477e-08,1.49011611938477e-08,1.8108311664078,1.79865971099888,1.33120804734769,3.67028852478136,15,35
0.566,200,35,594.563605627902,-439.416166202088,594.563605627902,13646.1505177019,13602.3176689361,14493.43996667,62.1137852874879,37.2534212979607,48.8715229439669,-349.473866262302,-146.007065131663,1.49011611938477e-08,1.49011611938477e-08,1.86038943894398,2.07434886270303,1.9241363119783,2.91430514413668,15,35
0.567,200,35,531.497240681577,56.0643586779357,531.497240681577,13296.0607585003,13998.1165075563,14409.5219479505,61.7644089634043,32.1369062100594,47.7274833569321,-351.642328931085,-49.1365149026316,1.49011611938477e-08,1.49011611938477e-08,1.93058058232465,2.25336030982069,2.49316316466514,2.48494950686344,15,35
0.568,200,35,478.698020943702,100.6641826107,478.698020943702,13430.8291735257,14248.2445399418,13963.9273013697,62.5930512587172,29.3310412309182,46.1968758324816,-493.116971508408,-19.9504826695889,1.49011611938477e-08,1.49011611938477e-08,1.95386409255333,2.07610775373997,2.32337743873305,2.37547033526321,15,35
0.569,200,35,480.836911946095,100.111120051201,480.836911946095,13892.9439475382,14029.5780300968,13723.1523095778,63.8409154992637,31.1440217293794,44.2374531412317,-688.218261107564,-145.354944739295,1.49011611938477e-08,1.49011611938477e-08,1.91348834123475,1.74047546543818,0.774957890429121,2.72066432487712,15,35
0.57,200,35,497.580945830517,94.5923702314145,497.580945830517,14112.5040514891,13604.0461214201,14011.605267344,64.2246196650057,36.092315658554,42.2525108347278,-756.096007245065,-377.052908986405,1.49011611938477e-08,1.49011611938477e-08,1.80493378435868,1.59907201311543,1.49011611938477e-08,3.06694373802978,15,35
0.571,200,35,493.619685170964,96.2432768837787,493.619685170964,13847.2175311214,13504.6305876632,14458.3197139549,63.1905058713627,40.910993028082,40.3775719462204,-678.13259173441,-530.959120663085,1.49011611938477e-08,1.49011611938477e-08,1.8239537296996,1.63213923664876,1.49011611938477e-08,2.60701262867564,15,35
0.572,200,35,451.521773103218,103.775957346542,451.521773103218,13453.9177225444,13861.0693909884,14515.3626826909,61.1959937223744,44.1879230135889,38.9193448605215,-565.037376693029,-549.928845357204,1.49011611938477e-08,1.49011611938477e-08,1.91262681848661,1.64055549332641,1.49011611938477e-08,2.60904419479707,15,35
0.573,200,35,358.490876174064,105.462172543016,358.490876174064,13458.1714465581,14209.9150088979,14122.7085324568,59.9189061883097,45.799654576488,39.0179646632846,-505.38041953588,-451.622478028157,1.49011611938477e-08,1.49011611938477e-08,1.95143422739736,1.45613447859536,1.49011611938477e-08,4.78477518183517,15,35
0.574,200,35,260.376583261154,106.062911661549,260.376583261154,13864.9433185248,14112.9657339959,13775.6148435672,60.3436311802339,46.0951061952804,40.9546241160976,-505.625297727549,-303.103306895457,1.49011611938477e-08,1.49011611938477e-08,1.92948734572121,1.25107682738362,0.235801857957988,16.8526868127422,15,35
0.575,200,35,273.590696826471,105.986034758977,273.590696826471,14164.5152025796,13690.4534959927,13922.3140619005,61.5170710699198,45.4157686939367,43.8215632148006,-505.567184054262,-197.4228870131,1.49011611938477e-08,1.49011611938477e-08,1.81223848204038,1.31094851576895,0.744925285228803,4.79476331213492,15,35
0.576,200,35,467.753193994244,102.501450041396,467.753193994244,14012.6119028639,13477.139581626,14378.9992096777,61.1045611635545,43.9316155961417,46.1608756899815,-442.289126383077,-169.817382560564,1.49011611938477e-08,1.49011611938477e-08,1.79196343719402,1.6787246845262,1.26670876955768,4.13378256719928,15,35
0.577,200,35,641.166324325956,-10333.54537605,641.166324325956,13626.2340582485,13753.5234394129,14586.7746041171,57.2343427531651,41.9569093516701,46.4214297965199,-345.526909151532,-174.214070604329,1.49011611938477e-08,1.49011611938477e-08,1.88631888747259,2.2223290183015,1.79372811691253,5.29332862554931,15,35
0.578,200,35,627.522874611908,-5344.34707244496,627.522874611908,13526.6444112301,14154.4506128355,14328.3960196305,50.2028808513731,40.3695334522863,44.2489292602251,-325.139282141272,-144.776149176503,1.49011611938477e-08,1.49011611938477e-08,1.9482979674523,2.36717234051491,1.94615778209458,6.70898617272363,15,35
0.579,200,35,576.619777294911,-166.301586266559,576.619777294911,13848.8248721134,14168.9032397703,13953.7769003797,42.9210588123335,39.9625123751949,40.6979050338283,-455.617039151309,-37.8945771072245,1.49011611938477e-08,1.49011611938477e-08,1.9516328512466,1.3532057971371,1.38656306123538,3.70218989031431,15,35
0.58,200,35,403.337874130493,105.084347997242,403.337874130493,14176.5999688505,13775.5129275314,13963.9503113964,42.0233913440921,41.032850777797,38.9610134867828,-690.796546356942,70.8983430324993,1.49011611938477e-08,1.49011611938477e-08,1.84936513928328,0.390670415473811,0.752582350824376,1.5341581133742,15,35
0.581,200,35,169.963264886985,106.601176516877,169.963264886985,14100.605534009,13459.7461311161,14366.7010693267,48.2367716610426,42.974665178701,40.3969262631951,-848.843446075084,85.91470820372,1.49011611938477e-08,1.49011611938477e-08,1.78862920884131,1.49011611938477e-08,0.272174591628955,1.17852119007936,15,35
0.582,200,35,176.925841942483,106.564135630077,176.925841942483,13662.601700419,13632.5958698945,14591.8637958968,55.5862160882981,44.6345850488123,43.2830120652533,-870.165595200034,40.046569686928,1.49011611938477e-08,1.49011611938477e-08,1.86745772604301,0.354369267888675,1.49011611938477e-08,1.5116013579446,15,35
0.583,200,35,428.121775397706,104.735967847022,428.121775397706,13423.1070621868,14072.3547147871,14340.0369284345,62.0268181092753,45.64848600873,46.8667522691674,-837.33923471424,-52.0967423297926,1.49011611938477e-08,1.49011611938477e-08,1.93715002388357,0.751455964559149,1.49011611938477e-08,2.17161049607209,15,35
0.584,200,35,645.837806079039,106.293946037312,645.837806079039,13680.9860720436,14235.1050860577,13913.341400551,64.9893995783711,45.7789564379182,49.0797091066637,-738.472843263176,-205.074148224472,1.49011611938477e-08,1.49011611938477e-08,1.95242953931174,1.1702052999792,0.268560602382509,3.32249291875455,15,35
0.585,200,35,620.451044010384,103.450663144304,620.451044010384,14038.2381459057,13936.740975318,13819.8321046731,64.4878411443745,44.4983947086023,49.525041500408,-582.756747678641,-292.567162370733,1.49011611938477e-08,1.49011611938477e-08,1.88157478940829,1.5394819350348,0.78115825760997,4.14633653276429,15,35
0.586,200,35,603.700188103548,-446.418087104817,603.700188103548,14002.5502307718,13568.3921848508,14150.4402991308,63.3390640626879,41.2557952247268,49.5011306851865,-455.825486382816,-238.191592422008,1.49011611938477e-08,1.49011611938477e-08,1.8114726658014,1.78167257007387,1.36187380456435,3.43770088587743,15,35
0.587,200,35,596.285632948121,-191.781660054279,596.285632948121,13614.2009183617,13617.990229181,14503.343680646,62.2903979691291,36.4228469985852,48.8852921371209,-359.457061842485,-136.545917438533,1.49011611938477e-08,1.49011611938477e-08,1.8662326474357,2.0555886383865,1.94762303500202,2.79031908881286,15,35
0.588,200,35,537.444914696102,41.8503992278501,537.444914696102,13282.8115537343,14020.1221640983,14389.4358625081,61.9181669608266,31.4256903594654,47.841850972956,-369.016378543545,-44.1621201934716,1.49011611938477e-08,1.49011611938477e-08,1.93316576756447,2.22043629539742,2.52733096181197,2.42385165490154,15,35
0.589,200,35,484.493694568676,99.2148850186946,484.493694568676,13447.9207983261,14246.6587114646,13936.6009998463,62.7308263994527,29.0147787168098,46.3768952436101,-518.40711380441,-26.0952019079072,1.49011611938477e-08,1.49011611938477e-08,1.95470404870631,2.03371462883058,2.15367384810522,2.36205340534224,15,35
0.59,200,35,475.909238900867,101.224104015599,475.909238900867,13912.625996199,14003.9341906926,13722.7542180207,63.9286738355257,31.3469746807775,44.4797531615877,-710.398819119836,-166.847612085316,1.49011611938477e-08,1.49011611938477e-08,1.90812213302917,1.71688477485339,0.695307336668999,2.73844572369963,15,35
0.591,200,35,493.053119321365,96.5456834432519,493.053119321365,14106.6589174501,13583.6446729807,14035.3088764182,64.1449675699722,36.5132254575977,42.5249449571628,-764.214942852142,-392.347406888485,1.49011611938477e-08,1.49011611938477e-08,1.8023187278858,1.60299230492806,1.49011611938477e-08,2.99659133339317,15,35
0.592,200,35,486.131403543482,98.7985545639246,486.131403543482,13819.1423479306,13512.4463612566,14472.3972979027,62.902583066242,41.3683772392619,40.6412824242905,-674.712778305242,-551.257154521562,1.49011611938477e-08,1.49011611938477e-08,1.82921545699686,1.65257409730029,1.49011611938477e-08,2.49416287234965,15,35
0.593,200,35,441.778047431062,104.260316390291,441.778047431062,13436.6392814766,13883.975084199,14498.0652899681,60.7712353649702,44.6078336915517,39.2740579844456,-561.424361887573,-560.16929236912,1.49011611938477e-08,1.49011611938477e-08,1.91648076377186,1.65959506025225,1.49011611938477e-08,2.54643996540256,15,35
0.594,200,35,353.21215396147,105.494116078676,353.21215396147,13470.3363074491,14215.4649632456,14090.2881197006,59.508541947643,46.1811291769859,39.5111330336807,-505.551704906347,-454.953816280626,1.49011611938477e-08,1.49011611938477e-08,1.95227647612685,1.46585533238267,1.49011611938477e-08,4.77101726383306,15,35
0.595,200,35,248.907196228513,106.131619041307,248.907196228513,13888.7383391107,14091.8246511123,13762.9995202127,59.9723886952533,46.4456480460067,41.4762520016456,-507.78364945203,-306.629698121693,1.49011611938477e-08,1.49011611938477e-08,1.92456067264401,1.26162085816994,0.279013008565196,17.1275528752073,15,35
0.596,200,35,275.233292859238,105.979320109051,275.233292859238,14167.64437829,13665.4741588741,13938.6123632048,61.0760094353368,45.7624014229953,44.2691556824253,-505.101580687551,-209.635389533569,1.49011611938477e-08,1.49011611938477e-08,1.80651268903501,1.33245821975589,0.769487780946474,5.05598640467444,15,35
0.597,200,35,487.930654181936,98.6539853242989,487.930654181936,13990.4699804123,13477.9478361404,14394.532342566,60.4828571012969,44.288950673731,46.4777406840953,-436.00543298997,-182.743575652291,1.49011611938477e-08,1.49011611938477e-08,1.79567159190737,1.71187656718372,1.28837850947626,4.43771646872713,15,35
0.598,200,35,641.934443806807,105.870757442486,641.934443806807,13607.3912031836,13776.1862074554,14577.2761123392,56.3442851237207,42.3631781850669,46.5752265644758,-341.544515172517,-186.694359241463,1.49011611938477e-08,1.49011611938477e-08,1.89143739391443,2.25302820858726,1.80103891496192,5.78563367855274,15,35
0.599,200,35,625.728673788528,104.682021863839,625.728673788528,13534.2267493031,14166.5478353261,14298.8437693595,49.1336256999487,40.8963844251519,44.2613854171348,-330.333203481716,-153.021545181369,1.49011611938477e-08,1.49011611938477e-08,1.95015333974443,2.33846279577927,1.90081830042485,7.36727390656198,15,35
0.6,200,35,570.805611721283,-120.857679593849,570.805611721283,13871.2605943979,14152.736498881,13934.1806226941,41.9839428338957,40.6264703332948,40.7097155110694,-471.366816424836,-42.4953389463167,1.49011611938477e-08,1.49011611938477e-08,1.94881194744663,1.27379585146283,1.32318911764232,3.76944152861964,15,35
0.601,200,35,387.444102910577,105.242571456101,387.444102910577,14183.793715321,13747.7153331665,13973.3123695281,41.6898393281945,41.8087527379566,39.1571739556281,-695.273185719181,58.3690973275933,1.49011611938477e-08,1.49011611938477e-08,1.84220994252366,0.327325548637369,0.709393159066266,1.54010614849287,15,35
0.602,200,35,165.166095445409,106.629953466192,165.166095445409,14084.1721999459,13453.4826054221,14385.4207992584,48.1978203684772,43.7684590977311,40.6800377150812,-853.131441192222,70.6176292932495,1.49011611938477e-08,1.49011611938477e-08,1.78980375124642,1.49011611938477e-08,0.22142598669526,1.22906004557065,15,35
0.603,200,35,190.630574310556,106.486626897963,190.630574310556,13638.7025710434,13653.6755556559,14587.9456433337,55.5696955732527,45.4179079128671,43.5323198411766,-866.598053413053,21.3381982102871,1.49011611938477e-08,1.49011611938477e-08,1.87245449527065,0.378173771992148,1.49011611938477e-08,1.60476206437606,15,35
0.604,200,35,450.174400879715,103.975385351652,450.174400879715,13426.6764518955,14091.9951807537,14315.0535344922,61.9111867733646,46.4185696484479,47.002182903397,-827.972596251123,-75.1385562740037,1.49011611938477e-08,1.49011611938477e-08,1.93913678886954,0.778886363502846,1.49011611938477e-08,2.32676291803023,15,35
0.605,200,35,643.935973535158,-11891.724946804,643.935973535158,13705.8952921886,14227.7814370939,13893.9350122468,64.6578554304166,46.5061013319795,49.0147706542661,-722.828918936914,-223.806979241644,1.49011611938477e-08,1.49011611938477e-08,1.9509731979622,1.1960493894172,0.2851291124102,3.53073888277943,15,35
0.606,200,35,616.963556487147,-3162.00961085179,616.963556487147,14052.6153372569,13913.4269374762,13828.6844678312,64.0719279498,45.0787290746178,49.3699819433552,-572.371750004382,-294.286326134437,1.49011611938477e-08,1.49011611938477e-08,1.87487505603223,1.55671436200093,0.815339124650185,4.23561421720987,15,35
0.607,200,35,604.94488404458,-461.807040977144,604.94488404458,13991.8719652982,13558.1665280568,14180.046851199,62.9666224787847,41.6239187466111,49.3097957772148,-440.199178649853,-227.15878970368,1.49011611938477e-08,1.49011611938477e-08,1.81067606526806,1.79278648099338,1.41149764296465,3.36582195028341,15,35
0.608,200,35,596.889762200861,-166.456489932657,596.889762200861,13588.930200773,13636.1234042395,14512.4394887299,61.970878424852,36.6840626746711,48.5850562101713,-350.523147612588,-122.783835050563,1.49011611938477e-08,1.49011611938477e-08,1.87086081341681,2.05943183623181,1.98300400737015,2.70040945290097,15,35
0.609,200,35,537.949370270895,40.5265686847387,537.949370270895,13277.5473337114,14043.1693422709,14371.0331472905,61.6617929136289,31.6867777341476,47.4240815477366,-369.735446277115,-32.9328142516916,1.49011611938477e-08,1.49011611938477e-08,1.93509578105893,2.20612300153888,2.57332153871028,2.34632968541318,15,35
0.61,200,35,493.233438855594,96.534326739692,493.233438855594,13469.986175822,14246.5170711058,13915.8342800364,62.5141523965133,29.35913699404,45.8496468474207,-526.112532496938,-22.9708683260004,1.49011611938477e-08,1.49011611938477e-08,1.95492315151832,2.00282685448224,2.14387466680133,2.30544351017288,15,35
0.611,200,35,483.093029291311,99.55490338961,483.093029291311,13935.2404845513,13982.0719060048,13731.1406916192,63.6421127596907,31.7191185326423,43.8890833365319,-705.635056675047,-163.406095885949,1.49011611938477e-08,1.49011611938477e-08,1.90185118525949,1.69847437551572,0.678989758543076,2.71180484455147,15,35
0.612,200,35,494.250590520599,95.7757943587731,494.250590520599,14101.5434612296,13568.0109077821,14066.3004152603,63.7743936323066,36.8140831109665,41.9675177987796,-755.460164140108,-400.149644802333,1.49011611938477e-08,1.49011611938477e-08,1.799586707764,1.59891134716603,1.49011611938477e-08,2.97761019957956,15,35
0.613,200,35,481.259751413788,100.04577874672,481.259751413788,13795.3019215582,13526.4915778448,14491.6651325638,62.4751552908859,41.525807503835,40.1790870636698,-661.195336783579,-549.000911479221,1.49011611938477e-08,1.49011611938477e-08,1.83430797002486,1.6544392319604,1.49011611938477e-08,2.50837608488043,15,35
0.614,200,35,428.684966561128,104.685626410463,428.684966561128,13424.1794020834,13911.4254992278,14487.6087776454,60.3880223543595,44.6304756447058,38.9229652790488,-551.059486131386,-548.685437015664,1.49011611938477e-08,1.49011611938477e-08,1.91988737985907,1.65607737782539,1.49011611938477e-08,2.65019617146627,15,35
0.615,200,35,332.697438863063,105.62552678072,332.697438863063,13487.6641701696,14224.5889504896,14068.0747753605,59.251382616906,46.0998061758825,39.2913626744551,-499.765030267025,-438.146762248436,1.49011611938477e-08,1.49011611938477e-08,1.95301096334869,1.45869662642616,1.49011611938477e-08,5.34315127549237,15,35
0.616,200,35,239.366755611858,106.18695630303,239.366755611858,13913.1317597468,14074.3324369225,13762.5276092977,59.8121946107466,46.2947618419653,41.3658207130272,-502.706577972152,-296.719207477395,1.49011611938477e-08,1.49011611938477e-08,1.9193192064485,1.26661872367788,0.320179671408531,13.7545671733057,15,35
0.617,200,35,276.941437854869,105.965922783365,276.941437854869,14170.3535111617,13646.5993064349,13965.8944481952,60.876764653415,45.5408671689615,44.2077505062985,-496.647435542583,-197.283043174718,1.49011611938477e-08,1.49011611938477e-08,1.80138311742196,1.35461578438859,0.811201103404178,4.68113207474255,15,35
0.618,200,35,492.804386664646,97.1176782661467,492.804386664646,13971.7996384842,13486.4013348676,14422.3115026529,60.0381564154795,43.9852252098986,46.3329521740326,-421.755063132224,-173.782973318546,1.49011611938477e-08,1.49011611938477e-08,1.79973011354614,1.74836675549902,1.34467038923737,4.26897283865318,15,35
0.619,200,35,641.010388288081,105.78118797799,641.010388288081,13591.9798072401,13804.3327533918,14576.59337964,55.651779795038,42.0155476703154,46.3210034353214,-329.539770406392,-176.649602129394,1.49011611938477e-08,1.49011611938477e-08,1.89644631189786,2.2841994065466,1.86483934543497,5.57458120548897,15,35
0.62,200,35,623.887755565921,104.421779211491,623.887755565921,13545.4845519461,14182.0516166827,14279.0625670439,48.2409773012629,40.5392190002836,43.9433679336721,-327.905066951555,-137.578294502198,1.49011611938477e-08,1.49011611938477e-08,1.95189277337594,2.2998693605326,1.93563983578439,6.74861758912795,15,35
0.621,200,35,562.530998578376,-65.489223597692,562.530998578376,13895.2156881849,14139.0099655154,13925.1176416511,41.3050108017202,40.3331984061798,40.5326648214962,-470.019476711612,-31.3048418970411,1.49011611938477e-08,1.49011611938477e-08,1.94554317530069,1.19414608353061,1.30630398746152,3.35224634493994,15,35
0.622,200,35,368.315462617294,105.389821690963,368.315462617294,14191.4463070728,13724.4874531335,13992.2970956223,41.6022507645081,41.6111502718241,39.2730214540331,-707.590621701024,67.8962690798605,1.49011611938477e-08,1.49011611938477e-08,1.83537673828544,0.259311090058385,0.677960442941239,1.44959098183496,15,35
0.623,200,35,172.248172454667,106.589522172869,172.248172454667,14067.5471292627,13452.4577670801,14411.9475978697,48.3775020120467,43.6539940492343,40.8888169633295,-856.020235449179,69.3047402487942,1.49011611938477e-08,1.49011611938477e-08,1.79149717052952,1.49011611938477e-08,0.154141352506856,1.2331349196163,15,35
0.624,200,35,199.979457912364,106.430594810905,199.979457912364,13617.3291427192,13678.5244091953,14585.3828127638,55.7688878182455,45.3206001558608,43.7337597709889,-862.832716583284,17.4224636174004,1.49011611938477e-08,1.49011611938477e-08,1.87770132204146,0.402144448062406,1.49011611938477e-08,1.63242872848467,15,35
0.625,200,35,484.08711291642,99.8333924859371,484.08711291642,13434.0788292423,14113.3747260442,14291.8963811841,61.9750542499161,46.3177927465625,47.1003413282464,-818.978594347578,-83.047709545316,1.49011611938477e-08,1.49011611938477e-08,1.94103921495013,0.805354584494126,1.49011611938477e-08,2.3841954750185,15,35
0.626,200,35,643.480395232118,-11661.0437766109,643.480395232118,13731.6627467382,14222.5931304521,13880.7513283215,64.4649427490518,46.3460379547951,48.9438546418819,-716.257034733005,-221.86775723651,1.49011611938477e-08,1.49011611938477e-08,1.94952095095786,1.21955627863339,0.292803375725326,3.58474286276999,15,35
0.627,200,35,613.394235566355,-2620.56452258066,613.394235566355,14062.2088921218,13888.9329834859,13841.5387388723,63.7904072981424,44.8742935091014,49.2168943997653,-560.298210132604,-287.78931173595,1.49011611938477e-08,1.49011611938477e-08,1.86884080833839,1.56890169218315,0.831499145101758,4.18171775406681,15,35
0.628,200,35,608.424346749926,-507.300657426841,608.424346749926,13984.610034466,13548.9522219924,14210.3360785787,62.7470398843497,41.4109580598685,49.1344353157564,-433.637494611967,-213.228954683176,1.49011611938477e-08,1.49011611938477e-08,1.8109467455348,1.79891007443833,1.43392344460556,3.26132746251062,15,35
0.629,200,35,593.044014795135,-357.693837564029,593.044014795135,13568.7647794595,13654.9038713821,14521.3874797185,61.8101595899449,36.5053703542721,48.3552992070283,-349.878289054595,-106.968748133737,1.49011611938477e-08,1.49011611938477e-08,1.87569159306752,2.06490087048027,2.00787952860634,2.61745692366946,15,35
0.63,200,35,528.49413395869,61.467741493724,528.49413395869,13279.3302171276,14065.0714370157,14351.0209569238,61.6233217301541,31.7299225032296,47.1394485568261,-379.976509164266,-19.568991224908,1.49011611938477e-08,1.49011611938477e-08,1.93692254748232,2.19011521366407,2.641638533862,2.28685365745465,15,35
0.631,200,35,471.959189839444,101.764555992772,471.959189839444,13499.237682512,14243.6180535963,13895.6518088596,62.6180107294116,29.8979241484841,45.5132553273171,-536.801374552437,-15.0011849516376,1.49011611938477e-08,1.49011611938477e-08,1.95502012822963,1.95720073347438,2.00474463188031,2.27467187246262,15,35
0.632,200,35,475.393042085539,101.315802367141,475.393042085539,13958.2126203725,13956.3814095557,13740.0800585208,63.9099115079054,32.7492317357841,43.4941350475551,-729.659274617285,-166.745369284538,1.49011611938477e-08,1.49011611938477e-08,1.89560621044172,1.64015143220871,0.598092991459865,2.69359213824083,15,35
0.633,200,35,496.726648223046,94.9929650220386,496.726648223046,14094.3317601701,13550.1265681251,14095.4865240329,64.1668275113901,38.0149868646334,41.456077260809,-775.143665696662,-400.761591328361,1.49011611938477e-08,1.49011611938477e-08,1.79807365585362,1.52979672113174,1.49011611938477e-08,2.9691092664121,15,35
0.634,200,35,494.484252344537,95.8780333464286,494.484252344537,13768.6212583588,13537.410268709,14508.349537595,62.9716708382072,42.7608337463765,39.477960995535,-679.616836265088,-542.013711689599,1.49011611938477e-08,1.49011611938477e-08,1.83992952220274,1.56362594345551,1.49011611938477e-08,2.54274178370974,15,35
0.635,200,35,450.665500369522,103.82484347559,450.665500369522,13412.1670813624,13934.1687058729,14475.1084963839,60.9972735680436,45.8525325634268,38.1764425642101,-571.591166635414,-534.569844253356,1.49011611938477e-08,1.49011611938477e-08,1.9233680494965,1.53376019760733,1.49011611938477e-08,2.77652781158279,15,35
0.636,200,35,356.920191461751,105.469656697711,356.920191461751,13503.716290907,14227.0598689691,14046.8342785596,59.9810771055017,47.3017229392387,38.6548906314215,-522.975416289288,-427.063580045291,1.49011611938477e-08,1.49011611938477e-08,1.95380834933875,1.32689766297976,1.49011611938477e-08,6.16015820518702,15,35
0.637,200,35,260.789371608839,106.060306654253,260.789371608839,13933.7229407018,14050.9780266364,13764.6707774556,60.608795241977,47.4541526354008,40.9212921467903,-525.075510985041,-277.954766975133,1.49011611938477e-08,1.49011611938477e-08,1.91451486701643,1.16724494669389,0.326631899502073,9.82196748997466,15,35
0.638,200,35,307.89619888061,105.781428439275,307.89619888061,14166.3363368885,13623.1628490506,13994.6704599453,61.6305089211372,46.6473602723412,43.9160019685538,-514.34230394509,-181.7549737604,1.49011611938477e-08,1.49011611938477e-08,1.79824932143773,1.28928941504829,0.833725845312407,4.10216036495261,15,35
0.639,200,35,526.991260628106,66.7759045874496,526.991260628106,13944.0336346888,13490.4776583166,14446.4653026773,60.6642496138003,45.0421849924264,46.070257607064,-435.127027653361,-161.025272973682,1.49011611938477e-08,1.49011611938477e-08,1.80562121797386,1.69344969352895,1.38017442637894,3.86967800553519,15,35
0.64,200,35,641.101851975835,105.798660155647,641.101851975835,13571.1363717269,13827.7746195466,14576.1814951861,56.1358451335458,43.0709378995959,45.9776519313977,-345.10881657691,-162.117234778462,1.49011611938477e-08,1.49011611938477e-08,1.90193111870513,2.20244878303323,1.90176197667796,4.96892937896725,15,35
0.641,200,35,622.497804929017,104.120533818488,622.497804929017,13551.4735698645,14191.1534737092,14260.6603003828,48.7472799123356,41.6434702461102,43.5289049861912,-348.574557038008,-121.938520171794,1.49011611938477e-08,1.49011611938477e-08,1.9537381692023,2.153291374443,1.93566514435471,5.60538597137441,15,35
0.642,200,35,557.771678435454,-38.6989112016477,557.771678435454,13913.1797113671,14120.7901589623,13920.4431996029,42.2112324487564,41.4787697953864,40.2180079061852,-504.380125995959,-9.58644686654594,1.49011611938477e-08,1.49011611938477e-08,1.94263173365957,1.0985145642738,1.28782918263272,2.8246771859755,15,35
0.643,200,35,356.098886846752,105.471981454217,356.098886846752,14191.5810647099,13697.9825520969,14016.0768876589,43.0123001978065,42.7653587962883,39.2070768448116,-740.670732761353,81.7125387337169,1.49011611938477e-08,1.49011611938477e-08,1.8302782846497,0.209213866918851,0.670325712156542,1.30363569415976,15,35
0.644,200,35,159.386023717549,106.668547637239,159.386023717549,14043.8126952255,13449.8179832923,14440.1889466165,49.7693356997158,44.7422484528879,40.9464342968959,-876.685467167102,75.0083329949274,1.49011611938477e-08,1.49011611938477e-08,1.79517696741957,1.49011611938477e-08,0.162248485821099,1.17862918666958,15,35
0.645,200,35,210.992430859475,106.360128342706,210.992430859475,13585.0858180797,13701.364203099,14585.3699858978,57.0156490288449,46.3573706573361,43.8236123764548,-879.555398875768,20.264151033823,1.49011611938477e-08,1.49011611938477e-08,1.88376306343766,0.394245025470419,1.49011611938477e-08,1.57997732355767,15,35
0.646,200,35,495.602984819763,96.1798333087498,495.602984819763,13429.9958156562,14130.5427329939,14272.3080404794,62.9512669560189,47.2939243308621,47.1173321459956,-835.419774958461,-78.0310659260494,1.49011611938477e-08,1.49011611938477e-08,1.9432540422412,0.794137680957212,1.49011611938477e-08,2.31340627325947,15,35
0.647,200,35,642.077943475968,105.893217567429,642.077943475968,13746.9073924931,14211.9429786567,13869.4154607635,65.1386730173957,47.2312491530459,48.8145074784991,-722.73163662455,-222.805224253167,1.49011611938477e-08,1.49011611938477e-08,1.94816098699953,1.19937855689746,0.369246717293296,3.4166172962887,15,35
0.648,200,35,610.2966661257,85.0507039329566,610.2966661257,14065.7044551217,13865.7727422409,13858.215552886,64.2554599701757,45.5428555338037,49.0399532971239,-560.211581950521,-279.402274933398,1.49011611938477e-08,1.49011611938477e-08,1.86367741788105,1.54217313379129,0.900291808245405,3.876224696138,15,35
0.649,200,35,610.292090390535,-487.87037050794,610.292090390535,13964.9363565394,13541.5827066505,14243.7288954445,63.0352671124641,41.8166238928228,49.000660761388,-427.978837960357,-201.658461535609,1.49011611938477e-08,1.49011611938477e-08,1.81241886241805,1.78490013988418,1.50883472834456,3.05231964584934,15,35
0.65,200,35,592.890075224191,-292.812359833858,592.890075224191,13538.8510194856,13674.9614623428,14531.8904899024,61.936327460239,36.7072747480012,48.2972267461611,-343.962346247808,-96.5828470043328,1.49011611938477e-08,1.49011611938477e-08,1.8810292643198,2.06265436474999,2.04648762002455,2.50395969412488,15,35
0.651,200,35,529.139224804265,60.6423033062311,529.139224804265,13271.5609709721,14085.7384603198,14333.8212177584,61.6818127250584,31.8296493048922,47.1700895182846,-375.486183548033,-14.262146737586,1.49011611938477e-08,1.49011611938477e-08,1.93890406614689,2.18575139058647,2.69700570245716,2.22162102415036,15,35
0.652,200,35,488.589613198753,98.0685773636651,488.589613198753,13518.0816542836,14238.6762374428,13877.1545592927,62.666460990111,30.0152868873001,45.5856794187968,-544.806284952474,-13.2136121261507,1.49011611938477e-08,1.49011611938477e-08,1.95513013224617,1.94152578490893,2.01853382747569,2.2376043393195,15,35
0.653,200,35,472.752640242872,101.737457672966,472.752640242872,13977.4675894912,13932.8151794003,13751.5503808611,63.8357125808523,32.9015677059201,43.5731750198864,-731.897596417012,-177.869677513741,1.49011611938477e-08,1.49011611938477e-08,1.88897206845344,1.64206128242652,0.587481585674775,2.69800053436208,15,35
0.654,200,35,490.292780182956,97.5523875003387,490.292780182956,14087.4340048204,13537.5801331594,14126.4444784161,63.9009999855146,38.1429767881148,41.5166583348105,-762.936057929983,-415.692534189334,1.49011611938477e-08,1.49011611938477e-08,1.7961493254368,1.5568873482466,1.49011611938477e-08,2.9504614844091,15,35
0.655,200,35,481.269132210905,100.043925696186,481.269132210905,13745.7128574199,13554.8325540318,14522.8409501375,62.5030719362353,42.7915527130781,39.5559431844447,-659.926722301551,-548.789455775419,1.49011611938477e-08,1.49011611938477e-08,1.84511335434912,1.60676425130928,1.49011611938477e-08,2.51332430067281,15,35
0.656,200,35,434.147089808554,104.524718987085,434.147089808554,13403.9671866602,13961.1921471438,14458.4689853974,60.4545637569503,45.7796578746756,38.3216907446645,-557.759038248544,-536.040253434898,1.49011611938477e-08,1.49011611938477e-08,1.92627375184432,1.5756243053534,1.49011611938477e-08,2.81595464925319,15,35
0.657,200,35,334.910969600018,105.611683015384,334.910969600018,13524.6555760659,14233.3132346978,14020.8304648198,59.5066792158996,47.1508322658153,38.9202544846799,-509.17741912009,-419.606750362736,1.49011611938477e-08,1.49011611938477e-08,1.9541497363172,1.36260423705432,1.49011611938477e-08,6.58361260705072,15,35
0.658,200,35,243.201977724702,106.16388914554,243.201977724702,13958.5411125002,14031.4885091444,13762.8479528685,60.1871840719065,47.2606824249132,41.224994086115,-512.31548028471,-271.256775888354,1.49011611938477e-08,1.49011611938477e-08,1.90812659009308,1.20574867561212,0.378748076715683,9.47322037667323,15,35
0.659,200,35,300.445378296003,105.826369985812,300.445378296003,14168.3594634546,13606.4998939892,14018.7566742623,61.1323125526667,46.4255484867101,44.1928435842855,-497.214864267937,-179.910673029871,1.49011611938477e-08,1.49011611938477e-08,1.7934742493839,1.33965639472912,0.878883284169545,4.14586662996169,15,35
0.66,200,35,529.91737163609,62.1256374470929,529.91737163609,13926.402017087,13502.5912714367,14466.7062068697,59.9025260685902,44.7911829640711,46.2202736923329,-413.65580640551,-161.986206143805,1.49011611938477e-08,1.49011611938477e-08,1.80975134680024,1.76132435126506,1.43629055384709,4.00492151793396,15,35
0.661,200,35,640.228532682537,-9927.36266228342,640.228532682537,13560.7147181769,13856.1156352972,14566.0923854774,55.103224282915,42.8326569411912,46.0097128145848,-330.445672714588,-162.63115695011,1.49011611938477e-08,1.49011611938477e-08,1.90621738756828,2.27477372788565,1.95916958886616,5.20620985581468,15,35
0.662,200,35,620.482983472739,-3773.54856903332,620.482983472739,13568.1002796275,14203.975535185,14234.8083994224,47.5164918261472,41.4632168532051,43.5025912768542,-341.702288004973,-117.397838450391,1.49011611938477e-08,1.49011611938477e-08,1.95510017399373,2.15619027361201,1.94554957715549,5.74788725167999,15,35
0.663,200,35,549.031750998247,1.98827856256877,549.031750998247,13938.9823475923,14104.600175609,13909.0625113,41.2043491585941,41.4226497217596,40.3180493156577,-509.388379661813,-3.94829305359106,1.49011611938477e-08,1.49011611938477e-08,1.93823673995349,1.04316609773666,1.24846732407303,2.77275207170372,15,35
0.664,200,35,338.699592641232,105.586603041883,338.699592641232,14198.0481449765,13676.171173339,14032.3170861663,42.5828960182864,42.8310201490653,39.5214838902207,-747.034042527214,80.2061843054551,1.49011611938477e-08,1.49011611938477e-08,1.82366679000131,0.124306786280998,0.622343627194462,1.31154705726021,15,35
0.665,200,35,162.775157371403,106.644193964729,162.775157371403,14027.5934958327,13452.9113342481,14460.683042181,49.6146207141718,44.8917963007185,41.2884240727174,-873.224215250145,65.2547902563138,1.49011611938477e-08,1.49011611938477e-08,1.79737877704365,1.49011611938477e-08,1.49011611938477e-08,1.23872024959242,15,35
0.666,200,35,230.178788033989,106.249696922806,230.178788033989,13568.7946787384,13727.8610978006,14577.0747938524,56.9461259375764,46.5306842290829,44.1477019911191,-871.995387453885,11.7578213001954,1.49011611938477e-08,1.49011611938477e-08,1.88834364106632,0.425013502597666,1.49011611938477e-08,1.66679171495767,15,35
0.667,200,35,527.153577409399,67.6080851133045,527.153577409399,13443.0982117914,14150.1586269373,14245.1162784915,62.778245238674,47.4663967242183,47.3157461666139,-821.641483947726,-94.0061560766915,1.49011611938477e-08,1.49011611938477e-08,1.94476075352245,0.828783143066618,1.49011611938477e-08,2.45242509129446,15,35
0.668,200,35,640.996112223718,105.796332237589,640.996112223718,13774.7016658979,14203.6682169355,13855.2949096438,64.7331879837136,47.3294031404905,48.8531286403057,-703.398978353306,-234.488225069603,1.49011611938477e-08,1.49011611938477e-08,1.9458036483333,1.23401114827235,0.357173797014383,3.589409248242,15,35
0.669,200,35,605.902535187042,57.2637283763218,605.902535187042,14072.7109689462,13841.0155419852,13870.17771024,63.8118076700848,45.5889934962196,49.0155986476184,-542.999704628902,-277.713868559797,1.49011611938477e-08,1.49011611938477e-08,1.85756264939188,1.56773398117614,0.909175048573865,3.9415712507869,15,35
0.67,200,35,613.231632228109,-843.360629513867,613.231632228109,13948.0732495904,13535.96313892,14264.6114085593,62.7319588437343,41.8329925627438,48.951154811486,-418.888513284294,-190.122987147172,1.49011611938477e-08,1.49011611938477e-08,1.81379575300369,1.79871798963816,1.52880721081657,3.00003142510127,15,35
0.671,200,35,594.81850682728,-428.59127416943,594.81850682728,13514.1785930967,13696.221399448,14530.0898656017,61.7502914726927,36.7692683187821,48.1532891101249,-346.821684909098,-88.2787616602583,1.49011611938477e-08,1.49011611938477e-08,1.88583805851721,2.06095545473096,2.07251268463819,2.42939390001695,15,35
0.672,200,35,529.717426297428,59.456029881885,529.717426297428,13272.0649274388,14106.6058470967,14305.6577133961,61.5839883901922,32.1189002467728,46.9078642866971,-388.364894268342,-6.33757132311849,1.49011611938477e-08,1.49011611938477e-08,1.94056726774356,2.15867088663427,2.78036321078485,2.16571574228056,15,35
0.673,200,35,476.311502112432,101.049140787521,476.311502112432,13544.1924807253,14233.136740217,13853.1215653776,62.587744076037,30.7521625327607,45.2425284128575,-565.67273599706,-19.9614166361971,1.49011611938477e-08,1.49011611938477e-08,1.95489830024419,1.90502061686919,1.87931108067047,2.2223585230101,15,35
0.674,200,35,482.15629697244,99.9349703854021,482.15629697244,13993.8040498487,13906.0184891623,13758.1321472558,63.763047458794,34.0603668834036,43.2439144309294,-749.964138449717,-198.447993861695,1.49011611938477e-08,1.49011611938477e-08,1.8827254377787,1.61272651015893,0.506559955301553,2.69735349856718,15,35
0.675,200,35,489.646273871137,97.7638652029828,489.646273871137,14073.2844582277,13521.7910179094,14150.5099958769,63.8128649346006,39.4036553694632,41.2774069076631,-771.757864965746,-435.605092398909,1.49011611938477e-08,1.49011611938477e-08,1.795833422466,1.53271757163139,1.49011611938477e-08,2.85848287017741,15,35
0.676,200,35,474.841697925378,101.321882285132,474.841697925378,13715.3266142604,13568.0405317072,14531.0087059944,62.4442540231452,44.0516769662796,39.3717446656244,-672.601815262438,-558.282207350423,1.49011611938477e-08,1.49011611938477e-08,1.8508683272454,1.57670894056489,1.49011611938477e-08,2.42704017717797,15,35
0.677,200,35,420.74523453247,104.840568358075,420.74523453247,13391.3631401055,13982.6856680763,14436.6095834777,60.4964127426228,47.0116060548383,38.2715661033371,-566.873061326012,-540.432586843573,1.49011611938477e-08,1.49011611938477e-08,1.9291838782772,1.53305996566905,1.49011611938477e-08,2.79830941893035,15,35
0.678,200,35,320.589838506513,105.697152091309,320.589838506513,13540.5009574537,14232.0794708173,13992.6965588273,59.6688319177189,48.352239699424,38.991444131774,-519.384476618553,-419.938773333894,1.49011611938477e-08,1.49011611938477e-08,1.9543915646811,1.32390671038,1.49011611938477e-08,6.80797629559925,15,35
0.679,200,35,239.934938032249,106.185234121701,239.934938032249,13977.3215491099,14007.1653719945,13760.2861977682,60.3672524470656,48.4113122265865,41.3764301710145,-518.658298692555,-272.645078394179,1.49011611938477e-08,1.49011611938477e-08,1.90201177497841,1.19240185809413,0.396193964055707,8.96244644287597,15,35
0.68,200,35,315.671532280275,105.735934799705,315.671532280275,14161.6147687177,13585.559915672,14040.8535571774,61.142825418925,47.5051329054688,44.3432088110207,-494.138471926836,-184.784637149588,1.49011611938477e-08,1.49011611938477e-08,1.79021274173165,1.35102735811598,0.913399444761714,4.13282346786661,15,35
0.681,200,35,540.781914970135,35.9787299779707,540.781914970135,13898.7078512329,13509.962230136,14480.161798633,59.6135809901441,45.8009200700348,46.2984334361318,-410.423727447737,-167.846308872421,1.49011611938477e-08,1.49011611938477e-08,1.81524855685144,1.78696515524504,1.48758166417649,4.05841389632928,15,35
0.682,200,35,638.620193684197,-9162.68478282085,638.620193684197,13543.3153901203,13879.3315725147,14553.2349624454,54.5025145297848,43.8321546401753,46.0063347277255,-326.105191108754,-165.750589184904,1.49011611938477e-08,1.49011611938477e-08,1.91079155138347,2.28723739315507,2.0136649067232,5.26313656109123,15,35
0.683,200,35,618.068225738915,-3339.75534267242,618.068225738915,13577.5038177123,14208.7225372801,14206.3940670531,46.7367154327369,42.530027576529,43.471253311601,-349.866498222255,-115.235294856467,1.49011611938477e-08,1.49011611938477e-08,1.95647745165297,2.09422063035503,1.941851394927,5.63364046395018,15,35
0.684,200,35,538.358362971415,37.7716606374589,538.358362971415,13957.0524990091,14083.2698506076,13897.7279728305,40.7192872622668,42.603599746359,40.432274601316,-530.725570547142,-1.20604391679043,1.49011611938477e-08,1.49011611938477e-08,1.93398263495293,0.964540113705186,1.206059568861,2.63742116165166,15,35
0.685,200,35,316.922966128583,105.716451030763,316.922966128583,14196.0999798701,13650.0052362013,14048.9072259651,42.7403717860163,44.1297092802062,39.8568746855972,-768.524286438816,73.2512253666939,1.49011611938477e-08,1.49011611938477e-08,1.81821940367728,1.49011611938477e-08,0.576140175618432,1.28819408363196,15,35
0.686,200,35,148.300023192238,106.732891300587,148.300023192238,14003.2448682315,13452.6570611617,14478.1117085974,50.0298616283741,46.2335095166822,41.6612450377601,-882.25034354397,52.7401147652719,1.49011611938477e-08,1.49011611938477e-08,1.80088868327232,1.49011611938477e-08,1.49011611938477e-08,1.28389449082267,15,35
0.687,200,35,237.491291399374,106.205329362606,237.491291399374,13546.2944819422,13750.7235749772,14568.4108049057,57.4032907162342,47.8965984939478,44.4514188923962,-876.570170103789,-7.59713929148065,1.49011611938477e-08,1.49011611938477e-08,1.89316071389455,0.438608083257619,1.49011611938477e-08,1.75522952992623,15,35
0.688,200,35,536.003926848112,49.7902449164395,536.003926848112,13449.5783016358,14163.1252371195,14218.6683382865,63.1306290441658,48.8183697404848,47.49795736443,-819.312426544542,-117.193333116585,1.49011611938477e-08,1.49011611938477e-08,1.9463410657096,0.845413019053369,1.49011611938477e-08,2.59939490704971,15,35
0.689,200,35,639.90375934577,105.698841344072,639.90375934577,13796.9889644503,14189.5417017484,13841.0331762952,64.9546313002921,48.627550507349,48.9062825233834,-692.724179342424,-252.490612539936,1.49011611938477e-08,1.49011611938477e-08,1.94310346286959,1.25133382107527,0.361221031943637,3.75931997698287,15,35
0.69,200,35,603.065282764321,25.0717793544665,603.065282764321,14079.240513814,13818.1065109203,13883.9492861952,63.9892075917193,46.7018550032339,49.0264446994865,-527.132596086887,-279.233557574566,1.49011611938477e-08,1.49011611938477e-08,1.85170691714526,1.58348661530427,0.942264088943245,3.96038016047126,15,35
0.691,200,35,614.123234254352,94.797654198005,614.123234254352,13929.6918246311,13531.3112814338,14290.9429382281,62.896343863697,42.7513329007056,48.9126296120085,-408.348505535815,-188.073220363798,1.49011611938477e-08,1.49011611938477e-08,1.8153092795989,1.82112806659801,1.57505309719414,2.94790428193437,15,35
0.692,200,35,593.443818476453,-282.829214268198,593.443818476453,13489.7368287336,13717.5621898685,14531.4713276701,61.9202136611637,37.5948659456802,48.0368189189211,-336.119245604497,-78.6636104150047,1.49011611938477e-08,1.49011611938477e-08,1.89035646017447,2.08570573066894,2.09600861051354,2.37830056622003,15,35
0.693,200,35,527.064436739976,64.7278915469072,527.064436739976,13272.9904336271,14124.2221550248,14281.9370045698,61.8118014552404,33.0122656924315,46.7192322658536,-388.4023432553,0.683580484899115,1.49011611938477e-08,1.49011611938477e-08,1.94206929286092,2.17028202523088,2.87100690883517,2.13065774633219,15,35
0.694,200,35,488.331264732726,98.0613713638255,488.331264732726,13569.5174004828,14224.529093472,13834.7501893536,62.8661754258821,31.7748922505917,44.9841388253284,-574.094870502715,-21.6621548549601,1.49011611938477e-08,1.49011611938477e-08,1.95418700433601,1.89666356146685,1.85366530782652,2.2081777371251,15,35
0.695,200,35,478.037053406025,100.817041457131,478.037053406025,14013.093990257,13881.4613234739,13772.0545530797,63.9794802369417,35.0421581606645,42.9557272621705,-752.749188280008,-210.230837458496,1.49011611938477e-08,1.49011611938477e-08,1.87559884532462,1.6100485936692,0.470387173243534,2.7057859427783,15,35
0.696,200,35,486.7832948049,98.658035345302,486.7832948049,14063.1853784581,13511.2724426272,14180.0836529353,63.9760905725956,40.2672026298031,40.9825517567844,-768.567943715859,-436.277309621411,1.49011611938477e-08,1.49011611938477e-08,1.79515324196202,1.53687762962193,1.49011611938477e-08,2.82959511840657,15,35
0.697,200,35,470.139039417272,102.043602711072,470.139039417272,13691.5896945413,13586.833531874,14541.2216143125,62.5929308429453,44.7689931373017,39.1382922344252,-663.841485975158,-559.505284904343,1.49011611938477e-08,1.49011611938477e-08,1.85626599306701,1.57954422938047,1.49011611938477e-08,2.41801400922716,15,35
0.698,200,35,415.867124516764,104.924107451307,415.867124516764,13386.0506135233,14007.6733342189,14418.4266332411,60.7429820204113,47.611508541234,38.1277153643136,-561.36001253548,-533.772936638363,1.49011611938477e-08,1.49011611938477e-08,1.93173380382395,1.52632273565223,1.49011611938477e-08,2.88048819183913,15,35
0.699,200,35,317.53102778003,105.717942820372,317.53102778003,13562.7874081031,14234.6454771457,13970.4419437975,60.0554652982659,48.8598137294798,38.9750804631988,-516.467439346908,-409.000679256537,1.49011611938477e-08,1.49011611938477e-08,1.95439948112068,1.31948849112292,1.49011611938477e-08,7.61789215091237,15,35
0.7,200,35,241.950942194037,106.174104674395,241.950942194037,13999.3850376415,13985.4700113708,13764.8129247109,60.7964734659479,48.828481257032,41.4277387298463,-513.137826149241,-263.384924782546,1.49011611938477e-08,1.49011611938477e-08,1.89521129214422,1.21043004205431,0.409911566507801,8.09437533840057,15,35
0.701,200,35,317.171538617495,105.726939644369,317.171538617495,14158.9662786748,13570.6574324324,14068.6468177767,61.4351365370518,47.8194886277595,44.4002162880765,-484.478094524697,-182.046704328281,1.49011611938477e-08,1.49011611938477e-08,1.78699448133446,1.3934405533973,0.950197963773118,4.01840457108845,15,35
0.702,200,35,557.141527883839,-27.8323800933997,557.141527883839,13877.9375421285,13524.96343959,14499.8945195885,59.5833018445185,45.9890779660963,46.2672950580408,-392.113960734611,-163.945938670897,1.49011611938477e-08,1.49011611938477e-08,1.82033263901694,1.85221546171033,1.55092922680328,4.03358682921203,15,35
0.703,200,35,638.682828916959,105.591603808948,638.682828916959,13533.2413999257,13907.3262592946,14542.605900429,54.1810456672136,43.939246623221,45.8881333325736,-311.450102012249,-159.475794433771,1.49011611938477e-08,1.49011611938477e-08,1.91485606098485,2.35599826654741,2.09490431753309,5.22904229419618,15,35
0.704,200,35,616.133374867675,-3022.15279640831,616.133374867675,13594.3084818538,14218.8460495513,14183.6629997354,46.2444375213326,42.6131191871263,43.3238206856831,-346.122143221373,-103.519115144229,1.49011611938477e-08,1.49011611938477e-08,1.95759963257358,2.09173051793618,1.98259844869905,5.36373796189639,15,35
0.705,200,35,532.03883194555,53.8929157838518,532.03883194555,13979.7274717325,14064.9244520148,13893.0435830934,40.4558333815456,42.7266858907197,40.4317132823144,-538.525174247436,10.8024692855346,1.49011611938477e-08,1.49011611938477e-08,1.92895165947042,0.924431833695809,1.19050840459355,2.47096117554576,15,35
0.706,200,35,317.505517753783,105.716640298432,317.505517753783,14197.1294022565,13629.6996579051,14070.8133708336,42.8936616591596,44.2978779910479,40.057111824272,-766.999560011586,76.7014879937746,1.49011611938477e-08,1.49011611938477e-08,1.81285308812137,1.49011611938477e-08,0.546124522231956,1.25681435886737,15,35
0.707,200,35,149.234736419126,106.725199954373,149.234736419126,13983.1129263515,13459.5489092213,14500.4025523582,50.2494304810283,46.4245353727255,41.8598903651617,-881.654439877865,49.3736224004305,1.49011611938477e-08,1.49011611938477e-08,1.80433890350572,1.49011611938477e-08,1.49011611938477e-08,1.30880752638326,15,35
0.708,200,35,259.38459262471,106.074672511556,259.38459262471,13530.1322721935,13778.5324597428,14561.3016295417,57.6087755297237,48.0850266214022,44.6349831320614,-871.74779626518,-13.3116483457507,1.49011611938477e-08,1.49011611938477e-08,1.89767680398501,0.461762920742987,1.49011611938477e-08,1.79811687231098,15,35
0.709,200,35,561.147882550806,-50.7694142609807,561.147882550806,13462.8480646732,14180.8666642047,14196.3958309249,63.1021188881392,48.9791211420326,47.5120783433685,-809.313902646909,-125.549542684734,1.49011611938477e-08,1.49011611938477e-08,1.94775852046204,0.867129683984599,1.49011611938477e-08,2.66149597948191,15,35
0.71,200,35,638.158491402355,-8998.94447939444,638.158491402355,13821.1771811539,14177.7303388954,13833.8935550218,64.6042206294181,48.6748473986942,48.7309073810701,-678.32726286103,-253.493202802573,1.49011611938477e-08,1.49011611938477e-08,1.94020582195075,1.26442742284129,0.393621874319769,3.76868312228061,15,35
0.711,200,35,597.288969725071,-736.475231011836,597.288969725071,14080.0592318773,13792.6057174457,13901.8236728589,63.5570234673419,46.6779811475659,48.8045071843865,-524.128847783342,-270.606799993904,1.49011611938477e-08,1.49011611938477e-08,1.84623213650977,1.58067447177069,0.975269973436548,3.82363802311099,15,35
0.712,200,35,616.905301487273,99.9576209153254,616.905301487273,13908.0774838242,13528.4631790476,14313.7588186402,62.542546265477,42.6678170994404,48.7175899663036,-404.680701814581,-170.099334153527,1.49011611938477e-08,1.49011611938477e-08,1.81780223548935,1.8078872245397,1.60942232635468,2.78968963989553,15,35
0.713,200,35,597.248229562911,-169.913564547823,597.248229562911,13464.642832566,13740.0515817192,14529.7102806982,61.6128974923143,37.5185581014553,47.8080126431671,-341.533330895307,-61.1919204674488,1.49011611938477e-08,1.49011611938477e-08,1.89506078416796,2.05678069270395,2.12081124718626,2.24964511384067,15,35
0.714,200,35,532.544107993688,53.4513669116785,532.544107993688,13274.9392112464,14143.4453994066,14256.0127525962,61.5259496717169,33.0973459868425,46.4245359228045,-404.067877761411,10.9159370083279,1.49011611938477e-08,1.49011611938477e-08,1.94364150915404,2.11847176113945,2.9483268262649,2.03917378998454,15,35
0.715,200,35,481.783002167918,100.009943058403,481.783002167918,13593.8030620946,14215.1356346163,13815.6219596573,62.5487516555926,32.250083773494,44.648666444094,-595.673767615149,-27.792629081358,1.49011611938477e-08,1.49011611938477e-08,1.95349279862724,1.84701294757705,1.74029477800504,2.16411115400277,15,35
0.716,200,35,481.045835777211,100.015575741582,481.045835777211,14025.1013549266,13853.5771977758,13783.7185362444,63.6123588180666,35.9367883042241,42.6677680140596,-763.619087969358,-219.09164553298,1.49011611938477e-08,1.49011611938477e-08,1.86932639780701,1.57898845404774,0.405244959782857,2.68199052572514,15,35
0.717,200,35,478.599179909981,100.65359571079,478.599179909981,14045.229193173,13498.4154732776,14205.4514038135,63.5345471585146,41.2999958054382,40.8273404862569,-773.783479601165,-457.436393526374,1.49011611938477e-08,1.49011611938477e-08,1.79586021125652,1.51900714474337,1.49011611938477e-08,2.73150447577958,15,35
0.718,200,35,453.931275819348,103.632950900144,453.931275819348,13660.9836163918,13602.6570522502,14546.71617127,62.1108736532355,45.8266219779092,39.064337204618,-665.513065851578,-572.434090291999,1.49011611938477e-08,1.49011611938477e-08,1.86198280452819,1.5621714529519,1.49011611938477e-08,2.34067855928655,15,35
0.719,200,35,392.85720210406,105.199952624402,392.85720210406,13376.0651280545,14027.7946751527,14393.6358150981,60.3073917036997,48.6533757252632,38.1962349083129,-565.129967754479,-538.721201945031,1.49011611938477e-08,1.49011611938477e-08,1.93417108249334,1.50168208533729,1.49011611938477e-08,2.87087488976084,15,35
0.72,200,35,295.838091257447,105.849012510118,295.838091257447,13580.2155065581,14229.6409894747,13942.675477239,59.6932980792374,49.8789101489968,39.1397319272384,-520.927968146257,-411.048724418071,1.49011611938477e-08,1.49011611938477e-08,1.95411379252906,1.30006814738662,1.49011611938477e-08,7.80026363478667,15,35
0.721,200,35,227.369691889399,106.261440335783,227.369691889399,14015.8392116604,13959.5895156601,13764.5875586795,60.4130336413864,49.8221080365293,41.6303039370565,-513.925865816254,-273.916727189237,1.49011611938477e-08,1.49011611938477e-08,1.88838504769451,1.20990173309002,0.451320966418936,7.96251982513116,15,35
0.722,200,35,330.836724337597,105.643430351722,330.836724337597,14148.7981264579,13552.2929657384,14090.4012948195,60.85704412561,48.7749924293315,44.5663108688408,-476.249977646505,-189.845660136488,1.49011611938477e-08,1.49011611938477e-08,1.7846541093555,1.41156256361694,0.996105374545548,4.08280312626284,15,35
0.723,200,35,563.630156350289,-64.0749939351803,563.630156350289,13849.5947146393,13535.1364338525,14509.2545975283,58.678894087387,46.9238592568867,46.3306222330663,-380.044681137988,-172.435968005372,1.49011611938477e-08,1.49011611938477e-08,1.82610017817212,1.8789825547126,1.60939494758524,4.15312563086872,15,35
0.724,200,35,637.166552646099,-8550.05903572429,637.166552646099,13519.2266588569,13929.4793401549,14525.2585054822,52.9247179160391,44.9192363938584,45.8622449331761,-306.068457137187,-164.611884164588,1.49011611938477e-08,1.49011611938477e-08,1.91891052911293,2.3582574668184,2.148777525601,5.36989326970185,15,35
0.725,200,35,612.424186934398,-2473.64689275596,612.424186934398,13606.7525388065,14219.9538309391,14153.4462070173,44.8031566962806,43.7110125424895,43.2971485503692,-355.39620013569,-103.586017049942,1.49011611938477e-08,1.49011611938477e-08,1.95859389553262,2.00267477861845,1.95641516144857,5.34187974495722,15,35
0.726,200,35,517.029869684604,78.6189395388482,517.029869684604,13997.7261612139,14041.07336591,13882.3200605104,39.4836142774284,43.994246493054,40.6273198487087,-547.983536233078,3.17960230372292,1.49011611938477e-08,1.49011611938477e-08,1.923606555964,0.829037558794021,1.1305603426788,2.388335698043,15,35
0.727,200,35,275.177441789766,105.967651004486,275.177441789766,14193.4995662714,13605.2678407813,14086.3488723283,42.7419799653594,45.730679918642,40.4848940744392,-787.061631923127,62.681921922348,1.49011611938477e-08,1.49011611938477e-08,1.80788808345543,1.49011611938477e-08,0.478993304442358,1.26971729183937,15,35
0.728,200,35,142.780593457637,106.768009261468,142.780593457637,13958.6625014631,13462.3761822069,14512.9436989413,50.4365110700239,47.9251348785395,42.2888684845971,-889.24449902458,26.5516520012903,1.49011611938477e-08,1.49011611938477e-08,1.80826545211301,1.49011611938477e-08,1.49011611938477e-08,1.39923212158942,15,35
0.729,200,35,272.207728534943,106.001728506598,272.207728534943,13511.8969780052,13801.4735892665,14546.9806185483,57.8869374010437,49.6127689023485,44.9810943711992,-872.344748518915,-40.5821527214059,1.49011611938477e-08,1.49011611938477e-08,1.90197138237794,0.480908632068085,1.49011611938477e-08,1.95347386238779,15,35
0.73,200,35,579.520284265501,-180.218315511635,579.520284265501,13474.0005348433,14189.7513412593,14165.8267965434,63.3279997580397,50.4933611669386,47.747798199132,-802.366981985161,-155.894045032348,1.49011611938477e-08,1.49011611938477e-08,1.94898466658589,0.891328873809454,1.49011611938477e-08,2.91704466788031,15,35
0.731,200,35,637.047963932838,-8525.2250778046,637.047963932838,13844.3051753005,14160.9018803066,13819.7810515415,64.7537016134492,50.1385402368981,48.8630102454092,-671.919411373807,-272.556046123995,1.49011611938477e-08,1.49011611938477e-08,1.93664628594833,1.29072943936797,0.371615427950697,4.07975473078886,15,35
0.732,200,35,593.279726244032,-464.220324689577,593.279726244032,14084.1418651227,13770.506210844,13914.7022583932,63.7194639623021,47.9525432913975,48.8914453507879,-506.214186767252,-276.102376585376,1.49011611938477e-08,1.49011611938477e-08,1.84087843558685,1.60533869508947,0.993266044374636,3.93754166874915,15,35
0.733,200,35,616.756589427852,99.7996869044877,616.756589427852,13887.7638769979,13526.856868536,14334.9747504111,62.7464006628372,43.7788994139568,48.69326065572,-388.394153365867,-165.853865006669,1.49011611938477e-08,1.49011611938477e-08,1.82009889430489,1.83679141728959,1.64201730282712,2.79037681279135,15,35
0.734,200,35,594.121775674855,-246.517542320113,594.121775674855,13442.9603512933,13762.6069697123,14525.4165399898,61.8606831928208,38.5705352195585,47.6544731253271,-332.653057666045,-54.7656155443006,1.49011611938477e-08,1.49011611938477e-08,1.89919731205453,2.085324307116,2.14623046869447,2.23234378337396,15,35
0.735,200,35,530.183402683981,58.832161120787,530.183402683981,13281.1329217875,14157.7511725371,14228.8194843787,61.8528214602581,34.2602168802869,46.1711392516391,-406.877626006374,13.9429862893944,1.49011611938477e-08,1.49011611938477e-08,1.9449309942689,2.13060344670491,3.06457030438481,2.03080845536057,15,35
0.736,200,35,492.183397619236,96.9236640454298,492.183397619236,13621.9012305566,14203.0588829714,13799.5107575099,62.9396618356397,33.5268186760784,44.3303769531155,-595.103146509024,-26.6257362601615,1.49011611938477e-08,1.49011611938477e-08,1.95204787601316,1.8364690468196,1.67267191827411,2.17105889607481,15,35
0.737,200,35,480.055297028294,100.393582671477,480.055297028294,14041.9863379228,13828.4269223375,13800.5674447749,63.9834987716348,37.1123173059838,42.3410920885493,-768.864453030796,-230.489064513994,1.49011611938477e-08,1.49011611938477e-08,1.86227210709042,1.56748567229359,0.335646062053333,2.69551546219844,15,35
0.738,200,35,479.470826855382,100.473851783193,479.470826855382,14032.1798938164,13490.31983006,14234.1137653835,63.9173322059905,42.3160721960212,40.4908383145063,-772.034257125555,-464.792243974676,1.49011611938477e-08,1.49011611938477e-08,1.79638321171075,1.50605112856751,1.49011611938477e-08,2.71145629288726,15,35
0.739,200,35,455.171989901791,103.546391283087,455.171989901791,13637.0329193277,13622.8266200991,14553.4542899116,62.5605868355299,46.6768401542098,38.7837419315952,-663.693333420801,-569.828001577664,1.49011611938477e-08,1.49011611938477e-08,1.86740370765334,1.54033726043616,1.49011611938477e-08,2.35528040936916,15,35
0.74,200,35,394.259585227531,105.186638034604,394.259585227531,13373.6757010224,14050.7797858231,14373.9044621658,60.9320609390139,49.3745580320564,38.0193515086965,-567.077625755943,-529.207846157547,1.49011611938477e-08,1.49011611938477e-08,1.93640051235252,1.4693520723581,1.49011611938477e-08,2.99977514981904,15,35
0.741,200,35,293.088429388159,105.863217208185,293.088429388159,13603.4874033258,14228.0933880294,13923.3391799064,60.4863281931261,50.4891118025492,39.1101604913674,-525.326852537204,-405.765419843157,1.49011611938477e-08,1.49011611938477e-08,1.95368987369223,1.27885013327037,1.49011611938477e-08,9.1126159097566,15,35
0.742,200,35,232.475611981573,106.229902985741,232.475611981573,14034.8929680908,13935.8482777601,13774.0799453184,61.2312317982393,50.3105790344317,41.6900320345633,-513.555342883497,-262.967008368025,1.49011611938477e-08,1.49011611938477e-08,1.88134775352526,1.21847807845076,0.45942500681817,7.03538180818725,15,35
0.743,200,35,336.592053399487,105.608077145681,336.592053399487,14141.8768598489,13539.1443142047,14120.0567678684,61.5108712238044,49.1186616899323,44.6613268655411,-467.847909733123,-182.544468173469,1.49011611938477e-08,1.49011611938477e-08,1.78296107804467,1.44687429450358,1.03162600500008,3.89733707873926,15,35
0.744,200,35,579.060749020713,-178.094749105765,579.060749020713,13826.8248671741,13551.9063148634,14526.6491816035,58.9989308617104,47.1027086191414,46.3813769585671,-366.588376021652,-165.598666936106,1.49011611938477e-08,1.49011611938477e-08,1.8318226918914,1.93511741781426,1.67182540881671,4.04161867122955,15,35
0.745,200,35,636.879853789842,105.454293006508,636.879853789842,13510.1569530582,13955.8712117855,14512.7011554022,52.9784720165486,44.9949484719889,45.8625997715576,-297.314375300449,-155.224691949152,1.49011611938477e-08,1.49011611938477e-08,1.92267238255867,2.41016316417387,2.22795007970012,5.18866867143416,15,35
0.746,200,35,610.799073290107,86.5772367796264,610.799073290107,13623.7416267295,14225.8009992885,14132.1643367016,44.7458962820748,43.7592584698658,43.2933776791595,-350.997315581705,-94.6420851330216,1.49011611938477e-08,1.49011611938477e-08,1.95946511808073,1.9830303357705,1.98428720842943,4.9356747577468,15,35
0.747,200,35,511.765771680278,84.1686983390714,511.765771680278,14017.3351868061,14020.7957843469,13882.3320358098,39.6701427644054,44.0702823824461,40.7548675724971,-560.425876538871,16.3649084395122,1.49011611938477e-08,1.49011611938477e-08,1.91811963638143,0.795564554696074,1.11073793601492,2.21782118800175,15,35
0.748,200,35,285.590702808722,105.905163999331,285.590702808722,14190.0280287271,13586.933155926,14111.5051896335,43.2334016209537,45.8272383080401,40.7716277526627,-798.198411295117,68.2919577907761,1.49011611938477e-08,1.49011611938477e-08,1.80390364257757,1.49011611938477e-08,0.448636231132658,1.23548320311343,15,35
0.749,200,35,155.480012587483,106.691936926137,155.480012587483,13935.4658409983,13472.9299056227,14534.3624788857,50.8577268271188,48.0089130567674,42.5439789707771,-890.196089203238,25.7264897695386,1.49011611938477e-08,1.49011611938477e-08,1.81286440449095,1.49011611938477e-08,1.49011611938477e-08,1.41110662490067,15,35
0.75,200,35,297.361482602832,105.846595806151,297.361482602832,13496.6523999742,13830.0416029983,14538.6061603919,58.2130669600528,49.6737717218977,45.2185174434584,-869.522136055265,-42.7897800927387,1.49011611938477e-08,1.49011611938477e-08,1.90634923472091,0.502794695229511,1.49011611938477e-08,1.9712277828736,15,35
0.751,200,35,607.796994009601,-490.982660194183,607.796994009601,13487.7269259927,14205.6110508913,14146.6127970877,63.3201935111829,50.5219229864894,47.7491458467178,-800.13631061946,-151.423115183843,1.49011611938477e-08,1.49011611938477e-08,1.95027400792915,0.906220035426136,1.49011611938477e-08,2.91052589828057,15,35
0.752,200,35,634.454153682842,105.293187866659,634.454153682842,13865.9523008249,14146.7877557032,13817.3352250157,64.4014609285217,50.0654604568452,48.6485770866652,-661.240270648349,-265.270950231742,1.49011611938477e-08,1.49011611938477e-08,1.93314517757519,1.29165646381348,0.417133905456675,3.9339102958183,15,35
0.753,200,35,585.419707253008,-244.799229117099,585.419707253008,14080.543847308,13746.9045809728,13936.6066022956,63.2874503747458,47.8230049615782,48.6654079840753,-500.468846732322,-256.406498385312,1.49011611938477e-08,1.49011611938477e-08,1.83630272468016,1.58798947651979,1.03573846726345,3.64523515478371,15,35
0.754,200,35,618.948740962376,-3460.29235474467,618.948740962376,13868.3748548738,13528.7636998174,14362.5388009548,62.2980018926527,43.5906612713721,48.4653832738591,-385.264426863821,-143.600458044363,1.49011611938477e-08,1.49011611938477e-08,1.82333671169236,1.82059378340542,1.67999813424822,2.60230585538599,15,35
0.755,200,35,593.69973840797,-376.537313368161,593.69973840797,13424.5259571611,13787.4450775085,14526.5426266383,61.4286857186757,38.4015797876041,47.4127011388674,-336.35652784735,-33.6750118394085,1.49011611938477e-08,1.49011611938477e-08,1.90347923271946,2.06199206915093,2.1651623978434,2.10504066208074,15,35
0.756,200,35,521.677854813601,72.9803565213967,521.677854813601,13290.9269732178,14176.2552521331,14208.5787958204,61.4952919101386,34.265551705441,45.8997062335026,-412.939252073495,29.0430560093269,1.49011611938477e-08,1.49011611938477e-08,1.94629152918992,2.08226740207384,3.15916285553584,1.93738794278963,15,35
0.757,200,35,475.776886918571,101.146555018225,475.776886918571,13649.4413146515,14191.7010191472,13789.3159103819,62.6683975202055,33.9348476681776,44.0182033884571,-616.245326356011,-21.5180269050209,1.49011611938477e-08,1.49011611938477e-08,1.95051897680467,1.77647702143846,1.57437764838692,2.10875603365672,15,35
0.758,200,35,468.632830615656,102.204053253463,468.632830615656,14053.6523727502,13802.6751581956,13820.7378631588,63.8010547585301,37.9058279451755,41.9702790044743,-787.811834469377,-234.300651087049,1.49011611938477e-08,1.49011611938477e-08,1.85616764219112,1.51089822173986,0.260242540517142,2.65517013176814,15,35
0.759,200,35,476.391864868166,101.082231215957,476.391864868166,14015.1010463455,13483.1503289543,14264.2862920748,63.7639501324528,43.2154904287095,40.0339044095909,-783.630593256282,-464.572120650778,1.49011611938477e-08,1.49011611938477e-08,1.79809691837315,1.44997314789283,1.49011611938477e-08,2.70885638620171,15,35
0.76,200,35,461.075244074538,103.070586709058,461.075244074538,13612.1569797571,13643.3655715857,14561.957038583,62.411626365873,47.5771931370431,38.1744795622677,-673.121604099465,-561.528163408171,1.49011611938477e-08,1.49011611938477e-08,1.87304415795138,1.47277870561915,1.49011611938477e-08,2.40345443285077,15,35
0.761,200,35,401.817447506636,105.11491737961,401.817447506636,13372.196532818,14071.6749085736,14355.8666223436,60.8201822151099,50.2437635301863,37.3724300318837,-581.284389138287,-519.136013974755,1.49011611938477e-08,1.49011611938477e-08,1.93861244527291,1.38337808599734,1.49011611938477e-08,3.19340765612213,15,35
0.762,200,35,299.656121103123,105.82582221852,299.656121103123,13625.9169910522,14222.6237145704,13907.7582548874,60.4253321129252,51.3243272252845,38.5421643165662,-536.917668746195,-386.736860429793,1.49011611938477e-08,1.49011611938477e-08,1.95320286158774,1.19290832097807,1.49011611938477e-08,11.2582048377865,15,35
0.763,200,35,244.223202840323,106.162338220715,244.223202840323,14050.7527251108,13911.4838252749,13787.3679996244,61.1877890918904,51.1160442679375,41.2925454549393,-523.976816275764,-243.145602128145,1.49011611938477e-08,1.49011611938477e-08,1.87515422950656,1.15351751372021,0.501131404366165,5.75456313471861,15,35
0.764,200,35,366.528640421626,105.413268811303,366.528640421626,14130.424343296,13525.5317741648,14152.6484457727,61.3668180823083,49.8988485831557,44.3437754726887,-473.622694912567,-165.74209880367,1.49011611938477e-08,1.49011611938477e-08,1.78266662381431,1.39971719443202,1.07903023540433,3.49986452141297,15,35
0.765,200,35,601.162230014499,-409.549166114198,601.162230014499,13800.3547581438,13567.1495436607,14545.0971128123,58.6817806031368,47.8944127007531,45.9974768494062,-371.21045681167,-150.57895113358,1.49011611938477e-08,1.49011611938477e-08,1.83832187302001,1.88323795748359,1.73135927426772,3.68912460838087,15,35
0.766,200,35,635.570662540061,105.360691236282,635.570662540061,13501.34791502,13979.5275480154,14504.7786269479,52.4914583578722,45.8521835574264,45.3542684726892,-308.790114619739,-138.671622787663,1.49011611938477e-08,1.49011611938477e-08,1.92642987448279,2.30872452653113,2.28108633751052,4.61287873078488,15,35
0.767,200,35,607.194317024572,66.238094910583,607.194317024572,13640.6192268084,14225.8814945179,14114.6790006701,44.3296816964375,44.6995030427083,42.7738383240952,-373.884198922174,-71.1489008121179,1.49011611938477e-08,1.49011611938477e-08,1.96013916627817,1.81041537543736,1.97036660950003,4.09485217025157,15,35
0.768,200,35,497.642156090611,94.0734458623945,497.642156090611,14036.2830272249,13996.7944177017,13886.6405164337,39.9783563123526,45.0936132370104,40.5167701287567,-592.420701693761,36.0379911156634,1.49011611938477e-08,1.49011611938477e-08,1.91229407462305,0.696116750074619,1.08173819613077,1.90282628635715,15,35
0.769,200,35,246.950491253575,106.140175741836,246.950491253575,14185.0933317326,13566.0954414174,14139.8415102238,44.1477304058153,46.9105897825844,40.7872679437423,-824.144887366248,74.8993669370647,1.49011611938477e-08,1.49011611938477e-08,1.80041303091642,1.49011611938477e-08,0.419918058091158,1.15166201389564,15,35
0.77,200,35,142.447348098601,106.769976674439,142.447348098601,13909.1053818978,13480.8415769842,14553.357623175,51.8310441967549,49.0823218955266,42.5817086420295,-902.508942493851,24.3724031866331,1.49011611938477e-08,1.49011611938477e-08,1.81806240663905,1.49011611938477e-08,1.49011611938477e-08,1.3999346573447,15,35
0.771,200,35,322.239855538855,105.696217666609,322.239855538855,13477.6166759034,13854.3847661507,14527.840980108,59.1745304256283,50.7022338929402,45.3364159234706,-881.431167549093,-42.3299081524504,1.49011611938477e-08,1.49011611938477e-08,1.91073033622889,0.499604433478074,1.49011611938477e-08,1.96753630779362,15,35
0.772,200,35,622.084149240622,-689.232107996824,622.084149240622,13497.357431323,14211.6425685621,14121.2280065383,64.1011560247753,51.4566108590371,47.8755349591505,-805.402087281871,-160.205289023614,1.49011611938477e-08,1.49011611938477e-08,1.95148130812057,0.903933406625484,1.49011611938477e-08,2.91974721795194,15,35
0.773,200,35,633.529246185376,-7182.46153786352,633.529246185376,13883.5790204209,14128.4269772047,13811.8181975998,64.9926675050701,50.8741613692716,48.7360847778861,-661.008568602342,-271.921146358846,1.49011611938477e-08,1.49011611938477e-08,1.92962022981851,1.28628029648626,0.450365738177945,3.90786028462537,15,35
0.774,200,35,580.388263399814,-199.349642715936,580.388263399814,14077.0803901353,13725.3602292123,13955.7677415699,63.7805319823337,48.3894697463656,48.7438493325581,-496.698556923913,-253.833020805111,1.49011611938477e-08,1.49011611938477e-08,1.83250980397621,1.58281387382709,1.07785467437851,3.55107149383138,15,35
0.775,200,35,617.856288900484,101.305352028161,617.856288900484,13842.3731476654,13529.9545104044,14384.2431927172,62.6950597446833,43.9727463986346,48.5264955197576,-379.532093610638,-139.739023899441,1.49011611938477e-08,1.49011611938477e-08,1.82702775614988,1.82841075286843,1.72134173794536,2.5675872864002,15,35
0.776,200,35,589.234397164951,-278.596314130094,589.234397164951,13401.538579778,13810.3163618928,14521.7425595392,61.7585365323509,38.6772442635086,47.5043990653305,-334.366794228181,-35.8175565722447,1.49011611938477e-08,1.49011611938477e-08,1.90760542515565,2.07514753346011,2.19774371674782,2.10234352604962,15,35
0.777,200,35,525.263950361692,68.1321152796186,525.263950361692,13297.0413416525,14186.3409588938,14181.2075795736,61.8417102526246,34.6146957772454,46.0388661001427,-421.582016543353,27.9935294660891,1.49011611938477e-08,1.49011611938477e-08,1.94760930137404,2.08155449562735,3.24663077940401,1.95552941151112,15,35
0.778,200,35,489.960425845073,97.5304026465137,489.960425845073,13676.336399779,14176.1043254867,13775.5515393235,63.0289708632343,34.3983528648327,44.1830400410747,-630.906327941632,-31.9568035519182,1.49011611938477e-08,1.49011611938477e-08,1.94842725605579,1.76281208453951,1.47756474442252,2.14899001028183,15,35
0.779,200,35,481.461707185139,100.078843333565,481.461707185139,14067.7810138488,13776.8375071969,13839.1025396826,64.053492748703,38.3020754889184,42.138661131911,-792.354086102558,-253.113104223681,1.49011611938477e-08,1.49011611938477e-08,1.84914287943774,1.51124981747136,0.148465296105551,2.70291470417583,15,35
0.78,200,35,478.854823233138,100.599422625905,478.854823233138,14000.5665193493,13477.632264799,14290.5088137433,63.886297258488,43.4738667302038,40.1656173795021,-776.431706201016,-480.139355670714,1.49011611938477e-08,1.49011611938477e-08,1.79937649125139,1.46395377319675,1.49011611938477e-08,2.67555481638584,15,35
0.781,200,35,453.051657275095,103.688560422486,453.051657275095,13590.3721510967,13664.5989005074,14563.0056760538,62.461563165103,47.6666158746251,38.3717946538902,-669.766336359712,-566.016709644434,1.49011611938477e-08,1.49011611938477e-08,1.87815272656025,1.4894179853147,1.49011611938477e-08,2.38309564834301,15,35
0.782,200,35,387.326389084222,105.248615792439,387.326389084222,13374.6735452885,14091.2716795459,14329.582933233,60.940315871106,50.1885783220912,37.7379957214892,-576.210255784536,-516.267500079351,1.49011611938477e-08,1.49011611938477e-08,1.94045780655007,1.39560642341099,1.49011611938477e-08,3.26825941905717,15,35
0.783,200,35,284.694372123922,105.915670261222,284.694372123922,13652.3226939106,14215.7703537545,13885.2496440306,60.6694407723711,51.1595938343136,39.0744544043459,-536.005037916148,-380.450348825867,1.49011611938477e-08,1.49011611938477e-08,1.95202206696747,1.21068128321843,1.49011611938477e-08,12.3173768462674,15,35
0.784,200,35,234.05474254696,106.220362703627,234.05474254696,14070.4473551361,13885.5152440222,13795.0542805854,61.4490577249297,50.8678688480219,41.8526325456351,-521.63290298306,-240.916043007603,1.49011611938477e-08,1.49011611938477e-08,1.86735545098424,1.18768720226828,0.51125433960126,5.76078768521839,15,35
0.785,200,35,363.312712172669,105.437075121706,363.312712172669,14123.1627399788,13513.5078505131,14177.1090712795,61.4955700061684,49.5684074381144,44.8602564178703,-465.859220806456,-168.858214449755,1.49011611938477e-08,1.49011611938477e-08,1.78148727126587,1.45103748783072,1.09770263243301,3.61743980468665,15,35
0.786,200,35,604.379320570942,-451.0058242707,604.379320570942,13779.6555620111,13584.7943962559,14552.866434502,58.5557496582413,47.4669491878924,46.4302862291535,-366.610100201945,-155.386442058464,1.49011611938477e-08,1.49011611938477e-08,1.843860044465,1.95081516290431,1.75660633515035,3.88156690316554,15,35
0.787,200,35,635.211599370273,-7789.73563260584,635.211599370273,13497.9818399006,14003.3594458217,14484.0909397891,52.1444350244456,45.3874549450596,45.7137943721608,-304.878004894972,-141.952587391328,1.49011611938477e-08,1.49011611938477e-08,1.92962045487985,2.36679088548355,2.28340005778788,4.89506800994563,15,35
0.788,200,35,605.7753921765,-1651.39410131768,605.7753921765,13661.9246992787,14227.3134204875,14088.998526011,43.9187581064797,44.2894181996834,43.0863335021163,-379.997279506589,-71.1792754956795,1.49011611938477e-08,1.49011611938477e-08,1.96053777002097,1.79486855757887,1.90519088215508,4.25041912635477,15,35
0.789,200,35,492.206123823487,96.4183360766961,492.206123823487,14056.7216017683,13974.7451019531,13885.0692583244,39.8244987661994,44.7907025997144,40.8656514728373,-603.944554824051,35.0200422703561,1.49011611938477e-08,1.49011611938477e-08,1.90593886593835,0.668749734593948,1.02556382159401,1.92473196925772,15,35
0.79,200,35,258.075938887511,106.073942884574,258.075938887511,14181.4196491869,13549.8244474967,14161.8889162808,44.2718580302717,46.6893381132655,41.1948229157644,-829.089516001587,68.2762986343779,1.49011611938477e-08,1.49011611938477e-08,1.79700388672341,1.49011611938477e-08,0.367511747842855,1.19104148136868,15,35
0.791,200,35,167.444052920509,106.620353500903,167.444052920509,13886.1206812258,13494.3053078614,14566.975137566,51.8802807132958,48.8921167944083,42.9094190011968,-896.218810292408,18.4067610857383,1.49011611938477e-08,1.49011611938477e-08,1.82287570354817,1.49011611938477e-08,1.49011611938477e-08,1.46255256978459,15,35
0.792,200,35,347.951954755674,105.541034606345,347.951954755674,13467.8661654673,13882.7250212904,14513.6782306014,59.1093986350776,50.5215647564074,45.5721537472514,-870.875921318039,-52.386838154711,1.49011611938477e-08,1.49011611938477e-08,1.91437834448894,0.540026543928551,1.49011611938477e-08,2.04615994418673,15,35
0.793,200,35,637.38585324802,105.386825357287,637.38585324802,13516.3871755296,14224.6662848047,14099.9399662422,63.6957449707105,51.266017358999,47.8155796453349,-789.920687263474,-168.387669162886,1.49011611938477e-08,1.49011611938477e-08,1.95228661351167,0.93641020005551,1.49011611938477e-08,2.99399151543815,15,35
0.794,200,35,630.423094905719,105.046548448631,630.423094905719,13906.9374965134,14112.1547492241,13809.920971412,64.2996326912479,50.59948640123,48.4712225967546,-642.359910167402,-267.769850180778,1.49011611938477e-08,1.49011611938477e-08,1.9249141886644,1.30820210292416,0.487391620836724,3.86412688195065,15,35
0.795,200,35,570.323029087063,-117.739496232755,570.323029087063,14072.6515654385,13704.1207277084,13977.3649622,63.083908714194,48.0706101271046,48.4978707941738,-484.792017338101,-234.772792042574,1.49011611938477e-08,1.49011611938477e-08,1.82815803477824,1.58618574791698,1.11721536516011,3.33936323911699,15,35
0.796,200,35,621.190007608182,103.598677107984,621.190007608182,13815.8123259805,13535.5362629228,14403.010838491,62.1059543279019,43.6355631129815,48.3045271593007,-380.788923054455,-122.256025751944,1.49011611938477e-08,1.49011611938477e-08,1.83090366654823,1.81703317328494,1.74632761679332,2.38478310261083,15,35
0.797,200,35,595.811506841652,-551.688662830602,595.811506841652,13380.0212985277,13836.2082111276,14513.1076534258,61.251528120183,38.4355632555998,47.2410947209507,-341.468781400847,-15.3212830263815,1.49011611938477e-08,1.49011611938477e-08,1.91154374064873,2.04127015609667,2.20341113771829,1.9596185986112,15,35
0.798,200,35,524.3547484743,69.2667505128069,524.3547484743,13304.9784227297,14202.404726212,14154.7514472532,61.3720291450935,34.6424060131246,45.6975439005047,-438.650303533321,38.3651343458649,1.49011611938477e-08,1.49011611938477e-08,1.94895722544788,2.02573030880139,3.31813329005473,1.85090638186698,15,35
0.799,200,35,477.761216068233,100.755511651047,477.761216068233,13698.3981337907,14161.3820849531,13763.2397076967,62.5225391045417,34.9143294170727,43.8103264913514,-650.481190882536,-40.4177161298401,1.49011611938477e-08,1.49011611938477e-08,1.94633688003519,1.72088740063537,1.40233488812249,2.08979002605932,15,35
0.8,200,35,466.294026216052,102.570028362338,466.294026216052,14071.8391710797,13751.1655463195,13857.3555685112,63.4522549405221,39.207202691447,41.8519049268427,-798.0101615296,-262.055413644943,1.49011611938477e-08,1.49011611938477e-08,1.84359650454,1.49492358916552,0.0444692461836212,2.65022046489383,15,35
0.801,200,35,461.00549263632,103.09183540838,461.00549263632,13976.3807664814,13473.4329322564,14314.8367228242,63.1754192809614,44.4851332754205,40.0197750956249,-778.444882712566,-490.713962120161,1.49011611938477e-08,1.49011611938477e-08,1.80208962957516,1.46385717307378,1.49011611938477e-08,2.56960852408421,15,35
0.802,200,35,433.630116708647,104.54532842138,433.630116708647,13561.6600335622,13686.527959767,14561.7668457464,61.6669056961959,48.6891884232608,38.2979656446199,-664.331890003787,-575.928294191658,1.49011611938477e-08,1.49011611938477e-08,1.88352609856458,1.4926996720565,1.49011611938477e-08,2.31740874722251,15,35
0.803,200,35,371.463935359555,105.371633890515,371.463935359555,13371.8442268166,14109.8876775952,14302.6831214525,60.1356721398596,51.1946022585558,37.7091079153361,-571.887397543977,-519.02253974711,1.49011611938477e-08,1.49011611938477e-08,1.94222592530314,1.39398697819816,1.49011611938477e-08,3.27115676315879,15,35
0.804,200,35,269.221965102336,106.008540344347,269.221965102336,13672.4185245737,14207.4029409925,13863.6375556235,59.8776513947224,52.1480752056941,39.0398222086838,-530.934596747061,-380.44317179558,1.49011611938477e-08,1.49011611938477e-08,1.95058729228697,1.21041727422455,1.49011611938477e-08,12.7174943798562,15,35
0.805,200,35,234.585120734811,106.220057583953,234.585120734811,14081.607327629,13861.0757951759,13803.1637700048,60.6012100293439,51.8460450119328,41.8194774567026,-513.25485965121,-247.58495989111,1.49011611938477e-08,1.49011611938477e-08,1.86029988442962,1.19746108640902,0.568366632410716,5.58944716970016,15,35
0.806,200,35,378.191707683819,105.333834378559,378.191707683819,14107.598970719,13504.1846860279,14201.4967465965,60.430932231538,50.5374333286207,44.7619576684931,-453.428702732502,-174.025462423027,1.49011611938477e-08,1.49011611938477e-08,1.78152131864805,1.47361239118795,1.1627080340191,3.60044201418429,15,35
0.807,200,35,610.985059561296,-535.392616506764,610.985059561296,13752.4396144946,13603.6342468378,14559.5200417457,57.1783246010067,48.452873660714,46.2049208850682,-349.115792239468,-158.471313910106,1.49011611938477e-08,1.49011611938477e-08,1.84984502202349,1.9751900705161,1.84195471799987,3.88910262266522,15,35
0.808,200,35,633.497398153681,-7155.95527005546,633.497398153681,13490.8849559775,14025.7246364037,14463.5659984728,50.4497321378782,46.4378201896178,45.4081190843577,-296.442381510254,-140.854654948573,1.49011611938477e-08,1.49011611938477e-08,1.93274376411555,2.35129872409877,2.37301392222922,4.82557626265758,15,35
0.809,200,35,600.447487642801,-1045.04276521623,600.447487642801,13679.127440816,14223.9507552693,14061.8551783879,42.195168682646,45.4575394835298,42.8726137472561,-387.761167657565,-65.5339713136587,1.49011611938477e-08,1.49011611938477e-08,1.9605131733675,1.68629058368559,1.90012641525051,3.98730520745125,15,35
0.81,200,35,474.331908225176,101.272821736323,474.331908225176,14072.2570543533,13948.1776388111,13882.2825225315,38.8776188100087,46.1158773217049,40.9997663101211,-609.912106365983,29.8122969612279,1.49011611938477e-08,1.49011611938477e-08,1.89885849243645,0.573252318550069,0.980149038903329,1.80894269954602,15,35
0.811,200,35,235.07109833704,106.211690009523,235.07109833704,14172.9756592432,13530.5215291259,14181.3501201859,44.1285973454786,48.1444031013422,41.5340769577644,-835.140641588623,53.5677325806408,1.49011611938477e-08,1.49011611938477e-08,1.79359675767611,1.49011611938477e-08,0.28933852822964,1.21262551362341,15,35
0.812,200,35,163.27018691946,106.649619896835,163.27018691946,13858.5468860728,13504.5843655164,14573.3542679287,51.9887749514108,50.393092449033,43.1757809906141,-897.993772282212,-5.98918256537496,1.49011611938477e-08,1.49011611938477e-08,1.82776486012171,1.49011611938477e-08,1.49011611938477e-08,1.57538929913895,15,35
0.813,200,35,368.494694406648,105.401595546611,368.494694406648,13456.3158669163,13905.8724991636,14493.7688228166,59.2867816792771,52.0203018922117,45.7702446234933,-866.08857857852,-81.0121723511448,1.49011611938477e-08,1.49011611938477e-08,1.91779955734842,0.56081900004128,1.49011611938477e-08,2.24160575173069,15,35
0.814,200,35,657.785595636387,-1282.01238043735,657.785595636387,13533.4675169767,14227.4422404944,14070.1647137066,63.7744740403103,52.7086873308997,47.9201653155493,-778.127402520835,-198.171717448528,1.49011611938477e-08,1.49011611938477e-08,1.95291499254692,0.959764246125979,1.49011611938477e-08,3.30603824972876,15,35
0.815,200,35,629.054101217247,-5772.70913262599,629.054101217247,13927.7068276617,14092.1013197168,13803.1514665794,64.3051430330503,51.940396507971,48.4906937805947,-624.927968741787,-286.274972106902,1.49011611938477e-08,1.49011611938477e-08,1.92014123972145,1.32900989034597,0.48270954150699,4.16939168567239,15,35
0.816,200,35,570.958935410448,-116.557463138649,570.958935410448,14068.3153508358,13683.6956869799,13992.8328276963,63.1456054086491,49.20285258914,48.4707666085935,-474.317957029496,-241.099422643582,1.49011611938477e-08,1.49011611938477e-08,1.82442836611827,1.60221179792834,1.14030915066831,3.39884612505794,15,35
0.817,200,35,618.108217890282,-3325.48056668575,618.108217890282,13795.907049514,13540.531372957,14419.6516311902,62.1638323650645,44.6481835002102,48.0753864574029,-364.233906771873,-116.596851928489,1.49011611938477e-08,1.49011611938477e-08,1.8342851586067,1.84607110831251,1.77478957285697,2.3928330620349,15,35
0.818,200,35,585.856553666772,-248.958767174435,585.856553666772,13369.1294816433,13859.6619777571,14503.8708941851,61.3731766552977,39.4539838252199,46.854152358352,-333.018578776345,-7.66325135009609,1.49011611938477e-08,1.49011611938477e-08,1.91469158414982,2.07258363513675,2.2433846095622,1.95891206315546,15,35
0.819,200,35,517.307537608052,78.6286055950989,517.307537608052,13325.1379590144,14210.6323652546,14128.9436536212,61.6545163262947,35.8870791412718,45.2180914646729,-444.605634443636,43.5549447918332,1.49011611938477e-08,1.49011611938477e-08,1.9499453129081,2.02852241273846,3.47390744733752,1.8569842564961,15,35
0.82,200,35,481.001740896734,100.080873223635,481.001740896734,13734.2185701988,14144.8674350506,13757.3673920954,62.9820449731401,36.3076689866678,43.266587154659,-666.001107724728,-39.9098645715263,1.49011611938477e-08,1.49011611938477e-08,1.94301788051408,1.68574151143916,1.29486187864657,2.10077702343487,15,35
0.821,200,35,478.371616755544,100.737574902599,478.371616755544,14086.5604591515,13726.4679413136,13882.7729084231,64.0663095155149,40.5359265129137,41.211336595004,-812.874831571213,-261.010503537242,1.49011611938477e-08,1.49011611938477e-08,1.83712348210761,1.44017297388017,1.49011611938477e-08,2.66641490057724,15,35
0.822,200,35,477.388990037651,100.891249411395,477.388990037651,13961.640818717,13471.2506948579,14343.7771172421,63.9688606870019,45.6873263019624,39.2352232942986,-792.274969988636,-481.64323551205,1.49011611938477e-08,1.49011611938477e-08,1.80457144579375,1.38870266523881,1.49011611938477e-08,2.62261478126677,15,35
0.823,200,35,451.837259280228,103.76515520728,451.837259280228,13543.7513420503,13709.2792797518,14565.03437337,62.6756642743991,49.7612139924666,37.4766342947542,-681.122890219964,-557.615201196948,1.49011611938477e-08,1.49011611938477e-08,1.88851772677001,1.39151645288317,1.49011611938477e-08,2.4350498746747,15,35
0.824,200,35,384.274053637958,105.273927923258,384.274053637958,13380.7783479087,14127.5237736749,14284.3832754493,61.3676979249227,52.1607965811031,37.0083484048225,-591.796365965814,-494.949373263789,1.49011611938477e-08,1.49011611938477e-08,1.94395271793339,1.27588008720327,1.49011611938477e-08,3.65919110671373,15,35
0.825,200,35,281.993574708637,105.931813652469,281.993574708637,13700.8746359055,14198.0810941396,13854.6174991998,61.2595206629412,53.0206261289596,38.6126025585675,-551.484241789004,-353.263963116096,1.49011611938477e-08,1.49011611938477e-08,1.94909701642869,1.11334566109357,1.49011611938477e-08,15.9170992279433,15,35
0.826,200,35,242.299734601821,106.172015326653,242.299734601821,14098.1169137144,13836.0297854404,13825.1503115514,61.9765217831282,52.6032243679588,41.6444429950916,-529.56392258307,-221.989660180244,1.49011611938477e-08,1.49011611938477e-08,1.85380175024002,1.14310847118266,0.569071995157092,4.60299457249671,15,35
0.827,200,35,393.763010267687,105.20409607513,393.763010267687,14095.9597350951,13496.1512285071,14236.3305946775,61.6486385734439,51.1456372195155,44.7444617816402,-462.767541137436,-151.36282108646,1.49011611938477e-08,1.49011611938477e-08,1.78294653742632,1.44799429839524,1.19383896560281,3.21116400540773,15,35
0.828,200,35,629.935623509927,-5799.51535481139,629.935623509927,13729.6060769233,13624.4247770818,14574.9413538532,58.2044406078448,48.9152062715372,46.241882350679,-356.403438909659,-136.095553509832,1.49011611938477e-08,1.49011611938477e-08,1.85650601783209,1.95587035237728,1.9002460821188,3.50370242358136,15,35
0.829,200,35,633.428662345565,-7132.08579986959,633.428662345565,13488.2397464554,14049.493222234,14452.5385996395,51.3616459424133,46.8272638743668,45.4226743524947,-309.425870415191,-116.104881061103,1.49011611938477e-08,1.49011611938477e-08,1.93594206844656,2.29966623019586,2.43615505118606,4.23287433542007,15,35
0.83,200,35,598.367813570212,-832.716230910976,598.367813570212,13699.5552696958,14223.1524411268,14049.2933392493,43.2636197278028,45.8463323707169,42.9075522217023,-411.143678887138,-37.9009079326154,1.49011611938477e-08,1.49011611938477e-08,1.96078227833349,1.60470408484205,1.89642876446668,3.37280412915789,15,35
0.831,200,35,468.034110117193,102.197255494316,468.034110117193,14088.4914556933,13926.187797582,13895.423853939,40.3067863958702,46.5264166514079,41.149026749234,-638.007527333422,53.4720205691257,1.49011611938477e-08,1.49011611938477e-08,1.89310520144215,0.547101339002523,0.962004112568606,1.60705636595561,15,35
0.832,200,35,238.370979682603,106.191892355876,238.370979682603,14163.25661198,13517.9421753193,14215.0650791703,45.5900938673674,48.5644444395601,41.7589845676904,-856.178941705465,68.2823880933416,1.49011611938477e-08,1.49011611938477e-08,1.79272324542537,1.49011611938477e-08,0.265205700225757,1.13791951210227,15,35
0.833,200,35,176.757780299532,106.56454006946,176.757780299532,13825.9634357302,13521.8510657367,14590.3317196758,53.1989654124686,50.7991115718267,43.3300261109756,-908.375977706261,4.62213778039815,1.49011611938477e-08,1.49011611938477e-08,1.83444486786817,1.49011611938477e-08,1.49011611938477e-08,1.50918220079148,15,35
0.834,200,35,390.731830137833,105.236744151274,390.731830137833,13440.6992917301,13934.6083855112,14482.9512103533,60.2805439068493,52.3969898449932,45.8939167199418,-875.169796979849,-71.5029998417589,1.49011611938477e-08,1.49011611938477e-08,1.9216844432238,0.562453330726844,1.49011611938477e-08,2.12584449418916,15,35
0.835,200,35,644.399778532507,106.084467457199,644.399778532507,13546.2343065995,14237.3955953099,14054.7554357648,64.3759757575885,53.0118220597973,47.8472401850484,-782.160532385186,-188.903627926908,1.49011611938477e-08,1.49011611938477e-08,1.95378449887504,0.953095665830636,1.49011611938477e-08,3.06997063067681,15,35
0.836,200,35,626.338521708689,104.754669606636,626.338521708689,13942.0634662381,14072.9202056928,13808.4558954572,64.574197883593,52.1033758452247,48.3037993754813,-631.689299177227,-269.706152670942,1.49011611938477e-08,1.49011611938477e-08,1.91552343965862,1.31460549391894,0.554737418565527,3.75841801663925,15,35
0.837,200,35,572.769496656752,-130.226967987706,572.769496656752,14056.3736360142,13664.5720347005,14020.368398966,63.2634333022648,49.2714910659804,48.3816863451846,-472.371460164476,-220.355170623587,1.49011611938477e-08,1.49011611938477e-08,1.82175980714942,1.583669292699,1.20605509045135,3.04864456407063,15,35
0.838,200,35,619.315979394547,-3562.38627678699,619.315979394547,13764.4785962908,13549.2936300607,14442.0125064201,62.136141620168,44.6136340168746,48.0865812457489,-361.425239914886,-99.4436386829674,1.49011611938477e-08,1.49011611938477e-08,1.83919932207619,1.83557128741851,1.80319886467215,2.22296005774999,15,35
0.839,200,35,587.922122973479,-273.490872041108,587.922122973479,13346.0350671414,13885.937514566,14497.8507704093,61.247443058836,39.4012194351917,46.989337867476,-334.865346456661,5.12492454896827,1.49011611938477e-08,1.49011611938477e-08,1.91846622746426,2.06000920758215,2.22326273217878,1.86349720252557,15,35
0.84,200,35,518.472339119817,77.4265264047805,518.472339119817,13331.5762027,14222.7000725765,14105.485948021,61.484998149672,35.9220702936231,45.4332666817406,-454.215443739785,49.0997578783461,1.49011611938477e-08,1.49011611938477e-08,1.95128285202562,2.00535307423594,3.54774407793899,1.79870280387713,15,35
0.841,200,35,474.117900651276,101.499179810567,474.117900651276,13752.9546942176,14126.3668478316,13749.3486648636,62.7423418068559,36.6363815392566,43.5180963788909,-666.195373481907,-42.0634339673271,1.49011611938477e-08,1.49011611938477e-08,1.93999654076102,1.6748819063134,1.27215088899918,2.08821214658748,15,35
0.842,200,35,465.563129955633,102.651922658264,465.563129955633,14087.9667452329,13701.7045179927,13903.9039969569,63.6678505669225,41.0455748524922,41.4828553799634,-811.642974665517,-285.467215534653,1.49011611938477e-08,1.49011611938477e-08,1.83140715204799,1.45789070285412,1.49011611938477e-08,2.66407812895181,15,35
0.843,200,35,461.402979272582,103.055114726554,461.402979272582,13938.0566846722,13471.1554790765,14367.2994580113,63.3530973202788,46.1891723768057,39.4770892729666,-777.047565074828,-504.328079941294,1.49011611938477e-08,1.49011611938477e-08,1.80733669553324,1.43087618013442,1.49011611938477e-08,2.52985359951951,15,35
0.844,200,35,432.251879417793,104.583926506419,432.251879417793,13520.2189048621,13732.9680542819,14560.7139230624,61.8521757399307,50.1847395004481,37.6496768567879,-661.768986081598,-571.282175124463,1.49011611938477e-08,1.49011611938477e-08,1.8931543968078,1.44378053822205,1.49011611938477e-08,2.34577884279095,15,35
0.845,200,35,365.150880019108,105.415619612687,365.150880019108,13384.4422584167,14143.6428512499,14255.0841034567,60.4791273034017,52.5043434154508,37.1733552253295,-574.406580002027,-501.01399397902,1.49011611938477e-08,1.49011611938477e-08,1.94537836185222,1.32345763992453,1.49011611938477e-08,3.59128927882557,15,35
0.846,200,35,263.90405799387,106.041334100824,263.90405799387,13724.5117368164,14186.4241182046,13834.4651210239,60.3866944147133,53.3032977878605,38.7386463364154,-536.983494238156,-363.884625190193,1.49011611938477e-08,1.49011611938477e-08,1.94670601154059,1.1536111494932,1.49011611938477e-08,16.7160968696625,15,35
0.847,200,35,243.998920869838,106.161836611104,243.998920869838,14109.4703359944,13810.9254148912,13835.0286308048,61.0918201926948,52.8594675043034,41.7324525137528,-512.560713538788,-225.957162854951,1.49011611938477e-08,1.49011611938477e-08,1.84618026983448,1.18334132125698,0.619516683847558,4.71767309815944,15,35
0.848,200,35,411.670614500943,105.006373204922,411.670614500943,14081.0027878916,13489.7005485454,14259.1934458889,60.6243850020877,51.3884527342709,44.7223799621557,-441.984311744754,-158.510327924006,1.49011611938477e-08,1.49011611938477e-08,1.78326227535179,1.4969979945147,1.24503420980306,3.3235636096084,15,35
0.849,200,35,638.243980981615,-555.78344939976,638.243980981615,13707.8763157468,13645.1607528783,14578.046361115,56.9085463934275,49.1629476125845,46.0471663093166,-336.652624555138,-143.742311177707,1.49011611938477e-08,1.49011611938477e-08,1.86172656848674,2.01135109751849,1.9578419379442,3.66830152787618,15,35
0.85,200,35,631.460019205401,105.102729805055,631.460019205401,13488.8607815283,14069.8684437916,14429.048603414,49.8124687806901,47.1064882629122,45.1341970730608,-298.953064429928,-119.886329223449,1.49011611938477e-08,1.49011611938477e-08,1.93838166177828,2.32061546983052,2.4747768577773,4.4089213566777,15,35
0.851,200,35,593.797971545869,-218.479249990817,593.797971545869,13722.6480328821,14217.0550055005,14023.9311343802,41.7514579730436,46.2050020079466,42.6833718069683,-404.64514721448,-43.0112526771322,1.49011611938477e-08,1.49011611938477e-08,1.95991715093543,1.53477241058119,1.85552080145216,3.35308299487675,15,35
0.852,200,35,451.767085699962,103.719830520106,451.767085699962,14105.5565352251,13899.4032922305,13897.0644978884,39.4479509421469,46.9843589042703,41.1703799305775,-648.208930866939,49.0804677712144,1.49011611938477e-08,1.49011611938477e-08,1.88513592867114,0.473793730553165,0.916681143916835,1.57809205217446,15,35
0.853,200,35,217.832713230548,106.314380968858,217.832713230548,14155.5417749899,13502.4135870592,14235.7987783668,45.3135242542316,49.0798173069521,41.9331459694749,-859.203196148584,54.1381186267026,1.49011611938477e-08,1.49011611938477e-08,1.78985061940595,1.49011611938477e-08,0.1908243664185,1.19008161669399,15,35
0.854,200,35,186.176149834792,106.512503614527,186.176149834792,13800.2476751816,13536.3344308111,14591.843311578,53.0934377926169,51.3121038395237,43.503056281158,-900.961957775152,-13.6168473553122,1.49011611938477e-08,1.49011611938477e-08,1.83934615563036,0.10690832685799,1.49011611938477e-08,1.62265071397951,15,35
0.855,200,35,404.029146699227,105.099795466566,404.029146699227,13435.7102354133,13958.0875763368,14460.0609112159,60.1766363103199,52.8699503666726,46.0696217876743,-863.051292639294,-92.4923211573048,1.49011611938477e-08,1.49011611938477e-08,1.9245332940773,0.592825945624284,1.49011611938477e-08,2.303953048167,15,35
0.856,200,35,645.410006823681,106.222322828627,645.410006823681,13568.510803578,14238.6778457891,14026.7389712717,64.0990799140205,53.4168941614613,47.9388811431551,-772.040205148894,-204.511637365247,1.49011611938477e-08,1.49011611938477e-08,1.9539412827421,0.984296453734608,1.49011611938477e-08,3.34143345475838,15,35
0.857,200,35,624.123082118304,104.478355120626,624.123082118304,13962.6806471172,14052.4602644252,13806.218875336,64.1985201677589,52.3968786229239,48.3192807338974,-613.333756933782,-280.538346940296,1.49011611938477e-08,1.49011611938477e-08,1.91022861318853,1.34029196676914,0.570785447426492,3.99024056697249,15,35
0.858,200,35,573.682912419066,-137.360985531102,573.682912419066,14048.7189769301,13646.0628314342,14037.6633936516,62.9958916783322,49.3761519178902,48.3612248588143,-459.572211312064,-215.159154553996,1.49011611938477e-08,1.49011611938477e-08,1.81899817371158,1.5975698138487,1.23343788342717,3.06583750411258,15,35
0.859,200,35,619.612005874479,-3597.10272430516,619.612005874479,13738.406138243,13557.8072309794,14452.1949443345,61.9855409500149,44.6366986966023,47.9593226929985,-356.42622890148,-88.7905811802763,1.49011611938477e-08,1.49011611938477e-08,1.84350442407663,1.84191656162607,1.82912712646267,2.1908117071543,15,35
0.86,200,35,587.566196992094,-266.159966386992,587.566196992094,13331.9730417278,13909.1688452659,14480.246829181,61.1935266379285,39.4601234866534,46.7459351075533,-340.883136034512,13.5859725315027,1.49011611938477e-08,1.49011611938477e-08,1.92149686508269,2.05046807762812,2.28092125036588,1.83286148749448,15,35
0.861,200,35,516.175661739739,79.9029431322752,516.175661739739,13348.8114945395,14228.6986865888,14075.3239870094,61.5239830637598,36.2659092214757,45.1085747007617,-462.897455864161,49.6230839036019,1.49011611938477e-08,1.49011611938477e-08,1.95232138694103,1.97151097005226,3.58047122121473,1.78844693454784,15,35
0.862,200,35,480.191767427421,100.24125444602,480.191767427421,13782.3974666121,14107.5559914004,13742.2188059401,62.8193149981328,37.2433058968603,43.1764512016881,-687.865834756525,-53.8281763205466,1.49011611938477e-08,1.49011611938477e-08,1.93624239626905,1.63614014669226,1.14794794913782,2.09682302166945,15,35
0.863,200,35,471.028170148309,101.857050943079,471.028170148309,14093.8031606185,13677.989526958,13926.9385357447,63.7219829698154,41.7563493167725,41.2040584651905,-823.772709760665,-301.383579869592,1.49011611938477e-08,1.49011611938477e-08,1.82638240351543,1.42681292909586,1.49011611938477e-08,2.65343394623135,15,35
0.864,200,35,463.305201058426,102.869605003244,463.305201058426,13915.2952248185,13471.9941107083,14389.6033423704,63.4167653142672,46.876853056302,39.3048756414764,-782.389253429312,-512.150054328861,1.49011611938477e-08,1.49011611938477e-08,1.81126224405931,1.39948708728116,1.49011611938477e-08,2.49775187247628,15,35
0.865,200,35,427.60186527874,104.701404506309,427.60186527874,13497.8498239931,13756.3464233598,14554.5586562954,61.9987362820079,50.8004996770261,37.6905260586826,-668.386516122352,-568.231861853087,1.49011611938477e-08,1.49011611938477e-08,1.89805772226005,1.40396855717389,1.49011611938477e-08,2.3861109051787,15,35
0.866,200,35,354.053001956142,105.492292294025,354.053001956142,13390.6487451751,14158.106047512,14228.115883535,60.7719704303509,53.0407339965132,37.4630972848509,-587.409733577191,-497.366150990093,1.49011611938477e-08,1.49011611938477e-08,1.94680873655227,1.28120492502095,1.49011611938477e-08,3.84136629108878,15,35
0.867,200,35,257.795217037876,106.076781257816,257.795217037876,13749.1144472527,14172.9631088919,13819.5214594485,60.7812293638716,53.7717886476432,39.2319825225899,-547.880815839233,-352.677956456526,1.49011611938477e-08,1.49011611938477e-08,1.94424224444573,1.12954515648396,1.49011611938477e-08,16.2622270493259,15,35
0.868,200,35,242.167081204277,106.174717498378,242.167081204277,14119.9745019421,13784.617843569,13851.3748188517,61.4233893190059,53.2564006644066,42.2664323203874,-518.376479410129,-220.02290122699,1.49011611938477e-08,1.49011611938477e-08,1.8394576427206,1.18499110311826,0.642210632882066,4.48292692720534,15,35
0.869,200,35,412.162026558485,105.003856935851,412.162026558485,14064.117680048,13483.1786869915,14284.329502468,60.7312253809616,51.7141057190664,45.210981578932,-441.086594219831,-157.615176829917,1.49011611938477e-08,1.49011611938477e-08,1.78521054600263,1.51553973446053,1.27935282012351,3.29695232491955,15,35
0.87,200,35,635.994002930982,-7910.79895594821,635.994002930982,13682.7508133637,13665.659793509,14579.7587087457,56.7779965609866,49.4396506952655,46.5026621189108,-336.349949806937,-143.337874474139,1.49011611938477e-08,1.49011611938477e-08,1.86797319793238,2.02984420570218,2.00327683820315,3.66763917529199,15,35
0.871,200,35,631.050274495521,-6350.89392148312,631.050274495521,13486.1923087732,14089.2570233097,14405.7285124979,49.4837546391825,47.4172331031524,45.5357650476472,-305.172456444772,-120.045339102051,1.49011611938477e-08,1.49011611938477e-08,1.9411579219135,2.29865309907768,2.48503249442017,4.35859289530825,15,35
0.872,200,35,590.631595112199,-326.567190211344,590.631595112199,13740.9945085838,14209.7581160847,14001.9252409405,41.5026108833379,46.612976498921,43.1149228337571,-423.595131418509,-39.0604112099884,1.49011611938477e-08,1.49011611938477e-08,1.95948817892745,1.4659021098284,1.78941100872762,3.23238994502944,15,35
0.873,200,35,439.880757526749,104.310390864065,439.880757526749,14116.546057194,13873.6883181666,13902.0841425252,39.6706371196787,47.5098632353796,41.730488818436,-670.308185284143,47.2087895752017,1.49011611938477e-08,1.49011611938477e-08,1.87866927551546,0.434267393770209,0.866453112272913,1.53855776571094,15,35
0.874,200,35,219.258062899848,106.305823578972,219.258062899848,14140.7713609396,13490.1056686447,14258.9227260244,45.8100338164842,49.6997403451536,42.5270611118726,-871.472045903538,43.5232631656675,1.49011611938477e-08,1.49011611938477e-08,1.78944090332194,1.49011611938477e-08,0.0534271534197978,1.21439926382045,15,35
0.875,200,35,191.224642620922,106.477897870061,191.224642620922,13769.5282726476,13553.5785298172,14598.1344441259,53.4807499726183,51.9486754840594,43.968015139027,-901.963018736164,-27.084087555776,1.49011611938477e-08,1.49011611938477e-08,1.845351950707,0.180853167062672,1.49011611938477e-08,1.68558190076981,15,35
0.876,200,35,443.420412065259,104.279825487788,443.420412065259,13427.2056425017,13983.5221479472,14440.9910948607,60.3851288497191,53.5042267967733,46.3570837930727,-861.907436011832,-102.677278529947,1.49011611938477e-08,1.49011611938477e-08,1.92759713524156,0.622420862649288,1.49011611938477e-08,2.3990196182991,15,35
0.877,200,35,644.724843301678,106.159919773449,644.724843301678,13587.181805191,14242.5768683602,14006.5434744797,63.9999101937241,53.993763835932,47.9758154953235,-761.569004574594,-215.401530661338,1.49011611938477e-08,1.49011611938477e-08,1.95416829319791,1.00481724499364,1.49011611938477e-08,3.4167986967115,15,35
0.878,200,35,620.387630969194,103.419062654667,620.387630969194,13979.4877724469,14030.0490813183,13809.0908336177,63.8970597371735,52.8582552881597,48.2420985260652,-599.115441902006,-278.286066752839,1.49011611938477e-08,1.49011611938477e-08,1.90431877662007,1.35085999426855,0.608645490284489,3.91495201263592,15,35
0.879,200,35,574.836085172119,-146.438498889431,574.836085172119,14038.2727467232,13628.4548236392,14061.5094888446,62.7059857137799,49.7459392591798,48.3586701820768,-449.805710389858,-200.540890316068,1.49011611938477e-08,1.49011611938477e-08,1.81643932172822,1.59726710489722,1.27693690580364,2.89544870367905,15,35
0.88,200,35,619.575321109933,102.806570853858,619.575321109933,13709.1881523463,13568.6841736346,14467.2228024315,61.7072951034235,44.9292712949629,47.9238299736055,-351.481463207612,-73.2817905913138,1.49011611938477e-08,1.49011611938477e-08,1.84818991493878,1.83731746700501,1.84352931315633,2.07552678758324,15,35
0.881,200,35,587.000428272076,-258.440599999574,587.000428272076,13314.9791685018,13934.6267592131,14467.14635965,60.934366378998,39.7787740029849,46.6731480249721,-341.722493806608,21.7274597918044,1.49011611938477e-08,1.49011611938477e-08,1.9245409832559,2.03291013739192,2.28641760708155,1.75144423165072,15,35
0.882,200,35,519.691512605331,75.8129357672832,519.691512605331,13361.5196949205,14236.2605872096,14049.3210183989,61.2614296366026,36.7059466274909,44.9876793718028,-474.541774321796,52.1905032974425,1.49011611938477e-08,1.49011611938477e-08,1.95341739636117,1.94118536151452,3.62200745237843,1.735460882892,15,35
0.883,200,35,479.198083404759,100.586779123198,479.198083404759,13802.6524678372,14085.6740153485,13737.1467588207,62.4800758455867,37.937304203855,43.0549644953449,-699.016292364376,-69.0604932782521,1.49011611938477e-08,1.49011611938477e-08,1.93214537450105,1.62055627117941,1.10487003077002,2.08548573847036,15,35
0.884,200,35,459.517051231537,103.232986764642,459.517051231537,14091.3524933354,13653.6278435153,13949.6706755193,63.2648463390046,42.5751750286773,41.1665791114798,-822.642244212426,-326.192604788035,1.49011611938477e-08,1.49011611938477e-08,1.82148750994179,1.43285956642432,1.49011611938477e-08,2.62605463260256,15,35
0.885,200,35,444.799010346963,104.144567785401,444.799010346963,13888.4841226581,13474.7625131066,14409.911647503,62.8456549144575,47.6751718352698,39.3595707651198,-771.355483766538,-530.77596528891,1.49011611938477e-08,1.49011611938477e-08,1.81502979170032,1.41968007663054,1.49011611938477e-08,2.40771163525759,15,35
0.886,200,35,409.245697046291,105.022211327045,409.245697046291,13474.1581052082,13780.3108415252,14546.1540889176,61.3598377288947,51.5283003647354,37.7616909370083,-661.783850276643,-578.775637078345,1.49011611938477e-08,1.49011611938477e-08,1.9023949893533,1.42659995373662,1.49011611938477e-08,2.32602020224564,15,35
0.887,200,35,336.366100856576,105.601361781446,336.366100856576,13396.0666878029,14171.4575664814,14199.0542701319,60.1479123712911,53.6977666055118,37.5092442057742,-576.892063283585,-501.097639948168,1.49011611938477e-08,1.49011611938477e-08,1.94805978299645,1.3008801840587,1.49011611938477e-08,3.83211335316651,15,35
0.888,200,35,243.619843668464,106.161835660673,243.619843668464,13770.8228564108,14158.4380874188,13803.5482461537,60.1805732119633,54.3620023610695,39.2206761508508,-536.359922808017,-354.84313475845,1.49011611938477e-08,1.49011611938477e-08,1.94111525055677,1.15311309564246,1.49011611938477e-08,16.5380282557945,15,35
0.889,200,35,240.145330889488,106.187816195445,240.145330889488,14126.0297790589,13759.7110146796,13865.3302977316,60.7595504146972,53.7914413901804,42.2243565164299,-501.984431680752,-223.862327093701,1.49011611938477e-08,1.49011611938477e-08,1.83244959477628,1.21850621084226,0.693406246741003,4.47658837547378,15,35
0.89,200,35,426.980497677837,104.744096034272,426.980497677837,14045.0705209904,13480.425968913,14307.4347657812,59.8323504057716,52.1837354999805,45.07918485331,-418.773048116855,-163.210555274962,1.49011611938477e-08,1.49011611938477e-08,1.78700913509453,1.56230111716474,1.3420415813643,3.33912643879529,15,35
0.891,200,35,643.004451836036,-11366.2388764069,643.004451836036,13660.0445437908,13688.3259713858,14580.6413828313,55.4977312887816,49.8747101804152,46.2169820935259,-319.232204694643,-148.468203474923,1.49011611938477e-08,1.49011611938477e-08,1.87335826879649,2.08029654282775,2.08157996451812,3.74326890596009,15,35
0.892,200,35,628.745345901177,-5673.61965327638,628.745345901177,13487.440741049,14107.7836268903,14381.0155718384,47.901523276815,47.8710493730725,45.1823481466851,-294.225201616523,-120.120475600598,1.49011611938477e-08,1.49011611938477e-08,1.94338172574901,2.30365707153945,2.55607366214725,4.38114073009436,15,35
0.893,200,35,584.397404236738,-236.333617224362,584.397404236738,13762.6286470811,14201.0090856856,13979.0890673627,40.0233506747691,47.1504727811527,42.8764751203676,-427.99364311494,-35.912662663855,1.49011611938477e-08,1.49011611938477e-08,1.95801266568481,1.38567165454533,1.76512308603844,3.09989384504824,15,35
0.894,200,35,422.259594394214,104.796239193466,422.259594394214,14129.085295141,13847.1067296851,13907.231583929,38.9675521889071,48.1572414268183,41.7612619460063,-681.874067533629,43.2947347265246,1.49011611938477e-08,1.49011611938477e-08,1.87077418736376,0.352403889640177,0.824283422463113,1.49103566701355,15,35
0.895,200,35,200.003943163917,106.425322837155,200.003943163917,14128.5169782062,13478.4558237476,14279.9622917782,45.6715072140715,50.3884908956102,42.6889043231661,-874.440410065867,29.0054047552415,1.49011611938477e-08,1.49011611938477e-08,1.78805227552308,1.49011611938477e-08,1.49011611938477e-08,1.27042274694032,15,35
0.896,200,35,198.327481492797,106.435394846609,198.327481492797,13741.8781222855,13571.6433467301,14596.1160273086,53.503547584786,52.6380825473865,44.1078600559607,-896.585071439096,-41.9400291965281,1.49011611938477e-08,1.49011611938477e-08,1.85067618610527,0.214856295053087,1.49011611938477e-08,1.80872971798803,15,35
0.897,200,35,452.759358955994,103.829383373219,452.759358955994,13423.4632474555,14006.9917831887,14416.4431436572,60.4055008285911,54.1612934552438,46.4755497006164,-850.228000298961,-123.960088320443,1.49011611938477e-08,1.49011611938477e-08,1.93024201508049,0.650392465923637,1.49011611938477e-08,2.59805238781156,15,35
0.898,200,35,643.569559563002,106.031027646551,643.569559563002,13609.2591231101,14242.2529353242,13980.7704579818,63.8684981748905,54.5983571508173,47.9922212047388,-744.319152303202,-235.698312330267,1.49011611938477e-08,1.49011611938477e-08,1.95401894530405,1.03363720692415,1.49011611938477e-08,3.69455162824896,15,35
0.899,200,35,618.220034882156,102.097794479167,618.220034882156,13995.5537833004,14008.2748729557,13809.9475985444,63.7273885777727,53.3799444685557,48.1848119878612,-580.20849997565,-285.625583815589,1.49011611938477e-08,1.49011611938477e-08,1.89882713644049,1.37386740392026,0.624836096271309,4.09389082870599,15,35
0.9,200,35,575.974864447623,-155.678364499999,575.974864447623,14026.6449966802,13612.888020714,14079.470046177,62.6600862871961,50.1250567297636,48.2647887937808,-436.76793047904,-193.137381021957,1.49011611938477e-08,1.49011611938477e-08,1.81483294628933,1.6112605726042,1.30711456013302,2.87579753205059,15,35
0.901,200,35,620.842066615992,-3830.55035977732,620.842066615992,13682.5181173698,13581.2953970216,14474.2224140929,61.7331303902588,45.2493813609646,47.7295096546246,-347.990869560927,-68.0602751359393,1.49011611938477e-08,1.49011611938477e-08,1.85296143252999,1.84919919932495,1.86401915363088,2.0357412609918,15,35
0.902,200,35,589.220599660874,-284.62666680572,589.220599660874,13304.4517959804,13957.8990121264,14446.2337151632,61.0236301845153,40.1719299211135,46.393026602214,-345.527855695826,30.0571628635807,1.49011611938477e-08,1.49011611938477e-08,1.92723861161959,2.034344908622,2.34328491187557,1.72295081063266,15,35
0.903,200,35,515.201600138616,81.5339276910489,515.201600138616,13382.3288577475,14240.7489883736,14020.3544620517,61.431076848014,37.4140518493079,44.6760018723116,-491.372482959193,51.6410821847353,1.49011611938477e-08,1.49011611938477e-08,1.95436211716022,1.91983471657097,3.63360204691366,1.72966775443467,15,35
0.904,200,35,474.217053839586,101.38146159018,474.217053839586,13831.5758346535,14066.0191491478,13733.6481544493,62.6962650629649,38.9043487757357,42.7786850464135,-719.444994664428,-80.6743166685593,1.49011611938477e-08,1.49011611938477e-08,1.92770039864062,1.58904564688652,0.991541463144445,2.09734199802652,15,35
0.905,200,35,456.304384501152,103.486311677761,456.304384501152,14094.4749340648,13632.7620607597,13974.2009790543,63.4902525047027,43.6353207722012,40.9965342351547,-835.005403514987,-339.903915733926,1.49011611938477e-08,1.49011611938477e-08,1.81750901616993,1.4024323834246,1.49011611938477e-08,2.61076412035193,15,35
0.906,200,35,445.735834716634,104.100814878739,445.735834716634,13865.1027504357,13480.0730292715,14430.1062768565,63.1114804138023,48.7057650528309,39.3035196328654,-784.083247143119,-530.032616672201,1.49011611938477e-08,1.49011611938477e-08,1.81962770991234,1.38473167796855,1.49011611938477e-08,2.38412595266919,15,35
0.907,200,35,410.018795222748,105.011764079601,410.018795222748,13455.354050842,13805.395100943,14536.7953756647,61.7494833608794,52.4903016509684,37.9202257342921,-671.028559770308,-574.715887598973,1.49011611938477e-08,1.49011611938477e-08,1.90684302619606,1.38074326610026,1.49011611938477e-08,2.37852566165483,15,35
0.908,200,35,334.191912994572,105.617429703801,334.191912994572,13406.4972975566,14184.346337221,14171.8008314005,60.7145700532907,54.5879778069008,37.920420647508,-588.506631780401,-491.186526812039,1.49011611938477e-08,1.49011611938477e-08,1.94925706760004,1.25529265914442,1.49011611938477e-08,4.13008587083108,15,35
0.909,200,35,237.09110201094,106.20088334406,237.09110201094,13796.7752657549,14143.4740907849,13791.9018849069,60.830222745894,55.1803601148107,39.8203980880784,-546.653818981204,-344.239627494442,1.49011611938477e-08,1.49011611938477e-08,1.93780012100777,1.13091326912284,1.49011611938477e-08,14.7282070443253,15,35
0.91,200,35,245.782843230384,106.153049789953,245.782843230384,14134.7723073192,13735.800306234,13884.4223079593,61.2898534960095,54.525014796701,42.8514521003481,-504.616369317663,-218.334769775599,1.49011611938477e-08,1.49011611938477e-08,1.82630578231981,1.22615444678806,0.718224819448305,4.28313039134153,15,35
0.911,200,35,434.821300144314,104.555656849389,434.821300144314,14026.2332814355,13478.5803843501,14331.3059843204,60.0773242495135,52.8403760409189,45.6463748952777,-419.701282140762,-163.344594027027,1.49011611938477e-08,1.49011611938477e-08,1.78993982890962,1.59079850811461,1.38650633858339,3.32135256958735,15,35
0.912,200,35,638.851792089025,-9187.5660478908,638.851792089025,13637.0551011544,13711.3034180375,14579.2167227748,55.4789382414829,50.5006090791449,46.7400558794562,-316.110897724308,-147.271669719503,1.49011611938477e-08,1.49011611938477e-08,1.87932412728897,2.11172391995987,2.14576723606966,3.7459429511675,15,35
0.913,200,35,627.958285000308,-5459.3233838623,627.958285000308,13488.947662202,14125.2971535289,14356.7569330257,47.6566584610434,48.5510409922767,45.6428481767991,-300.579474299291,-116.371535641618,1.49011611938477e-08,1.49011611938477e-08,1.94582876954393,2.292021174392,2.58481866602941,4.32222258981972,15,35
0.914,200,35,579.435521423583,-190.315817276586,579.435521423583,13782.8034125501,14189.9368573279,13959.1271536911,39.8981411084005,47.9437970171358,43.3918575074462,-447.577907206666,-31.1014012012821,1.49011611938477e-08,1.49011611938477e-08,1.95682360754475,1.32423953179949,1.70031959938872,2.98891049794238,15,35
0.915,200,35,408.694546852978,105.019515567618,408.694546852978,14138.286512929,13819.8875635459,13915.8348092673,39.3380829745274,49.0906391890168,42.3980793095294,-705.59798215941,40.3166416203137,1.49011611938477e-08,1.49011611938477e-08,1.86410825598454,0.308954368794232,0.763689824946555,1.46684048641152,15,35
0.916,200,35,191.698457090618,106.470713200726,191.698457090618,14111.8745299271,13467.9668353868,14303.3175224481,46.3075303285735,51.4514989207709,43.3116807016375,-884.452146609597,19.6182687921752,1.49011611938477e-08,1.49011611938477e-08,1.7885277504357,1.49011611938477e-08,1.49011611938477e-08,1.30838496254163,15,35
0.917,200,35,211.535062835428,106.36057037296,211.535062835428,13712.1318726015,13589.7560568464,14598.5139853267,54.0838985132855,53.7327000143305,44.5896951923965,-902.470719433394,-57.3836113990868,1.49011611938477e-08,1.49011611938477e-08,1.85654756345558,0.248258599812146,1.49011611938477e-08,1.89158464459936,15,35
0.918,200,35,485.892462487417,99.3658623146845,485.892462487417,13419.0617852449,14029.4242947707,14394.6554992227,60.8174583623563,55.2524802262964,46.7703468198873,-850.282183839499,-141.346092462236,1.49011611938477e-08,1.49011611938477e-08,1.93284812832027,0.67052913581136,1.49011611938477e-08,2.72515216978997,15,35
0.919,200,35,643.072756319935,-11424.3284044893,643.072756319935,13630.254138628,14240.4028102877,13960.1925709183,64.0154628103102,55.6113285182917,48.0834783100535,-737.30034029943,-248.87922504289,1.49011611938477e-08,1.49011611938477e-08,1.95363847355846,1.04809258091391,1.49011611938477e-08,3.81425234138726,15,35
0.92,200,35,614.375332891609,-2762.16520623195,614.375332891609,14011.3335380089,13983.5297369534,13814.7679790509,63.6963400252906,54.2525564233491,48.1990955959743,-567.926608233999,-286.172609727657,1.49011611938477e-08,1.49011611938477e-08,1.89230833883092,1.38328926738878,0.650288666845587,4.05789881127847,15,35
0.921,200,35,588.499934064841,-271.714326315583,588.499934064841,14018.3603485568,13596.1983117621,14107.5525564803,62.620557975284,50.8809696953445,48.3167275425564,-432.058480791686,-190.580210048141,1.49011611938477e-08,1.49011611938477e-08,1.81269975321216,1.61729736121727,1.34086021569034,2.76562200955365,15,35
0.922,200,35,616.882649688984,100.476084584378,616.882649688984,13659.3203796049,13593.3622534998,14491.01700267,61.6152236047898,45.9351617617647,47.5972831782052,-337.773188706656,-59.5166045940665,1.49011611938477e-08,1.49011611938477e-08,1.85728438823368,1.86596727292425,1.87303997755846,1.98800664388975,15,35
0.923,200,35,576.507659296885,-165.243440537794,576.507659296885,13297.1685295393,13981.4908064525,14435.5623813771,60.9445788384121,40.8897205336565,46.1524757212141,-342.531926386,37.718109120839,1.49011611938477e-08,1.49011611938477e-08,1.92954718925398,2.0452529065619,2.3704517382278,1.69461238516507,15,35
0.924,200,35,509.820120774588,86.6349924900305,509.820120774588,13403.8926260963,14243.1768337535,14000.3619017182,61.4631787652083,38.2099253952679,44.3419056594558,-497.559757783357,55.4255992552184,1.49011611938477e-08,1.49011611938477e-08,1.95498438164963,1.9043509377985,3.60231495035864,1.71010961103669,15,35
0.925,200,35,476.44605688516,100.991646853416,476.44605688516,13856.0181000664,14041.3910234573,13738.1642945316,62.8215251149968,39.8084212793038,42.323992821413,-717.421450646945,-74.1433448161973,1.49011611938477e-08,1.49011611938477e-08,1.92205381805669,1.5619282133616,0.953709511811667,2.09588082887034,15,35
0.926,200,35,463.750740167204,102.841628165339,463.750740167204,14093.3499945181,13609.6329530569,14004.1524412499,63.6848720841562,44.4821006182046,40.354508607308,-835.94555684004,-331.475153596666,1.49011611938477e-08,1.49011611938477e-08,1.81270890688715,1.37334609961372,1.49011611938477e-08,2.62723908286459,15,35
0.927,200,35,454.262151254398,103.620138323119,454.262151254398,13842.4416093681,13485.7519897939,14454.3319108853,63.3465869719504,49.4169156221774,38.4410343838874,-781.595200132543,-525.383549581679,1.49011611938477e-08,1.49011611938477e-08,1.82348125618589,1.35049987044121,1.49011611938477e-08,2.42088764590494,15,35
0.928,200,35,420.171917200216,104.853710964251,420.171917200216,13440.3106323804,13829.4437193337,14533.6516825506,62.0084973502994,53.0572949656567,36.8380998242492,-669.020860740492,-561.750456908466,1.49011611938477e-08,1.49011611938477e-08,1.91059982771006,1.3327494186543,1.49011611938477e-08,2.46431486171947,15,35
0.929,200,35,342.66995472703,105.561815916743,342.66995472703,13420.6184452274,14194.2448714133,14153.3937302474,61.0281783259009,55.029366331179,36.7705730869808,-588.608793872847,-472.613085677739,1.49011611938477e-08,1.49011611938477e-08,1.95044752274329,1.19522857052514,1.49011611938477e-08,4.60033831445553,15,35
0.93,200,35,251.600121583983,106.116080383525,251.600121583983,13820.8671119997,14125.4979604133,13791.127356874,61.2158431495608,55.4993126691458,38.7871069942414,-550.117557806206,-329.642144476718,1.49011611938477e-08,1.49011611938477e-08,1.93419816232915,1.07962632784558,1.49011611938477e-08,11.5804101127504,15,35
0.931,200,35,261.710716358521,106.058721629247,261.710716358521,14138.869260337,13710.7189756184,13912.8843335202,61.7186882855724,54.7214184150084,42.0370222679022,-509.745721840221,-200.263238105044,1.49011611938477e-08,1.49011611938477e-08,1.82064965330453,1.19284579727049,0.753026477145814,3.66880684378131,15,35
0.932,200,35,459.588290513677,103.307850030786,459.588290513677,14006.4858401096,13478.4099262596,14365.2025950479,60.4360955168518,52.8877183612374,44.94143114788,-419.450886952232,-142.048317225004,1.49011611938477e-08,1.49011611938477e-08,1.79339520431879,1.56761688643779,1.43299761825587,2.96177673469036,15,35
0.933,200,35,639.839741159444,105.682626188297,639.839741159444,13617.2498847824,13735.1856396325,14590.290713955,55.6705814727365,50.4193687014853,45.9785206979511,-317.024245309018,-125.72726450006,1.49011611938477e-08,1.49011611938477e-08,1.88481920843321,2.078111083607,2.19793450527649,3.34989635268347,15,35
0.934,200,35,626.707680974414,104.779573440537,626.707680974414,13494.3871278051,14141.5750360355,14344.1212433563,47.8201815740848,48.3875515992513,44.8404302468761,-309.800297593429,-90.5647365223285,1.49011611938477e-08,1.49011611938477e-08,1.94784390459688,2.19812161739818,2.62729156897821,3.72030376338735,15,35
0.935,200,35,573.980755251376,-146.217389963055,573.980755251376,13805.9246423893,14179.0531871218,13953.7350574565,40.4119831386449,47.7472477324324,42.6795020699374,-456.076408149758,-7.84684038147987,1.49011611938477e-08,1.49011611938477e-08,1.95491388651749,1.22846640499068,1.69473759915345,2.48093385633677,15,35
0.936,200,35,397.228756371753,105.150235610084,397.228756371753,14148.8336902238,13794.8180840669,13938.8936284555,40.3778518622215,48.8699753322143,41.8943797081767,-714.487456994175,60.8657300914792,1.49011611938477e-08,1.49011611938477e-08,1.85724478749428,0.251899899172192,0.759660770670206,1.28449729850026,15,35
0.937,200,35,197.181184012237,106.4379152692,197.181184012237,14097.3079062133,13461.1481736119,14338.2074417358,47.3303247170946,51.1459611112296,42.9160873606738,-894.830177624931,33.2466135832309,1.49011611938477e-08,1.49011611938477e-08,1.78931836490436,1.49011611938477e-08,1.49011611938477e-08,1.2330553046223,15,35
0.938,200,35,231.705353311444,106.239802962421,231.705353311444,13678.6148170586,13612.0465176878,14600.7521868234,54.9537607514983,53.3513673424755,44.3082940163251,-905.603213054843,-43.6388207110927,1.49011611938477e-08,1.49011611938477e-08,1.86298750255184,0.25036284239513,1.49011611938477e-08,1.79005748862149,15,35
0.939,200,35,502.713725861688,92.7080022139067,502.713725861688,13413.1218575196,14053.1643175285,14376.9621638481,61.4049164969878,54.7940296930626,46.5243533169821,-851.943277269543,-128.735908940567,1.49011611938477e-08,1.49011611938477e-08,1.93546979720179,0.667421842457801,1.49011611938477e-08,2.55269491545223,15,35
0.94,200,35,641.527507915219,-10586.8331301919,641.527507915219,13648.2798855725,14238.9314856402,13946.9219627006,64.2322919980471,55.0777316274073,47.7373389116212,-737.043809940849,-235.45908409279,1.49011611938477e-08,1.49011611938477e-08,1.95336681498902,1.03621442915474,1.49011611938477e-08,3.50067300996953,15,35
0.941,200,35,610.963823430062,-2286.82216467742,610.963823430062,14019.401985008,13961.2420169441,13828.4946285468,63.719980062453,53.6344677090813,47.8224394602244,-577.625975002549,-267.538834294093,1.49011611938477e-08,1.49011611938477e-08,1.88755999522067,1.35773958764837,0.716335070823616,3.63338175115764,15,35
0.942,200,35,586.717830608773,-253.438087786377,586.717830608773,14001.7838027916,13584.0020365437,14136.4481113872,62.6077819140108,50.138533150289,48.0692249029936,-437.10913531844,-166.822346850991,1.49011611938477e-08,1.49011611938477e-08,1.81303016198111,1.58637751718729,1.39566883287062,2.50838782863412,15,35
0.943,200,35,618.991746921566,102.486251732777,618.991746921566,13628.7183614342,13609.750181576,14504.1327595791,61.5134576875048,45.1295865989761,47.5103181695415,-345.424447634605,-39.4038530371036,1.49011611938477e-08,1.49011611938477e-08,1.86308446024458,1.83589908933123,1.88786036811642,1.85368863285877,15,35
0.944,200,35,581.576211854545,-209.602499712357,581.576211854545,13284.3679226219,14004.5017670186,14418.7002621372,60.7846504517348,40.1456618985844,46.2210301815447,-358.02933985658,51.7778276456503,1.49011611938477e-08,1.49011611938477e-08,1.93231407942661,2.00397091042085,2.40958887505148,1.61586687918563,15,35
0.945,200,35,511.47668560419,84.8429543374079,511.47668560419,13421.1740295431,14245.5823815851,13976.50550231,61.3085677767403,37.8061975944212,44.5370674590229,-523.800441975199,58.7218052216414,1.49011611938477e-08,1.49011611938477e-08,1.95604981802886,1.84942193653045,3.47803066604571,1.66765839269899,15,35
0.946,200,35,464.863010307721,102.741941901926,464.863010307721,13879.2125375985,14020.7341422843,13740.1035900281,62.6327185148332,39.777510310542,42.6231132389689,-742.701436030601,-84.8796637324195,1.49011611938477e-08,1.49011611938477e-08,1.91741835275018,1.52285171934543,0.863058090222832,2.08055852285241,15,35
0.947,200,35,455.922164588846,103.513544088301,455.922164588846,14091.8200407535,13592.161894033,14031.5190111965,63.342032088777,44.7039523615962,40.7548381579429,-845.271531482696,-349.25893195866,1.49011611938477e-08,1.49011611938477e-08,1.80996333370215,1.3619625483851,1.49011611938477e-08,2.59942992500706,15,35
0.948,200,35,444.015505304397,104.178455556988,444.015505304397,13817.8829722728,13496.1866810132,14473.3330284916,62.8041925561712,49.7096132643336,38.8928972066376,-778.565103003006,-536.994058673907,1.49011611938477e-08,1.49011611938477e-08,1.82867393954003,1.35600954534311,1.49011611938477e-08,2.37618160163722,15,35
0.949,200,35,405.700190200422,105.066394408544,405.700190200422,13424.5109756362,13856.2826288939,14520.7329781796,61.3460230966639,53.3398660711582,37.4529065701319,-664.346762981361,-562.611877084496,1.49011611938477e-08,1.49011611938477e-08,1.91459302819075,1.33883030162176,1.49011611938477e-08,2.48801844886264,15,35
0.95,200,35,330.631373697576,105.636550967451,330.631373697576,13434.494864788,14205.4009532996,14123.6409128718,60.3898003027345,55.2871285813086,37.6038421590615,-586.260582729762,-466.306208037935,1.49011611938477e-08,1.49011611938477e-08,1.95137101183869,1.19875517543655,1.49011611938477e-08,4.8508941250846,15,35
0.951,200,35,230.833692756057,106.238036222682,230.833692756057,13848.0999235009,14109.4543057101,13779.9710656333,60.5991938464353,55.7488968256583,39.69612979923,-548.378793673123,-322.650402244183,1.49011611938477e-08,1.49011611938477e-08,1.92983615884811,1.08868265446639,1.49011611938477e-08,10.7536265785211,15,35
0.952,200,35,258.256770996187,106.078302933088,258.256770996187,14146.464113806,13689.4613541449,13931.2430332482,60.9927027411679,54.9844731304391,42.8523454206741,-503.4517708917,-198.883411428982,1.49011611938477e-08,1.49011611938477e-08,1.81481155372537,1.21373064013441,0.797066713509153,3.70717503343347,15,35
0.953,200,35,464.730694040034,102.8656752166,464.730694040034,13987.7145297874,13481.5409991175,14384.167604982,59.4790984535637,53.2039340433334,45.5997633613907,-409.571036425457,-146.109657192,1.49011611938477e-08,1.49011611938477e-08,1.79677103698654,1.5989035700353,1.48461267594499,3.06780987942802,15,35
0.954,200,35,640.773516882848,105.755311811044,640.773516882848,13598.6162605565,13760.4758813737,14581.9360523881,54.512944086141,50.8541821838755,46.540997001241,-312.018728063822,-130.675134554372,1.49011611938477e-08,1.49011611938477e-08,1.89014187954263,2.10228860255982,2.25972314593851,3.4897624901826,15,35
0.955,200,35,625.405852936701,104.644384399058,625.405852936701,13501.7712041784,14157.775726776,14314.8055852806,46.5056984906415,49.0008821693843,45.3380527257621,-315.909382509296,-93.5316361928535,1.49011611938477e-08,1.49011611938477e-08,1.94988727310362,2.16375786772068,2.61112597875589,3.8294170422716,15,35
0.956,200,35,569.629910928915,-112.232663193415,569.629910928915,13829.366139153,14166.0671998381,13931.6921642955,39.3857283705093,48.5531172630378,43.2911302911599,-473.532094670018,-11.6153081871747,1.49011611938477e-08,1.49011611938477e-08,1.95263171544855,1.15173686752482,1.60346204936931,2.48616396069912,15,35
0.957,200,35,383.028839919833,105.279694464641,383.028839919833,14157.8102550212,13768.247970144,13946.1221701935,40.052147907957,49.8459869906798,42.6641766162972,-732.721638519655,47.9197904056287,1.49011611938477e-08,1.49011611938477e-08,1.85009980206371,0.168259425972906,0.689686508274271,1.31492599781976,15,35
0.958,200,35,177.452382886762,106.555967675945,177.452382886762,14081.0157032678,13454.8464324032,14356.290866418,47.4150881128679,52.2485038668391,43.6723368096428,-901.092178540422,11.2101535297028,1.49011611938477e-08,1.49011611938477e-08,1.7902112017882,1.49011611938477e-08,1.49011611938477e-08,1.33000562266787,15,35
0.959,200,35,238.630197029737,106.198346975387,238.630197029737,13653.0788068549,13632.6885338181,14595.4315746175,55.0895997923617,54.4613901382735,44.9449093392855,-902.440462463481,-68.4957638413769,1.49011611938477e-08,1.49011611938477e-08,1.86824222879577,0.299434883231164,1.49011611938477e-08,1.96260355077046,15,35
0.96,200,35,518.361424800244,78.9318074123396,518.361424800244,13415.0078242672,14073.6130503804,14348.5050113173,61.4677231374338,55.8635100586368,47.034372603623,-842.380077087461,-156.46632867007,1.49011611938477e-08,1.49011611938477e-08,1.93760892791833,0.706010854755945,1.49011611938477e-08,2.83071813376217,15,35
0.961,200,35,639.858099762745,105.769834723196,639.858099762745,13673.3673897756,14233.8934600776,13922.3793439092,64.1225314488648,56.03247383384,48.1222804060502,-728.413013024338,-255.052826946847,1.49011611938477e-08,1.49011611938477e-08,1.95227754729904,1.07374552410579,1.49011611938477e-08,3.85848018311993,15,35
0.962,200,35,607.86485517302,70.0856776734412,607.86485517302,14035.6067859183,13936.7722942632,13831.1641165265,63.5215765138365,54.4172463969481,48.1548447363439,-557.372743408974,-278.739475314674,1.49011611938477e-08,1.49011611938477e-08,1.88052673257756,1.39426814267156,0.732254825446931,3.8569368598509,15,35
0.963,200,35,592.665847196192,-315.493797850299,592.665847196192,13990.25574103,13570.5975747166,14158.8752994087,62.495281765483,50.7808045485759,48.345297173802,-421.215039087461,-166.780334710823,1.49011611938477e-08,1.49011611938477e-08,1.81174188289614,1.61808383849787,1.4231169627271,2.55319591621848,15,35
0.964,200,35,617.70947264436,-3262.78840135905,617.70947264436,13602.0297823715,13624.7565237897,14509.4632348806,61.473525863455,45.6943688479161,47.587066575331,-336.13565419975,-38.1649319138714,1.49011611938477e-08,1.49011611938477e-08,1.86758097909157,1.86378824792437,1.90779509556745,1.87212213685823,15,35
0.965,200,35,577.083456217272,-168.346244127592,577.083456217272,13276.4898214128,14026.7161498019,14396.4363460246,60.8304855178125,40.7299297821443,46.1391360340061,-358.545989952422,49.9247622931734,1.49011611938477e-08,1.49011611938477e-08,1.93430123054446,2.01909015262694,2.48101693654803,1.63314700637804,15,35
0.966,200,35,514.972543551137,81.1786504673377,514.972543551137,13441.4524087564,14243.632494744,13948.8804916072,61.3889398189809,38.4388962043761,44.3402411258788,-519.97286619766,51.0338930835302,1.49011611938477e-08,1.49011611938477e-08,1.95640535961625,1.85017207669548,3.3292044205312,1.69881745324631,15,35
0.967,200,35,469.447244159106,102.098195644056,469.447244159106,13899.602371636,13993.8621169092,13740.5642792524,62.662635447318,40.4872795511942,42.3916609254541,-746.816621458009,-109.151262550682,1.49011611938477e-08,1.49011611938477e-08,1.91104932342762,1.52774551126109,0.808562297319853,2.14100375146116,15,35
0.968,200,35,456.0242228574,103.504490838585,456.0242228574,14084.1980519132,13570.2642653001,14055.1710950755,63.3191513041906,45.3111609046148,40.5556676609779,-838.507486379293,-374.362736123383,1.49011611938477e-08,1.49011611938477e-08,1.80624562819743,1.37416003970944,1.49011611938477e-08,2.59604850513727,15,35
0.969,200,35,434.931764290505,104.510552669355,434.931764290505,13789.9372718085,13503.9978622383,14486.4563213856,62.7754592575703,50.1595695283732,38.7571966969509,-767.225244535119,-551.245158099127,1.49011611938477e-08,1.49011611938477e-08,1.83317371043255,1.37052641674216,1.49011611938477e-08,2.3156611984678,15,35
0.97,200,35,391.601340270755,105.212622845514,391.601340270755,13406.9049872055,13879.2606976047,14504.6749370197,61.3737101230509,53.631658883849,37.3231682601563,-655.529694906401,-567.988136341404,1.49011611938477e-08,1.49011611938477e-08,1.91796483125703,1.34995842227226,1.49011611938477e-08,2.45840512465545,15,35
0.971,200,35,308.24785822236,105.774051694453,308.24785822236,13447.0720271553,14211.2746087541,14094.494070433,60.5073788270458,55.4441370192015,37.4581995998633,-582.675201773737,-474.486213353117,1.49011611938477e-08,1.49011611938477e-08,1.95223396808467,1.2107405199044,1.49011611938477e-08,4.92046934253085,15,35
0.972,200,35,231.666841045161,106.235437264677,231.666841045161,13868.5084487523,14088.3173107406,13771.074700302,60.766377407909,55.7825023653831,39.5632792425163,-541.337860963159,-323.748641381427,1.49011611938477e-08,1.49011611938477e-08,1.92500893562304,1.11319864987837,1.49011611938477e-08,10.5162205211997,15,35
0.973,200,35,262.768679846372,106.05128419568,262.768679846372,14146.070812339,13664.9742465777,13950.7302695876,61.0852580974749,54.8970217094062,42.7416439986791,-491.48237678954,-202.667241870304,1.49011611938477e-08,1.49011611938477e-08,1.80912194421499,1.25425392373287,0.833379365994856,3.70628055741048,15,35
0.974,200,35,471.567725082985,102.056938202458,471.567725082985,13964.9330501648,13483.968275107,14404.8781407636,59.322314242035,52.9661632498919,45.4393921123983,-392.471851887146,-151.196931051557,1.49011611938477e-08,1.49011611938477e-08,1.80038021066211,1.6549342659984,1.53018405537518,3.11766626261502,15,35
0.975,200,35,640.31146075452,-9942.93135275751,640.31146075452,13578.7446031665,13784.4515574624,14576.9046718314,54.026927939393,50.4974694193189,46.2767834204376,-297.498780753243,-134.796015452349,1.49011611938477e-08,1.49011611938477e-08,1.89501252329075,2.16168187989825,2.30776397719007,3.57830932137781,15,35
0.976,200,35,623.536198521865,-4392.13864185706,623.536198521865,13508.2184540998,14170.7635698219,14288.6211527152,45.7937320632655,48.6079764158783,45.0009628408351,-307.172858751962,-97.1878001671151,1.49011611938477e-08,1.49011611938477e-08,1.95157277591125,2.17407782602144,2.62291605124682,3.87778420778096,15,35
0.977,200,35,560.690214277034,-54.5801161364722,560.690214277034,13850.5229054766,14152.210602296,13916.8463165793,38.8315137826543,48.223321376408,42.9717267147308,-480.110181427163,-9.83114637076099,1.49011611938477e-08,1.49011611938477e-08,1.94973489971609,1.10696168215033,1.5626875423852,2.42688179447998,15,35
0.978,200,35,363.572545101566,105.421762553704,363.572545101566,14163.5838492599,13743.5522671262,13959.7903412838,40.022324854837,49.5998294837774,42.4689747496548,-740.283132745073,44.6524172910898,1.49011611938477e-08,1.49011611938477e-08,1.84307351986847,0.104114132867039,0.658457602371656,1.30625829964078,15,35
0.979,200,35,191.643001864753,106.475390069616,191.643001864753,14062.3033947582,13451.4027430678,14379.0424282787,47.5391495129217,52.0125840571019,43.5181901686588,-897.560819145917,2.20502587011111,1.49011611938477e-08,1.49011611938477e-08,1.79147719636951,1.49011611938477e-08,1.49011611938477e-08,1.3731732590043,15,35
0.98,200,35,261.721453658233,106.059964779583,261.721453658233,13627.0159605903,13657.0231998628,14590.5941950936,55.1798260460787,54.2403505403305,44.8110805607479,-891.767749740112,-76.7188524537941,1.49011611938477e-08,1.49011611938477e-08,1.87363757816174,0.337895508995898,1.49011611938477e-08,2.01986394556723,15,35
0.981,200,35,546.80728432401,17.6409352900718,546.80728432401,13416.9707397309,14095.1988996745,14323.5857060886,61.3437672457812,55.6355662051322,46.8040254491987,-832.193770026742,-159.831849132142,1.49011611938477e-08,1.49011611938477e-08,1.93959494526062,0.734079585208485,1.49011611938477e-08,2.89861648155695,15,35
0.982,200,35,639.105319503617,105.631154809048,639.105319503617,13695.8490792827,14229.0536873352,13905.9506123855,63.742415890843,55.7822056587635,47.7421957934196,-710.479468331485,-258.721144732219,1.49011611938477e-08,1.49011611938477e-08,1.95112178816496,1.09575914973442,1.49011611938477e-08,3.8724645233719,15,35
0.983,200,35,602.408578307685,15.3845746298031,602.408578307685,14043.7207987771,13913.4132196409,13841.8535666502,63.0850124198181,54.1376802387656,47.7330446355208,-542.662895775197,-268.885874435602,1.49011611938477e-08,1.49011611938477e-08,1.87487479575188,1.40241334218758,0.770255102168422,3.70710266639449,15,35
0.984,200,35,591.497555920089,-302.600506909453,591.497555920089,13974.2031188562,13561.8591015187,14181.8467504047,62.1635583969122,50.4343439874492,48.0088983530365,-414.486926198389,-147.744149760701,1.49011611938477e-08,1.49011611938477e-08,1.8123138683223,1.61533666268885,1.45819519257362,2.39745486670595,15,35
0.985,200,35,617.773406049235,-3299.50442177459,617.773406049235,13574.2214608194,13644.2692687399,14513.8675566896,61.1916220097593,45.3862953238338,47.3047191469566,-337.563521278745,-19.8043196230857,1.49011611938477e-08,1.49011611938477e-08,1.87290413464822,1.85302760841859,1.9063192263526,1.76432661619485,15,35
0.986,200,35,578.719679787341,-184.572261132613,578.719679787341,13270.0062381564,14049.5203711784,14372.9343354817,60.5849469638904,40.6367063993632,45.9001488199733,-365.999456286872,58.9077224580559,1.49011611938477e-08,1.49011611938477e-08,1.93654560887351,1.99221796691639,2.54690148295684,1.56163533533982,15,35
0.987,200,35,509.020046952501,86.9356822643571,509.020046952501,13463.4172041517,14243.683116368,13924.0615653673,61.1942555025304,38.8341675068743,44.1692144509607,-543.680248791125,49.9705360305449,1.49011611938477e-08,1.49011611938477e-08,1.9571064552618,1.80834049656689,3.14614393039282,1.66145232104981,15,35
0.988,200,35,467.604898797614,102.421620861673,467.604898797614,13921.1340742825,13972.0041690708,13744.2910673815,62.472340478107,41.296276069283,42.3457857716881,-769.335781770689,-123.876770046493,1.49011611938477e-08,1.49011611938477e-08,1.90586428009508,1.4935550315,0.716824536143741,2.12274975746679,15,35
0.989,200,35,447.340674300594,104.028677029989,447.340674300594,14077.5177618854,13554.5582471858,14081.2796954614,63.0696490727913,46.3386423210569,40.6868282631642,-848.730088233612,-391.540436258391,1.49011611938477e-08,1.49011611938477e-08,1.80474815971049,1.35354094259858,1.49011611938477e-08,2.53865877170059,15,35
0.99,200,35,426.728252515592,104.724595039655,426.728252515592,13762.3064535352,13516.8613417769,14500.9616430707,62.4755658920283,51.2323558345445,39.0345775642034,-770.580387602135,-560.171712768499,1.49011611938477e-08,1.49011611938477e-08,1.83884253433386,1.35436068541563,1.49011611938477e-08,2.26476706358174,15,35
0.991,200,35,381.640230942821,105.296406570314,381.640230942821,13392.5741092629,13905.3830041496,14488.6439535926,61.0906724117956,54.6925030706809,37.8136140851464,-664.144118443939,-570.053156574602,1.49011611938477e-08,1.49011611938477e-08,1.92148634978716,1.32914706237187,1.49011611938477e-08,2.48826909153024,15,35
0.992,200,35,301.669282501,105.812413556552,301.669282501,13462.6388338135,14218.9394088362,14066.6306285042,60.2962912531875,56.4831764552411,38.1449819298184,-587.122276608759,-467.873283253283,1.49011611938477e-08,1.49011611938477e-08,1.95292466160666,1.19046043208581,1.49011611938477e-08,5.24377761932853,15,35
0.993,200,35,217.642977269996,106.319431857972,217.642977269996,13893.5554594627,14070.0458708537,13765.0689790206,60.5613585126306,56.805833656417,40.3362241651364,-543.004993582888,-316.483137375931,1.49011611938477e-08,1.49011611938477e-08,1.91995883111111,1.10731580054383,0.0672662729626535,9.42127683535516,15,35
0.994,200,35,266.335773701796,106.032850248614,266.335773701796,14148.5777209636,13645.4088413056,13972.3569118035,60.7205698902216,55.9071932426119,43.4754405618723,-485.67452111917,-199.022522690516,1.49011611938477e-08,1.49011611938477e-08,1.80455417474036,1.26687861109653,0.876386593707682,3.63240952439837,15,35
0.995,200,35,486.548922067078,99.0753260632303,486.548922067078,13942.4737958745,13490.7227838458,14423.4306542482,58.6760896508467,53.9846872068175,46.0568862253027,-382.472703399753,-150.788299029183,1.49011611938477e-08,1.49011611938477e-08,1.80495402162645,1.67968976815116,1.59506691657908,3.12228943135779,15,35
0.996,200,35,639.764556302476,-9695.76835058919,639.764556302476,13560.9614502731,13810.4604712609,14567.4403260722,53.1166951241304,51.5952498624102,46.8192547251283,-295.428611682162,-134.31671070033,1.49011611938477e-08,1.49011611938477e-08,1.90016067257614,2.17497070175807,2.40077318327256,3.57278605386333,15,35
0.997,200,35,621.553332463237,-3980.56217212264,621.553332463237,13517.2829454921,14183.8630125414,14260.3925188685,44.7325418274442,49.8359723348726,45.5404256015031,-314.913434055401,-92.4725382755042,1.49011611938477e-08,1.49011611938477e-08,1.9533898474869,2.11834777726117,2.64789164046108,3.77224087917436,15,35
0.998,200,35,554.644906736726,-22.8443409450588,554.644906736726,13872.6947656901,14136.0357585974,13899.8562051244,38.1626930806357,49.6029186476423,43.6943601397293,-501.745177657687,-6.78030277883349,1.49011611938477e-08,1.49011611938477e-08,1.9466974200817,1.02390342812396,1.49390952127577,2.31131434212083,15,35
0.999,200,35,349.842353956218,105.512193087626,349.842353956218,14168.9029262901,13717.486895975,13972.6725069481,40.0855968465545,51.1259678921436,43.3568903031409,-763.534161339275,36.4071907541057,1.49011611938477e-08,1.49011611938477e-08,1.8365993100287,1.49011611938477e-08,0.588361892046073,1.29989867664023,15,35
1,1000,35,168.188264734397,106.632149113085,168.188264734397,14043.2732712763,13448.3060252368,14398.848599967,47.9352003770427,53.6472866687115,44.3452717841404,-909.175407964059,-16.5512904910424,1.49011611938477e-08,1.49011611938477e-08,1.79362422027657,1.49011611938477e-08,1.49011611938477e-08,1.45577146142704,15,35
1.001,1000,35,266.159331301675,109.213766672766,266.159331301675,13603.1170577257,13678.8616920651,14585.0439475929,55.6109414602375,55.8727552544768,45.47171771541,-897.023623281259,-95.5705053527559,1.49011611938477e-08,1.49011611938477e-08,1.87882576097753,0.361087466174706,1.49011611938477e-08,2.1890359686007,15,35
1.002,1000,35,560.657046921895,-40.6043393829219,560.657046921895,13421.5973584012,14113.1665940247,14297.7366733081,61.6558082460679,57.2160644386693,47.2834420817151,-828.571307553492,-184.644138387701,1.49011611938477e-08,1.49011611938477e-08,1.94154473662936,0.755058176325491,1.49011611938477e-08,3.17285412310686,15,35
1.003,1000,35,637.409987091337,115.094409768661,637.409987091337,13721.2862609738,14220.8841840951,13886.5906038821,63.8572608144737,57.2275041924529,48.0720031804371,-699.068033582073,-277.530559517624,1.49011611938477e-08,1.49011611938477e-08,1.94941299337183,1.11362322809461,1.49011611938477e-08,4.1724657511298,15,35
1.004,1000,35,598.885434705587,-29.1837717969555,598.885434705587,14057.0459196351,13889.3535914459,13850.4512433238,63.1032046638135,55.3672203477173,48.0093755344088,-526.292610604402,-272.454802805343,1.49011611938477e-08,1.49011611938477e-08,1.86814043403685,1.41841124579489,0.792752421203073,3.79593131566541,15,35
1.005,1000,35,605.178174588067,-455.815377609043,605.178174588067,13966.9484051864,13551.2154303258,14214.1719816206,62.1877084433588,51.5096597192688,48.1602757412656,-399.351897869348,-142.749836296035,1.49011611938477e-08,1.49011611938477e-08,1.81179993041279,1.63429585548282,1.48942617236107,2.38842047213212,15,35
1.006,1000,35,615.024243553306,117.895960578622,615.024243553306,13554.7147482209,13661.3203303013,14524.4785940556,61.1889182061226,46.3660022393359,47.1901791402807,-326.442469794544,-19.6385444120485,1.49011611938477e-08,1.49011611938477e-08,1.87713632677661,1.88082263662882,1.91819855075961,1.76408970888552,15,35
1.007,1000,35,572.063887444649,-113.501752852723,572.063887444649,13272.1459647967,14069.8000291447,14356.3778169083,60.6653903107074,41.6184149859564,45.5983079547066,-361.99840639164,64.4204600363549,1.49011611938477e-08,1.49011611938477e-08,1.93810552412087,2.00937735090619,2.61397896131807,1.56361707096624,15,35
1.008,1000,35,505.574046667319,114.365232737709,505.574046667319,13492.3560629755,14238.2871063886,13906.2356816934,61.3929605900947,39.8191485286443,43.7202179809276,-548.677958916659,51.0053016280621,1.49011611938477e-08,1.49011611938477e-08,1.95690418599858,1.79592169827994,3.04509167265578,1.6687344707052,15,35
1.009,1000,35,460.108566167245,131.333037960215,460.108566167245,13946.3453657542,13944.9619461313,13756.5436053973,62.7460846332289,42.2444859323771,41.7481380063396,-774.238568304663,-129.755910028209,1.49011611938477e-08,1.49011611938477e-08,1.89842741287791,1.46829806103415,0.672216361729498,2.15022091734651,15,35
1.01,1000,35,450.093867146973,135.253930048799,450.093867146973,14073.3755518184,13536.3547988577,14113.6692102813,63.4196194889488,47.0853411050384,39.8935437182566,-848.076814934315,-393.404594296491,1.49011611938477e-08,1.49011611938477e-08,1.80160498602252,1.32127282606603,1.49011611938477e-08,2.57978725346642,15,35
1.011,1000,35,438.634227164589,138.997795468023,438.634227164589,13741.5307328999,13528.7134486646,14519.5552535314,62.9041283752085,51.7703863874502,38.067620681938,-774.213220150676,-547.426284487058,1.49011611938477e-08,1.49011611938477e-08,1.84332901420093,1.31182352113999,1.49011611938477e-08,2.32329980131308,15,35
1.012,1000,35,396.805414208129,143.054719988597,396.805414208129,13385.573516595,13929.0239616469,14479.4295529365,61.6262867373516,55.0427523941822,36.7422470817305,-664.636165321904,-553.866894924365,1.49011611938477e-08,1.49011611938477e-08,1.92436957630214,1.27191764233592,1.49011611938477e-08,2.62729435135245,15,35
1.013,1000,35,313.128668935558,146.972372570114,313.128668935558,13484.093223184,14222.5590625446,14049.330515901,60.955227217437,56.6721268186576,37.1388453485276,-590.345739532387,-446.859863776659,1.49011611938477e-08,1.49011611938477e-08,1.95360012912848,1.13108995834436,1.49011611938477e-08,6.18654287646484,15,35
1.014,1000,35,230.084594866385,150.86436952739,230.084594866385,13917.0337692774,14047.2931460714,13771.3144097801,61.3115234989062,56.8426981815564,39.5677162362115,-548.019292159426,-292.600008981383,1.49011611938477e-08,1.49011611938477e-08,1.9146111074517,1.06638978908099,0.123888424440689,7.31105765971844,15,35
1.015,1000,35,280.940865529985,153.617336473255,280.940865529985,14148.2037888935,13623.1769044596,14005.0288545678,61.4773996236487,55.7901198437123,42.9620197325461,-489.478486976419,-176.415128184373,1.49011611938477e-08,1.49011611938477e-08,1.80036286408669,1.24662580288645,0.904784565844552,3.19738540379446,15,35
1.016,1000,35,509.605993093496,136.297063560222,509.605993093496,13920.5914611666,13497.2489008556,14452.9861645543,59.323419888367,53.6753822024368,45.6754013469875,-389.726753258804,-130.651895665242,1.49011611938477e-08,1.49011611938477e-08,1.80975882685786,1.66886363112288,1.6338863845235,2.83205619686782,15,35
1.017,1000,35,638.189422487791,160.002344339006,638.189422487791,13545.8162556172,13835.8247971416,14571.0743201965,53.6289111608351,51.1133788545638,46.4250200950389,-299.416210374688,-112.847179803605,1.49011611938477e-08,1.49011611938477e-08,1.90489547420831,2.151451456801,2.44014019770771,3.23958229793541,15,35
1.018,1000,35,619.142378723912,-3926.82948302246,619.142378723912,13528.9304825094,14195.4009724587,14245.6334680646,45.2484736936913,49.2536737827227,45.1295713491648,-327.023543930662,-68.1466886455055,1.49011611938477e-08,1.49011611938477e-08,1.95494485050534,2.03803886572886,2.66240906764355,3.31136767555135,15,35
1.019,1000,35,549.776405410757,47.5505153348161,549.776405410757,13896.0796655877,14121.1052832344,13899.8687445092,39.0040035646424,48.9917578140904,43.3548221370141,-520.985974611018,16.9563791912827,1.49011611938477e-08,1.49011611938477e-08,1.94325561677434,0.97027674213549,1.48278059869784,2.01066534134677,15,35
1.02,1000,35,339.273833090959,168.919655648083,339.273833090959,14173.6075151483,13695.0355091737,14000.3882870905,41.1645842309635,50.4985033137762,43.1364062680417,-778.607156646405,52.6369280012165,1.49011611938477e-08,1.49011611938477e-08,1.83075160576907,1.49011611938477e-08,0.589406784925558,1.19604068646744,15,35
1.021,1000,35,204.731870688671,173.399503378047,204.731870688671,14023.604059401,13449.9109509955,14431.279291723,48.7859002739683,52.9546905503011,44.1299767391605,-908.756841320686,-1.79701303267665,1.49011611938477e-08,1.49011611938477e-08,1.79650181029712,1.49011611938477e-08,1.49011611938477e-08,1.39918664443091,15,35
1.022,1000,35,317.032566682133,175.495625944587,317.032566682133,13574.8988681091,13706.1420785669,14584.3302566648,56.239153665534,55.1404548754554,45.3613499471578,-894.842333187597,-82.221478060881,1.49011611938477e-08,1.49011611938477e-08,1.88460012851586,0.382113595963453,1.49011611938477e-08,2.06420794987838,15,35
1.023,1000,35,597.10452725882,-324.169254896488,597.10452725882,13422.3398525216,14133.9164092168,14278.6497569523,61.8620484880934,56.4303919231895,47.0914601923454,-825.017342201231,-170.739351640627,1.49011611938477e-08,1.49011611938477e-08,1.94341164958149,0.762090542790693,1.49011611938477e-08,2.92938756198816,15,35
1.024,1000,35,632.518075225196,181.647890104426,632.518075225196,13739.3277685389,14213.3759743972,13879.8954927454,63.6421204023954,56.3788265320235,47.7399310173203,-695.076003759594,-258.431737447812,1.49011611938477e-08,1.49011611938477e-08,1.94795716619503,1.10566445164833,1.49011611938477e-08,3.72300280533886,15,35
1.025,1000,35,588.550234786588,-314.994942528467,588.550234786588,14057.7655278535,13865.6203512442,13870.7432082931,62.7283352413058,54.4666996650962,47.7084295501783,-527.433021274265,-244.509822777328,1.49011611938477e-08,1.49011611938477e-08,1.86337807401672,1.39146707041332,0.861530499754515,3.29900821680942,15,35
1.026,1000,35,604.463177599948,-416.159203950019,604.463177599948,13945.8960798796,13545.9213599205,14244.5033205729,61.8030792783369,50.5220998864623,48.07666042087,-410.742104769384,-120.589078539219,1.49011611938477e-08,1.49011611938477e-08,1.81405713211679,1.59977421166093,1.53568955453681,2.12870031917387,15,35
1.027,1000,35,613.694436373405,-3100.04896584323,613.694436373405,13523.7565990385,13683.5329893909,14532.4446800752,60.7573997989344,45.3869351778165,47.3347534561799,-338.008275108288,4.66784432558901,1.49011611938477e-08,1.49011611938477e-08,1.88292462169452,1.83692447623958,1.9064235652465,1.61229171580162,15,35
1.028,1000,35,570.168514081014,-56.8349742852348,570.168514081014,13263.717217694,14091.8879957986,14335.9865299443,60.1952257339818,40.8160524989141,45.9319896767826,-383.027987553429,80.1330270848946,1.49011611938477e-08,1.49011611938477e-08,1.94032673370065,1.94793567778566,2.66554909226441,1.46579130743295,15,35
1.029,1000,35,503.201953487413,179.441877239334,503.201953487413,13509.8272649589,14235.835059434,13886.1568799265,60.915702259732,39.4611575643656,44.1989280001068,-578.339901519002,52.2000700456789,1.49011611938477e-08,1.49011611938477e-08,1.95748715206197,1.73325553055721,2.84293171767218,1.60928516866144,15,35
1.03,1000,35,471.25957766,195.621285155688,471.25957766,13960.6872260555,13921.8119133022,13765.1683630965,62.1989521601899,42.3337753157428,42.3562738053123,-797.47781415841,-145.522782477623,1.49011611938477e-08,1.49011611938477e-08,1.89322771758463,1.43549866204274,0.606475042432374,2.1166087416112,15,35
1.031,1000,35,451.026728044034,201.11640747856,451.026728044034,14061.3651700452,13523.5814284921,14141.7797556529,62.669085538993,47.450057444955,40.6049092607252,-854.473035407516,-403.095150980456,1.49011611938477e-08,1.49011611938477e-08,1.80122410201989,1.32216224193249,1.49011611938477e-08,2.51322603142063,15,35
1.032,1000,35,428.584812036321,205.413971954877,428.584812036321,13712.924152955,13545.1831641624,14533.1338095174,61.900070814545,52.2279156853751,38.8297948316964,-767.703619868275,-562.402428801394,1.49011611938477e-08,1.49011611938477e-08,1.84915312076984,1.33310084962833,1.49011611938477e-08,2.25211542631777,15,35
1.033,1000,35,379.537959218795,209.545567494408,379.537959218795,13374.1816045122,13954.6431637094,14461.513546271,60.4349800184371,55.520888334404,37.6652184351127,-656.18005312169,-557.805234308708,1.49011611938477e-08,1.49011611938477e-08,1.92738927084313,1.29522209251973,1.49011611938477e-08,2.62997903744643,15,35
1.034,1000,35,292.308381106204,213.814233455743,292.308381106204,13501.9532099079,14226.6687817486,14022.4464072741,59.7331126153195,57.1591297088267,38.2619276186079,-583.752777532244,-441.707910418414,1.49011611938477e-08,1.49011611938477e-08,1.9539269599807,1.14698604924008,1.49011611938477e-08,6.56127748513444,15,35
1.035,1000,35,220.739985158253,217.858427521903,220.739985158253,13940.8848493214,14026.8474357481,13768.9486139527,60.1031649650486,57.3586499921897,40.7428694197683,-542.346915142915,-284.309250714249,1.49011611938477e-08,1.49011611938477e-08,1.90868954475074,1.076566034006,0.24556002209014,6.93862671272074,15,35
1.036,1000,35,293.503264180593,220.162713661109,293.503264180593,14147.4279867851,13604.6943475368,14028.2705808683,60.2181982878369,56.3566567693571,44.0718128967828,-486.242641951489,-174.352629056547,1.49011611938477e-08,1.49011611938477e-08,1.79646925384204,1.25608839560082,0.957205577570673,3.16691492587839,15,35
1.037,1000,35,527.675548621403,172.082720990273,527.675548621403,13898.9493410278,13506.6032736096,14470.3105029908,57.9041110161615,54.3221367959317,46.640591803689,-382.352727066944,-127.972412009452,1.49011611938477e-08,1.49011611938477e-08,1.81461599491976,1.67461121314227,1.69802621261033,2.84010946139394,15,35
1.038,1000,35,634.480008592621,226.888201851217,634.480008592621,13533.2310557295,13861.3623620124,14560.5465695525,51.9877228305136,51.9145018295157,47.269108825335,-299.006429900228,-109.353391081174,1.49011611938477e-08,1.49011611938477e-08,1.90938678765873,2.12530657181849,2.51787536753156,3.22643123652872,15,35
1.039,1000,35,614.065508165866,225.489939121697,614.065508165866,13543.4623728258,14204.0718477307,14218.4288529978,43.5569643311868,50.2596233710556,45.9882509206246,-340.539732111758,-61.3577274593769,1.49011611938477e-08,1.49011611938477e-08,1.95638856987352,1.92064879914493,2.62003182907682,3.18861116152555,15,35
1.04,1000,35,539.650471073938,141.783932323974,539.650471073938,13920.8828992222,14100.6278446326,13886.7242421912,37.9465149729215,50.2241114138891,44.4523139033861,-546.988846726032,19.0433362858279,1.49011611938477e-08,1.49011611938477e-08,1.93892609547279,0.855510363256566,1.38920320960943,1.90357201145703,15,35
1.041,1000,35,328.824944665736,235.527699050288,328.824944665736,14179.1344917004,13668.5051533741,14016.599160448,41.0060346692661,51.9240842626246,44.3952610229176,-791.31394867971,42.6050628187152,1.49011611938477e-08,1.49011611938477e-08,1.82423500302424,1.49011611938477e-08,0.506791224130077,1.2086740113878,15,35
1.042,1000,35,187.070534725097,240.634053972687,187.070534725097,14005.9112393749,13448.7290809624,14450.2234241755,48.9466192555366,54.4937234718598,45.2774796890275,-918.231431156062,-22.8407140273027,1.49011611938477e-08,1.49011611938477e-08,1.79895418698064,1.49011611938477e-08,1.49011611938477e-08,1.50913500608723,15,35
1.043,1000,35,326.984630566116,241.9289833314,326.984630566116,13557.2884903552,13728.2034435431,14577.6942270992,56.4594064608619,56.6946874523384,46.3237006494882,-895.117966434748,-106.636376092341,1.49011611938477e-08,1.49011611938477e-08,1.8891158066716,0.408072398320245,1.49011611938477e-08,2.27415108526241,15,35
1.044,1000,35,615.706104630519,-539.526820262315,615.706104630519,13433.7535609802,14148.6744302791,14254.9506755814,61.9490271402017,57.9685012759956,47.795434497344,-816.919786091395,-195.067354332844,1.49011611938477e-08,1.49011611938477e-08,1.94497669536811,0.786299970637717,1.49011611938477e-08,3.24276650646738,15,35
1.045,1000,35,628.26744673059,248.100366695862,628.26744673059,13768.3600734988,14201.834190124,13866.3887242285,63.575705385093,57.8197282170436,48.2697851035411,-679.094325288122,-272.530492287656,1.49011611938477e-08,1.49011611938477e-08,1.94534798115568,1.12608368304147,1.49011611938477e-08,4.01414986193411,15,35
1.046,1000,35,581.952980423236,-116.173753639593,581.952980423236,14071.2526634771,13841.644583841,13885.0470724366,62.6410520749035,55.7317227108857,48.1933727938492,-516.642532050508,-244.934235042271,1.49011611938477e-08,1.49011611938477e-08,1.8566144221363,1.40765621621687,0.883195529152268,3.32720888191871,15,35
1.047,1000,35,612.085757706264,-492.920195516691,612.085757706264,13932.7712211976,13538.7091381954,14273.0783294708,61.8290616168267,51.6662156853456,48.457536638637,-397.010163273042,-105.458808030198,1.49011611938477e-08,1.49011611938477e-08,1.81465332530623,1.61149086730733,1.55811517414699,2.07213439544052,15,35
1.048,1000,35,613.422229416127,-3493.5435255781,613.422229416127,13502.3528039163,13702.5760269262,14536.4411468268,60.8760510260914,46.4879453465722,47.5123666473692,-332.513128033961,21.4582607281856,1.49011611938477e-08,1.49011611938477e-08,1.88716334071215,1.84146252944193,1.90289362087876,1.55738494937472,15,35
1.049,1000,35,572.209044382333,-31.2092344370344,572.209044382333,13266.7300726431,14109.7141680522,14313.7973137638,60.4139676201854,41.9970881473856,45.9170315434162,-389.011235564199,92.2892047560667,1.49011611938477e-08,1.49011611938477e-08,1.94180454612478,1.93319531128315,2.74379808647199,1.42255381516921,15,35
1.05,1000,35,515.076194891492,229.600851393266,515.076194891492,13538.5716598574,14226.837762424,13867.2720995633,61.1479472121057,40.7281985204073,44.0349440082664,-591.396501943052,50.6227063342053,1.49011611938477e-08,1.49011611938477e-08,1.95699287033964,1.70830925841486,2.73176656506152,1.59122232685385,15,35
1.051,1000,35,453.929740711584,263.516383276328,453.929740711584,13983.5766712596,13894.1637726957,13778.6644493282,62.3210870199005,43.6119339980788,42.1495543180351,-796.037468173592,-149.280695692508,1.49011611938477e-08,1.49011611938477e-08,1.88561480621931,1.42564202109334,0.558347453168316,2.13944228463006,15,35
1.052,1000,35,440.789228912375,267.730236756979,440.789228912375,14053.2218076992,13508.4098647212,14172.015259224,62.6880462749404,48.5830029324202,40.4608951538433,-848.839025697449,-421.587771496237,1.49011611938477e-08,1.49011611938477e-08,1.79944282661284,1.32431154531159,1.49011611938477e-08,2.49641172045606,15,35
1.053,1000,35,416.942572908424,271.878083087951,416.942572908424,13689.7097169808,13559.8019117772,14544.3812721003,61.8685673645474,53.1945331413204,38.8199340074923,-757.516453903821,-570.493024554636,1.49011611938477e-08,1.49011611938477e-08,1.85400735113136,1.33814179712858,1.49011611938477e-08,2.22322097078137,15,35
1.054,1000,35,368.984446856958,276.048357872982,368.984446856958,13366.8886106269,13977.5586902188,14442.8324710355,60.4896444640668,56.3337418783107,37.8169743714133,-648.504394081962,-557.019200196353,1.49011611938477e-08,1.49011611938477e-08,1.92981923812457,1.29686075587312,1.49011611938477e-08,2.67403934145704,15,35
1.055,1000,35,283.667735887116,280.593728727654,283.667735887116,13523.173597864,14227.8576425044,13997.5551798124,59.9255635410054,57.841246631109,38.5778025187809,-577.573725516085,-436.948170544136,1.49011611938477e-08,1.49011611938477e-08,1.95395525615686,1.15747137338776,1.49011611938477e-08,7.14764296644868,15,35
1.056,1000,35,207.965879405656,284.982197855495,207.965879405656,13962.7046412175,14004.0557921357,13770.0242048144,60.3332706090521,57.9089457061229,41.1748787120356,-535.293869462658,-287.03518017784,1.49011611938477e-08,1.49011611938477e-08,1.90196475521907,1.10809018952455,0.275429345311245,6.59114272648532,15,35
1.057,1000,35,288.35636562263,286.879894953307,288.35636562263,14144.2404613096,13586.8755801751,14053.3865625488,60.3043067660238,56.7571706923917,44.5574807501855,-470.132582901334,-171.778598491507,1.49011611938477e-08,1.49011611938477e-08,1.792545782753,1.30718964148125,0.998200713866802,3.12205112992271,15,35
1.058,1000,35,536.711983158653,206.557525454125,536.711983158653,13875.2584965064,13517.9488946849,14487.0972660176,57.6911630661663,54.5648564018671,47.1624724819388,-362.185768924328,-125.160390741162,1.49011611938477e-08,1.49011611938477e-08,1.8194037850498,1.74116294572573,1.75884939392931,2.83138986750359,15,35
1.059,1000,35,631.89598583003,-9609.2536762067,631.89598583003,13519.9689096082,13887.6343784976,14549.1310188964,51.4447110523173,52.0399139418091,47.8133015172575,-284.039704266136,-105.467061072617,1.49011611938477e-08,1.49011611938477e-08,1.91352024072756,2.18901609892292,2.6047675791232,3.21468410747892,15,35
1.06,1000,35,611.220484766062,-3365.75647801765,611.220484766062,13557.0961142132,14213.0348528876,14190.3199657366,42.801284227436,50.3542664567822,46.6128109528601,-337.65258858367,-56.2961873984795,1.49011611938477e-08,1.49011611938477e-08,1.95763549175068,1.92354291066954,2.67421519852486,3.12976042346172,15,35
1.061,1000,35,534.85921740115,215.125212632238,534.85921740115,13942.8945832852,14082.7257100881,13875.9374087704,37.4356683087421,50.3605216081927,45.2550104880925,-540.708707286574,15.7466633335983,1.49011611938477e-08,1.49011611938477e-08,1.93417874154376,0.828251700390473,1.354267648482,1.87873815934333,15,35
1.062,1000,35,322.871352634738,302.130969056931,322.871352634738,14179.470720019,13646.8850980199,14032.8611386136,40.9077127167767,52.135184484556,45.2879840462346,-795.848289639846,31.4322697632631,1.49011611938477e-08,1.49011611938477e-08,1.81833951740814,1.49011611938477e-08,0.457120544471986,1.26770651568561,15,35
1.063,1000,35,214.447384508286,307.185865850826,214.447384508286,13983.381297591,13453.4312634813,14468.2004802425,48.9266317818671,54.7394984781671,46.0657736453731,-911.203150520621,-41.6927612492184,1.49011611938477e-08,1.49011611938477e-08,1.80200522641091,1.49011611938477e-08,1.49011611938477e-08,1.63844719765578,15,35
1.064,1000,35,363.596582507288,307.757946287609,363.596582507288,13537.0799624981,13756.0034738076,14567.7724019303,56.3279821190372,56.9714154101728,46.9831229585899,-881.919369936898,-125.062563609427,1.49011611938477e-08,1.49011611938477e-08,1.89381066553118,0.463778767004021,1.49011611938477e-08,2.45473176633776,15,35
1.065,1000,35,644.07597933209,-975.387743696236,644.07597933209,13442.3579230449,14166.3452674563,14227.8924970603,61.5354318929111,58.2332268584361,48.2338296389593,-798.877713563575,-211.788006872397,1.49011611938477e-08,1.49011611938477e-08,1.94634705375106,0.830567760264438,1.49011611938477e-08,3.46545540009837,15,35
1.066,1000,35,623.196082298693,314.235881254603,623.196082298693,13790.377209225,14189.9579451979,13853.7465781255,62.9110825494211,58.0349011214302,48.5409200335417,-666.190975851133,-276.480696597019,1.49011611938477e-08,1.49011611938477e-08,1.94264493099466,1.15992394904363,1.49011611938477e-08,4.12413399303056,15,35
1.067,1000,35,569.436766786381,27.8105259073299,569.436766786381,14072.4858539948,13817.2790547648,13899.160916568,61.9898246487336,55.908825511242,48.4666137928717,-500.719611888169,-233.573003927641,1.49011611938477e-08,1.49011611938477e-08,1.85112261037891,1.42279853202296,0.916002829745481,3.20462865645543,15,35
1.068,1000,35,615.967017219103,-4438.90767782297,615.967017219103,13918.0294275109,13536.0625699369,14299.5954699907,61.2523935028859,51.7830077145557,48.6915287102776,-387.294128949065,-85.7275590001022,1.49011611938477e-08,1.49011611938477e-08,1.81665469537298,1.61762153614916,1.57915645774346,1.95985861934036,15,35
1.069,1000,35,609.133981509977,-3155.64968760256,609.133981509977,13481.0466621706,13726.0526515386,14538.3157143937,60.3613142804403,46.6756455530399,47.6603067545019,-331.346416490953,40.9151662135571,1.49011611938477e-08,1.49011611938477e-08,1.89189536919911,1.83794821405221,1.88308364356149,1.47460112165835,15,35
1.07,1000,35,559.558053848144,112.353874029196,559.558053848144,13270.8421995909,14130.2867502409,14291.3972910838,60.0083637951481,42.4456653847227,45.9960855902245,-400.652679472319,106.220648875529,1.49011611938477e-08,1.49011611938477e-08,1.94341590728914,1.90789349933189,2.85533374049583,1.36237080803094,15,35
1.071,1000,35,493.554207705704,314.062099563036,493.554207705704,13564.5335634974,14221.0924017722,13851.1100178859,60.9130778592061,41.6312452954763,44.0694160692477,-602.344466281185,60.9676134358652,1.49011611938477e-08,1.49011611938477e-08,1.95659162375685,1.66044659423362,2.52965703633453,1.54932835781333,15,35
1.072,1000,35,475.539040113262,325.246142974569,475.539040113262,13998.5718236183,13869.8678576809,13792.5766863319,62.2399814009304,44.8589985099719,42.1286524742235,-820.041377714943,-153.475691657485,1.49011611938477e-08,1.49011611938477e-08,1.87978149903401,1.37300288989679,0.469097103484085,2.09893999083858,15,35
1.073,1000,35,457.284852010534,332.04904227001,457.284852010534,14039.7404633491,13497.7899350009,14201.7517454654,62.6892692249525,49.988788099401,40.3268419346686,-865.849442214634,-423.721084243718,1.49011611938477e-08,1.49011611938477e-08,1.79997530947488,1.27028571741342,1.49011611938477e-08,2.46497964176838,15,35
1.074,1000,35,436.366070769365,337.074329484318,436.366070769365,13663.7073223057,13578.0375980528,14558.7484309436,61.8982704944944,54.6319703514203,38.5219164838858,-770.560365918039,-565.118639024311,1.49011611938477e-08,1.49011611938477e-08,1.85975901648626,1.27616289065574,1.49011611938477e-08,2.23931258222901,15,35
1.075,1000,35,384.319285224167,342.033183972088,384.319285224167,13361.9166560456,14001.6065874136,14430.7883566098,60.5321672129884,57.7623805374305,37.4996238657318,-660.750386603091,-543.192537447712,1.49011611938477e-08,1.49011611938477e-08,1.9324719884215,1.21975250689024,1.49011611938477e-08,2.82046592023684,15,35
1.076,1000,35,290.638975252967,347.098186903926,290.638975252967,13544.695353567,14227.9913308624,13983.7092278174,60.0073892088205,59.2428981073035,38.4311045079712,-592.302849123149,-421.585751908391,1.49011611938477e-08,1.49011611938477e-08,1.95420189594796,1.07268519789839,1.49011611938477e-08,9.09295779583086,15,35
1.077,1000,35,231.02812531111,351.460471365639,231.02812531111,13982.8409606487,13980.6611482429,13782.9602191848,60.4729567351663,59.2733530116863,41.2914892772935,-547.720009280637,-256.635512243075,1.49011611938477e-08,1.49011611938477e-08,1.89639476859672,1.03267988346456,0.319214259651237,5.07573721198979,15,35
1.078,1000,35,332.040302248929,352.641866736457,332.040302248929,14137.5357956372,13568.9403165973,14089.4465730152,60.4714167992914,58.0815206083141,44.8987712631279,-482.198693850371,-139.718194729609,1.49011611938477e-08,1.49011611938477e-08,1.79093071414953,1.24189393676831,1.0438194600695,2.67293205394529,15,35
1.079,1000,35,579.559484371853,-36.5742479008869,579.559484371853,13851.7659028165,13529.2334934231,14515.058661988,57.7845178188774,55.8431153422147,47.546202718643,-374.258478944618,-94.6632262188128,1.49011611938477e-08,1.49011611938477e-08,1.82564144670892,1.66849521552338,1.82669951053184,2.46653463383692,15,35
1.08,1000,35,628.356942678849,360.657784688353,628.356942678849,13508.3027251909,13912.2685675912,14549.3622726741,51.4614148963906,53.346496536895,48.1457621995757,-301.848238973089,-73.089203582591,1.49011611938477e-08,1.49011611938477e-08,1.91790657238634,2.07027786148517,2.69793744945177,2.74089710268281,15,35
1.081,1000,35,606.1874087505,355.49262918196,606.1874087505,13572.5185229202,14218.1026207354,14177.5288617315,43.0480037944679,51.7109246175177,47.0316662346741,-360.547867155007,-24.3223588941696,1.49011611938477e-08,1.49011611938477e-08,1.9589354085036,1.73853286930532,2.68881763923155,2.53655477059935,15,35
1.082,1000,35,523.599451110731,304.806724472553,523.599451110731,13965.1693236977,14061.1204060347,13881.53992874,38.4043889891719,51.7736130485806,45.8924658390387,-580.496015470285,46.1069899854176,1.49011611938477e-08,1.49011611938477e-08,1.92970511600269,0.723714338756531,1.32594953344806,1.53271306167601,15,35
1.083,1000,35,321.140251478941,368.657757997408,321.140251478941,14180.6626555747,13623.3292241458,14066.1165116132,42.3169281350274,53.5545968295671,46.0492832794958,-831.069823091261,48.7167392968508,1.49011611938477e-08,1.49011611938477e-08,1.81396065410703,1.49011611938477e-08,0.434434456138991,1.13353657245651,15,35
1.084,1000,35,207.457230401165,374.233923532599,207.457230401165,13962.1135574138,13457.0233354972,14499.1821849396,50.1805221690898,56.0976373968654,46.7176208731456,-931.566068721089,-33.1600767714104,1.49011611938477e-08,1.49011611938477e-08,1.80649215075058,1.49011611938477e-08,1.49011611938477e-08,1.56846340252342,15,35
1.085,1000,35,388.651378812064,373.522684372054,388.651378812064,13514.9744724777,13780.28701261,14568.4033316618,57.4813151197696,58.2220073551865,47.6376038786105,-897.916015794478,-117.673484146543,1.49011611938477e-08,1.49011611938477e-08,1.89895128136313,0.445841059130198,1.49011611938477e-08,2.35487016229596,15,35
1.086,1000,35,633.863902641019,382.40306845453,633.863902641019,13448.8938160145,14179.2236955002,14212.8694335953,62.3749186407065,59.3684667629218,48.7534312164747,-815.662177806013,-199.620062513469,1.49011611938477e-08,1.49011611938477e-08,1.94802850618349,0.80756860332437,1.49011611938477e-08,3.27653640629574,15,35
1.087,1000,35,618.847231086028,-5955.20801729033,618.847231086028,13811.6709628839,14177.6862604385,13852.4430172838,63.4685557434054,58.9925500006343,48.978291467469,-671.525946835553,-263.389054210616,1.49011611938477e-08,1.49011611938477e-08,1.94018918547594,1.12942180727617,0.172825784588428,3.78613878886096,15,35
1.088,1000,35,562.603558613896,126.767950304935,562.603558613896,14075.7178190621,13794.9108209817,13924.1957356554,62.3712803963148,56.6159392831713,48.9447611954583,-501.744035058385,-211.353921330753,1.49011611938477e-08,1.49011611938477e-08,1.84636189974067,1.39115408672559,0.984240684222208,2.89740879735612,15,35
1.089,1000,35,619.81419408312,386.90821568036,619.81419408312,13897.4611119004,13533.2107280068,14333.8042266218,61.524064242029,52.2921927185755,49.2152451862305,-386.445575272092,-63.4040817517333,1.49011611938477e-08,1.49011611938477e-08,1.81935150236412,1.5959229700748,1.61964374579375,1.82729684964844,15,35
1.09,1000,35,607.267730420224,-3306.89682398236,607.267730420224,13456.3206971475,13747.9087790475,14545.9847543502,60.5231628261689,47.0078483425128,48.2339035128424,-332.938945118892,55.2480558793251,1.49011611938477e-08,1.49011611938477e-08,1.89662918802611,1.82003349941748,1.86361151921887,1.40462747917233,15,35
1.091,1000,35,563.340616214218,129.562119468164,563.340616214218,13272.0473861364,14146.4904869187,14271.8299019274,60.1337385153726,42.7020814058234,46.5995230712229,-403.193711231641,119.551089312094,1.49011611938477e-08,1.49011611938477e-08,1.94500673333664,1.87789481380405,2.88585042634853,1.32118272261052,15,35
1.092,1000,35,508.851786895179,362.107059960999,508.851786895179,13590.838414603,14210.3130539363,13836.7505265105,60.9607109745194,41.854228794807,44.6554276443582,-617.618470357871,61.28677762556,1.49011611938477e-08,1.49011611938477e-08,1.95575801305237,1.63274059618262,2.46190189614599,1.53947008258736,15,35
1.093,1000,35,457.983257154716,394.472680312455,457.983257154716,14018.3526630604,13843.7546284048,13810.4822974109,62.0750499346557,45.0703732121671,42.6924794656944,-823.974844399136,-172.60284889102,1.49011611938477e-08,1.49011611938477e-08,1.87216822514001,1.37700693866577,0.431199456201363,2.13995175647952,15,35
1.094,1000,35,441.732025289988,399.440407710681,441.732025289988,14030.4925278296,13488.4085315005,14232.7876514567,62.2543039506789,50.100639458995,40.8632525693709,-851.477086542634,-446.634566698795,1.49011611938477e-08,1.49011611938477e-08,1.79921506602547,1.30416073672134,1.49011611938477e-08,2.45122394434949,15,35
1.095,1000,35,414.375240514695,404.161613893189,414.375240514695,13642.5040580641,13597.7068088389,14566.4760194066,61.2088854582967,54.6166656928041,39.082782885084,-747.917246864089,-578.181638001191,1.49011611938477e-08,1.49011611938477e-08,1.86463794018571,1.32589233190014,1.49011611938477e-08,2.19156407352722,15,35
1.096,1000,35,361.320332578794,408.859197853756,361.320332578794,13359.3944630887,14025.1724633487,14406.3188319877,59.7868327657274,57.6145949936583,38.1925493894678,-644.5046892771,-551.049524233903,1.49011611938477e-08,1.49011611938477e-08,1.93454227211621,1.27052798662205,1.49011611938477e-08,2.82338388130787,15,35
1.097,1000,35,278.521761285171,413.980435981072,278.521761285171,13569.678596981,14227.6186818856,13956.3681149293,59.3339903280372,58.9881678003357,39.2385899623975,-574.419845786214,-420.707042461943,1.49011611938477e-08,1.49011611938477e-08,1.95372519852147,1.1255730325791,1.49011611938477e-08,9.48793018095775,15,35
1.098,1000,35,213.089973483897,418.692503490974,213.089973483897,14005.820534657,13958.0958410899,13783.6686011305,59.8249305580456,58.9308218482779,42.0915941404844,-529.533635103161,-256.949535866978,1.49011611938477e-08,1.49011611938477e-08,1.88879481485819,1.09162923543365,0.374824407993997,5.26277007219719,15,35
1.099,1000,35,319.677065270486,419.385309825109,319.677065270486,14134.7122651575,13555.0126196976,14111.3199844592,59.7074513053058,57.6667124049025,45.6290779350026,-460.161476258744,-144.318034383052,1.49011611938477e-08,1.49011611938477e-08,1.78760089817955,1.31049471560007,1.08957302647244,2.79646392459735,15,35
1.1,1000,35,581.735254645059,-25.2826488248964,581.735254645059,13830.5238941398,13544.5178960834,14525.087533361,56.7770990126444,55.393206611759,48.2037226952858,-351.643588250852,-101.507616079142,1.49011611938477e-08,1.49011611938477e-08,1.83028977697749,1.74870351399597,1.87892187177045,2.61033447429943,15,35
1.101,1000,35,625.59006905118,427.651676278511,625.59006905118,13501.4272590351,13938.7518610559,14530.7533274759,50.1538588792631,52.8958604848818,48.7554120968491,-286.994874883689,-81.5255868922653,1.49011611938477e-08,1.49011611938477e-08,1.92139316336122,2.14265376866447,2.75904398382937,2.91730063324199,15,35
1.102,1000,35,603.817483868301,-2929.20638312751,603.817483868301,13592.2053094083,14224.7414929687,14145.3274005013,41.5879728975111,51.3418637302217,47.663981443625,-356.26569115469,-30.9112748539472,1.49011611938477e-08,1.49011611938477e-08,1.9597083021827,1.73817783901944,2.6455942145967,2.67672333809865,15,35
1.103,1000,35,521.187648575108,369.811948707181,521.187648575108,13989.3837997071,14041.2637645772,13869.9418143452,37.3044940022119,51.5320858223953,46.6490319243373,-583.117534869279,33.8783420363414,1.49011611938477e-08,1.49011611938477e-08,1.92361481159992,0.691716177830746,1.25656806089891,1.62428002802043,15,35
1.104,1000,35,311.886566864793,435.358322703897,311.886566864793,14180.8247499056,13603.5210567534,14080.1659979962,41.7360559470406,53.4516304083807,46.8513923379134,-827.745843710982,27.1036559808013,1.49011611938477e-08,1.49011611938477e-08,1.80817769864739,1.49011611938477e-08,0.359955037859468,1.2594633481734,15,35
1.105,1000,35,241.471106949175,440.307987164659,241.471106949175,13941.6433320611,13465.4764308056,14511.5135135084,49.74952120048,56.0738394403306,47.4146362225543,-915.405593635506,-59.3994972520991,1.49011611938477e-08,1.49011611938477e-08,1.80963791424628,1.49011611938477e-08,1.49011611938477e-08,1.7665635032468,15,35
1.106,1000,35,410.891383885533,438.942311344417,410.891383885533,13501.5470856877,13808.3520260071,14553.4215575405,56.9598514156675,58.2335149226668,48.2260866855529,-879.138424450572,-138.400110016816,1.49011611938477e-08,1.49011611938477e-08,1.90286055707065,0.512054108751769,1.49011611938477e-08,2.63691682784659,15,35
1.107,1000,35,628.98523070716,-11256.2907924175,628.98523070716,13464.2334341543,14194.5277752252,14183.5258522565,61.6001176700746,59.3692514595337,49.150861238089,-789.394323161747,-221.759974837685,1.49011611938477e-08,1.49011611938477e-08,1.94902134031038,0.865048697125601,1.49011611938477e-08,3.64077874697212,15,35
1.108,1000,35,613.632938696487,-5200.52603671302,613.632938696487,13836.6445885465,14162.0446886929,13839.3908527724,62.5171207852143,58.9543673554972,49.2553125260735,-643.119898541663,-273.569167546561,1.49011611938477e-08,1.49011611938477e-08,1.93629908439972,1.17875418902058,0.196531722831362,4.04668344232693,15,35
1.109,1000,35,552.4331252712,247.758775041143,552.4331252712,14077.3019976685,13770.8829385243,13937.6024697135,61.5248933680124,56.5609722115263,49.2244209596297,-481.543988712854,-203.665552286828,1.49011611938477e-08,1.49011611938477e-08,1.84066253856078,1.42118886569049,1.00635319638738,2.88373198787394,15,35
1.11,1000,35,617.26465788255,453.400879766557,617.26465788255,13875.414669979,13533.3039698483,14350.3583602019,60.8957905351682,52.2095875470403,49.4508469614242,-382.01765573573,-54.0880575713462,1.49011611938477e-08,1.49011611938477e-08,1.82196938612684,1.60730660746077,1.62866497293553,1.75805026935236,15,35
1.111,1000,35,607.07501600489,-3703.54103979745,607.07501600489,13432.9773529662,13771.9083710053,14536.7685865053,60.0691276273585,47.046855500251,48.3815564612121,-336.576096616477,70.1784057557542,1.49011611938477e-08,1.49011611938477e-08,1.90095346968985,1.81014839357019,1.86298938707425,1.34149298187125,15,35
1.112,1000,35,559.265556172834,205.710413612021,559.265556172834,13276.2831610773,14164.0742656856,14241.9927771886,59.789543574144,43.0427850293363,46.6714021228038,-419.708536698781,124.510894552791,1.49011611938477e-08,1.49011611938477e-08,1.94646785938747,1.84717956238956,3.07376361155551,1.27918525775204,15,35
1.113,1000,35,500.492597187921,435.658549870927,500.492597187921,13613.1342878242,14199.4403001697,13817.1597093754,60.6806359071354,42.6729136597941,44.7304721122274,-641.690450565548,49.9124810853775,1.49011611938477e-08,1.49011611938477e-08,1.95479000279143,1.59815241096508,2.21456267817707,1.52611827215438,15,35
1.114,1000,35,464.977161209672,458.386618195571,464.977161209672,14025.9398335658,13817.4985744668,13821.6709992509,61.8179835071744,46.2388386181658,42.8620568471687,-842.326358278058,-195.029541907432,1.49011611938477e-08,1.49011611938477e-08,1.86649228706507,1.35094181904273,0.330472769312002,2.12606717128448,15,35
1.115,1000,35,448.22503431713,464.571326653561,448.22503431713,14009.1966229349,13479.0637653934,14256.1810004833,61.9908017508342,51.3951210075114,41.1544087455856,-859.639879256162,-465.183979229672,1.49011611938477e-08,1.49011611938477e-08,1.80087584946191,1.28423059450353,1.49011611938477e-08,2.36846431889041,15,35
1.116,1000,35,417.310569405821,470.08520414216,417.310569405821,13611.6194016905,13616.5165271025,14570.5896792065,60.9461852499614,55.9112660343295,39.4492426698591,-758.94715332488,-585.117544845717,1.49011611938477e-08,1.49011611938477e-08,1.87042173947079,1.30503274819841,1.49011611938477e-08,2.13525851891265,15,35
1.117,1000,35,357.730073623169,475.268671376916,357.730073623169,13352.0023011183,14046.0988121251,14384.4011512308,59.5528500750973,58.8775907192245,38.6785113830405,-649.932132409881,-551.256161815686,1.49011611938477e-08,1.49011611938477e-08,1.93678000039708,1.24426353572878,1.49011611938477e-08,2.85983194914117,15,35
1.118,1000,35,270.779665688151,480.804434643425,270.779665688151,13587.7616725993,14222.8709737228,13935.4040140916,59.1509020631788,60.2067889972768,39.8665833353989,-579.869211097044,-413.240697453054,1.49011611938477e-08,1.49011611938477e-08,1.9533592445492,1.09944332305322,1.49011611938477e-08,10.7433219712756,15,35
1.119,1000,35,222.333375770247,485.327664496828,222.333375770247,14019.7227698651,13932.4954289461,13790.8568632266,59.6615554042533,60.1076138181862,42.8400295479939,-533.151189890582,-245.850679643391,1.49011611938477e-08,1.49011611938477e-08,1.88251522250291,1.07411343921045,0.417942721901843,4.73103159554141,15,35
1.12,1000,35,358.89697162608,484.762433172324,358.89697162608,14121.7055312344,13538.9327776352,14139.3399418384,59.4672848220475,58.7974229742228,46.4193507511733,-460.312277440878,-134.042569774283,1.49011611938477e-08,1.49011611938477e-08,1.78666356563557,1.299952514261,1.13679924360099,2.63204856770777,15,35
1.121,1000,35,611.629585817646,-529.749901827386,611.629585817646,13803.488639874,13557.7875402727,14541.3311988,56.3061277961801,56.4579602667909,48.899090244531,-355.958452600209,-93.3030781069509,1.49011611938477e-08,1.49011611938477e-08,1.83653601577259,1.73242635179772,1.94573446638674,2.47409853186402,15,35
1.122,1000,35,621.898995422958,494.16978270815,621.898995422958,13488.8973267711,13961.7202785857,14518.4727505602,49.478846272425,53.98888041801,49.3586449450783,-292.95827799881,-69.8451787725286,1.49011611938477e-08,1.49011611938477e-08,1.92520956812716,2.0839368037337,2.84711202313216,2.71456226423936,15,35
1.123,1000,35,597.997363268226,-2386.38639109714,597.997363268226,13606.1707149784,14225.362694451,14123.2022287036,41.0450726781733,52.5011884199186,48.3401714423266,-376.169880641193,-16.3042735018948,1.49011611938477e-08,1.49011611938477e-08,1.9605772311927,1.61556800978562,2.62212112760362,2.39245618405932,15,35
1.124,1000,35,507.183973701094,458.120183314486,507.183973701094,14006.4432573551,14016.9326807678,13869.3104280488,37.4479715007828,52.7815301359471,47.5037872047685,-612.254804128635,42.592164698203,1.49011611938477e-08,1.49011611938477e-08,1.91819481830469,0.608823715966197,1.21256596644576,1.45509715081514,15,35
1.125,1000,35,297.7609598076,502.239372751058,297.7609598076,14175.8626430513,13581.1308284752,14105.8347358507,42.3859765481139,54.7452482408355,47.7793923537257,-851.028822185989,24.2570623134934,1.49011611938477e-08,1.49011611938477e-08,1.80433730464595,1.49011611938477e-08,0.314670817768128,1.22564253225371,15,35
1.126,1000,35,226.128485911175,507.473544563275,226.128485911175,13916.0587953509,13471.648231149,14531.5589198852,50.3623806566732,57.3506406332647,48.2051390532904,-925.383039616862,-63.4447051696925,1.49011611938477e-08,1.49011611938477e-08,1.81444979516466,1.49011611938477e-08,1.49011611938477e-08,1.80323163851674,15,35
1.127,1000,35,449.363027356364,502.197135820422,449.363027356364,13484.3054770082,13832.8203945283,14546.5911444099,57.4777261024619,59.4611001871848,48.8820153489222,-882.040464513001,-148.755291496034,1.49011611938477e-08,1.49011611938477e-08,1.9072058810014,0.521317363967878,1.49011611938477e-08,2.72000082080584,15,35
1.128,1000,35,628.836276936472,-13045.2226397965,628.836276936472,13476.3415442708,14203.8885131512,14163.6497313977,61.861593178447,60.5258661255723,49.5976028358756,-785.964881642982,-229.138811466961,1.49011611938477e-08,1.49011611938477e-08,1.9502718206118,0.866902761285647,1.49011611938477e-08,3.71181924276586,15,35
1.129,1000,35,608.984271559088,-4659.42572423727,608.984271559088,13859.2292345569,14147.8356095126,13837.8600142078,62.610883091188,59.9649137325148,49.5888406591423,-634.015421437018,-269.517704058696,1.49011611938477e-08,1.49011611938477e-08,1.9329413880458,1.17231633352852,0.286720706181695,3.95105754969211,15,35
1.13,1000,35,541.764413125432,360.382965374004,541.764413125432,14078.2810703387,13749.8730304298,13960.7661760422,61.5832427076833,57.3499696611243,49.5590695426389,-471.66882211024,-184.557533186083,1.49011611938477e-08,1.49011611938477e-08,1.83621039482623,1.4094809975731,1.06289001512316,2.69562498930725,15,35
1.131,1000,35,617.085782875103,521.012561433307,617.085782875103,13854.3052340989,13534.3660182867,14378.6324817373,60.9509795387108,52.8432548690462,49.7392621933126,-374.141785300471,-32.1487387711655,1.49011611938477e-08,1.49011611938477e-08,1.8249594049492,1.59924771762052,1.64722046801611,1.65547219764489,15,35
1.132,1000,35,600.838113384584,517.591144343591,600.838113384584,13412.6356703519,13795.6430361914,14538.1797147673,60.1102524335491,47.5823401704946,48.6158029995039,-334.582572925592,89.8906583248707,1.49011611938477e-08,1.49011611938477e-08,1.90500757996645,1.79965016146177,1.83051560865963,1.2746412871946,15,35
1.133,1000,35,565.901032473927,189.11080360418,565.901032473927,13284.5614622632,14178.2027375488,14219.434740762,59.8489818123414,43.6158282315402,46.8602904004358,-428.421444280605,137.302419088177,1.49011611938477e-08,1.49011611938477e-08,1.94783706370133,1.8221949547448,3.14061152925816,1.23581973778212,15,35
1.134,1000,35,513.801430284497,474.319211276471,513.801430284497,13644.1093240808,14187.1461569246,13806.0556904956,60.6835795688796,43.2843496226676,44.884105277637,-654.528806780988,46.9876109833205,1.49011611938477e-08,1.49011611938477e-08,1.9530602922527,1.57507926035366,2.14139737199329,1.51417645465341,15,35
1.135,1000,35,458.4351301678,520.188976389792,458.4351301678,14045.3285881202,13792.4707253999,13843.7520846138,61.6299380336295,46.8386013887729,43.0609914954907,-842.284185346609,-214.17553791591,1.49011611938477e-08,1.49011611938477e-08,1.85886403448084,1.35409692942912,0.280766182342534,2.15922834379072,15,35
1.136,1000,35,431.30145014156,523.655265924456,431.30145014156,13998.1483807594,13473.5267127246,14286.9205959593,61.6011882229648,51.8791684352565,41.4460720475939,-848.11075029659,-472.941240963127,1.49011611938477e-08,1.49011611938477e-08,1.80120940138412,1.309052075053,1.49011611938477e-08,2.34850178859549,15,35
1.137,1000,35,394.412897571234,525.588148579658,394.412897571234,13591.1880557118,13638.6065273422,14575.1730795881,60.4163653231824,56.2568546682066,39.9064748322675,-739.130408720272,-592.218353309836,1.49011611938477e-08,1.49011611938477e-08,1.87516374675207,1.33884837082135,1.49011611938477e-08,2.11886703729228,15,35
1.138,1000,35,335.009251561677,527.520116452806,335.009251561677,13354.1284829036,14068.4773307749,14359.0938033419,59.0667392076876,59.0890183586044,39.3614476348506,-632.899036042155,-549.118583425676,1.49011611938477e-08,1.49011611938477e-08,1.93848217583796,1.27817604952338,1.49011611938477e-08,2.93222522100945,15,35
1.139,1000,35,246.953784754582,530.1539026721,246.953784754582,13615.7147720799,14219.7569101572,13911.94574472,58.7594897113557,60.3110536961747,40.6740428346497,-564.436910933037,-407.940991090817,1.49011611938477e-08,1.49011611938477e-08,1.9522266741539,1.14010089896785,1.49011611938477e-08,11.9802726039873,15,35
1.14,1000,35,205.509559179136,531.416969129658,205.509559179136,14042.4290440616,13909.7090672784,13797.2620962505,59.2487302320022,60.1202287793553,43.6264955132899,-514.501513716776,-243.555283667867,1.49011611938477e-08,1.49011611938477e-08,1.87434606057616,1.12874790329233,0.462338945126297,4.77525578557942,15,35
1.141,1000,35,344.35156605506,527.286655939659,344.35156605506,14117.4019690874,13528.5266151287,14163.4471175635,58.8548761723265,58.7260248472378,47.1312860673877,-440.815021997986,-139.702386903054,1.49011611938477e-08,1.49011611938477e-08,1.78436209706491,1.3707585081006,1.18645673616363,2.7145905373609,15,35
1.142,1000,35,607.375744376219,-319.231313315796,607.375744376219,13782.6865351717,13576.6117488608,14548.7262919289,55.3999431959426,56.3422514166433,49.5650268156148,-331.0966093298,-97.129479122462,1.49011611938477e-08,1.49011611938477e-08,1.84150927572286,1.81790652526672,2.00529893414559,2.58021407798017,15,35
1.143,1000,35,620.134404134785,530.160728886783,620.134404134785,13485.173086578,13987.7958314677,14496.8755742542,48.2551545484586,53.8504175502808,50.0281588566054,-276.12575063936,-73.49706457975,1.49011611938477e-08,1.49011611938477e-08,1.9283501657333,2.1595405292545,2.93632832926499,2.83720089100605,15,35
1.144,1000,35,596.361162577682,515.438991304332,596.361162577682,13628.0547905618,14229.4367284598,14091.7024926553,39.7245413267368,52.4247754689067,49.0921795872044,-371.911649807461,-20.657209185457,1.49011611938477e-08,1.49011611938477e-08,1.96093590107048,1.6158807152087,2.60378028288632,2.48169159580122,15,35
1.145,1000,35,505.002507512963,488.766735950589,505.002507512963,14028.8976998968,13995.7974653095,13861.3375796098,36.5121580318704,52.8091603824342,48.38286287009,-614.810354081488,30.6988793237614,1.49011611938477e-08,1.49011611938477e-08,1.9113660852113,0.582512874707871,1.14896691566391,1.53703532730964,15,35
1.146,1000,35,292.141352345069,528.779802642901,292.141352345069,14172.4719790674,13563.8611388596,14121.5322438258,41.9550029803892,54.9087097542059,48.6751148656093,-838.965135156955,5.37516802007589,1.49011611938477e-08,1.49011611938477e-08,1.79958984959698,1.49011611938477e-08,0.202570631928111,1.36753479010073,15,35
1.147,1000,35,256.15876167033,529.901776065815,256.15876167033,13893.8690614049,13483.8216285307,14540.9977979474,50.0612956455726,57.5911155011186,48.9605599668626,-910.170691178304,-90.7371103756524,1.49011611938477e-08,1.49011611938477e-08,1.81832974880983,0.146145729815811,1.49011611938477e-08,2.0460804238448,15,35
1.148,1000,35,460.342145268336,520.142195035369,460.342145268336,13473.390599023,13860.9203171479,14528.3520442469,57.0637520647483,59.7076193087346,49.5358400764645,-861.674672787871,-174.533069207265,1.49011611938477e-08,1.49011611938477e-08,1.91080736130895,0.584131223485837,1.49011611938477e-08,3.08381421945516,15,35
1.149,1000,35,625.809060866721,-11521.9831294525,625.809060866721,13494.0601092895,14216.4039508645,14134.3286273382,61.179413991441,60.7212740616423,50.0857817410721,-761.4293063391,-251.335290135697,1.49011611938477e-08,1.49011611938477e-08,1.95106779307102,0.922404162100405,1.49011611938477e-08,4.17196120374062,15,35
1.15,1000,35,605.624299748639,524.600063408847,605.624299748639,13882.7678412205,14128.7362592756,13826.3026576605,61.7752018724859,60.0968932710179,49.9926763513182,-608.042664823699,-279.558422802717,1.49011611938477e-08,1.49011611938477e-08,1.92815678387018,1.21991715118992,0.295274466809549,4.24613657867105,15,35
1.151,1000,35,531.54426365428,417.666095324905,531.54426365428,14076.5834114569,13726.4134219392,13974.3694907827,60.8603440716218,57.4509347833615,49.9859683730779,-460.558205549167,-186.326388465256,1.49011611938477e-08,1.49011611938477e-08,1.83102701468876,1.43839581325622,1.08185575378436,2.69724592872657,15,35
1.152,1000,35,617.805696147699,528.950810368366,617.805696147699,13834.4240049464,13537.0342930526,14395.902519474,60.3425084768261,52.916361804894,49.9442575489505,-363.941877696056,-20.56927529498,1.49011611938477e-08,1.49011611938477e-08,1.82795154643615,1.61698068648721,1.65479723279108,1.62197088345054,15,35
1.153,1000,35,603.642516917169,-3553.43121428875,603.642516917169,13396.2650532163,13819.7860537765,14529.1064655089,59.6225054521066,47.7706653819192,48.6114333479349,-335.313001245036,99.8151978959025,1.49011611938477e-08,1.49011611938477e-08,1.90872351999597,1.80227145460613,1.84966357596351,1.2444199403146,15,35
1.154,1000,35,552.216364413238,302.323609812085,552.216364413238,13296.9029184934,14192.6665849554,14192.9993743956,59.5099090579805,44.0769741920027,46.6983986980263,-441.671139772015,140.719627173943,1.49011611938477e-08,1.49011611938477e-08,1.94901492413926,1.80101103601174,3.40960509876371,1.21669037574885,15,35
1.155,1000,35,498.230893189878,498.252018627674,498.230893189878,13669.6435662662,14171.6954261176,13793.5706794143,60.5312988208265,44.1768988191018,44.6330468091428,-676.903505033552,40.386751836655,1.49011611938477e-08,1.49011611938477e-08,1.95100387228064,1.53336250129789,1.90969444488047,1.507229583263,15,35
1.156,1000,35,453.715570973395,520.947150694212,453.715570973395,14051.8284886712,13765.5292703098,13861.3641833247,61.6625467324868,47.9908548166431,42.7021286603415,-858.332297396018,-207.980712454336,1.49011611938477e-08,1.49011611938477e-08,1.85310846591396,1.30106405369728,0.088258641947278,2.13767540048265,15,35
1.157,1000,35,443.840260931644,522.455955195621,443.840260931644,13976.9080435441,13466.709410176,14313.2820390613,61.7860426879376,53.0912811863441,40.9292639773608,-865.256486206359,-473.522329944547,1.49011611938477e-08,1.49011611938477e-08,1.80352347920066,1.24437589314482,1.49011611938477e-08,2.33160028404047,15,35
1.158,1000,35,419.799817667116,524.418728536378,419.799817667116,13565.5504050862,13658.6294034746,14580.96829825,60.7094365731588,57.4355212275858,39.1926469113184,-755.683143566632,-583.198440265207,1.49011611938477e-08,1.49011611938477e-08,1.88063304624069,1.25851139284565,1.49011611938477e-08,2.15564646523286,15,35
1.159,1000,35,364.758081015058,526.618585001324,364.758081015058,13354.2044493049,14086.6035174509,14342.9655768807,59.4279693559268,60.2112173180835,38.5752190002855,-649.832581893502,-532.506404646072,1.49011611938477e-08,1.49011611938477e-08,1.94051914578083,1.18191530051941,1.49011611938477e-08,3.14924545770842,15,35
1.16,1000,35,269.626423323259,529.490872078193,269.626423323259,13637.2810997604,14211.0956275391,13901.6723078995,59.1768960393517,61.3651722851146,40.0295051140681,-581.889998833633,-383.367972975893,1.49011611938477e-08,1.49011611938477e-08,1.95162739566253,1.04271563498797,1.49011611938477e-08,15.8861331379369,15,35
1.161,1000,35,235.275893459794,530.544650120966,235.275893459794,14054.1105878568,13882.5537525991,13816.0132224599,59.7256919771715,61.1064583840678,43.2711870074238,-535.494579718361,-221.479679437716,1.49011611938477e-08,1.49011611938477e-08,1.86872604537425,1.04626777147125,0.495675316833321,3.81422310564193,15,35
1.162,1000,35,389.009210005143,525.826280220713,389.009210005143,14101.7057031121,13514.7506065129,14199.719647487,59.3261466174419,59.6350152721865,46.9731278762956,-457.955591540593,-111.181308305807,1.49011611938477e-08,1.49011611938477e-08,1.78544878461117,1.29828950682729,1.22709677131309,2.34009274186754,15,35
1.163,1000,35,625.964807638777,533.338696821102,625.964807638777,13756.4100572883,13591.8002437093,14570.8959308001,55.7369130835217,57.1389283670548,49.3907346752136,-347.75751390095,-69.8538234151707,1.49011611938477e-08,1.49011611938477e-08,1.84834686548807,1.73237061574787,2.06233482308659,2.24963010043897,15,35
1.164,1000,35,619.382691444953,-8287.32500079247,619.382691444953,13476.5962101808,14009.5517357853,14491.6923699111,48.5475927022646,54.638615615561,49.7800369841748,-299.382194825625,-43.9337714962777,1.49011611938477e-08,1.49011611938477e-08,1.93184669628462,2.01909455724818,2.9999446330159,2.41333084205004,15,35
1.165,1000,35,593.457094774505,506.979308516546,593.457094774505,13644.8456112879,14226.9723148498,14080.7580486913,40.3902117139643,53.2388902639569,48.8908331626655,-407.190116695527,11.3511675198564,1.49011611938477e-08,1.49011611938477e-08,1.96149085694202,1.45011973609017,2.5547042323245,2.01770132885182,15,35
1.166,1000,35,493.973141743389,502.371549626256,493.973141743389,14044.5266515168,13970.3421128336,13874.9148999923,37.9031128793235,53.666994321898,48.3050619375035,-641.591990014814,56.0480743614551,1.49011611938477e-08,1.49011611938477e-08,1.90590501271003,0.499926632017063,1.12411472421245,1.26188663116672,15,35
1.167,1000,35,287.202393751799,528.948575668499,287.202393751799,14165.335817967,13544.7495618583,14158.4060744211,43.5141908768846,55.7313066435991,48.6506120633036,-870.268361008268,22.1541855091103,1.49011611938477e-08,1.49011611938477e-08,1.79761326013251,1.49011611938477e-08,0.199883179344797,1.22214380824454,15,35
1.168,1000,35,247.297063825789,530.195941567512,247.297063825789,13865.9021784753,13494.1539397024,14566.3952762845,51.3089673066079,58.3203309029125,48.8277781372619,-926.701152141376,-77.9750988937395,1.49011611938477e-08,1.49011611938477e-08,1.82447764209907,0.0814164514545308,1.49011611938477e-08,1.89871176333113,15,35
1.169,1000,35,490.370710357035,506.896915522492,490.370710357035,13454.5527948139,13886.1121489079,14523.708735415,58.1944001161289,60.3407812172713,49.4937098876117,-875.507665307282,-160.776707923095,1.49011611938477e-08,1.49011611938477e-08,1.9152091849631,0.560573710273625,1.49011611938477e-08,2.82254152027143,15,35
1.17,1000,35,626.364602289591,-11914.5558310525,626.364602289591,13503.8968938348,14223.2046799804,14117.8120163403,62.0550569386345,61.2410074530949,50.027490817372,-771.921156680104,-237.232238890619,1.49011611938477e-08,1.49011611938477e-08,1.95227072332274,0.893792267749145,1.49011611938477e-08,3.74444948734965,15,35
1.171,1000,35,603.505426069668,-3550.58003536189,603.505426069668,13899.1779029685,14113.3986545611,13831.2438490581,62.4338919480792,60.4344753442181,49.9217577615227,-622.330558036594,-262.441135401657,1.49011611938477e-08,1.49011611938477e-08,1.92490018129529,1.18664123394553,0.406686175991263,3.73566268940203,15,35
1.172,1000,35,520.815573806474,454.758311178002,520.815573806474,14069.0843025396,13707.1101055925,14001.7536552826,61.3697740920136,57.5404262916688,49.9990903345746,-463.0222402757,-163.148705259115,1.49011611938477e-08,1.49011611938477e-08,1.82833986488772,1.40997870382238,1.15382103916501,2.42892882392821,15,35
1.173,1000,35,617.2329938409,528.67987191079,617.2329938409,13807.4644484363,13542.2943609226,14422.9895989996,60.666437814904,52.8380121673104,50.0854670292659,-362.85015755671,-2.55438663611847,1.49011611938477e-08,1.49011611938477e-08,1.83238579344424,1.60675089251361,1.67054996787442,1.53000167168821,15,35
1.174,1000,35,597.544160843874,516.583600541015,597.544160843874,13374.3306849197,13844.8712628778,14528.2176357832,59.806552098496,47.5759681535743,48.9179213763534,-336.761197439244,112.654943162741,1.49011611938477e-08,1.49011611938477e-08,1.9128289109074,1.79914671311519,1.81729610459379,1.20792593048598,15,35
1.175,1000,35,560.596079847917,235.601967323095,560.596079847917,13304.3511024114,14204.664174588,14169.8232431485,59.6598404646313,43.9240287232723,47.1418518081494,-453.033932963915,146.888115709662,1.49011611938477e-08,1.49011611938477e-08,1.95043232618175,1.7871403850992,3.51551317708263,1.20808351200107,15,35
1.176,1000,35,503.881958572763,490.792191433653,503.881958572763,13698.0815343352,14158.0095537693,13784.4253971978,60.6209913260011,44.1016500087717,45.1402234005238,-678.703376692704,42.4474209971653,1.49011611938477e-08,1.49011611938477e-08,1.94864455382626,1.52215566427401,1.82062074311335,1.5283544035195,15,35
1.177,1000,35,457.717878936162,520.331384036478,457.717878936162,14066.3521079063,13742.2359803224,13884.11411051,61.5478296191226,47.9729659531773,43.2472307017449,-858.067148767242,-230.393491439113,1.49011611938477e-08,1.49011611938477e-08,1.84608643333767,1.31804674402003,1.49011611938477e-08,2.1937318381893,15,35
1.178,1000,35,429.9566123956,523.758202693801,429.9566123956,13962.498495116,13465.9921454777,14340.2772798684,61.4137775833873,53.0157929194321,41.4608687911601,-847.694714468497,-494.46649772807,1.49011611938477e-08,1.49011611938477e-08,1.80510499296352,1.28652713951052,1.49011611938477e-08,2.30614787570967,15,35
1.179,1000,35,392.053307051233,525.676814418142,392.053307051233,13545.3278101296,13683.6004009815,14579.0159686113,60.1347702043306,57.2589987829328,39.7783417122234,-732.869822032043,-592.534144931261,1.49011611938477e-08,1.49011611938477e-08,1.88535248629168,1.31046199068923,1.49011611938477e-08,2.12631249891589,15,35
1.18,1000,35,328.410274930777,527.719325756584,328.410274930777,13359.4450736591,14107.8428309878,14312.3699553219,58.8435690696682,59.9294007874922,39.3098015160544,-629.782456150923,-533.223679909109,1.49011611938477e-08,1.49011611938477e-08,1.94206020799256,1.23220055726437,1.49011611938477e-08,3.17646234031588,15,35
1.181,1000,35,239.560145355732,530.374195357878,239.560145355732,13666.1508361777,14205.2239279423,13876.7342538504,58.6394811998835,61.0100331744027,40.7965403827538,-566.491319887363,-390.849601739789,1.49011611938477e-08,1.49011611938477e-08,1.94990104738146,1.09419046185482,1.49011611938477e-08,16.6681605049041,15,35
1.182,1000,35,211.699884374095,531.231463829117,211.699884374095,14075.0063973802,13859.8885951186,13821.9551430172,59.1313743456084,60.7070132425334,43.9240984114602,-514.841255195152,-225.042882916602,1.49011611938477e-08,1.49011611938477e-08,1.86045098805649,1.10795041677635,0.543818666787622,4.04160979861849,15,35
1.183,1000,35,375.816916054871,526.294518407695,375.816916054871,14095.4252896147,13507.5121836169,14220.2191281786,58.5209191751565,59.2155172745484,47.4794522491784,-432.555342088954,-120.951868531796,1.49011611938477e-08,1.49011611938477e-08,1.78418461639925,1.37614221174229,1.27679518331924,2.51293539136874,15,35
1.184,1000,35,629.160004871415,-13899.2694397859,629.160004871415,13736.6393257579,13613.1600510513,14571.3660796372,54.681789682123,56.7635558871447,49.7938377676594,-324.10285207402,-82.6396659173077,1.49011611938477e-08,1.49011611938477e-08,1.85341334421027,1.82676953038242,2.12169368791417,2.449186898281,15,35
1.185,1000,35,618.655986790711,-7980.86516448381,618.655986790711,13476.4716690787,14033.8827752854,14463.7728571396,47.2384612909582,54.3260321400446,50.1344235502947,-285.28110710905,-56.6629678176407,1.49011611938477e-08,1.49011611938477e-08,1.93460821456212,2.10254252764255,3.07462799201033,2.64764294021717,15,35
1.186,1000,35,589.455623891472,-1464.15754111576,589.455623891472,13668.9356977495,14227.3290344984,14048.3718336388,39.0430350244056,53.0844137135678,49.2412214193641,-395.655216475263,-4.50649421336867,1.49011611938477e-08,1.49011611938477e-08,1.9613590457004,1.45066000733391,2.45067597608343,2.19972332495937,15,35
1.187,1000,35,483.216181927438,510.535254679499,483.216181927438,14065.4176795827,13947.415914647,13868.3039181186,36.9944882683237,53.7095842559263,48.7019500266465,-646.113770598491,38.2173989315716,1.49011611938477e-08,1.49011611938477e-08,1.89853587886663,0.470539344074883,1.03303548509963,1.38609428889104,15,35
1.188,1000,35,272.720398249769,529.387905529408,272.720398249769,14159.485204672,13529.0943619895,14173.7089219692,43.1679230748463,55.9880689534456,49.045035943752,-868.470598358582,-3.7390387555133,1.49011611938477e-08,1.49011611938477e-08,1.79389108057535,1.49011611938477e-08,1.49011611938477e-08,1.37677338153559,15,35
1.189,1000,35,264.303575166303,529.687117647517,264.303575166303,13842.7361225638,13508.3613254763,14570.6856420092,51.1387069282216,58.691601657874,49.12737987123,-913.872284859976,-106.106619587563,1.49011611938477e-08,1.49011611938477e-08,1.82886231319974,0.204774522204968,1.49011611938477e-08,2.15064384270953,15,35
1.19,1000,35,501.957366070704,496.214685450253,501.957366070704,13447.4704604451,13912.8018355347,14502.1633531599,57.9348654432356,60.7308673251321,49.7084286844438,-858.016068864874,-187.326431170744,1.49011611938477e-08,1.49011611938477e-08,1.91835880891424,0.611555963213814,1.49011611938477e-08,3.19524952308102,15,35
1.191,1000,35,624.783934471451,-10965.4378069894,624.783934471451,13525.084334398,14231.4424808645,14088.2668957058,61.5524600339866,61.5862563903888,50.0960680396015,-756.381954484329,-256.755067922814,1.49011611938477e-08,1.49011611938477e-08,1.9527178710416,0.939480588686374,1.49011611938477e-08,4.19096441978489,15,35
1.192,1000,35,600.146169251839,-2929.63311933183,600.146169251839,13922.7488419819,14091.3709803244,13821.7648125817,61.7913776658605,60.7193124131987,49.9384729108334,-598.308366621559,-273.500980433065,1.49011611938477e-08,1.49011611938477e-08,1.9191356561916,1.22634694596646,0.399218408824687,3.98664532164376,15,35
1.193,1000,35,510.81600025227,478.489395358348,510.81600025227,14065.3946200665,13684.6250377121,14015.9056118975,60.8504315711247,57.7947417018638,50.0658569481903,-447.050474609831,-159.287339212274,1.49011611938477e-08,1.49011611938477e-08,1.82374722694326,1.43505176176747,1.16317187647001,2.42612365442824,15,35
1.194,1000,35,618.573181315145,-7928.38536978541,618.573181315145,13780.7776702907,13546.8315344816,14433.0382295056,60.3373645279901,53.0956131033244,50.0401016194384,-357.354981052831,6.24457168131584,1.49011611938477e-08,1.49011611938477e-08,1.83606917921058,1.61741272900407,1.67460619917667,1.49077113137477,15,35
1.195,1000,35,602.14793192096,-3315.8430656397,602.14793192096,13355.24473112,13867.9649018692,14511.0889274291,59.6176435413711,47.989632578955,48.7636168487609,-343.428186440934,117.072031878651,1.49011611938477e-08,1.49011611938477e-08,1.91625689938217,1.7930422464966,1.86388313037167,1.17479075343491,15,35
1.196,1000,35,548.64051494484,329.874452780389,548.64051494484,13315.0942689542,14214.0950026906,14137.6626848682,59.5472805250403,44.6438095562455,46.9356964534012,-460.704993759237,141.700732224611,1.49011611938477e-08,1.49011611938477e-08,1.95164836654,1.76582002649386,3.87813181431235,1.19523857518063,15,35
1.197,1000,35,490.043693193184,506.080117199441,490.043693193184,13718.7143250707,14137.1752875132,13769.7833001774,60.5465087822381,45.2567856442675,45.0050789615171,-700.702616608853,20.0734170022959,1.49011611938477e-08,1.49011611938477e-08,1.94596115036257,1.49849205834795,1.61891554071894,1.54440398335562,15,35
1.198,1000,35,446.701221741051,522.113366598831,446.701221741051,14066.0583302861,13713.7360927916,13899.2058355611,61.4947406381938,49.3214970624898,43.2626727409984,-872.511575575099,-258.482809128356,1.49011611938477e-08,1.49011611938477e-08,1.84087197036884,1.29779585614574,1.49011611938477e-08,2.18514042040902,15,35
1.199,1000,35,424.785538289375,524.120536062209,424.785538289375,13935.0108100495,13460.3360787318,14359.9659769462,61.4095141040963,54.3557715103778,41.6297338785743,-855.112547177232,-513.551101913177,1.49011611938477e-08,1.49011611938477e-08,1.80826038638358,1.26568679029167,1.49011611938477e-08,2.22166712001676,15,35
1.2,1000,35,390.750772884031,525.725007679085,390.750772884031,13516.6066267472,13702.8944868573,14574.0797949861,60.202125477528,58.5222142855743,40.0367384711942,-740.189677351305,-600.383740332549,1.49011611938477e-08,1.49011611938477e-08,1.89049314799347,1.28463103525357,1.49011611938477e-08,2.08077406276606,15,35
1.201,1000,35,331.880488408298,527.614015364814,331.880488408298,13358.0620262605,14121.6789126051,14285.5991151905,58.991244385689,61.1100488886938,39.6112707867233,-642.629041040079,-539.727473247434,1.49011611938477e-08,1.49011611938477e-08,1.94369749918991,1.20239185193623,1.49011611938477e-08,3.221106393806,15,35
1.202,1000,35,242.071789966393,530.314651091486,242.071789966393,13685.1117726632,14192.4686486658,13858.1605866779,58.8465483200682,62.1075894569424,41.1602650183529,-574.275837873191,-387.430137888398,1.49011611938477e-08,1.49011611938477e-08,1.94830448913209,1.07289193000965,1.49011611938477e-08,17.0249342458315,15,35
1.203,1000,35,229.755078661253,530.709538324363,229.755078661253,14082.4340585748,13832.7773872643,13833.126944036,59.2988695838299,61.7243208334116,44.3685568385948,-517.842241698577,-220.877760995157,1.49011611938477e-08,1.49011611938477e-08,1.85418067164423,1.10280762380615,0.574154776961021,3.7826898390088,15,35
1.204,1000,35,408.671572509516,525.068728838893,408.671572509516,14075.8962806013,13497.7570995618,14245.6964194931,58.4765478287514,60.1235992128167,47.8845242361226,-428.920696086296,-118.757626658855,1.49011611938477e-08,1.49011611938477e-08,1.78566346575847,1.38281068789336,1.32100265311418,2.42087399550659,15,35
1.205,1000,35,626.214047076929,533.667258300731,626.214047076929,13709.3523879339,13631.0790664426,14579.2905732407,54.2433437426327,57.530667857475,50.0428282534825,-318.979312487215,-79.847303160265,1.49011611938477e-08,1.49011611938477e-08,1.85972358932435,1.82947103841073,2.18435646228683,2.36808640237901,15,35
1.206,1000,35,617.050492249508,528.693981272102,617.050492249508,13469.8132300532,14054.4887972183,14445.4733959597,46.4991239791377,55.0798790581477,50.2586227176581,-286.988339673026,-52.3524197703853,1.49011611938477e-08,1.49011611938477e-08,1.93752862473271,2.0593105164075,3.15793185321599,2.50678532701186,15,35
1.207,1000,35,586.728509206497,458.910061827031,586.728509206497,13686.0232317403,14222.0393115344,14026.797493646,38.4823085786949,53.8760183090455,49.4073944731846,-412.994926528185,4.41648766230303,1.49011611938477e-08,1.49011611938477e-08,1.96117769785133,1.35446627396503,2.39790426446658,2.00343782178082,15,35
1.208,1000,35,469.333689541632,517.049201113857,469.333689541632,14077.9872386009,13921.1685991651,13873.4462341233,37.1501488584941,54.5779112672376,48.9802597444974,-670.180725983015,41.7650927462159,1.49011611938477e-08,1.49011611938477e-08,1.89197406318831,0.39721179961571,0.991154082579356,1.27553507016893,15,35
1.209,1000,35,267.238127916544,529.54534738751,267.238127916544,14149.1502424902,13513.2402503693,14199.589268428,43.7133149977126,56.8589570008192,49.3584382307366,-883.845817635516,-8.90838296978202,1.49011611938477e-08,1.49011611938477e-08,1.79212207190365,1.49011611938477e-08,1.49011611938477e-08,1.37046668129826,15,35
1.21,1000,35,273.258888448962,529.419115091109,273.258888448962,13814.4640701263,13522.3512003709,14582.1758154364,51.6041701097125,59.5196323318453,49.3152898604466,-916.577134662597,-114.160508616486,1.49011611938477e-08,1.49011611938477e-08,1.83461763932134,0.213007613438303,1.49011611938477e-08,2.19735616780518,15,35
1.211,1000,35,521.884663220679,455.726400431718,521.884663220679,13436.5940944568,13937.8970416988,14486.8419315575,58.3103070450719,61.4963716138892,49.8360639680168,-859.633200083517,-191.773744944673,1.49011611938477e-08,1.49011611938477e-08,1.92183575568534,0.619911908426169,1.49011611938477e-08,3.27957808140799,15,35
1.212,1000,35,623.57970633658,-10600.8938135425,623.57970633658,13542.6860499878,14236.2570575952,14066.1331277928,61.7408431477841,62.2592952913373,50.1264205868353,-749.232685752978,-262.398262868099,1.49011611938477e-08,1.49011611938477e-08,1.95341737222083,0.943211467524761,1.49011611938477e-08,4.25299562433195,15,35
1.213,1000,35,597.836712392139,-2536.60923900611,597.836712392139,13941.7926679999,14074.5898663176,13824.1795662544,61.8858939988413,61.2194072565903,49.8867284107684,-587.194631838591,-267.756317470718,1.49011611938477e-08,1.49011611938477e-08,1.91486523138157,1.22401050017106,0.459978820588908,3.87527543372409,15,35
1.214,1000,35,505.15605723492,491.180572774831,505.15605723492,14057.4810189144,13667.0951015628,14038.6688271443,60.9635484078808,58.0740378888259,49.9988191087817,-437.5132301971,-142.075760909108,1.49011611938477e-08,1.49011611938477e-08,1.82118937842117,1.43083057810946,1.214233800788,2.30204143287236,15,35
1.215,1000,35,618.404649572767,-7858.37835312432,618.404649572767,13755.6036327509,13555.8081776096,14451.5450459665,60.4148519973523,53.2593968454201,49.9268390132106,-353.238586478285,15.1333799754174,1.49011611938477e-08,1.49011611938477e-08,1.84037457859056,1.62109573198101,1.67677582430936,1.43569801319978,15,35
1.216,1000,35,599.354866318699,519.682495921553,599.354866318699,13340.3098890726,13893.4865860265,14502.1121397016,59.6752403861776,48.1199898272981,48.6334352724558,-340.38383867172,125.124152826196,1.49011611938477e-08,1.49011611938477e-08,1.9195517216688,1.79561033293678,1.84763005580289,1.14741227035393,15,35
1.217,1000,35,556.405946397032,270.230175725741,556.405946397032,13331.064285802,14224.3353674217,14112.7602072888,59.6332110000122,44.9017396157028,46.816315052507,-470.885405321331,145.755062063802,1.49011611938477e-08,1.49011611938477e-08,1.95281628345414,1.75337461189726,4.10751001940118,1.18889453195299,15,35
1.218,1000,35,497.063973035362,499.46081280301,497.063973035362,13751.2129620176,14122.324417448,13764.4992951979,60.5923530968682,45.5862137252316,44.9134866796576,-712.328001173086,11.0009122349864,1.49011611938477e-08,1.49011611938477e-08,1.94248443996601,1.48522705236641,1.52470155337781,1.56445303680439,15,35
1.219,1000,35,449.313870010965,521.747448395301,449.313870010965,14078.223891059,13691.5396941634,13924.7949137367,61.4080043874736,49.6873226992213,43.271154492298,-870.875376285824,-276.949081681264,1.49011611938477e-08,1.49011611938477e-08,1.83445122180887,1.30099533447287,1.49011611938477e-08,2.22816333583235,15,35
1.22,1000,35,412.457318805419,524.8164299383,412.457318805419,13917.8992494801,13462.579602928,14385.3145579791,61.2155613814302,54.6434252479123,41.735062328351,-842.488703024195,-525.510988087675,1.49011611938477e-08,1.49011611938477e-08,1.81084040900864,1.27941261129347,1.49011611938477e-08,2.21414045809969,15,35
1.221,1000,35,369.451665474719,526.453910859179,369.451665474719,13497.5350471181,13728.5727785242,14569.3530733133,59.992903729661,58.6945941930953,40.3113013524827,-732.700663123172,-600.822666565674,1.49011611938477e-08,1.49011611938477e-08,1.89491741228061,1.29832047768326,1.49011611938477e-08,2.10812864413671,15,35
1.222,1000,35,300.988129685024,528.544223718526,300.988129685024,13367.0078106657,14140.0861515569,14256.6613573634,58.8985991502229,61.1676826809081,40.1000728590077,-632.303725384098,-533.297856785775,1.49011611938477e-08,1.49011611938477e-08,1.94501575336659,1.21598372833476,1.49011611938477e-08,3.38129314123525,15,35
1.223,1000,35,217.552137642435,531.048416257166,217.552137642435,13714.6043103879,14182.9307837399,13839.1262433345,58.8248300580826,62.0741551550666,41.7363750851223,-564.163455764952,-380.85515150011,1.49011611938477e-08,1.49011611938477e-08,1.94579316639504,1.09910722864879,1.49011611938477e-08,18.0287432185223,15,35
1.224,1000,35,206.988294775306,531.383519538939,206.988294775306,14099.6877949969,13808.9794839284,13845.3348322991,59.1704326875184,61.6101390824589,44.8628281063021,-502.412717741263,-221.241547443473,1.49011611938477e-08,1.49011611938477e-08,1.84612560859847,1.15082263121596,0.616240280373203,3.85967454154374,15,35
1.225,1000,35,392.948727919288,525.69770853473,392.948727919288,14065.6506246774,13492.3982019091,14268.2286932313,58.0618153559352,59.9426028376456,48.2598601758629,-407.318825640134,-125.639117535302,1.49011611938477e-08,1.49011611938477e-08,1.78573039311299,1.45267150433311,1.3700456410216,2.53973457129585,15,35
1.226,1000,35,626.884262018056,-12170.6114725992,626.884262018056,13688.31128565,13652.9089051048,14577.9175149905,53.5593280041333,57.349687370427,50.3648686607459,-303.901077970736,-90.4090802946893,1.49011611938477e-08,1.49011611938477e-08,1.8650128484494,1.91397994440291,2.24127957656088,2.51870019754384,15,35
1.227,1000,35,616.711157432676,528.549414674381,616.711157432676,13470.1727993168,14075.8976701233,14416.4274331166,45.5799622617435,54.9229262529669,50.5750512346697,-277.222560309348,-61.6359999757632,1.49011611938477e-08,1.49011611938477e-08,1.94003692706997,2.12639863146998,3.22953518870882,2.6797053599557,15,35
1.228,1000,35,582.720118964206,-623.829860746745,582.720118964206,13708.9005347863,14218.3246849436,13997.9091761546,37.5787676181142,53.8411436487222,49.7427918047526,-415.376797993585,-5.67984746596281,1.49011611938477e-08,1.49011611938477e-08,1.96054772404405,1.34830015568736,2.30157237663844,2.12659924428395,15,35
1.229,1000,35,456.148424199295,520.395032865492,456.148424199295,14094.0810871463,13896.8695177225,13871.7452936284,36.6822405502067,54.6946849441983,49.3655173471607,-676.567971897923,25.013442510718,1.49011611938477e-08,1.49011611938477e-08,1.88449745651898,0.382110861306912,0.916381315086765,1.37781826452608,15,35
1.23,1000,35,257.769452237932,529.857059564589,257.769452237932,14137.9900494911,13500.1067138979,14217.1863636738,43.6553852235459,57.1460666063376,49.7226699194259,-881.92038811905,-33.8210733357021,1.49011611938477e-08,1.49011611938477e-08,1.78989307474374,1.49011611938477e-08,1.49011611938477e-08,1.52049982928647,15,35
1.231,1000,35,281.831207151733,529.162594259374,281.831207151733,13787.6241933264,13539.0496853846,14583.7161784207,51.6159344145641,59.8801313375769,49.5844230438202,-906.476272379315,-135.403596924263,1.49011611938477e-08,1.49011611938477e-08,1.83969125540388,0.295055056825713,1.49011611938477e-08,2.46065291210782,15,35
1.232,1000,35,541.795192271267,377.822645954723,541.795192271267,13429.5441167519,13963.4434169782,14462.965532388,58.174527621761,61.8505520907331,50.0214633766454,-843.274354448757,-216.148331827185,1.49011611938477e-08,1.49011611938477e-08,1.92474907779089,0.670284910389436,1.49011611938477e-08,3.67210107359218,15,35
1.233,1000,35,622.981813284584,531.758114847125,622.981813284584,13563.3369246008,14240.6766276146,14037.2293942547,61.3748149216777,62.5573321426919,50.1911584259905,-728.051743854482,-282.364342808222,1.49011611938477e-08,1.49011611938477e-08,1.95352347224612,0.989412421535372,1.49011611938477e-08,4.69126191962503,15,35
1.234,1000,35,594.110854744876,509.715391323406,594.110854744876,13961.4723062004,14050.9678335652,13817.7195776244,61.3949896372432,61.4605523738297,49.9335976946499,-564.130571562053,-276.800078333015,1.49011611938477e-08,1.49011611938477e-08,1.90849742948188,1.26612472172085,0.475947703933397,4.07006644467005,15,35
1.235,1000,35,525.97794365073,443.608643119966,525.97794365073,14049.0565637204,13647.4241438871,14053.8150290725,60.584787624394,58.2926896287719,50.1204248959053,-427.253448265368,-147.977948253788,1.49011611938477e-08,1.49011611938477e-08,1.81773616704311,1.460944472677,1.23447577463116,2.29035347024597,15,35
1.236,1000,35,615.009519221223,-6659.52900302071,615.009519221223,13731.488673273,13564.230090687,14463.1298001337,60.0562319070314,53.4706335999078,49.7623432481634,-342.332776059534,19.3396520465683,1.49011611938477e-08,1.49011611938477e-08,1.8443090836969,1.64815831097678,1.67754702820253,1.4191216638027,15,35
1.237,1000,35,595.404561542568,-2200.46664112578,595.404561542568,13328.3588449726,13917.9128196968,14487.6302317414,59.3825322700085,48.4553486419361,48.2698155604505,-338.995658291143,126.30352454562,1.49011611938477e-08,1.49011611938477e-08,1.9224355729081,1.81291903104819,1.88539879616949,1.13748691314663,15,35
1.238,1000,35,543.901220669321,356.875887263416,543.901220669321,13348.4763364045,14230.7179604292,14085.8620276532,59.4734396343817,45.5033575489211,46.3356352876885,-480.955306631958,140.7201623508,1.49011611938477e-08,1.49011611938477e-08,1.95377549850629,1.74774666312,4.45885616342226,1.18926459381521,15,35
1.239,1000,35,486.47097473616,509.234852708989,486.47097473616,13774.7907727108,14099.8268393577,13758.5536829489,60.6136147066083,46.5607565344668,44.3759655729203,-729.121273870177,-2.24052761436263,1.49011611938477e-08,1.49011611938477e-08,1.93854674372203,1.45737711933846,1.38027386728158,1.57456003077849,15,35
1.24,1000,35,448.792539392326,521.831918908969,448.792539392326,14078.4125336598,13665.8339921887,13947.2295908207,61.5984660942124,50.7806777823159,42.6351546007259,-884.30271631686,-287.56539121101,1.49011611938477e-08,1.49011611938477e-08,1.82944746344312,1.25983413548498,1.49011611938477e-08,2.21528559687544,15,35
1.241,1000,35,428.921173322729,523.835627904335,428.921173322729,13893.9346010818,13462.6447758017,14409.0517655806,61.5428441203774,55.7115094287225,40.9718574882008,-857.176000050364,-516.330266817426,1.49011611938477e-08,1.49011611938477e-08,1.81441419137283,1.22654824830419,1.49011611938477e-08,2.21023947490339,15,35
1.242,1000,35,394.791748857938,525.57274132626,394.791748857938,13477.4014216903,13751.1981320912,14569.2194753105,60.4045810438252,59.6851842897496,39.4231936450315,-742.720794932307,-589.724043518161,1.49011611938477e-08,1.49011611938477e-08,1.89952533470642,1.23085799418151,1.49011611938477e-08,2.16340452628969,15,35
1.243,1000,35,331.892927572408,527.612599825157,331.892927572408,13375.1726088341,14153.4730993398,14239.2499008488,59.3621006714652,62.0698515936429,39.1801536016261,-643.070267804151,-514.479057029355,1.49011611938477e-08,1.49011611938477e-08,1.94653991248347,1.134615442907,1.49011611938477e-08,3.72108577956249,15,35
1.244,1000,35,240.618985599696,530.355104988965,240.618985599696,13737.7347424555,14168.6199179535,13834.6856732366,59.3550127746853,62.883063549304,41.0118409072155,-576.386864346319,-354.255947641229,1.49011611938477e-08,1.49011611938477e-08,1.94376983282375,1.0199781214698,1.49011611938477e-08,14.3346747135242,15,35
1.245,1000,35,239.062153079226,530.416724784689,239.062153079226,14106.5514435681,13782.8124235595,13870.5241002852,59.7676823251162,62.3321421669004,44.480271578021,-516.081719007083,-190.147185442762,1.49011611938477e-08,1.49011611938477e-08,1.84076466689879,1.08575768793816,0.650400645436199,3.17593198567555,15,35
1.246,1000,35,442.018135829627,522.801076083996,442.018135829627,14045.9350056366,13487.1826476276,14304.0269673564,58.644418670484,60.5507338012778,48.0709383937874,-426.030414667432,-98.7714579179193,1.49011611938477e-08,1.49011611938477e-08,1.78888926986347,1.39464495122766,1.41528758644647,2.20255606333367,15,35
1.247,1000,35,627.090603103166,534.450379130007,627.090603103166,13664.7485856388,13674.2194377807,14594.9153922305,53.9915145007989,57.8342938291483,50.1321415304,-317.591106278525,-61.3539502346976,1.49011611938477e-08,1.49011611938477e-08,1.87144764182374,1.84045932181441,2.2981471587533,2.1984117758729,15,35
1.248,1000,35,615.628574540305,-6810.70169963926,615.628574540305,13470.1252975522,14095.863236284,14409.2072909244,45.9821686522857,55.3877814828877,50.2601404758023,-298.63610005052,-29.8558015359239,1.49011611938477e-08,1.49011611938477e-08,1.94268857373333,1.99389923506494,3.29133514373743,2.27080568425402,15,35
1.249,1000,35,581.954231357497,-561.111594213905,581.954231357497,13730.4198131884,14211.0032302748,13991.4932649794,38.4526922827874,54.3105630133897,49.4868655584982,-448.138812145426,27.0421285576215,1.49011611938477e-08,1.49011611938477e-08,1.95996746116896,1.22027306715455,2.26239463423603,1.7374789295017,15,35
1.25,1000,35,450.931346655262,521.337008460053,450.931346655262,14107.0900283206,13870.5926457143,13893.884715258,38.1106792788849,55.1686502133336,49.1972479191872,-711.961823739184,51.2931628545299,1.49011611938477e-08,1.49011611938477e-08,1.87826375413091,0.303668505447751,0.899086810836188,1.15489662228898,15,35
1.251,1000,35,254.370755244042,529.929910046195,254.370755244042,14126.7777223983,13487.8550699154,14255.7747359459,45.0417514948086,57.5459706727518,49.5655449318068,-900.448793785922,-10.4263302786425,1.49011611938477e-08,1.49011611938477e-08,1.78994980537807,1.49011611938477e-08,1.49011611938477e-08,1.37673900622433,15,35
1.252,1000,35,303.164731160381,528.51914570956,303.164731160381,13755.5764564327,13556.6439697601,14598.659587573,52.6976911757475,60.1689149070312,49.3803617389406,-919.443985984624,-117.503252793411,1.49011611938477e-08,1.49011611938477e-08,1.84653558461021,0.25935523357113,1.49011611938477e-08,2.24601367095919,15,35
1.253,1000,35,560.506900659063,247.179108746355,560.506900659063,13418.6809631394,13988.3129867463,14453.1646418531,59.0319251573741,62.0311008088909,49.9011734753985,-854.49583221823,-196.551329267406,1.49011611938477e-08,1.49011611938477e-08,1.92811697114833,0.642161107416689,1.49011611938477e-08,3.27167696303301,15,35
1.254,1000,35,621.156953000142,-9080.80799813384,621.156953000142,13579.5903426965,14243.0641411106,14024.6732173786,61.9162509661404,62.6071496558969,50.0734751010639,-737.842809527987,-260.839293241613,1.49011611938477e-08,1.49011611938477e-08,1.95405326085522,0.952715503642313,1.49011611938477e-08,4.06347333945697,15,35
1.255,1000,35,591.538983038874,499.292762539235,591.538983038874,13974.8915574021,14031.7872158597,13830.7859167122,61.7209144797183,61.3094205660685,49.8310277258956,-572.336243537288,-248.767796260695,1.49011611938477e-08,1.49011611938477e-08,1.90439351566634,1.22057552108179,0.560594838352631,3.47249589654814,15,35
1.256,1000,35,526.794804745706,440.87566071668,526.794804745706,14035.6092682176,13631.1497219003,14085.1153020187,60.8147984276038,57.9174607609118,50.1714084246667,-435.914410758933,-117.990478395652,1.49011611938477e-08,1.49011611938477e-08,1.81679196573388,1.41774748470767,1.29595222506389,2.04083662482804,15,35
1.257,1000,35,617.158894154986,528.724313075411,617.158894154986,13702.2976350456,13575.9850051904,14484.3399674183,60.1307484085938,52.969834994742,50.0183177347813,-349.581609342113,42.1627830492144,1.49011611938477e-08,1.49011611938477e-08,1.84974691350279,1.61731212391101,1.68131467761927,1.32156122367825,15,35
1.258,1000,35,598.514606752951,518.667454260015,598.514606752951,13312.0346689442,13942.0040690268,14478.7864736823,59.3548653319054,47.9070164786763,48.7424597277261,-350.925110838805,142.486442757489,1.49011611938477e-08,1.49011611938477e-08,1.92573131630179,1.78033376527324,1.88312932850814,1.09102119395664,15,35
1.259,1000,35,547.671279148096,333.312647043531,547.671279148096,13362.9895005066,14238.3610899896,14063.4017052305,59.4195704625194,45.0760515261148,46.967937661959,-502.808510400093,147.523119368951,1.49011611938477e-08,1.49011611938477e-08,1.95504688938486,1.7039540289716,4.71724179408892,1.17192905271537,15,35
1.26,1000,35,485.409170630882,509.479556156462,485.409170630882,13801.9831840916,14082.2679178861,13757.0227223267,60.4676879165267,46.2528671913685,45.0921941972446,-749.085059173078,-11.6302343861141,1.49011611938477e-08,1.49011611938477e-08,1.93464095801162,1.42994018461361,1.28412256536448,1.58825169264112,15,35
1.261,1000,35,438.817931640212,522.925461239805,438.817931640212,14084.5818044278,13645.0078631458,13974.2802742539,61.2344993391949,50.6061638007806,43.4031905921343,-884.132479921788,-294.441404224881,1.49011611938477e-08,1.49011611938477e-08,1.82427887985856,1.26600959256856,1.49011611938477e-08,2.24766825052395,15,35
1.262,1000,35,409.2936573788,524.936154919422,409.2936573788,13873.7743138062,13468.3433850722,14432.0231498508,60.9216688328976,55.5342139043428,41.7098680763161,-843.966057190788,-534.250319815264,1.49011611938477e-08,1.49011611938477e-08,1.81800244846778,1.25668947068958,1.49011611938477e-08,2.17748995223048,15,35
1.263,1000,35,366.65179838403,526.555300401281,366.65179838403,13459.270777329,13777.5026223556,14559.4131165243,59.6066139428225,59.4437311447753,40.2020009596519,-726.006058182392,-596.313185118472,1.49011611938477e-08,1.49011611938477e-08,1.90373953713354,1.26744457754467,1.49011611938477e-08,2.15301458559792,15,35
1.264,1000,35,298.81837359758,528.627002502365,298.81837359758,13386.133994737,14168.6871314289,14206.7669090514,58.5738980065915,61.7523535619788,40.0921965788946,-628.964224449357,-513.816180487097,1.49011611938477e-08,1.49011611938477e-08,1.94768085074007,1.17053602029503,1.49011611938477e-08,3.7884971252275,15,35
1.265,1000,35,214.652936433122,531.133759847811,214.652936433122,13766.6561652967,14155.7558354113,13815.6058981809,58.5889280418528,62.51724212422,41.9094604723319,-563.189863760289,-353.337964042275,1.49011611938477e-08,1.49011611938477e-08,1.94041304502623,1.05938221401468,1.49011611938477e-08,14.8498504878689,15,35
1.266,1000,35,223.709346811103,530.89063091906,223.709346811103,14120.1734692342,13759.139578518,13882.3559447864,58.8992108283942,61.939434149965,45.1946874345137,-503.059179780667,-202.679934690008,1.49011611938477e-08,1.49011611938477e-08,1.833131480797,1.13558203385293,0.697532673516374,3.35533936328986,15,35
1.267,1000,35,425.383798716388,524.181920996568,425.383798716388,14032.8797214743,13484.6100240984,14322.2902528935,57.5292856703521,60.1574781557541,48.594381998008,-405.584356786627,-110.898536261767,1.49011611938477e-08,1.49011611938477e-08,1.7900098063101,1.45728857544513,1.46480943858719,2.36419094920359,15,35
1.268,1000,35,627.558117474697,-12673.7215031007,627.558117474697,13645.598490051,13696.9948959952,14587.7145722391,52.6309413161948,57.5150960182747,50.561285029326,-301.406452035419,-75.9781338087553,1.49011611938477e-08,1.49011611938477e-08,1.87654841459979,1.90704145142629,2.36163142882977,2.38310344273476,15,35
1.269,1000,35,614.855737764704,527.788610001638,614.855737764704,13473.9314616237,14114.3874689593,14375.4176875661,44.4613668480283,55.1877775480077,50.6643877867022,-293.838392382585,-44.5826947859885,1.49011611938477e-08,1.49011611938477e-08,1.94485553240844,2.02531591764736,3.32151206960376,2.46627663955363,15,35
1.27,1000,35,577.116564391371,-100.38169625883,577.116564391371,13754.5959684536,14203.1591849596,13961.6080179759,37.1009655475619,54.3057202031532,49.9168848075865,-454.763497394445,10.6162343349129,1.49011611938477e-08,1.49011611938477e-08,1.95853081584294,1.18449883729154,2.11159323529716,1.86773406451464,15,35
1.271,1000,35,433.279850800375,523.422787722445,433.279850800375,14121.145474001,13845.456063105,13892.5081420812,37.4033298320117,55.3679481039749,49.6824085949282,-706.158451434008,28.772947439209,1.49011611938477e-08,1.49011611938477e-08,1.87044813411428,0.269129975692183,0.813214252931897,1.2736355008967,15,35
1.272,1000,35,265.560125598751,529.623937409801,265.560125598751,14114.3710415789,13477.8319068368,14271.2887047173,44.782018113963,57.9260228236792,50.015893936134,-896.226084795449,-41.1873696062655,1.49011611938477e-08,1.49011611938477e-08,1.78863686256117,1.49011611938477e-08,1.49011611938477e-08,1.55987754639513,15,35
1.273,1000,35,311.23780490893,528.277271510235,311.23780490893,13729.2262038303,13575.6595037026,14594.2953604576,52.5229979524007,60.6157249963739,49.7318141816212,-904.173336349801,-148.676366870172,1.49011611938477e-08,1.49011611938477e-08,1.85156921012707,0.338269560908696,1.49011611938477e-08,2.57601853985909,15,35
1.274,1000,35,579.761838467367,51.7965958590398,579.761838467367,13416.1237560201,14012.5033801417,14424.3960766804,58.7404410712375,62.4671347821649,50.1361010393474,-833.989838014919,-226.745570820123,1.49011611938477e-08,1.49011611938477e-08,1.93056053560588,0.69954609232056,1.49011611938477e-08,3.78232690529523,15,35
1.275,1000,35,620.823566907045,530.544405931867,620.823566907045,13603.4494263541,14243.9274450884,13994.5258012195,61.4729553126263,62.987427065886,50.1863646688686,-711.47617770394,-286.023814450067,1.49011611938477e-08,1.49011611938477e-08,1.95365294640922,1.00903902552836,1.49011611938477e-08,4.64199140179274,15,35
1.276,1000,35,587.039769697527,-1130.54646342979,587.039769697527,13994.2567731826,14007.8405074515,13825.7306921237,61.224870350487,61.6319683912256,49.9126025643516,-552.549381112952,-266.100900239844,1.49011611938477e-08,1.49011611938477e-08,1.89739657422287,1.27494426217742,0.574546333751415,3.74830609754808,15,35
1.277,1000,35,535.239663880933,407.679297638949,535.239663880933,14026.1510051031,13615.0214307941,14099.6536606672,60.4778462878951,58.194832251413,50.254821190252,-415.41492670409,-118.450565462168,1.49011611938477e-08,1.49011611938477e-08,1.8141540394583,1.4617027369559,1.31451891297671,2.07440844118424,15,35
1.278,1000,35,614.946847508327,527.728012351796,614.946847508327,13674.812023869,13587.9333108754,14488.6624981855,59.9286297777304,53.2408069830575,49.8663225199728,-338.271759348859,43.673897232461,1.49011611938477e-08,1.49011611938477e-08,1.8540555211501,1.65177594060488,1.67937154518652,1.3215102516061,15,35
1.279,1000,35,592.167625828642,-1755.11339587273,592.167625828642,13299.5629531566,13966.8844156295,14456.8521968265,59.2602303026799,48.2988971135818,48.4201838119901,-350.780097738103,139.002562175652,1.49011611938477e-08,1.49011611938477e-08,1.92828595740791,1.80313285596424,1.92884348130392,1.09378422283183,15,35
1.28,1000,35,538.87576602451,387.083679360897,538.87576602451,13379.3907888875,14240.8576810829,14031.9457452182,59.4059102558799,45.7179640665151,46.5738984888529,-512.654077197839,133.469126106104,1.49011611938477e-08,1.49011611938477e-08,1.95592318681638,1.71201448383281,4.97831476819833,1.19113337245115,15,35
1.281,1000,35,485.283999229782,510.024137351216,485.283999229782,13822.5216509863,14057.6807934778,13750.0361825629,60.509557145488,47.233950455217,44.7522155104867,-749.293451786433,-25.7303194317516,1.49011611938477e-08,1.49011611938477e-08,1.92989059033885,1.42963110864434,1.17143588418989,1.6306798423952,15,35
1.282,1000,35,441.283069713759,522.748810592407,441.283069713759,14079.3954014407,13620.8893339228,13994.0635349678,61.3208580727577,51.6515819994278,43.1630331783697,-887.593580687181,-320.447081339817,1.49011611938477e-08,1.49011611938477e-08,1.8200082639331,1.26266262920106,1.49011611938477e-08,2.23926897281084,15,35
1.283,1000,35,412.90712122436,524.794287980358,412.90712122436,13845.1867794213,13471.9931658413,14448.0884664877,61.0718072328348,56.5197306852677,41.5907380851002,-842.375027860431,-547.901636793839,1.49011611938477e-08,1.49011611938477e-08,1.82230294804207,1.24974843078447,1.49011611938477e-08,2.11716442959731,15,35
1.284,1000,35,372.790858459514,526.344300663409,372.790858459514,13436.9650442135,13800.9692321047,14549.3153249933,59.8306263737661,60.3230447049399,40.1683127458296,-725.435350315022,-598.755888878393,1.49011611938477e-08,1.49011611938477e-08,1.90791635606722,1.25441983913174,1.49011611938477e-08,2.1418971247782,15,35
1.285,1000,35,303.985486102046,528.452758184347,303.985486102046,13393.451268676,14179.4226812883,14180.4597578651,58.8765075353699,62.5210171444952,40.1131573944171,-629.92967169647,-509.302990342474,1.49011611938477e-08,1.49011611938477e-08,1.94888703622704,1.15370320422851,1.49011611938477e-08,3.95017162551088,15,35
1.286,1000,35,219.169165035045,530.996718400136,219.169165035045,13786.7091265495,14138.6993133646,13805.0413614679,58.9569025365603,63.1766348858968,42.0551094512705,-567.274968301207,-353.132277477841,1.49011611938477e-08,1.49011611938477e-08,1.93726133249255,1.05035725901971,1.49011611938477e-08,12.4622606586075,15,35
1.287,1000,35,238.971925242108,530.434117426747,238.971925242108,14122.5963003679,13733.3907716539,13901.5507679516,59.2509024625735,62.4968637781662,45.478523737595,-502.133446555526,-193.240100736838,1.49011611938477e-08,1.49011611938477e-08,1.82741141374399,1.13990475519818,0.734900825336827,3.13378421010915,15,35
1.288,1000,35,459.360482495783,520.23417582964,459.360482495783,14009.9036558307,13482.6212408917,14348.4786507263,57.7246865701285,60.5886474706349,48.8731389155565,-401.291836173736,-104.105475467127,1.49011611938477e-08,1.49011611938477e-08,1.79333363238478,1.47088549999357,1.51208817288776,2.2682113388194,15,35
1.289,1000,35,626.076846816772,533.842181658415,626.076846816772,13620.9095392896,13719.7013180274,14591.5818781177,52.582154368795,57.8403079233304,50.71129574162,-298.891165037473,-69.4960437783533,1.49011611938477e-08,1.49011611938477e-08,1.8823298218079,1.91325244702945,2.41564424028143,2.29517404274423,15,35
1.29,1000,35,613.333919738923,-6035.03461179703,613.333919738923,13474.7571750116,14131.6220229421,14356.4367584897,44.242402847732,55.4977619512249,50.7030881902187,-300.658541898139,-34.9972789012614,1.49011611938477e-08,1.49011611938477e-08,1.9470752049066,1.9823634011936,3.37080670825891,2.32281240065085,15,35
1.291,1000,35,574.640576856724,167.977492336173,574.640576856724,13774.4150627701,14191.8001674191,13947.5142022262,37.190901378777,54.6408301991219,49.9861263806382,-461.164974677817,18.4974774974482,1.49011611938477e-08,1.49011611938477e-08,1.95705416692694,1.11644440927783,2.05927418451285,1.70834923502405,15,35
1.292,1000,35,421.751368131569,524.237920330525,421.751368131569,14129.2796591184,13817.8571900399,13907.7329256111,37.9972456347161,55.7345878899437,49.8168671358314,-727.488744529787,33.7638106425117,1.49011611938477e-08,1.49011611938477e-08,1.86360436666815,0.206722154658544,0.782935817989767,1.19718832066617,15,35
1.293,1000,35,252.060818846362,530.021941003109,252.060818846362,14097.7706330509,13467.7512220659,14299.2786872273,45.4987965084688,58.2498512507241,50.1587507642099,-907.588746231617,-42.0543171490546,1.49011611938477e-08,1.49011611938477e-08,1.78918271337581,1.49011611938477e-08,1.49011611938477e-08,1.54459355156745,15,35
1.294,1000,35,339.691715714862,527.445575598346,339.691715714862,13700.3322507728,13594.7375176239,14599.6651291242,53.0440420583266,60.8514604913126,49.8339173780339,-906.086541151447,-148.493322714764,1.49011611938477e-08,1.49011611938477e-08,1.85766319384663,0.343755931308351,1.49011611938477e-08,2.55532644540873,15,35
1.295,1000,35,602.331511550956,-237.298584720989,602.331511550956,13411.9789922246,14034.8359600914,14408.1415946199,58.9710455777932,62.6144766628794,50.1671923835488,-832.07213401848,-224.708757730654,1.49011611938477e-08,1.49011611938477e-08,1.93324871895734,0.698957819963798,1.49011611938477e-08,3.7097133803855,15,35
1.296,1000,35,618.929961460835,-8103.21125382832,618.929961460835,13624.4356337522,14242.3200899539,13979.8641287303,61.3933336785835,63.0202137994593,50.1356173041281,-715.714042783907,-276.618284902791,1.49011611938477e-08,1.49011611938477e-08,1.95355742012589,0.99573525896765,1.49011611938477e-08,4.4153014392162,15,35
1.297,1000,35,582.949113214553,405.008610630001,582.949113214553,14007.6796567875,13986.0893860164,13837.8304695185,61.0185187535111,61.4831545493579,49.8351340615055,-551.010533574734,-245.807329065224,1.49011611938477e-08,1.49011611938477e-08,1.89248717742005,1.24580771190409,0.634778630745386,3.40794026632611,15,35
1.298,1000,35,533.878201772348,413.762551335053,533.878201772348,14012.3702875536,13600.0346477,14128.0640754801,60.3343743415268,57.8539689640677,50.2771971937958,-419.808951518829,-91.0445594806002,1.49011611938477e-08,1.49011611938477e-08,1.81353906177655,1.42493781715301,1.36111745468119,1.8948710341269,15,35
1.299,1000,35,617.607155527032,-7550.04440595511,617.607155527032,13647.0488012117,13601.5963942549,14503.1745871114,59.7720692005682,52.809198339785,49.9887655546043,-346.468852388284,66.8213970423368,1.49011611938477e-08,1.49011611938477e-08,1.85928758768111,1.61529524732432,1.68679536147044,1.23095755333271,15,35
1.3,1000,35,598.272935020641,-2647.8575078296,598.272935020641,13288.6839665416,13988.9172335134,14441.8318590325,59.0916243192719,47.8754086691969,48.6448922305361,-366.790998122668,154.948169937995,1.49011611938477e-08,1.49011611938477e-08,1.93098182883516,1.75703021130648,1.96822054350086,1.03987316112638,15,35
1.301,1000,35,543.630721524131,360.768518605813,543.630721524131,13399.281638535,14245.4330041086,14009.2195477104,59.2330531710749,45.4771629125693,46.8915193670469,-526.514672498002,141.757675993881,1.49011611938477e-08,1.49011611938477e-08,1.95695615619143,1.65638097388788,5.13734011176849,1.1656864572886,15,35
1.302,1000,35,475.452843181554,514.812873333753,475.452843181554,13849.407016211,14037.5885500328,13752.0364686989,60.2357339740677,47.117161666069,45.1587013230657,-770.656164413382,-37.4992624692831,1.49011611938477e-08,1.49011611938477e-08,1.92515731751641,1.39418333466729,1.06919118041045,1.63531253624976,15,35
1.303,1000,35,422.670755872894,524.257043842996,422.670755872894,14081.0173495463,13601.1690326467,14022.417813004,60.8531932918288,51.6571899046179,43.725906887832,-891.080075517728,-340.975812191452,1.49011611938477e-08,1.49011611938477e-08,1.81609375921427,1.25716470027873,1.49011611938477e-08,2.25030692164375,15,35
1.304,1000,35,389.303360580818,525.781337396237,389.303360580818,13822.2542195206,13480.107263344,14468.541987146,60.4246733770569,56.520824425522,42.2733812243646,-833.498857602944,-560.697219153764,1.49011611938477e-08,1.49011611938477e-08,1.82669451292706,1.26196505573246,1.49011611938477e-08,2.09718250824011,15,35
1.305,1000,35,345.619190209377,527.200961573064,345.619190209377,13420.5055106836,13826.7294433418,14536.5304425855,59.1102219595271,60.2675379268125,41.0193594341215,-715.686854397339,-599.887515217867,1.49011611938477e-08,1.49011611938477e-08,1.91175210091426,1.27010516322457,1.49011611938477e-08,2.17418241778884,15,35
1.306,1000,35,278.4554771202,529.227174456946,278.4554771202,13407.153531178,14191.1640206135,14149.2234978696,58.2138424000008,62.4011023769447,41.1100529456053,-626.277125422955,-511.685627759584,1.49011611938477e-08,1.49011611938477e-08,1.94982487872538,1.17187402934163,1.49011611938477e-08,4.13438823822192,15,35
1.307,1000,35,190.654389425972,531.850954261669,190.654389425972,13815.412355639,14122.9832596586,13790.7216606637,58.3031510389263,63.012011997157,43.0089496726311,-558.508250116923,-350.561473299779,1.49011611938477e-08,1.49011611938477e-08,1.93300891161781,1.07956201851688,1.49011611938477e-08,12.1529684990175,15,35
1.308,1000,35,223.705726742688,530.890447029865,223.705726742688,14132.3775560616,13711.1721952376,13916.9691635985,58.4310071433732,62.2931951864711,46.2329913514183,-486.845152192383,-198.289491944167,1.49011611938477e-08,1.49011611938477e-08,1.82067682366249,1.18478260762937,0.782293632923814,3.25660821697539,15,35
1.309,1000,35,444.412564338185,522.558725327612,444.412564338185,13993.4182772549,13484.0091087883,14365.6175478459,56.569019867006,60.3646022838477,49.4433590516157,-381.007828418504,-114.669472361774,1.49011611938477e-08,1.49011611938477e-08,1.79574973854761,1.52946349588968,1.56707272940322,2.40037890226053,15,35
1.31,1000,35,626.054925256239,-11710.5967777477,626.054925256239,13602.570144993,13743.7738959409,14581.0798911907,51.0635456003938,57.6818528542532,51.2006902763071,-283.343339868215,-81.6521953802515,1.49011611938477e-08,1.49011611938477e-08,1.88735862342043,1.96981742668714,2.48945472942381,2.4465003647952,15,35
1.311,1000,35,612.210125403196,-5686.23557159737,612.210125403196,13480.5301632251,14147.3415801679,14320.9231934834,42.5466814079017,55.4907628232189,51.1987015403298,-293.473490929268,-49.5998461062091,1.49011611938477e-08,1.49011611938477e-08,1.94901211679185,1.99062519973839,3.40104464792803,2.46577462445545,15,35
1.312,1000,35,568.393823075268,162.639534752264,568.393823075268,13798.1382782785,14179.967502726,13918.9013829777,35.8145749461042,54.873529235209,50.5618391906228,-471.056084384275,2.47388810774165,1.49011611938477e-08,1.49011611938477e-08,1.95477573275772,1.06709820419475,1.90844349494909,1.80357777254774,15,35
1.313,1000,35,407.493803457932,525.035850594834,407.493803457932,14139.8867226617,13792.0412894959,13908.5919081934,37.4186035084645,56.2203535411166,50.451902575908,-737.829628873263,7.54723147801984,1.49011611938477e-08,1.49011611938477e-08,1.85583049608547,0.165888334985223,0.682719989263815,1.32254073230163,15,35
1.314,1000,35,250.879302590812,530.033689914059,250.879302590812,14082.7087934928,13460.6155032146,14313.9986482768,45.3473743460624,58.9548278882006,50.7056514550878,-904.619886919113,-77.5116959066136,1.49011611938477e-08,1.49011611938477e-08,1.78897589944499,1.49011611938477e-08,1.49011611938477e-08,1.77140549191879,15,35
1.315,1000,35,339.458845091299,527.423809479156,339.458845091299,13674.3343565795,13615.6712482722,14591.3599457046,52.9748490381447,61.6663075273019,50.215681204299,-892.250161626242,-184.899547169827,1.49011611938477e-08,1.49011611938477e-08,1.86270342446901,0.415086862390672,1.49011611938477e-08,2.99732730120847,15,35
1.316,1000,35,612.602654644307,-397.678477085694,612.602654644307,13412.1978701173,14057.1133121199,14375.5178315917,58.8499668570503,63.4604778304977,50.3969226481796,-816.906624528571,-257.128570206723,1.49011611938477e-08,1.49011611938477e-08,1.9353567887705,0.760852062912976,1.49011611938477e-08,4.41796162235256,15,35
1.317,1000,35,618.179187480721,-7794.6913341418,618.179187480721,13649.1184102651,14239.813477367,13949.2607019265,61.2074393547094,63.8420372378803,50.2405052740938,-687.651347214629,-307.099134012758,1.49011611938477e-08,1.49011611938477e-08,1.95255592588169,1.06148103872674,1.49011611938477e-08,5.19666838399228,15,35
1.318,1000,35,578.471558104773,-255.704375097538,578.471558104773,14024.4857329484,13961.473000283,13833.6923692531,60.8312458021556,62.2781023891345,49.9053002053512,-518.913574625926,-263.151346186957,1.49011611938477e-08,1.49011611938477e-08,1.8850219952283,1.31476543928866,0.636410406691382,3.73805083061353,15,35
1.319,1000,35,562.508048300122,225.959415294834,562.508048300122,14003.3130406442,13586.5762998888,14144.9435846711,60.2738979481326,58.6550043553797,50.277597631969,-393.883130285952,-96.3120830527228,1.49011611938477e-08,1.49011611938477e-08,1.81155601468154,1.48846890337137,1.36853243723722,1.95233505503652,15,35
1.32,1000,35,613.827731903457,527.335227355602,613.827731903457,13625.4262660209,13616.5407421039,14508.0462998451,59.6959871079249,53.6675039457342,49.5250389196391,-325.439338120085,61.8342310568482,1.49011611938477e-08,1.49011611938477e-08,1.86331225232437,1.68116960161871,1.67020083046338,1.25905762194525,15,35
1.321,1000,35,585.304152621275,434.238360636647,585.304152621275,13286.0252062009,14013.4965308429,14421.7956398703,59.0989690716402,48.9174036163047,47.8572973926234,-351.305138851304,145.788184080853,1.49011611938477e-08,1.49011611938477e-08,1.93292808219417,1.81492195585953,2.0128778373294,1.06348159601675,15,35
1.322,1000,35,535.20048692727,404.653486643466,535.20048692727,13424.3262486205,14244.4347925456,13983.7812269901,59.4284631662637,46.786298453043,45.9078496107531,-527.069966612921,131.064573136014,1.49011611938477e-08,1.49011611938477e-08,1.95734843530732,1.68264598127586,5.20120391835908,1.19158225490045,15,35
1.323,1000,35,479.09677560113,513.146859187003,479.09677560113,13874.1289726508,14011.9819634748,13754.3739962291,60.6625152619488,48.6890859426711,44.0581894232506,-777.416211035651,-51.5507404968014,1.49011611938477e-08,1.49011611938477e-08,1.91903016321217,1.38427704306358,0.983598074263911,1.66335236054057,15,35
1.324,1000,35,444.228766543253,522.418032536984,444.228766543253,14077.2663515617,13579.5762865528,14049.0804769445,61.5309114064028,53.2134535085765,42.4500796817706,-897.491152159246,-345.958871478557,1.49011611938477e-08,1.49011611938477e-08,1.81209950086669,1.21909318941973,1.49011611938477e-08,2.25203971604318,15,35
1.325,1000,35,419.69384331676,524.43138834626,419.69384331676,13798.2352620931,13487.6664990733,14488.491690736,61.3303694874172,57.9788866026952,40.8345305970484,-840.617138807281,-551.908513122421,1.49011611938477e-08,1.49011611938477e-08,1.83103012333967,1.20113149489458,1.49011611938477e-08,2.12443974847972,15,35
1.326,1000,35,380.340437752615,526.091428888132,380.340437752615,13407.1673263631,13851.1899822024,14532.5393024641,60.1853696860764,61.5991492281113,39.4527262325893,-730.055025765787,-584.355216993325,1.49011611938477e-08,1.49011611938477e-08,1.91532884967709,1.18786749462481,1.49011611938477e-08,2.27593961155242,15,35
1.327,1000,35,305.917465731227,528.393539749893,305.917465731227,13422.840736662,14199.5280914338,14134.6758342566,59.4011680144299,63.6026695609684,39.5883077806437,-635.716691828816,-487.114826666606,1.49011611938477e-08,1.49011611938477e-08,1.95096001950089,1.07789966857789,1.49011611938477e-08,4.85311367836866,15,35
1.328,1000,35,227.584658163294,530.760543684447,227.584658163294,13837.4583228254,14103.6627622448,13795.9962993973,59.5883696279748,64.06365586749,41.826819355872,-569.275942398458,-317.869057454439,1.49011611938477e-08,1.49011611938477e-08,1.92939959441204,0.997970417375334,1.49011611938477e-08,7.84599335378454,15,35
1.329,1000,35,262.933336288711,529.729858538096,262.933336288711,14133.0545379279,13686.2330543184,13951.1814974516,59.7795224738203,63.1789719641177,45.4728293809029,-498.696990887406,-162.077801840036,1.49011611938477e-08,1.49011611938477e-08,1.81619725377805,1.12506576706257,0.816845524835428,2.65882081407129,15,35
1.33,1000,35,494.492154956732,503.72307372765,494.492154956732,13970.1140764229,13485.2142597593,14403.2172602082,57.8964499909347,61.0619288979128,48.9052921949732,-391.96870802019,-80.175849219192,1.49011611938477e-08,1.49011611938477e-08,1.80038568700299,1.48052231430097,1.61202924411003,2.04668841371321,15,35
1.331,1000,35,625.189603409257,-11167.1862507566,625.189603409257,13581.3436561316,13767.9570748353,14595.6930157716,52.3577772723716,58.2068570200942,50.6400052447476,-299.218676391094,-48.7339104323467,1.49011611938477e-08,1.49011611938477e-08,1.8930073928571,1.90912957598494,2.52980311591311,2.09165275465986,15,35
1.332,1000,35,611.454715429731,-5462.46854789791,611.454715429731,13486.3204585283,14162.2711759805,14314.9656620966,43.9243168385273,55.8890366801878,50.5881052344576,-314.057834738883,-12.2037016517679,1.49011611938477e-08,1.49011611938477e-08,1.95101972932559,1.8837354784997,3.46759226752009,2.04521093730621,15,35
1.333,1000,35,562.611415290127,217.528518374893,562.611415290127,13819.8773330661,14166.8086910505,13923.3389770323,37.572304542489,55.1616923344037,49.9714338140223,-501.125030332472,41.0600409186184,1.49011611938477e-08,1.49011611938477e-08,1.9528815481724,0.992194245291581,1.92614949519994,1.44994690585779,15,35
1.334,1000,35,395.480710273248,525.505247053892,395.480710273248,14146.6170043093,13765.8027920899,13942.3459779213,39.3102137033653,56.3951420940491,49.9111023706567,-768.774581077304,41.0319414681477,1.49011611938477e-08,1.49011611938477e-08,1.85005987953468,0.0524327837014641,0.700375101711924,1.09854602206478,15,35
1.335,1000,35,252.104753833439,530.020735999262,252.104753833439,14064.1990998113,13454.717985271,14355.9248936971,46.9450550644365,58.9491898751503,50.1793182643675,-925.716528522032,-48.492596729859,1.49011611938477e-08,1.49011611938477e-08,1.7914448648727,1.49011611938477e-08,1.49011611938477e-08,1.54915546144919,15,35
1.336,1000,35,369.870663606977,526.479230774719,369.870663606977,13640.4833077479,13637.912921459,14601.0860429788,54.2638800486855,61.4678131691278,49.8286439861852,-911.00838812794,-148.322216153316,1.49011611938477e-08,1.49011611938477e-08,1.86958833800928,0.370185171504932,1.49011611938477e-08,2.5513082765058,15,35
1.337,1000,35,623.751739385661,-10138.5691685852,623.751739385661,13406.0328923861,14078.0491304318,14365.2270470847,59.7568729088809,63.0889516844168,50.131408440307,-833.295970480863,-222.882367591357,1.49011611938477e-08,1.49011611938477e-08,1.93796137057704,0.713419918079408,1.49011611938477e-08,3.61283172674892,15,35
1.338,1000,35,616.194620325081,-7025.13173668002,616.194620325081,13665.9608555543,14234.5302419258,13944.4281678817,61.7213107242397,63.2946784517332,50.0407998481318,-705.27695249245,-271.365586099995,1.49011611938477e-08,1.49011611938477e-08,1.95225096838976,1.00120962525339,1.49011611938477e-08,4.10755311951077,15,35
1.339,1000,35,573.040183880289,63.4400577889735,573.040183880289,14030.1132770667,13937.5006246103,13856.3663760675,61.1015172269124,61.5100761892213,49.8074119847155,-538.632602470205,-224.266578541064,1.49011611938477e-08,1.49011611938477e-08,1.88077337117516,1.24243489294108,0.731922730001606,3.03450197883029,15,35
1.34,1000,35,558.906638651375,257.266023664408,558.906638651375,13985.1425751699,13574.1815623581,14182.1975031827,60.428514534934,57.6505807951368,50.4413939761803,-414.13897081987,-62.3817533515521,1.49011611938477e-08,1.49011611938477e-08,1.81272363236255,1.4215049842547,1.4333439639092,1.71575160587908,15,35
1.341,1000,35,615.583829785505,-6836.44281120225,615.583829785505,13594.086268328,13632.9085997431,14526.6576353501,59.67009382997,52.485035609526,50.0289551381518,-345.322842379672,80.1972025352757,1.49011611938477e-08,1.49011611938477e-08,1.86936362542387,1.6233380960699,1.68352090248807,1.16131421529301,15,35
1.342,1000,35,590.659838357222,-1574.2265777253,590.659838357222,13273.0233163875,14034.1282141424,14408.8093632325,58.9469630337446,47.6400170349782,48.6742581693726,-374.299405319749,162.532581976213,1.49011611938477e-08,1.49011611938477e-08,1.93559787850316,1.75107129365752,2.05393401511442,1.01738318277175,15,35
1.343,1000,35,538.227309111375,388.010343761745,538.227309111375,13440.4482255276,14245.9661764347,13964.584079693,59.217375982602,45.5914339660155,46.9212282665307,-558.090166129239,136.338985804999,1.49011611938477e-08,1.49011611938477e-08,1.9583114272769,1.61590159778457,4.99686457188878,1.17488217078084,15,35
1.344,1000,35,469.925573927857,517.186566045641,469.925573927857,13895.1239348433,13990.4674876251,13760.3197432972,60.3060413123144,47.596336297103,45.1396404846245,-800.829598745004,-63.670430620124,1.49011611938477e-08,1.49011611938477e-08,1.91394583725967,1.3512504553497,0.898845290431087,1.67646929053793,15,35
1.345,1000,35,427.0940854102,523.96809012434,427.0940854102,14074.6099699972,13563.4126902876,14078.7792903784,60.8629105956303,52.2591258691446,43.5577333312617,-897.36767671553,-368.430425355197,1.49011611938477e-08,1.49011611938477e-08,1.80937395711084,1.23189613661014,1.49011611938477e-08,2.26928328635507,15,35
1.346,1000,35,395.009263456986,525.568288191226,395.009263456986,13774.8681048809,13500.5569654961,14507.0237699237,60.2966383546704,57.0386382950127,41.8814980225853,-829.529010650926,-562.171066918791,1.49011611938477e-08,1.49011611938477e-08,1.83593847785846,1.24461491504543,1.49011611938477e-08,2.09815189873572,15,35
1.347,1000,35,349.253242680575,527.088425583737,349.253242680575,13394.1080467737,13878.0941172659,14515.8728358622,58.9038222337839,60.613018576325,40.5612583129029,-710.780934854687,-588.532684369078,1.49011611938477e-08,1.49011611938477e-08,1.9188047351263,1.23973061858647,1.49011611938477e-08,2.29099467432038,15,35
1.348,1000,35,275.140127816609,529.315993182395,275.140127816609,13440.0012853414,14209.057784641,14102.0038209513,58.0884202425985,62.5659572423676,40.805758360961,-619.965166678103,-484.244028483636,1.49011611938477e-08,1.49011611938477e-08,1.95171402019276,1.12759732225046,1.49011611938477e-08,4.97922738279409,15,35
1.349,1000,35,189.74358961494,531.892178660585,189.74358961494,13866.7217310455,14086.5914499779,13783.3168324743,58.2696488682768,63.0146318203966,42.9396242139173,-555.440233901454,-316.461176537717,1.49011611938477e-08,1.49011611938477e-08,1.92427865648606,1.0451196682328,1.49011611938477e-08,8.20267440558254,15,35
1.35,1000,35,241.698584169214,530.352064327329,241.698584169214,14141.0245028962,13666.0898208381,13966.3878404875,58.3459873376295,62.153899004057,46.3345869260401,-482.53216517576,-168.8513070546,1.49011611938477e-08,1.49011611938477e-08,1.8101822239305,1.17486751142491,0.866054761895605,2.84181843488639,15,35
1.351,1000,35,480.285035516761,513.520723081131,480.285035516761,13953.4957894324,13490.7263157579,14416.4236406279,56.2198948661667,60.086535992345,49.5397402299051,-380.609829218891,-95.8448835891073,1.49011611938477e-08,1.49011611938477e-08,1.80346471598102,1.53534545971482,1.66381724817608,2.22254049228614,15,35
1.352,1000,35,625.345189805378,-11294.1865919226,625.345189805378,13567.3578528901,13793.6259927996,14580.4481390477,50.3950765894721,57.3846508663433,51.1544417372513,-288.417274964294,-64.7316080225029,1.49011611938477e-08,1.49011611938477e-08,1.89758852029856,1.95312999032182,2.60607653687021,2.2914355105732,15,35
1.353,1000,35,610.111315234108,-5084.33738799902,610.111315234108,13498.0165987766,14176.4364909745,14277.6122817679,41.8809487757,55.3083020079681,51.0640692400299,-315.990006328311,-28.917813059691,1.49011611938477e-08,1.49011611938477e-08,1.95264876901977,1.86680412029852,3.38555022271795,2.23384224186201,15,35
1.354,1000,35,560.409875462677,237.156947919704,560.409875462677,13846.5026119228,14152.7572512957,13896.7680365091,35.9745123772314,54.8846100782218,50.4945292590195,-512.613958964306,19.8658244737587,1.49011611938477e-08,1.49011611938477e-08,1.94959069807253,0.930821998838101,1.73951446123106,1.57854562370454,15,35
1.355,1000,35,393.947248916409,525.573750770346,393.947248916409,14156.8993162526,13741.0134804336,13945.6936928739,38.5374341168094,56.3990570045834,50.4724514068447,-775.891009726215,11.3286581295475,1.49011611938477e-08,1.49011611938477e-08,1.84231089729224,1.49011611938477e-08,0.590841913169038,1.24616090058374,15,35
1.356,1000,35,249.779232499121,530.096136007516,249.779232499121,14049.7203819827,13451.9788361195,14369.5660783823,46.5511423445212,59.1843176956568,50.6544690969688,-914.483514651594,-78.2192810131675,1.49011611938477e-08,1.49011611938477e-08,1.79203610376543,1.49011611938477e-08,1.49011611938477e-08,1.78807937227887,15,35
1.357,1000,35,365.162398630008,526.626216278077,365.162398630008,13619.5094141769,13661.4326653579,14590.0249575546,53.9203741810682,61.8095439924331,50.1716888206282,-892.065500884658,-183.086475706111,1.49011611938477e-08,1.49011611938477e-08,1.87422802928225,0.444258683184373,1.49011611938477e-08,2.99589440905309,15,35
1.358,1000,35,626.317632607404,-11695.1912372522,626.317632607404,13412.988103079,14099.2996495271,14331.5845072708,59.3625938954514,63.4624728326406,50.3410268083624,-807.790670031751,-256.731769063282,1.49011611938477e-08,1.49011611938477e-08,1.93970351075123,0.782000585048509,1.49011611938477e-08,4.30750157486163,15,35
1.359,1000,35,615.309550255952,-6707.70389011107,615.309550255952,13694.9295811502,14230.2789799215,13916.2638110374,61.2737672726049,63.6425864420143,50.1422940867888,-672.672338041991,-298.708352023015,1.49011611938477e-08,1.49011611938477e-08,1.95051539880559,1.07415559903016,1.49011611938477e-08,4.82150322534051,15,35
1.36,1000,35,571.099142663572,143.45321880123,571.099142663572,14047.3666579923,13914.3463945419,13855.5808962562,60.6784821247645,61.8310466461349,49.8807061681387,-512.385915467979,-244.501718553615,1.49011611938477e-08,1.49011611938477e-08,1.87310311103206,1.31732616178443,0.734384424958433,3.31350357400398,15,35
1.361,1000,35,585.179398539296,-16.9195360454323,585.179398539296,13978.2090213515,13564.3399048383,14202.8204587129,60.1515927133656,58.0024309522197,50.3530334590486,-392.251960080753,-75.4714033561183,1.49011611938477e-08,1.49011611938477e-08,1.81149104535331,1.48840008457043,1.43655393285618,1.7787458953723,15,35
1.362,1000,35,612.419011024342,526.836869807459,612.419011024342,13575.120977782,13650.7476450345,14529.2422096304,59.4520858416161,52.9437572274072,49.4750849625213,-326.083153737456,75.7708692960579,1.49011611938477e-08,1.49011611938477e-08,1.87332263155742,1.68776860583035,1.67548012864765,1.19560907148349,15,35
1.363,1000,35,583.710967466721,375.904773765471,583.710967466721,13275.5119403642,14057.432972356,14386.3186431174,58.8774474084253,48.3342289910061,47.7775400700519,-366.610024200508,155.698781402175,1.49011611938477e-08,1.49011611938477e-08,1.93718382410668,1.80166837242108,2.13595896440701,1.04566993083199,15,35
1.364,1000,35,526.327714503842,438.046931632499,526.327714503842,13469.656989976,14241.8984992151,13940.4896756136,59.3666228008303,46.6110082039503,45.8162714718541,-561.224389014087,124.299241961834,1.49011611938477e-08,1.49011611938477e-08,1.95828674281853,1.63356707776064,4.68783965767209,1.20626009287742,15,35
1.365,1000,35,469.70151960432,517.037974904679,469.70151960432,13919.9069018373,13964.2732012471,13766.3747509726,60.6748167224948,48.8909095802769,43.9065461632005,-806.581552291445,-78.7978881714792,1.49011611938477e-08,1.49011611938477e-08,1.90696241871324,1.33899681446505,0.818740615104483,1.71108228312373,15,35
1.366,1000,35,449.478811841578,521.672000037898,449.478811841578,14069.057239415,13544.6530589942,14106.4058765095,61.462417734917,53.5265525722812,42.1569499034598,-900.935784362959,-359.200748308662,1.49011611938477e-08,1.49011611938477e-08,1.8062438656777,1.19551163888199,1.49011611938477e-08,2.27849904005155,15,35
1.367,1000,35,425.001947000488,524.104374114263,425.001947000488,13751.526574302,13511.6054316198,14523.9550984408,61.1080495510501,58.1977905916755,40.3669185916123,-833.577390535281,-552.328985999802,1.49011611938477e-08,1.49011611938477e-08,1.84060239493975,1.18732654256099,1.49011611938477e-08,2.13723148985754,15,35
1.368,1000,35,382.169292496708,526.027700422865,382.169292496708,13384.5554237622,13902.7736169052,14508.9517832942,59.8770895591178,61.6346016160483,38.9574314168083,-716.890063492629,-569.591300670931,1.49011611938477e-08,1.49011611938477e-08,1.92194812846043,1.16224267464191,1.49011611938477e-08,2.42234337767902,15,35
1.369,1000,35,299.997561866938,528.587925016162,299.997561866938,13459.0166886452,14214.7333838157,14087.476911575,59.172440559363,63.4505459698759,39.2925174409025,-627.343668150521,-458.109203500573,1.49011611938477e-08,1.49011611938477e-08,1.9526096964741,1.04093744983104,1.49011611938477e-08,6.10649408641572,15,35
1.37,1000,35,227.266143249242,530.752775621433,227.266143249242,13888.2590678153,14065.1693569305,13791.40442935,59.4605485274849,63.7523279423444,41.8037609931406,-565.419251276368,-282.990748884936,1.49011611938477e-08,1.49011611938477e-08,1.91985396801825,0.972181295458649,1.49011611938477e-08,5.75954494285031,15,35
1.371,1000,35,278.608445015019,529.248229966022,278.608445015019,14139.2243783466,13642.9536856296,14001.9919418968,59.6093677833152,62.7390720260323,45.6301482075881,-498.642085128042,-139.196184928581,1.49011611938477e-08,1.49011611938477e-08,1.80643186805232,1.12270779809157,0.901733938492257,2.37673523888895,15,35
1.372,1000,35,523.900355882181,451.577345873788,523.900355882181,13929.2246759676,13495.3153342995,14451.2957343784,57.4767929926051,60.5099428715615,49.0471142947804,-391.93364910952,-62.8721325157526,1.49011611938477e-08,1.49011611938477e-08,1.80867394636389,1.49156059328025,1.70630348347834,1.92612254884228,15,35
1.373,1000,35,625.055620975592,533.026757416895,625.055620975592,13548.4854871258,13818.4812161039,14589.9658437888,51.6625159174581,57.6541397498182,50.6588780867343,-302.730426837366,-32.2553941424156,1.49011611938477e-08,1.49011611938477e-08,1.90276646017295,1.8948494776889,2.64567757497856,1.98888366242848,15,35
1.374,1000,35,609.635326229892,525.958945488312,609.635326229892,13507.0097111937,14188.6191678865,14269.301000917,43.2879817128034,55.4636068738701,50.5497781927537,-338.68268129029,5.99689385722907,1.49011611938477e-08,1.49011611938477e-08,1.95442979846112,1.76826673009158,3.42660571246849,1.88988885661435,15,35
1.375,1000,35,555.289814549759,279.119405124845,555.289814549759,13868.1210429892,14137.123626207,13902.490792226,37.7449801937577,54.9540193251533,50.0039821305235,-543.269457753242,54.2831466647439,1.49011611938477e-08,1.49011611938477e-08,1.94695973681523,0.873112421091951,1.73884802992994,1.30865534741884,15,35
1.376,1000,35,371.94701646931,526.33720863877,371.94701646931,14160.6567169391,13715.8690458227,13979.8926226866,40.3565314548438,56.3893619897648,50.0192277046058,-793.394627759252,42.4979462638053,1.49011611938477e-08,1.49011611938477e-08,1.83705861918576,1.49011611938477e-08,0.600390167213504,1.07231194942899,15,35
1.377,1000,35,251.936827536538,530.025878248706,251.936827536538,14028.4148038737,13449.8507910217,14408.0964172437,48.0533268307133,59.0312416589655,50.1951795880397,-932.830356817755,-53.7558353358843,1.49011611938477e-08,1.49011611938477e-08,1.79546663987385,1.49011611938477e-08,1.49011611938477e-08,1.59773824626748,15,35
1.378,1000,35,409.704222428062,525.035234551998,409.704222428062,13587.6217255762,13685.6221662833,14595.7460529703,55.1605301153293,61.5002943366312,49.8993139502849,-906.811797532009,-154.220333757533,1.49011611938477e-08,1.49011611938477e-08,1.88071225052364,0.41459261964394,1.49011611938477e-08,2.58790433380391,15,35
1.379,1000,35,627.969458460456,535.007339682565,627.969458460456,13409.7628186609,14118.1626028255,14318.4155191571,60.1747486939144,62.9997697228265,50.1530198474454,-822.80780847427,-225.708407868864,1.49011611938477e-08,1.49011611938477e-08,1.94191861939642,0.744105131649,1.49011611938477e-08,3.57488944835886,15,35
1.38,1000,35,613.000457923334,-5937.96233848493,613.000457923334,13711.2635354988,14221.126697396,13912.286185323,61.6945656085469,63.018900733769,50.0122652592809,-689.20536498383,-265.387340619561,1.49011611938477e-08,1.49011611938477e-08,1.94962420512614,1.02230911244497,1.49011611938477e-08,3.87965351113215,15,35
1.381,1000,35,560.824755050058,233.072420614681,560.824755050058,14048.7738224706,13888.890238555,13879.4538569788,60.8891274039412,61.0084521765305,49.8734199685416,-531.799822790946,-207.473288637218,1.49011611938477e-08,1.49011611938477e-08,1.8688738498068,1.25208241601411,0.817082532514047,2.74405788250285,15,35
1.382,1000,35,581.168512069336,32.148425845076,581.168512069336,13957.967506558,13554.9039549038,14239.3161718828,60.2521523825853,56.963387625766,50.6226947587535,-412.296329676561,-43.7829612713497,1.49011611938477e-08,1.49011611938477e-08,1.81356185681059,1.42808000964967,1.49035083802599,1.57726649335504,15,35
1.383,1000,35,610.228781818508,-5149.39240450895,610.228781818508,13543.2463049848,13669.3882491192,14543.7700331833,59.4018199587843,51.7676144178928,50.0941776766352,-345.866536339698,98.1700260420942,1.49011611938477e-08,1.49011611938477e-08,1.87932314433341,1.63071553707245,1.6885573640723,1.10462264073388,15,35
1.384,1000,35,583.650464850856,419.899379399304,583.650464850856,13264.3856936725,14076.6406970636,14369.808061193,58.7209600166013,47.1336599806087,48.7123573232162,-392.629079781894,169.522424891473,1.49011611938477e-08,1.49011611938477e-08,1.93955753985063,1.7354555831863,2.20767901657528,1.00147571339621,15,35
1.385,1000,35,526.660230161937,437.063189947207,526.660230161937,13485.9510731589,14239.5266031518,13921.2876527482,59.149507960014,45.5708155638395,46.9537371864926,-594.349461603972,124.751915725053,1.49011611938477e-08,1.49011611938477e-08,1.95898339241383,1.56951014081412,4.25143599367717,1.19251717120484,15,35
1.386,1000,35,471.251265228495,516.730851501506,471.251265228495,13937.5514136301,13940.4979766673,13774.3895384057,60.278584893785,48.0173087578207,45.1503809044326,-820.1320862375,-82.5534628739984,1.49011611938477e-08,1.49011611938477e-08,1.90143954563854,1.31404771328547,0.738243366491985,1.73094245848916,15,35
1.387,1000,35,429.664554040074,523.782951733736,429.664554040074,14061.8162945898,13530.036495764,14135.1376747046,60.7173875962486,52.8032874029465,43.4680786868426,-899.730132180975,-386.629570006195,1.49011611938477e-08,1.49011611938477e-08,1.80460240383606,1.21748581861081,1.49011611938477e-08,2.27766163744352,15,35
1.388,1000,35,397.11683663047,525.48596331306,397.11683663047,13726.1847685125,13526.4216592728,14537.9487931589,59.97379805939,57.4854569361977,41.6400104439238,-816.142098297246,-572.668060858051,1.49011611938477e-08,1.49011611938477e-08,1.84579399931269,1.23963186903501,1.49011611938477e-08,2.07946387643342,15,35
1.389,1000,35,346.976823857057,527.157645319527,346.976823857057,13373.4897672148,13928.0889067545,14487.7305868435,58.4931519511368,60.8802800221826,40.3155591912001,-697.71661303238,-577.804482130943,1.49011611938477e-08,1.49011611938477e-08,1.92495234535925,1.22224899039975,1.49011611938477e-08,2.39822609585105,15,35
1.39,1000,35,268.262044204447,529.52051778826,268.262044204447,13478.1664242573,14219.848771094,14054.4315338461,57.7500386879793,62.6530070925348,40.7116328365245,-611.503241435506,-459.611759239803,1.49011611938477e-08,1.49011611938477e-08,1.95306502159,1.09706418599317,1.49011611938477e-08,6.06955740660608,15,35
1.391,1000,35,194.347551225576,531.753751202795,194.347551225576,13915.9720357254,14044.8024985819,13781.1751105236,58.0197958353414,62.9492590477506,43.047706750094,-553.585383793112,-295.076173469413,1.49011611938477e-08,1.49011611938477e-08,1.91376511960237,1.02316894838137,1.49011611938477e-08,6.22835838526015,15,35
1.392,1000,35,266.449716402175,529.630856260868,266.449716402175,14143.3435600852,13623.197460671,14017.9082530909,58.0445941110201,61.9575532138592,46.5600276460872,-481.304431359515,-150.185963152159,1.49011611938477e-08,1.49011611938477e-08,1.80113302974241,1.17387518735736,0.94721066540938,2.56793885337676,15,35
1.393,1000,35,517.592136420087,468.058388115537,517.592136420087,13911.6801884826,13502.9682241861,14461.8958499826,55.6501344626973,59.7631488583086,49.6917383486528,-373.659709293134,-79.7061237056202,1.49011611938477e-08,1.49011611938477e-08,1.8122783796422,1.5456328350024,1.75690576900861,2.10388866569541,15,35
1.394,1000,35,624.204526670473,-10644.0093150904,624.204526670473,13537.9208770172,13843.2489761951,14571.9700064983,49.4848486910243,57.049745208076,51.1217591894042,-291.483440561452,-50.4630038451192,1.49011611938477e-08,1.49011611938477e-08,1.90684508700147,1.93192135215798,2.72200786596188,2.18166302849035,15,35
1.395,1000,35,607.411597923205,525.223378018252,607.411597923205,13522.7852043229,14198.5277296602,14231.7058566722,41.0242631799734,55.0992622460649,50.946934590326,-340.800073851572,-11.617472232448,1.49011611938477e-08,1.49011611938477e-08,1.95567655934665,1.73187408394302,3.28111870202188,2.04926645710053,15,35
1.396,1000,35,550.166027709362,316.44376841979,550.166027709362,13895.4643729232,14118.7807815629,13879.497887558,36.0332436965159,54.8791434657845,50.4510042255313,-541.369401550811,31.3177465175157,1.49011611938477e-08,1.49011611938477e-08,1.94244816643471,0.797935187477896,1.56730688230756,1.40933617154768,15,35
1.397,1000,35,368.190406961929,526.458587466133,368.190406961929,14169.5389643733,13690.6445308486,13986.6905590175,39.5559396241323,56.5750011366953,50.5075485336934,-799.844494208757,13.0537396767634,1.49011611938477e-08,1.49011611938477e-08,1.82933459832281,1.49011611938477e-08,0.491156554229471,1.21631673902787,15,35
1.398,1000,35,254.386766303517,529.952683746798,254.386766303517,14014.1533741791,13449.4706990118,14421.0147840487,47.6145149401247,59.3946963083975,50.5934173676875,-923.146448032659,-88.2696790956264,1.49011611938477e-08,1.49011611938477e-08,1.7966490161654,1.49011611938477e-08,1.49011611938477e-08,1.84878787375687,15,35
1.399,1000,35,387.377456484254,525.918447685695,387.377456484254,13571.4058296515,13709.1833331007,14581.8108033098,54.8061223792885,61.9248510471214,50.1961095907893,-887.754559018108,-187.992638084281,1.49011611938477e-08,1.49011611938477e-08,1.884872176785,0.477123252656089,1.49011611938477e-08,3.05085542029549,15,35
1.4,1000,35,629.791165348558,-14239.101360902,629.791165348558,13422.2209123692,14136.0493919139,14283.5669253975,59.8502843732374,63.4255117630832,50.362694726588,-797.201987022442,-259.753871565676,1.49011611938477e-08,1.49011611938477e-08,1.94339061747829,0.809288673301015,1.49011611938477e-08,4.3035646947929,15,35
1.401,1000,35,612.479187882291,526.93213680607,612.479187882291,13742.9848328442,14213.7269286598,13886.3958725665,61.3707003019765,63.38782135483,50.1339518038304,-664.16502204208,-294.017923663976,1.49011611938477e-08,1.49011611938477e-08,1.94711857174833,1.09625823302041,1.49011611938477e-08,4.61559520758739,15,35
1.402,1000,35,560.989638688588,231.575144053019,560.989638688588,14064.7351000817,13866.0162293475,13881.0856644309,60.6213443657744,61.3099048083053,49.9305369974581,-496.474272127618,-223.536707721183,1.49011611938477e-08,1.49011611938477e-08,1.86131297985836,1.33124501982038,0.825227323875944,3.04024012280593,15,35
1.403,1000,35,596.604317322343,-166.382998151172,596.604317322343,13944.7449560769,13547.6940578378,14254.9408193832,60.1668627412944,57.2725165288386,50.4529387818959,-385.406117379378,-50.1918664948323,1.49011611938477e-08,1.49011611938477e-08,1.81344202624907,1.49963202217197,1.49638938175828,1.66382713557774,15,35
1.404,1000,35,612.639910170627,-5797.98130714453,612.639910170627,13521.5345654013,13688.8570667747,14537.9371058081,59.4622788760055,52.1565900126979,49.5624029549875,-329.724313232509,91.9575479195879,1.49011611938477e-08,1.49011611938477e-08,1.88332132853568,1.69593308362561,1.69233170872925,1.15418083105631,15,35
1.405,1000,35,584.539147559905,401.401417825818,584.539147559905,13266.8755771868,14096.8173222454,14339.7162195237,58.9395875801943,47.7312870252417,47.89985992959,-388.874285192305,158.187297707951,1.49011611938477e-08,1.49011611938477e-08,1.9409612000967,1.78713815703564,2.32612035826202,1.04775787766332,15,35
1.406,1000,35,522.974104128213,450.65195931696,522.974104128213,13514.4356140726,14232.1987528393,13893.7516502003,59.4828676989384,46.4450590491829,46.0090478866849,-585.624343705107,109.433303718734,1.49011611938477e-08,1.49011611938477e-08,1.95853479499393,1.60074478050497,3.82449974807823,1.25360196779299,15,35
1.407,1000,35,457.400888224482,520.256964895694,457.400888224482,13958.9287560121,13913.4159747741,13778.9059854304,60.6627158357394,49.1047243194037,44.2219007800332,-820.753705973785,-112.613443941103,1.49011611938477e-08,1.49011611938477e-08,1.89394929933814,1.33175681175587,0.66019951675998,1.81017090185364,15,35
1.408,1000,35,428.324800673478,523.855828160117,428.324800673478,14051.3346707148,13514.0389254477,14157.901267789,61.1874322936216,53.8368097045898,42.6212140607825,-892.993345007311,-408.206989547627,1.49011611938477e-08,1.49011611938477e-08,1.8025560077976,1.2236433722068,1.49011611938477e-08,2.27267233604504,15,35
1.409,1000,35,403.931417350039,525.206737647458,403.931417350039,13700.1551483428,13540.4613479244,14544.9320583472,60.5682216983916,58.4043930945281,40.9600242603122,-808.592425988247,-578.707800218563,1.49011611938477e-08,1.49011611938477e-08,1.85075341304127,1.23452921508409,1.49011611938477e-08,2.05397894680268,15,35
1.41,1000,35,357.598883579383,526.849220018276,357.598883579383,13363.2377087878,13952.2928459659,14468.4813542153,59.2549527465398,61.6559956527595,39.7630318885129,-693.388280297988,-574.570496594765,1.49011611938477e-08,1.49011611938477e-08,1.92766269851579,1.20654932687758,1.49011611938477e-08,2.43933700171699,15,35
1.411,1000,35,274.884904015184,529.339099751136,274.884904015184,13496.4528941882,14222.882043363,14029.1020241351,58.6518371531793,63.2898772345758,40.3045820188529,-612.101318236723,-459.817079793939,1.49011611938477e-08,1.49011611938477e-08,1.9534760557146,1.08396177342892,1.49011611938477e-08,6.66511276516345,15,35
1.412,1000,35,203.641431335657,531.467403855147,203.641431335657,13935.2126182212,14022.4489660877,13780.6446590004,58.9822735545984,63.4430019422721,42.8609109454491,-550.033646909804,-285.763091325044,1.49011611938477e-08,1.49011611938477e-08,1.9080106241274,1.0299163441118,0.0422003845417171,5.63388324897915,15,35
1.413,1000,35,280.763281835087,529.189070331939,280.763281835087,14138.1153468671,13603.4152127492,14042.9339470171,58.9244121389895,62.3038121189667,46.540881317892,-473.974059120719,-143.536572503324,1.49011611938477e-08,1.49011611938477e-08,1.79747192914324,1.20343788880698,0.985939846803441,2.48059659213992,15,35
1.414,1000,35,538.077302192408,396.176168036745,538.077302192408,13884.6831946091,13511.83436713,14481.1995904847,56.3258769132093,59.9748011950398,49.7049065473165,-363.561441120383,-75.8004088094082,1.49011611938477e-08,1.49011611938477e-08,1.81737017944251,1.59241462446312,1.80271097153306,2.07822624760151,15,35
1.415,1000,35,623.938360451654,532.322890493912,623.938360451654,13519.6902571386,13868.9286845762,14563.6772937022,50.0130008599995,57.1524825247594,51.0896652034959,-286.193661861773,-46.8476243654286,1.49011611938477e-08,1.49011611938477e-08,1.91132422365924,1.98071029966049,2.77436056818085,2.16904738262389,15,35
1.416,1000,35,606.617571225522,-4209.65085341155,606.617571225522,13532.783794859,14208.4006922074,14209.1341982506,41.4606636306005,55.1503077654944,50.8584271891912,-338.557462198474,-8.49294894070116,1.49011611938477e-08,1.49011611938477e-08,1.95714786291744,1.74143001452698,3.3074815328146,2.01703772981898,15,35
1.417,1000,35,543.092244277663,361.37556024992,543.092244277663,13914.6472551946,14101.2882443069,13874.1965944339,36.6168600437956,54.926093076721,50.3443153825768,-554.627140140425,37.2955882439438,1.49011611938477e-08,1.49011611938477e-08,1.93870296123471,0.78667302560436,1.53521955527082,1.37064579836935,15,35
1.418,1000,35,341.305796171314,527.322504224005,341.305796171314,14168.2170993402,13667.1028745805,14008.986766022,40.2877078369747,56.631406276789,50.4215517435832,-812.391988976395,14.6851559776288,1.49011611938477e-08,1.49011611938477e-08,1.82409343097578,1.49011611938477e-08,0.465811479069782,1.20267173287823,15,35
1.419,1000,35,245.20459122167,530.232974808757,245.20459122167,13989.0824615397,13451.0609448391,14444.656070216,48.3065011605361,59.3987024211103,50.5100553794421,-926.834312700288,-88.3972092587774,1.49011611938477e-08,1.49011611938477e-08,1.80026035029091,1.49011611938477e-08,1.49011611938477e-08,1.83991089335679,15,35
1.42,1000,35,435.698048783894,523.364778741361,435.698048783894,13546.5391740941,13734.9963418598,14578.3556048971,55.3492750710544,61.8422531622073,50.2059957821703,-887.758363411917,-184.555707086847,1.49011611938477e-08,1.49011611938477e-08,1.89025130679344,0.488506875498895,1.49011611938477e-08,2.97738989201626,15,35
1.421,1000,35,627.766896086426,534.978440110604,627.766896086426,13426.2492569119,14152.7997008151,14261.8994648362,60.0237885497775,63.2443454105947,50.3407899669293,-801.239848232292,-250.519434136483,1.49011611938477e-08,1.49011611938477e-08,1.9450869442012,0.809677710123501,1.49011611938477e-08,4.0933839556977,15,35
1.422,1000,35,609.977449766709,-5055.56818375687,609.977449766709,13762.5111761394,14201.3299732721,13877.20808751,61.2551788796416,63.0890981484792,50.1024204556189,-662.226309719647,-281.970181164264,1.49011611938477e-08,1.49011611938477e-08,1.94517587761505,1.08461073437294,1.49011611938477e-08,4.24037648519074,15,35
1.423,1000,35,548.338135674292,328.340060940449,548.338135674292,14065.5643221115,13840.2065239593,13899.5991733444,60.4415399082713,60.8770966288536,49.9672431332281,-499.329713789334,-201.352783575259,1.49011611938477e-08,1.49011611938477e-08,1.85643690149353,1.3040513554518,0.879390207877783,2.74750740950739,15,35
1.424,1000,35,605.602966409897,-1077.44017009591,605.602966409897,13930.3804420664,13541.9002946189,14288.9711149077,59.9420888666225,56.6821620850145,50.5317324331582,-390.361436849504,-28.3253315318873,1.49011611938477e-08,1.49011611938477e-08,1.81541948806881,1.47372169723043,1.52923574295376,1.54445090082256,15,35
1.425,1000,35,609.592864693602,525.827459629238,609.592864693602,13498.537825403,13710.0220994615,14547.709961663,59.1570881841089,51.5247570820772,49.6739430218697,-337.499658886733,108.489312447183,1.49011611938477e-08,1.49011611938477e-08,1.88839304621948,1.67028735550468,1.69806298281799,1.09459175283102,15,35
1.426,1000,35,574.366742387172,13.9653156670145,574.366742387172,13267.7580179214,14115.8866754119,14322.1750387112,58.6398209211498,47.2003096082634,48.0681688086321,-398.618728812285,168.462410173726,1.49011611938477e-08,1.49011611938477e-08,1.94273778306423,1.74673235341438,2.43615339536207,1.0147563234018,15,35
1.427,1000,35,512.737694134794,475.25955763621,512.737694134794,13538.900428467,14226.5739493139,13879.6140903608,59.2945145910909,46.1794845511944,46.1901771060383,-612.029641517609,112.875906318361,1.49011611938477e-08,1.49011611938477e-08,1.95839409173441,1.54330401709162,3.40305618622474,1.23395937450511,15,35
1.428,1000,35,472.97438622457,516.110927833369,472.97438622457,13977.6651665995,13888.7704934278,13794.3039698711,60.5275152355166,49.0406695015052,44.346890614663,-843.253197366932,-117.546892537068,1.49011611938477e-08,1.49011611938477e-08,1.88776503522625,1.2823419767628,0.572560131220444,1.80034388261651,15,35
1.429,1000,35,437.494917174973,523.126670425866,437.494917174973,14043.2270572776,13502.2446646273,14190.6286144943,60.983486852525,53.8921375558145,42.6412512077792,-901.68668086756,-412.210149077051,1.49011611938477e-08,1.49011611938477e-08,1.80197298059921,1.18905124000918,1.49011611938477e-08,2.28753653765704,15,35
1.43,1000,35,407.956041614832,525.028014987931,407.956041614832,13677.5847806258,13557.8678458323,14561.8013437235,60.2511897233571,58.4523757051789,40.8200473909161,-809.487572269925,-573.206798317906,1.49011611938477e-08,1.49011611938477e-08,1.85606539602919,1.20418176264341,1.49011611938477e-08,2.10236448689487,15,35
1.431,1000,35,355.33015926698,526.89817202725,355.33015926698,13359.9557306664,13976.7733822372,14455.5364274821,58.8733507506102,61.6557516070029,39.6330803319544,-699.223429433489,-562.678132937452,1.49011611938477e-08,1.49011611938477e-08,1.9303200345853,1.16704400209748,1.49011611938477e-08,2.60516753478813,15,35
1.432,1000,35,267.822966361489,529.531899967559,267.822966361489,13521.1317144713,14224.5974888017,14011.2560771078,58.2917024207359,63.2374666334201,40.3033530924744,-615.170632569671,-436.46499421952,1.49011611938477e-08,1.49011611938477e-08,1.95380856869007,1.03635377957366,1.49011611938477e-08,8.3284867229081,15,35
1.433,1000,35,203.970682426878,531.465142463837,203.970682426878,13961.4826895818,13999.9107573362,13788.4482944076,58.6528027524422,63.3593920591063,42.9833482212471,-555.234429535188,-260.023391636952,1.49011611938477e-08,1.49011611938477e-08,1.902040808582,0.987423922272031,0.191507911740615,4.71262982896457,15,35
1.434,1000,35,294.822881653514,528.782347753729,294.822881653514,14138.3032570554,13584.9512103809,14074.4423939493,58.5593116760761,62.2011261660828,46.7110718016108,-479.144415659809,-122.000342408108,1.49011611938477e-08,1.49011611938477e-08,1.79442058650224,1.17054939618516,1.02759929231471,2.2873940249722,15,35
1.435,1000,35,555.194684973948,288.204273406276,555.194684973948,13866.4638869405,13522.2733261682,14504.339107434,55.8223967330272,59.832868776671,49.8216315833372,-368.949622746447,-58.892487509245,1.49011611938477e-08,1.49011611938477e-08,1.82258747059727,1.55861137978152,1.85565879634023,1.96117790256212,15,35
1.436,1000,35,623.232023260049,531.89887533658,623.232023260049,13511.5100876773,13893.800249223,14558.8574385871,49.3386866627809,57.0814071389828,51.1040670884102,-298.457670693499,-32.293989476781,1.49011611938477e-08,1.49011611938477e-08,1.91544703857788,1.91493685447023,2.84933916761907,2.04046549582434,15,35
1.437,1000,35,604.412630526313,524.319844107667,604.412630526313,13551.2964086084,14215.4239349357,14188.0531530402,40.9943504771269,55.2250117915433,50.8682008375645,-360.913507696407,8.05488822536319,1.49011611938477e-08,1.49011611938477e-08,1.95830362272793,1.6165861773707,3.19504711763025,1.84958102906781,15,35
1.438,1000,35,537.293515875021,391.016243339921,537.293515875021,13941.0572873611,14081.1199748724,13871.7936454186,36.8157193200664,55.1644076358069,50.4294624240618,-584.265610007333,48.3962469287348,1.49011611938477e-08,1.49011611938477e-08,1.93399336118748,0.698827793291732,1.43912847530915,1.25141926073318,15,35
1.439,1000,35,346.216216587255,527.175479445091,346.216216587255,14174.0258181867,13643.9660336733,14035.0705292875,40.9884700329538,56.9759180585531,50.5414206850563,-834.68073883029,16.7788865004038,1.49011611938477e-08,1.49011611938477e-08,1.8184383534786,1.49011611938477e-08,0.40550075099836,1.17207720949432,15,35
1.44,1000,35,259.509045728507,529.799675118547,259.509045728507,13972.7476657767,13454.8511741655,14472.0676456855,48.9105462142912,59.7710341631649,50.5172405235549,-932.486763596234,-91.0972732585902,1.49011611938477e-08,1.49011611938477e-08,1.80356765897837,1.49011611938477e-08,1.49011611938477e-08,1.85350703847975,15,35
1.441,1000,35,427.62811664636,524.052276637365,427.62811664636,13527.1325770686,13760.2545658035,14573.045007628,55.904558406915,62.1750656580958,50.2672687219273,-891.590276531215,-181.185206207094,1.49011611938477e-08,1.49011611938477e-08,1.89507555131646,0.497050805883952,1.49011611938477e-08,2.97361460966947,15,35
1.442,1000,35,628.231217159254,535.42836766369,628.231217159254,13435.5105964022,14168.3711075476,14237.6668623872,60.478197607297,63.4994096256762,50.4299847125828,-798.074031682507,-251.508321727736,1.49011611938477e-08,1.49011611938477e-08,1.94664448579221,0.82122860556864,1.49011611938477e-08,4.0694684478007,15,35
1.443,1000,35,608.880721959648,525.7330238751,608.880721959648,13787.8331934448,14191.4298001999,13865.2036258787,61.5673870168503,63.2168576135275,50.1947704234678,-653.376723409446,-280.766244433182,1.49011611938477e-08,1.49011611938477e-08,1.94255042174936,1.10087314345957,1.49011611938477e-08,4.16410197953724,15,35
1.444,1000,35,545.80942699911,344.509024640087,545.80942699911,14072.5375156851,13817.9525149509,13914.1345219531,60.6413954344264,60.8526340241545,50.114820630998,-487.279501968083,-195.237262618552,1.49011611938477e-08,1.49011611938477e-08,1.85058715673897,1.32769343342868,0.924814495650034,2.69264432524297,15,35
1.445,1000,35,615.748016776469,-449.174354569939,615.748016776469,13910.7406065895,13538.1486098464,14313.2484151398,60.1150307946784,56.5900293704174,50.6515067430706,-380.337640980694,-22.8702210839624,1.49011611938477e-08,1.49011611938477e-08,1.81735487483449,1.50264952154674,1.55119533062188,1.53696671078214,15,35
1.446,1000,35,611.245649547077,526.445491577589,611.245649547077,13473.6883505722,13731.352030739,14546.8406786981,59.3007938497757,51.4111955952411,49.7466914076398,-332.650848504771,104.777814796844,1.49011611938477e-08,1.49011611938477e-08,1.89297509174597,1.701461580988,1.69696048200628,1.10914377911179,15,35
1.447,1000,35,576.523634645261,225.837963420016,576.523634645261,13268.1954834429,14133.2783492493,14295.5036501918,58.8233328704394,47.1847882688014,48.1107584748393,-403.301848049792,164.329478416589,1.49011611938477e-08,1.49011611938477e-08,1.94426815325508,1.76710084550714,2.54034569885895,1.04485164552263,15,35
1.448,1000,35,518.644593094974,461.405867603755,518.644593094974,13564.6674681269,14216.5521748654,13857.0317462284,59.5009093401116,46.3511211618276,46.235620891242,-623.139604689137,95.9600747833419,1.49011611938477e-08,1.49011611938477e-08,1.95767811377449,1.5542674443219,3.09932432796046,1.2877209795785,15,35
1.449,1000,35,444.557674993934,522.389788311362,444.557674993934,13995.8186910416,13861.706832409,13803.6175916748,60.6613358401318,49.3948366347911,44.4295152096691,-845.923887115339,-148.415268978376,1.49011611938477e-08,1.49011611938477e-08,1.88021047711121,1.30241537993044,0.506930293302444,1.88398912233022,15,35
1.45,1000,35,423.658932533237,524.196259779603,423.658932533237,14030.3223654313,13489.9610824384,14214.3755143468,61.0281487735292,54.2395801935876,42.7177073743827,-890.703216100651,-440.386046381396,1.49011611938477e-08,1.49011611938477e-08,1.80095086797025,1.2191442925705,1.49011611938477e-08,2.26975069328434,15,35
1.451,1000,35,396.370292165403,525.515011852213,396.370292165403,13652.0764828325,13575.1175989317,14564.6896675385,60.2105101698699,58.7367281005145,40.914509611071,-799.401334311183,-585.844069348076,1.49011611938477e-08,1.49011611938477e-08,1.86109552924621,1.2375968701485,1.49011611938477e-08,2.03485353423257,15,35
1.452,1000,35,348.325088840205,527.11525658046,348.325088840205,13352.6376750737,13999.851191237,14429.2155273498,58.8435556641202,61.8403265221112,39.7445109595407,-684.564326231184,-569.768257777533,1.49011611938477e-08,1.49011611938477e-08,1.93265540529171,1.19561325231027,1.49011611938477e-08,2.55826289584035,15,35
1.453,1000,35,269.474246964096,529.499853616717,269.474246964096,13541.4917055704,14224.4127487213,13981.2196920596,58.321750659567,63.3283566370634,40.4408138909038,-601.862682731002,-439.635718585222,1.49011611938477e-08,1.49011611938477e-08,1.95376603019587,1.06502809021234,1.49011611938477e-08,8.26556881837638,15,35
1.454,1000,35,201.31194098327,531.54589343769,201.31194098327,13980.6542485663,13976.4598811807,13785.4430999325,58.6962512614117,63.3611595605154,43.1471477510885,-541.06438290838,-263.656952230529,1.49011611938477e-08,1.49011611938477e-08,1.89528805036015,1.0265055333267,0.273432966797554,4.85078147513775,15,35
1.455,1000,35,300.828177035309,528.587752339694,300.828177035309,14131.784402156,13567.8047243917,14094.5048891509,58.4931308565575,62.119518772939,46.835297817036,-461.472784264144,-130.224629501741,1.49011611938477e-08,1.49011611938477e-08,1.79119088778489,1.22524041814013,1.073707559104,2.38139749792744,15,35
1.456,1000,35,569.048618721927,166.744824270872,569.048618721927,13840.8306931123,13533.9860874752,14515.2891463688,55.5216034481232,59.7292168201637,49.8297010675963,-355.744689530037,-72.2700698470117,1.49011611938477e-08,1.49011611938477e-08,1.82744394163924,1.62859863368868,1.90442647181829,2.07510431833283,15,35
1.457,1000,35,622.519433579021,531.468528106499,622.519433579021,13498.9268614815,13918.6293416611,14541.4165170582,48.8273355221182,56.9773809687696,50.993241744852,-286.521385500806,-43.7946836527198,1.49011611938477e-08,1.49011611938477e-08,1.91918885537124,1.98352923162268,2.91149709186462,2.17547425155853,15,35
1.458,1000,35,602.766907254138,523.191482068357,602.766907254138,13566.3762887075,14221.6614897157,14159.2243951729,40.3582528270515,55.1812817701166,50.6590689474556,-360.868131047813,-0.65450971255611,1.49011611938477e-08,1.49011611938477e-08,1.95931148888183,1.6261680022338,3.12227551176503,1.95305511628092,15,35
1.459,1000,35,528.826727102324,428.789969535734,528.826727102324,13961.7481320319,14059.9835360904,13862.7404601543,36.4758927568951,55.2339868957878,50.1992969367113,-592.81030945096,39.6587198837662,1.49011611938477e-08,1.49011611938477e-08,1.92877405677759,0.672160486711748,1.36618178895378,1.3081763517246,15,35
1.46,1000,35,322.902767070737,527.883997576851,322.902767070737,14172.2893241292,13620.9966393754,14052.4110129423,41.1067384882204,57.1643638858594,50.3379193291779,-840.418849717682,3.64902194085808,1.49011611938477e-08,1.49011611938477e-08,1.81293895741452,1.49011611938477e-08,0.342407109619043,1.24547820099567,15,35
1.461,1000,35,255.610817495231,529.946035789756,255.610817495231,13949.2106928454,13459.1390635748,14487.3865838662,49.1975497649618,59.9916190675521,50.3107284491363,-928.325424619531,-99.3946929351191,1.49011611938477e-08,1.49011611938477e-08,1.80697838712217,1.49011611938477e-08,1.49011611938477e-08,1.97029561819241,15,35
1.462,1000,35,452.593062941471,521.371228549129,452.593062941471,13508.7283290337,13785.6916268442,14562.0295741929,56.1663612600989,62.3578845061405,50.1386543341534,-883.604308792302,-192.445424168271,1.49011611938477e-08,1.49011611938477e-08,1.89949521160275,0.522776341421426,1.49011611938477e-08,3.1323121146827,15,35
1.463,1000,35,625.981618832434,534.398061465943,625.981618832434,13446.2918890512,14182.0446676889,14210.0666328487,60.4977749976235,63.6198428262578,50.2600780376585,-786.981696543681,-261.004338928245,1.49011611938477e-08,1.49011611938477e-08,1.947929317049,0.840941846595817,1.49011611938477e-08,4.23601133421463,15,35
1.464,1000,35,606.726887835591,525.006829954519,606.726887835591,13810.2187492315,14175.1110804288,13852.8558356895,61.4150577445958,63.2521559484418,49.9979477064063,-639.826593073161,-283.607819115441,1.49011611938477e-08,1.49011611938477e-08,1.93944909785993,1.11550059740464,1.49011611938477e-08,4.20748253026949,15,35
1.465,1000,35,535.550885654005,401.444524092502,535.550885654005,14073.3449642958,13792.1843709037,13929.0176829535,60.5226407350439,60.7982332239366,49.9336592122037,-478.262752910041,-185.975845616821,1.49011611938477e-08,1.49011611938477e-08,1.84528345179181,1.33175939451156,0.959818589500391,2.60973909051429,15,35
1.466,1000,35,613.622385411726,-5971.49314907146,613.622385411726,13889.3888179126,13535.2076545735,14334.2809371114,60.0739442810772,56.4234977379057,50.4614388401393,-381.100911519447,-18.0834250834851,1.49011611938477e-08,1.49011611938477e-08,1.81985666792462,1.50417291036865,1.56947200016533,1.4809671739944,15,35
1.467,1000,35,610.406788548507,-5130.89604064825,610.406788548507,13449.1390326587,13753.6044349992,14543.1876583119,59.3046116629135,51.2636326862419,49.5676577877614,-336.786802065423,113.821609919505,1.49011611938477e-08,1.49011611938477e-08,1.89755874033738,1.69744447515444,1.70681077139528,1.07650951693939,15,35
1.468,1000,35,568.282644698794,161.748939785362,568.282644698794,13270.2480756347,14149.8992366897,14268.8362940707,58.8620694471096,47.2192130313935,47.9805635092356,-418.436261656176,164.941167577346,1.49011611938477e-08,1.49011611938477e-08,1.94582092493677,1.75037831125849,2.7145415091655,1.03473248544993,15,35
1.469,1000,35,504.830372373273,490.341198753256,504.830372373273,13587.0787424201,14205.9545172749,13838.2082130653,59.590191258108,46.7315348458241,46.1896459861024,-646.670019122451,83.9769276008808,1.49011611938477e-08,1.49011611938477e-08,1.9569726111245,1.52700332396158,2.72249808152381,1.3005641561138,15,35
1.47,1000,35,463.281794692051,518.8957145919,463.281794692051,14007.8856970121,13835.1319230521,13815.6621611634,60.7444802674229,49.9926426876402,44.4995278753317,-863.246862091025,-169.54953319824,1.49011611938477e-08,1.49011611938477e-08,1.8740896563656,1.2810774408818,0.404342714744745,1.90566005689762,15,35
1.471,1000,35,427.265320391856,523.954605518994,427.265320391856,14014.6405472439,13479.7904986031,14240.0289602693,61.050285269578,54.9091577272275,42.9342125501135,-898.10540363427,-445.595709485397,1.49011611938477e-08,1.49011611938477e-08,1.80170807431702,1.20741834048008,1.49011611938477e-08,2.2435657833694,15,35
1.472,1000,35,392.399834082096,525.665659192173,392.399834082096,13624.3788675071,13593.5472060642,14571.0741991162,60.2003518508751,59.3655847801639,41.2569294150126,-799.68867472531,-591.628339594164,1.49011611938477e-08,1.49011611938477e-08,1.86663879254684,1.22742680413795,1.49011611938477e-08,2.02829114642799,15,35
1.473,1000,35,335.307807374569,527.512545841808,335.307807374569,13346.8726092974,14021.918510458,14406.7568308057,58.889448792763,62.3970869491104,40.3065918803233,-686.579076157222,-565.54250133801,1.49011611938477e-08,1.49011611938477e-08,1.93494702352479,1.18163195560745,1.49011611938477e-08,2.6551029249124,15,35
1.474,1000,35,247.280961536959,530.163215594284,247.280961536959,13562.7277842481,14221.8493409908,13957.2777694205,58.4474565644274,63.8162478028464,41.20077448608,-605.401425144987,-429.847894351532,1.49011611938477e-08,1.49011611938477e-08,1.95353236053468,1.05504424078075,1.49011611938477e-08,9.41466051644405,15,35
1.475,1000,35,200.649696517404,531.564188480915,200.649696517404,14000.1870040105,13951.8437275992,13788.8576605653,58.8116540260494,63.8005314203828,43.9854561746322,-542.578790199931,-255.075284923191,1.49011611938477e-08,1.49011611938477e-08,1.88865754408549,1.03134222178216,0.319060676950523,4.56393845465374,15,35
1.476,1000,35,322.701041833441,527.944145854968,322.701041833441,14124.8660475147,13551.4395246017,14119.7766339379,58.433510323753,62.5074048907767,47.6103978067433,-462.780785835189,-131.449233414009,1.49011611938477e-08,1.49011611938477e-08,1.78910608618684,1.24447431621978,1.11335993758642,2.3624535894762,15,35
1.477,1000,35,581.982528048654,24.6145856586003,581.982528048654,13817.914439,13547.091913811,14528.5100893903,55.1452390474043,60.0203229278708,50.4382765291157,-349.723461399467,-72.2184239904502,1.49011611938477e-08,1.49011611938477e-08,1.83312148814777,1.65352532292268,1.96224046801693,2.08965161736908,15,35
1.478,1000,35,621.579664225172,530.928115081825,621.579664225172,13488.9648262756,13942.9975780399,14526.7209919469,48.131259928983,57.3039998382095,51.432164264692,-286.656380397498,-43.3069373349204,1.49011611938477e-08,1.49011611938477e-08,1.92294032127671,1.98434029697013,2.99737350986212,2.18040137523283,15,35
1.479,1000,35,599.009007881178,519.743885173676,599.009007881178,13583.0590617088,14225.3108466277,14132.2905904963,39.7238555762982,55.616607907507,51.0533658351541,-373.263918174072,1.6906162431448,1.49011611938477e-08,1.49011611938477e-08,1.96015339431867,1.56575973409646,3.03438607189385,1.90998534258052,15,35
1.48,1000,35,516.183548514784,467.241532988798,516.183548514784,13982.5608817336,14038.1149528325,13857.6070558242,36.3661495025286,55.7916541969643,50.6395927219172,-613.065705785479,38.6105633839726,1.49011611938477e-08,1.49011611938477e-08,1.92337741302732,0.614353846257996,1.29280252188537,1.27141127016065,15,35
1.481,1000,35,325.831561275262,527.795058601246,325.831561275262,14171.428817883,13599.6270406996,14074.5595163679,41.4699030943808,57.7883775040305,50.808729750282,-845.747655087347,0.38662676007058,1.49011611938477e-08,1.49011611938477e-08,1.8082531068132,1.49011611938477e-08,0.274486794894408,1.27417074095926,15,35
1.482,1000,35,259.950179238369,529.786688347658,259.950179238369,13928.0458255884,13466.0516912405,14507.2880148469,49.5364374361118,60.6109476870136,50.6865521756998,-929.603235783021,-109.982018695113,1.49011611938477e-08,1.49011611938477e-08,1.81109241649117,0.0711623841797769,1.49011611938477e-08,2.05598685127466,15,35
1.483,1000,35,462.632989073858,519.633325101222,462.632989073858,13493.581474871,13811.6143673309,14552.4918901398,56.4364290553444,62.9272906340756,50.4591205342981,-878.601102784585,-202.133417291781,1.49011611938477e-08,1.49011611938477e-08,1.90373964044518,0.543037930375337,1.49011611938477e-08,3.28225927908128,15,35
1.484,1000,35,626.712842561289,534.237716587818,626.712842561289,13460.3068684991,14194.2688644793,14184.9386530365,60.6517708898922,64.1030869900329,50.5144841360336,-777.058997249534,-269.814413211773,1.49011611938477e-08,1.49011611938477e-08,1.94920711982027,0.861605401779812,1.49011611938477e-08,4.43783527241341,15,35
1.485,1000,35,605.416048780274,524.515257056957,605.416048780274,13836.6581536175,14163.5385644969,13844.0878735989,61.4526630169975,63.5811650128007,50.1945356696092,-623.983206241129,-285.868817284946,1.49011611938477e-08,1.49011611938477e-08,1.9360706910551,1.13802471246617,1.49011611938477e-08,4.29083690087402,15,35
1.486,1000,35,531.38540591791,418.33661488673,531.38540591791,14077.7348200929,13771.1658594516,13945.6617210401,60.5238162208974,60.9327486551623,50.1205813999491,-467.963241478931,-186.400825701588,1.49011611938477e-08,1.49011611938477e-08,1.8399517977901,1.35692827021593,1.0088480827349,2.57941480037944,15,35
1.487,1000,35,618.81827017531,529.666254366169,618.81827017531,13874.9342406408,13535.3728749768,14361.6671921771,60.010399625256,56.4696452150405,50.4124202486765,-364.871191143346,-9.80894905441907,1.49011611938477e-08,1.49011611938477e-08,1.82202448609544,1.53654704912521,1.58404118160593,1.47773771265899,15,35
1.488,1000,35,606.290813637799,524.959601873323,606.290813637799,13433.681127281,13777.1565178482,14544.2925859244,59.2131595517944,51.2843552113262,49.2827488995127,-325.867325136969,119.986985592066,1.49011611938477e-08,1.49011611938477e-08,1.90140333685391,1.73227943841428,1.69267548369146,1.08625513478477,15,35
1.489,1000,35,568.277221364837,166.986735105463,568.277221364837,13282.5188254486,14166.1936733525,14246.5180440646,58.8727204371247,47.340791088378,47.5098140739029,-418.664961477315,168.145797304962,1.49011611938477e-08,1.49011611938477e-08,1.94699288149483,1.76692410263372,2.82266409174352,1.05119779191333,15,35
1.49,1000,35,506.412932610301,486.895995890091,506.412932610301,13621.7664803601,14195.5061676412,13825.9985518419,59.7253497194539,46.9770731202004,45.5680205104355,-653.716093655536,79.3919556293024,1.49011611938477e-08,1.49011611938477e-08,1.95515772783943,1.52029766203755,2.53808026851102,1.32737353529443,15,35
1.491,1000,35,446.717869194547,522.12037213105,446.717869194547,14029.0080336429,13810.0770854187,13835.6613526249,60.9426067806679,50.337046868211,43.7211518940733,-858.312397095915,-164.641555134474,1.49011611938477e-08,1.49011611938477e-08,1.86608774774891,1.26845713121234,0.338005013218465,1.95265751834175,15,35
1.492,1000,35,427.928635150024,523.910927380891,427.928635150024,14004.0379250142,13472.464745638,14270.6253124151,61.3113250737329,55.2190213096643,41.9514167700211,-892.692554796055,-449.134719502195,1.49011611938477e-08,1.49011611938477e-08,1.80148027243083,1.18871126379161,1.49011611938477e-08,2.2793895601578,15,35
1.493,1000,35,403.040871929994,525.24393512245,403.040871929994,13605.2304863381,13614.5248396097,14578.9869683255,60.5062145676519,59.5988533768981,40.1612492420823,-792.4872179899,-582.640363086084,1.49011611938477e-08,1.49011611938477e-08,1.87143779953303,1.19792480476079,1.49011611938477e-08,2.08562999253818,15,35
1.494,1000,35,352.994758221574,526.969855889492,352.994758221574,13349.4700326631,14044.7858120638,14388.5816741963,59.2841939791694,62.5278571441265,39.2309575520327,-681.409589313675,-548.435829458497,1.49011611938477e-08,1.49011611938477e-08,1.93696397548281,1.13797955787188,1.49011611938477e-08,2.84679842138852,15,35
1.495,1000,35,272.420724201419,529.392706883905,272.420724201419,13589.7487131756,14219.1832200358,13940.8023055546,58.9300080138158,63.8480596681772,40.2950500165057,-602.279924452864,-408.127269935462,1.49011611938477e-08,1.49011611938477e-08,1.95311408629632,1.01151683481308,1.49011611938477e-08,12.2418169353657,15,35
1.496,1000,35,208.891485814817,531.316927662854,208.891485814817,14020.5764321907,13928.1610011915,13801.4533472535,59.347446738157,63.727642147751,43.3477877336445,-544.69845420038,-240.60592358375,1.49011611938477e-08,1.49011611938477e-08,1.88194362435207,1.00562840929076,0.377008873668265,3.9607587348724,15,35
1.497,1000,35,331.373193764173,527.683188576568,331.373193764173,14117.7066599756,13537.8749799625,14151.1781911918,58.9418995566128,62.3425188259327,47.1964872694455,-461.625208990286,-112.768167583483,1.49011611938477e-08,1.49011611938477e-08,1.78774138848861,1.23817723262244,1.15898915012057,2.20211780338713,15,35
1.498,1000,35,603.431679308688,-260.856541240776,603.431679308688,13793.5655558625,13562.6338486016,14546.7937284036,55.5758984762122,59.8346769766867,50.1182174856776,-349.684938403346,-57.5867151359362,1.49011611938477e-08,1.49011611938477e-08,1.83882816281333,1.65595964630385,2.00893110979014,1.99645018891886,15,35
1.499,1000,35,621.512769788048,530.898248191385,621.512769788048,13480.8885604813,13967.8522797519,14516.4042460328,48.5428038267598,57.1014316526112,51.1282261566654,-293.610908763163,-29.6203992470635,1.49011611938477e-08,1.49011611938477e-08,1.92651910358604,1.97228369672532,3.057067920511,2.09254683606574,15,35
1.5,1000,35,599.686457339663,520.665793551812,599.686457339663,13601.56277684,14228.8893750473,14113.9742212646,40.2586787086557,55.4638668171144,50.7440887515209,-391.281505943462,15.7513897567945,1.49011611938477e-08,1.49011611938477e-08,1.9610487936492,1.51414513307704,2.95498463017719,1.81525468882135,15,35
