Time,Irradiance,Temp,Vpv,Ipv,Vdc,Vrms_1,Vrms_2,Vrms_3,Irms_1,Irms_2,Irms_3,Pac,Q,THDv_1,THDv_2,THDv_3,THDi_1,THDi_2,THDi_3,ScenarioID,SetTemp
0,1000,35,480.05010315915,537.498797536392,480.05010315915,120,120,120,120,120,120,0,0,1.49011611938477e-08,1.49011611938477e-08,1.49011611938477e-08,1.49011611938477e-08,1.49011611938477e-08,1.49011611938477e-08,11,35
0.001,1000,35,487.807361780193,508.155574512,487.807361780193,120,120,120,120,120,120,0,0,1.49011611938477e-08,1.49011611938477e-08,1.49011611938477e-08,1.49011611938477e-08,1.49011611938477e-08,1.49011611938477e-08,11,35
0.002,1000,35,473.445983323679,515.78399727299,473.445983323679,120,120,120,120,120,120,0,0,1.49011611938477e-08,1.49011611938477e-08,1.49011611938477e-08,1.49011611938477e-08,1.49011611938477e-08,1.49011611938477e-08,11,35
0.003,1000,35,439.463997373312,522.946335841079,439.463997373312,120,120,120,120,120,120,0,0,1.49011611938477e-08,1.49011611938477e-08,1.49011611938477e-08,1.49011611938477e-08,1.49011611938477e-08,1.49011611938477e-08,11,35
0.004,1000,35,413.650142437182,524.744331379765,413.650142437182,120,120,120,120,120,120,0,0,1.49011611938477e-08,1.49011611938477e-08,1.49011611938477e-08,1.49011611938477e-08,1.49011611938477e-08,1.49011611938477e-08,11,35
0.005,1000,35,390.511801844439,525.746678184121,390.511801844439,120,120,120,120,120,120,0,0,1.49011611938477e-08,1.49011611938477e-08,1.49011611938477e-08,1.49011611938477e-08,1.49011611938477e-08,1.49011611938477e-08,11,35
0.006,1000,35,381.955233336423,526.0402345076,381.955233336423,120,120,120,120,120,120,0,0,1.49011611938477e-08,1.49011611938477e-08,1.49011611938477e-08,1.49011611938477e-08,1.49011611938477e-08,1.49011611938477e-08,11,35
0.007,1000,35,440.352686460644,522.866199175112,440.352686460644,120,120,120,120,120,120,0,0,1.49011611938477e-08,1.49011611938477e-08,1.49011611938477e-08,1.49011611938477e-08,1.49011611938477e-08,1.49011611938477e-08,11,35
0.008,1000,35,439.891552808165,522.8633235909,439.891552808165,120,120,120,120,120,120,0,0,1.49011611938477e-08,1.49011611938477e-08,1.49011611938477e-08,1.49011611938477e-08,1.49011611938477e-08,1.49011611938477e-08,11,35
0.009,1000,35,453.057021760915,521.178867283215,453.057021760915,120,120,120,120,120,120,0,0,1.49011611938477e-08,1.49011611938477e-08,1.49011611938477e-08,1.49011611938477e-08,1.49011611938477e-08,1.49011611938477e-08,11,35
0.01,1000,35,455.06176341354,520.826702370777,455.06176341354,120,120,120,120,120,120,0,0,1.49011611938477e-08,1.49011611938477e-08,1.49011611938477e-08,1.49011611938477e-08,1.49011611938477e-08,1.49011611938477e-08,11,35
0.011,1000,35,427.657918664806,523.930112641675,427.657918664806,120,120,120,120,120,120,0,0,1.49011611938477e-08,1.49011611938477e-08,1.49011611938477e-08,1.49011611938477e-08,1.49011611938477e-08,1.49011611938477e-08,11,35
0.012,1000,35,379.520620731848,526.127660779731,379.520620731848,120,120,120,120,120,120,0,0,1.49011611938477e-08,1.49011611938477e-08,1.49011611938477e-08,1.49011611938477e-08,1.49011611938477e-08,1.49011611938477e-08,11,35
0.013,1000,35,277.692629665805,529.238560869013,277.692629665805,120,120,120,120,120,120,0,0,1.49011611938477e-08,1.49011611938477e-08,1.49011611938477e-08,1.49011611938477e-08,1.49011611938477e-08,1.49011611938477e-08,11,35
0.014,1000,35,245.387505736326,530.218616309113,245.387505736326,120,120,120,120,120,120,0,0,1.49011611938477e-08,1.49011611938477e-08,1.49011611938477e-08,1.49011611938477e-08,1.49011611938477e-08,1.49011611938477e-08,11,35
0.015,1000,35,267.806354620155,529.567160767993,267.806354620155,120,120,120,120,120,120,0,0,1.49011611938477e-08,1.49011611938477e-08,1.49011611938477e-08,1.49011611938477e-08,1.49011611938477e-08,1.49011611938477e-08,11,35
0.016,1000,35,271.121821979752,529.478904917318,271.121821979752,120,120,120,120,120,120,0,0,1.49011611938477e-08,1.49011611938477e-08,1.49011611938477e-08,1.49011611938477e-08,1.49011611938477e-08,1.49011611938477e-08,11,35
0.017,1000,35,405.663532441618,525.141350719775,405.663532441618,13648.990022625,13842.5259857297,14471.3661685157,54.3836954056257,68.0521969283968,15.9652435919241,-665.458268797588,-393.468656464991,1.49011611938477e-08,1.49011611938477e-08,1.891384341263,1.49011611938477e-08,1.49011611938477e-08,0.567955096167891,11,35
0.018,1000,35,446.855872149607,522.097073151296,446.855872149607,13674.6262383849,14195.7347273922,14081.4631714763,56.9650781575545,70.2513227371443,15.9678509614222,-561.664507755735,-429.531723454657,1.49011611938477e-08,1.49011611938477e-08,1.93878933170023,1.49011611938477e-08,1.49011611938477e-08,0.600539904477868,11,35
0.019,1000,35,412.326985539534,524.817999754749,412.326985539534,14105.6783970618,14120.2018751935,13766.8040334644,58.3232083284057,70.9735608061555,15.8384996692096,-373.644259700169,-454.500401413862,1.49011611938477e-08,1.49011611938477e-08,1.9008865952636,0.294613477941016,1.49011611938477e-08,0.93021921196837,11,35
0.02,1000,35,308.271504289071,528.329834214146,308.271504289071,14402.5848921366,13720.7330650468,13938.7410435748,58.7082048480448,70.2510908892192,15.6449814956905,-118.770496506952,-417.534113129785,1.49011611938477e-08,1.49011611938477e-08,1.77533398791499,1.24050679853796,0.730215254675238,1.39418989453509,11,35
0.021,1000,35,251.480808983505,530.030941858863,251.480808983505,14194.6424449664,13519.9966773997,14350.1829372169,58.6277290337694,68.3736524782724,14.3018871102522,70.6667022502057,-293.810505717086,1.49011611938477e-08,1.49011611938477e-08,1.77067362355536,2.04591523413491,1.68769801454082,2.4050283120898,11,35
0.022,1000,35,224.323052817816,530.841574468433,224.323052817816,13782.6164177658,13787.4875908204,14477.9383444261,57.9071832877848,66.4519700165656,12.9807728432362,123.664754875691,-166.247567640802,1.49011611938477e-08,1.49011611938477e-08,1.87222719857316,2.71121772936825,2.74503810206692,4.41486431080182,11,35
0.023,1000,35,162.529855592024,532.681588795986,162.529855592024,13689.0958899498,14168.1673743824,14139.69639385,57.0851450694226,65.9036086613952,13.6005541245998,3.5624925722211,-113.163715125694,1.49011611938477e-08,1.49011611938477e-08,1.93528662773239,8.13332081151518,7.60741087040379,2.86395755367159,11,35
0.024,1000,35,48.2180268920707,536.09677146566,48.2180268920707,14041.364546366,14166.6963120001,13735.0146059805,58.1150480034697,67.862436019832,14.5781782726366,-272.49343944545,-169.179072027462,1.49011611938477e-08,1.49011611938477e-08,1.92163870561103,2.57792633655221,1.16191260321003,0.918597651807232,11,35
0.025,1000,35,18.0940368782701,537.039817678614,18.0940368782701,14368.6749580688,13762.7697670118,13778.4504864454,60.9694503720265,71.8546273371925,15.2904094070091,-569.254325495918,-320.258424153414,1.49011611938477e-08,1.49011611938477e-08,1.80090300701517,0.522781453932569,1.49011611938477e-08,1.49011611938477e-08,11,35
0.026,1000,35,69.2176248522502,535.509041181816,69.2176248522502,14232.930513489,13449.7800548345,14182.0862802571,65.2026557638209,76.509855587352,15.4215842231428,-743.060861998248,-460.724575628328,1.49011611938477e-08,1.49011611938477e-08,1.75453139544357,1.49011611938477e-08,1.49011611938477e-08,1.49011611938477e-08,11,35
0.027,1000,35,219.144367824487,531.044866519795,219.144367824487,13776.440648602,13629.6570862413,14410.3772965317,69.8709450260657,80.5500205524331,15.3422493419672,-788.503141303838,-548.283373387329,1.49011611938477e-08,1.49011611938477e-08,1.84798879448612,1.49011611938477e-08,1.49011611938477e-08,1.49011611938477e-08,11,35
0.028,1000,35,426.125510088876,524.101529484588,426.125510088876,13550.1859587947,14072.0069688522,14182.3793056154,73.2696824122227,83.1465570053821,15.3131029604785,-715.946935056975,-617.146899377256,1.49011611938477e-08,1.49011611938477e-08,1.92695661053799,1.49011611938477e-08,1.49011611938477e-08,1.49011611938477e-08,11,35
0.029,1000,35,559.744466778983,246.753807189235,559.744466778983,13812.2048980769,14228.5225200366,13769.255082228,74.2030707631632,83.9331843825868,15.268579741174,-530.96960966453,-654.426522501485,1.49011611938477e-08,1.49011611938477e-08,1.93764840518229,1.49011611938477e-08,1.49011611938477e-08,1.49011611938477e-08,11,35
0.03,1000,35,564.835280070436,200.280483228587,564.835280070436,14183.1277101197,13928.0561606217,13679.7952748234,72.7582513492139,82.808122814231,17.3188908585437,-287.765683062184,-576.7336419146,1.49011611938477e-08,1.49011611938477e-08,1.84781015991232,0.686731422814737,1.49011611938477e-08,0.896863143495947,11,35
0.031,1000,35,612.032532617892,526.572096881201,612.032532617892,14197.8184713226,13555.8358943168,14055.0486555041,70.3285279017336,79.9839892439824,20.0541737371395,-86.5530333523524,-428.955770558018,1.49011611938477e-08,1.49011611938477e-08,1.76778270135076,1.58073672362499,1.17886452627191,3.32291451465612,11,35
0.032,1000,35,608.346815671428,525.447501895286,608.346815671428,13824.3000069918,13618.7888371951,14427.4491796106,67.3711276733726,76.243648845356,20.9762877509594,41.4989335995984,-295.610266320713,1.49011611938477e-08,1.49011611938477e-08,1.83519886805103,2.13655850342606,2.17154167403658,5.28243202095671,11,35
0.033,1000,35,587.594809949789,459.912039637573,587.594809949789,13529.6018220639,14039.2629040772,14353.7219872373,63.5328135866433,72.6251109961354,21.2848760046209,53.760138811788,-212.146814363482,1.49011611938477e-08,1.49011611938477e-08,1.92286255575425,2.8046686157165,3.57416489658008,4.17381969856469,11,35
0.034,1000,35,537.912190293656,390.589274096702,537.912190293656,13691.1992911369,14269.3749586566,13928.7223741625,60.9743845086427,70.3180920635548,21.297721223939,-101.579556844005,-149.538694947516,1.49011611938477e-08,1.49011611938477e-08,1.94969505019421,5.21163498671375,6.26281598280918,3.93919597440772,11,35
0.035,1000,35,468.73108071291,517.304268658056,468.73108071291,14092.6813025521,14014.9175514959,13731.7430754561,61.2007969561275,70.1527802353548,21.333980105427,-397.797621858684,-138.560228602177,1.49011611938477e-08,1.49011611938477e-08,1.88979643302975,1.94203392657418,1.40055406874642,4.28729355639539,11,35
0.036,1000,35,366.229843753499,526.549053094898,366.229843753499,14176.0210449159,13579.2659115642,14014.5783912627,63.8591120232239,71.7971443655664,21.5331342096567,-683.213774616253,-181.902926350299,1.49011611938477e-08,1.49011611938477e-08,1.78768350832475,0.583541746928017,1.49011611938477e-08,4.68018668197924,11,35
0.037,1000,35,338.751738435629,527.447027283168,338.751738435629,13797.026131555,13510.1079538389,14392.4592249404,68.4876053958312,74.076256144573,22.4988410754919,-869.389527776159,-246.59034510316,1.49011611938477e-08,1.49011611938477e-08,1.82265791320516,1.49011611938477e-08,1.49011611938477e-08,3.49313656533422,11,35
0.038,1000,35,550.886770858668,321.006914185568,550.886770858668,13401.362578493,13898.948376621,14414.9499528201,72.7077646145382,75.6763405252168,23.8564156144493,-891.540438803918,-334.344863830237,1.49011611938477e-08,1.49011611938477e-08,1.91300321635486,1.49011611938477e-08,1.49011611938477e-08,3.25941077258761,11,35
0.039,1000,35,602.300667426848,-3240.992219355,602.300667426848,13449.6532128954,14247.9130785076,14060.0311782278,74.5385105264334,75.7777427086386,24.0055454580557,-769.303040147987,-417.873396343076,1.49011611938477e-08,1.49011611938477e-08,1.95195409224692,0.302076393033618,1.49011611938477e-08,3.53656023363695,11,35
0.04,1000,35,596.04396267554,-2237.20834674109,596.04396267554,13867.1189319096,14149.0949243172,13771.6423078755,74.5696198481559,74.091900755673,23.0751715364219,-527.661320763569,-435.083479103366,1.49011611938477e-08,1.49011611938477e-08,1.92787174399447,0.775582075103356,0.391390856426996,3.56213896744785,11,35
0.041,1000,35,520.809062110423,455.593457083635,520.809062110423,14154.7158149193,13737.9349858636,13985.2781584504,73.1694398850914,70.4899957882499,21.9981404104739,-247.668053016271,-358.914220870319,1.49011611938477e-08,1.49011611938477e-08,1.81729594494334,1.27276706710836,1.17925863523226,2.59494510555697,11,35
0.042,1000,35,404.727395512524,525.150822757206,404.727395512524,13960.7696185426,13558.6254498775,14439.5497637114,70.9681988551111,65.4684048973839,21.5818370396405,13.4418143693804,-234.252281721392,1.49011611938477e-08,1.49011611938477e-08,1.81000658153528,1.76683793342982,1.25157814639449,2.20490601654681,11,35
0.043,1000,35,291.65910203966,528.842468911659,291.65910203966,13562.4428625761,13845.2670814705,14570.218252368,67.9074019461641,60.2740540607607,21.7485783104192,124.398636137656,-99.350575512884,1.49011611938477e-08,1.49011611938477e-08,1.89720857334657,2.27150619739636,0.991421286805493,2.09164233152723,11,35
0.044,1000,35,266.816647481349,529.574233598479,266.816647481349,13502.3968342662,14217.3592658651,14226.4454736329,64.682762951847,56.7920563109241,21.7702539284415,18.4300178978073,9.25585644381436,1.49011611938477e-08,1.49011611938477e-08,1.94634616049739,3.9844870970198,1.84710276034541,2.10874198816066,11,35
0.045,1000,35,252.291891696376,530.021317586918,252.291891696376,13888.9676583502,14193.4354033704,13837.3129210299,63.0246271467729,56.2181362568705,22.0643418806678,-278.64577533143,32.4046440813154,1.49011611938477e-08,1.49011611938477e-08,1.93759379774982,2.60651923174342,3.83658248995829,2.5212675432667,11,35
0.046,1000,35,167.348139383029,532.565538817263,167.348139383029,14231.642517346,13780.0202654311,13900.440292849,64.8548506880703,58.6695026710236,21.9269944320428,-593.105794708772,-72.4352844819887,1.49011611938477e-08,1.49011611938477e-08,1.82086034066783,0.997562490845481,0.217971059923662,3.61238028611493,11,35
0.047,1000,35,169.67604020994,532.484598216244,169.67604020994,14119.8217573137,13491.5103333125,14322.3198444839,69.2195166516063,62.7089476946227,19.2965877824566,-764.023070442156,-257.561374247702,1.49011611938477e-08,1.49011611938477e-08,1.77462463806628,0.333844878049175,1.49011611938477e-08,4.17564983718358,11,35
0.048,1000,35,308.790134231361,528.362993547838,308.790134231361,13678.0403778569,13697.3547404085,14529.5772798628,73.7502547463318,66.4804246125644,16.5791414885403,-764.422459652412,-373.689341306469,1.49011611938477e-08,1.49011611938477e-08,1.86632045233793,1.49011611938477e-08,1.49011611938477e-08,2.73579558819434,11,35
0.049,1000,35,518.201867171046,465.758579834304,518.201867171046,13476.9515350869,14121.4558708647,14261.3540513935,76.8933183361174,69.0354047476526,15.4666947406719,-674.586565212021,-429.852714470193,1.49011611938477e-08,1.49011611938477e-08,1.93668134205232,1.49011611938477e-08,1.49011611938477e-08,2.21673224744197,11,35
0.05,1000,35,598.869769030373,519.485245541695,598.869769030373,13756.8858527721,14231.0326620251,13829.4194404446,77.8151168855095,70.1760450928532,15.4537188943677,-531.266591945113,-445.508943995058,1.49011611938477e-08,1.49011611938477e-08,1.94459885292997,1.49011611938477e-08,1.49011611938477e-08,3.05278776893186,11,35
0.051,1000,35,540.607520734139,378.056098330561,540.607520734139,14119.0336610911,13903.1028042567,13757.8362675744,76.9335654433669,69.9177859920238,18.2742586175728,-377.305684369593,-388.567579766164,1.49011611938477e-08,1.49011611938477e-08,1.85490284430681,0.746564980913863,0.266728143496448,6.60158757795409,11,35
0.052,1000,35,617.627395827342,-7464.04735278733,617.627395827342,14119.9725348394,13549.5149350793,14153.0714717335,74.9733197261569,68.0820675361527,22.6010495186818,-224.760783916049,-289.083597990218,1.49011611938477e-08,1.49011611938477e-08,1.7803983712695,1.56132799470813,1.27749518380895,3.72608952640072,11,35
0.053,1000,35,615.047440541319,-6591.8331387186,615.047440541319,13762.7410291621,13645.7931040338,14521.8415832935,71.0647245475549,65.043454103182,24.0170659695311,-90.6804692604721,-224.55455644269,1.49011611938477e-08,1.49011611938477e-08,1.84798394510742,2.39764830154769,2.14547812685048,3.6814949219894,11,35
0.054,1000,35,600.011757328099,-2891.78657328528,600.011757328099,13490.8302932816,14074.1581068022,14422.526617125,65.1848446573646,61.7796949316581,23.2959608238031,-45.5518827418291,-166.902566472773,1.49011611938477e-08,1.49011611938477e-08,1.92981169265466,3.34405102465831,3.2968411055786,4.35907828221121,11,35
0.055,1000,35,557.888583267698,258.125372016146,557.888583267698,13677.3526148424,14290.3263069025,13996.0159349506,60.2857227256864,59.3042684133719,22.1827078164531,-160.204390353033,-79.9652248924425,1.49011611938477e-08,1.49011611938477e-08,1.9544046420885,3.7602200241128,5.10493586946797,4.01351575063683,11,35
0.056,1000,35,471.927022627149,516.255970792144,471.927022627149,14077.8613890761,14022.0207683726,13809.6812881543,59.551951657536,58.3167593708028,22.6221530038205,-396.465013664558,-11.6066791778319,1.49011611938477e-08,1.49011611938477e-08,1.89197349148248,1.69359581474655,2.09071743772317,2.50107374208824,11,35
0.057,1000,35,424.875134737607,524.072898937164,424.875134737607,14175.2424587876,13595.2027076319,14116.8893529445,62.2905135325036,58.7592055870602,24.0686920633195,-648.665087226189,-22.0407099864308,1.49011611938477e-08,1.49011611938477e-08,1.78880885050552,0.757404373160962,0.853753224292914,1.87322252606419,11,35
0.058,1000,35,404.532980225742,525.228113441356,404.532980225742,13757.3586236671,13562.187686804,14456.6387718867,66.6302114495388,59.9718770924542,26.5358784496525,-797.242403832288,-60.2100498863816,1.49011611938477e-08,1.49011611938477e-08,1.83460578906057,0.299314470426655,0.253582392268952,1.55440463587277,11,35
0.059,1000,35,590.158198563553,-80.1093459028774,590.158198563553,13357.025610182,13959.4847647159,14411.8209867507,70.556858631108,60.8515515223299,29.406287472011,-829.365284845437,-136.233474459287,1.49011611938477e-08,1.49011611938477e-08,1.92064532488015,0.339228948801517,1.49011611938477e-08,1.68021356247403,11,35
0.06,1000,35,620.562885318692,-8958.99618123206,620.562885318692,13425.5158494078,14289.300625426,14037.5043645733,71.5699722699938,60.4657025722804,30.7485387627133,-747.120368612455,-251.921297958132,1.49011611938477e-08,1.49011611938477e-08,1.95504500571001,0.638864262936177,0.447341950048668,2.05427285912894,11,35
0.061,1000,35,598.673469695861,519.252718083094,598.673469695861,13821.6057586049,14152.6071414649,13779.3982449242,70.5378105088033,58.4714447330514,30.8847572140604,-586.898170145,-309.926647215167,1.49011611938477e-08,1.49011611938477e-08,1.93224547324964,0.957905880794269,0.99542940578436,2.16798634544388,11,35
0.062,1000,35,581.910161576764,303.978799850345,581.910161576764,14045.4178786689,13735.5208107348,14007.5184632371,68.6308490327556,54.8606864780307,30.7013585335281,-389.231749202933,-266.71393316891,1.49011611938477e-08,1.49011611938477e-08,1.83192956205413,1.30464420914969,1.6246195758353,1.84190841642214,11,35
0.063,1000,35,548.410272257929,329.612036334235,548.410272257929,13830.1337409011,13586.4220958089,14467.295940764,65.2586153127101,49.3978816863325,30.7259777356152,-183.150888424133,-196.328290368135,1.49011611938477e-08,1.49011611938477e-08,1.83060312167521,1.74260018060029,1.80572634228,1.79677082747015,11,35
0.064,1000,35,475.766656728204,514.855633036985,475.766656728204,13439.4831561968,13901.1490174886,14598.4578060712,60.476686153827,42.8420626642284,31.2157383925637,-64.6301847591544,-96.4108231813113,1.49011611938477e-08,1.49011611938477e-08,1.91054679105775,2.2347458007457,1.56975760617816,1.89420072969647,11,35
0.065,1000,35,457.104463327238,520.512772362933,457.104463327238,13402.9526709547,14257.1723399273,14242.5756527412,56.074798125132,37.1052460274037,31.4648381107288,-129.870404732442,22.8460911405923,1.49011611938477e-08,1.49011611938477e-08,1.95048952270006,2.7259549891342,2.13931106518353,1.80130292165877,11,35
0.066,1000,35,471.332444050012,516.788309928549,471.332444050012,13815.2946032828,14206.1855212928,13863.9584643993,53.8801777631583,34.3265536902887,31.4420163452514,-350.255771212202,73.8563617600985,1.49011611938477e-08,1.49011611938477e-08,1.94272954625663,1.8660955350014,4.14973310570287,1.74723894104214,11,35
0.067,1000,35,456.886641456836,520.359778081647,456.886641456836,14157.1003682781,13787.8465142759,13957.5105897783,54.9873621377143,35.1665200180154,31.0974792236512,-597.422161895155,-6.87212533534802,1.49011611938477e-08,1.49011611938477e-08,1.83073703056628,1.06560083191725,0.823054928464453,2.0126294536443,11,35
0.068,1000,35,445.64710370396,522.27159492616,445.64710370396,14036.5640260113,13521.9994889055,14396.0257463125,58.024764541649,38.2332662393271,28.6424456555966,-697.465295186317,-166.317505944632,1.49011611938477e-08,1.49011611938477e-08,1.79103221224874,0.728927948639425,1.49011611938477e-08,2.61887373682149,11,35
0.069,1000,35,565.726712547231,195.920720036381,565.726712547231,13601.943617171,13753.3003851184,14590.37118467,60.4705883709385,41.3212444153847,26.0343276655039,-661.658402606106,-256.449057966733,1.49011611938477e-08,1.49011611938477e-08,1.88122649226711,0.567798829780242,1.49011611938477e-08,3.14434964622219,11,35
0.07,1000,35,603.599007294761,523.591766998618,603.599007294761,13429.3884372091,14167.2157122274,14316.3907303868,61.434488284991,43.1945386126861,24.8358832595056,-592.71799010481,-264.446952183138,1.49011611938477e-08,1.49011611938477e-08,1.94302671254829,0.436946120858284,1.49011611938477e-08,3.30458513554896,11,35
0.071,1000,35,550.739291312485,312.451473199518,550.739291312485,13727.1349760543,14238.8148634522,13893.615301385,61.509869566672,43.8049443068374,25.395647708612,-543.518935144333,-219.644152744295,1.49011611938477e-08,1.49011611938477e-08,1.94998399080459,0.446301008607409,0.243199576324701,2.47919877376773,11,35
0.072,1000,35,509.652119314257,482.851277048852,509.652119314257,14104.6421572095,13874.8236342412,13852.0292717095,61.5216299757568,43.4998827837529,28.0328901582789,-509.736052887424,-155.044525087026,1.49011611938477e-08,1.49011611938477e-08,1.85699781734038,0.763156389624021,0.722923495809333,1.85446308168111,11,35
0.073,1000,35,608.858807270143,-4648.90743124011,608.858807270143,14091.3735753614,13528.4318394437,14265.0494994767,60.5864384627273,42.3118515147574,29.8371771778146,-435.700961768296,-139.247410018433,1.49011611938477e-08,1.49011611938477e-08,1.78610892720908,1.2165573947064,1.24213744109351,1.89081319201474,11,35
0.074,1000,35,618.052489989042,-7667.03667747421,618.052489989042,13711.9648953359,13653.6790669376,14611.7199741451,57.5633504592043,40.3647959743845,29.5388391084314,-324.547376073099,-141.679612560189,1.49011611938477e-08,1.49011611938477e-08,1.85705698746113,1.75762194760643,1.85555521159246,2.29025349856324,11,35
0.075,1000,35,603.515009383215,-3505.36421416713,603.515009383215,13466.0310518628,14086.9532682154,14495.9057382726,51.6282643924673,38.0399768415763,27.0186558113969,-255.513951445097,-107.810792055857,1.49011611938477e-08,1.49011611938477e-08,1.93408555372792,2.1571341419521,2.41344305375285,2.5674374450614,11,35
0.076,1000,35,582.256409230727,-527.71781589325,582.256409230727,13687.1214808621,14285.3800880022,14070.808780182,45.5973528578746,36.2807114509354,23.8218535961737,-295.526564081854,-19.7521987773805,1.49011611938477e-08,1.49011611938477e-08,1.95678170636041,1.80514860827396,2.56743630221417,1.76208973123807,11,35
0.077,1000,35,511.775545594433,476.704475092916,511.775545594433,14100.4716543421,14012.297721419,13904.2798701394,43.6897874296245,35.5383059481907,23.3340101965825,-431.272754447658,80.3250466369299,1.49011611938477e-08,1.49011611938477e-08,1.88879602077756,1.08451037288078,2.11761029782068,0.939203839815534,11,35
0.078,1000,35,451.39366982949,521.450358464451,451.39366982949,14178.3600686979,13604.6987427523,14220.8712929834,46.0768473642666,35.5390379471899,26.150252220058,-569.416911577229,127.135195416715,1.49011611938477e-08,1.49011611938477e-08,1.79081233109038,0.654369688447858,1.67101531823512,0.679865262662859,11,35
0.079,1000,35,501.497621014873,495.189227271529,501.497621014873,13778.245390838,13599.8998149902,14549.0019281255,50.154018415251,35.8250040285214,30.1595755951142,-632.494483519899,122.041972142017,1.49011611938477e-08,1.49011611938477e-08,1.84034334778423,0.54077515642666,1.47990544711906,0.761026330083786,11,35
0.08,1000,35,630.549531454659,-14699.9126330863,630.549531454659,13400.1855272977,14001.2252750205,14460.5920228973,53.7387482781215,35.9108796699699,34.2962304593082,-652.23774264575,76.7805756490879,1.49011611938477e-08,1.49011611938477e-08,1.92415319290091,0.658903906150688,1.46306496517527,1.0553575745282,11,35
0.081,1000,35,619.877765569279,-8510.51064007328,619.877765569279,13494.2374532925,14301.2314023602,14053.7511924902,54.4551947371497,35.8638375315829,35.9598421898803,-650.352614588867,-22.9298143362984,1.49011611938477e-08,1.49011611938477e-08,1.95593400539585,0.845537027163733,1.48173475651484,1.4762704453624,11,35
0.082,1000,35,586.861088232293,-1107.92472166548,586.861088232293,13876.9693177476,14135.4265854858,13813.5881340836,53.4398261057591,35.374098258529,36.1952367599001,-619.091430588557,-119.235394564654,1.49011611938477e-08,1.49011611938477e-08,1.9275266859504,1.00504536632247,1.60276262019903,1.78717816814528,11,35
0.083,1000,35,567.306987247773,177.645962509544,567.306987247773,14025.5931998059,13714.6306269307,14044.4578944455,53.3043001758633,34.1018230356938,36.3523145104847,-576.277109914625,-125.200431046286,1.49011611938477e-08,1.49011611938477e-08,1.83297473173218,1.11983084174922,1.89272357541336,1.64720462268646,11,35
0.084,1000,35,601.14767622884,-3124.3554355577,601.14767622884,13765.0125143025,13594.0891629034,14494.7398170079,52.3830833580306,32.2997971197094,36.3602810994728,-481.694495843592,-117.457734069973,1.49011611938477e-08,1.49011611938477e-08,1.83995101368149,1.31968396174956,2.30230537439133,1.61365552297837,11,35
0.085,1000,35,593.727437258077,-1932.44041867375,593.727437258077,13373.0751769665,13935.8687504295,14598.7464028986,49.2926792066357,29.3843928837819,36.4057334128493,-380.324983878721,-75.8777224044012,1.49011611938477e-08,1.49011611938477e-08,1.91735185173231,1.5299091111104,2.60448352339246,1.68587263757136,11,35
0.086,1000,35,562.680814861878,218.634554988669,562.680814861878,13349.0518988828,14292.3674214348,14235.8402801764,46.346496950432,26.042890264918,36.9491652195568,-372.799567035911,7.06423252411704,1.49011611938477e-08,1.49011611938477e-08,1.95170423221136,1.50938637480132,2.67709402110312,1.56063435319539,11,35
0.087,1000,35,590.965411996545,-199.891137312523,590.965411996545,13776.1743566815,14215.8516011165,13868.9531632182,45.6895230308381,23.5207728216608,37.3367857412774,-469.497120029674,58.1254752668935,1.49011611938477e-08,1.49011611938477e-08,1.94236802595942,1.2659444426695,2.37981445653792,1.39311880580941,11,35
0.088,1000,35,591.11366508916,491.231239678867,591.11366508916,14132.0271889875,13796.7110726648,14003.2197625799,45.8412072668001,22.8205247386925,36.3749335664509,-535.312419903955,-20.8872102091819,1.49011611938477e-08,1.49011611938477e-08,1.83186671268801,1.18204164883481,1.61048740636497,1.54886181109138,11,35
0.089,1000,35,587.624520999944,457.583026207868,587.624520999944,13989.1412342808,13559.8051749782,14453.1464601931,44.9194951050809,23.2880555947614,34.0140365125457,-490.214021731678,-133.5170364828,1.49011611938477e-08,1.49011611938477e-08,1.80520850191596,1.29229332675589,1.27475214785307,1.97938889047778,11,35
0.09,1000,35,573.259791429064,112.65501625555,573.259791429064,13572.8491009218,13811.0189839193,14639.136509201,42.920637612668,23.5769017209752,32.2639144190829,-409.876170803229,-154.020780144033,1.49011611938477e-08,1.49011611938477e-08,1.89241079144994,1.43824645559096,1.38136607258393,2.40686917531098,11,35
0.091,1000,35,501.547029707468,493.951172010713,501.547029707468,13427.4653897894,14213.0984652401,14342.6784244617,41.7081313571476,23.224742569924,32.030978353901,-399.897781140835,-92.7794455638584,1.49011611938477e-08,1.49011611938477e-08,1.94628972264282,1.39817616726607,1.4638762016152,2.34942082469558,11,35
0.092,1000,35,365.202578263462,526.587675808434,365.202578263462,13750.0707762704,14246.1526515461,13925.922898992,43.3208860756529,23.376549133628,33.2171887298861,-496.112678575637,3.5781760517303,1.49011611938477e-08,1.49011611938477e-08,1.95115737593925,1.10152529829915,1.2462766918469,1.7866273087845,11,35
0.093,1000,35,353.087629335499,526.984399494421,353.087629335499,14116.278343876,13858.2344013348,13921.5865059949,47.3165356902666,24.5676774371573,35.127099991644,-639.893872083611,53.1288900822109,1.49011611938477e-08,1.49011611938477e-08,1.85769610252065,0.847169369389318,0.912779250033574,1.43912813864982,11,35
0.094,1000,35,453.154628919249,521.283926612826,453.154628919249,14075.9207233904,13518.7129859969,14346.3003544728,51.6324534154946,26.9920831331527,36.1343818190893,-700.879879576043,1.94551136539913,1.49011611938477e-08,1.49011611938477e-08,1.79086172605182,0.841877862585154,0.713583504568897,1.52895199198414,11,35
0.095,1000,35,629.031735117327,535.914082100536,629.031735117327,13687.0015641216,13671.147997074,14667.4499829118,53.7551195062273,29.726793279957,35.0491280798046,-636.309176237097,-71.0935752172116,1.49011611938477e-08,1.49011611938477e-08,1.86460676290458,1.00032328613389,0.740274961942783,1.89759516731377,11,35
0.096,1000,35,620.017225478125,530.099480563165,620.017225478125,13455.0334360008,14103.0510580012,14522.8712728434,52.5328948494017,31.4106676973919,31.693764169258,-545.250006221654,-83.8262100551348,1.49011611938477e-08,1.49011611938477e-08,1.9379957013166,1.0609705611402,0.855392293208197,2.03536336809367,11,35
0.097,1000,35,595.141994110117,512.135397662549,595.141994110117,13691.7207336033,14271.9282515383,14105.0658423504,50.0007870269172,32.0913274458758,27.3971472485878,-506.613435170512,-8.52305477760457,1.49011611938477e-08,1.49011611938477e-08,1.95889467023038,0.783978153159993,0.968591441750958,1.25511455410527,11,35
0.098,1000,35,542.83677361609,362.391953883476,542.83677361609,14100.831220057,13978.5231105745,13968.2716984065,49.4153716851099,32.1641130581559,26.0712980019528,-527.223407616887,104.258006526759,1.49011611938477e-08,1.49011611938477e-08,1.88754926038503,0.466422731150094,1.1540308958859,0.415885819870889,11,35
0.099,1000,35,478.515909473717,513.740554101694,478.515909473717,14166.8685110982,13586.7488866539,14297.0819645403,50.5008647041222,31.5527276216887,28.6853774321806,-541.421450934142,180.239214473367,1.49011611938477e-08,1.49011611938477e-08,1.79313108005453,0.537402464954975,1.46261603207313,1.49011611938477e-08,11,35
0.1,1000,35,584.742456065546,-14.7428737446226,584.742456065546,13796.6292144109,13612.3369912081,14634.8214568205,51.282993203629,30.0418843543145,32.3013788609419,-501.928326759209,199.866972537725,1.49011611938477e-08,1.49011611938477e-08,1.84454958394506,0.837611258557174,1.86221574911975,0.460312798576916,11,35
0.101,1000,35,624.115347384623,-10485.0979712787,624.115347384623,13452.8827643288,14019.2941014288,14532.6110892792,51.7355244464316,27.4784926201874,35.563802314216,-484.168753735898,199.656814171697,1.49011611938477e-08,1.49011611938477e-08,1.92663084369186,1.10266632244899,2.28418726346351,0.792530861135898,11,35
0.102,1000,35,611.645568077785,-5524.70031563181,611.645568077785,13574.1565917051,14283.7378464446,14103.1368777215,51.7415699241288,25.9546120834313,36.8252491723543,-539.108844633667,154.510797696681,1.49011611938477e-08,1.49011611938477e-08,1.9559127837356,1.20074020964697,2.22952346001759,1.13044601563367,11,35
0.103,1000,35,557.990572279431,257.277667972448,557.990572279431,13970.7324113076,14084.627627408,13861.6763687698,52.0604773407169,26.8101628283025,36.3104169423367,-642.455363246947,65.6497865710155,1.49011611938477e-08,1.49011611938477e-08,1.91512955224935,1.10410067488503,1.41403303603224,1.41606142268893,11,35
0.104,1000,35,548.606437880926,334.048708225243,548.606437880926,14082.5554694502,13663.0732834223,14112.4902895451,54.3444705767885,29.2502160518634,36.3216254936696,-731.12558586352,7.78639005045458,1.49011611938477e-08,1.49011611938477e-08,1.82138727953564,0.908050436721671,0.923238846177308,1.43022416475544,11,35
0.105,1000,35,612.592901808306,526.759280002575,612.592901808306,13772.8162338878,13568.486529927,14539.707241775,56.4118148667177,32.2163335917804,36.3573534222001,-732.621827926977,-29.2979443173368,1.49011611938477e-08,1.49011611938477e-08,1.8407765423084,0.825472931044752,0.745743708680664,1.42690331100092,11,35
0.106,1000,35,602.904141114848,-3410.04675481328,602.904141114848,13365.4034677639,13928.1340127902,14591.4248066922,57.372757784364,34.3843027100012,36.4053986724081,-688.592516187471,-22.8775608569381,1.49011611938477e-08,1.49011611938477e-08,1.91967792436167,0.839501881866634,0.714128734431001,1.41371194915605,11,35
0.107,1000,35,588.445483584645,-1219.37470495031,588.445483584645,13367.4112777151,14273.8801777513,14202.4891716629,57.488588107372,35.3330271310604,36.6772104636028,-666.759135642301,10.6385397713075,1.49011611938477e-08,1.49011611938477e-08,1.95203552872343,0.861470375458795,0.676469276146813,1.30398183444019,11,35
0.108,1000,35,587.745906620486,-1163.53281667264,587.745906620486,13818.0825821554,14170.6153742473,13855.5578446115,56.9867139198281,35.4243183631588,36.1828724778158,-658.293190949511,-27.4025872435351,1.49011611938477e-08,1.49011611938477e-08,1.93648246889723,0.953409055709517,0.722255063954414,1.32326034963688,11,35
0.109,1000,35,562.057542338438,223.763725198615,562.057542338438,14145.1036055446,13748.3950373479,14027.5227609106,54.8660304602003,35.1633551544777,34.8357406210989,-557.51784928225,-156.242978006915,1.49011611938477e-08,1.49011611938477e-08,1.82516719621865,1.23157533301504,1.01964389528873,1.76923746785495,11,35
0.11,1000,35,512.219549698753,476.556127574753,512.219549698753,13978.1569485407,13537.6858074835,14484.7571715943,50.8521624495772,34.4060667204812,33.2896025136026,-382.758791702912,-244.457570319616,1.49011611938477e-08,1.49011611938477e-08,1.80761131701634,1.65554729257389,1.46343128667438,2.71319553601199,11,35
0.111,1000,35,428.472833923833,523.835164931675,428.472833923833,13571.8696297334,13810.8275737401,14654.5353841419,45.1876963271376,32.404882919935,32.2911389078365,-248.008868765932,-223.384564794433,1.49011611938477e-08,1.49011611938477e-08,1.89498480187963,2.11107300396095,1.97831198070251,4.09887725188741,11,35
0.112,1000,35,299.400138486798,528.588791928061,299.400138486798,13459.9658770194,14202.8543879535,14330.5193623755,40.7572616186911,29.7503632860682,32.4874712884769,-242.939801391751,-108.967235031527,1.49011611938477e-08,1.49011611938477e-08,1.94648937862725,2.146052694776,2.27427390502273,3.99984258157612,11,35
0.113,1000,35,145.969707281069,533.184214061724,145.969707281069,13813.730774318,14216.5619747881,13917.9007485494,41.067073752065,28.5196332453581,33.7711825136442,-393.84522852923,21.2923441192728,1.49011611938477e-08,1.49011611938477e-08,1.945164801884,1.36395362748707,1.7193984446805,2.48973968520917,11,35
0.114,1000,35,130.076491511231,533.681229499035,130.076491511231,14177.9167239741,13821.8438616513,13940.7237607333,45.1942987840803,29.2111470858689,35.4521556934766,-591.215347468178,64.6171699915406,1.49011611938477e-08,1.49011611938477e-08,1.84056212409015,0.827535550582073,0.977538357191964,1.89169263430133,11,35
0.115,1000,35,258.490002410355,529.85873595389,258.490002410355,14108.7610746785,13505.6768741576,14362.5557326375,50.4487672842118,30.9980352947547,36.7659507510846,-690.740646146321,9.45940253543474,1.49011611938477e-08,1.49011611938477e-08,1.78310080021145,0.66857586588386,0.560904733429228,1.89692004737993,11,35
0.116,1000,35,526.350637787793,444.135573481863,526.350637787793,13713.5233505085,13679.8443979838,14647.2836417221,54.0802264987926,32.8103979549377,36.4767885636307,-657.200016952252,-69.6023160794203,1.49011611938477e-08,1.49011611938477e-08,1.86397266583801,0.729819084213939,0.434331657288797,2.32365135475492,11,35
0.117,1000,35,624.846617918493,-11000.289370948,624.846617918493,13498.1475048592,14108.5541961313,14460.5243070755,54.9187334877023,33.776480901932,34.5674468543683,-581.469515967738,-109.9318262128,1.49011611938477e-08,1.49011611938477e-08,1.9388666167966,0.713869567412228,0.493483868324445,2.64582184859409,11,35
0.118,1000,35,604.777614321588,-3807.80710230917,604.777614321588,13750.1626807263,14245.0925682362,14039.8490357784,54.243039565865,33.9108064071789,31.980517604114,-544.20078948649,-81.9891805930111,1.49011611938477e-08,1.49011611938477e-08,1.95645772598671,0.406599244588307,0.620123581517519,1.93277401503593,11,35
0.119,1000,35,534.710887425491,404.157529002064,534.710887425491,14133.3631565814,13926.7407745775,13927.9058448068,54.3706850176462,33.4071446383374,31.1499262814455,-551.724611118525,-13.5889440278331,1.49011611938477e-08,1.49011611938477e-08,1.87486274839502,0.236907158380469,0.836690448918433,1.07425186413309,11,35
0.12,1000,35,482.158224893685,511.849832523931,482.158224893685,14171.4302963508,13546.0390686644,14280.7284595493,55.4089458217924,32.2177745224472,32.7829786632488,-540.275775335313,29.7222603923121,1.49011611938477e-08,1.49011611938477e-08,1.78458818264041,0.656125212074365,1.1565916623547,0.944221918390571,11,35
0.121,1000,35,540.709471156893,377.26055270565,540.709471156893,13779.5321565602,13603.4533776654,14601.9786872677,55.6881872942014,30.1057241685152,34.8028812015183,-475.281257875906,34.5573317517321,1.49011611938477e-08,1.49011611938477e-08,1.84422983091236,1.10682084889618,1.54061263413698,1.21863872532803,11,35
0.122,1000,35,627.273639518299,534.583373300917,627.273639518299,13453.1051492176,14024.5181283377,14470.1820196066,56.3336290017973,26.8271230399626,37.1084531283076,-435.035670318242,29.7295379665139,1.49011611938477e-08,1.49011611938477e-08,1.92679438534557,1.51620055498469,1.83404383399436,1.6014875443685,11,35
0.123,1000,35,612.737374853325,527.009194448372,612.737374853325,13602.7304125139,14269.2738171929,14034.1565057192,56.4118746557419,24.0536899442314,37.8376481414381,-458.645331105595,-7.17814854907113,1.49011611938477e-08,1.49011611938477e-08,1.95320504092747,1.72461824086058,1.7334190793989,2.03545705106654,11,35
0.124,1000,35,564.092504033004,204.200751392913,564.092504033004,13993.0256252917,14048.9569828119,13820.551830222,56.5298524037183,23.2208937534934,37.4558958086117,-529.85871785015,-63.1119747309487,1.49011611938477e-08,1.49011611938477e-08,1.90373629844596,1.63880293607029,1.26118016370602,2.3108158994833,11,35
0.125,1000,35,588.401940619536,-58.008265821629,588.401940619536,14077.8454414809,13635.8460264001,14095.8318875859,57.9402369536776,24.0250935718198,37.9480898354528,-610.62627842465,-61.1342071701419,1.49011611938477e-08,1.49011611938477e-08,1.81380535307853,1.3404316265528,0.982749961626359,1.95615415576402,11,35
0.126,1000,35,610.002453929536,-5041.89210982773,610.002453929536,13757.4256804226,13566.8903967056,14509.2958137528,58.7203559286083,24.614856258371,37.8439348859167,-625.756817004016,-42.4902702281059,1.49011611938477e-08,1.49011611938477e-08,1.84307198961334,1.20380704185687,0.943175885474434,1.6621021528488,11,35
0.127,1000,35,592.164569731147,-1716.33384097304,592.164569731147,13358.6031105937,13929.7995462946,14516.3297399115,58.8236319793034,24.4117516333045,37.2498017888949,-628.084387038205,-6.59598566616152,1.49011611938477e-08,1.49011611938477e-08,1.92189046081725,1.17593311662532,0.957673967963771,1.48620869370242,11,35
0.128,1000,35,573.188959760512,112.715475897917,573.188959760512,13404.6381252488,14241.8800280446,14089.3807199727,58.5973631064167,24.4596795087929,36.2953940720447,-681.683305594661,-16.1561706387063,1.49011611938477e-08,1.49011611938477e-08,1.95316467381744,1.16879995463388,0.874987086452506,1.48775754190332,11,35
0.129,1000,35,518.927221361104,460.871937379769,518.927221361104,13866.5080545605,14108.5843319313,13772.7549284023,57.6274659067407,26.2630003565234,35.7567160658432,-726.61789030951,-164.606522377977,1.49011611938477e-08,1.49011611938477e-08,1.92986651386707,1.25619172724533,0.762989264616031,1.98970898533379,11,35
0.13,1000,35,461.74525630501,519.330510589547,461.74525630501,14140.5509431025,13679.8483101979,13968.7485832694,55.3323108081778,29.177413163444,35.8816282945122,-656.429936334088,-373.958261671759,1.49011611938477e-08,1.49011611938477e-08,1.81739902933411,1.49117783268544,0.76411183932344,2.85910854974639,11,35
0.131,1000,35,412.729254634222,524.809920861352,412.729254634222,13924.5675588554,13492.7114804353,14410.2393166672,51.5370341394434,31.8026927960739,35.5385090610299,-510.947788079148,-491.402444264651,1.49011611938477e-08,1.49011611938477e-08,1.80899854648518,1.81011230505573,0.901234128312171,2.90208218927853,11,35
0.132,1000,35,351.365702341558,527.027613704098,351.365702341558,13515.2867274631,13792.3429040643,14557.419139642,45.8358703174784,33.1373040395088,34.5219508027984,-366.997133588092,-494.67808373891,1.49011611938477e-08,1.49011611938477e-08,1.89772209214934,2.08774921167041,1.10330600055553,2.91473980642331,11,35
0.133,1000,35,286.150129636848,528.991397520259,286.150129636848,13436.1168829709,14184.1123807242,14224.7857367796,39.850479490761,33.2688907115219,33.7702290650675,-310.814208840296,-395.555243358886,1.49011611938477e-08,1.49011611938477e-08,1.94690365959632,2.03147867617575,1.22075647809875,4.87721710607696,11,35
0.134,1000,35,218.149525169391,531.034455238796,218.149525169391,13807.9511143588,14178.0313543902,13825.2244660491,37.3469499200611,33.1023535293425,34.6252882515856,-361.124488795836,-247.838487942211,1.49011611938477e-08,1.49011611938477e-08,1.93970730746638,1.44062979408353,1.18844631020482,16.8787345757476,11,35
0.135,1000,35,222.532268142889,530.919131314108,222.532268142889,14169.1437992345,13780.140136999,13878.1754307122,38.6560522345217,33.0707343597259,36.782038726889,-446.666066103708,-146.556990266928,1.49011611938477e-08,1.49011611938477e-08,1.8280141421625,1.03895915512141,1.14946653662474,4.38824175342295,11,35
0.136,1000,35,354.886920026329,526.953417830721,354.886920026329,14092.9113116298,13490.2256391015,14317.7630294353,40.5951707323233,33.0306614030702,38.6863804755743,-463.892291564424,-139.919438192208,1.49011611938477e-08,1.49011611938477e-08,1.77802584789534,1.07499699881056,1.22583498551623,3.60583134147491,11,35
0.137,1000,35,583.552063594682,2.6648359654763,583.552063594682,13692.9127033453,13693.0537689976,14580.9788746921,40.2164011759,32.7609262646864,39.1190970297147,-410.196119789496,-171.999410727032,1.49011611938477e-08,1.49011611938477e-08,1.86648977619824,1.29048473930666,1.40788411291483,4.39489796798217,11,35
0.138,1000,35,615.798054454859,528.16613414724,615.798054454859,13508.3732347715,14113.4775704644,14374.7742587684,36.9792013232173,32.3321952103266,38.000656209754,-375.910983118798,-178.064245335872,1.49011611938477e-08,1.49011611938477e-08,1.94010857670583,1.29210823650318,1.49519280492371,5.48600859668269,11,35
0.139,1000,35,582.601168810426,392.094931008111,582.601168810426,13780.8457441134,14215.5490180376,13953.9356143379,33.7066665845472,32.4130841609406,36.3119028883272,-434.065449114281,-132.896384191025,1.49011611938477e-08,1.49011611938477e-08,1.95288412322508,0.784429778366148,1.28091996980648,3.82057472717551,11,35
0.14,1000,35,481.029281754149,512.208214329492,481.029281754149,14154.7017830352,13869.9431763831,13873.4737033402,35.3490802401969,33.5131435134559,36.0265168808791,-561.238738793252,-84.7642403475136,1.49011611938477e-08,1.49011611938477e-08,1.86111404984828,0.356906062617808,0.940956023003109,2.03987222632925,11,35
0.141,1000,35,441.635868644844,522.710428486867,441.635868644844,14177.6358250602,13500.066038556,14253.7128406909,39.9362020985578,35.3727258213062,36.7231687953658,-625.548318454032,-102.868129397382,1.49011611938477e-08,1.49011611938477e-08,1.77472446408441,0.502341154372106,0.704073618682194,2.02992426193946,11,35
0.142,1000,35,434.64875225145,523.395269642689,434.64875225145,13751.6113899214,13586.7511200048,14544.714359215,44.5602582600592,36.9714843972079,37.8005708375087,-596.101065849487,-142.200728655259,1.49011611938477e-08,1.49011611938477e-08,1.84366224960484,0.825861150159871,0.601348267448514,2.69376018425743,11,35
0.143,1000,35,595.680123153684,-151.820385105465,595.680123153684,13431.619988644,14018.6406579201,14374.6882074972,49.9143004560067,38.1042349856069,39.8578294986183,-553.02072799016,-191.846875054091,1.49011611938477e-08,1.49011611938477e-08,1.92649358892104,1.20233402323846,0.547502008254814,3.69802398731327,11,35
0.144,1000,35,619.962782009029,-8548.91543600125,619.962782009029,13606.835311092,14259.3452722488,13949.4860062118,52.3632205869021,38.7291504998985,40.760885970802,-494.684988055803,-266.779045468058,1.49011611938477e-08,1.49011611938477e-08,1.95092423879041,1.54462010887231,0.580411872134425,4.97908684172848,11,35
0.145,1000,35,586.437204136599,458.098646077495,586.437204136599,13982.3674195628,14030.3688083263,13783.8757541339,52.5405845128836,38.4495637707597,40.7473670745593,-426.414621911585,-272.575641090148,1.49011611938477e-08,1.49011611938477e-08,1.89785604223976,1.70458778650337,0.864177969067806,4.7928786860813,11,35
0.146,1000,35,595.633614952622,-154.704293586686,595.633614952622,14032.7311150564,13628.9904734422,14073.7711376697,53.0949610551794,36.6916661942235,40.3824661048352,-403.662796891959,-159.078026084346,1.49011611938477e-08,1.49011611938477e-08,1.8126034283429,1.60874983153477,1.32521660187134,2.53884075718803,11,35
0.147,1000,35,604.544858747966,524.046698064808,604.544858747966,13715.6158403598,13587.8174034419,14484.9253147544,53.1833243540494,33.511416283515,39.1324914258716,-368.962667288624,-47.8631898769385,1.49011611938477e-08,1.49011611938477e-08,1.84687768924871,1.64572239881635,1.81300821403896,1.67202291935652,11,35
0.148,1000,35,579.471045527718,283.306015976295,579.471045527718,13349.3028059414,13954.4368455426,14474.5241071365,52.9387542642798,29.8916212211448,37.8847641085046,-374.333937591975,29.4762026799321,1.49011611938477e-08,1.49011611938477e-08,1.92411659253029,1.73823624754435,2.32363229825712,1.40573381332048,11,35
0.149,1000,35,547.105149130861,337.600182068426,547.105149130861,13426.8274385067,14241.992133714,14044.9588687708,53.1977603552771,28.602164544514,36.7415131752521,-494.280043213359,30.6973236039216,1.49011611938477e-08,1.49011611938477e-08,1.95419882836836,1.65407495286512,2.555767348491,1.47877970113587,11,35
0.15,1000,35,476.904001122862,514.354200400308,476.904001122862,13893.6785356878,14080.2410214812,13752.1395296133,53.5254436079914,31.4234601359084,36.4567865056294,-655.58206226046,-129.438602413322,1.49011611938477e-08,1.49011611938477e-08,1.92421574464465,1.5144110210316,1.06531495583882,2.09724270298645,11,35
0.151,1000,35,404.318275841089,525.169598936686,404.318275841089,14152.9307554778,13646.9686773872,13977.3474202533,53.2117099820561,36.6871050884329,37.2080293519599,-700.588981537367,-375.147070465205,1.49011611938477e-08,1.49011611938477e-08,1.80919948833042,1.52645284254781,0.301613114174765,2.71604829050951,11,35
0.152,1000,35,328.059979858721,527.724914996193,328.059979858721,13910.1979477553,13485.7726816046,14410.5640497598,52.1999629068701,41.8960473657763,37.1469172410821,-628.59948098515,-548.631719318356,1.49011611938477e-08,1.49011611938477e-08,1.81002975636601,1.6175957199402,1.49011611938477e-08,2.20640245842769,11,35
0.153,1000,35,310.225985988383,528.283161484593,310.225985988383,13501.1079149104,13804.3188498194,14515.856053149,50.2264620361635,45.5922480055776,36.2880791753846,-518.954784900486,-579.501151423756,1.49011611938477e-08,1.49011611938477e-08,1.90056679761089,1.69326853991263,1.49011611938477e-08,2.07261628403253,11,35
0.154,1000,35,287.359231606457,528.958820764599,287.359231606457,13449.350940526,14185.6410253834,14156.0271379002,48.3034007083129,47.6201583402884,35.9777592638106,-446.364291754375,-503.710919598255,1.49011611938477e-08,1.49011611938477e-08,1.94684793324921,1.57000998025554,1.49011611938477e-08,3.07111166039773,11,35
0.155,1000,35,249.415110045103,530.095313987411,249.415110045103,13837.7019598311,14156.2527274798,13770.781275869,47.9676883505422,48.4531315388535,37.240791018413,-421.789263588406,-376.092987913458,1.49011611938477e-08,1.49011611938477e-08,1.9331864102526,1.34143572837317,0.410565320367677,11.1136152221406,11,35
0.156,1000,35,275.089321722057,529.348752225339,275.089321722057,14181.8896705366,13751.5395715295,13854.255542003,48.4489328307924,48.3685967062493,39.5702207041704,-401.043742383174,-275.9415797799,1.49011611938477e-08,1.49011611938477e-08,1.81704167494589,1.34556310108001,0.816998875755064,9.3690107465451,11,35
0.157,1000,35,429.23045088446,523.907398882578,429.23045088446,14070.0889614381,13488.8372109672,14297.1599588478,47.5689259872948,47.3558033449643,41.602384881855,-334.000075415301,-234.393911359351,1.49011611938477e-08,1.49011611938477e-08,1.77952986710832,1.66814400419125,1.34897320109328,6.05597745110008,11,35
0.158,1000,35,618.006058728275,528.815598474466,618.006058728275,13669.156887512,13717.2690060535,14542.6644930513,44.2196582228653,45.6401288805474,42.4793151489672,-253.591997403885,-224.333539722982,1.49011611938477e-08,1.49011611938477e-08,1.87229538832905,2.1377162431279,1.97390281831267,6.76670752221346,11,35
0.159,1000,35,609.731597711933,525.983658140689,609.731597711933,13514.4786646446,14131.8301710798,14324.5189670861,37.4373937158002,43.9910750154622,41.6007825493018,-237.722641424755,-199.891546449072,1.49011611938477e-08,1.49011611938477e-08,1.94253726948146,2.29727643059138,2.30046836289101,8.4787683200847,11,35
0.16,1000,35,564.996217897566,196.080024074252,564.996217897566,13804.5860964546,14206.333616972,13915.716371721,30.7056670086377,43.3700557855422,39.9358229065188,-358.099580084483,-125.549101241626,1.49011611938477e-08,1.49011611938477e-08,1.95194003151156,1.31506640999629,1.67576898536868,6.18295790122717,11,35
0.161,1000,35,449.34410028795,521.664921092432,449.34410028795,14170.8527886585,13843.3747834185,13864.3023681071,32.1255830052955,44.3513583255715,39.6921880832523,-559.142965486307,-70.5549049138886,1.49011611938477e-08,1.49011611938477e-08,1.85450085209045,0.442000220718014,0.897324018116683,2.67729934690687,11,35
0.162,1000,35,396.435084584577,525.50414282716,396.435084584577,14165.1218782988,13486.2982004685,14259.8071759177,38.974641101195,46.6481402072672,40.3128556674068,-697.8551106096,-107.419647261839,1.49011611938477e-08,1.49011611938477e-08,1.77475486766714,0.301970095161474,0.33131560916737,2.60135429959656,11,35
0.163,1000,35,357.594495850285,526.842039946153,357.594495850285,13731.9692153613,13602.0469818453,14532.0146237646,46.3120824733536,49.0013478292558,41.227406702481,-700.501964770819,-176.549738953347,1.49011611938477e-08,1.49011611938477e-08,1.84824258907881,0.609355540661701,1.49011611938477e-08,3.68773773646672,11,35
0.164,1000,35,530.258021131104,428.331085246636,530.258021131104,13436.7909148415,14040.4913753074,14338.7740304781,53.3547575593778,50.6449403623319,43.3673147870063,-653.36528582776,-256.562091088851,1.49011611938477e-08,1.49011611938477e-08,1.92877892727257,1.00119928573725,1.49011611938477e-08,5.42540217357263,11,35
0.165,1000,35,624.464263547284,532.70051249833,624.464263547284,13638.6343049468,14262.9242495637,13919.0563536152,56.5972008630194,51.097922244501,44.5157998462668,-545.383269398838,-354.465906776816,1.49011611938477e-08,1.49011611938477e-08,1.95094067662007,1.41597248993181,0.211904415365226,7.28977380166945,11,35
0.166,1000,35,596.39385325193,515.730620157645,596.39385325193,14006.3256921269,14009.9599790693,13775.7923104124,56.7082554445321,49.8312553907047,44.3057197318153,-406.842755030682,-358.593451789022,1.49011611938477e-08,1.49011611938477e-08,1.89099596106785,1.71928065375808,0.824773882901048,7.25128236070356,11,35
0.167,1000,35,600.496506495648,-2918.3534627462,600.496506495648,14026.2745768008,13615.8852313475,14080.3889549153,56.6453180688054,46.754129609783,43.2370514990002,-315.241525492971,-215.060636499435,1.49011611938477e-08,1.49011611938477e-08,1.8097862028151,1.80101555775095,1.42324326568183,3.35081254573857,11,35
0.168,1000,35,594.024597865952,-1963.60802711445,594.024597865952,13690.1752102323,13602.862922619,14479.5490675076,56.3591858742172,42.2756283719916,41.0226404333727,-254.139817326315,-69.710406148179,1.49011611938477e-08,1.49011611938477e-08,1.85090751054312,1.95689742276219,1.78887423721765,2.00435067146408,11,35
0.169,1000,35,554.8536605261,283.245261880623,554.8536605261,13341.328594169,13980.3972395673,14445.3862439365,56.0175647838797,37.7611543907253,39.1853026527524,-266.868316119367,26.2156965675176,1.49011611938477e-08,1.49011611938477e-08,1.9262437084759,2.1405017881813,2.14508377212036,1.63200417400998,11,35
0.17,1000,35,509.746600982572,481.519493964162,509.746600982572,13449.7422618055,14247.241135305,14012.1542437148,56.4721295267362,36.0443271012611,37.7821128412762,-420.233514384721,35.4890880037995,1.49011611938477e-08,1.49011611938477e-08,1.9542595176254,2.00464036134873,3.87713148236894,1.70113660040907,11,35
0.171,1000,35,478.380194563386,513.745718389819,478.380194563386,13917.7739116692,14056.4285621288,13744.721189642,57.282106775972,38.4554718945428,37.0859655220477,-623.352176388701,-109.368877721864,1.49011611938477e-08,1.49011611938477e-08,1.91752976752151,1.67472159283336,1.14081150883148,2.33048894177434,11,35
0.172,1000,35,418.504879840818,524.459269830447,418.504879840818,14162.785736019,13621.6936498536,14003.1489530298,57.5909158839535,43.2684693980561,37.255684976989,-719.648920281191,-372.900769258926,1.49011611938477e-08,1.49011611938477e-08,1.80229535226326,1.5338162879682,1.49011611938477e-08,2.79558375489261,11,35
0.173,1000,35,344.868427240701,527.230155672487,344.868427240701,13905.0349073494,13488.5738941679,14438.300634345,57.2011077120893,48.2563626390099,37.2637993031971,-666.809516367106,-558.013328008334,1.49011611938477e-08,1.49011611938477e-08,1.81214212206032,1.53998468597747,1.49011611938477e-08,2.16457460559259,11,35
0.174,1000,35,319.275254185559,528.006683760956,319.275254185559,13502.3938791806,13825.4825593857,14514.2259024567,56.0473626480937,51.9734914759083,36.9518182009899,-563.81017157817,-588.1075804026,1.49011611938477e-08,1.49011611938477e-08,1.90376506603329,1.54687575276724,1.49011611938477e-08,2.09638596391689,11,35
0.175,1000,35,279.826053847709,529.186071875305,279.826053847709,13478.2552489829,14194.2459909524,14134.1953361339,55.0615928360995,54.0903273361212,37.5069073668692,-487.420851196943,-506.289162467001,1.49011611938477e-08,1.49011611938477e-08,1.9472694852675,1.41106898299097,1.49011611938477e-08,3.34846384498071,11,35
0.176,1000,35,246.045254430961,530.208592933186,246.045254430961,13878.2703499503,14137.2300855085,13765.7961813543,55.1118706207291,54.8884631767206,39.5375533576582,-446.463190227312,-379.354058204097,1.49011611938477e-08,1.49011611938477e-08,1.92755005188119,1.28131597212581,0.0466019024154702,16.8595660268241,11,35
0.177,1000,35,275.195425630232,529.33554826755,275.195425630232,14204.6705773096,13725.0765228345,13879.9106447524,55.2698949887531,54.606829182512,42.389129906355,-397.689769333563,-266.340121331925,1.49011611938477e-08,1.49011611938477e-08,1.80821690399286,1.4161604511695,0.776427347898654,8.63407257535352,11,35
0.178,1000,35,441.727481909456,522.813399600769,441.727481909456,14063.2813926361,13487.2870578075,14321.5409305835,53.820197401971,53.2437972284143,44.8351143646215,-310.540365922143,-214.474862337045,1.49011611938477e-08,1.49011611938477e-08,1.7816579098606,1.86013451532922,1.43803357089537,5.83129385546689,11,35
0.179,1000,35,623.12834571452,-9988.81923783905,623.12834571452,13664.5472853939,13740.2533790107,14546.0080768289,49.8232396506738,51.0850865882184,46.0723730374708,-223.919460428662,-196.395681401852,1.49011611938477e-08,1.49011611938477e-08,1.87726571173815,2.48444457221188,2.22685664227637,6.73316420005643,11,35
0.18,1000,35,611.401014625055,-5446.34465203961,611.401014625055,13537.6423319589,14149.6278973567,14310.04849285,42.2102089351972,49.1114136615736,45.31292765184,-217.420433394941,-167.344980898458,1.49011611938477e-08,1.49011611938477e-08,1.94477891301453,2.77022097518529,2.68433645884593,9.02736864976017,11,35
0.181,1000,35,567.602588637134,169.306465655111,567.602588637134,13844.2958257041,14196.9125081147,13916.123498178,34.3762405874147,48.3861472402116,43.4498977720778,-351.901807785075,-90.9102592810418,1.49011611938477e-08,1.49011611938477e-08,1.95090907062014,1.51667682890472,1.78199706002679,6.02331711171356,11,35
0.182,1000,35,444.000129784878,522.386507681327,444.000129784878,14192.8664188442,13815.4583800462,13894.2626049434,34.5780842359311,49.3680092590584,42.868762978187,-593.532428859438,-28.58404633467,1.49011611938477e-08,1.49011611938477e-08,1.84859322321267,0.442617068177068,0.84055889205,2.57604731367699,11,35
0.183,1000,35,350.440513497249,527.053774999157,350.440513497249,14156.2129933566,13476.6277399369,14298.6710543559,41.4707911396605,51.6567018904646,43.4756156164964,-756.332469729862,-65.2830722711219,1.49011611938477e-08,1.49011611938477e-08,1.77680577423261,0.0613434360079016,1.49011611938477e-08,2.33459470262397,11,35
0.184,1000,35,279.192762344609,529.214822465757,279.192762344609,13710.8060436737,13619.6847262737,14544.3688153568,49.5716145290627,54.0557339906676,44.6004953299357,-773.023380768797,-138.831803572606,1.49011611938477e-08,1.49011611938477e-08,1.85459983514004,0.48168235691388,1.49011611938477e-08,3.152147877056,11,35
0.185,1000,35,475.363849458819,515.825884375349,475.363849458819,13441.4370672419,14059.9628591642,14324.3115958784,56.8620116647986,55.6503389845697,46.8218358046715,-724.037471186066,-231.013607625299,1.49011611938477e-08,1.49011611938477e-08,1.93128970751493,0.893517454155191,1.49011611938477e-08,4.64635900197694,11,35
0.186,1000,35,625.941852726106,-11656.5900335563,625.941852726106,13669.7347598969,14261.5900986592,13906.3986221047,60.1175300477777,55.8796415375101,48.107151906541,-603.079833180714,-341.989787473438,1.49011611938477e-08,1.49011611938477e-08,1.95015088476307,1.34518934452729,1.49011611938477e-08,6.79854473895467,11,35
0.187,1000,35,600.458621144719,-2986.00487259533,600.458621144719,14033.5944201408,13989.9673842696,13788.6245748041,59.9212937305625,54.1548258128595,48.0399032219347,-420.971776343493,-360.54704115436,1.49011611938477e-08,1.49011611938477e-08,1.883939675681,1.72799646692847,0.828740187052702,6.91316877386034,11,35
0.188,1000,35,597.196340256563,-2408.97442638883,597.196340256563,14030.1900871123,13603.4522061504,14114.3003428985,59.3443137504734,50.5562332583292,47.201446693477,-292.197645298305,-223.65047974069,1.49011611938477e-08,1.49011611938477e-08,1.80711651200277,1.92231647720907,1.45684858904862,3.59939196089999,11,35
0.189,1000,35,585.51999181014,-929.950859520844,585.51999181014,13660.8972674829,13618.3906808945,14486.5239899415,58.8421121126364,45.7250110012074,45.1546111566557,-215.932170500229,-75.5143300056437,1.49011611938477e-08,1.49011611938477e-08,1.85635123547003,2.15892934202697,1.72225030194383,2.27199020463374,11,35
0.19,1000,35,540.505688534326,377.671364642109,540.505688534326,13323.1325789625,14004.757162159,14416.6318904054,58.6508119498949,41.049786066333,43.1034637885145,-239.208355703971,25.6073085435279,1.49011611938477e-08,1.49011611938477e-08,1.9289597639475,2.37412641296475,2.02155613649076,1.85863215371029,11,35
0.191,1000,35,504.666883573304,489.845586489628,504.666883573304,13460.3202253577,14251.9213060973,13973.7142111568,59.3893401925387,39.1381317688735,41.2395249904174,-399.150476017562,33.8195690166287,1.49011611938477e-08,1.49011611938477e-08,1.9544295399202,2.20607138731456,4.45672062625477,1.91605394142565,11,35
0.192,1000,35,476.37651439464,514.710571413152,476.37651439464,13932.1143270119,14037.1507820299,13732.0268968449,60.3479697465705,41.1634688169051,39.8468251019188,-621.922993925451,-127.967823028513,1.49011611938477e-08,1.49011611938477e-08,1.91136804253054,1.82829881092525,1.11817855448872,2.52824698372991,11,35
0.193,1000,35,444.302914229911,522.38720771586,444.302914229911,14152.190580318,13605.2386214391,14016.660314125,60.6984959070923,45.5991215082273,39.0947422414487,-716.372971294296,-402.099375095657,1.49011611938477e-08,1.49011611938477e-08,1.79855166666393,1.66694425895704,1.49011611938477e-08,2.71137784232022,11,35
0.194,1000,35,364.616033377767,526.610306163383,364.616033377767,13883.4333837978,13500.4710057724,14457.9420387873,60.1347161066645,50.2430722149302,38.6124215970133,-654.17925800151,-591.105021066697,1.49011611938477e-08,1.49011611938477e-08,1.81662627054225,1.6925620908191,1.49011611938477e-08,1.99325127516741,11,35
0.195,1000,35,296.43374342468,528.6867745848,296.43374342468,13492.5172213912,13854.3736591834,14508.9771581318,58.7427530276657,53.758249769138,38.2308265913529,-545.284848478394,-614.714754589247,1.49011611938477e-08,1.49011611938477e-08,1.90777200026796,1.71426278334438,1.49011611938477e-08,1.94514818778167,11,35
0.196,1000,35,255.70739261605,529.898399078363,255.70739261605,13498.2758903256,14207.4661633029,14111.9558004721,57.7346925102982,55.726822860274,38.8139432637485,-471.320768113433,-524.906563642247,1.49011611938477e-08,1.49011611938477e-08,1.94831751641145,1.55610035440172,1.49011611938477e-08,3.20787380422153,11,35
0.197,1000,35,199.023971418164,531.614687948115,199.023971418164,13912.752567014,14123.5351747715,13762.1221968114,57.8717113934194,56.3619936646248,40.9084501915,-427.210015703322,-374.928029354506,1.49011611938477e-08,1.49011611938477e-08,1.92271155386625,1.39945667433474,1.49011611938477e-08,17.8296088194014,11,35
0.198,1000,35,240.574274251636,530.383672477271,240.574274251636,14218.282695132,13706.0171476619,13904.454776879,58.1273223800083,55.8798506262978,43.9054282892847,-377.082054486454,-248.257063799347,1.49011611938477e-08,1.49011611938477e-08,1.80167611532659,1.53629208051225,0.776667150356839,8.03191843873162,11,35
0.199,1000,35,437.667239856935,523.218643023816,437.667239856935,14055.2131814865,13493.0914994464,14350.2065753316,56.7116426053491,54.2727320420617,46.6603016321442,-288.486862556379,-187.699255616197,1.49011611938477e-08,1.49011611938477e-08,1.7836585307825,2.02634414841562,1.49738303356648,5.49711316809242,11,35
0.2,1000,35,625.084175571456,-11099.8441397346,625.084175571456,13663.317483494,13767.9617000358,14550.0760378139,52.506913364052,51.876070759148,48.1145317077149,-203.147643495134,-168.692184703751,1.49011611938477e-08,1.49011611938477e-08,1.88171303862779,2.74950937945931,2.35151524743195,6.57362536137828,11,35
0.201,1000,35,612.683197337049,-5831.26429203795,612.683197337049,13563.6193260633,14168.2099952864,14294.7974928932,44.5521434797867,49.7390387635622,47.4445385887807,-202.218717144725,-141.503271917749,1.49011611938477e-08,1.49011611938477e-08,1.94659986138925,3.08093421214973,2.86483933024772,9.14068107773157,11,35
0.202,1000,35,571.734894599799,110.872651398907,571.734894599799,13884.981845967,14188.1389444487,13913.067403873,36.3853010889687,49.0079191247166,45.536828131229,-355.194067593386,-60.9924841594823,1.49011611938477e-08,1.49011611938477e-08,1.94847961298763,1.60048516076963,1.75986084443575,5.76555830474846,11,35
0.203,1000,35,434.053517619418,523.381113438557,434.053517619418,14215.5523703476,13794.8205601719,13920.0196855573,36.0779295668853,50.0005479918998,44.8208359416355,-609.715070790232,2.60264592304761,1.49011611938477e-08,1.49011611938477e-08,1.84178431097918,0.455416591176171,0.763467300305492,2.50945406824872,11,35
0.204,1000,35,323.554210723772,527.856814345697,323.554210723772,14150.6384145349,13475.1992195907,14333.4090480467,42.9346114954847,52.3157721601329,45.4466610001781,-778.812017585027,-34.2836428536602,1.49011611938477e-08,1.49011611938477e-08,1.77823837450502,1.49011611938477e-08,1.49011611938477e-08,2.22104129477935,11,35
0.205,1000,35,269.725632437024,529.499273151813,269.725632437024,13695.9046056076,13646.387189008,14555.094831952,51.1661266010437,54.6853829182373,46.7385721474144,-799.031019605251,-107.203021586848,1.49011611938477e-08,1.49011611938477e-08,1.86044749271563,0.464972292417174,1.49011611938477e-08,2.88852331618374,11,35
0.206,1000,35,458.936169382126,520.274027525945,458.936169382126,13453.0817143349,14087.472273207,14311.50770276,58.2462950288657,56.1911472274195,48.9406047598958,-751.450464926179,-199.315842555629,1.49011611938477e-08,1.49011611938477e-08,1.9336449659114,0.883473227455477,1.49011611938477e-08,4.22202814531302,11,35
0.207,1000,35,625.357191055471,-11277.5001419632,625.357191055471,13704.9833889495,14259.7043936783,13894.5305684812,61.2921114883641,56.2972234949163,50.2290253364952,-616.011573285966,-323.654753104748,1.49011611938477e-08,1.49011611938477e-08,1.9489421339441,1.35509176536848,1.49011611938477e-08,6.3787092368906,11,35
0.208,1000,35,601.230634067965,-3123.77673025927,601.230634067965,14056.69803874,13966.3963041248,13802.3765926131,60.9072362486897,54.4873783407211,50.2266690933663,-424.527733854116,-344.426126047887,1.49011611938477e-08,1.49011611938477e-08,1.8771260791855,1.76720524336861,0.823318734251207,6.54772430043332,11,35
0.209,1000,35,596.446909850468,513.976172646619,596.446909850468,14031.6654847156,13593.4684224923,14145.6648339831,60.1224774438742,50.8043165913508,49.5723942268384,-287.622236056055,-212.281212372525,1.49011611938477e-08,1.49011611938477e-08,1.80571292607653,2.00077889145002,1.46695068998601,3.64160660688642,11,35
0.21,1000,35,582.023538571885,348.592577270772,582.023538571885,13641.5565179256,13637.0745484504,14496.0044615134,59.5348183581986,45.9732052447711,47.7786548587483,-209.782103574915,-68.8647304420835,1.49011611938477e-08,1.49011611938477e-08,1.861371567152,2.2739506671992,1.71635443611113,2.41914914163448,11,35
0.211,1000,35,524.571367418709,445.186408344283,524.571367418709,13313.4302544137,14031.2471132656,14386.4139089216,59.5718622111563,41.4335960435101,45.5002966756277,-241.047096902027,26.5660216141093,1.49011611938477e-08,1.49011611938477e-08,1.93137432169706,2.46781252130513,2.07907542236383,1.98359203370649,11,35
0.212,1000,35,483.330429689033,511.264020733793,483.330429689033,13477.9505045293,14255.3469072553,13937.4431739056,60.5779358399885,39.8265423210971,43.2433962685685,-419.343060984158,26.3096211043489,1.49011611938477e-08,1.49011611938477e-08,1.95451150541479,2.25625375384493,4.47591294356474,2.04676418698389,11,35
0.213,1000,35,473.375086765782,515.692710495829,473.375086765782,13947.321637102,14014.6290430186,13722.9508280542,61.7260360699568,42.2486098264123,41.4447954810556,-645.597949621013,-150.764821290158,1.49011611938477e-08,1.49011611938477e-08,1.90565064549394,1.8592312309438,0.974940590426218,2.63189592356818,11,35
0.214,1000,35,459.206811728522,519.995254895011,459.206811728522,14138.5979155611,13586.1879316952,14032.1361631453,62.1635917923061,46.9097361820102,40.234350890134,-734.076415921244,-428.039290199898,1.49011611938477e-08,1.49011611938477e-08,1.79652685041628,1.68592564194205,1.49011611938477e-08,2.61678287985884,11,35
0.215,1000,35,418.89549199873,524.470010422343,418.89549199873,13851.9024965563,13510.0883272148,14467.537790325,61.5726325932713,51.5975141115338,39.2820819325314,-665.696707558198,-611.044715062673,1.49011611938477e-08,1.49011611938477e-08,1.82277520801227,1.70290739780072,1.49011611938477e-08,1.90691402076313,11,35
0.216,1000,35,352.063206329411,526.999316945095,352.063206329411,13472.5334014996,13879.4310070216,14496.3521516696,60.085927006001,55.0508429657264,38.5750622482682,-559.350827091707,-629.920074230071,1.49011611938477e-08,1.49011611938477e-08,1.91240894100333,1.70997302824276,1.49011611938477e-08,1.88509057291547,11,35
0.217,1000,35,278.096748624196,529.242540750417,278.096748624196,13506.4747747887,14214.9842319944,14089.924245008,59.0581715052643,56.9257029659711,39.1445410495145,-480.907184041347,-524.878443362863,1.49011611938477e-08,1.49011611938477e-08,1.94971583770226,1.52586623398325,1.49011611938477e-08,3.2797435205202,11,35
0.218,1000,35,228.199095763839,530.725991440701,228.199095763839,13926.9897245618,14100.8350349276,13760.4153063614,59.3313493993859,57.4128668464467,41.4405206776098,-442.993836779844,-358.759810841026,1.49011611938477e-08,1.49011611938477e-08,1.91928912057921,1.34907175322649,1.49011611938477e-08,31.5450354973658,11,35
0.219,1000,35,269.201004943638,529.527878595596,269.201004943638,14211.0955141147,13677.2733009847,13931.8616870287,59.8639458863763,56.7633391554009,44.7086717487148,-401.853304142752,-223.549578098536,1.49011611938477e-08,1.49011611938477e-08,1.79829894964648,1.4742618284893,0.792742402272824,6.28989299773959,11,35
0.22,1000,35,469.422505825973,517.78282556095,469.422505825973,14030.1587500014,13489.6662449852,14378.9977555687,58.6778361756312,55.0456366133447,47.7095976708263,-317.376381566798,-163.686370687811,1.49011611938477e-08,1.49011611938477e-08,1.78890283535328,1.9485438003757,1.51868112627862,4.64309302296692,11,35
0.221,1000,35,626.137645017824,533.726150863696,626.137645017824,13641.9492636172,13785.4506344567,14557.1228939051,54.5518347644387,52.6301387529734,49.2073509902146,-237.133597344325,-147.766770881314,1.49011611938477e-08,1.49011611938477e-08,1.88778064346205,2.63540698722964,2.36178884245669,5.54631621485612,11,35
0.222,1000,35,613.154839133583,527.153656892421,613.154839133583,13567.2247457535,14176.8749372628,14281.3134929415,46.8581056277986,50.5525600418105,48.5242866639329,-239.971148479739,-119.221869687549,1.49011611938477e-08,1.49011611938477e-08,1.94891326574979,2.85141225593669,2.76103494194638,7.18309064196704,11,35
0.223,1000,35,571.064729828212,148.142455096313,571.064729828212,13902.670052385,14167.5443007247,13911.9445548655,39.1258846143474,49.8594444316166,46.6222294718111,-401.481683752393,-37.8269944033233,1.49011611938477e-08,1.49011611938477e-08,1.94668713673602,1.48863602159789,1.67037075187115,4.52719749938944,11,35
0.224,1000,35,424.687718031636,524.08944573364,424.687718031636,14216.8508827375,13763.822850887,13945.6412220241,38.7878230101586,50.7910965314975,45.9153826547337,-657.284017026454,24.1088206141282,1.49011611938477e-08,1.49011611938477e-08,1.83737379290021,0.438694934950674,0.734863919927797,2.18193994483258,11,35
0.225,1000,35,321.830084457167,527.936126620882,321.830084457167,14124.3979533961,13464.536498929,14365.6928296997,45.2873138134145,52.8761583335957,46.6599712303487,-818.95529481125,-11.6543948127098,1.49011611938477e-08,1.49011611938477e-08,1.78253808110552,1.49011611938477e-08,1.49011611938477e-08,1.97818617185998,11,35
0.226,1000,35,248.930966594941,530.121686961237,248.930966594941,13662.8438799499,13661.4059059379,14560.2896326781,53.1559716952258,54.941646811755,48.1833214055012,-837.311886261276,-78.6607793675705,1.49011611938477e-08,1.49011611938477e-08,1.86775901647154,0.443624398044669,1.49011611938477e-08,2.55773657570149,11,35
0.227,1000,35,483.926823526514,511.7922041703,483.926823526514,13447.1636631527,14101.8872452035,14294.1605718946,59.8385669858014,56.1916125870045,50.534750180866,-788.321128710598,-179.149936928642,1.49011611938477e-08,1.49011611938477e-08,1.93660595830994,0.855166909957055,1.49011611938477e-08,3.71839150437025,11,35
0.228,1000,35,625.725734900121,533.549212940262,625.725734900121,13720.714282799,14250.8462349183,13884.3096049529,62.4507401180635,56.0478868549248,51.8362741953444,-651.126222900899,-307.843023014936,1.49011611938477e-08,1.49011611938477e-08,1.94879907243632,1.30796275192947,1.49011611938477e-08,5.53520203754709,11,35
0.229,1000,35,598.741726066043,519.663004803364,598.741726066043,14063.035057654,13939.7289702799,13818.1991416502,61.7862336059309,53.938090182762,51.860523482454,-457.783553091588,-328.803635860483,1.49011611938477e-08,1.49011611938477e-08,1.87298284502445,1.70460576593405,0.87748132745317,5.70004324101189,11,35
0.23,1000,35,596.524634795007,514.112554747311,596.524634795007,14015.6203088907,13578.2947002173,14179.0012751274,60.8255880451637,49.9047807380782,51.2812196571286,-316.477839689304,-201.734065904201,1.49011611938477e-08,1.49011611938477e-08,1.80734310264046,1.94877027866455,1.52989731678838,3.46075612500687,11,35
0.231,1000,35,579.376439220784,275.522313590818,579.376439220784,13610.9706559931,13650.696722216,14510.5810114438,60.069808460623,44.6730132729411,49.6951254492981,-237.147297932507,-69.4250521835841,1.49011611938477e-08,1.49011611938477e-08,1.86777856188692,2.23581371857309,1.81316214456285,2.43209463893937,11,35
0.232,1000,35,532.362234854846,416.392251711043,532.362234854846,13299.504037702,14051.3047910378,14367.8874124847,60.0327760960225,39.781873332802,47.6096673087823,-270.606257102779,29.4082329080579,1.49011611938477e-08,1.49011611938477e-08,1.93399575360686,2.41443007867318,2.25074705617941,2.04585917394387,11,35
0.233,1000,35,504.226751481267,491.345666450891,504.226751481267,13494.1307424629,14254.3272605682,13911.693677889,60.967830307722,37.801125711837,45.3151340283239,-451.199862502772,21.1320978832028,1.49011611938477e-08,1.49011611938477e-08,1.95482706825411,2.19541533554258,3.9153048982298,2.12300376547911,11,35
0.234,1000,35,483.372587345663,511.164291499689,483.372587345663,13965.1390476421,13992.0816627143,13725.2466072841,61.9420733338783,40.0569430708007,43.2631266835751,-663.641067999893,-171.038179522168,1.49011611938477e-08,1.49011611938477e-08,1.89955754743359,1.85619871468398,0.859109316270844,2.71408532883558,11,35
0.235,1000,35,463.819377003572,518.908451610286,463.819377003572,14130.8290798836,13572.7312574008,14057.1524694552,62.0810635452386,44.7027068942914,41.7312612320171,-726.756829777029,-451.284200760446,1.49011611938477e-08,1.49011611938477e-08,1.79460067110441,1.74475906637725,1.49011611938477e-08,2.61631468205903,11,35
0.236,1000,35,425.0785540573,524.089105559455,425.0785540573,13826.5050027252,13525.749786189,14482.7639488036,61.0716134379319,49.2819469353181,40.4339583136913,-646.959445931405,-619.908181680216,1.49011611938477e-08,1.49011611938477e-08,1.8285921981659,1.81153957394259,1.49011611938477e-08,1.90185021932767,11,35
0.237,1000,35,363.77197201561,526.63030193728,363.77197201561,13458.8310062289,13907.989137045,14481.4176031494,59.2142638457838,52.5267937324012,39.4577200364925,-532.881328438448,-631.588230991077,1.49011611938477e-08,1.49011611938477e-08,1.91652194614049,1.83976218205015,1.49011611938477e-08,1.90732158411564,11,35
0.238,1000,35,280.949390021667,529.13833964926,280.949390021667,13520.9817401125,14224.0424737514,14061.6100466432,58.1197837469126,54.1752163542763,39.9499540247319,-463.558520769316,-516.084631332188,1.49011611938477e-08,1.49011611938477e-08,1.95082122538867,1.63698814235681,1.49011611938477e-08,3.39870575305011,11,35
0.239,1000,35,205.656186464718,531.412624899238,205.656186464718,13948.8745581099,14081.688486329,13753.3250822514,58.5634436066196,54.4558559579584,42.157945445793,-440.31347064816,-345.755326495674,1.49011611938477e-08,1.49011611938477e-08,1.91463633702147,1.41868854534358,1.49011611938477e-08,41.3505421135497,11,35
0.24,1000,35,250.900320964728,530.082978751618,250.900320964728,14208.4816667701,13655.5392087589,13951.570272757,59.414193409824,53.6518210257849,45.4150791757159,-412.276653588887,-213.905293985213,1.49011611938477e-08,1.49011611938477e-08,1.79429977425311,1.51194253962001,0.803911466445541,6.21082208292403,11,35
0.241,1000,35,476.27399784116,515.226984870959,476.27399784116,14006.2229518506,13492.4825644665,14399.7249253076,58.5256044530872,51.9264377486547,48.4001466436093,-339.368386912832,-164.568592821166,1.49011611938477e-08,1.49011611938477e-08,1.79331755668372,1.96329059660942,1.48852840116949,4.78227241820922,11,35
0.242,1000,35,626.923840104657,534.362984667239,626.923840104657,13624.2142133712,13807.9410532331,14552.8200252003,54.4886513641061,49.5722662845944,49.7525209224069,-257.552638215661,-153.655436800802,1.49011611938477e-08,1.49011611938477e-08,1.8930008698129,2.61628287792478,2.24474845426779,5.90285437153033,11,35
0.243,1000,35,613.395994818767,527.241311684695,613.395994818767,13576.1537581202,14186.8407420225,14258.3573478682,46.8811495816324,47.6423710869059,48.8409132750029,-264.787873688915,-125.618561929259,1.49011611938477e-08,1.49011611938477e-08,1.95082453362901,2.7366297392063,2.45562131005473,7.70862251778088,11,35
0.244,1000,35,571.566849750341,113.832195482113,571.566849750341,13924.9829822024,14149.3289169059,13900.4428167702,39.4516907135845,47.1171282080446,46.7869197478059,-427.717745453797,-42.6807999073118,1.49011611938477e-08,1.49011611938477e-08,1.94353207454062,1.40969467619764,1.48616633452278,4.6003865163232,11,35
0.245,1000,35,427.430831160106,523.860434515767,427.430831160106,14222.0518514115,13735.1389155263,13963.7323938295,39.4290537706475,48.205455768415,46.05884263264,-674.075055996732,17.4878066667513,1.49011611938477e-08,1.49011611938477e-08,1.83074870399429,0.435525749449969,0.655145253715088,2.19819787191415,11,35
0.246,1000,35,299.337159665503,528.612283412987,299.337159665503,14103.1524512529,13459.2767028029,14387.2760614803,45.894879045739,50.2958739599157,46.9030666549857,-816.775626879068,-12.1092630454109,1.49011611938477e-08,1.49011611938477e-08,1.78504003786124,0.168269432429654,1.49011611938477e-08,1.9982841403636,11,35
0.247,1000,35,263.511882778614,529.686611410706,263.511882778614,13637.7874815396,13682.640272184,14557.4207824174,53.552701583242,52.2509365723544,48.6324682272544,-832.327208122806,-77.6504728758116,1.49011611938477e-08,1.49011611938477e-08,1.87357563921935,0.515397773023947,1.49011611938477e-08,2.56541067011396,11,35
0.248,1000,35,488.98109832764,508.596711168291,488.98109832764,13449.675298569,14120.2139329745,14269.1760102652,59.9161439433677,53.4152788815445,51.027152595962,-781.291155533655,-179.883389762518,1.49011611938477e-08,1.49011611938477e-08,1.93884451077067,0.918185854817227,1.49011611938477e-08,3.73372180680486,11,35
0.249,1000,35,624.803936580058,-10984.1430755489,624.803936580058,13743.1637060721,14236.938075318,13863.5937737582,62.3459894343261,53.285713155846,52.3059910769606,-646.089212595265,-308.830819019849,1.49011611938477e-08,1.49011611938477e-08,1.94722891794975,1.37034679805439,0.13692579694431,5.52502680583231,11,35
0.25,1000,35,597.1559480406,-2448.11224298655,597.1559480406,14070.5237087671,13908.4347265575,13824.8705981522,61.7060363500188,51.2762596542306,52.3320579992084,-463.697509021194,-325.819032992706,1.49011611938477e-08,1.49011611938477e-08,1.86696060153791,1.7505245202406,0.880227515000908,5.66207885094182,11,35
0.251,1000,35,597.626012255426,-2463.37829050691,597.626012255426,13999.4299981001,13564.1353867627,14201.5792092596,60.8620942478452,47.2724657320264,51.7452022885789,-338.880690144003,-207.528317859978,1.49011611938477e-08,1.49011611938477e-08,1.80816557049696,1.97424406863879,1.5348389242316,3.51384158785439,11,35
0.252,1000,35,579.66875972194,-236.659473058925,579.66875972194,13582.0924991122,13664.9193534977,14511.9187756378,60.2122321281302,42.0701765763075,50.1725870637167,-262.885779036379,-73.3074197447453,1.49011611938477e-08,1.49011611938477e-08,1.87325095062025,2.23848012580201,1.91067580210255,2.50665860502826,11,35
0.253,1000,35,521.929624416804,452.721385271929,521.929624416804,13290.716250196,14071.1225832256,14344.0480067485,60.3019292951807,37.3030097946321,48.1075321368492,-305.295563046995,19.9268605989354,1.49011611938477e-08,1.49011611938477e-08,1.93610530567128,2.37483805481252,2.52163511654856,2.12360682053767,11,35
0.254,1000,35,490.458293253279,506.01373588782,490.458293253279,13510.3486609466,14249.6363774653,13885.7014357975,61.3196085042387,35.6670798000357,45.8048381631524,-488.093303290665,2.7763539646376,1.49011611938477e-08,1.49011611938477e-08,1.95482437419463,2.13669189741635,3.03001141443692,2.2041160934209,11,35
0.255,1000,35,484.015580004055,510.801564390511,484.015580004055,13978.2013971458,13965.8874687544,13727.4273999099,62.3106231720629,38.4955858262457,43.6794963283351,-689.351956435362,-196.234272794912,1.49011611938477e-08,1.49011611938477e-08,1.89370506677049,1.82255973977815,0.725387425052256,2.76632095454994,11,35
0.256,1000,35,478.36350321201,513.736608198953,478.36350321201,14118.6196561948,13555.345460952,14081.5248857026,62.3108794369611,43.5214065675886,42.0185052151443,-734.465822402193,-457.105578612596,1.49011611938477e-08,1.49011611938477e-08,1.79332628296721,1.73911796254948,1.49011611938477e-08,2.6075096226473,11,35
0.257,1000,35,447.683957127907,521.938765076261,447.683957127907,13798.0733953681,13537.9280781706,14496.872515217,61.0017177066574,48.2336458822733,40.5370219853742,-639.845585868416,-624.19044012105,1.49011611938477e-08,1.49011611938477e-08,1.83462821380087,1.82287755644248,1.49011611938477e-08,1.92378201142999,11,35
0.258,1000,35,391.172456240277,525.724593023852,391.172456240277,13443.6098081127,13931.6178118608,14467.8441942979,58.8765760948901,51.4409277992025,39.4157899343284,-524.499316150629,-623.992808756635,1.49011611938477e-08,1.49011611938477e-08,1.92035334347068,1.84238209974085,1.49011611938477e-08,1.97726864425016,11,35
0.259,1000,35,299.015686258002,528.611582297186,299.015686258002,13533.561339809,14227.3931821616,14039.2721424724,57.7147501939132,52.9959882058354,39.9014706584663,-461.465523741351,-498.934401096488,1.49011611938477e-08,1.49011611938477e-08,1.95178016665992,1.61186854137039,1.49011611938477e-08,3.71999266265064,11,35
0.26,1000,35,225.261392893192,530.818471413056,225.261392893192,13964.6488507864,14055.8675974942,13754.0109583104,58.2931406077243,53.1811000663113,42.1408459732067,-450.340232097488,-325.119327738903,1.49011611938477e-08,1.49011611938477e-08,1.90984808501284,1.37310372659094,0.140796748354962,466.172972003596,11,35
0.261,1000,35,277.131785960255,529.298756783694,277.131785960255,14200.7717707675,13628.7843252847,13979.4050447119,59.4160629174779,52.3206708691392,45.4211353600512,-435.27747997061,-203.180634107788,1.49011611938477e-08,1.49011611938477e-08,1.79092125050197,1.45648907222734,0.833844092529971,5.50370554595358,11,35
0.262,1000,35,507.588251125107,488.10906768008,507.588251125107,13977.9986172406,13492.6523115305,14425.6741716928,58.7369748708645,50.5892450086503,48.3642660621735,-363.765680745502,-155.94840458502,1.49011611938477e-08,1.49011611938477e-08,1.79871542396647,1.88586288088866,1.48398158632714,4.47535993719125,11,35
0.263,1000,35,626.461421101996,-11952.7536950059,626.461421101996,13604.3972271987,13826.9161757786,14555.2264463657,54.7198147115498,48.3709862115156,49.4786803193639,-284.545094153608,-149.288544074737,1.49011611938477e-08,1.49011611938477e-08,1.89824462505679,2.48129810222341,2.16050037830632,5.61105827533667,11,35
0.264,1000,35,612.184828426865,-5680.60722054288,612.184828426865,13582.3644639444,14192.4297612407,14242.5113270089,47.3561514921868,46.6552506763408,48.32194261091,-297.617964510845,-118.645995489154,1.49011611938477e-08,1.49011611938477e-08,1.95255758986941,2.49578327050109,2.25196672256999,6.98418986644516,11,35
0.265,1000,35,566.223013833764,184.118842766238,566.223013833764,13942.22844994,14125.1382473072,13898.4983082609,40.4464074898659,46.2614904923987,46.1668056099045,-465.404573496499,-31.8208588889123,1.49011611938477e-08,1.49011611938477e-08,1.94018390156804,1.27313406754516,1.38097864519801,3.96085973637041,11,35
0.266,1000,35,404.757762878381,525.156450810739,404.757762878381,14220.7270944811,13703.3997708189,13988.6477166137,40.8770704555507,47.3902911920656,45.5150022196226,-695.714023412113,27.2959367581336,1.49011611938477e-08,1.49011611938477e-08,1.82532836379782,0.379119794079515,0.62900119748038,1.97276423592589,11,35
0.267,1000,35,279.313453967041,529.186715834576,279.313453967041,14077.5180131277,13450.730174463,14415.5967924621,47.3414314022868,49.4024963689095,46.5359706767669,-837.424562410067,-0.714982916556634,1.49011611938477e-08,1.49011611938477e-08,1.78865552715006,0.149317611681963,1.49011611938477e-08,1.84569266472486,11,35
0.268,1000,35,239.518456863121,530.43060595311,239.518456863121,13610.3157892656,13698.0488098919,14557.2910812107,54.7624257314058,51.1511756892962,48.5585815622999,-847.842018182244,-62.8961039589704,1.49011611938477e-08,1.49011611938477e-08,1.87955790683697,0.511919346514561,1.49011611938477e-08,2.38048505823435,11,35
0.269,1000,35,509.638215793156,485.08345998107,509.638215793156,13450.9052133915,14132.1143071613,14248.14176673,60.9017192174807,52.1813300045536,51.1498423158799,-795.380848174912,-169.566683417689,1.49011611938477e-08,1.49011611938477e-08,1.94112169030796,0.915432983206251,1.49011611938477e-08,3.49111725356182,11,35
0.27,1000,35,624.776405982216,-10981.323718804,624.776405982216,13762.4750819352,14222.7870019701,13851.7279896382,63.0895971735581,51.957022662372,52.4820635755206,-660.595525042825,-302.700411206095,1.49011611938477e-08,1.49011611938477e-08,1.94605719408335,1.35921527418356,0.2617271798272,5.17391926147359,11,35
0.271,1000,35,595.323172935141,-2178.18215910213,595.323172935141,14076.2238144622,13879.4839785707,13838.7834009964,62.3336039859329,49.8467917731243,52.5381318765424,-489.419563990963,-323.841558028946,1.49011611938477e-08,1.49011611938477e-08,1.86194743082658,1.72876933827571,0.912662898012005,5.36130259659096,11,35
0.272,1000,35,597.248544658989,-2406.47424478316,597.248544658989,13982.2107207643,13550.0837627114,14228.6544714,61.4242752859032,45.7220768632924,52.0021152163475,-357.027247918094,-208.122992713387,1.49011611938477e-08,1.49011611938477e-08,1.80960193597089,1.95788486917315,1.56363355616199,3.51464291361813,11,35
0.273,1000,35,576.460193671566,17.6033902164866,576.460193671566,13554.0180280346,13678.9320646131,14517.6823673587,60.7259001771396,40.3555156176403,50.5500875657829,-283.190961242824,-78.8310737223776,1.49011611938477e-08,1.49011611938477e-08,1.8786193913353,2.22371741692282,2.00263074852114,2.58297893177648,11,35
0.274,1000,35,528.281210354754,431.826743994236,528.281210354754,13285.0742200787,14089.2466164901,14319.7866632112,60.8030124107287,35.4099764457268,48.6003220003515,-330.911936648218,10.4256661841541,1.49011611938477e-08,1.49011611938477e-08,1.93796728389031,2.34136455561482,2.70656378321504,2.21283927155646,11,35
0.275,1000,35,507.85214320852,485.075986907668,507.85214320852,13534.4877087597,14245.3401601187,13861.9696266522,61.7351704415121,33.599296378218,46.3443691194986,-511.924206695912,-14.7402243195069,1.49011611938477e-08,1.49011611938477e-08,1.95454511267505,2.10263883723151,2.53178745427653,2.30146176747479,11,35
0.276,1000,35,499.438290471753,497.445449044102,499.438290471753,13997.3390731346,13940.8444074116,13734.6011361382,62.5504564876387,36.497093638631,44.2124930245987,-690.362444749636,-208.721545499345,1.49011611938477e-08,1.49011611938477e-08,1.88673591343116,1.82803876453556,0.630317752806005,2.86148678051155,11,35
0.277,1000,35,482.76942900816,511.396549883464,482.76942900816,14110.77027209,13542.6375943848,14108.4181956173,62.2904634347887,41.6519584700807,42.5705173652791,-719.673293761837,-477.128430280221,1.49011611938477e-08,1.49011611938477e-08,1.791736652194,1.785307788302,1.49011611938477e-08,2.61769538977585,11,35
0.278,1000,35,443.665105468954,522.445801437867,443.665105468954,13773.601691245,13554.6901457219,14509.5901653769,60.6500116639461,46.3279961072911,41.0789419500127,-612.708463510833,-629.515166692174,1.49011611938477e-08,1.49011611938477e-08,1.84010680914988,1.8988220578612,1.49011611938477e-08,1.94968149670537,11,35
0.279,1000,35,377.078710750058,526.194927369272,377.078710750058,13432.7960986834,13958.7562999435,14449.6045784113,58.3459367031541,49.4061683259362,40.022265870276,-499.386286778653,-616.839236281487,1.49011611938477e-08,1.49011611938477e-08,1.92363926457838,1.92382367339881,1.49011611938477e-08,2.06124874719058,11,35
0.28,1000,35,281.665467660813,529.1148946083,281.665467660813,13551.4488650834,14232.5208036445,14011.3423284829,57.2413336589892,50.8251764107079,40.5957106103054,-444.861765633589,-485.943826047408,1.49011611938477e-08,1.49011611938477e-08,1.95232408810673,1.68002245334368,1.49011611938477e-08,3.99676793556116,11,35
0.281,1000,35,211.804459334096,531.226192350199,211.804459334096,13986.6666184491,14034.7107406157,13749.9802925465,57.9529920037638,50.8890216874425,42.7559417158487,-442.626126637884,-324.465567049552,1.49011611938477e-08,1.49011611938477e-08,1.9037226247236,1.42958263651584,0.26792865608745,148.250805237845,11,35
0.282,1000,35,277.3598610928,529.2918214092,277.3598610928,14197.5551634516,13608.3924765741,14000.5898792483,59.1636159100543,49.9679372825847,45.8618445598966,-431.271171244629,-205.918203651949,1.49011611938477e-08,1.49011611938477e-08,1.78648953290168,1.5138876551206,0.865197852949433,5.82598736434126,11,35
0.283,1000,35,514.086146763613,475.605986432602,514.086146763613,13956.8954280801,13499.8885549096,14443.0157477092,58.3878115909141,48.2260775260598,48.5519085074442,-358.592882117165,-168.706485709285,1.49011611938477e-08,1.49011611938477e-08,1.80308748664513,1.95459353064621,1.48137175951192,4.96669729703298,11,35
0.284,1000,35,624.111410962547,-10639.1909604121,624.111410962547,13590.9287773272,13850.7929278655,14547.2881556769,54.1682699116205,46.1084156488498,49.3046037586337,-281.385879421156,-165.666228925149,1.49011611938477e-08,1.49011611938477e-08,1.90259613151983,2.54822315726447,2.0864094682456,6.5496615836661,11,35
0.285,1000,35,610.34131662902,-5148.63257466502,610.34131662902,13595.3549267814,14199.7937812828,14218.1765430953,46.719806848456,44.5760401018952,47.7753803016946,-300.713601810204,-130.65541471556,1.49011611938477e-08,1.49011611938477e-08,1.95381929524126,2.48578121484453,2.09015240533256,8.28689369511747,11,35
0.286,1000,35,558.943646708057,248.272638829178,558.943646708057,13964.9365159292,14105.0225329711,13889.7214078338,40.0143399396357,44.3653193350206,45.385833451717,-462.352848489986,-41.759689265274,1.49011611938477e-08,1.49011611938477e-08,1.93554994257122,1.21322537965047,1.28076684221243,4.10356815541766,11,35
0.287,1000,35,398.502883713005,525.416880527752,398.502883713005,14225.1544465691,13677.1376819903,14008.4513726633,40.9122808748012,45.6354604011494,44.7411445562168,-700.629530257879,25.1325463505927,1.49011611938477e-08,1.49011611938477e-08,1.81846656783556,0.341396259203577,0.585542705143545,1.96772415831192,11,35
0.288,1000,35,265.308359432734,529.606574070028,265.308359432734,14058.1013539816,13449.9420927855,14436.7112037361,47.5580967037853,47.6000470656691,45.968583051668,-830.679791984786,1.08064758994256,1.49011611938477e-08,1.49011611938477e-08,1.7911373318034,0.181692715012041,1.49011611938477e-08,1.84293434442146,11,35
0.289,1000,35,259.803772577192,529.811778890955,259.803772577192,13591.232935369,13721.844597608,14552.588994216,54.9403399608694,49.217576948699,48.2889663568298,-837.542733832887,-58.0462438859638,1.49011611938477e-08,1.49011611938477e-08,1.88449913795457,0.542543083068719,1.49011611938477e-08,2.3705828987394,11,35
0.29,1000,35,523.895355049952,452.336911602914,523.895355049952,13460.4913502316,14148.2943112594,14222.9261265081,60.8855460087549,50.1643522583963,50.9891311798745,-783.492808958046,-168.789333650486,1.49011611938477e-08,1.49011611938477e-08,1.9428621383728,0.949981260249724,1.49011611938477e-08,3.50478068193656,11,35
0.291,1000,35,624.120270454325,-10611.6537380571,624.120270454325,13788.6061516226,14206.0220087949,13835.0329269738,62.9289821762025,49.9817617560796,52.3034654714342,-659.153295466873,-297.793512307521,1.49011611938477e-08,1.49011611938477e-08,1.94343618051516,1.39418950251526,0.306154953268084,5.21093275235103,11,35
0.292,1000,35,593.603064150502,508.089647266938,593.603064150502,14084.3681047564,13849.4643983002,13850.447892917,62.2236129208142,48.0081872746806,52.356787971966,-489.858109920188,-319.740444840235,1.49011611938477e-08,1.49011611938477e-08,1.85561102435468,1.74778558876795,0.91946696128327,5.36619484315239,11,35
0.293,1000,35,597.574612558411,516.737429571543,597.574612558411,13966.9763687098,13540.7633496939,14252.9441556316,61.4141049276636,43.9042384038357,51.7879482783318,-366.146087729549,-204.810068541032,1.49011611938477e-08,1.49011611938477e-08,1.8108447401291,1.96522133756682,1.5681889977227,3.55231414202861,11,35
0.294,1000,35,575.267592430294,124.0437869701,575.267592430294,13530.5948859902,13697.1116741424,14518.6009823261,60.7978976517676,38.5542614821489,50.3201908177248,-300.664239801041,-79.3502570783392,1.49011611938477e-08,1.49011611938477e-08,1.88348483440745,2.21507468379048,2.06639243061159,2.63238439481146,11,35
0.295,1000,35,517.895825470924,464.666922405005,517.895825470924,13285.1437631978,14108.0928653944,14297.6420245004,60.9820928683416,33.6872393446966,48.3767779673028,-356.398174092678,5.92723265135312,1.49011611938477e-08,1.49011611938477e-08,1.93957068447936,2.29943027633742,2.83795301200018,2.26085285402435,11,35
0.296,1000,35,495.312086838028,501.651247446162,495.312086838028,13557.1961827429,14236.5815922847,13842.0755453612,61.9888662941301,32.1377547516278,46.1112412244322,-529.192186893181,-20.1863414221562,1.49011611938477e-08,1.49011611938477e-08,1.95392837174606,2.04189054334999,2.10387304494208,2.3480717352691,11,35
0.297,1000,35,502.612976924131,493.497809561471,502.612976924131,14013.6018618238,13915.0195208451,13745.4042066621,62.8450699813932,35.430708165254,43.9544401453614,-710.653688006749,-221.624456289642,1.49011611938477e-08,1.49011611938477e-08,1.88038502836396,1.77339672598821,0.523553132558451,2.88912595759551,11,35
0.298,1000,35,499.264560557766,497.445642882587,499.264560557766,14099.8296581209,13529.7866071527,14137.5275090638,62.5320569332655,40.7665042185529,42.2985115001137,-726.217781843557,-478.389458307882,1.49011611938477e-08,1.49011611938477e-08,1.79164716670413,1.73734971122471,1.49011611938477e-08,2.67158220820864,11,35
0.299,1000,35,467.924500532331,517.698652664673,467.924500532331,13747.7811483582,13570.9852404703,14524.5043756715,60.7787287330752,45.4436951927356,40.8202746421681,-613.366647170058,-614.991850135796,1.49011611938477e-08,1.49011611938477e-08,1.84635682437381,1.8442103436792,1.49011611938477e-08,2.05768274237796,11,35
0.3,1000,35,404.929893712158,525.147703716622,404.929893712158,13423.6662964683,13983.0317235141,14436.967993685,58.472697717025,48.4271375339442,39.8856217921629,-503.477188083034,-591.054261841391,1.49011611938477e-08,1.49011611938477e-08,1.92698970982574,1.84487569741473,1.49011611938477e-08,2.27089241512542,11,35
0.301,1000,35,307.482640317102,528.354390597722,307.482640317102,13568.9302063268,14233.9105430602,13993.411134882,57.5101066338381,49.7217561174378,40.6545481995595,-457.751886984923,-462.454537534448,1.49011611938477e-08,1.49011611938477e-08,1.95292306303699,1.58739419885852,1.49011611938477e-08,4.86515773691068,11,35
0.302,1000,35,234.412129483885,530.555823695471,234.412129483885,14003.7634104197,14008.9717626663,13757.7612458402,58.416145995346,49.681157664657,42.9509159103263,-463.782205949499,-295.142687541587,1.49011611938477e-08,1.49011611938477e-08,1.89830849191332,1.3574237335084,0.332934204113016,22.7667191555738,11,35
0.303,1000,35,303.913106519275,528.485596803618,303.913106519275,14190.8412827236,13586.5728584265,14033.2744046248,59.7755797566982,48.7039619313895,46.0937077818013,-456.533878432571,-186.927392122093,1.49011611938477e-08,1.49011611938477e-08,1.78426304678061,1.45875860924631,0.887353397792715,5.05087787895028,11,35
0.304,1000,35,555.697078166451,285.932313224652,555.697078166451,13930.1804178044,13505.7724798473,14471.6744889405,58.9903394994548,46.9803158315664,48.6077841355899,-382.191151972901,-159.155910451623,1.49011611938477e-08,1.49011611938477e-08,1.80905260816338,1.89054324970637,1.47327477184229,4.61386696772887,11,35
0.305,1000,35,625.082210734862,-11137.0853272755,625.082210734862,13574.7289470584,13872.6549503789,14549.7599781903,54.6527538988838,44.9855693986486,49.0021214255882,-305.850401658789,-158.441975070425,1.49011611938477e-08,1.49011611938477e-08,1.90751498455652,2.43230089898245,2.01182395039355,6.12245700297117,11,35
0.306,1000,35,608.628980305267,-4696.25848558401,608.628980305267,13605.6640927821,14204.839019429,14205.484253365,47.329709384186,43.6249220379623,47.1339861878931,-325.693831656993,-121.557620906041,1.49011611938477e-08,1.49011611938477e-08,1.95532442355775,2.28185281196107,1.95635084895803,7.12707839018639,11,35
0.307,1000,35,553.095984146398,295.39041309176,553.095984146398,13983.1005399083,14080.6462173685,13893.4240323381,41.0696633851979,43.5069153137821,44.6213132199578,-497.366347473772,-23.2537057923765,1.49011611938477e-08,1.49011611938477e-08,1.93143930004649,1.09790656429112,1.21270368062019,3.43228278919928,11,35
0.308,1000,35,381.907473813958,526.029839616551,381.907473813958,14222.0406007583,13648.627235757,14038.2841848067,42.3856981459736,44.7898389319006,44.0931451137501,-731.264210791757,44.0402372455953,1.49011611938477e-08,1.49011611938477e-08,1.81383129250679,0.276919509770922,0.573159571863938,1.7333835977451,11,35
0.309,1000,35,244.424164928085,530.23573483963,244.424164928085,14033.1472370617,13447.1261973745,14466.0799523409,48.9383302756384,46.6524924609748,45.5176590450948,-849.230472915413,20.0139875470131,1.49011611938477e-08,1.49011611938477e-08,1.79551742612859,0.148879587808881,1.49011611938477e-08,1.6778005344007,11,35
0.31,1000,35,283.227131258712,529.123206792408,283.227131258712,13568.6631703809,13742.0619422603,14553.8314347316,56.0971450246418,48.1100430687257,48.1016387970629,-852.014692573419,-37.5667172256054,1.49011611938477e-08,1.49011611938477e-08,1.89003498468415,0.531927523323902,1.49011611938477e-08,2.1752212380319,11,35
0.311,1000,35,562.534102938411,226.567751332273,562.534102938411,13467.0295672694,14160.849210494,14207.2889410342,61.7818372365511,48.977524271822,50.8829452615108,-800.684405555203,-144.808049895744,1.49011611938477e-08,1.49011611938477e-08,1.94485363658722,0.937999560216825,1.49011611938477e-08,3.21711205269048,11,35
0.312,1000,35,622.964809421805,-10000.2501928222,622.964809421805,13808.6731252433,14191.2482179167,13832.2124175746,63.4814635296905,48.7232823927429,52.1188592605748,-673.24181735976,-280.908765019134,1.49011611938477e-08,1.49011611938477e-08,1.94173873193456,1.3634532988503,0.388490730686382,4.72354937880966,11,35
0.313,1000,35,589.965841968076,-1464.7025134277,589.965841968076,14087.3069841755,13822.1825502506,13872.4407096806,62.6204164989128,46.6469563786958,52.1720750154854,-508.03008188992,-300.296457937622,1.49011611938477e-08,1.49011611938477e-08,1.85103304763862,1.69831821300574,0.957110813795813,4.83278346761726,11,35
0.314,1000,35,598.900724557678,-2674.91667912311,598.900724557678,13946.6762835711,13531.5131705715,14283.298778227,61.7544175126728,42.4752503798274,51.7013658265991,-386.555599446772,-191.041772797517,1.49011611938477e-08,1.49011611938477e-08,1.81336155891967,1.91550974880254,1.5919515257868,3.34634252124524,11,35
0.315,1000,35,575.974901116553,44.3386025723427,575.974901116553,13503.9536079762,13714.1918256949,14525.0011020419,61.0903868516421,37.0339284547134,50.3663431265497,-324.649497997468,-70.7725584815548,1.49011611938477e-08,1.49011611938477e-08,1.88865617007451,2.15661587197295,2.11403271234583,2.55694544663203,11,35
0.316,1000,35,527.752289411291,433.782286928766,527.752289411291,13283.9457657579,14125.414526202,14275.0707393392,61.2254739764704,32.0964287197111,48.5203297588382,-379.417307948909,6.24618950465797,1.49011611938477e-08,1.49011611938477e-08,1.94125370256916,2.21809831082369,2.86250655476698,2.23208230744261,11,35
0.317,1000,35,513.392732632021,474.500953386116,513.392732632021,13583.509834961,14229.7489732498,13824.3777165091,62.1120306067601,30.5735076851827,46.3011146907549,-556.936937642366,-29.3219320040514,1.49011611938477e-08,1.49011611938477e-08,1.95332709050927,1.97495879433681,1.84365693987126,2.34995473961448,11,35
0.318,1000,35,512.339012756482,477.20082594689,512.339012756482,14031.4694909368,13889.7499265436,13759.3736953254,62.7315409701779,34.0985735191432,44.2174045990557,-720.105059544762,-243.233479808308,1.49011611938477e-08,1.49011611938477e-08,1.87352203764075,1.75767375206486,0.462138251760661,2.91502339691705,11,35
0.319,1000,35,493.248698383177,503.668324242844,493.248698383177,14089.7720929447,13519.2482264396,14167.5105340151,62.089781464091,39.5548366556745,42.6830794596411,-712.289063070399,-495.757910354149,1.49011611938477e-08,1.49011611938477e-08,1.79124347530251,1.76752379348179,1.49011611938477e-08,2.65701212460859,11,35
0.32,1000,35,448.280753965216,521.847813839437,448.280753965216,13723.2019070214,13589.7499211887,14535.7663873613,59.9869799296766,44.1731637475595,41.2865118690633,-589.259220812414,-619.013190543346,1.49011611938477e-08,1.49011611938477e-08,1.85197118342217,1.90233605057378,1.49011611938477e-08,2.07354645140855,11,35
0.321,1000,35,373.646548380224,526.307561646077,373.646548380224,13415.2790266892,14008.5121301427,14415.2285329575,57.5606722013492,47.0423452185215,40.5343719049797,-486.676296965208,-588.320609411067,1.49011611938477e-08,1.49011611938477e-08,1.92975309982172,1.90672174531595,1.49011611938477e-08,2.36710395517324,11,35
0.322,1000,35,273.063777557953,529.385315989099,273.063777557953,13588.9409128732,14235.6370327362,13965.746821083,56.6793473989676,48.2483070482001,41.4268921725272,-444.011954583759,-451.259223687439,1.49011611938477e-08,1.49011611938477e-08,1.95288766949735,1.64120465528477,1.49011611938477e-08,5.25325265091333,11,35
0.323,1000,35,209.609687356325,531.297704699821,209.609687356325,14025.2343743907,13987.6566518297,13756.4800136242,57.6586229586614,48.1569240673741,43.6604247840395,-454.769380746439,-290.460983879691,1.49011611938477e-08,1.49011611938477e-08,1.89129200535811,1.40905265269995,0.417844310550998,21.5438536257495,11,35
0.324,1000,35,304.303509890562,528.494381995903,304.303509890562,14185.8423819244,13570.1209225903,14054.7359161949,58.9611563037092,47.1766971454045,46.6319277837702,-445.177616913932,-193.378471399101,1.49011611938477e-08,1.49011611938477e-08,1.78065521192688,1.51857192082427,0.93010311172354,5.3956589066613,11,35
0.325,1000,35,546.052433158959,352.687727077766,546.052433158959,13906.6533087803,13517.9813166084,14483.2986093685,57.9449758830183,45.4775595590628,48.910520149181,-368.037678869515,-172.882007886387,1.49011611938477e-08,1.49011611938477e-08,1.81408848417087,1.96488114449278,1.49551941047393,5.13246437814647,11,35
0.326,1000,35,623.847337686284,-10425.468912906,623.847337686284,13562.5066301144,13898.9068226972,14534.9954990325,53.3568299855106,43.631307416269,49.0112553536484,-297.456532820369,-174.757617343544,1.49011611938477e-08,1.49011611938477e-08,1.91158776728261,2.50165494253656,1.98615424798004,7.1333220245978,11,35
0.327,1000,35,606.895565002243,-4274.75215758297,606.895565002243,13620.2947023967,14210.617107795,14176.6713350104,45.8360489763494,42.4351517879462,46.8939161296692,-323.514025653016,-133.347550529764,1.49011611938477e-08,1.49011611938477e-08,1.95635076199906,2.26477466271785,1.86995239968962,8.37133722610209,11,35
0.328,1000,35,545.006764841368,349.868124801188,545.006764841368,14005.0294399011,14060.3786848356,13881.7603548523,39.8372515170602,42.5046156850598,44.3402249141623,-501.596010303271,-32.7871542343153,1.49011611938477e-08,1.49011611938477e-08,1.92576777791543,1.03625290353651,1.14362862965777,3.59483468516669,11,35
0.329,1000,35,362.041840423201,526.657812074956,362.041840423201,14222.6128040096,13626.2271063659,14052.6286633311,41.7849943578031,43.9286718964492,43.9442434651585,-730.09865227399,30.9648685155197,1.49011611938477e-08,1.49011611938477e-08,1.8076302720572,0.23843905054308,0.531090315021834,1.80098040098465,11,35
0.33,1000,35,234.59249548188,530.557095481683,234.59249548188,14010.9368661266,13451.7970361095,14479.0556700409,48.7224958976868,45.8012336711854,45.5511755339025,-836.308330801262,6.30007449492258,1.49011611938477e-08,1.49011611938477e-08,1.79876897573685,0.217141824898296,1.49011611938477e-08,1.77874334690126,11,35
0.331,1000,35,311.461090335999,528.264648006976,311.461090335999,13550.0494391513,13768.3107972788,14538.9895092495,56.0523592998127,47.218682732478,48.337863099181,-836.067989263929,-48.2996673476124,1.49011611938477e-08,1.49011611938477e-08,1.89457224795754,0.58851193078204,1.49011611938477e-08,2.32355632522232,11,35
0.332,1000,35,597.48909022602,-174.402705199205,597.48909022602,13477.5452252343,14175.6956269883,14175.5298287441,61.6422949871499,48.0442711373733,51.1352623527772,-780.020810551307,-163.655701332078,1.49011611938477e-08,1.49011611938477e-08,1.9462593835145,1.00035068430874,1.49011611938477e-08,3.4763409350047,11,35
0.333,1000,35,621.916918098276,-9471.37354968071,621.916918098276,13832.2617462131,14174.3916679063,13813.6556589556,63.2365520454623,47.8195884537135,52.2889316222438,-652.564245232607,-296.00551623667,1.49011611938477e-08,1.49011611938477e-08,1.93824477309156,1.42643802470989,0.395472154369111,5.0603689738121,11,35
0.334,1000,35,586.678678152429,-1092.36082489736,586.678678152429,14089.9881251295,13796.6849957145,13882.1172909363,62.4765431597924,45.8155561086208,52.3025036739397,-496.255098157202,-303.290981977784,1.49011611938477e-08,1.49011611938477e-08,1.8453439362893,1.74316064197234,0.96220252431457,5.01165633625379,11,35
0.335,1000,35,599.608188581687,-2802.50280634121,599.608188581687,13924.9084382216,13528.4195630335,14301.0073402035,61.7658469984054,41.640248137048,51.7422612035686,-384.198094468717,-187.671239722779,1.49011611938477e-08,1.49011611938477e-08,1.81581910244785,1.94347954142861,1.60181966553106,3.38521855046936,11,35
0.336,1000,35,575.560268793387,40.4980344073943,575.560268793387,13478.2325536016,13736.7440428505,14517.9743419943,61.2213282576948,36.2621226171688,50.2952270597203,-333.299625246643,-73.5779762567816,1.49011611938477e-08,1.49011611938477e-08,1.89344475547389,2.16389268705536,2.14865379777918,2.56773326593773,11,35
0.337,1000,35,522.635389660505,450.666021879091,522.635389660505,13284.7391062022,14141.9825902833,14245.9408954835,61.4728600582112,31.5543962000488,48.3661918839102,-398.483107514637,3.75426883083588,1.49011611938477e-08,1.49011611938477e-08,1.94273009857435,2.19728679799455,2.90842444921156,2.24668011684923,11,35
0.338,1000,35,504.905526415209,490.348989565598,504.905526415209,13604.1620495013,14216.7489790992,13802.8430324174,62.4460641573652,30.5442317780601,46.1176613156022,-583.043339592437,-42.6902481569597,1.49011611938477e-08,1.49011611938477e-08,1.95242102484275,1.93779395129624,1.61757276612569,2.37743191477776,11,35
0.339,1000,35,509.261918049083,483.103286083221,509.261918049083,14042.6029582843,13863.2521456764,13769.5015169148,63.1114886745924,34.4371147761966,44.0761929460456,-741.077359342678,-260.924094543684,1.49011611938477e-08,1.49011611938477e-08,1.86767248748782,1.71943554891488,0.353456200888088,2.89704675672577,11,35
0.34,1000,35,499.65352138309,496.945757537848,499.65352138309,14072.1252383428,13508.530406852,14191.9827649055,62.4843870932422,39.9687702458779,42.6199006306856,-724.363319656655,-503.860000474974,1.49011611938477e-08,1.49011611938477e-08,1.79280740662685,1.72561420156174,1.49011611938477e-08,2.62407731723942,11,35
0.341,1000,35,461.787101708125,519.359377004256,461.787101708125,13692.7300087938,13607.4499959201,14541.9903586389,60.4223707402172,44.5318991609391,41.3021080545208,-606.968849578838,-612.524716127543,1.49011611938477e-08,1.49011611938477e-08,1.85862392031836,1.84424677635887,1.49011611938477e-08,2.11474718744778,11,35
0.342,1000,35,391.076344390496,525.701352663748,391.076344390496,13405.7914108427,14030.8534600116,14395.7561124245,58.1040128936576,47.3204416909179,40.6487844811852,-501.694195369397,-574.755761569243,1.49011611938477e-08,1.49011611938477e-08,1.93275272710366,1.82359679799975,1.49011611938477e-08,2.51533491711796,11,35
0.343,1000,35,290.018331845104,528.862716558367,290.018331845104,13605.3618551605,14233.6941831611,13944.9344278844,57.3699458236792,48.4446700021126,41.6766559446731,-463.818354119172,-432.293900473548,1.49011611938477e-08,1.49011611938477e-08,1.95312252155337,1.55438480899695,1.49011611938477e-08,6.16648253654526,11,35
0.344,1000,35,233.354670792881,530.579773023533,233.354670792881,14038.4037987307,13962.0052590605,13763.4461804888,58.4584718089564,48.2905444321836,44.0458903146664,-476.908786524623,-272.389297922567,1.49011611938477e-08,1.49011611938477e-08,1.88579449691975,1.35098232584563,0.435392211435457,13.54952361718,11,35
0.345,1000,35,327.533438899405,527.796473016541,327.533438899405,14175.0726660078,13552.910135498,14084.4880457685,59.740564697733,47.2534006640806,47.0922769928836,-463.923651593023,-180.371870999597,1.49011611938477e-08,1.49011611938477e-08,1.78010779799027,1.48218159763622,0.952091727175425,4.84349805816992,11,35
0.346,1000,35,590.46443113779,-81.1256903866187,590.46443113779,13881.4583320465,13529.8747585801,14508.5343094107,58.4688913858593,45.5530022361311,49.1538386362686,-386.595464063777,-165.36998596205,1.49011611938477e-08,1.49011611938477e-08,1.82069376897214,1.92989635357065,1.51537098018514,4.81622904289354,11,35
0.347,1000,35,623.302783869071,-10159.4730971626,623.302783869071,13549.7971844518,13923.1745138179,14532.0969815467,53.5663887137095,43.7597555468922,48.924648098083,-312.699146120354,-165.732571901359,1.49011611938477e-08,1.49011611938477e-08,1.91626228051597,2.42529674238983,1.98065844265271,6.59416984058289,11,35
0.348,1000,35,604.33272709379,-3712.06425980542,604.33272709379,13633.6895759184,14215.6563623858,14161.7780341394,45.9361556393599,42.6651801388704,46.5172837127631,-347.062408831766,-116.106456939546,1.49011611938477e-08,1.49011611938477e-08,1.95766543399333,2.10200062793044,1.82119617408588,6.97528691238497,11,35
0.349,1000,35,536.383482672978,396.492566991854,536.383482672978,14023.5988445038,14037.745231115,13885.613325472,40.3256858401749,42.8007853929849,43.9621238714167,-534.071111953109,-10.8590756015401,1.49011611938477e-08,1.49011611938477e-08,1.92106548450055,0.928708745301178,1.10570222223583,3.02138577622838,11,35
0.35,1000,35,355.296067583703,526.870681754805,355.296067583703,14219.6938458507,13602.9212634287,14083.0546817859,42.7637828279539,44.2502874313146,43.7427573566583,-759.74992756907,48.8863374327756,1.49011611938477e-08,1.49011611938477e-08,1.80383555561481,0.118140341298372,0.513364757234963,1.60733576203467,11,35
0.351,1000,35,226.890581358607,530.785872351482,226.890581358607,13985.974025713,13455.7557860883,14504.6597974306,49.7025672802835,46.0767052782499,45.4601763934833,-853.674214350614,21.9379999026394,1.49011611938477e-08,1.49011611938477e-08,1.80370970189436,0.169313964499294,1.49011611938477e-08,1.66622645378341,11,35
0.352,1000,35,307.191386604492,528.409713502886,307.191386604492,13532.2248704488,13793.455472159,14537.8986625142,56.9448546562507,47.4460593703536,48.3325419635288,-849.680038650329,-37.6662608337118,1.49011611938477e-08,1.49011611938477e-08,1.89953653509094,0.572875033384024,1.49011611938477e-08,2.21007253027807,11,35
0.353,1000,35,600.106414336033,-210.781461261901,600.106414336033,13489.3513805579,14188.1887120104,14159.2007517733,62.3880483951478,48.2263249514056,51.1381230840157,-788.465347198833,-157.335589975393,1.49011611938477e-08,1.49011611938477e-08,1.94790250816134,0.988602892597447,1.49011611938477e-08,3.32481211390951,11,35
0.354,1000,35,621.31972417223,530.830659133609,621.31972417223,13854.5862882766,14161.2751669491,13813.5385411284,63.7740562684867,47.8626356164537,52.2621655405437,-655.754018872267,-287.879225394001,1.49011611938477e-08,1.49011611938477e-08,1.9357962990296,1.40915653959189,0.448853007044637,4.8088665052991,11,35
0.355,1000,35,585.167438107245,440.855181015195,585.167438107245,14091.3596611589,13772.4602561156,13905.2843989491,62.8855383882426,45.6421285452889,52.2610195512628,-496.520075635432,-289.066745394956,1.49011611938477e-08,1.49011611938477e-08,1.84067273347165,1.72429643123412,1.00999955569413,4.7005851608509,11,35
0.356,1000,35,596.411916943154,514.672642855625,596.411916943154,13909.0773852709,13525.3277998927,14333.0504441768,62.0575340410517,41.3414687590209,51.6779036225087,-384.653502633395,-183.767180610539,1.49011611938477e-08,1.49011611938477e-08,1.8180598891913,1.95035635804461,1.6435367833952,3.31279392697478,11,35
0.357,1000,35,566.598480812802,181.835225427015,566.598480812802,13461.6443017028,13757.9019223557,14524.9554164904,61.4937065695626,35.8754792551384,50.293521172262,-330.318476972647,-65.1723997485265,1.49011611938477e-08,1.49011611938477e-08,1.89744434504227,2.18464758354706,2.17449526002246,2.56980374035925,11,35
0.358,1000,35,511.756267424441,477.608743896428,511.756267424441,13296.1583147115,14160.2060344316,14227.8415809113,61.8049573899589,31.1555714205546,48.435107091116,-402.149610670887,10.2690695472618,1.49011611938477e-08,1.49011611938477e-08,1.94387698060535,2.20157626081308,2.91280029782311,2.26683712657289,11,35
0.359,1000,35,501.864818582562,494.066930890893,501.864818582562,13639.2045040539,14209.9455952897,13794.018295869,62.8224882051201,30.1397008012413,46.1818684624043,-588.654865310984,-40.8610648210736,1.49011611938477e-08,1.49011611938477e-08,1.95050685488064,1.9241991833886,1.55284549633748,2.41256291603459,11,35
0.36,1000,35,509.362628599723,481.843357358692,509.362628599723,14063.632177194,13839.1205819657,13792.2514389386,63.4776944789901,34.0943270866399,44.0206197852414,-738.141735839324,-262.07608861437,1.49011611938477e-08,1.49011611938477e-08,1.85960329431808,1.70832198774512,0.336213682550639,2.98710994349452,11,35
0.361,1000,35,507.879080036389,484.707891356246,507.879080036389,14064.400522707,13500.8172639872,14227.373084146,62.7787114285435,39.5693193902456,42.3347101506247,-716.448568703419,-488.798499385242,1.49011611938477e-08,1.49011611938477e-08,1.79210201343188,1.7184888551506,1.49011611938477e-08,2.73572477284461,11,35
0.362,1000,35,473.467169734674,516.019765195781,473.467169734674,13675.1780028843,13628.3084422868,14556.5773221408,60.6284051827801,44.0024985522598,40.7816195286806,-591.940530081869,-597.025899961377,1.49011611938477e-08,1.49011611938477e-08,1.86337903672947,1.82916067860343,1.49011611938477e-08,2.21939129098093,11,35
0.363,1000,35,399.16963912451,525.41112244506,399.16963912451,13407.7958634059,14054.2221632804,14380.176508055,58.403885805041,46.6513595951586,40.2115489557333,-491.53022576975,-550.583085407316,1.49011611938477e-08,1.49011611938477e-08,1.93493488579373,1.78435094696225,1.49011611938477e-08,2.74138003143374,11,35
0.364,1000,35,290.793215450994,528.852060249752,290.793215450994,13632.2068640849,14231.2455652149,13929.4928759506,57.8446521693029,47.6772098602205,41.4381553650228,-460.133896633537,-404.67651011518,1.49011611938477e-08,1.49011611938477e-08,1.95258588436602,1.50812685256214,1.49011611938477e-08,7.76237280082284,11,35
0.365,1000,35,232.755101625012,530.616120708002,232.755101625012,14060.604128457,13938.8175973815,13776.2462444304,59.069261770119,47.4607790909726,43.9907715273832,-477.813070597428,-248.287877067035,1.49011611938477e-08,1.49011611938477e-08,1.87848072174982,1.32916377966096,0.48486747896964,9.9205061976066,11,35
0.366,1000,35,340.303688027027,527.398744796474,340.303688027027,14168.675764003,13538.3192365584,14117.04496439,60.3727295895601,46.3908973764171,47.1113218499861,-466.058291448738,-166.885546946923,1.49011611938477e-08,1.49011611938477e-08,1.77788135175909,1.48616610669759,0.987943943331598,4.46997649189436,11,35
0.367,1000,35,596.420277067391,-161.046147865012,596.420277067391,13855.6054680852,13544.9325116047,14525.1265174693,59.1134410607283,44.6537865761884,49.2001254719767,-385.485464167058,-154.401488456037,1.49011611938477e-08,1.49011611938477e-08,1.8265434246077,1.94682024641764,1.54426312736278,4.60541031596697,11,35
0.368,1000,35,623.407003732132,-10205.4533006903,623.407003732132,13540.3589191619,13948.610582701,14522.0398636025,54.1839011905621,42.8875779444915,48.8639605866216,-314.461262204889,-156.604423093797,1.49011611938477e-08,1.49011611938477e-08,1.92003262789509,2.43369812420297,1.98532075307633,6.32777176900657,11,35
0.369,1000,35,604.427731067753,-3732.1993922769,604.427731067753,13650.6555992485,14218.7327518878,14142.2520445367,46.6287834375537,41.7877329019803,46.420376765847,-356.100448714913,-104.694433771247,1.49011611938477e-08,1.49011611938477e-08,1.95842147718498,2.06645772676891,1.79271072235465,6.41410128663651,11,35
0.37,1000,35,534.62827571903,404.687113176053,534.62827571903,14043.7397302799,14017.3802606327,13888.1174842945,41.326079588083,41.9828727372785,43.8734797708191,-546.424590555412,-0.245178340588064,1.49011611938477e-08,1.49011611938477e-08,1.91536898434401,0.922945494510734,1.08586228925827,2.85196911072006,11,35
0.371,1000,35,328.643886381454,527.707343284457,328.643886381454,14215.1732446523,13584.066842304,14109.043446047,43.8834919672856,43.4565461584227,43.7199489018372,-756.379090189445,54.9789548243249,1.49011611938477e-08,1.49011611938477e-08,1.79984617075555,0.203805488971082,0.516622589845793,1.57671185173482,11,35
0.372,1000,35,224.463017263838,530.858081128654,224.463017263838,13956.6508047183,13465.3281538533,14522.617856448,50.7865955833675,45.2437208993108,45.5805992052623,-849.759599013394,28.1494251114032,1.49011611938477e-08,1.49011611938477e-08,1.80903400693176,0.26376058438244,1.49011611938477e-08,1.65255687527998,11,35
0.373,1000,35,321.509988386859,527.979037723899,321.509988386859,13508.1652521629,13820.7204029642,14525.373479887,57.9438314358708,46.5614712904246,48.6134592507278,-846.734399808458,-30.7514949791721,1.49011611938477e-08,1.49011611938477e-08,1.90441888791542,0.615330058456672,1.49011611938477e-08,2.15445648732479,11,35
0.374,1000,35,629.599740762002,-670.235735635476,629.599740762002,13494.2008322285,14200.8785294813,14132.773502668,63.0120317349286,47.2686737410267,51.342004838493,-784.818883090762,-155.398212825224,1.49011611938477e-08,1.49011611938477e-08,1.94923948745488,1.02143515100047,1.49011611938477e-08,3.21177368880742,11,35
0.375,1000,35,619.788680898497,530.022805961063,619.788680898497,13869.0183028239,14143.2090726965,13803.7675076831,64.093917341844,46.8929093784156,52.3403455735773,-652.539719614042,-286.063584158636,1.49011611938477e-08,1.49011611938477e-08,1.93222828678303,1.43180705325134,0.503885614075643,4.56818175290638,11,35
0.376,1000,35,579.468004894372,321.652927858543,579.468004894372,14084.1785230984,13748.9681540701,13922.4521832032,63.1298698921319,44.6840384975302,52.3508441688017,-505.864561699144,-287.311387778654,1.49011611938477e-08,1.49011611938477e-08,1.83662340961497,1.72891774233734,1.04705283753944,4.43064793437544,11,35
0.377,1000,35,598.10133569945,518.050887415558,598.10133569945,13878.1009597603,13526.0631373423,14352.4980319875,62.2783573148035,40.3357215760043,51.8549234311478,-390.235929671547,-178.432400234079,1.49011611938477e-08,1.49011611938477e-08,1.82231626368372,1.95073437915678,1.67457058665916,3.19305076983368,11,35
0.378,1000,35,568.478910557889,163.411100725983,568.478910557889,13430.0889201541,13781.7216205311,14517.4108506888,61.6929074326075,34.8905819729464,50.5760905855302,-342.303949483458,-63.7669365919976,1.49011611938477e-08,1.49011611938477e-08,1.90252356202745,2.17553205002881,2.20573291863636,2.5270490442079,11,35
0.379,1000,35,514.249857995443,473.180356148377,514.249857995443,13292.2222473156,14172.807890259,14197.0075974961,62.0447806861264,30.402957593043,48.8074558225149,-424.156940338731,5.29921208608128,1.49011611938477e-08,1.49011611938477e-08,1.94551263306879,2.17674860605032,2.91430113831064,2.26306152139867,11,35
0.38,1000,35,505.531340839714,489.662638998293,505.531340839714,13653.6463933343,14192.611555643,13773.011105954,63.1080713256941,29.9963557448359,46.6167027444169,-617.349850461577,-59.6919024996439,1.49011611938477e-08,1.49011611938477e-08,1.94939624257428,1.89761980680001,1.3903453320836,2.43778302912527,11,35
0.381,1000,35,514.169502026613,473.491211386327,514.169502026613,14068.409228216,13812.2809392187,13802.1549056283,63.6935526081383,34.3173160713865,44.4930040768013,-754.041974004568,-276.938737910638,1.49011611938477e-08,1.49011611938477e-08,1.85415326300658,1.70263631743521,0.242561872051662,2.94907759350249,11,35
0.382,1000,35,507.713962859702,485.429456624113,507.713962859702,14041.388144681,13492.7070469955,14247.8016512045,62.8255294984207,39.8760990867962,42.7968181765821,-721.532577472974,-513.242733892426,1.49011611938477e-08,1.49011611938477e-08,1.79462928130899,1.73348980459932,1.49011611938477e-08,2.60853332329418,11,35
0.383,1000,35,470.453623985427,516.8595486058,470.453623985427,13643.4076111432,13647.8896972218,14554.9961698869,60.4929391646561,44.2691225646175,41.225024692469,-592.473156527872,-610.476349298051,1.49011611938477e-08,1.49011611938477e-08,1.86983859691929,1.85128256933043,1.49011611938477e-08,2.14923695245568,11,35
0.384,1000,35,395.436763409579,525.53465835286,395.436763409579,13400.5056391028,14074.1177667687,14352.7191232123,58.1293934171846,46.8561446334763,40.6084034178369,-494.312621212165,-554.314932556891,1.49011611938477e-08,1.49011611938477e-08,1.93746554486516,1.7955030799459,1.49011611938477e-08,2.72278127314503,11,35
0.385,1000,35,291.546746944954,528.83049482594,291.546746944954,13649.743285553,14225.2685627235,13904.1619342853,57.5633022332569,47.8347138274784,41.8345271136663,-468.050058581723,-401.196171981875,1.49011611938477e-08,1.49011611938477e-08,1.9522282823629,1.49766236392689,1.49011611938477e-08,8.03465054649585,11,35
0.386,1000,35,238.346440890396,530.429357562755,238.346440890396,14072.8352483862,13912.76634451,13780.1901142481,58.8465545315113,47.6122729005128,44.4199919668904,-487.604405181758,-249.800465790816,1.49011611938477e-08,1.49011611938477e-08,1.87240177077347,1.31314310281141,0.508137526826376,9.26026102759758,11,35
0.387,1000,35,361.607583840799,526.750768495089,361.607583840799,14156.4889624547,13524.2240244991,14140.9344292273,60.1426268041097,46.5532329403204,47.5718399449098,-474.890278635635,-163.881121903648,1.49011611938477e-08,1.49011611938477e-08,1.77791858089618,1.47290278369798,1.00885981550842,4.38677514718356,11,35
0.388,1000,35,626.427089801364,-1410.25192313425,626.427089801364,13833.5096845569,13560.375523434,14541.6037482287,58.6315435588767,44.8729204478326,49.4153329940479,-391.641584878092,-154.760325780858,1.49011611938477e-08,1.49011611938477e-08,1.83298559733015,1.93013707289562,1.56048441786723,4.62167698112661,11,35
0.389,1000,35,622.038280301481,-9515.95513673142,622.038280301481,13533.993975859,13972.5353698636,14510.3201155779,53.3914353386803,43.1965017694462,48.7921895365452,-325.015546020665,-153.47367820146,1.49011611938477e-08,1.49011611938477e-08,1.92400643658377,2.3717786802255,1.9701396813339,6.29595422260913,11,35
0.39,1000,35,600.779066044373,-3033.79087211235,600.779066044373,13669.564383804,14220.9008645059,14122.388738672,45.7504519498233,42.2503638603604,46.1296521542507,-377.505035012776,-93.0100033762035,1.49011611938477e-08,1.49011611938477e-08,1.95919520593249,1.91282644271761,1.72482546955732,5.90087891684637,11,35
0.391,1000,35,522.201334564634,450.914363379368,522.201334564634,14064.0011514502,13993.6693705441,13889.8497419099,40.9627902031755,42.578081294284,43.6692844880894,-564.994810602156,9.28737013913023,1.49011611938477e-08,1.49011611938477e-08,1.90964849862339,0.805759890958239,1.02767977382436,2.5679349370494,11,35
0.392,1000,35,315.265647915287,528.089062190479,315.265647915287,14213.2339587989,13564.2098761026,14135.9969410307,44.1825928444823,44.127442437409,43.7207113490086,-783.052782132595,64.3588095440334,1.49011611938477e-08,1.49011611938477e-08,1.79649537864022,1.49011611938477e-08,0.470880987081345,1.47493044570217,11,35
0.393,1000,35,205.370704566705,531.433612650719,205.370704566705,13932.8136309612,13473.9703660698,14540.8346555057,51.313893337187,45.9040017151618,45.7158082289855,-864.927749879206,32.9282732069147,1.49011611938477e-08,1.49011611938477e-08,1.81423064216673,0.219820937844282,1.49011611938477e-08,1.61548805238307,11,35
0.394,1000,35,319.770535525192,528.027087427643,319.770535525192,13496.6752578725,13846.4045108302,14516.5390811253,58.52760483224,47.1837881311296,48.853822852696,-856.559807545771,-30.4912268831843,1.49011611938477e-08,1.49011611938477e-08,1.90867273369215,0.606649925760335,1.49011611938477e-08,2.15485347505282,11,35
0.395,1000,35,621.986986662347,-9077.84480762001,621.986986662347,13512.6946396743,14210.4191578934,14111.3399174911,63.5866625258711,47.8194032093041,51.6877912124556,-788.408831705077,-161.226941107001,1.49011611938477e-08,1.49011611938477e-08,1.95055593497368,1.02441387225494,1.49011611938477e-08,3.27034602110355,11,35
0.396,1000,35,619.720634773528,-8451.92489989261,619.720634773528,13894.1243246337,14127.6392460567,13801.4562335797,64.5820526724362,47.2615634215982,52.7428082127713,-656.871515705882,-286.297932694497,1.49011611938477e-08,1.49011611938477e-08,1.92881284968528,1.44063336813583,0.517220442586712,4.66243089245747,11,35
0.397,1000,35,579.471004045577,-343.762469459565,579.471004045577,14084.5353652678,13725.667391766,13942.5526691221,63.5634596995565,44.8055078580967,52.7259097164782,-497.864019768706,-284.081137926183,1.49011611938477e-08,1.49011611938477e-08,1.83212023572356,1.74490638475895,1.07542341039248,4.46327782037527,11,35
0.398,1000,35,595.085428787305,-2113.2039966743,595.085428787305,13856.3324053039,13526.4658219854,14374.1897316255,62.687907858164,40.3379253749816,52.1461164080962,-382.082625817443,-175.832204988731,1.49011611938477e-08,1.49011611938477e-08,1.82523392568109,1.98069468502442,1.70449270088607,3.26198573506391,11,35
0.399,1000,35,562.23295903399,222.028861345627,562.23295903399,13412.2213256776,13803.9683277116,14512.9494126997,62.1328785314896,34.8233713416545,50.8413879532083,-339.315900907902,-62.1239954918798,1.49011611938477e-08,1.49011611938477e-08,1.90612280099481,2.20765912010923,2.236359282708,2.59647867942152,11,35
0.4,200,35,508.744647391068,483.911177341695,508.744647391068,13304.4330777492,14189.0612488461,14171.9124154083,62.5129044669731,30.3127105769019,49.0613213843426,-427.709471658835,2.78245233120139,1.49011611938477e-08,1.49011611938477e-08,1.94646303343709,2.1911905739402,2.88719365749112,2.33255103148783,11,35
0.401,200,35,502.70354488602,489.923075357754,502.70354488602,13686.8069215936,14182.7773549299,13761.0300317291,63.5258154436903,29.8000649438768,46.8414812056527,-609.02401342274,-62.2973162788498,1.49011611938477e-08,1.49011611938477e-08,1.9466015101702,1.90676659571675,1.3286853114718,2.52692923342296,11,35
0.402,200,35,512.473419012934,471.272589386383,512.473419012934,14084.3814265355,13787.5092476816,13822.1166243669,64.0082726149179,34.032613641686,44.6821315757341,-743.420347082941,-292.060683800074,1.49011611938477e-08,1.49011611938477e-08,1.84622660252148,1.72355309339362,0.193270178137503,3.05075271652076,11,35
0.403,200,35,508.321535664084,475.632015974563,508.321535664084,14028.5577270667,13487.0573332578,14276.914692131,63.0456905551633,39.4046859664124,42.901341324595,-700.512148014852,-521.268987254786,1.49011611938477e-08,1.49011611938477e-08,1.79489055141342,1.76480826926919,1.49011611938477e-08,2.63595389597306,11,35
0.404,200,35,469.783050200588,504.678841276671,469.783050200588,13623.3290292027,13669.2651465997,14559.2727541955,60.6967816282859,43.5917998635545,41.2684473364094,-571.738381110459,-607.744553444446,1.49011611938477e-08,1.49011611938477e-08,1.87451388382584,1.88161935446051,1.49011611938477e-08,2.1815821886493,11,35
0.405,200,35,392.5378198097,509.879149681844,392.5378198097,13402.5204604931,14094.4181121574,14327.8574030325,58.5545277369256,45.9948531526943,40.858059525684,-480.947657088708,-543.817592470274,1.49011611938477e-08,1.49011611938477e-08,1.93930155425703,1.8171224248337,1.49011611938477e-08,2.85443606843376,11,35
0.406,200,35,274.986921147374,510.275085349327,274.986921147374,13675.2998931638,14218.7864800341,13882.2806533255,58.2205899197975,46.8404651873638,42.2375804229916,-460.397697859522,-399.158360312636,1.49011611938477e-08,1.49011611938477e-08,1.95088872690752,1.52614179827658,1.49011611938477e-08,9.03165846875613,11,35
0.407,200,35,236.273049057294,508.240107949348,236.273049057294,14091.2581523192,13888.0885449385,13787.706302656,59.5838802953672,46.5217564883836,44.8736836528665,-480.713560564659,-246.571759624338,1.49011611938477e-08,1.49011611938477e-08,1.86429927032685,1.36646910960166,0.53513822108303,9.05300100672303,11,35
0.408,200,35,365.570538954586,501.351443542278,365.570538954586,14147.4781018848,13512.238387025,14166.3543888806,60.7237109606349,45.375968913218,47.9108168295535,-461.021574395359,-170.865164117792,1.49011611938477e-08,1.49011611938477e-08,1.77610698662137,1.55405984180098,1.03226902401966,4.62069880413773,11,35
0.409,200,35,622.420725166888,501.347970058801,622.420725166888,13809.4097217887,13577.6937046646,14549.131761036,58.9959634706625,43.5992508391637,49.6118716387045,-374.403077483318,-165.942959204013,1.49011611938477e-08,1.49011611938477e-08,1.83829634328541,2.041163114842,1.5762307341463,5.04818398026872,11,35
0.41,200,35,623.036534441925,499.066693638348,623.036534441925,13527.8093387122,13996.3199496382,14489.5198927339,53.5214858709979,41.8783965872628,48.7952992038754,-310.89295915273,-164.488112038378,1.49011611938477e-08,1.49011611938477e-08,1.92710751361368,2.49797564069831,1.96010816734835,7.15280751604876,11,35
0.411,200,35,600.928102629525,485.809979984927,600.928102629525,13688.5093738901,14222.4643611741,14096.9558148523,45.7690080155016,40.9224245650291,45.9844317197292,-364.009089848473,-104.500456324907,1.49011611938477e-08,1.49011611938477e-08,1.95932659016544,1.9686437559052,1.68630348107843,6.53190413282862,11,35
0.412,200,35,517.075273507398,431.138344273286,517.075273507398,14082.0639321954,13973.0061077597,13889.4923487143,41.0675953121844,41.3125569059761,43.4023412383057,-561.972005466361,6.94670622947482,1.49011611938477e-08,1.49011611938477e-08,1.9030121114321,0.817628796097552,1.0037748994701,2.63669741162493,11,35
0.413,200,35,297.844084121348,487.433723615469,297.844084121348,14205.1319755242,13548.3358891867,14157.4789223393,44.4438724104928,42.9080746252472,43.4851681697349,-775.179501834596,62.6595178847193,1.49011611938477e-08,1.49011611938477e-08,1.79294106993059,0.109846923428227,0.470745260684287,1.50369394743475,11,35
0.414,200,35,192.691936295703,487.153665029382,192.691936295703,13904.1249014955,13487.8222596147,14551.4702076577,51.613841782876,44.6728385715297,45.6141620314085,-849.799095079333,32.4647236390023,1.49011611938477e-08,1.49011611938477e-08,1.81942381680057,0.295643236864603,1.49011611938477e-08,1.64110075771689,11,35
0.415,200,35,324.692753824662,480.412702814858,324.692753824662,13481.5958728095,13874.5181337823,14498.3603430274,58.7803233021879,45.9220712070605,48.8590611711038,-840.150261056742,-31.9423362230948,1.49011611938477e-08,1.49011611938477e-08,1.91252638219513,0.658528776654126,1.49011611938477e-08,2.17553236410885,11,35
0.416,200,35,642.063337824079,-896.330598913773,642.063337824079,13527.3763217758,14221.3382020157,14083.2802740086,63.5568922952675,46.5220361357043,51.5965211674258,-775.429106054704,-159.053855014404,1.49011611938477e-08,1.49011611938477e-08,1.95131491358333,1.07570565237217,1.49011611938477e-08,3.30134564057092,11,35
0.417,200,35,620.418132949819,-7825.09756195783,620.418132949819,13914.3406834831,14109.8013105661,13793.8444050887,64.352953525949,45.9860878540123,52.5410832411355,-639.467333125342,-289.254482329455,1.49011611938477e-08,1.49011611938477e-08,1.92401897482576,1.48874594115604,0.559215850265164,4.66060281203199,11,35
0.418,200,35,577.563050205883,-13.4374302818847,577.563050205883,14079.1536413511,13705.2805411783,13959.6430522756,63.3718895456223,43.5752093908488,52.5226276640694,-489.125824791897,-279.080992497975,1.49011611938477e-08,1.49011611938477e-08,1.82808375318065,1.7743850792811,1.10468181432738,4.37372527218954,11,35
0.419,200,35,598.521078262154,-2301.14201266085,598.521078262154,13828.1530150304,13531.7583947416,14389.5733985005,62.5734014072428,39.132196862184,51.9577231993114,-380.956735511282,-168.897777210009,1.49011611938477e-08,1.49011611938477e-08,1.82938850169678,1.99825058877317,1.72570925415198,3.19178452914855,11,35
0.42,200,35,564.632234056413,162.157647938625,564.632234056413,13388.0401750716,13829.7109089326,14500.9335025912,62.0824393711356,33.7409828586012,50.656306076192,-347.984457979011,-58.813198844868,1.49011611938477e-08,1.49011611938477e-08,1.91028404743386,2.20733916446885,2.2599837765405,2.55849348529139,11,35
0.421,200,35,514.806545852826,412.035641389904,514.806545852826,13309.8322687893,14199.7301423518,14139.7801697944,62.5425186053271,29.6110881893568,48.8770521211096,-438.964584974088,-2.41855839942256,1.49011611938477e-08,1.49011611938477e-08,1.94782418349161,2.16923616928873,2.82782117100978,2.32441025995214,11,35
0.422,200,35,504.196337985493,425.819830428634,504.196337985493,13706.8779352435,14164.594580227,13744.9912933799,63.6215617614534,29.8113480127195,46.6816856261831,-633.100007473695,-80.1137089502392,1.49011611938477e-08,1.49011611938477e-08,1.9444551930651,1.87970983254506,1.19597616813628,2.5410408739626,11,35
0.423,200,35,515.448194335244,405.119449440235,515.448194335244,14088.8371352575,13762.3909062362,13836.9263976001,64.0716862452409,34.4046676198469,44.5566137027592,-757.546686954382,-315.08128305418,1.49011611938477e-08,1.49011611938477e-08,1.84088999120858,1.70843781025731,0.0447445156464783,2.9924788885635,11,35
0.424,200,35,506.097695090318,417.513367503292,506.097695090318,14003.2311526537,13483.0136397592,14297.3721307597,63.0395585926904,39.8461188270653,42.7918514729883,-704.590462815492,-536.067545920498,1.49011611938477e-08,1.49011611938477e-08,1.79832167463589,1.75528487930976,1.49011611938477e-08,2.54362376153546,11,35
0.425,200,35,464.832807996093,440.84556180708,464.832807996093,13592.3380930616,13691.2865668709,14554.7992490677,60.6589273041319,43.9902405037908,41.2036475614727,-575.565082102336,-610.593536407697,1.49011611938477e-08,1.49011611938477e-08,1.88066330318064,1.86293421406743,1.49011611938477e-08,2.16029336217667,11,35
0.426,200,35,383.188625711844,444.000820188212,383.188625711844,13398.5110750631,14112.8341809633,14299.8456701774,58.4883592377848,46.3383528303689,40.7784428009778,-490.749435719586,-545.125052258974,1.49011611938477e-08,1.49011611938477e-08,1.94146989389804,1.77884178715187,1.49011611938477e-08,2.91382087101739,11,35
0.427,200,35,283.408523564893,443.437284814934,283.408523564893,13693.6370853187,14210.005191143,13860.4318610875,58.1762553212817,47.1475412780346,42.1746813072092,-471.461844793395,-390.777840709726,1.49011611938477e-08,1.49011611938477e-08,1.94994037883216,1.48011940187172,1.49011611938477e-08,9.93896422194339,11,35
0.428,200,35,241.030475227476,441.335753304131,241.030475227476,14101.0689812557,13861.8338295702,13796.2751704009,59.5350900092334,46.8327459423112,44.8222552941658,-491.972213838131,-241.354936125613,1.49011611938477e-08,1.49011611938477e-08,1.85812291901703,1.33521470507493,0.56044260466747,8.21124004987749,11,35
0.429,200,35,389.48087443568,434.408544036029,389.48087443568,14131.0886611057,13500.918299402,14191.1146449408,60.5731738395155,45.7102402362612,47.8226463534274,-468.069152846533,-171.13005194669,1.49011611938477e-08,1.49011611938477e-08,1.77722839416718,1.53729590760454,1.05580556361008,4.51541780654662,11,35
0.43,200,35,630.058482290411,-11574.2019098236,630.058482290411,13783.2195294216,13595.5435238038,14559.6865462916,58.5593539392739,43.9807304586182,49.2685232356937,-378.761730749239,-168.932229463026,1.49011611938477e-08,1.49011611938477e-08,1.84513602231594,2.02429241909921,1.59755383200662,5.04180704038621,11,35
0.431,200,35,623.606300664545,-8378.45267162103,623.606300664545,13520.6597727476,14019.2286660029,14473.6167708989,52.8322137478346,42.3436539241322,48.1913815365568,-321.38303607637,-164.494401562848,1.49011611938477e-08,1.49011611938477e-08,1.93070541286667,2.43423063432363,1.95193500066402,7.02818520904594,11,35
0.432,200,35,598.13308426937,-2060.73776536931,598.13308426937,13705.276600427,14220.3342001191,14076.4100214499,45.0442170818521,41.5096984147663,45.1755227058527,-384.729649167515,-94.4342353497805,1.49011611938477e-08,1.49011611938477e-08,1.95964221803268,1.82660454768902,1.63554022594799,5.89943316219925,11,35
0.433,200,35,500.119687286162,396.940486596805,500.119687286162,14096.5505703152,13947.7485947364,13893.2786493931,40.9013963262552,42.0063275523055,42.6889166449286,-591.443907182663,19.2889289566999,1.49011611938477e-08,1.49011611938477e-08,1.89703550874459,0.717267317965604,0.960986311378578,2.35789906661835,11,35
0.434,200,35,276.628844671341,421.392023909308,276.628844671341,14196.6106118953,13530.6686258242,14184.2183587517,44.8727744144876,43.6471043215278,42.9952414287466,-800.045882562559,69.3572690366747,1.49011611938477e-08,1.49011611938477e-08,1.79099408377752,1.49011611938477e-08,0.43654475680112,1.39836462811329,11,35
0.435,200,35,184.561844174985,420.418857766906,184.561844174985,13875.7447493662,13499.0337949275,14566.1149155877,52.1740183156609,45.3822209599758,45.2557624149428,-863.927750164066,34.4945236711556,1.49011611938477e-08,1.49011611938477e-08,1.82527659758041,0.259933826245912,1.49011611938477e-08,1.59583212963895,11,35
0.436,200,35,332.883175722214,413.759586484515,332.883175722214,13469.7496930517,13899.645933174,14486.3849822823,59.3210267918052,46.5870929277114,48.6009073357703,-851.400250119337,-29.6372281656677,1.49011611938477e-08,1.49011611938477e-08,1.91647617484362,0.646362111584735,1.49011611938477e-08,2.16358291556051,11,35
0.437,200,35,632.219558624843,415.140863900924,632.219558624843,13544.5474867673,14226.6679086522,14062.5717364505,63.9713149056609,47.0933109300127,51.4082056528461,-779.507567890291,-166.243283929427,1.49011611938477e-08,1.49011611938477e-08,1.95239704358975,1.06728605450335,1.49011611938477e-08,3.32311861248278,11,35
0.438,200,35,622.197193456297,408.043964293972,622.197193456297,13934.7502116254,14090.0262052557,13794.0785298669,64.624251568628,46.3700138990013,52.3651650849485,-637.534565789293,-292.151610477714,1.49011611938477e-08,1.49011611938477e-08,1.91988222132472,1.47714169735698,0.583459988979998,4.65261110131171,11,35
0.439,200,35,583.786663203395,-35.7416301166643,583.786663203395,14074.0508307632,13682.5776065869,13981.5083164748,63.5580876650888,43.7169647503033,52.3233282082469,-484.81372020318,-274.025426543923,1.49011611938477e-08,1.49011611938477e-08,1.82436901839293,1.76365082070803,1.1394661331521,4.29026939201846,11,35
0.44,200,35,598.114789429141,377.346117254814,598.114789429141,13802.9851309187,13535.0558329405,14409.4443172636,62.6986488043733,39.1406647907684,51.7179884992981,-376.271151517446,-165.640137459366,1.49011611938477e-08,1.49011611938477e-08,1.83304308253119,2.00022263512307,1.75904014084408,3.18550874447563,11,35
0.441,200,35,560.91924358889,150.276192568292,560.91924358889,13370.9406294233,13851.9307972845,14493.7695129993,62.1894739998547,33.6630816125336,50.4366453052693,-346.265718257709,-62.1859433048107,1.49011611938477e-08,1.49011611938477e-08,1.91360492317407,2.21108293126336,2.29139361861623,2.57880527961429,11,35
0.442,200,35,509.474564065146,359.676513013894,509.474564065146,13323.3434667784,14212.3244718903,14116.0491522478,62.646319260266,29.4934435575886,48.6937150428652,-444.349769319387,-5.35021338287165,1.49011611938477e-08,1.49011611938477e-08,1.94875034391148,2.15847265472332,2.77389613506541,2.35611228926451,11,35
0.443,200,35,499.836718174518,368.432776284637,499.836718174518,13737.3762516039,14150.3087182578,13737.3309202018,63.6634280252263,29.5939996395753,46.5204997746293,-636.137201779936,-90.9644411769942,1.49011611938477e-08,1.49011611938477e-08,1.94100054447682,1.86930868617547,1.14267661762613,2.59604299672272,11,35
0.444,200,35,507.43731927421,356.84028311505,507.43731927421,14099.391534899,13736.9780358189,13860.1046464169,64.0288111979541,34.1112861750203,44.4316396154105,-748.540288513494,-328.698516251159,1.49011611938477e-08,1.49011611938477e-08,1.83382058210574,1.71076135902861,1.49011611938477e-08,3.05472365903422,11,35
0.445,200,35,498.047774045843,363.571618651275,498.047774045843,13986.5353593828,13480.3016353486,14325.1174638661,62.9405004412785,39.374556412795,42.6688856262753,-687.500158523166,-540.412999212921,1.49011611938477e-08,1.49011611938477e-08,1.79998334932986,1.76531940739343,1.49011611938477e-08,2.56631793212169,11,35
0.446,200,35,454.898687978354,377.102324905675,454.898687978354,13571.725950708,13713.6784630926,14554.3138786703,60.5822982832747,43.3208792219305,41.09510591851,-566.314780663569,-604.20990824891,1.49011611938477e-08,1.49011611938477e-08,1.88535081530381,1.86798051955009,1.49011611938477e-08,2.21162466807972,11,35
0.447,200,35,372.108725832159,378.042142963366,372.108725832159,13403.3348471092,14130.4741809447,14273.2882568227,58.6170744988268,45.4992165803656,40.823343677938,-482.661411299491,-532.303436611682,1.49011611938477e-08,1.49011611938477e-08,1.94308680535346,1.77394236651629,1.49011611938477e-08,3.0813351064085,11,35
0.448,200,35,255.283647142891,377.420014435991,255.283647142891,13719.8560061205,14200.604637034,13840.7594344706,58.4779266907655,46.1985244557848,42.2946898655076,-468.225496046402,-380.447325161932,1.49011611938477e-08,1.49011611938477e-08,1.94790740595259,1.48838863524865,1.49011611938477e-08,11.3541095221978,11,35
0.449,200,35,233.167110221572,374.722566040599,233.167110221572,14116.9908833518,13837.5985430782,13806.5674931535,59.8206899367299,45.8092885714477,44.9366573555329,-485.631453361494,-240.744520357893,1.49011611938477e-08,1.49011611938477e-08,1.85018985335403,1.37496410683967,0.588255736851919,8.08457643666216,11,35
0.45,200,35,389.440738667508,368.197232854781,389.440738667508,14120.1754077904,13493.372714345,14216.0236185394,60.5790462880588,44.6039790583249,47.7797263149901,-452.041387923008,-180.148879774219,1.49011611938477e-08,1.49011611938477e-08,1.77685509315797,1.60899758789636,1.08304439681557,4.76316966227522,11,35
0.451,200,35,630.571687574611,368.738547952849,630.571687574611,13761.072190511,13616.323669934,14563.917434358,58.207879066757,42.7916119110758,49.0415465838826,-364.178353544125,-180.277101648358,1.49011611938477e-08,1.49011611938477e-08,1.85063759507133,2.12531894940158,1.61911665362075,5.52201026227568,11,35
0.452,200,35,625.83904354564,364.094388921326,625.83904354564,13518.1912850573,14041.9305356827,14449.1520091849,52.1859110436739,41.1276810186726,47.7964229158885,-307.535405518323,-174.333964537125,1.49011611938477e-08,1.49011611938477e-08,1.93351622086572,2.53409266340572,1.94407937131586,7.95797721954036,11,35
0.453,200,35,598.418717583169,331.148543879779,598.418717583169,13725.9788166473,14219.7787835534,14050.568388808,44.2913473684485,40.3523177013215,44.6511137263861,-381.118173085366,-99.1708885822737,1.49011611938477e-08,1.49011611938477e-08,1.95928454565869,1.83397449264409,1.58414149750892,6.42179840983203,11,35
0.454,200,35,492.069883233514,340.162108848964,492.069883233514,14112.8582953393,13926.04360404,13893.8780363245,40.4244039128557,40.9893344885826,42.1140408701867,-593.233862816601,16.6762093840915,1.49011611938477e-08,1.49011611938477e-08,1.88994207138756,0.694535112005612,0.914985658910856,2.39231243575737,11,35
0.455,200,35,260.247882507092,355.07241935511,260.247882507092,14186.594116247,13517.5601281163,14204.5790549409,44.7992851448909,42.7571214859294,42.5036311887067,-796.733350515093,63.7473397369023,1.49011611938477e-08,1.49011611938477e-08,1.78844547605575,1.49011611938477e-08,0.396957206790518,1.42685813511426,11,35
0.456,200,35,172.954900326946,353.648520523787,172.954900326946,13847.821517126,13516.4668456022,14571.9707041841,52.2001616348006,44.5554986011995,44.8238574173978,-852.017726013825,30.2440859798519,1.49011611938477e-08,1.49011611938477e-08,1.8307825569017,0.306005775644961,1.49011611938477e-08,1.63519504644784,11,35
0.457,200,35,331.336937729876,347.349290870757,331.336937729876,13459.9440138684,13927.5088366003,14464.4669040413,59.3596594769648,45.7926134141311,48.1958073820216,-836.283051925592,-38.612274178541,1.49011611938477e-08,1.49011611938477e-08,1.91981857427955,0.687610360445617,1.49011611938477e-08,2.21693316856709,11,35
0.458,200,35,641.486380508361,-17450.6352545289,641.486380508361,13563.8713511644,14235.0067575595,14033.9912615821,63.8339399180489,46.3135566677146,50.8831896608327,-759.909041721407,-178.559610052454,1.49011611938477e-08,1.49011611938477e-08,1.95275138275151,1.1146923922508,1.49011611938477e-08,3.41360483392407,11,35
0.459,200,35,623.091140835829,-6818.69898998754,623.091140835829,13955.4419530545,14072.4767383527,13788.559652575,64.3625894496785,45.6188789851271,51.7381745001658,-616.023226514748,-299.422412995252,1.49011611938477e-08,1.49011611938477e-08,1.91445709399906,1.52729939670353,0.59105665425952,4.72291307026233,11,35
0.46,200,35,591.644716983942,-271.1074736318,591.644716983942,14067.4800698771,13664.8651492079,13998.2134883287,63.3719508114194,43.0191100547621,51.6918578237419,-470.485514110616,-271.109629051418,1.49011611938477e-08,1.49011611938477e-08,1.82098879939941,1.80112897598836,1.152616697747,4.24330868343539,11,35
0.461,200,35,596.212829863982,-1401.21498385605,596.212829863982,13780.4984446203,13544.3854472739,14423.4619559797,62.545324029037,38.5150318109058,51.0432150246701,-368.748250751782,-167.495597788125,1.49011611938477e-08,1.49011611938477e-08,1.83702851043301,2.04759233457246,1.77317085630566,3.17653853148686,11,35
0.462,200,35,551.708321407321,167.167878136775,551.708321407321,13358.3310551802,13878.5082571058,14481.103517862,62.1402894851597,33.2707809719072,49.7642728549309,-343.466988534834,-59.7679539068072,1.49011611938477e-08,1.49011611938477e-08,1.91686178288209,2.25578964142087,2.32230091474533,2.58687249822272,11,35
0.463,200,35,489.556945382033,314.446628118774,489.556945382033,13341.6912945563,14220.7215951655,14087.7683646789,62.794516259004,29.6575832750878,48.0584334790965,-454.080491858567,-7.10556868769996,1.49011611938477e-08,1.49011611938477e-08,1.94982077298536,2.17214583916983,2.72047447978994,2.3772235681523,11,35
0.464,200,35,482.815521497618,314.503722774756,482.815521497618,13765.9897418001,14131.7415709731,13730.1431444041,64.0526308510878,30.4925412187327,45.9292695249665,-654.590160611048,-97.8277323584427,1.49011611938477e-08,1.49011611938477e-08,1.93753843803584,1.84352081610817,1.0392718486973,2.61750079849961,11,35
0.465,200,35,510.180957999382,290.313582414441,510.180957999382,14106.1549428921,13713.6352684084,13882.379129605,64.623568227906,35.2588871703302,43.7769629729624,-765.637016871188,-330.447737740669,1.49011611938477e-08,1.49011611938477e-08,1.82858244443059,1.65917781194491,1.49011611938477e-08,3.04368751918205,11,35
0.466,200,35,512.049721255024,285.446486630758,512.049721255024,13963.3176781258,13479.8100912347,14349.0206693222,63.7329450855974,40.541874740802,41.8429906200939,-710.361380776128,-523.848964966303,1.49011611938477e-08,1.49011611938477e-08,1.80382572517331,1.68317477931367,1.49011611938477e-08,2.60261866561414,11,35
0.467,200,35,478.34659417207,306.755346448167,478.34659417207,13547.880494754,13737.243602846,14553.3591270509,61.5704690292315,44.4429913542899,40.1273333250158,-586.847519814235,-585.595168014715,1.49011611938477e-08,1.49011611938477e-08,1.89087022154544,1.74428168267963,1.49011611938477e-08,2.30629737904837,11,35
0.468,200,35,397.73539110775,311.210179853741,397.73539110775,13407.67598486,14146.853295504,14253.6302658897,59.7177303827206,46.5761232561001,39.7627580318722,-505.763413818213,-508.643926014212,1.49011611938477e-08,1.49011611938477e-08,1.94502541779024,1.61073859965858,1.49011611938477e-08,3.37466740416744,11,35
0.469,200,35,294.882558982515,309.981107912063,294.882558982515,13741.7332221245,14188.8143466433,13832.0322465952,59.6607421777379,47.2309901625768,41.3461833680701,-493.592617363848,-353.657311068487,1.49011611938477e-08,1.49011611938477e-08,1.94652489954922,1.33875965799494,1.49011611938477e-08,17.034431140587,11,35
0.47,200,35,262.760578154037,307.384271743779,262.760578154037,14125.0969402249,13810.6647759255,13828.6050500946,61.0289350670037,46.8068918004808,44.1688420773248,-510.19873910759,-216.530415508269,1.49011611938477e-08,1.49011611938477e-08,1.84474113678346,1.27178658071641,0.598616249259481,6.12838510023994,11,35
0.471,200,35,424.492534500272,301.023001535854,424.492534500272,14101.0312778356,13484.5439444619,14250.4331484247,61.7176232060586,45.573017580746,47.0947618696719,-475.987103981394,-162.057554070698,1.49011611938477e-08,1.49011611938477e-08,1.77967027985425,1.53366460165853,1.10694242727902,4.09973919536614,11,35
0.472,200,35,637.440617829385,-12835.7628913222,637.440617829385,13733.5666293114,13635.9515127193,14580.270378232,59.1826310205202,43.7470724864582,48.1981986705194,-381.643575436252,-162.979032733031,1.49011611938477e-08,1.49011611938477e-08,1.85788181647515,2.04359280331577,1.65317851316413,4.79623094949036,11,35
0.473,200,35,626.927420346043,-7552.73308340705,626.927420346043,13512.4893549914,14063.0986922133,14440.578921974,53.1239160707873,42.088147900012,46.773116932807,-329.601530245195,-151.797642107424,1.49011611938477e-08,1.49011611938477e-08,1.93677742790367,2.39606267713591,1.9668597161796,6.4533492783564,11,35
0.474,200,35,595.996289818973,-1241.03353641966,595.996289818973,13742.3286251368,14213.5020589725,14041.4191113413,45.4369099434522,41.307655022864,43.510226553891,-413.352988766684,-67.9622591965799,1.49011611938477e-08,1.49011611938477e-08,1.95921687490561,1.68147141218662,1.58322209314374,4.76510522360657,11,35
0.475,200,35,476.983639594896,282.179785857009,476.983639594896,14123.2437215434,13899.9582413505,13911.4081460429,42.1143834801357,41.9080516347143,41.1092549977445,-631.983415984865,48.8664025168381,1.49011611938477e-08,1.49011611938477e-08,1.88442875830933,0.631719452270761,0.919721920897292,1.95180860374196,11,35
0.476,200,35,236.991309469681,288.706702306679,236.991309469681,14173.318555598,13502.949846721,14241.9984101805,46.6496523448905,43.5771360569511,41.750643516667,-822.60762868965,90.1993297349401,1.49011611938477e-08,1.49011611938477e-08,1.78860417028894,1.49011611938477e-08,0.420815157886524,1.23900820139634,11,35
0.477,200,35,168.924061297155,286.648093242685,168.924061297155,13809.1848827815,13530.7442900972,14586.900371357,53.8632401601564,45.2462576310443,44.2647520449366,-876.666489209945,52.9339296706401,1.49011611938477e-08,1.49011611938477e-08,1.8381625190187,0.262861346316766,1.49011611938477e-08,1.47675524192965,11,35
0.478,200,35,354.523133133652,280.510169197506,354.523133133652,13442.8216767537,13952.0768241741,14454.2173910127,60.7558476079567,46.3569251578306,47.8019036880326,-860.562485809558,-20.2682948844949,1.49011611938477e-08,1.49011611938477e-08,1.92382294251557,0.648974280673863,1.49011611938477e-08,2.02719306597339,11,35
0.479,200,35,639.396708923746,-13413.0855424414,639.396708923746,13574.83659924,14236.700543106,14019.6320841302,64.8500386360583,46.7122729901365,50.5431146647087,-781.681811300158,-166.265826960535,1.49011611938477e-08,1.49011611938477e-08,1.95381381244472,1.06513578718044,0.140931777756938,3.11428395546768,11,35
0.48,200,35,624.651518003261,274.049716587744,624.651518003261,13966.2242138721,14049.1014897432,13796.9847798653,65.0304488495607,45.7681834691382,51.38029280565,-632.92213331819,-286.950628338558,1.49011611938477e-08,1.49011611938477e-08,1.91048123883863,1.46140444442625,0.666448670410473,4.25431648034315,11,35
0.481,200,35,593.930485714733,-223.3730129714,593.930485714733,14054.8204423237,13643.1474215404,14028.8721967916,63.7818084760436,42.8778801176816,51.3638130276893,-488.426639683292,-264.140308453595,1.49011611938477e-08,1.49011611938477e-08,1.81891729811134,1.73787250779764,1.22105842459199,3.87083618335384,11,35
0.482,200,35,596.680829174068,180.464464801159,596.680829174068,13749.2723457276,13550.3365031588,14448.3006045307,62.7090994628742,38.1541316606357,50.8308688604938,-374.390184141048,-164.382670927629,1.49011611938477e-08,1.49011611938477e-08,1.84191513436041,2.00532761132886,1.82485315141907,3.0675094351611,11,35
0.483,200,35,548.580566276411,132.194474244416,548.580566276411,13337.7891062382,13900.6728915493,14477.4417818459,62.1333778201838,32.6606281824707,49.771635663954,-348.413383472031,-60.2279529527007,1.49011611938477e-08,1.49011611938477e-08,1.9202168620569,2.22340877371625,2.34481518600459,2.57300257912524,11,35
0.484,200,35,494.498823910094,247.427966192896,494.498823910094,13351.2586259392,14230.0537935761,14068.6646234518,62.6845475836627,28.7528544040559,48.2608212046235,-461.337836138293,-10.0917908827287,1.49011611938477e-08,1.49011611938477e-08,1.95082439264907,2.13580126570759,2.63951406189728,2.38744098570309,11,35
0.485,200,35,493.974781751764,244.957076873608,493.974781751764,13789.8140920202,14113.6130619927,13728.2836068813,63.8017949548718,29.3176967911087,46.2180759272411,-655.724381914815,-108.183301716102,1.49011611938477e-08,1.49011611938477e-08,1.93349069365374,1.82543661469086,1.01725412752628,2.6581052061444,11,35
0.486,200,35,505.040239894285,233.857516588056,505.040239894285,14111.495715652,13689.3912092097,13909.6741499986,64.1565180383657,33.9402058501092,44.0728266291362,-749.350586235893,-332.670454705505,1.49011611938477e-08,1.49011611938477e-08,1.82213159636568,1.67582694883285,1.49011611938477e-08,3.11716427325549,11,35
0.487,200,35,499.980413506773,234.735197761074,499.980413506773,13945.6637536653,13481.7843985995,14376.9185444318,62.9973163975675,39.0072036195251,42.0877128776585,-681.524008153621,-530.615808921405,1.49011611938477e-08,1.49011611938477e-08,1.80624419357322,1.73108732466861,1.49011611938477e-08,2.63487015644577,11,35
0.488,200,35,458.474311772839,245.271169706082,458.474311772839,13529.9905238058,13761.6121530145,14550.0190457902,60.6438684320662,42.6634363592292,40.3754573253473,-557.633964460989,-580.346482896252,1.49011611938477e-08,1.49011611938477e-08,1.89519732895833,1.80634213614072,1.49011611938477e-08,2.36571235053172,11,35
0.489,200,35,371.971235588984,245.429236427507,371.971235588984,13417.2372315966,14162.2601794053,14225.2549615219,58.8397352885595,44.5870196431892,40.1451220989892,-484.982541181818,-496.395143400993,1.49011611938477e-08,1.49011611938477e-08,1.94638459960736,1.67074554395686,1.49011611938477e-08,3.56803569662308,11,35
0.49,200,35,258.328644384875,243.870926876538,258.328644384875,13770.2430866153,14176.7147240838,13814.2106481257,58.9016329991646,45.1253574626009,41.7287165210498,-481.259731389315,-344.335510939514,1.49011611938477e-08,1.49011611938477e-08,1.94352851167782,1.39303207066393,0.0992759844850637,19.1435345594033,11,35
0.491,200,35,239.096585677667,240.968267819591,239.096585677667,14140.5591599399,13786.7961105931,13841.0404323621,60.2845345240197,44.6598211876801,44.4451107078068,-498.450849672538,-222.668418254365,1.49011611938477e-08,1.49011611938477e-08,1.83657466576684,1.33203696368796,0.63499660395905,6.39319488627371,11,35
0.492,200,35,409.874776394085,235.312576405793,409.874776394085,14090.0380022152,13480.4388848869,14273.724437127,60.7902371524294,43.4055436745111,47.1269579796698,-458.84372688071,-174.073963318905,1.49011611938477e-08,1.49011611938477e-08,1.77983626761925,1.60932218649135,1.12021838379706,4.4833212296178,11,35
0.493,200,35,638.863769050073,-11967.5204036143,638.863769050073,13714.4978538872,13658.5490821711,14578.9802404821,58.040288638364,41.5727370231199,48.032569202836,-364.51755502947,-178.933267189452,1.49011611938477e-08,1.49011611938477e-08,1.86293317085848,2.13565695893123,1.63408365124499,5.46392318083451,11,35
0.494,200,35,629.015332076779,-7338.01812507992,629.015332076779,13515.7103522456,14084.1412529341,14412.7974138608,51.7901174693109,39.945696180269,46.4321628580427,-318.693775828004,-166.693224297522,1.49011611938477e-08,1.49011611938477e-08,1.93909508128028,2.46911092305099,1.89337968232284,7.68978032895589,11,35
0.495,200,35,596.076587144413,-1010.8085921178,596.076587144413,13766.5271951286,14209.82637664,14015.5836393966,44.0953146651415,39.2941950890379,43.011511395203,-409.851686129723,-79.0360042669353,1.49011611938477e-08,1.49011611938477e-08,1.95808311608559,1.665707577368,1.48818904497434,5.35667445055724,11,35
0.496,200,35,469.346162245639,218.596701776063,469.346162245639,14139.9309966826,13877.5529189079,13912.874280622,41.158700416136,40.0709820224122,40.5874959510658,-616.584610848523,33.6417547345637,1.49011611938477e-08,1.49011611938477e-08,1.87647316139783,0.603903150508483,0.858890343397699,2.04184559112865,11,35
0.497,200,35,227.507093474156,221.988306087531,227.507093474156,14163.1564642761,13492.8953480043,14260.4747494039,46.1351781308113,41.8893630866847,41.3207538627371,-809.210169545317,76.5112119808447,1.49011611938477e-08,1.49011611938477e-08,1.78641794024354,1.49011611938477e-08,0.380899226347865,1.30885761368845,11,35
0.498,200,35,162.238315498625,219.628288837909,162.238315498625,13782.9964735043,13551.2822629323,14585.1633428089,53.4342797542068,43.6258876715973,43.8846936503004,-853.163786487394,40.002571871919,1.49011611938477e-08,1.49011611938477e-08,1.84340122749903,0.338866439656092,1.49011611938477e-08,1.55273368931966,11,35
0.499,200,35,342.645325545542,214.251315118507,342.645325545542,13439.0906682816,13979.1446869527,14426.4587114378,60.3320326806419,44.7721267206321,47.4086448299389,-833.101833908299,-35.4705708177595,1.49011611938477e-08,1.49011611938477e-08,1.92649183568843,0.716388809095227,1.49011611938477e-08,2.13172716154361,11,35
0.5,200,35,641.175483752088,-12747.7602680951,641.175483752088,13599.1059850567,14241.9143200199,13989.0978317444,64.3014410261293,45.1664088197555,50.0264124675609,-750.625553137281,-184.315097045194,1.49011611938477e-08,1.49011611938477e-08,1.95358075761471,1.14267580637759,0.140630924431815,3.29914919314055,11,35
0.501,200,35,625.421361752648,-5882.47805034381,625.421361752648,13986.8990434563,14030.267413592,13791.6545557464,64.4494491943352,44.3049366313528,50.7781013414004,-611.188377342119,-296.4864171568,1.49011611938477e-08,1.49011611938477e-08,1.90424371926439,1.54486382205236,0.665318723117095,4.47277137488137,11,35
0.502,200,35,596.429698591504,-312.143277138838,596.429698591504,14046.0777926065,13627.4118277605,14042.5061088605,63.3822206231219,41.5409629267123,50.7559359174881,-469.584402641775,-266.334701463941,1.49011611938477e-08,1.49011611938477e-08,1.81615471959602,1.80447130990737,1.21764193059681,3.96126320524312,11,35
0.503,200,35,598.709174179818,-1171.73510514791,598.709174179818,13721.768501368,13562.5085335615,14452.1790074662,62.4816686664882,36.986254169399,50.1757608898431,-367.021269820373,-163.190153924644,1.49011611938477e-08,1.49011611938477e-08,1.84643684059448,2.05793050535158,1.81897312875969,3.08625987158362,11,35
0.504,200,35,550.970132966364,68.5878574129909,550.970132966364,13323.1084231594,13926.2951105497,14453.2362063119,62.068063743666,31.8581616604942,49.0517488275511,-354.156741554701,-63.0869190436171,1.49011611938477e-08,1.49011611938477e-08,1.92318344044468,2.25436733433224,2.36498055680692,2.58360682198371,11,35
0.505,200,35,490.004909058214,185.170074338687,490.004909058214,13368.223725314,14235.2484455073,14031.7543985368,62.7376985007314,28.675002313019,47.5019540113092,-478.196218318495,-24.3677729633402,1.49011611938477e-08,1.49011611938477e-08,1.95186766911209,2.1423842317871,2.46918914331663,2.42216169669211,11,35
0.506,200,35,477.038097657963,186.019857352853,477.038097657963,13814.616841201,14092.4686600144,13716.0138515997,63.9220608995809,30.1197029224821,45.5243436632704,-665.092621189933,-126.108679514655,1.49011611938477e-08,1.49011611938477e-08,1.92932780225391,1.82378209133751,0.907488888002821,2.70687953974422,11,35
0.507,200,35,494.178551132681,177.189801067825,494.178551132681,14111.0917631995,13666.3071362271,13925.9483584988,64.2937405144062,35.1184423249468,43.5213940945277,-757.782131409664,-360.459526744666,1.49011611938477e-08,1.49011611938477e-08,1.81784540950976,1.67434221259371,1.49011611938477e-08,3.03069160262252,11,35
0.508,200,35,494.366427871038,173.90987844812,494.366427871038,13915.3876063276,13483.3313285471,14390.2886142812,63.1982339689145,40.2748503123241,41.6759655626641,-685.168477575378,-547.834921208423,1.49011611938477e-08,1.49011611938477e-08,1.81092421205291,1.72064339461616,1.49011611938477e-08,2.50471923086753,11,35
0.509,200,35,458.781654382096,179.522250158984,458.781654382096,13503.5523707391,13784.7973314614,14536.7038509525,60.9343073544018,43.9334495096542,40.0844658736656,-563.61438670248,-587.344408451968,1.49011611938477e-08,1.49011611938477e-08,1.90021175893065,1.77691862689029,1.49011611938477e-08,2.30342891979801,11,35
0.51,200,35,373.720154990172,179.073495529953,373.720154990172,13420.2458122235,14175.0562406833,14194.0604619234,59.1785684787145,45.8527278760132,39.8531474323931,-492.951984387465,-498.20352612537,1.49011611938477e-08,1.49011611938477e-08,1.94789024746918,1.62256159917993,1.49011611938477e-08,3.55811520973424,11,35
0.511,200,35,267.819599104286,177.000722208862,267.819599104286,13790.0716757528,14160.7971625044,13795.9978073537,59.2547860735415,46.3736001200393,41.444512873408,-488.219644066421,-353.360261342407,1.49011611938477e-08,1.49011611938477e-08,1.94080511117424,1.35401804791027,0.135251439880997,18.5876007964479,11,35
0.512,200,35,257.772564913867,173.928350980716,257.772564913867,14145.2195379605,13759.8038263212,13853.7744737163,60.5379027041751,45.8973533998609,44.1358153124754,-500.830855297556,-228.739046981255,1.49011611938477e-08,1.49011611938477e-08,1.83028120569897,1.32147573790127,0.65989200536922,6.32765085465228,11,35
0.513,200,35,435.543572398148,168.491070754905,435.543572398148,14068.7070393608,13474.6515957971,14295.1123566816,60.796648311849,44.6387921920881,46.7107833510911,-453.585992583051,-184.51407885288,1.49011611938477e-08,1.49011611938477e-08,1.78244212827831,1.62373060062489,1.15623257291748,4.58300414787953,11,35
0.514,200,35,639.559724323321,167.658582880223,639.559724323321,13688.8338201098,13679.0465474428,14578.9063801618,57.6756535949013,42.8081925364988,47.3884938831584,-357.778352785583,-188.258614186759,1.49011611938477e-08,1.49011611938477e-08,1.86917624438903,2.16002561758706,1.6807752817987,5.6650531593966,11,35
0.515,200,35,629.027421875946,163.13491856807,629.027421875946,13513.8186450832,14101.4527372805,14388.5739045922,51.1765050755864,41.2314176573395,45.6058278725256,-320.653071838842,-169.319940805212,1.49011611938477e-08,1.49011611938477e-08,1.94166761668871,2.45176017147693,1.91620740704208,7.85820297752885,11,35
0.516,200,35,590.110121681121,-195.247371021013,590.110121681121,13784.4028487528,14198.8926853949,13994.5015117039,43.5063479851279,40.6508581445585,42.1076429264811,-417.329290988665,-79.3774171552981,1.49011611938477e-08,1.49011611938477e-08,1.95700594295202,1.57152985365114,1.46398999280506,5.04183470551642,11,35
0.517,200,35,444.880701656071,155.39140072069,444.880701656071,14148.2300406355,13848.9994699681,13920.000348559,41.1413108222091,41.5040658728315,39.8374415515943,-642.433743010245,40.0106071461925,1.49011611938477e-08,1.49011611938477e-08,1.86985606565528,0.523561829915087,0.8277253341482,1.88432730916789,11,35
0.518,200,35,202.673203332276,155.316861007483,202.673203332276,14148.9053373723,13479.6972547375,14285.2778759697,46.5778593243956,43.3209778866444,40.7965094884348,-830.66887132658,76.5523955168053,1.49011611938477e-08,1.49011611938477e-08,1.7863919185877,1.49011611938477e-08,0.342089589289796,1.25276546047393,11,35
0.519,200,35,159.798222020848,152.503299061634,159.798222020848,13752.7570972182,13566.8721731579,14590.5829494484,53.9735732744102,45.0070874155119,43.4812753471636,-867.274405581878,35.1164424610448,1.49011611938477e-08,1.49011611938477e-08,1.84928992237535,0.29873038926276,1.49011611938477e-08,1.54486267659506,11,35
0.52,200,35,383.017050172379,147.395467815781,383.017050172379,13432.9547734918,14001.566766707,14407.48344001,60.8198878745857,46.1030460963157,47.0838041935311,-842.632502117134,-46.6450954194101,1.49011611938477e-08,1.49011611938477e-08,1.92946790067571,0.696668841458114,1.49011611938477e-08,2.16641056904033,11,35
0.521,200,35,645.294400281796,-13719.334256673,645.294400281796,13618.9132307242,14239.889479585,13969.7711772299,64.5680978348422,46.3938464014312,49.6660191055547,-759.89291914354,-189.099174152817,1.49011611938477e-08,1.49011611938477e-08,1.95377315413065,1.12096821624376,0.150743365849943,3.35960279505893,11,35
0.522,200,35,626.087845503404,-5346.08903035157,626.087845503404,14002.5791062299,14005.5796410229,13797.5680262141,64.5366901169655,45.3277462196697,50.3568781712848,-608.134321855714,-298.719909596392,1.49011611938477e-08,1.49011611938477e-08,1.89871622889118,1.51293088095572,0.697017657578259,4.43986804506872,11,35
0.523,200,35,598.189812696192,-363.969523151593,598.189812696192,14037.844802179,13609.4494410242,14070.8419874906,63.3810218356229,42.2707508487879,50.3081132030786,-464.254129535078,-257.730825254104,1.49011611938477e-08,1.49011611938477e-08,1.81388517364804,1.77345286189139,1.2674960826425,3.81761609319456,11,35
0.524,200,35,599.561664680165,-1013.20930385513,599.561664680165,13695.9019017072,13572.9632274273,14469.7854201416,62.3920298170846,37.5113538294836,49.680116937213,-361.30168880498,-154.49450281493,1.49011611938477e-08,1.49011611938477e-08,1.85091306772308,2.03777467678133,1.86732373507695,2.99962544168778,11,35
0.525,200,35,544.954986225127,40.0620544810738,544.954986225127,13311.9803259037,13949.5333847922,14442.8996627653,61.9264527639884,32.2190904457247,48.5571277136737,-353.292326599972,-55.5505935565986,1.49011611938477e-08,1.49011611938477e-08,1.92578572671564,2.23350592642649,2.40907036775366,2.52986442459263,11,35
0.526,200,35,490.40047242398,120.067600563584,490.40047242398,13387.0443323838,14241.9293851528,14012.270620016,62.5791010496495,28.8863579177522,47.0241007316283,-474.053048406734,-19.1372919554726,1.49011611938477e-08,1.49011611938477e-08,1.9525827410469,2.10586721187129,2.46502672482984,2.38524571281021,11,35
0.527,200,35,492.293381782306,116.463605369915,492.293381782306,13841.4432741375,14072.7453157593,13719.2183819831,63.7108707424238,30.1605891781647,45.0548162890595,-668.324708633648,-129.212842002319,1.49011611938477e-08,1.49011611938477e-08,1.92437954293258,1.78895171824311,0.880275002090186,2.6987578220686,11,35
0.528,200,35,494.992934603872,112.167337735531,494.992934603872,14114.0413693008,13644.2066990125,13956.4889744035,64.0334766138011,35.0096756538087,43.0980325245102,-751.459412182135,-364.040589420008,1.49011611938477e-08,1.49011611938477e-08,1.81271900101096,1.64913964996345,1.49011611938477e-08,3.06528505897549,11,35
0.529,200,35,485.055365797581,112.537845868083,485.055365797581,13895.6848869994,13489.1544134185,14416.8653310051,62.9198700717378,39.9686441100425,41.2975554164987,-673.902282411111,-541.37958062415,1.49011611938477e-08,1.49011611938477e-08,1.8146393101724,1.69746769921172,1.49011611938477e-08,2.56631406202976,11,35
0.53,200,35,440.225380529773,114.786800686278,440.225380529773,13486.4354026274,13810.3948805062,14531.5088362954,60.7664967953166,43.4368832048752,39.8107465315466,-556.4840528739,-570.715106825868,1.49011611938477e-08,1.49011611938477e-08,1.90440590558578,1.74244276162125,1.49011611938477e-08,2.4309735130376,11,35
0.531,200,35,350.185331626739,112.881880695319,350.185331626739,13432.2093686693,14188.6465631452,14169.0304956076,59.245812872597,45.2074369836996,39.7453871106573,-493.968322296392,-484.57650262805,1.49011611938477e-08,1.49011611938477e-08,1.94909514202496,1.58405896503331,1.49011611938477e-08,3.94924335664469,11,35
0.532,200,35,247.005126750886,110.371447335198,247.005126750886,13816.8978398626,14147.2779956798,13785.9941201683,59.4674501652491,45.6324152739851,41.4205722415114,-489.56513149482,-337.644041454466,1.49011611938477e-08,1.49011611938477e-08,1.93717592119921,1.34471176075811,0.181527009225965,22.2181639974802,11,35
0.533,200,35,246.802066366762,107.193021435975,246.802066366762,14155.3912300633,13737.8068767918,13873.6444998782,60.6564776572879,45.0680841359041,44.0914953487746,-495.511948205471,-223.239527890959,1.49011611938477e-08,1.49011611938477e-08,1.82336618141963,1.34941081745391,0.691132894786985,5.9654705689988,11,35
0.534,200,35,427.585908153879,104.730198484476,427.585908153879,14053.2274201582,13475.3694777599,14322.1649307336,60.5573507145413,43.7013859017233,46.4878402353349,-437.838060966694,-186.833329994159,1.49011611938477e-08,1.49011611938477e-08,1.78458036664035,1.68206621594418,1.1950232592763,4.63543534446197,11,35
0.535,200,35,646.264255156929,106.446629362646,646.264255156929,13667.9397396483,13704.5889509831,14579.3839948256,57.0895068210619,41.7988369473846,46.9944160181227,-341.157245639169,-191.717899352176,1.49011611938477e-08,1.49011611938477e-08,1.87473844622126,2.23504550395783,1.71752535659368,5.88176861627046,11,35
0.536,200,35,630.132840699863,105.022877575223,630.132840699863,13517.3155908044,14121.7527833601,14365.0124632362,50.2905303852295,40.2027442660495,45.0465106405514,-309.821764909929,-171.842786050704,1.49011611938477e-08,1.49011611938477e-08,1.94392752671404,2.49420792661302,1.92419376305699,8.16987210649653,11,35
0.537,200,35,587.073137461186,-256.778510604291,587.073137461186,13806.3537776379,14192.4297208103,13975.5622120867,42.6117571463398,39.6994780283369,41.4702821626885,-418.344777194819,-74.5301727179444,1.49011611938477e-08,1.49011611938477e-08,1.95542374185127,1.52929883120452,1.43007343366121,4.91115659951317,11,35
0.538,200,35,431.375401355177,104.58278277816,431.375401355177,14159.9458314244,13826.3285464625,13928.8500249743,40.7060123640189,40.6712231255477,39.3275766561716,-647.469024855655,42.306032148467,1.49011611938477e-08,1.49011611938477e-08,1.86243225353023,0.485153266174904,0.790752246038148,1.83210085698225,11,35
0.539,200,35,185.709301586782,106.507004955169,185.709301586782,14133.7679927826,13472.8538563036,14307.8008352525,46.5670015238891,42.597034286072,40.4525761932608,-828.279588480231,71.4294742484693,1.49011611938477e-08,1.49011611938477e-08,1.78608624201497,1.49011611938477e-08,0.299642063646534,1.26843298518313,11,35
0.54,200,35,157.358593453087,106.68125298621,157.358593453087,13724.6839955332,13589.5780484945,14588.5538310461,54.0374632032512,44.3227333228077,43.2001741376707,-857.084404524469,28.6374677879285,1.49011611938477e-08,1.49011611938477e-08,1.85512558093967,0.341236126980238,1.49011611938477e-08,1.5777441197517,11,35
0.541,200,35,380.544203919148,105.319504334011,380.544203919148,13430.2543975461,14027.1759722222,14381.25662303,60.8421451881804,45.4202826732824,46.8186042975614,-831.112997964044,-51.1663853224572,1.49011611938477e-08,1.49011611938477e-08,1.9320592911559,0.737397161875778,1.49011611938477e-08,2.23047220011458,11,35
0.542,200,35,646.422654088625,-13389.3189961778,646.422654088625,13641.7998180684,14241.665857014,13944.9060328734,64.4146574692219,45.694178632654,49.308341706131,-741.251824205243,-202.311868481878,1.49011611938477e-08,1.49011611938477e-08,1.95337147918071,1.16724851202008,0.142156489726211,3.46924406215321,11,35
0.543,200,35,625.661766706551,-4889.07178801794,625.661766706551,14017.8504555328,13984.935777268,13798.5225988974,64.2960246375548,44.6293464386214,49.9282483638785,-588.989693628669,-305.695945574997,1.49011611938477e-08,1.49011611938477e-08,1.89275530994063,1.55927327894783,0.702592907213898,4.5227377179001,11,35
0.544,200,35,599.865661660821,-399.646599809428,599.865661660821,14025.1855743413,13595.5346733412,14087.8018810261,63.2448649242565,41.6232992093917,49.8879427639143,-453.018469847006,-256.158273069688,1.49011611938477e-08,1.49011611938477e-08,1.81263234745122,1.80782492677904,1.27758096553849,3.80710044200436,11,35
0.545,200,35,600.957100965675,-26.8628566687418,600.957100965675,13667.3785807116,13587.6458700473,14473.8474264197,62.3258537153757,36.9371927153065,49.2441439430747,-357.67049524313,-150.966823620381,1.49011611938477e-08,1.49011611938477e-08,1.85601838753176,2.0670121864496,1.88154021990557,2.97325586486905,11,35
0.546,200,35,548.676917680259,3.96453666587983,548.676917680259,13299.9363744264,13974.0394386195,14418.453067943,61.9404439582589,31.8984393414516,48.1044497181093,-356.992923007673,-59.7562110304501,1.49011611938477e-08,1.49011611938477e-08,1.92848552685255,2.24871016638871,2.45483149266749,2.52032569221775,11,35
0.547,200,35,491.837697657351,96.8808681042343,491.837697657351,13406.1878150093,14243.947041695,13978.4722545924,62.6553261989245,29.1433929930609,46.5757013133963,-491.15360616764,-30.2413675072305,1.49011611938477e-08,1.49011611938477e-08,1.95351825482705,2.10167701254125,2.31753377997156,2.40938407648593,11,35
0.548,200,35,470.590902718538,102.05560411245,470.590902718538,13865.1630061051,14049.5635414554,13711.917323548,63.8344948364691,31.0776720344218,44.6912952893675,-686.990774484192,-153.422459695386,1.49011611938477e-08,1.49011611938477e-08,1.91950189823623,1.77842107844683,0.783388290434161,2.73521694720333,11,35
0.549,200,35,487.726027191962,98.3938942296516,487.726027191962,14110.8128580154,13622.3016641749,13975.6466196328,64.1727388235442,36.1831820637385,42.859614031296,-761.368085681055,-389.180794019415,1.49011611938477e-08,1.49011611938477e-08,1.80934273938011,1.63926582198586,1.49011611938477e-08,2.9754618966133,11,35
0.55,200,35,481.407142038242,100.020855802589,481.407142038242,13865.5201484724,13493.7258414103,14429.6093034509,63.1120242555801,41.2026461120209,41.1685453820438,-680.019174524957,-557.873682773818,1.49011611938477e-08,1.49011611938477e-08,1.81979502712929,1.6803040663276,1.49011611938477e-08,2.45064650696109,11,35
0.551,200,35,440.73025814857,104.302912162517,440.73025814857,13464.2731056013,13833.5817727101,14516.1019013995,61.0462837088882,44.668495798088,39.8110071735903,-569.733927934064,-580.422720749277,1.49011611938477e-08,1.49011611938477e-08,1.90888783906937,1.70907736542783,1.49011611938477e-08,2.37825857333726,11,35
0.552,200,35,358.763073011714,105.460574929235,358.763073011714,13439.5721343931,14197.9767094462,14137.6472567036,59.6198152314144,46.4285248472957,39.8301585828624,-504.304554110927,-486.976965990537,1.49011611938477e-08,1.49011611938477e-08,1.95030433081684,1.5393950816588,1.49011611938477e-08,3.96843826454364,11,35
0.553,200,35,249.523291843908,106.125586339547,249.523291843908,13837.9525051026,14128.4636118381,13771.1350862702,59.889456901713,46.8219605408898,41.5733516660156,-499.304676092808,-339.512055066022,1.49011611938477e-08,1.49011611938477e-08,1.93348946252407,1.31621677925479,0.188904527071432,20.6868206857197,11,35
0.554,200,35,261.839580725566,106.056473972373,261.839580725566,14158.4181179805,13711.5570086035,13889.0111389042,60.9817326365004,46.2270688412971,44.2536017118065,-498.475350554661,-229.41532964077,1.49011611938477e-08,1.49011611938477e-08,1.81755431213011,1.349142504962,0.712279191190303,5.97523705223368,11,35
0.555,200,35,455.195434163471,103.65373156447,455.195434163471,14030.0358065115,13472.923387485,14341.452458181,60.6370235903239,44.826985522643,46.5733209234856,-433.58449619871,-196.044449102119,1.49011611938477e-08,1.49011611938477e-08,1.78813800346498,1.70397797622895,1.22946635994043,4.76763066924525,11,35
0.556,200,35,641.335540407438,105.797800616004,641.335540407438,13644.1442266034,13726.4341691627,14575.3866194158,56.8193100402741,42.9122103282778,46.9140674736513,-340.911449870167,-199.399821188713,1.49011611938477e-08,1.49011611938477e-08,1.88067208612547,2.26238469365219,1.75996505694355,6.10644611377991,11,35
0.557,200,35,628.120228902477,104.892581295688,628.120228902477,13518.8108472636,14136.5235195182,14338.670398753,49.7977948134812,41.3769984094279,44.8366741605052,-314.684818534162,-174.099384916415,1.49011611938477e-08,1.49011611938477e-08,1.94621841767813,2.47167051251256,1.93182874663518,8.35673358969447,11,35
0.558,200,35,580.452286726906,-199.421408985654,580.452286726906,13825.3257149047,14178.9067185874,13955.9580379655,42.1995097613813,40.9695689399682,41.2439305862699,-436.850670356711,-70.7844304923318,1.49011611938477e-08,1.49011611938477e-08,1.9537305619862,1.44517584060368,1.39378298359301,4.71961105197779,11,35
0.559,200,35,412.685367728508,104.96311874353,412.685367728508,14166.3050383919,13798.0821752354,13938.1076148976,40.8506991786785,42.0271479830328,39.2712409688729,-671.975169730435,43.5030643309706,1.49011611938477e-08,1.49011611938477e-08,1.85588635858176,0.419127875774837,0.755206385573268,1.7490375741857,11,35
0.56,200,35,177.85091618852,106.554009611893,177.85091618852,14116.9822065581,13463.0597051962,14331.0397551193,47.0179355709836,43.9626667383972,40.52194197949,-844.800627232625,65.4649801423418,1.49011611938477e-08,1.49011611938477e-08,1.78705194680923,1.49011611938477e-08,0.247500639113784,1.25916951861991,11,35
0.561,200,35,170.611800607843,106.605873992843,170.611800607843,13695.3760596936,13608.0428026954,14590.1160588206,54.5196699489588,45.6663918801221,43.2755174215214,-866.735517710653,20.4614000373939,1.49011611938477e-08,1.49011611938477e-08,1.86084925652203,0.330447193848404,1.49011611938477e-08,1.61367281967037,11,35
0.562,200,35,412.691535859623,104.993514111963,412.691535859623,13427.240925888,14048.3365834377,14360.006190212,61.226111977286,46.7412002138427,46.8371070723947,-835.276033389135,-67.2805930020098,1.49011611938477e-08,1.49011611938477e-08,1.93459619819853,0.736569783628131,1.49011611938477e-08,2.31224113373417,11,35
0.563,200,35,646.190060446817,-13277.0447517329,646.190060446817,13662.5806386572,14236.9941813587,13926.5869070011,64.5581920889666,46.9415895173324,49.1696446186681,-738.086725368611,-216.840614766069,1.49011611938477e-08,1.49011611938477e-08,1.95287740660717,1.16288144533825,0.162300510612248,3.57052446504143,11,35
0.564,200,35,622.940818949612,-4279.3760053462,622.940818949612,14031.4496159018,13960.3671288717,13807.1078781398,64.2789409873193,45.689197630984,49.6893430607218,-580.363098035298,-305.666839432721,1.49011611938477e-08,1.49011611938477e-08,1.88668219551627,1.54384149241723,0.739370059681916,4.49191113584084,11,35
0.565,200,35,602.209932756076,-428.454275495372,602.209932756076,14020.4615001502,13581.23280466,14123.5099572947,63.1527589372124,42.4115330766121,49.6012266008775,-442.26012821439,-245.316674744446,1.49011611938477e-08,1.49011611938477e-08,1.81085435810457,1.79510408930142,1.3336679626596,3.66754535193907,11,35
0.566,200,35,594.603221661215,-441.689258465037,594.603221661215,13646.3606720894,13602.1882947074,14493.4254072122,62.1569838674787,37.5485430532369,48.8752003305782,-348.238952460958,-144.963379978304,1.49011611938477e-08,1.49011611938477e-08,1.86039484970928,2.07281015287065,1.92914723379449,2.90401697737859,11,35
0.567,200,35,531.440529256521,56.1849637895318,531.440529256521,13296.4120149918,13997.9966229056,14409.6653195312,61.7983108310205,32.400138171201,47.7173324531821,-350.414545902848,-47.5894332641819,1.49011611938477e-08,1.49011611938477e-08,1.93058064299156,2.2537249044997,2.50283187037279,2.47454406046906,11,35
0.568,200,35,478.48132426055,100.707606925414,478.48132426055,13431.2191774047,14248.1609520905,13964.2028758442,62.6239754295739,29.5594321235614,46.1760105181227,-492.559127656087,-18.2132917450129,1.49011611938477e-08,1.49011611938477e-08,1.95386935299046,2.07589261398185,2.34794403462633,2.36646248739531,11,35
0.569,200,35,480.399135566792,100.20911470931,480.399135566792,13893.2301318327,14029.4687022657,13723.4977492195,63.8798657280407,31.3393312288758,44.2118743868105,-688.953336669636,-143.756915477951,1.49011611938477e-08,1.49011611938477e-08,1.91352079725165,1.73736852473047,0.773682094555808,2.71304012640613,11,35
0.57,200,35,497.121993523941,94.8109026940284,497.121993523941,14112.7737914935,13604.0782060062,14011.9217043025,64.2833419703992,36.2749178139662,42.230110651222,-758.1081795523,-375.80193063067,1.49011611938477e-08,1.49011611938477e-08,1.80500049859481,1.59300997218555,1.49011611938477e-08,3.06428906132017,11,35
0.571,200,35,493.318172058881,96.3649502860654,493.318172058881,13847.4457092718,13504.6736111799,14458.6309399807,63.2738816890635,41.0951203293715,40.3589236123567,-680.796107172342,-530.082245832588,1.49011611938477e-08,1.49011611938477e-08,1.82399907619082,1.62330083486425,1.49011611938477e-08,2.60957910690573,11,35
0.572,200,35,451.475434702271,103.778850858565,451.475434702271,13453.933050845,13861.1556948791,14515.5840037749,61.3119837319099,44.379323708073,38.9037576080446,-567.921986276363,-549.409742455699,1.49011611938477e-08,1.49011611938477e-08,1.91264599056892,1.62950172374927,1.49011611938477e-08,2.61415085882547,11,35
0.573,200,35,358.752341507961,105.460456349622,358.752341507961,13458.1370527401,14210.0587794588,14122.8800931304,60.061115642098,45.9960571240881,39.0085992462511,-507.863152242887,-451.455138020673,1.49011611938477e-08,1.49011611938477e-08,1.95143645474209,1.44657201075468,1.49011611938477e-08,4.80255454499172,11,35
0.574,200,35,260.989235329001,106.059245158724,260.989235329001,13864.8990475839,14113.1039217135,13775.7889563502,60.4874471297306,46.2868646162896,40.9484709491168,-507.034312795814,-303.243246628296,1.49011611938477e-08,1.49011611938477e-08,1.92950603533048,1.24672108421878,0.224569880661701,16.6646132764428,11,35
0.575,200,35,274.310737333297,105.98171829513,274.310737333297,14164.4275447641,13690.5868805807,13922.4816089694,61.6396194748793,45.5930962014057,43.816007212694,-505.680247623725,-197.580527539648,1.49011611938477e-08,1.49011611938477e-08,1.81228232989332,1.31068881375456,0.744509237491735,4.77758852038199,11,35
0.576,200,35,468.437376282069,102.419779603392,468.437376282069,14012.5333980587,13477.2478482649,14379.1902750015,61.1911354585945,44.0902828423077,46.154874695352,-441.44813299087,-169.706736904125,1.49011611938477e-08,1.49011611938477e-08,1.79200766180523,1.68101996413707,1.27073990388286,4.12110960548411,11,35
0.577,200,35,641.133465455141,-10317.3418790077,641.133465455141,13626.0351601051,13753.6268736497,14587.0525849831,57.286376950515,42.1037020633369,46.4112338154313,-344.317752844829,-173.828799308101,1.49011611938477e-08,1.49011611938477e-08,1.88634399362053,2.22660540182468,1.80219411427623,5.27353396975649,11,35
0.578,200,35,627.447598513315,-5324.63560153078,627.447598513315,13526.4591840171,14154.4664992993,14328.6299041564,50.2247754992231,40.5101034639531,44.2336874248045,-324.101186150491,-144.11653057187,1.49011611938477e-08,1.49011611938477e-08,1.94830866551312,2.37193244104827,1.95724990922344,6.67160656185936,11,35
0.579,200,35,576.378848815745,-164.303481374215,576.378848815745,13848.6599649857,14168.7974445377,13953.8604762266,42.9221912093136,40.0962531308969,40.6884206433842,-455.261703243821,-37.1007161276966,1.49011611938477e-08,1.49011611938477e-08,1.95163649746974,1.353822168696,1.39190721808235,3.68351233914417,11,35
0.58,200,35,402.742002555672,105.091216161754,402.742002555672,14176.5108868065,13775.3707108098,13963.9851464951,42.0271011977736,41.16288132464,38.9656436604129,-691.256364489925,71.3434187871501,1.49011611938477e-08,1.49011611938477e-08,1.8493527249724,0.389163100337487,0.752895983842897,1.52997731131564,11,35
0.581,200,35,169.113436777179,106.606262414597,169.113436777179,14100.5648135708,13459.5943958425,14366.7290022702,48.2515366132698,43.1035682678017,40.4068803287197,-849.808065823825,85.887553966795,1.49011611938477e-08,1.49011611938477e-08,1.78862003198846,1.49011611938477e-08,0.267895051685466,1.17819245990318,11,35
0.582,200,35,177.527335553071,106.560532703286,177.527335553071,13662.5538572641,13632.4475322758,14591.8757245808,55.6108068590115,44.7638108641736,43.2923868167597,-871.312048482538,39.6564933567401,1.49011611938477e-08,1.49011611938477e-08,1.86745587911022,0.350935036926607,1.49011611938477e-08,1.51321468254407,11,35
0.583,200,35,428.769668014909,104.721585347862,428.769668014909,13423.0483634972,14072.245953871,14340.0804670311,62.0568836883469,45.7783582890307,46.8765470055699,-838.379174127097,-52.6728570717874,1.49011611938477e-08,1.49011611938477e-08,1.93715458776582,0.749013569991184,1.49011611938477e-08,2.17466105825157,11,35
0.584,200,35,645.851941534012,106.295833388653,645.851941534012,13680.8989795728,14234.9689147107,13913.3728544948,65.0198024687097,45.906100110781,49.0886020320992,-739.163339351154,-205.614097106359,1.49011611938477e-08,1.49011611938477e-08,1.9524364967928,1.16782800185878,0.264997893150825,3.3263494078069,11,35
0.585,200,35,620.45007810029,103.450243033315,620.45007810029,14038.1539670917,13936.6092480061,13819.8647412312,64.5166941360633,44.619999710389,49.5332541750433,-583.027730681388,-292.860813020102,1.49011611938477e-08,1.49011611938477e-08,1.88158893535345,1.5372318494787,0.780717280694298,4.14836989389475,11,35
0.586,200,35,603.702898165627,-446.455528103115,603.702898165627,14002.5602498,13568.3166541462,14150.4835855463,63.3630711480505,41.3668655731507,49.5080146669111,-455.707015410771,-238.140429467205,1.49011611938477e-08,1.49011611938477e-08,1.81148369356788,1.78015086659702,1.36301248843307,3.43575537180091,11,35
0.587,200,35,596.280187997412,-191.80936912627,596.280187997412,13614.2884541645,13617.9243251429,14503.4203996952,62.3084770735291,36.5210046933034,48.8894724348375,-359.071893733939,-136.204012273003,1.49011611938477e-08,1.49011611938477e-08,1.86623543439722,2.05497113147117,1.94959346723902,2.78719881136738,11,35
0.588,200,35,537.391310834454,41.9935343783284,537.391310834454,13282.9392614895,14020.0655104785,14389.560214825,61.9317741388962,31.5105739479038,47.8433298448297,-368.599623207948,-43.6398486906769,1.49011611938477e-08,1.49011611938477e-08,1.93316544630715,2.22057691696068,2.53126620122193,2.42089501974953,11,35
0.589,200,35,484.383919329325,99.2441558935943,484.383919329325,13448.0569580121,14246.6166157591,13936.7547266271,62.7432241658041,29.0842948930292,46.3762039718059,-518.222694037212,-25.4617916879439,1.49011611938477e-08,1.49011611938477e-08,1.95470415879213,2.03357324570936,2.16088202663926,2.35941378743396,11,35
0.59,200,35,475.754736388891,101.251206030607,475.754736388891,13912.7362876127,14003.890107581,13722.917621905,63.9443801658146,31.4029534157642,44.4775593686921,-710.675675064335,-166.224777554046,1.49011611938477e-08,1.49011611938477e-08,1.9081287278687,1.71569251895651,0.694577778025755,2.73630254606669,11,35
0.591,200,35,492.936088362254,96.59147204934,492.936088362254,14106.78926136,13583.6666515817,14035.4613278663,64.1677484756135,36.5645873566382,42.5228718872508,-764.902841266125,-391.819499704723,1.49011611938477e-08,1.49011611938477e-08,1.80233633400023,1.6007884935791,1.49011611938477e-08,2.99688482362314,11,35
0.592,200,35,486.096873056662,98.8086029485972,486.096873056662,13819.2496313218,13512.4722043712,14472.5368407879,62.9337355244049,41.4200499732464,40.6390991485611,-675.620343605096,-550.857431478714,1.49011611938477e-08,1.49011611938477e-08,1.82922908640363,1.64940371005491,1.49011611938477e-08,2.49608695421116,11,35
0.593,200,35,441.841193329983,104.257779932372,441.841193329983,13436.6594699214,13884.0141486154,14498.1442727417,60.8141501525394,44.6616923506802,39.2730445471857,-562.406127871158,-559.884622313414,1.49011611938477e-08,1.49011611938477e-08,1.91648767919499,1.65564770923738,1.49011611938477e-08,2.54927908086624,11,35
0.594,200,35,353.376817808505,105.493050690845,353.376817808505,13470.336858793,14215.5169748261,14090.3389164166,59.5611479782431,46.2362407706389,39.513119892831,-506.410932261178,-454.807515267174,1.49011611938477e-08,1.49011611938477e-08,1.95227872532552,1.46252105429959,1.49011611938477e-08,4.77952312116072,11,35
0.595,200,35,249.152942785817,106.130148141263,249.152942785817,13888.7259551911,14091.8622688601,13763.0479944081,60.0257946986335,46.4988421543282,41.4792942864684,-508.303623857412,-306.631998507613,1.49011611938477e-08,1.49011611938477e-08,1.92456959371978,1.26017916473431,0.275922270489902,17.0506320299949,11,35
0.596,200,35,275.507020109293,105.977678631355,275.507020109293,14167.6211720359,13665.5055831574,13938.6610681503,61.122103186916,45.8107514159314,44.2715344359343,-505.222127130696,-209.70009079934,1.49011611938477e-08,1.49011611938477e-08,1.80652841133671,1.332451634471,0.769263276347068,5.05041517526695,11,35
0.597,200,35,488.175961516831,98.5813154221224,488.175961516831,13990.4429401556,13477.9665065973,14394.5943605409,60.516622410381,44.3313559223545,46.4785284018489,-435.791182315851,-182.761884694012,1.49011611938477e-08,1.49011611938477e-08,1.79568562735083,1.71276044920001,1.28946661760287,4.43451456501125,11,35
0.598,200,35,641.926017107617,105.87001507552,641.926017107617,13607.3259052857,13776.2049007347,14577.3702814767,56.3665334412559,42.4021624679669,46.5728341567114,-341.204093315276,-186.645469908466,1.49011611938477e-08,1.49011611938477e-08,1.89144488701897,2.2546161919332,1.80334330719263,5.78112402602331,11,35
0.599,200,35,625.70363375738,104.679220004208,625.70363375738,13534.162706673,14166.5438679709,14298.9297952536,49.1460480292321,40.9337056021907,44.2553092555954,-330.033448567697,-152.876037946612,1.49011611938477e-08,1.49011611938477e-08,1.95015564190029,2.34021503442066,1.90368893375774,7.35808951464515,11,35
0.6,200,35,570.723665427829,-120.255276009765,570.723665427829,13871.2029065681,14152.6990652985,13934.2300187361,41.9891897842048,40.6616947818254,40.703226527271,-471.26946137943,-42.2708413193518,1.49011611938477e-08,1.49011611938477e-08,1.94881261073894,1.27412701582714,1.32450777135807,3.76425442549301,11,35
0.601,200,35,387.252147270028,105.244219175148,387.252147270028,14183.759960139,13747.6718319156,13973.3473565839,41.6949283782433,41.8427413531194,39.1535785936616,-695.411712221211,58.5452291258068,1.49011611938477e-08,1.49011611938477e-08,1.84220765963911,0.326899674993945,0.709459191169848,1.53874014011968,11,35
0.602,200,35,164.904068509393,106.631521873885,164.904068509393,14084.1524952178,13453.4385316811,14385.4493924662,48.205479187192,43.8017355921667,40.678448491107,-853.440385760885,70.6930100127196,1.49011611938477e-08,1.49011611938477e-08,1.789803972938,1.49011611938477e-08,0.220148723435316,1.22862724636977,11,35
0.603,200,35,190.893935432438,106.485050583174,190.893935432438,13638.6811079725,13653.6320611484,14587.9651252852,55.579895777695,45.4506106315614,43.532003214419,-866.974911563476,21.3303496330175,1.49011611938477e-08,1.49011611938477e-08,1.8724564458766,0.377046507268171,1.49011611938477e-08,1.60471467362037,11,35
0.604,200,35,450.453708564945,103.960734557772,450.453708564945,13426.6511049838,14091.9636837739,14315.0820841032,61.9225343227982,46.4510270076451,47.0028511998931,-828.331215770744,-75.2007490299346,1.49011611938477e-08,1.49011611938477e-08,1.93914010622759,0.778019684172047,1.49011611938477e-08,2.32688575707953,11,35
0.605,200,35,643.936663512875,-11892.2002233206,643.936663512875,13705.8601060659,14227.7347075349,13893.9567397026,64.6686503543264,46.537612287806,49.0153176614224,-723.101404695341,-223.873558502452,1.49011611938477e-08,1.49011611938477e-08,1.95097804707961,1.19515978962498,0.284474558732207,3.53059950807912,11,35
0.606,200,35,616.961035792148,-3161.60271978558,616.961035792148,14052.5803847204,13913.3746151078,13828.7056122865,64.0818588236429,45.1088342502265,49.3703445282675,-572.544876099628,-294.320195300392,1.49011611938477e-08,1.49011611938477e-08,1.87488356091449,1.5558376622777,0.815276154162036,4.23486053718825,11,35
0.607,200,35,604.94823004785,-461.848865250921,604.94823004785,13991.8718964941,13558.1306220089,14180.076045931,62.9747010799441,41.6510437978324,49.3099280833453,-440.250088528975,-227.129673080242,1.49011611938477e-08,1.49011611938477e-08,1.81068202540363,1.79214814240585,1.41178971224244,3.36474309407821,11,35
0.608,200,35,596.893028093589,-166.333123864715,596.893028093589,13588.9557048957,13636.0912679133,14512.483810458,61.9768338511573,36.7073307781054,48.5849184939154,-350.484054626202,-122.697219627316,1.49011611938477e-08,1.49011611938477e-08,1.87086273048002,2.05907724550566,1.98348466342663,2.69946461630415,11,35
0.609,200,35,537.94502120935,40.5384554885354,537.94502120935,13277.5826085379,14043.145242118,14371.0966381915,61.6661782970818,31.7057044381909,47.4238538400934,-369.674330498845,-32.7955948385439,1.49011611938477e-08,1.49011611938477e-08,1.93509550920339,2.20598153191211,2.57422506850652,2.34553488104941,11,35
0.61,200,35,493.22092465434,96.5392230607819,493.22092465434,13470.024559604,14246.5040611109,13915.9062628025,62.5180461547939,29.3728806500913,45.8494296995954,-526.104347634452,-22.7847208295048,1.49011611938477e-08,1.49011611938477e-08,1.95492238135224,2.00260071195335,2.14528627341068,2.30467359333064,11,35
0.611,200,35,483.066804121809,99.5614959251475,483.066804121809,13935.2716970666,13982.063846354,13731.2159303302,63.6469105696217,31.7290568186973,43.8889228451128,-705.738228286685,-163.201105989467,1.49011611938477e-08,1.49011611938477e-08,1.90185375731372,1.69798373799695,0.678653911443702,2.71113889601087,11,35
0.612,200,35,494.227970857384,95.7853935482154,494.227970857384,14101.5862676376,13568.0298397946,14066.3691564987,63.7810170939934,36.8231617688394,41.9677716533232,-755.667967342153,-399.949660042226,1.49011611938477e-08,1.49011611938477e-08,1.79959404664507,1.59816413911068,1.49011611938477e-08,2.97805255708943,11,35
0.613,200,35,481.251644944651,100.047662263351,481.251644944651,13795.3377377942,13526.5111792005,14491.7282567953,62.483806939613,41.5350889555447,40.1796459090984,-661.449811986579,-548.818366289587,1.49011611938477e-08,1.49011611938477e-08,1.83431375494667,1.65343132814408,1.49011611938477e-08,2.50958677328888,11,35
0.614,200,35,428.695254066515,104.685385362858,428.695254066515,13424.1852372698,13911.4474225231,14487.6449558833,60.399867171454,44.6402327474636,38.9242876812046,-551.334111372693,-548.527313121035,1.49011611938477e-08,1.49011611938477e-08,1.91989072180873,1.65485245275638,1.49011611938477e-08,2.6519456459328,11,35
0.615,200,35,332.730084220071,105.625326221555,332.730084220071,13487.6635513188,14224.6106213197,14068.0943931931,59.2659639943129,46.1097110960888,39.2938174133289,-500.012962735591,-438.037025973666,1.49011611938477e-08,1.49011611938477e-08,1.9530131880084,1.45768933958908,1.49011611938477e-08,5.34849611910326,11,35
0.616,200,35,239.419545238694,106.186640240347,239.419545238694,13913.1289913935,14074.343143789,13762.5446202727,59.8268575094756,46.3039891121812,41.3682026101726,-502.874514358613,-296.677253451152,1.49011611938477e-08,1.49011611938477e-08,1.91932391473831,1.26618628222237,0.319640191095896,13.7293504881062,11,35
0.617,200,35,276.99667113664,105.965591485671,276.99667113664,14170.3473162167,13646.605514133,13965.9108486917,60.8891386266874,45.5487773617062,44.2091774757659,-496.704674608228,-197.296126300011,1.49011611938477e-08,1.49011611938477e-08,1.80138889622534,1.35459578835579,0.81118249059383,4.6796983084604,11,35
0.618,200,35,492.852909151763,97.0998956964581,492.852909151763,13971.7951309317,13486.4007839103,14422.3357734131,60.0466788404625,43.9917347534142,46.3329654795025,-421.717272299962,-173.809254838065,1.49011611938477e-08,1.49011611938477e-08,1.79973383382765,1.74859266147433,1.34490383430074,4.26859314039973,11,35
0.619,200,35,641.006985365426,105.780885366757,641.006985365426,13591.9599489981,13804.3351290788,14576.6328334669,55.6568844062831,42.0217090327675,46.3189727959086,-329.464386432295,-176.669835472924,1.49011611938477e-08,1.49011611938477e-08,1.89644751091214,2.28459707896256,1.86526353032653,5.57446856954337,11,35
0.62,200,35,623.880584324099,104.42049631127,623.880584324099,13545.466380938,14182.0466343056,14279.1024469483,48.2430962732806,40.5454308716728,43.9390235217704,-327.834565356054,-137.566289995586,1.49011611938477e-08,1.49011611938477e-08,1.95189249055002,2.30024367119121,1.93615402204752,6.74786754276399,11,35
0.621,200,35,562.50658204895,-65.342349180417,562.50658204895,13895.1995678251,14138.9945315512,13925.1424247756,41.3052402306115,40.3390601879904,40.5273294593816,-469.993945776864,-31.2584998425795,1.49011611938477e-08,1.49011611938477e-08,1.94554135149029,1.19413255769371,1.30652616238364,3.35111639800832,11,35
0.622,200,35,368.259323818661,105.390215572087,368.259323818661,14191.4367914678,13724.4736243059,13992.3155539318,41.6030676607302,41.6167137040867,39.2683746721518,-707.623362793208,67.9435612540833,1.49011611938477e-08,1.49011611938477e-08,1.835374214777,0.259063322051367,0.677958332702789,1.44916330315361,11,35
0.623,200,35,172.175246826266,106.58995872895,172.175246826266,14067.5426453497,13452.4452022797,14411.9581512093,48.3793954405482,43.6591305231088,40.8852847510714,-856.092534965097,69.3419476180264,1.49011611938477e-08,1.49011611938477e-08,1.7914968020668,1.49011611938477e-08,0.153831285822728,1.23291430043562,11,35
0.624,200,35,200.113194761377,106.429794055569,200.113194761377,13617.3227492977,13678.5131040909,14585.3868236625,55.7716301316397,45.3253087674,43.7314740265358,-862.922980224957,17.4473343133028,1.49011611938477e-08,1.49011611938477e-08,1.87770247141391,0.40183101072326,1.49011611938477e-08,1.63227040097654,11,35
0.625,200,35,484.220244856882,99.801353421808,484.220244856882,13434.0709091397,14113.36626126,14291.9012244547,61.9781602555375,46.322362023463,47.0988041543877,-819.068303961171,-83.0361328435885,1.49011611938477e-08,1.49011611938477e-08,1.94104125499574,0.805108001296485,1.49011611938477e-08,2.38401238224603,11,35
0.626,200,35,643.473091049487,-11656.6827083511,643.473091049487,13731.6528843095,14222.5721376876,13880.7491595154,64.4678720967849,46.3505142699481,48.942369787357,-716.337763624517,-221.862801256346,1.49011611938477e-08,1.49011611938477e-08,1.94952366320172,1.21929221156272,0.292692631055353,3.5843912074155,11,35
0.627,200,35,613.392395147442,-2620.30325582584,613.392395147442,14062.2024128445,13888.909673599,13841.5356440363,63.7932652238523,44.8787951870083,49.2154713128628,-560.365081636027,-287.796282807039,1.49011611938477e-08,1.49011611938477e-08,1.86884381669482,1.56864465025709,0.831448102075341,4.1814064960041,11,35
0.628,200,35,608.425079169063,-507.312173193911,608.425079169063,13984.6174294759,13548.9341755004,14210.3374683023,62.7494322301597,41.4149710113811,49.1329819715444,-433.676389544022,-213.237470533176,1.49011611938477e-08,1.49011611938477e-08,1.81094806570776,1.79872375080126,1.43392693827033,3.26119648251329,11,35
0.629,200,35,593.046072348227,-357.774264005739,593.046072348227,13568.780103155,13654.8875559648,14521.3974812681,61.8120121197331,36.5085050828476,48.3539237108547,-349.892261027721,-106.970771197616,1.49011611938477e-08,1.49011611938477e-08,1.87569138216767,2.06479607067843,2.00796879356739,2.61741184580434,11,35
0.63,200,35,528.49570894467,61.4646898253745,528.49570894467,13279.3485009084,14065.0615418098,14351.0420315039,61.6248240475503,31.7319112286206,47.1382844646695,-379.981360642962,-19.5564172271232,1.49011611938477e-08,1.49011611938477e-08,1.93692153892823,2.19006005373278,2.64178297941232,2.28681166622072,11,35
0.631,200,35,471.958582810421,101.764643803222,471.958582810421,13499.2565416116,14243.6168853852,13895.680516532,62.6194557214829,29.8984420828854,45.5123747047083,-536.811771468666,-14.9653947245074,1.49011611938477e-08,1.49011611938477e-08,1.9550184503795,1.95710532453477,2.0046683482785,2.27456441204042,11,35
0.632,200,35,475.387080497499,101.316824543949,475.387080497499,13958.2267202973,13956.3855839867,13740.1118024764,63.911696594632,32.7489412811096,43.493585884256,-729.693115430074,-166.684411995878,1.49011611938477e-08,1.49011611938477e-08,1.89560626055637,1.63997456195243,0.597897719829158,2.69345048010369,11,35
0.633,200,35,496.719980253126,94.9960523603476,496.719980253126,14094.3482047354,13550.1432457742,14095.5142635921,64.1692246882887,38.0147276580598,41.4561262308426,-775.200785131063,-400.675963641568,1.49011611938477e-08,1.49011611938477e-08,1.79807686824063,1.52953905075435,1.49011611938477e-08,2.96940845405153,11,35
0.634,200,35,494.480636116745,95.8795660797178,494.480636116745,13768.6325526703,13537.4264758652,14508.3724155848,62.9747443399329,42.7606551331661,39.4785051406625,-679.686867691951,-541.91694130119,1.49011611938477e-08,1.49011611938477e-08,1.83993255400486,1.56328179547152,1.49011611938477e-08,2.54346033337573,11,35
0.635,200,35,450.666807911405,103.824768008345,450.666807911405,13412.1673662316,13934.1843639091,14475.1201128666,61.0014168468002,45.8524029933749,38.1774148155152,-571.670520886013,-534.478582877258,1.49011611938477e-08,1.49011611938477e-08,1.92337008316957,1.533350743151,1.49011611938477e-08,2.77756744317659,11,35
0.636,200,35,356.928791620551,105.469600293647,356.928791620551,13503.7156030634,14227.0720549347,14046.8383105187,59.9860183578038,47.3015287785986,38.6560591993845,-523.051965968413,-426.994365921813,1.49011611938477e-08,1.49011611938477e-08,1.95381054477753,1.32656814338693,1.49011611938477e-08,6.16340788117703,11,35
0.637,200,35,260.804405783871,106.060216578478,260.804405783871,13933.7216801601,14050.9820603481,13764.672293964,60.6136433890052,47.4536987559765,40.9220028131481,-525.13315151514,-277.925827911318,1.49011611938477e-08,1.49011611938477e-08,1.9145182693449,1.16709874400268,0.326560690453405,9.81576571967672,11,35
0.638,200,35,307.911077654462,105.781338532948,307.911077654462,14166.3350592257,13623.16194595,13994.6729088574,61.6345156253387,46.6465780726408,43.9158239785145,-514.36990031167,-181.765137623578,1.49011611938477e-08,1.49011611938477e-08,1.79825175161252,1.28927607668131,0.833719825605547,4.10191777966444,11,35
0.639,200,35,527.003394724039,66.7553066022217,527.003394724039,13944.0345399877,13490.4729644329,14446.4743196099,60.6668927653477,45.0411866166515,46.068968274777,-435.124234103273,-161.055272991163,1.49011611938477e-08,1.49011611938477e-08,1.80562162162149,1.69351865886634,1.38018038858799,3.86993518563853,11,35
0.64,200,35,641.100697466081,105.798555364601,641.100697466081,13571.1339741537,13827.7721696757,14576.2010391551,56.1372766756884,43.0701601404133,45.9748960942699,-345.090715406627,-162.151229915223,1.49011611938477e-08,1.49011611938477e-08,1.90193042220819,2.20257418192162,1.90173773201874,4.96964572386591,11,35
0.641,200,35,622.49535309673,104.119890958517,622.49535309673,13551.4714104205,14191.1491388004,14260.6799652602,48.7476799928136,41.642910146783,43.5245703995483,-348.552275233725,-121.957325181568,1.49011611938477e-08,1.49011611938477e-08,1.95373671213147,2.15338801491828,1.9356423885858,5.60608736346187,11,35
0.642,200,35,557.763346935319,-38.6548802901049,557.763346935319,13913.1785815335,14120.7842334259,13920.4576660675,42.2112298497223,41.4781367092643,40.2128243028594,-504.367202145171,-9.58182143895572,1.49011611938477e-08,1.49011611938477e-08,1.94262878982819,1.09849033830912,1.28782687014825,2.82447006632256,11,35
0.643,200,35,356.07933209078,105.472109642425,356.07933209078,14191.5755416641,13697.9804144901,14016.0885758784,43.0127638541271,42.7645880693936,39.2020490077706,-740.673135726141,81.734746881714,1.49011611938477e-08,1.49011611938477e-08,1.83027700246547,0.209078502852847,0.670333262829478,1.30343818370709,11,35
0.644,200,35,159.360741919569,106.668699025347,159.360741919569,14043.8089104987,13449.8172547535,14440.1937573133,49.7703298929236,44.7411792928421,40.9423071391361,-876.702168619164,75.0438529911452,1.49011611938477e-08,1.49011611938477e-08,1.79517730092801,1.49011611938477e-08,0.162321131236597,1.17843689243422,11,35
0.645,200,35,210.968743118264,106.360270213263,210.968743118264,13585.0816445636,13701.3633433032,14585.3698161062,57.0170140649529,46.3559590170988,43.8206579736092,-879.582036790492,20.3021763594832,1.49011611938477e-08,1.49011611938477e-08,1.88376425452926,0.394108762283605,1.49011611938477e-08,1.57976176837259,11,35
0.646,200,35,495.585786513775,96.1868793421129,495.585786513775,13429.9920805717,14130.541083378,14272.2992441166,62.9530738342774,47.2923723128823,47.115396830694,-835.451149410642,-78.0037710130505,1.49011611938477e-08,1.49011611938477e-08,1.94325580007556,0.794047420696074,1.49011611938477e-08,2.31316927929014,11,35
0.647,200,35,642.079411125203,105.893357797863,642.079411125203,13746.9057746505,14211.9331438794,13869.3982257896,65.140846314784,47.2297133590864,48.8132073039852,-722.761265491846,-222.804813537768,1.49011611938477e-08,1.49011611938477e-08,1.94816312326697,1.19932131892001,0.369283150896011,3.41646910296845,11,35
0.648,200,35,610.300910997446,85.0687711040737,610.300910997446,14065.7041998734,13865.7591553417,13858.1985321096,64.2577252729594,45.5415241731367,49.0388414334946,-560.234433328232,-279.434468262033,1.49011611938477e-08,1.49011611938477e-08,1.86367865724701,1.54215855017211,0.900272920281502,3.87645224649166,11,35
0.649,200,35,610.289706329465,-487.854083131943,610.289706329465,13964.94307724,13541.570125167,14243.7173799681,63.0372223308709,41.8152882090097,48.999461981189,-427.984976216946,-201.712436967414,1.49011611938477e-08,1.49011611938477e-08,1.81241823936242,1.78494632742861,1.50880284900629,3.05280904170237,11,35
0.65,200,35,592.881783077685,-292.887433308302,592.881783077685,13538.8618901838,13674.9506779386,14531.8869449182,61.9380393262931,36.7057272806778,48.2962126694602,-343.953654633419,-96.6422530105224,1.49011611938477e-08,1.49011611938477e-08,1.88102789249489,2.06276816360258,2.04651344160469,2.50446648085681,11,35
0.651,200,35,529.12114451216,60.6773628689507,529.12114451216,13271.5734333864,14085.7353985651,14333.8279047803,61.6834779119977,31.8276320541534,47.1694716640485,-375.46870737171,-14.3113374992184,1.49011611938477e-08,1.49011611938477e-08,1.93890249580329,2.1859090445613,2.69694213644964,2.22203910301385,11,35
0.652,200,35,488.573334136679,98.0738267140021,488.573334136679,13518.0950733232,14238.6814526857,13877.1671808493,62.6682202086369,30.0124409316006,45.5855112231049,-544.780494935574,-13.2346625538155,1.49011611938477e-08,1.49011611938477e-08,1.95512749227679,1.94163603525067,2.01830468593874,2.23789193172913,11,35
0.653,200,35,472.747121667421,101.738311962165,472.747121667421,13977.4741616005,13932.8238462921,13751.564997978,63.8378117801468,32.898373944542,43.5733534536359,-731.875945751918,-177.851698682165,1.49011611938477e-08,1.49011611938477e-08,1.88896989607297,1.64208228374156,0.587420757394093,2.69819552326453,11,35
0.654,200,35,490.304359196802,97.5484255794167,490.304359196802,14087.4394027632,13537.5961152199,14126.4551147202,63.9036239189302,38.1398704617054,41.5171590807814,-762.928093156677,-415.637426688212,1.49011611938477e-08,1.49011611938477e-08,1.79614971619161,1.55683221765545,1.49011611938477e-08,2.95086119479825,11,35
0.655,200,35,481.296336919018,100.037677839358,481.296336919018,13745.7154055585,13554.8478625151,14522.8483754801,62.5062211556856,42.7884356263015,39.556650582374,-659.930268324467,-548.717506913053,1.49011611938477e-08,1.49011611938477e-08,1.84511453691637,1.60664502325737,1.49011611938477e-08,2.51391846863888,11,35
0.656,200,35,434.183958071287,104.523617606025,434.183958071287,13403.9658168245,13961.2052779313,14458.4711193952,60.4583115365621,45.7764400836395,38.3225186367086,-557.770927990095,-535.971191159511,1.49011611938477e-08,1.49011611938477e-08,1.92627527090822,1.57545921080152,1.49011611938477e-08,2.81672996198208,11,35
0.657,200,35,334.9510781099,105.61143484162,334.9510781099,13524.6526073587,14233.3207656648,14020.8277288851,59.5107905126203,47.1474575073539,38.9210008455432,-509.195028357564,-419.556003872951,1.49011611938477e-08,1.49011611938477e-08,1.9541520518532,1.36246961770913,1.49011611938477e-08,6.58592520375283,11,35
0.658,200,35,243.239554785741,106.163664021009,243.239554785741,13958.5350788938,14031.4854947139,13762.8429706195,60.1912617629678,47.2571198793984,41.2252146095895,-512.336946429669,-271.239881439189,1.49011611938477e-08,1.49011611938477e-08,1.90812929423173,1.20570257264112,0.378788293389512,9.47023384680796,11,35
0.659,200,35,300.480213302888,105.826160206016,300.480213302888,14168.3540847815,13606.4924115231,14018.7531336519,61.1361134734715,46.4218995511304,44.1922368968415,-497.234020235166,-179.930604436664,1.49011611938477e-08,1.49011611938477e-08,1.79347526552315,1.33968192422772,0.878860566503322,4.14607286992321,11,35
0.66,200,35,529.94987043403,62.0641033481121,529.94987043403,13926.4022319209,13502.5812199936,14466.7116773512,59.9057608567332,44.78759038278,46.2185702554343,-413.662283524049,-162.029056868449,1.49011611938477e-08,1.49011611938477e-08,1.80975045516393,1.76140935136436,1.43619688281508,4.00559268968514,11,35
0.661,200,35,640.227466750617,-9926.84916002969,640.227466750617,13560.7143075545,13856.1078639059,14566.1075671143,55.105973218368,42.8293147609527,46.006588005134,-330.44098056399,-162.678797906397,1.49011611938477e-08,1.49011611938477e-08,1.9062159184184,2.27492103295327,1.95896646725484,5.20762070199255,11,35
0.662,200,35,620.480568946096,-3773.09117036419,620.480568946096,13568.1001123558,14203.9689267732,14234.8287619522,47.5189719177629,41.4600081739331,43.4979678250319,-341.688618049632,-117.429692896847,1.49011611938477e-08,1.49011611938477e-08,1.95509817928616,2.1563459450185,1.94535523035969,5.74948245180778,11,35
0.663,200,35,549.02359283385,2.02127891527509,549.02359283385,13938.9794036653,14104.5950628452,13909.0871881666,41.2064568018067,41.4193462926197,40.3120531756003,-509.373826178926,-3.94493725396425,1.49011611938477e-08,1.49011611938477e-08,1.93823440499088,1.04321345472343,1.24843150089138,2.77273947642418,11,35
0.664,200,35,338.682735974483,105.586707959989,338.682735974483,14198.0435144048,13676.170105332,14032.3398219045,42.5847715408144,42.8274962271726,39.5151553260498,-747.030851216172,80.2508678442859,1.49011611938477e-08,1.49011611938477e-08,1.82366621476886,0.124215458624175,0.622402503969955,1.31130847159567,11,35
0.665,200,35,162.756632413036,106.644304974952,162.756632413036,14027.5897023088,13452.9116064396,14460.6984654966,49.6165626229877,44.8878230369417,41.2831658507106,-873.236847552295,65.3303392629514,1.49011611938477e-08,1.49011611938477e-08,1.79738002723671,1.49011611938477e-08,1.49011611938477e-08,1.23836782175049,11,35
0.666,200,35,230.250831146154,106.249265533269,230.250831146154,13568.7890725067,13727.8613643714,14577.0843087907,56.9482014690344,46.5262476491764,44.1439638077161,-872.022161135088,11.8438385201669,1.49011611938477e-08,1.49011611938477e-08,1.88834539623459,0.424869139128105,1.49011611938477e-08,1.66630786895636,11,35
0.667,200,35,527.222536191433,67.4929925851769,527.222536191433,13443.091841741,14150.1574150798,14245.1232667717,62.7802112379602,47.4617531533736,47.3129140823699,-821.681347107718,-93.92680855936,1.49011611938477e-08,1.49011611938477e-08,1.94476275583186,0.828654767568922,1.49011611938477e-08,2.45172559667108,11,35
0.668,200,35,640.996985181178,105.796460085581,640.996985181178,13774.6821492531,14203.6595086291,13855.2992088631,64.7347287638128,47.3248274879517,48.8503978940401,-703.4573961106,-234.423627508014,1.49011611938477e-08,1.49011611938477e-08,1.94580728956857,1.23384780012626,0.357322854981222,3.58834624723237,11,35
0.669,200,35,605.888490210209,57.1370017451253,605.888490210209,14072.6949102662,13841.0028767414,13870.1817170405,63.8130074562554,45.5847429315475,49.0128064479034,-543.080894924733,-277.669212266206,1.49011611938477e-08,1.49011611938477e-08,1.85756757718922,1.56751688514453,0.909185816929968,3.94049127102033,11,35
0.67,200,35,613.239506227857,-844.884150302277,613.239506227857,13948.0642118597,13535.9511457949,14264.6195551548,62.7329932012865,41.8288774061786,48.9487169171721,-418.972654802555,-190.103158617778,1.49011611938477e-08,1.49011611938477e-08,1.81379920771022,1.79849329391086,1.5287697708747,2.99952040366049,11,35
0.671,200,35,594.83735422062,-429.702441796942,594.83735422062,13514.1720659128,13696.2108913773,14530.105051829,61.7510208879392,36.7650360578646,48.1513256212613,-346.896980114007,-88.2739389474564,1.49011611938477e-08,1.49011611938477e-08,1.88583957042487,2.06072194295357,2.07252976798418,2.42914813112702,11,35
0.672,200,35,529.755214147092,59.3809161219038,529.755214147092,13272.0579557335,14106.6007255794,14305.6806207218,61.5843820009838,32.1143120174668,46.9064222606396,-388.427674542253,-6.33488669111248,1.49011611938477e-08,1.49011611938477e-08,1.94056703713063,2.15842940914698,2.78017895354635,2.16554782155121,11,35
0.673,200,35,476.348418485489,101.042331912143,476.348418485489,13544.1856119616,14233.1375879208,13853.1482720757,62.5878671266724,30.7472400481229,45.2416154911654,-565.721263037098,-19.9486268830979,1.49011611938477e-08,1.49011611938477e-08,1.95489791209766,1.90481536234422,1.87892401691523,2.22216127561709,11,35
0.674,200,35,482.167023246403,99.9324102755662,482.167023246403,13993.7977193382,13906.0245832627,13758.1602060607,63.7629972002157,34.0557812947312,43.2436073246253,-749.999808732503,-198.420806823252,1.49011611938477e-08,1.49011611938477e-08,1.88272789561757,1.61257000064462,0.506488801385317,2.69715493560466,11,35
0.675,200,35,489.626792327351,97.7703416455784,489.626792327351,14073.2805018517,13521.8045451942,14150.5343421826,63.8126473543584,39.3995537392639,41.2779463155051,-771.78017761416,-435.557694238055,1.49011611938477e-08,1.49011611938477e-08,1.7958381982401,1.53258788474389,1.49011611938477e-08,2.8587160928846,11,35
0.676,200,35,474.797459523474,101.329437304851,474.797459523474,13715.3178091211,13568.0536693055,14531.0251046851,62.443915410518,44.047753558397,39.373137353255,-672.61840555988,-558.218556317094,1.49011611938477e-08,1.49011611938477e-08,1.85087239751378,1.57658384989561,1.49011611938477e-08,2.42762520511438,11,35
0.677,200,35,420.687386335467,104.841639284891,420.687386335467,13391.3479954734,13982.6966134922,14436.612150793,60.496256429827,47.0076790042607,38.2736605163026,-566.894629455902,-540.364011882096,1.49011611938477e-08,1.49011611938477e-08,1.92918605747262,1.53294135248955,1.49011611938477e-08,2.79923311436499,11,35
0.678,200,35,320.532926592081,105.69749887372,320.532926592081,13540.4884964039,14232.0862581852,13992.6895531807,59.6688443687858,48.3482838564048,38.9936750322356,-519.413188322255,-419.886638381653,1.49011611938477e-08,1.49011611938477e-08,1.95439380372863,1.32383824261376,1.49011611938477e-08,6.81066971155069,11,35
0.679,200,35,239.886119754371,106.185526662715,239.886119754371,13977.3136540365,14007.1664652344,13760.2769233697,60.3670454910757,48.4073780604229,41.3779963132249,-518.686640362756,-272.631613204366,1.49011611938477e-08,1.49011611938477e-08,1.90201501015492,1.19238859291075,0.396320683495986,8.9597219596417,11,35
0.68,200,35,315.622881949541,105.736229668531,315.622881949541,14161.6088091368,13585.5578015626,14040.8449514535,61.1420570384421,47.501335950023,44.3437399191467,-494.156757222195,-184.809928036456,1.49011611938477e-08,1.49011611938477e-08,1.79021496822678,1.35104064174185,0.913420374581881,4.13316998103127,11,35
0.681,200,35,540.733883221908,36.1183653417231,540.733883221908,13898.7019606029,13509.9575662092,14480.1556898535,59.6120274447852,45.7974160198266,46.2978840476855,-410.430801605019,-167.892208826848,1.49011611938477e-08,1.49011611938477e-08,1.81524918145335,1.78698715871731,1.48752571558776,4.05913794653412,11,35
0.682,200,35,638.620629005089,-9162.88203984443,638.620629005089,13543.3075541064,13879.3289909673,14553.233854363,54.5002669833561,43.829178944717,46.0046366987214,-326.106668365431,-165.804373213751,1.49011611938477e-08,1.49011611938477e-08,1.9107912463232,2.2872473238629,2.01349178583701,5.26445802237953,11,35
0.683,200,35,618.068853433603,-3339.8625182078,618.068853433603,13577.4960414741,14208.7205847232,14206.3943892609,46.7337141925,42.5275189262688,43.4683126808031,-349.863771260138,-115.28141396624,1.49011611938477e-08,1.49011611938477e-08,1.95647643443185,2.09417313674424,1.94163226657698,5.63522875080102,11,35
0.684,200,35,538.359574141336,37.7681475632143,538.359574141336,13957.0450803574,14083.2697010493,13897.7267056299,40.7159943438495,42.6013934363431,40.4284780216607,-530.720851699847,-1.23590180055141,1.49011611938477e-08,1.49011611938477e-08,1.93398114350976,0.96441576598236,1.20595414715281,2.63752271318163,11,35
0.685,200,35,316.92233976723,105.716454657052,316.92233976723,14196.1024655096,13650.0066367977,14048.9009569235,42.7381980336543,44.1276583780484,39.8533187149332,-768.511898437031,73.2246109440565,1.49011611938477e-08,1.49011611938477e-08,1.8182159750607,1.49011611938477e-08,0.576095747157026,1.28817713142157,11,35
0.686,200,35,148.295921216026,106.732915743366,148.295921216026,14003.2460846287,13452.659761206,14478.1002845042,50.0285301591672,46.2314201496183,41.6582702311786,-882.230383236231,52.7176627663465,1.49011611938477e-08,1.49011611938477e-08,1.80088748669853,1.49011611938477e-08,1.49011611938477e-08,1.28393563464828,11,35
0.687,200,35,237.483639263718,106.205375179845,237.483639263718,13546.294829265,13750.7260664305,14568.3949175887,57.402437625586,47.8944222360818,44.4490941874572,-876.54631195883,-7.61872086065548,1.49011611938477e-08,1.49011611938477e-08,1.89316109935172,0.438627401914949,1.49011611938477e-08,1.75533967296554,11,35
0.688,200,35,535.993420666155,49.8153523809949,535.993420666155,13449.5786041212,14163.1254936082,14218.6439793238,63.1303649073328,48.8162312263018,47.4962572209801,-819.288030983668,-117.21959515247,1.49011611938477e-08,1.49011611938477e-08,1.94634242579597,0.845455936553919,1.49011611938477e-08,2.5996419737282,11,35
0.689,200,35,639.904090069253,105.69886952068,639.904090069253,13796.9910148997,14189.5357362145,13841.0014157782,64.9548957438103,48.6255990330007,48.9049723508014,-692.701276951298,-252.528493601999,1.49011611938477e-08,1.49011611938477e-08,1.9431046032739,1.25140902086352,0.361158810746147,3.75985826073692,11,35
0.69,200,35,603.06662453268,25.0907895395788,603.06662453268,14079.2442670496,13818.0989906569,13883.9184334676,63.9897937789049,46.7002124618536,49.0252110855153,-527.112318555823,-279.283558815319,1.49011611938477e-08,1.49011611938477e-08,1.85170649795802,1.58359099466511,0.942198960028549,3.9611626131889,11,35
0.691,200,35,614.122432023499,94.7957553488384,614.122432023499,13929.6981235189,13531.3036772805,14290.9167608204,62.8970318940101,42.7498898653621,48.9112198510815,-408.329119883311,-188.128177073473,1.49011611938477e-08,1.49011611938477e-08,1.81530765849249,1.82125277683407,1.57499384405673,2.94851620796214,11,35
0.692,200,35,593.441171689818,-282.872434070721,593.441171689818,13489.7459399497,13717.5561526188,14531.4529018172,61.9210491392075,37.5935664446431,48.0353206281271,-336.101288985195,-78.7186152142992,1.49011611938477e-08,1.49011611938477e-08,1.89035472001778,2.08585534350139,2.09602840488468,2.37875605100659,11,35
0.693,200,35,527.056129653179,64.7426214846925,527.056129653179,13273.001996997,14124.2223281512,14281.9297027371,61.8128146045369,33.0110311817932,46.7178047813837,-388.383007713623,0.634329093206825,1.49011611938477e-08,1.49011611938477e-08,1.94206762871455,2.17044685193693,2.87095982953217,2.13100361686149,11,35
0.694,200,35,488.32158514687,98.0644774581313,488.32158514687,13569.5282517871,14224.5348918485,13834.7514091014,62.8673444674507,31.7735361609624,44.9829413640307,-574.069956139887,-21.6933779658716,1.49011611938477e-08,1.49011611938477e-08,1.95418444098557,1.89678167304935,1.85347280378541,2.20842853652505,11,35
0.695,200,35,478.028746481973,100.818663914615,478.028746481973,14013.0960889945,13881.4701321416,13772.0585104063,63.9809655020184,35.0408118588923,42.954904742947,-752.72855768329,-210.230312108081,1.49011611938477e-08,1.49011611938477e-08,1.87559748337841,1.61008637269691,0.470334142683127,2.70594037801376,11,35
0.696,200,35,486.782059545598,98.6584113775427,486.782059545598,14063.1824579813,13511.2847702685,14180.0832755796,63.9781263679768,40.265915944938,40.9822416454449,-768.562093873893,-436.245939230402,1.49011611938477e-08,1.49011611938477e-08,1.79515428420666,1.53684279010427,1.49011611938477e-08,2.8298141094151,11,35
0.697,200,35,470.146218400434,102.042614729129,470.146218400434,13691.5838013984,13586.8446179649,14541.2184520231,62.595603739323,44.7676788891315,39.1383189805293,-663.850232106791,-559.460810861192,1.49011611938477e-08,1.49011611938477e-08,1.85626736728212,1.57945292082956,1.49011611938477e-08,2.41835250314278,11,35
0.698,200,35,415.881613347894,104.923877121374,415.881613347894,13386.0446358025,14007.6823077582,14418.4220830313,60.7461839861138,47.6101295963369,38.1277175915979,-561.37557085027,-533.734219433856,1.49011611938477e-08,1.49011611938477e-08,1.93173526093529,1.52620333071473,1.49011611938477e-08,2.88092799995934,11,35
0.699,200,35,317.55136830666,105.717819417423,317.55136830666,13562.7816254354,14234.6496216814,13970.4338370127,60.0588277503235,48.8583350974133,38.974732721565,-516.482812366864,-408.978981318637,1.49011611938477e-08,1.49011611938477e-08,1.95440177685961,1.3193974374302,1.49011611938477e-08,7.61900564458988,11,35
0.7,200,35,241.97383262665,106.173967555776,241.97383262665,13999.3782796848,13985.4665762857,13764.8033299045,60.7996569471436,48.8268715742815,41.4268321567956,-513.149092399867,-263.388981529471,1.49011611938477e-08,1.49011611938477e-08,1.8952137584234,1.21040514636533,0.409914638935167,8.09357941963729,11,35
0.701,200,35,317.19486376602,105.726798181134,317.19486376602,14158.9618950359,13570.6508432344,14068.6395360283,61.4379303879791,47.8177942066278,44.3986379714585,-484.480988236693,-182.073254240605,1.49011611938477e-08,1.49011611938477e-08,1.78699519114496,1.39347459036873,0.950182094890396,4.01868623269607,11,35
0.702,200,35,557.162180475122,-27.9369540830799,557.162180475122,13877.9379315505,13524.9554100544,14499.8959530644,59.5854887214721,45.9873789294615,46.264855518302,-392.104365130263,-163.985314218341,1.49011611938477e-08,1.49011611938477e-08,1.82033168826939,1.8523084597046,1.55088043574969,4.03417851050739,11,35
0.703,200,35,638.68174217495,105.591516257001,638.68174217495,13533.2420202156,13907.3204739766,14542.6146082912,54.1826925499039,43.937640685526,45.8846318928135,-311.432005683321,-159.514294846118,1.49011611938477e-08,1.49011611938477e-08,1.91485464867754,2.35615677059041,2.09480261880928,5.23018085345181,11,35
0.704,200,35,616.131163454697,-3021.80311885903,616.131163454697,13594.3091377515,14218.8423225475,14183.6765497834,46.2456970041039,42.611504531253,43.3192283607107,-346.100699784058,-103.541418057128,1.49011611938477e-08,1.49011611938477e-08,1.95759759300863,2.09187528328224,1.98252297846848,5.36479503639339,11,35
0.705,200,35,532.031190643668,53.9096949724593,532.031190643668,13979.7259058698,14064.9234588519,13893.0603005832,40.4568041594615,42.7249482393471,40.4262271136143,-538.508941379061,10.8084691705284,1.49011611938477e-08,1.49011611938477e-08,1.928949334591,0.924455389876108,1.19051102737733,2.47089300594446,11,35
0.706,200,35,317.490508604423,105.716731433005,317.490508604423,14197.1262700166,13629.7022140042,14070.8278792574,42.8947046975202,44.2959573947802,40.0516207789065,-766.996340463583,76.7351728973373,1.49011611938477e-08,1.49011611938477e-08,1.81285246654772,1.49011611938477e-08,0.546172621775411,1.25661363797314,11,35
0.707,200,35,149.21721715374,106.72530485218,149.21721715374,13983.1095947379,13459.5522531215,14500.4111070127,50.2507989806109,46.4223065980381,41.8553382746189,-881.66576069876,49.4263927392815,1.49011611938477e-08,1.49011611938477e-08,1.8043398673821,1.49011611938477e-08,1.49011611938477e-08,1.30853434055398,11,35
0.708,200,35,259.368281518036,106.074770309442,259.368281518036,13530.1272532546,13778.5349959483,14561.3038100081,57.6104604249882,48.0825208564421,44.6316139724393,-871.770276307073,-13.2552131816158,1.49011611938477e-08,1.49011611938477e-08,1.89767825621092,0.461643917053133,1.49011611938477e-08,1.79775380146757,11,35
0.709,200,35,561.137156362175,-50.7081160935093,561.137156362175,13462.8436168316,14180.8662819662,14196.3902008016,63.1040831977302,48.9764772179259,47.5096603502281,-809.343457635244,-125.506180160276,1.49011611938477e-08,1.49011611938477e-08,1.94776041249521,0.867039774904081,1.49011611938477e-08,2.66102995468499,11,35
0.71,200,35,638.159532728633,-8999.40094547386,638.159532728633,13821.1739388754,14177.7225403588,13833.8826448975,64.6063206216832,48.6722171055481,48.728995601047,-678.359057408731,-253.479776434171,1.49011611938477e-08,1.49011611938477e-08,1.94020825033013,1.26436015296663,0.393696812459658,3.76826124034003,11,35
0.711,200,35,597.292231946004,-736.767251363054,597.292231946004,14080.0586301131,13792.5948971104,13901.8135084706,63.5590284398409,46.6754855004989,48.8027104607363,-524.155575187284,-270.626992792451,1.49011611938477e-08,1.49011611938477e-08,1.84623348330093,1.58064485534176,0.975271183544856,3.82368547385503,11,35
0.712,200,35,616.903889947128,99.955802879131,616.903889947128,13908.08239657,13528.4520229731,14313.7541297361,62.5441954302776,42.6653295763138,48.7157822173595,-404.692697695198,-170.144710755266,1.49011611938477e-08,1.49011611938477e-08,1.81780177229769,1.80791270612329,1.60940595213056,2.79003584025634,11,35
0.713,200,35,597.244099291254,-170.096324924037,597.244099291254,13464.6506341835,13740.0423016002,14529.7132412403,61.614288034296,37.5159144507828,47.8064784844705,-341.531481882577,-61.2448236559591,1.49011611938477e-08,1.49011611938477e-08,1.89505965213712,2.05686171879781,2.12085376238007,2.25001990913296,11,35
0.714,200,35,532.534998143966,53.471634332923,532.534998143966,13274.9477276936,14143.4423912698,14256.0235208707,61.5272749121612,33.0943266547823,46.423451236098,-404.056080854118,10.8737397981738,1.49011611938477e-08,1.49011611938477e-08,1.94364001957624,2.11857863869537,2.94815613820284,2.03948520742372,11,35
0.715,200,35,481.775740676139,100.011629033513,481.775740676139,13593.8112088884,14215.1388849276,13815.6371602467,62.5501755763861,32.2465473461043,44.6480104492768,-595.654211868003,-27.8067261479807,1.49011611938477e-08,1.49011611938477e-08,1.95349031077622,1.84707379733184,1.74011625859342,2.16432443146664,11,35
0.716,200,35,481.045604027454,100.015635755645,481.045604027454,14025.1059805936,13853.5850426553,13783.7340207976,63.6140711047321,35.9331441938121,42.6673902330817,-763.601898637744,-219.071418603993,1.49011611938477e-08,1.49011611938477e-08,1.86932464296699,1.57898411563,0.405228352621835,2.68216148907622,11,35
0.717,200,35,478.608024522607,100.65181765221,478.608024522607,14045.2335503201,13498.428130626,14205.4628058268,63.5366226271922,41.2964061470233,40.8271594341941,-773.774700773971,-457.385027140069,1.49011611938477e-08,1.49011611938477e-08,1.79586044806124,1.51895182349643,1.49011611938477e-08,2.73190289159536,11,35
0.718,200,35,453.947766374897,103.631846802957,453.947766374897,13660.9854595998,13602.6688563289,14546.7224864759,62.113333225276,45.8229720740357,39.0642904655813,-665.512988300934,-572.369140056811,1.49011611938477e-08,1.49011611938477e-08,1.86198390379953,1.56207170715437,1.49011611938477e-08,2.34119365077626,11,35
0.719,200,35,392.877822792859,105.199761468782,392.877822792859,13376.0636202048,14027.8032694006,14393.6344192587,60.3102904811664,48.6495888871791,38.19633256785,-565.138422352907,-538.65984460125,1.49011611938477e-08,1.49011611938477e-08,1.93417252824525,1.50155747328233,1.49011611938477e-08,2.87159192083111,11,35
0.72,200,35,295.859735696494,105.848882240079,295.859735696494,13580.2133079355,14229.6437409942,13942.6690754627,59.696410423789,49.8749812348915,39.1397582257432,-520.944241217484,-411.007370666417,1.49011611938477e-08,1.49011611938477e-08,1.9541160733628,1.29997700766783,1.49011611938477e-08,7.80250286848854,11,35
0.721,200,35,227.389643840306,106.261320841748,227.389643840306,14015.8361641042,13959.5850223046,13764.5797100132,60.4160403182877,49.8180792169306,41.6298598482656,-513.947123588201,-273.907873377676,1.49011611938477e-08,1.49011611938477e-08,1.88838722593192,1.20987567120306,0.451352669689177,7.96128584330307,11,35
0.722,200,35,330.856077941117,105.64331148395,330.856077941117,14148.7964337743,13552.2848959765,14090.3956186166,60.8597374884388,48.7709767615996,44.5651006445114,-476.26838404945,-189.871321756335,1.49011611938477e-08,1.49011611938477e-08,1.78465448894484,1.41158939843303,0.996065401430721,4.0832014666112,11,35
0.723,200,35,563.648444052858,-64.1863873317325,563.648444052858,13849.5959267485,13535.1270932795,14509.2568209853,58.6811108287799,46.919974882629,46.3283630067745,-380.052794656848,-172.481954847426,1.49011611938477e-08,1.49011611938477e-08,1.82609912292573,1.87905786761701,1.6092682115503,4.15397064034603,11,35
0.724,200,35,637.165957085475,-8549.81226945435,637.165957085475,13519.228128391,13929.4727784597,14525.2687499799,52.9265730094384,44.9155676592308,45.8587070216365,-306.066591792695,-164.660199141037,1.49011611938477e-08,1.49011611938477e-08,1.91890908357171,2.35838573724934,2.14852183066185,5.37148881782288,11,35
0.725,200,35,612.42273815533,-2473.4462126313,612.42273815533,13606.7539471404,14219.9497765815,14153.4618717708,44.8047585521529,43.7074243795542,43.2922468664409,-355.385120084783,-103.617345922745,1.49011611938477e-08,1.49011611938477e-08,1.95859185782273,2.00279042787626,1.95620236208628,5.34340376688689,11,35
0.726,200,35,517.025030307962,78.6246640227703,517.025030307962,13997.7253762184,14041.0728843334,13882.3391601966,39.4849214682991,43.9905939558296,40.6212750159099,-547.969088952654,3.18015433063195,1.49011611938477e-08,1.49011611938477e-08,1.9236044256545,0.829064100712034,1.13053069964183,2.38835681776,11,35
0.727,200,35,275.168290797061,105.967705837489,275.168290797061,14193.4971114285,13605.2712656998,14086.3652373022,42.7432160427434,45.7268457464539,40.4787959617505,-787.053272705774,62.7200475099111,1.49011611938477e-08,1.49011611938477e-08,1.8078878225958,1.49011611938477e-08,0.479068642805443,1.26950766870886,11,35
0.728,200,35,142.812214877286,106.767821890556,142.812214877286,13958.6596209101,13462.3802349235,14512.9532399691,50.4379158939384,47.9209516086901,42.2838553190071,-889.247355898352,26.6161515804259,1.49011611938477e-08,1.49011611938477e-08,1.80826669785068,1.49011611938477e-08,1.49011611938477e-08,1.39889043355532,11,35
0.729,200,35,272.248508769397,106.001483934182,272.248508769397,13511.8924878588,13801.4770351675,14546.9853649073,57.8885290014675,49.608283850163,44.9773928610864,-872.359121911041,-40.5107067360114,1.49011611938477e-08,1.49011611938477e-08,1.90197297669357,0.480811429917844,1.49011611938477e-08,1.95298010450476,11,35
0.73,200,35,579.555920601822,-180.530540984091,579.555920601822,13473.9953697753,14189.7514849092,14165.827347226,63.3295650944325,50.4887431782054,47.7449262222859,-802.392954539427,-155.83190146429,1.49011611938477e-08,1.49011611938477e-08,1.94898663421818,0.891240912493227,1.49011611938477e-08,2.91632345181373,11,35
0.731,200,35,637.046802500674,-8524.7431355919,637.046802500674,13844.2998547967,14160.8938423426,13819.7772906572,64.7551127009518,50.1339952984423,48.8604497122722,-671.958184142982,-272.516957184119,1.49011611938477e-08,1.49011611938477e-08,1.93664900215905,1.29063462938518,0.371725377002774,4.07890153575207,11,35
0.732,200,35,593.276169522839,-464.018470664054,593.276169522839,14084.1391723486,13770.4956429535,13914.6995587762,63.7207285335945,47.948222416618,48.8890206382071,-506.260335590997,-276.097614147205,1.49011611938477e-08,1.49011611938477e-08,1.84088058718027,1.60524988503464,0.993266135259569,3.93718120885064,11,35
0.733,200,35,616.758363327574,99.8020748318822,616.758363327574,13887.7652770658,13526.8457403061,14334.9768606711,62.7474324659404,43.7746910007275,48.691016662457,-388.433987844743,-165.87720302878,1.49011611938477e-08,1.49011611938477e-08,1.82009937737375,1.8367293652893,1.64199256200542,2.79046336177826,11,35
0.734,200,35,594.125293185977,-246.414086474448,594.125293185977,13442.9636653969,13762.597711835,14525.4254066665,61.861507971809,38.5662603699684,47.6526232996898,-332.682046275265,-54.8001260610565,1.49011611938477e-08,1.49011611938477e-08,1.89919683265713,2.08528576340121,2.14629211992822,2.23252362841289,11,35
0.735,200,35,530.190102624096,58.8186866989327,530.190102624096,13281.1362814022,14157.7474371679,14228.8350892617,61.8535347456575,34.2556748744436,46.1697908727426,-406.895133264482,13.9149410809115,1.49011611938477e-08,1.49011611938477e-08,1.94492980643091,2.13057226113921,3.06429447199025,2.03096099879119,11,35
0.736,200,35,492.189710506354,96.9212987054948,492.189710506354,13621.9041226287,14203.0604490621,13799.529977291,62.9403610416206,33.5220372308811,44.3295043726906,-595.109002635885,-26.6335685763176,1.49011611938477e-08,1.49011611938477e-08,1.95204609002856,1.83642732331792,1.6724223758088,2.17113618544139,11,35
0.737,200,35,480.056356996622,100.393349789655,480.056356996622,14041.9878560552,13828.43434565,13800.5868952617,63.9842799630791,37.1076716954425,42.3406203503609,-768.862822866169,-230.467465802713,1.49011611938477e-08,1.49011611938477e-08,1.86227180796101,1.56743024886565,0.3356440606239,2.69558385687536,11,35
0.738,200,35,479.466690598414,100.474716603926,479.466690598414,14032.1818620078,13490.3318693084,14234.128772372,63.9182117676532,42.3115900019801,40.490763416875,-772.030259589292,-464.742493870048,1.49011611938477e-08,1.49011611938477e-08,1.79638474146392,1.50598176345214,1.49011611938477e-08,2.71183251003969,11,35
0.739,200,35,455.163868406676,103.546965373812,455.163868406676,13637.0311905747,13622.8375310877,14553.4624759168,62.5615986659978,46.6723251093757,38.7839942532373,-663.692457222156,-569.763539291063,1.49011611938477e-08,1.49011611938477e-08,1.86740552471054,1.54024918488556,1.49011611938477e-08,2.35582283020558,11,35
0.74,200,35,394.249647560638,105.186732445203,394.249647560638,13373.6712918967,14050.7875009357,14373.903536952,60.9332966166139,49.3699226452329,38.0198449452164,-567.084844324792,-529.144846612078,1.49011611938477e-08,1.49011611938477e-08,1.93640207952786,1.46925600412834,1.49011611938477e-08,3.00059530438609,11,35
0.741,200,35,293.079525090698,105.863270829826,293.079525090698,13603.4839953195,14228.096233429,13923.3322608364,60.4876588810507,50.4843849369445,39.110551111338,-525.343370897369,-405.721046909162,1.49011611938477e-08,1.49011611938477e-08,1.95369219457395,1.27878406129647,1.49011611938477e-08,9.11530787166641,11,35
0.742,200,35,232.467831166487,106.229949602228,232.467831166487,14034.890907864,13935.8453898461,13774.0717963919,61.2323984294054,50.3058525544537,41.6898638742858,-513.577648897866,-262.957754858505,1.49011611938477e-08,1.49011611938477e-08,1.88135007001144,1.21845551429156,0.459483122090034,7.03449367028812,11,35
0.743,200,35,336.583943755821,105.608127361248,336.583943755821,14141.8768121854,13539.1383119033,14120.0509978171,61.5116790052456,49.1140577212197,44.66031175783,-467.867011267032,-182.569613018135,1.49011611938477e-08,1.49011611938477e-08,1.78296167975127,1.44688381015221,1.03159467046602,3.8977262157724,11,35
0.744,200,35,579.052903566845,-178.026590161127,579.052903566845,13826.8261549729,13551.8992114149,14526.6496983245,58.9992612178543,47.0983526911301,46.3793055376646,-366.599215588482,-165.643984502578,1.49011611938477e-08,1.49011611938477e-08,1.83182187695038,1.93515227739589,1.6716977257099,4.0424131623533,11,35
0.745,200,35,636.87981798497,105.454290324709,636.87981798497,13510.1581568694,13955.8667848754,14512.7081919968,52.978400158992,44.9909327717423,45.8593091419496,-297.316962793349,-155.273349220806,1.49011611938477e-08,1.49011611938477e-08,1.92267117496184,2.41021711133315,2.22767276083162,5.19011086182279,11,35
0.746,200,35,610.798977686618,86.5768494529495,610.798977686618,13623.7425361692,14225.7992242752,14132.1739308164,44.7454674685979,43.7554370858725,43.288827845723,-350.991157966269,-94.6776740622966,1.49011611938477e-08,1.49011611938477e-08,1.95946322994213,1.98305185286477,1.98403970249587,4.93692521892469,11,35
0.747,200,35,511.765200255638,84.1692384186467,511.765200255638,14017.3358970678,14020.7974469275,13882.3417130462,39.6697222271148,44.0665212478039,40.7494896737202,-560.412437544631,16.353683540111,1.49011611938477e-08,1.49011611938477e-08,1.91811714656258,0.795538909912863,1.11068597043648,2.21786722666023,11,35
0.748,200,35,285.588602664963,105.905176578769,285.588602664963,14190.0272295798,13586.9383793306,14111.5121656138,43.2333730870205,45.82343007112,40.7663613445743,-798.182773697302,68.307119197023,1.49011611938477e-08,1.49011611938477e-08,1.80390268025829,1.49011611938477e-08,0.448687926316933,1.23535557646589,11,35
0.749,200,35,155.47710031963,106.691954364856,155.47710031963,13935.4639778361,13472.9357523086,14534.363696642,50.8580503494758,48.0049234955734,42.5395874872863,-890.183521141613,25.7604255622156,1.49011611938477e-08,1.49011611938477e-08,1.81286498023761,1.49011611938477e-08,1.49011611938477e-08,1.41090324282389,11,35
0.75,200,35,297.357526409129,105.846619572978,297.357526409129,13496.6494137097,13830.0459282479,14538.6012819794,58.2136722236252,49.6696082778638,45.2151604596408,-869.515483158268,-42.7513910466734,1.49011611938477e-08,1.49011611938477e-08,1.90635042478372,0.50276055038396,1.49011611938477e-08,1.97095087074969,11,35
0.751,200,35,607.793755337843,-490.9408178065,607.793755337843,13487.7242884965,14205.6116135245,14146.6007918867,63.3210638331768,50.5177100834506,47.7465759992579,-800.137124197143,-151.394191964938,1.49011611938477e-08,1.49011611938477e-08,1.95027576649464,0.906201919540008,1.49011611938477e-08,2.91019269174683,11,35
0.752,200,35,634.454395932467,105.293203660373,634.454395932467,13865.9508807482,14146.7822902997,13817.3189382313,64.402490851913,50.0613711041282,48.6463808841516,-661.249539901374,-265.266179578244,1.49011611938477e-08,1.49011611938477e-08,1.93314715859008,1.29165616980018,0.41718488771344,3.93370878577405,11,35
0.753,200,35,585.420778417594,-244.808580989296,585.420778417594,14080.5444156757,13746.8961873411,13936.5916263444,63.2884885317855,47.8191541605799,48.6632740977534,-500.48158793203,-256.431325271051,1.49011611938477e-08,1.49011611938477e-08,1.83630335782871,1.58801270624429,1.03571850179801,3.64546276849255,11,35
0.754,200,35,618.948357964817,-3460.22495485084,618.948357964817,13868.3784408553,13528.7546073688,14362.5290225275,62.2989238379788,43.5869919274091,48.4632589228962,-385.273232953797,-143.646434573854,1.49011611938477e-08,1.49011611938477e-08,1.82333591294818,1.82064419079062,1.67996857546992,2.60266664504121,11,35
0.755,200,35,593.698482573697,-376.482974196332,593.698482573697,13424.5315331816,13787.4379675616,14526.5401320961,61.4295574007858,38.3979865418883,47.4107952101104,-336.359205388801,-33.7279615493164,1.49011611938477e-08,1.49011611938477e-08,1.90347803938712,2.06206988633516,2.16522543741431,2.10537870002657,11,35
0.756,200,35,521.674561960607,72.9850619283234,521.674561960607,13290.9332712683,14176.2535571908,14208.5840928147,61.4962035049097,34.2619010209033,45.8981713634089,-412.934099594977,28.997217344777,1.49011611938477e-08,1.49011611938477e-08,1.94628999900194,2.08235326706378,3.15889292456723,1.9376611647354,11,35
0.757,200,35,475.77351469007,101.147160476927,475.77351469007,13649.4466270858,14191.7045782798,13789.3261594376,62.6694124061574,33.9311103097034,44.0170672459716,-616.229939161851,-21.5408064264876,1.49011611938477e-08,1.49011611938477e-08,1.95051658506671,1.77652641161498,1.57419731402754,2.1089462712768,11,35
0.758,200,35,468.630679259144,102.204335222741,468.630679259144,14053.6537717258,13802.6829719658,13820.7483069587,63.8022881522202,37.9022098767549,41.9695053940568,-787.793847375161,-234.289882159126,1.49011611938477e-08,1.49011611938477e-08,1.85616642116289,1.51090149702953,0.260264828428862,2.65531128439362,11,35
0.759,200,35,476.392721695614,101.082078196496,476.392721695614,14015.1003188117,13483.1610671812,14264.2922504895,63.7654858176963,43.2119429246491,40.0334770445098,-783.618335132819,-464.53172371292,1.49011611938477e-08,1.49011611938477e-08,1.7980975751651,1.44993912954231,1.49011611938477e-08,2.709175522844,11,35
0.76,200,35,461.079275019009,103.070217387897,461.079275019009,13612.1541456431,13643.3751250953,14561.9578484662,62.4134977135272,47.5735772319535,38.1743109011205,-673.117452111797,-561.475427254952,1.49011611938477e-08,1.49011611938477e-08,1.87304539019519,1.47271476789474,1.49011611938477e-08,2.40389789594064,11,35
0.761,200,35,401.823837599332,105.114847853564,401.823837599332,13372.1926395938,14071.6811362714,14355.8618039257,60.8223390392876,50.2400218366457,37.3723414111208,-581.287596259243,-519.087326792102,1.49011611938477e-08,1.49011611938477e-08,1.93861391101001,1.3833024184019,1.49011611938477e-08,3.19406626334396,11,35
0.762,200,35,299.664434727363,105.825772181585,299.664434727363,13625.9134057049,14222.6246222004,13907.7486223283,60.4275602394943,51.3204862899762,38.5418628482766,-536.928418583326,-386.707338211932,1.49011611938477e-08,1.49011611938477e-08,1.95320516443597,1.19285718763543,1.49011611938477e-08,11.2594226106176,11,35
0.763,200,35,244.232013868819,106.162285437185,244.232013868819,14050.7496031167,13911.4789256103,13787.3574636864,61.189857088177,51.1121771228733,41.2917106057407,-523.992042690018,-243.147244023672,1.49011611938477e-08,1.49011611938477e-08,1.8751561682629,1.15350879393483,0.501159195685646,5.75438956866408,11,35
0.764,200,35,366.537688768222,105.413206746233,366.537688768222,14130.4233817473,13525.5240057053,14152.6408698584,61.3685782957172,49.8950588203819,44.3421805701629,-473.634752522155,-165.773105131995,1.49011611938477e-08,1.49011611938477e-08,1.78266672294042,1.39974633498022,1.07898870829703,3.50026665305091,11,35
0.765,200,35,601.169713882976,-409.640004197313,601.169713882976,13800.3563000486,13567.1413953795,14545.0968131142,58.6831303279297,47.8907848044675,45.9949004390491,-371.214235100588,-150.625940314683,1.49011611938477e-08,1.49011611938477e-08,1.83832076198487,1.88330665753153,1.73123349629914,3.68985628089804,11,35
0.766,200,35,635.570241281687,105.360662457944,635.570241281687,13501.3500484791,13979.5221393438,14504.7850452931,52.4924762096983,45.8487407246396,45.3505544418948,-308.786074511622,-138.718765365441,1.49011611938477e-08,1.49011611938477e-08,1.92642843949314,2.30883569048646,2.28083371897866,4.61412703958994,11,35
0.767,200,35,607.193349380193,66.2307284694385,607.193349380193,13640.6210392576,14225.8793213292,14114.6905107142,44.3304433526992,44.6961288462272,42.7689222354388,-373.872152690578,-71.1798704697913,1.49011611938477e-08,1.49011611938477e-08,1.96013706968346,1.81049547747474,1.9701727881442,4.09575518539542,11,35
0.768,200,35,497.638876893014,94.075091007137,497.638876893014,14036.2830700599,13996.7962656312,13886.6543824013,39.978964510834,45.0902064082812,40.5109883161061,-592.405194395643,36.036896512847,1.49011611938477e-08,1.49011611938477e-08,1.91229193673795,0.696124339906146,1.08171552862262,1.90283686996434,11,35
0.769,200,35,246.94422300518,106.140213264769,246.94422300518,14185.0916712661,13566.1007633541,14139.8525099231,44.1484746129236,46.9070559851686,40.7816387819429,-824.133928570591,74.9299063417769,1.49011611938477e-08,1.49011611938477e-08,1.80041268965117,1.49011611938477e-08,0.419992614231527,1.1514954301603,11,35
0.77,200,35,142.44058346041,106.770017181123,142.44058346041,13909.1027172045,13480.8472526723,14553.3625613763,51.8320809593009,49.0785463686218,42.5771135724313,-902.506777321491,24.4233366324277,1.49011611938477e-08,1.49011611938477e-08,1.81806344133128,1.49011611938477e-08,1.49011611938477e-08,1.39965931688623,11,35
0.771,200,35,322.233861650834,105.696254168968,322.233861650834,13477.612536812,13854.3889038179,14527.839548092,59.1758256722776,50.6982558278485,45.3329768754589,-881.437649467467,-42.2755324484383,1.49011611938477e-08,1.49011611938477e-08,1.91073173081994,0.49953581027923,1.49011611938477e-08,1.96715469624996,11,35
0.772,200,35,622.081053204588,-689.186750216097,622.081053204588,13497.353758714,14211.6427372677,14121.219847358,64.1026490596819,51.4525482557661,47.8729535733632,-805.417463580189,-160.163940141347,1.49011611938477e-08,1.49011611938477e-08,1.95148323285679,0.903883364758789,1.49011611938477e-08,2.91925877232516,11,35
0.773,200,35,633.529755698734,-7182.64006692263,633.529755698734,13883.5764232242,14128.4206261179,13811.8061793628,64.9942300626994,50.8701768677654,48.7339025864395,-661.030903827779,-271.909066302232,1.49011611938477e-08,1.49011611938477e-08,1.92962249720672,1.2862482603728,0.450430745227567,3.90747979067083,11,35
0.774,200,35,580.390158868314,-199.366650873273,580.390158868314,14077.0803833379,13725.3512168882,13955.7573258224,63.7819943083034,48.3856625026096,48.74174687347,-496.720344973882,-253.855096231322,1.49011611938477e-08,1.49011611938477e-08,1.83251075109571,1.58281066166786,1.07784629384268,3.55119055558694,11,35
0.775,200,35,617.855375059668,101.304439796221,617.855375059668,13842.3764911663,13529.9447264479,14384.2383119161,62.6962918183013,43.9690481175448,48.5244546805346,-379.545154354276,-139.784830625296,1.49011611938477e-08,1.49011611938477e-08,1.82702716123185,1.8284444729662,1.72132718382947,2.56791544399753,11,35
0.776,200,35,589.232226572491,-278.582562240174,589.232226572491,13401.5437952638,13810.3087513663,14521.7448638377,61.7596256302995,38.6735233611769,47.5026597453472,-334.370747885669,-35.8700896509975,1.49011611938477e-08,1.49011611938477e-08,1.90760434210107,2.0752170055973,2.19781633883464,2.10267626004733,11,35
0.777,200,35,525.259613192539,68.1392085683806,525.259613192539,13297.0470446993,14186.3392566443,14181.2169932319,61.8427901668065,34.6107804055307,46.0375685797345,-421.576077597067,27.9508512061567,1.49011611938477e-08,1.49011611938477e-08,1.9476077567477,2.08163395288613,3.24628355291122,1.95579995137106,11,35
0.778,200,35,489.957057831499,97.531568762693,489.957057831499,13676.3409543351,14176.1075041514,13775.5647659243,63.0301458084587,34.3942461535837,44.1821684732879,-630.890532551038,-31.9733487334402,1.49011611938477e-08,1.49011611938477e-08,1.94842485360826,1.76285196358616,1.47741803029724,2.14917396843384,11,35
0.779,200,35,481.461312150686,100.078938305626,481.461312150686,14067.78276832,13776.8454545503,13839.1152685444,64.0548836282651,38.298032081679,42.1381108652072,-792.336568372548,-253.095105107937,1.49011611938477e-08,1.49011611938477e-08,1.8491416686688,1.51124468643436,0.14853484507022,2.70307204974309,11,35
0.78,200,35,478.85846791651,100.598681350785,478.85846791651,14000.5673461526,13477.643181092,14290.5170745122,63.8879569691521,43.4698750958605,40.1653247327246,-776.419375133694,-480.093103334238,1.49011611938477e-08,1.49011611938477e-08,1.79937702177565,1.46391358887201,1.49011611938477e-08,2.67592887732341,11,35
0.781,200,35,453.058751690227,103.688102678783,453.058751690227,13590.3704449141,13664.608504174,14563.0078690048,62.4635209542929,47.6625383240621,38.3716985481325,-669.761186464322,-565.959320757821,1.49011611938477e-08,1.49011611938477e-08,1.87815394086201,1.48934807829906,1.49011611938477e-08,2.3835815631563,11,35
0.782,200,35,387.335452845495,105.248538680499,387.335452845495,13374.6703153004,14091.2775897158,14329.5782263549,60.9425486822199,50.1843620377704,37.7380017885,-576.213623359567,-516.214695816111,1.49011611938477e-08,1.49011611938477e-08,1.94045930294278,1.3955261099415,1.49011611938477e-08,3.26900612266509,11,35
0.783,200,35,284.70422255729,105.915611094413,284.70422255729,13652.3196513052,14215.7708763838,13885.240347012,60.67174414052,51.1552749219753,39.0742742159729,-536.0174722925,-380.418407480419,1.49011611938477e-08,1.49011611938477e-08,1.95202441309366,1.21062990261248,1.49011611938477e-08,12.3187262952898,11,35
0.784,200,35,234.064094621567,106.220306655395,234.064094621567,14070.4446245213,13885.50998877,13795.0443192662,61.45120372135,50.8635334780206,41.8519169077547,-521.650980098817,-240.91746670779,1.49011611938477e-08,1.49011611938477e-08,1.86735731429609,1.18767997388329,0.511279061518568,5.76063134188197,11,35
0.785,200,35,363.322281162065,105.437010838678,363.322281162065,14123.1622279249,13513.4998243634,14177.1024228306,61.4974090810195,49.5641657036411,44.8587442327109,-465.874304309378,-168.890431822099,1.49011611938477e-08,1.49011611938477e-08,1.78148729727874,1.45106817660741,1.09765092225932,3.61789360480906,11,35
0.786,200,35,604.387540075791,-451.109044068161,604.387540075791,13779.6572236205,13584.7861368814,14552.867316747,58.5571911882026,47.4628900325793,46.4277369149338,-366.617244568702,-155.434741279775,1.49011611938477e-08,1.49011611938477e-08,1.84385890325131,1.95088552889881,1.75645782347702,3.88240105367358,11,35
0.787,200,35,635.211282697903,-7789.61157595516,635.211282697903,13497.9840110317,14003.3540450359,14484.0985031504,52.1455654557465,45.3835937082452,45.7100487603522,-304.876208478282,-142.000972508272,1.49011611938477e-08,1.49011611938477e-08,1.92961900883239,2.3669035937877,2.28310972276014,4.89649779750445,11,35
0.788,200,35,605.774595483849,-1651.30142493614,605.774595483849,13661.9264719399,14227.3115464952,14089.0113136223,43.9196237077335,44.2856285493734,43.0813120683443,-379.986096887934,-71.2099547868428,1.49011611938477e-08,1.49011611938477e-08,1.96053565306708,1.79494614891449,1.90498831254159,4.25140187966362,11,35
0.789,200,35,492.203442318857,96.4193938502903,492.203442318857,14056.7215490431,13974.7473906039,13885.0841976213,39.8251848550046,44.7868780231453,40.8597198096578,-603.928657277004,35.0214203367447,1.49011611938477e-08,1.49011611938477e-08,1.90593686832797,0.668758809568831,1.02554590771008,1.9247330263354,11,35
0.79,200,35,258.071230442148,106.073971082485,258.071230442148,14181.418064451,13549.8301568806,14161.9007658877,44.2726330470615,46.685373487685,41.1890519183408,-829.077537144808,68.3110896593037,1.49011611938477e-08,1.49011611938477e-08,1.79700374413608,1.49011611938477e-08,0.36761010245218,1.19085648047718,11,35
0.791,200,35,167.439355349972,106.62038165026,167.439355349972,13886.1179893638,13494.3112473176,14566.9809565172,51.8813063088185,48.8878993458255,42.9046936562471,-896.214991177829,18.4618184868172,1.49011611938477e-08,1.49011611938477e-08,1.82287683212552,1.49011611938477e-08,1.49011611938477e-08,1.46224240382845,11,35
0.792,200,35,347.947942876347,105.541060027972,347.947942876347,13467.8620672578,13882.7291329835,14513.6775329329,59.1106489569927,50.5171402843773,45.5685716188709,-870.881589308883,-52.3279897191401,1.49011611938477e-08,1.49011611938477e-08,1.91437977434065,0.539961575818515,1.49011611938477e-08,2.04572666533285,11,35
0.793,200,35,637.385542318649,105.38679899386,637.385542318649,13516.3835714685,14224.6661765922,14099.9325107232,63.6971630412502,51.2615166804194,47.8128029482074,-789.936201873631,-168.342894825622,1.49011611938477e-08,1.49011611938477e-08,1.95228857663634,0.936360663365499,1.49011611938477e-08,2.99343928136924,11,35
0.794,200,35,630.423530339819,105.046574591732,630.423530339819,13906.935039172,14112.1484172513,13809.9100932181,64.3010889743749,50.5950852436501,48.4687906897324,-642.383731065503,-267.755810739302,1.49011611938477e-08,1.49011611938477e-08,1.9249164619713,1.30816923649721,0.48745853023905,3.86371430974631,11,35
0.795,200,35,570.324786858594,-117.75229165652,570.324786858594,14072.651527674,13704.1115679758,13977.3558687911,63.0852430246695,48.0664041904368,48.4954831996356,-484.816013271128,-234.794122543933,1.49011611938477e-08,1.49011611938477e-08,1.82815894539907,1.58618051881131,1.11720701264983,3.33947261738352,11,35
0.796,200,35,621.189426048709,103.598440534731,621.189426048709,13815.8156285932,13535.5265397541,14403.0074221706,62.1070559011746,43.6314772971635,48.3022089631443,-380.805030101348,-122.300761561413,1.49011611938477e-08,1.49011611938477e-08,1.83090308048204,1.81706278442025,1.74632171749427,2.38508155493123,11,35
0.797,200,35,595.810070317671,-551.564301878314,595.810070317671,13380.0262326353,13836.2008777289,14513.1112952085,61.2524886947564,38.4314578278276,47.2390780236892,-341.475270538881,-15.3732630409736,1.49011611938477e-08,1.49011611938477e-08,1.91154269011939,2.0413314028029,2.20350131536641,1.95992118203989,11,35
0.798,200,35,524.351987740363,69.2711313011354,524.351987740363,13304.9835419978,14202.4031117828,14154.7616960295,61.3729841693156,34.638126347165,45.69595666368,-438.646354423757,38.3236706240833,1.49011611938477e-08,1.49011611938477e-08,1.94895565652208,2.0257966163169,3.3177093695399,1.85115266644897,11,35
0.799,200,35,477.759444446817,100.755863453494,477.759444446817,13698.4023424264,14161.3854427251,13763.2533872289,62.523588408598,34.9099151260795,43.8091252721366,-650.466524644629,-40.4324770495922,1.49011611938477e-08,1.49011611938477e-08,1.94633450137308,1.72091846415061,1.40219899471391,2.08995737584246,11,35
0.8,200,35,466.294557742379,102.569969580494,466.294557742379,14071.8409589784,13751.1736319367,13857.3685091647,63.4535046388957,39.202909122014,41.8509750836845,-797.992666647657,-262.037540830775,1.49011611938477e-08,1.49011611938477e-08,1.84359537482901,1.49491610027583,0.0448065098284022,2.65037890955192,11,35
0.801,200,35,461.00914127302,103.091504894278,461.00914127302,13976.3814912665,13473.4438322776,14314.8450210509,63.176904136651,44.4809066674457,40.019067531199,-778.431136347698,-490.667835009987,1.49011611938477e-08,1.49011611938477e-08,1.80209023474264,1.46381939462284,1.49011611938477e-08,2.56998180667662,11,35
0.802,200,35,433.636257900595,104.545150072531,433.636257900595,13561.6583757933,13686.5374166881,14561.7690903655,61.6686516793844,48.6848819166766,38.2974370588797,-664.324915728347,-575.87064242642,1.49011611938477e-08,1.49011611938477e-08,1.88352731708547,1.49263575242374,1.49011611938477e-08,2.31788457587459,11,35
0.803,200,35,371.471336634839,105.371580897633,371.471336634839,13371.8410968328,14109.8933491931,14302.6782974071,60.1376638105527,51.1901608613605,37.7086848381254,-571.889065828298,-518.97002024207,1.49011611938477e-08,1.49011611938477e-08,1.94222744007515,1.39391462945823,1.49011611938477e-08,3.27190178861905,11,35
0.804,200,35,269.229820427689,106.008493246058,269.229820427689,13672.4157253103,14207.4029709498,13863.6281006311,59.8797015397774,52.1435391825596,39.0392326270083,-530.946106236812,-380.41237860449,1.49011611938477e-08,1.49011611938477e-08,1.95058964345679,1.2103718500058,1.49011611938477e-08,12.7183079075461,11,35
0.805,200,35,234.592406816158,106.22001393562,234.592406816158,14081.6049616231,13861.0700972324,13803.1539229605,60.6031100201483,51.8415038965615,41.8183686055963,-513.272582648613,-247.586453609327,1.49011611938477e-08,1.49011611938477e-08,1.86030156911173,1.19745562845215,0.568391272528956,5.58938127708077,11,35
0.806,200,35,378.199118823567,105.333779065363,378.199118823567,14107.5988851663,13504.176341679,14201.4903308529,60.432545468404,50.5330007883106,44.7600651485808,-453.444320848564,-174.058186666047,1.49011611938477e-08,1.49011611938477e-08,1.78152115782086,1.47364179046906,1.16265249479271,3.60092986684969,11,35
0.807,200,35,610.991111003384,-535.473700033006,610.991111003384,13752.4415181787,13603.6259377864,14559.5209192238,57.1795741920797,48.4486393641427,46.2020015471271,-349.123610933994,-158.520700629115,1.49011611938477e-08,1.49011611938477e-08,1.84984381566482,1.9752562378846,1.84179520773565,3.88997816988848,11,35
0.808,200,35,633.497028091852,-7155.82647494584,633.497028091852,13490.8873792579,14025.7193303985,14463.5737685994,50.4507016781502,46.433788630658,45.4040029115098,-296.441264382512,-140.90318580642,1.49011611938477e-08,1.49011611938477e-08,1.93274228780813,2.35140294806889,2.3726953241383,4.82702618739696,11,35
0.809,200,35,600.446509319432,-1044.93956184807,600.446509319432,13679.129355081,14223.9489879282,14061.8680528947,42.1959080725262,45.4535815793126,42.8672436477308,-387.750349599306,-65.5637518869908,1.49011611938477e-08,1.49011611938477e-08,1.96051100418705,1.6863543502667,1.89992091319161,3.98820764587839,11,35
0.81,200,35,474.328744346144,101.273368976037,474.328744346144,14072.2572451832,13948.1800987646,13882.297205689,38.878234030818,46.1118876332065,40.993594729927,-609.89634922678,29.8134147298554,1.49011611938477e-08,1.49011611938477e-08,1.89885651262595,0.573254397549136,0.980135837401044,1.80893159977991,11,35
0.811,200,35,235.065912355976,106.21172104926,235.065912355976,14172.9743145042,13530.527268416,14181.361485155,44.1293488759669,48.1402744931433,41.5281776409962,-835.128028217429,53.6022640496404,1.49011611938477e-08,1.49011611938477e-08,1.79359663260476,1.49011611938477e-08,0.289465041065136,1.21242948424448,11,35
0.812,200,35,163.265127538474,106.649650210346,163.265127538474,13858.5444913101,13504.5902022819,14573.3595736187,51.9897934702136,50.3887157975295,43.1709839060727,-897.989287528961,-5.93379294328095,1.49011611938477e-08,1.49011611938477e-08,1.82776597234881,1.49011611938477e-08,1.49011611938477e-08,1.57505230175021,11,35
0.813,200,35,368.490604620184,105.401623905147,368.490604620184,13456.312121546,13905.8764320382,14493.7675236371,59.2880350328604,52.0157345864028,45.7666160198909,-866.093394036236,-80.9540460244038,1.49011611938477e-08,1.49011611938477e-08,1.91780097376207,0.560757797617713,1.49011611938477e-08,2.2411217015785,11,35
0.814,200,35,657.785992452091,-1244.22094744602,657.785992452091,13533.4643172444,14227.4417983841,14070.1568845923,63.775899000108,52.7040553952254,47.9173583070133,-778.142260916404,-198.128721592001,1.49011611938477e-08,1.49011611938477e-08,1.95291699555865,0.959718006735292,1.49011611938477e-08,3.3054149890906,11,35
0.815,200,35,629.052300427024,104.961992586635,629.052300427024,13927.7043157632,14092.094633488,13803.1406797241,64.306601310711,51.9358760676611,48.4882349450796,-624.951611457702,-286.26273052661,1.49011611938477e-08,1.49011611938477e-08,1.92014348275777,1.32897910893437,0.482771572542666,4.16894654143763,11,35
0.816,200,35,570.959942980513,-116.564911852001,570.959942980513,14068.3155355274,13683.6865939982,13992.8241053028,63.1469466600469,49.1985226975366,48.4683743782699,-474.342220834404,-241.120127779749,1.49011611938477e-08,1.49011611938477e-08,1.82442919557831,1.60220730457547,1.14029812901602,3.39897921543056,11,35
0.817,200,35,618.107800192748,-3325.40910714386,618.107800192748,13795.9101823799,13540.5218171278,14419.6484576565,62.164976402091,44.6439626353048,48.0731181154572,-364.25057289435,-116.641180321241,1.49011611938477e-08,1.49011611938477e-08,1.83428457842508,1.84609936978966,1.77479196680423,2.39313647154741,11,35
0.818,200,35,585.85534966013,-248.94683851023,585.85534966013,13369.1341058301,13859.6549561066,14503.8747191853,61.3742083586314,39.4497347488028,46.8522199401188,-333.0261143878,-7.71379485328455,1.49011611938477e-08,1.49011611938477e-08,1.91469055131447,2.07264145066752,2.24349054818132,1.95920959686595,11,35
0.819,200,35,517.305274384983,78.6312969286062,517.305274384983,13325.1428445777,14210.6313182621,14128.9541068133,61.6555529658506,35.88265245258,45.216604567357,-444.60254035029,43.515643539604,1.49011611938477e-08,1.49011611938477e-08,1.94994370534468,2.02858245587152,3.47337317591005,1.8572216073364,11,35
0.82,200,35,481.00025975195,100.081212207642,481.00025975195,13734.2222041913,14144.871198429,13757.3812094141,62.9831716325335,36.303129810292,43.2655138151295,-665.987249401097,-39.9221514013956,1.49011611938477e-08,1.49011611938477e-08,1.94301557473246,1.68576607516437,1.29474487823643,2.10093246191678,11,35
0.821,200,35,478.371781598054,100.73754453477,478.371781598054,14086.5615774857,13726.4765668535,13882.7857363183,64.0676256660607,40.5315148316132,41.2105843850408,-812.858107905138,-260.990306388058,1.49011611938477e-08,1.49011611938477e-08,1.83712266535309,1.44016168911397,1.49011611938477e-08,2.66656296422118,11,35
0.822,200,35,477.391529109879,100.89076643086,477.391529109879,13961.6409058933,13471.2617609135,14343.7852440579,63.9704018954837,45.6829908381024,39.2347430963113,-792.261903110703,-481.595698971345,1.49011611938477e-08,1.49011611938477e-08,1.80457223673556,1.38866345584636,1.49011611938477e-08,2.62300179886564,11,35
0.823,200,35,451.841774816872,103.76487878284,451.841774816872,13543.748836166,13709.2887935029,14565.0361198321,62.6774595633486,49.7568094284013,37.4763702175545,-681.116678722974,-557.557134014282,1.49011611938477e-08,1.49011611938477e-08,1.88851903662088,1.39145375598871,1.49011611938477e-08,2.43556878093152,11,35
0.824,200,35,384.279711192953,105.273881724728,384.279711192953,13380.774670571,14127.5293554717,14284.3781394802,61.3697149159099,52.1562718322894,37.0081795609565,-591.7988936108,-494.897463075511,1.49011611938477e-08,1.49011611938477e-08,1.94395428441578,1.27581289557781,1.49011611938477e-08,3.66007525340763,11,35
0.825,200,35,281.999898977783,105.931775684564,281.999898977783,13700.8713910273,14198.0811008482,13854.6077586893,61.2615695566882,53.0160237224784,38.612219896066,-551.496446745799,-353.234985654506,1.49011611938477e-08,1.49011611938477e-08,1.94909941833009,1.11330683864557,1.49011611938477e-08,15.9121931654444,11,35
0.826,200,35,242.305740832325,106.171979347817,242.305740832325,14098.1142630182,13836.0243593397,13825.1403533322,61.9783975205107,52.5986328758232,41.6434814812504,-529.581625433087,-221.99346495724,1.49011611938477e-08,1.49011611938477e-08,1.85380342988899,1.14310769747513,0.569093757388716,4.60302760835523,11,35
0.827,200,35,393.769315294889,105.204038340983,393.769315294889,14095.9593169168,13496.1432875885,14236.3242483024,61.6502091573218,51.1411659591948,44.742669942221,-462.782384742534,-151.397185463032,1.49011611938477e-08,1.49011611938477e-08,1.78294641110448,1.44802658406768,1.19378158236742,3.21159281374744,11,35
0.828,200,35,629.938847853648,-5800.47034516729,629.938847853648,13729.6073866585,13624.4170293714,14574.9423119692,58.2056441663813,48.9109444497713,46.2390455237406,-356.410483811097,-136.145533005799,1.49011611938477e-08,1.49011611938477e-08,1.85650488273624,1.95593797224679,1.90008359559671,3.5044544771595,11,35
0.829,200,35,633.428414776307,-7131.99984961654,633.428414776307,13488.241644246,14049.4883569694,14452.545947719,51.3625665464153,46.823206921757,45.4186487853638,-309.424075130385,-116.153108733536,1.49011611938477e-08,1.49011611938477e-08,1.93594062933657,2.29976829105969,2.43582785144895,4.23403955405795,11,35
0.83,200,35,598.367138340209,-832.652050404906,598.367138340209,13699.5565267435,14223.15118256,14049.305605644,43.2642939697913,45.8423563212988,42.902288856438,-411.132350194351,-37.9297899512034,1.49011611938477e-08,1.49011611938477e-08,1.9607801391558,1.60476082562727,1.89623079498607,3.37344702371102,11,35
0.831,200,35,468.031880713592,102.197546740889,468.031880713592,14088.4911431271,13926.1907540696,13895.4375687726,40.3073397359045,46.5224226582752,41.1430043675845,-637.99161082261,53.4739490727283,1.49011611938477e-08,1.49011611938477e-08,1.89310336087408,0.547099978970295,0.961994449702626,1.60703721808776,11,35
0.832,200,35,238.367176400774,106.191915111354,238.367176400774,14163.2550135323,13517.9483168902,14215.0751958261,45.5908073097236,48.5603229342597,41.7532717319504,-856.166070662735,68.3162985839588,1.49011611938477e-08,1.49011611938477e-08,1.79272324164571,1.49011611938477e-08,0.265342248347918,1.13773791624392,11,35
0.833,200,35,176.754020872225,106.564562583725,176.754020872225,13825.9606068978,13521.8571586639,14590.3359158875,53.1999399680528,50.7947634485674,43.3253785684926,-908.370814008092,4.67524115276495,1.49011611938477e-08,1.49011611938477e-08,1.83444599809097,1.49011611938477e-08,1.49011611938477e-08,1.50887541744233,11,35
0.834,200,35,390.728367458791,105.236774090203,390.728367458791,13440.6952879563,13934.6124653215,14482.9489848538,60.281733887817,52.3924767832916,45.8903506349262,-875.173551082254,-71.4483317338556,1.49011611938477e-08,1.49011611938477e-08,1.92168585838947,0.562398082422334,1.49011611938477e-08,2.12542115057277,11,35
0.835,200,35,644.400285836306,106.08452518795,644.400285836306,13546.2309426514,14237.3951282232,14054.7466317601,64.3773267022588,53.0072684963495,47.8444095890561,-782.173942423008,-188.864689981707,1.49011611938477e-08,1.49011611938477e-08,1.95378650996538,0.95305552054868,1.49011611938477e-08,3.06945717378518,11,35
0.836,200,35,626.338908689315,104.754706451387,626.338908689315,13942.061290663,14072.9136241121,13808.4442131128,64.5755840351728,52.0989504070815,48.3012593576577,-631.710374565635,-269.696588829821,1.49011611938477e-08,1.49011611938477e-08,1.91552553922102,1.31458281640959,0.554787745919443,3.75811205446396,11,35
0.837,200,35,572.770837823003,-130.237301109915,572.770837823003,14056.373947281,13664.5630558933,14020.3590136875,63.264694921138,49.2672649370289,48.3791529966062,-472.392682063228,-220.379433429771,1.49011611938477e-08,1.49011611938477e-08,1.82176044455625,1.58367330399513,1.20604362501376,3.04880531240356,11,35
0.838,200,35,619.315444963594,-3562.29085172867,619.315444963594,13764.482020487,13549.2843769714,14442.0089753881,62.1372015406274,44.6095223407644,48.0841357470322,-361.438772210902,-99.4900710126723,1.49011611938477e-08,1.49011611938477e-08,1.83919860863452,1.83560740486114,1.80321881510647,2.2232516192769,11,35
0.839,200,35,587.920624796881,-273.471674872021,587.920624796881,13346.0399929965,13885.9309597257,14497.8543436505,61.2483906470538,39.3970884990426,46.9871887800423,-334.869971863203,5.07358371507042,1.49011611938477e-08,1.49011611938477e-08,1.91846514464229,2.06007446283524,2.22339063200479,1.8637825028169,11,35
0.84,200,35,518.469812623786,77.429669568658,518.469812623786,13331.5813241629,14222.6994458559,14105.4960397142,61.4859555640753,35.9177823430347,45.4315243220873,-454.209625603169,49.0607490605788,1.49011611938477e-08,1.49011611938477e-08,1.95128118645355,2.00541865151294,3.54721760910957,1.79893084231864,11,35
0.841,200,35,474.116126589485,101.499470412896,474.116126589485,13752.9585408862,14126.3707565868,13749.3618796356,62.7433990856703,36.6320117997552,43.5167163919209,-666.179826832691,-42.0763934325626,1.49011611938477e-08,1.49011611938477e-08,1.9399941926845,1.6749098964886,1.27204966541547,2.08836472163993,11,35
0.842,200,35,465.563136455876,102.65192359617,465.563136455876,14087.9680295351,13701.7130363798,13903.9159636448,63.6691139104036,41.0413403516342,41.4817528178781,-811.625447225431,-285.446169156944,1.49011611938477e-08,1.49011611938477e-08,1.831406297658,1.45788095377719,1.49011611938477e-08,2.66423761371671,11,35
0.843,200,35,461.405682215171,103.054865654787,461.405682215171,13938.0567535011,13471.166246787,14367.3065575023,63.354604297349,46.185002699839,39.4762348845281,-777.034641568873,-504.280710946196,1.49011611938477e-08,1.49011611938477e-08,1.80733743818236,1.43083685055963,1.49011611938477e-08,2.53023235456443,11,35
0.844,200,35,432.256838089568,104.583789772709,432.256838089568,13520.2165911492,13732.9771113852,14560.7148781801,61.8539539245541,50.1804926456381,37.6490135744169,-661.763201166372,-571.225669543657,1.49011611938477e-08,1.49011611938477e-08,1.89315563753026,1.44371676268602,1.49011611938477e-08,2.34626084482327,11,35
0.845,200,35,365.157182552127,105.415576420897,365.157182552127,13384.4388847627,14143.647959563,14255.0783800873,60.4811331514026,52.4999752015505,37.1727714441339,-574.409444538458,-500.964857040284,1.49011611938477e-08,1.49011611938477e-08,1.94537993994838,1.32338987088885,1.49011611938477e-08,3.59210667446828,11,35
0.846,200,35,263.911234217504,106.041291093053,263.911234217504,13724.5088767234,14186.4235068329,13834.4551821514,60.3887248498145,53.2988507065414,38.7378469416242,-536.99515834615,-363.857568037125,1.49011611938477e-08,1.49011611938477e-08,1.94670839603516,1.15357241101519,1.49011611938477e-08,16.7113259623564,11,35
0.847,200,35,244.005774971645,106.16179555198,244.005774971645,14109.4679812013,13810.9193984109,13835.0188037649,61.0936760904437,52.8550261598106,41.7310972170594,-512.577603492831,-225.964071578547,1.49011611938477e-08,1.49011611938477e-08,1.84618173582022,1.18334114747962,0.619531548273662,4.71777524875349,11,35
0.848,200,35,411.677585481243,105.006279010609,411.677585481243,14081.0029831078,13489.692196117,14259.1875288037,60.6259349717893,51.3841251470848,44.7202271739158,-441.997706636683,-158.546371078531,1.49011611938477e-08,1.49011611938477e-08,1.78326192553601,1.49703213858258,1.2449731434352,3.32403737374553,11,35
0.849,200,35,638.248717333071,-553.13781934316,638.248717333071,13707.878355953,13645.1528736394,14578.047893564,56.9097278480947,49.1588178970404,46.043985245889,-336.658019162022,-143.79242494205,1.49011611938477e-08,1.49011611938477e-08,1.8617253150436,2.0114228214808,1.95767622710221,3.6691281664401,11,35
0.85,200,35,631.459651665461,105.102707819301,631.459651665461,13488.8632329781,14069.8635290686,14429.0561950102,49.8133762825522,47.1025432036647,45.1298512010507,-298.949646452052,-119.933291189806,1.49011611938477e-08,1.49011611938477e-08,1.93838014247145,2.32072324072114,2.47444662092958,4.41018778001243,11,35
0.851,200,35,593.797044763688,-218.503844475011,593.797044763688,13722.6497733258,14217.0537202316,14023.9435833967,41.7521379359006,46.201116412844,42.6778400263201,-404.633015068925,-43.0391927164562,1.49011611938477e-08,1.49011611938477e-08,1.95991490832868,1.53482769549487,1.85534094095431,3.35370636153419,11,35
0.852,200,35,451.764247401155,103.720009678711,451.764247401155,14105.5565169533,13899.4061904043,13897.0781605164,39.4485405869673,46.9804389373421,41.1641984537988,-648.192756489686,49.0849215878687,1.49011611938477e-08,1.49011611938477e-08,1.88513408041103,0.473791199672756,0.916679003810979,1.57805804358473,11,35
0.853,200,35,217.828178633504,106.314408124075,217.828178633504,14155.5402488341,13502.4194523183,14235.8086703584,45.3142814223612,49.0757588459274,41.9273600038966,-859.191227110009,54.1741138991495,1.49011611938477e-08,1.49011611938477e-08,1.78985063051111,1.49011611938477e-08,0.191014664623147,1.18988448600343,11,35
0.854,200,35,186.171726734565,106.512530131037,186.171726734565,13800.245046386,13536.3401435952,14591.8472910788,53.0944668578029,51.3078141413662,43.4983801759333,-900.958283269446,-13.5628063924476,1.49011611938477e-08,1.49011611938477e-08,1.83934728145146,0.106693604150032,1.49011611938477e-08,1.6223140320672,11,35
0.855,200,35,404.025172217177,105.099840018181,404.025172217177,13435.7064372507,13958.0911012291,14460.0581836915,60.1778889050964,52.8654987825973,46.0660425643259,-863.056775755678,-92.4379477255498,1.49011611938477e-08,1.49011611938477e-08,1.92453470784531,0.592768208655201,1.49011611938477e-08,2.30348058311791,11,35
0.856,200,35,645.412006132844,106.222576841325,645.412006132844,13568.5076676165,14238.6766570095,14026.729883137,64.1004879935401,53.4124025376926,47.9360334049802,-772.054860370889,-204.473148220003,1.49011611938477e-08,1.49011611938477e-08,1.95394332714395,0.984253608805964,1.49011611938477e-08,3.34085849265351,11,35
0.857,200,35,624.123526072898,104.478427547428,624.123526072898,13962.6785544271,14052.4532254326,13806.20742197,64.1999525470664,52.3925138752326,48.3167254178028,-613.356030813972,-280.531276344925,1.49011611938477e-08,1.49011611938477e-08,1.91023067663236,1.34026719191861,0.570830724488181,3.98992502352189,11,35
0.858,200,35,573.684141475044,-137.370645505414,573.684141475044,14048.7197119862,13646.0535841669,14037.6544704421,62.9971805618237,49.3719661974821,48.3586910319199,-459.593484118064,-215.185491217575,1.49011611938477e-08,1.49011611938477e-08,1.8189986778082,1.59757337141386,1.2334243697581,3.06602356620593,11,35
0.859,200,35,619.611455270786,-3597.00223888557,619.611455270786,13738.4097758057,13557.7978491064,14452.1919302911,61.9866249468096,44.6326028424904,47.9568959285403,-356.439292851884,-88.837851576597,1.49011611938477e-08,1.49011611938477e-08,1.84350365578539,1.84195322036128,1.82915226153784,2.19110625008558,11,35
0.86,200,35,587.56462820449,-266.14386928146,587.56462820449,13331.978090172,13909.1624066329,14480.2509464051,61.1944995472797,39.455982493855,46.7438107667784,-340.887156599183,13.5350118423294,1.49011611938477e-08,1.49011611938477e-08,1.9214957658197,2.05053332891665,2.28105010480213,1.83314171632547,11,35
0.861,200,35,516.173010135168,79.9059508462357,516.173010135168,13348.8167395189,14228.698207187,14075.3344537039,61.5249696718672,36.2615877363541,45.1068469548877,-462.891426071363,49.5846575022849,1.49011611938477e-08,1.49011611938477e-08,1.95231966540766,1.97157349485755,3.57982454111662,1.78866857981134,11,35
0.862,200,35,480.189957243049,100.241655402026,480.189957243049,13782.4012246356,14107.5600825932,13742.2322298704,62.8204073555587,37.2389008439144,43.1750770048482,-687.849980860964,-53.8385126883899,1.49011611938477e-08,1.49011611938477e-08,1.93624006267562,1.63616397552485,1.14786389880919,2.09696926426617,11,35
0.863,200,35,471.028401956857,101.857017470042,471.028401956857,14093.804554399,13677.9984571088,13926.9504552142,63.723282218955,41.752070406908,41.2029535977551,-823.755468087526,-301.359729098943,1.49011611938477e-08,1.49011611938477e-08,1.82638169007257,1.42679982044228,1.49011611938477e-08,2.65360009910353,11,35
0.864,200,35,463.308211431197,102.869302480923,463.308211431197,13915.2953121671,13472.0048992288,14389.6103443047,63.4183042275459,46.8726299196733,39.3039974462027,-782.376853043177,-512.100878896947,1.49011611938477e-08,1.49011611938477e-08,1.81126303080415,1.39944505769758,1.49011611938477e-08,2.49813806532176,11,35
0.865,200,35,427.607020638362,104.701284538514,427.607020638362,13497.8473690003,13756.3554099512,14554.559168848,62.0005461844318,50.7961946194527,37.68982282915,-668.381490887936,-568.174595379153,1.49011611938477e-08,1.49011611938477e-08,1.89805897880522,1.40390314985968,1.49011611938477e-08,2.38660796117594,11,35
0.866,200,35,354.05937348312,105.492251029926,354.05937348312,13390.6454224317,14158.1109147647,14228.109833166,60.7739978100368,53.0363081438555,37.4624530102969,-587.413157555981,-497.31656250758,1.49011611938477e-08,1.49011611938477e-08,1.9468103502527,1.28113822241772,1.49011611938477e-08,3.84225257264625,11,35
0.867,200,35,257.802228018116,106.076739239114,257.802228018116,13749.1116075045,14172.9622800779,13819.5114924035,60.7832656692703,53.7672881353625,39.2310991264881,-547.893517730472,-352.652317046181,1.49011611938477e-08,1.49011611938477e-08,1.94424465031712,1.12950886011364,1.49011611938477e-08,16.255015784391,11,35
0.868,200,35,242.17370464938,106.174677808786,242.17370464938,14119.9723134278,13784.6119076259,13851.3651707816,61.4252413669636,53.251911794158,42.2649850923377,-518.393909377422,-220.031503825433,1.49011611938477e-08,1.49011611938477e-08,1.8394590557749,1.1849927351794,0.642219706554752,4.48305024595273,11,35
0.869,200,35,412.16906601877,105.003761402424,412.16906601877,14064.117882882,13483.1705266713,14284.3239822634,60.7327628874292,51.7097317213316,45.2087226128051,-441.099958141143,-157.652227288123,1.49011611938477e-08,1.49011611938477e-08,1.78521017849329,1.51557524909386,1.27928623421883,3.2974258380674,11,35
0.87,200,35,635.995864114067,-7911.55122160833,635.995864114067,13682.7525614306,13665.6523034791,14579.7606280902,56.7791722004528,49.4354737848316,46.4993722587018,-336.355300795353,-143.388009365106,1.49011611938477e-08,1.49011611938477e-08,1.86797197876169,2.02991677832769,2.0031009158397,3.66845767290667,11,35
0.871,200,35,631.049978325916,-6350.80202403845,631.049978325916,13486.1945964702,14089.2524981504,14405.736560203,49.4846556392406,47.4132279269225,45.5313066521279,-305.169328378386,-120.091864652195,1.49011611938477e-08,1.49011611938477e-08,1.94115641134879,2.29875922777818,2.4846934519704,4.35981024242907,11,35
0.872,200,35,590.630749783167,-326.545378953555,590.630749783167,13740.995927299,14209.7572313374,14001.9379451502,41.5032758531621,46.6090234690406,43.1092879170314,-423.58279935441,-39.0863284698738,1.49011611938477e-08,1.49011611938477e-08,1.9594859472234,1.46595294618606,1.78924699012508,3.23295124908066,11,35
0.873,200,35,439.878198865472,104.310488713361,439.878198865472,14116.5457520384,13873.6916761372,13902.0977667782,39.6712170580074,47.5058726955333,41.7242470482005,-670.292097498473,47.215683848408,1.49011611938477e-08,1.49011611938477e-08,1.87866758674931,0.434263351596306,0.86645692853071,1.53851168694136,11,35
0.874,200,35,219.254084673195,106.305847388457,219.254084673195,14140.7697821685,13490.1119473192,14258.9324209319,45.8107855398728,49.695602220137,42.5212426436243,-871.460382519767,43.5612840202782,1.49011611938477e-08,1.49011611938477e-08,1.78944108935941,1.49011611938477e-08,0.0541070513511752,1.21419204759633,11,35
0.875,200,35,191.220835426173,106.477920662689,191.220835426173,13769.5252971945,13553.58454326,14598.1382191387,53.4817771098534,51.9443109448809,43.9632898177388,-901.959663075081,-27.0291755071474,1.49011611938477e-08,1.49011611938477e-08,1.84535314195106,0.180725094916379,1.49011611938477e-08,1.68522658945926,11,35
0.876,200,35,443.41709994001,104.279956509932,443.41709994001,13427.2016623318,13983.5258952215,14440.9883149051,60.3863754975061,53.4997098526009,46.3534217757745,-861.912764322608,-102.622663109531,1.49011611938477e-08,1.49011611938477e-08,1.92759858666852,0.622365566653611,1.49011611938477e-08,2.3985189975799,11,35
0.877,200,35,644.724984581267,106.159934383929,644.724984581267,13587.1785607698,14242.5756592276,14006.5343170113,64.0013016230154,53.9892167642256,47.972845213974,-761.584043173039,-215.364188260278,1.49011611938477e-08,1.49011611938477e-08,1.95417038467645,1.00477590714739,1.49011611938477e-08,3.41620723090215,11,35
0.878,200,35,620.388073098265,103.419263329126,620.388073098265,13979.4856702055,14030.0419416764,13809.0794577691,63.898461933777,52.8538424372549,48.2393866184728,-599.137877819219,-278.280862647586,1.49011611938477e-08,1.49011611938477e-08,1.9043207772089,1.35083715336137,0.608686469876703,3.91466959181336,11,35
0.879,200,35,574.837258233445,-146.44794987815,574.837258233445,14038.2733502658,13628.4456290548,14061.5009007868,62.7072311100428,49.7417048271337,48.3559530816637,-449.82674602565,-200.568763898342,1.49011611938477e-08,1.49011611938477e-08,1.81643977418066,1.59727249651259,1.27692442612648,2.89564106341488,11,35
0.88,200,35,619.574785129476,102.806239318728,619.574785129476,13709.1916791731,13568.6749622572,14467.2202596883,61.7083335019649,44.9251242135038,47.9212198494931,-351.494195543692,-73.3297483269738,1.49011611938477e-08,1.49011611938477e-08,1.84818913327171,1.83735509111142,1.84356964509206,2.0758092515795,11,35
0.881,200,35,586.999057060337,-258.429801862452,586.999057060337,13314.9839956643,13934.6206176579,14467.1509406971,60.9352948959272,39.7745781059082,46.6708316902215,-341.726581787469,21.6765579157476,1.49011611938477e-08,1.49011611938477e-08,1.92453988170263,2.03297451831381,2.28656035426731,1.75171092751799,11,35
0.882,200,35,519.689510184102,75.8155645306402,519.689510184102,13361.524662376,14236.2605884264,14049.3318082897,61.2623721545965,36.7015764173081,44.9857419248478,-474.535144009426,52.1533760172439,1.49011611938477e-08,1.49011611938477e-08,1.95341562915093,1.94124479405449,3.62132627776049,1.73567091659352,11,35
0.883,200,35,479.196896632557,100.58702404051,479.196896632557,13802.6558460203,14085.6782515704,13737.1601888459,62.4811241520555,37.9328736548475,43.0533434255246,-699.000000770668,-69.0689706958476,1.49011611938477e-08,1.49011611938477e-08,1.9321430822275,1.62057821815242,1.10479912298799,2.08562597997456,11,35
0.884,200,35,459.517641439796,103.232937919811,459.517641439796,14091.3536350696,13653.6366597482,13949.6823314239,63.2660992902467,42.5708792057318,41.1651846610367,-822.624995338732,-326.167317807011,1.49011611938477e-08,1.49011611938477e-08,1.8214868656935,1.43284582997158,1.49011611938477e-08,2.62623313319579,11,35
0.885,200,35,444.801989295893,104.144433769693,444.801989295893,13888.4840123519,13474.7730380036,14409.9183166384,62.8471427051474,47.6709272118904,39.358372751027,-771.343192256778,-530.726461602064,1.49011611938477e-08,1.49011611938477e-08,1.81503059880014,1.41963825212171,1.49011611938477e-08,2.40809386471501,11,35
0.886,200,35,409.25053958115,105.022147725772,409.25053958115,13474.1556069505,13780.3193945918,14546.154342779,61.3615911313859,51.5239736948901,37.7606469976686,-661.778493701189,-578.719116210604,1.49011611938477e-08,1.49011611938477e-08,1.90239623248238,1.42653572387217,1.49011611938477e-08,2.32650034211372,11,35
0.887,200,35,336.371961614438,105.601325421742,336.371961614438,13396.063373075,14171.4619575662,14199.0479719816,60.1498742044845,53.6933243308201,37.5082567374053,-576.895592137617,-501.049736563652,1.49011611938477e-08,1.49011611938477e-08,1.94806143144096,1.30081585542938,1.49011611938477e-08,3.8329762845002,11,35
0.888,200,35,243.62636813041,106.161796576641,243.62636813041,13770.8201778614,14158.4366884001,13803.5381628965,60.182536744993,54.3574911067093,39.2194636763687,-536.372668113559,-354.820060477721,1.49011611938477e-08,1.49011611938477e-08,1.94111763349701,1.15307929391742,1.49011611938477e-08,16.530492508341,11,35
0.889,200,35,240.151522119035,106.187779119451,240.151522119035,14126.0276880686,13759.7045985454,13865.3207500543,60.7613278785749,53.7869438094983,42.2225950100664,-502.001472327366,-223.873612188799,1.49011611938477e-08,1.49011611938477e-08,1.83245083327268,1.21850953475664,0.693412732769678,4.47677101757788,11,35
0.89,200,35,426.986835936818,104.74395836412,426.986835936818,14045.071196587,13480.4174600861,14307.4296986916,59.8338105983298,52.1793547588544,45.0766294763226,-418.785565386812,-163.249344908195,1.49011611938477e-08,1.49011611938477e-08,1.78700859932497,1.56233824559749,1.34197291905164,3.33963968729841,11,35
0.891,200,35,643.002346617464,-11365.0130720352,643.002346617464,13660.0467507037,13688.3183819471,14580.6437637578,55.4988309463844,49.8705234489915,46.2133993568186,-319.237045677226,-148.518707688084,1.49011611938477e-08,1.49011611938477e-08,1.87335697422709,2.08037117528311,2.08140104146742,3.74414709963879,11,35
0.892,200,35,628.744952866921,-5673.51028095199,628.744952866921,13487.4433518028,14107.7790209001,14381.023773357,47.9023537613326,47.8670243269062,45.1776106684181,-294.221166166816,-120.166405375878,1.49011611938477e-08,1.49011611938477e-08,1.94338015867265,2.30376442606731,2.55571991251503,4.38241034356284,11,35
0.893,200,35,584.396314066135,-236.322795512322,584.396314066135,13762.6303442434,14201.0082380819,13979.1018521519,40.0239570076024,47.1464945695382,42.8706068477141,-427.980685610285,-35.9369233292577,1.49011611938477e-08,1.49011611938477e-08,1.95801036847004,1.38571681075865,1.7649671221093,3.10041786489976,11,35
0.894,200,35,422.25658736046,104.796299247211,422.25658736046,14129.0852425965,13847.1100741429,13907.2450238826,38.9681118886386,48.1532270093468,41.7548942683586,-681.857985253192,43.3035586020945,1.49011611938477e-08,1.49011611938477e-08,1.87077251566809,0.352392871187686,0.824291788975679,1.49097835935807,11,35
0.895,200,35,199.999540560968,106.42534920118,199.999540560968,14128.515568112,13478.4618539562,14279.9715243695,45.6722684828408,50.384335105007,42.6830475015803,-874.429179753229,29.0445359837813,1.49011611938477e-08,1.49011611938477e-08,1.78805244574431,1.49011611938477e-08,1.49011611938477e-08,1.27020230928396,11,35
0.896,200,35,198.323219818311,106.435420368921,198.323219818311,13741.8754849532,13571.6490578741,14596.1194152506,53.5045945407952,52.6337087575098,44.1031300459285,-896.581736132864,-41.8854828683667,1.49011611938477e-08,1.49011611938477e-08,1.85067734021976,0.214742316473997,1.49011611938477e-08,1.80834390357555,11,35
0.897,200,35,452.75562232354,103.829602244099,452.75562232354,13423.4596990691,14006.9950194854,14416.4396396692,60.4067811270099,54.1567791779973,46.4718949539232,-850.233766873128,-123.906555116883,1.49011611938477e-08,1.49011611938477e-08,1.93024345073651,0.650337358600859,1.49011611938477e-08,2.59750038145904,11,35
0.898,200,35,643.569798825523,106.031052286659,643.569798825523,13609.2563338378,14242.2511163725,13980.7608512031,63.8699313695499,54.5938234338812,47.9892512979363,-744.334498511385,-235.663310662319,1.49011611938477e-08,1.49011611938477e-08,1.95402104483128,1.03359661886841,1.49011611938477e-08,3.6939084265865,11,35
0.899,200,35,618.220589638803,102.09823592184,618.220589638803,13995.5521140135,14008.2675334647,13809.9362350216,63.7288363745944,53.3755515216984,48.1821039338683,-580.230703595325,-285.62322581342,1.49011611938477e-08,1.49011611938477e-08,1.89882904115698,1.37384652327924,0.624871034523895,4.09362575624541,11,35
0.9,200,35,575.976079435044,-155.688387878878,575.976079435044,14026.6462206454,13612.8786835684,14079.4616202556,62.6613708853361,50.1208344973632,48.2620865757279,-436.787919334317,-193.167428592857,1.49011611938477e-08,1.49011611938477e-08,1.81483322072043,1.61126929720279,1.30710023991781,2.87601534478947,11,35
0.901,200,35,620.84152132242,-3830.44528464039,620.84152132242,13682.5220684957,13581.2862370078,14474.2201066065,61.7342159061342,45.2452343363758,47.7269247833605,-348.00290005246,-68.1085023914905,1.49011611938477e-08,1.49011611938477e-08,1.85296057231294,1.84924056318452,1.86407008168762,2.03602588985541,11,35
0.902,200,35,589.218974235791,-284.608653515769,589.218974235791,13304.456976995,13957.8931814679,14446.2385580836,61.0246166876802,40.1677251937305,46.3907300114633,-345.530927508857,30.006611673845,1.49011611938477e-08,1.49011611938477e-08,1.9272374804893,2.03441227362647,2.343438827786,1.72321356608292,11,35
0.903,200,35,515.199098179246,81.5365906697498,515.199098179246,13382.3341099138,14240.7490962642,14020.3652940055,61.432087209278,37.4096767124574,44.6740652125579,-491.364848181048,51.6054468139341,1.49011611938477e-08,1.49011611938477e-08,1.95436028835044,1.91989397014288,3.63283529926197,1.72987318337385,11,35
0.904,200,35,474.215392844347,101.381742345872,474.215392844347,13831.5794618059,14066.0236577717,13733.6614763799,62.6973885753204,38.8999297378793,42.7770471476919,-719.428343217078,-80.6805399516905,1.49011611938477e-08,1.49011611938477e-08,1.92769811172599,1.58906550030201,0.991482674561804,2.09747844038506,11,35
0.905,200,35,456.304761603261,103.486285128056,456.304761603261,14094.4764063239,13632.7713210794,13974.2122954353,63.491582571243,43.6310354991454,40.9951128125312,-834.988415173886,-339.876355833499,1.49011611938477e-08,1.49011611938477e-08,1.81750847962712,1.40241650994836,1.49011611938477e-08,2.61095011872902,11,35
0.906,200,35,445.738979822956,104.100667676019,445.738979822956,13865.1025361714,13480.0835590111,14430.1124740899,63.1130474864543,48.7015269292773,39.3022776548653,-784.071264468552,-529.982606186508,1.49011611938477e-08,1.49011611938477e-08,1.8196285559965,1.38468766560837,1.49011611938477e-08,2.38451078348918,11,35
0.907,200,35,410.024020509213,105.011694018999,410.024020509213,13455.351394402,13805.4035920394,14536.7949823128,61.7513189721335,52.4859828770186,37.9191221280521,-671.024101160809,-574.659200622831,1.49011611938477e-08,1.49011611938477e-08,1.90684427428028,1.38067776410118,1.49011611938477e-08,2.37901680838617,11,35
0.908,200,35,334.198271651279,105.617390456952,334.198271651279,13406.4940529969,14184.3505790017,14171.7941420202,60.7166002080035,54.5835505209006,37.9193481082354,-588.511166094635,-491.139654838541,1.49011611938477e-08,1.49011611938477e-08,1.94925875384013,1.25522950350885,1.49011611938477e-08,4.1310127722157,11,35
0.909,200,35,237.097978640328,106.200842158165,237.097978640328,13796.7725020431,14143.4725393753,13791.8916783651,60.8322371511667,55.1758698674022,39.819078632446,-546.66727886747,-344.218571147591,1.49011611938477e-08,1.49011611938477e-08,1.93780251064487,1.13088176668781,1.49011611938477e-08,14.7213337218639,11,35
0.91,200,35,245.789409188706,106.153010453148,245.789409188706,14134.7704153048,13735.7940081043,13884.4128868414,61.2916701302346,54.5205429579631,42.8495798645107,-504.633335876265,-218.347975766467,1.49011611938477e-08,1.49011611938477e-08,1.82630694866948,1.22615990861861,0.718226061456807,4.28332880874155,11,35
0.911,200,35,434.828315786594,104.555456149599,434.828315786594,14026.2339067066,13478.5721325378,14331.3012026931,60.0788164394036,52.8360185936939,45.6436990325523,-419.713536692541,-163.383332282911,1.49011611938477e-08,1.49011611938477e-08,1.78993927472252,1.59083822876593,1.3864337877199,3.32186529788478,11,35
0.912,200,35,638.852574156464,-9187.93778027305,638.852574156464,13637.0570399386,13711.2962945943,14579.219385177,55.4800804971114,50.496439955338,46.736355799319,-316.115086544415,-147.322011304513,1.49011611938477e-08,1.49011611938477e-08,1.87932286904868,2.1118018968989,2.1455809073044,3.74680965646978,11,35
0.913,200,35,627.957948863389,-5459.23334134574,627.957948863389,13488.9500608376,14125.2930991226,14356.7654625615,47.6575358863775,48.5470155580424,45.6379949188463,-300.574677075878,-116.416166095032,1.49011611938477e-08,1.49011611938477e-08,1.94582720113147,2.2921310799492,2.5844600407092,4.3234359765272,11,35
0.914,200,35,579.434487471245,-190.306741468241,579.434487471245,13782.8047641592,14189.9365540697,13959.140152615,39.8987892903098,47.9398054245848,43.385894736684,-447.564346198604,-31.1233381993142,1.49011611938477e-08,1.49011611938477e-08,1.95682133574498,1.32428351884997,1.70018313097574,2.98937813248973,11,35
0.915,200,35,408.691736740055,105.019552695734,408.691736740055,14138.2861227882,13819.8914866915,13915.8481242902,39.3386818501806,49.0866012805642,42.3916616665351,-705.58185597787,40.3281397464645,1.49011611938477e-08,1.49011611938477e-08,1.86410677652003,0.308942317453163,0.763705873368715,1.46677054121531,11,35
0.916,200,35,191.694417647585,106.470737385076,191.694417647585,14111.8729391863,13467.9733271793,14303.3265181186,46.3083225624952,51.4473052173404,43.3057907661857,-884.440970440486,19.6583979364496,1.49011611938477e-08,1.49011611938477e-08,1.78852810685374,1.49011611938477e-08,1.49011611938477e-08,1.30815103255658,11,35
0.917,200,35,211.531226540357,106.360593341648,211.531226540357,13712.1287804017,13589.7621027817,14598.5170236391,54.0849793317897,53.728291525938,44.5849162887612,-902.468040075777,-57.3280796796199,1.49011611938477e-08,1.49011611938477e-08,1.85654879486475,0.248158791196612,1.49011611938477e-08,1.89117223763444,11,35
0.918,200,35,485.889421352265,99.3666593691305,485.889421352265,13419.0579240555,14029.4277864848,14394.6518692863,60.8187658751947,55.2479378722816,46.7666140311106,-850.288705519154,-141.292754181068,1.49011611938477e-08,1.49011611938477e-08,1.93284961633762,0.670475220933803,1.49011611938477e-08,2.72455891503801,11,35
0.919,200,35,643.072954761411,-11424.4384548567,643.072954761411,13630.2511017807,14240.4010495613,13960.1828851105,64.0169053149634,55.60677154256,48.0803998231785,-737.316479505865,-248.845495582354,1.49011611938477e-08,1.49011611938477e-08,1.9536406314168,1.04805262369823,1.49011611938477e-08,3.81357965181184,11,35
0.92,200,35,614.375855117485,-2762.24248999588,614.375855117485,14011.3316510112,13983.522394041,13814.7567355438,63.6977787743275,54.2481397428662,48.196251505735,-567.949226262733,-286.17212804835,1.49011611938477e-08,1.49011611938477e-08,1.89231021438469,1.38326916114242,0.65032098314965,4.05766153668201,11,35
0.921,200,35,588.500778394928,-271.723047777429,588.500778394928,14018.361310095,13596.1891470351,14107.5446276601,62.6218212614404,50.8767131593962,48.3138759655134,-432.078676699788,-190.610344382837,1.49011611938477e-08,1.49011611938477e-08,1.81270001361281,1.61730673014694,1.34084870088101,2.76584471771346,11,35
0.922,200,35,616.882040455804,100.475356271153,616.882040455804,13659.3240657151,13593.3533737709,14491.0152678974,61.6162976307649,45.9309706914741,47.5945853290833,-337.784865997626,-59.565424985067,1.49011611938477e-08,1.49011611938477e-08,1.85728354160533,1.86600910048182,1.8731035431131,1.98829044789145,11,35
0.923,200,35,576.506008763477,-165.229750090031,576.506008763477,13297.1733362662,13981.4853331212,14435.5677380574,60.9455624572785,40.88546207215,46.1501020441012,-342.534428292315,37.6680242940821,1.49011611938477e-08,1.49011611938477e-08,1.9295460543074,2.04532034654922,2.3706088750683,1.69487224560466,11,35
0.924,200,35,509.818027353324,86.6367496710669,509.818027353324,13403.8975206215,14243.1775564799,14000.3731118366,61.4641885549957,38.2054908255775,44.3399235961101,-497.551284350373,55.3915484583296,1.49011611938477e-08,1.49011611938477e-08,1.9549825059898,1.90440794598217,3.60155821711158,1.71030954553991,11,35
0.925,200,35,476.444858438554,100.991871019223,476.444858438554,13856.0211449394,14041.3958493818,13738.1776878944,62.8226500490892,39.8039435455186,42.3223292123055,-717.404434242716,-74.1490361989824,1.49011611938477e-08,1.49011611938477e-08,1.9220516175049,1.56194578211765,0.953663110875451,2.09601101179155,11,35
0.926,200,35,463.751443244036,102.841557649963,463.751443244036,14093.3510107141,13609.6422646184,14004.1635382813,63.6862050629826,44.4777437125124,40.3530784845503,-835.928235638109,-331.447298424177,1.49011611938477e-08,1.49011611938477e-08,1.81270848788962,1.37332932148605,1.49011611938477e-08,2.62742644200594,11,35
0.927,200,35,454.265207186865,103.619932477186,454.265207186865,13842.4411750043,13485.7624234899,14454.3378934631,63.3481559244079,49.4125925018247,38.4398024485604,-781.583209513746,-525.332823011783,1.49011611938477e-08,1.49011611938477e-08,1.82348214100334,1.35045647482474,1.49011611938477e-08,2.42128974823778,11,35
0.928,200,35,420.176742549856,104.85362367434,420.176742549856,13440.3078812911,13829.4519274775,14533.6510422566,62.0103297818855,53.0528867066364,36.8370220050264,-669.016429233869,-561.694156799231,1.49011611938477e-08,1.49011611938477e-08,1.9106010854861,1.33268646788829,1.49011611938477e-08,2.46483992251223,11,35
0.929,200,35,342.67571339365,105.561779739491,342.67571339365,13420.6151444062,14194.2487353866,14153.3867974805,61.0301930836314,55.0248524814687,36.7695285318864,-588.613506628495,-472.567606659468,1.49011611938477e-08,1.49011611938477e-08,1.9504492582573,1.19516998726069,1.49011611938477e-08,4.60142560562618,11,35
0.93,200,35,251.606465655471,106.116042365116,251.606465655471,13820.8644990391,14125.4959751861,13791.1171102597,61.2178272922074,55.4947430106172,38.7857912132108,-550.13083086654,-329.621761332089,1.49011611938477e-08,1.49011611938477e-08,1.93420052850251,1.07959920747488,1.49011611938477e-08,11.5759418174157,11,35
0.931,200,35,261.716727521151,106.058685601062,261.716727521151,14138.8673313865,13710.7123548826,13912.8750023393,61.7204665859786,54.7168752657441,42.0351188625167,-509.762606035408,-200.277258306868,1.49011611938477e-08,1.49011611938477e-08,1.82065069266869,1.19285410552138,0.753025066030696,3.6690189949991,11,35
0.932,200,35,459.594479162886,103.307346984489,459.594479162886,14006.4867132063,13478.4014474175,14365.1982856522,60.4375456080437,52.8833003912937,44.9387042755205,-419.462753711488,-142.088765970284,1.49011611938477e-08,1.49011611938477e-08,1.79339453938315,1.56765798079058,1.43292270593151,2.96223814468454,11,35
0.933,200,35,639.839798858588,105.682632300086,639.839798858588,13617.2520054398,13735.1785001571,14590.2938209756,55.6716847448279,50.4151481259022,45.9747537721881,-317.027991410408,-125.778287380867,1.49011611938477e-08,1.49011611938477e-08,1.88481790668491,2.07818925731514,2.1977466552484,3.35066067261107,11,35
0.934,200,35,626.707315361261,104.779540314222,626.707315361261,13494.3896450049,14141.5709186197,14344.1299795866,47.8210206838786,48.3834738992822,44.8355107355389,-309.794927705962,-90.6089139840418,1.49011611938477e-08,1.49011611938477e-08,1.94784229040129,2.19822472335427,2.62692363276362,3.72127987877899,11,35
0.935,200,35,573.979614771186,-146.208417597898,573.979614771186,13805.9260814023,14179.052964602,13953.74804386,40.412603140293,47.7432039879373,42.6735074886121,-456.062664948785,-7.86885543912626,1.49011611938477e-08,1.49011611938477e-08,1.95491156562175,1.22850325820952,1.69460559427116,2.48125992753366,11,35
0.936,200,35,397.225849158397,105.150265206265,397.225849158397,14148.8334011969,13794.8220169967,13938.9066936591,40.3784493068118,48.8658881030676,41.8880211842202,-714.471041949267,60.8771713085421,1.49011611938477e-08,1.49011611938477e-08,1.85724333098286,0.251880683843413,0.759680910977799,1.2844244678278,11,35
0.937,200,35,197.177301660822,106.437938516831,197.177301660822,14097.3063899357,13461.1544519581,14338.2159045245,47.3311245791199,51.141723894014,42.9103365665183,-894.818948535468,33.2875857355158,1.49011611938477e-08,1.49011611938477e-08,1.78931870969141,1.49011611938477e-08,1.49011611938477e-08,1.23283210909081,11,35
0.938,200,35,231.70170993267,106.239824793842,231.70170993267,13678.6118323021,13612.0523137296,14600.7546359487,54.9548388691152,53.3469232171913,44.3036748862135,-905.600392328139,-43.5834628601345,1.49011611938477e-08,1.49011611938477e-08,1.86298869784666,0.250265966403559,1.49011611938477e-08,1.78967818721437,11,35
0.939,200,35,502.710750909075,92.7096950080168,502.710750909075,13413.1182447839,14053.1674083954,14376.9578208582,61.4062155156098,54.789462298015,46.5207490715825,-851.949674409744,-128.683790386342,1.49011611938477e-08,1.49011611938477e-08,1.93547127414867,0.667370438219981,1.49011611938477e-08,2.55217147458664,11,35
0.94,200,35,641.527740631236,-10586.953009728,641.527740631236,13648.2771094181,14238.9292765129,13946.9119209811,64.2337193154741,55.0731626721963,47.7343306412776,-737.059778942334,-235.427658407819,1.49011611938477e-08,1.49011611938477e-08,1.95336897707532,1.03617801929753,1.49011611938477e-08,3.50011791062924,11,35
0.941,200,35,610.964454727012,-2286.90556587863,610.964454727012,14019.4004229574,13961.2345657551,13828.483379086,63.7213976736312,53.630049686938,47.8196217605091,-577.647904308664,-267.539203040525,1.49011611938477e-08,1.49011611938477e-08,1.88756176380231,1.35772375342553,0.71636312972886,3.6332340356124,11,35
0.942,200,35,586.718723703302,-253.447053407774,586.718723703302,14001.7851768426,13583.992773323,14136.440199667,62.6090106250375,50.1342784522438,48.0663688467605,-437.128299502987,-166.854453263622,1.49011611938477e-08,1.49011611938477e-08,1.81303027676561,1.58639087873299,1.39565834878839,2.50860089438922,11,35
0.943,200,35,618.991234664927,102.485890502943,618.991234664927,13628.7222910408,13609.7413889718,14504.1311348479,61.5144933912341,45.1253935490752,47.507584469131,-345.435195522656,-39.4533597125503,1.49011611938477e-08,1.49011611938477e-08,1.86308356455732,1.83594369281389,1.88793779811895,1.85395326124485,11,35
0.944,200,35,581.57449846645,-209.586865884796,581.57449846645,13284.3729029379,14004.4966561663,14418.7057932617,60.7855956298671,40.1413977786894,46.218578572397,-358.031075685978,51.7281322157899,1.49011611938477e-08,1.49011611938477e-08,1.93231292913089,2.00403886248054,2.40975602460557,1.61611129809893,11,35
0.945,200,35,511.474337951405,84.8451151179954,511.474337951405,13421.1789659976,14245.5831881437,13976.5166632517,61.309544437372,37.8017696850353,44.5349585645947,-523.791235122304,58.689145066899,1.49011611938477e-08,1.49011611938477e-08,1.95604789379332,1.84947661140501,3.47727192249161,1.66784646344037,11,35
0.946,200,35,464.86145084491,102.742109519793,464.86145084491,13879.2157258776,14020.7392263072,13740.1167709007,62.6338187706678,39.7730723566948,42.6212858276891,-742.684230113856,-84.8834057727588,1.49011611938477e-08,1.49011611938477e-08,1.91741618821495,1.52286733674318,0.863019924905277,2.08068058120987,11,35
0.947,200,35,455.922664729718,103.513509000433,455.922664729718,14091.8212397093,13592.1715144823,14031.5296930926,63.343347609304,44.6996512842902,40.7532247722628,-845.254544119417,-349.229252424867,1.49011611938477e-08,1.49011611938477e-08,1.80996302051622,1.3619445056379,1.49011611938477e-08,2.59962168071172,11,35
0.948,200,35,444.018552246298,104.178322739012,444.018552246298,13817.8823408943,13496.1970976112,14473.3384114809,62.8057523048297,49.7053445979428,38.8914679509461,-778.553699906946,-536.942488713506,1.49011611938477e-08,1.49011611938477e-08,1.82867487711007,1.35596469628823,1.49011611938477e-08,2.37657851206923,11,35
0.949,200,35,405.705126930817,105.066335062571,405.705126930817,13424.5080684643,13856.2907684975,14520.731706861,61.3478552532964,53.3355089946901,37.4516170163355,-664.343012783183,-562.555798233322,1.49011611938477e-08,1.49011611938477e-08,1.91459429235863,1.33876626140196,1.49011611938477e-08,2.48854173327305,11,35
0.95,200,35,330.63740153606,105.636513894274,330.63740153606,13434.4916101063,14205.4047078788,14123.6336318551,60.3918099089659,55.2826664365581,37.6025661354309,-586.265997940507,-466.262040101768,1.49011611938477e-08,1.49011611938477e-08,1.95137278893383,1.19869706624305,1.49011611938477e-08,4.85200758286729,11,35
0.951,200,35,230.840215087141,106.237997172191,230.840215087141,13848.097174027,14109.4522254864,13779.9606684754,60.6011655133085,55.7443805454458,39.6945826518078,-548.392518176991,-322.63211747394,1.49011611938477e-08,1.49011611938477e-08,1.92983852280398,1.08865691695359,1.49011611938477e-08,10.7500324743465,11,35
0.952,200,35,258.263013123578,106.078265530968,258.263013123578,14146.4624481378,13689.4548519875,13931.2338651522,60.9944628806787,54.9799870765343,42.8502292204888,-503.468378780741,-198.899274957888,1.49011611938477e-08,1.49011611938477e-08,1.81481250937242,1.21374047717668,0.79706095776443,3.70740980474421,11,35
0.953,200,35,464.737320813625,102.865005274447,464.737320813625,13987.7154229292,13481.5327941377,14384.163568952,59.4805256702776,53.1995735805962,45.5968275621421,-409.582172859449,-146.150895841124,1.49011611938477e-08,1.49011611938477e-08,1.79677034666026,1.59894694314296,1.48453243080199,3.0683012069873,11,35
0.954,200,35,640.773753619924,105.755337246063,640.773753619924,13598.6182579281,13760.4691975586,14581.9393072864,54.5140351511538,50.8500135234665,46.5370312012673,-312.021810528133,-130.7257487516,1.49011611938477e-08,1.49011611938477e-08,1.89014061156534,2.1023697953858,2.25952143313423,3.49057009700846,11,35
0.955,200,35,625.405496961843,104.644341433747,625.405496961843,13501.7736008573,14157.7722171822,14314.8145675809,46.5065257948109,48.9968435505051,45.3329390020695,-315.90332456866,-93.5742698983624,1.49011611938477e-08,1.49011611938477e-08,1.94988564672939,2.16386191794356,2.61075984055893,3.83042903315437,11,35
0.956,200,35,569.628773045979,-112.224509166909,569.628773045979,13829.3673722075,14166.0675086815,13931.7052436804,39.3863371368638,48.5491044961941,43.284985633538,-473.518025537567,-11.6348832087081,1.49011611938477e-08,1.49011611938477e-08,1.95262942720492,1.15177154321027,1.60334985657769,2.48647714765811,11,35
0.957,200,35,383.025903620638,105.279718212302,383.025903620638,14157.8097301792,13768.252373823,13946.1349685709,40.0527510084576,49.8419234795069,42.6577347535457,-732.705659633604,47.9337741284696,1.49011611938477e-08,1.49011611938477e-08,1.85009853740386,0.168227407433117,0.689712574545393,1.3148389716906,11,35
0.958,200,35,177.448376676312,106.555991667314,177.448376676312,14081.0139596047,13454.8530241656,14356.2989834684,47.4159130083283,52.2442799918365,43.6665300699106,-901.081938466071,11.2529262097027,1.49011611938477e-08,1.49011611938477e-08,1.7902117107975,1.49011611938477e-08,1.49011611938477e-08,1.329760626942,11,35
0.959,200,35,238.626419072582,106.198369615931,238.626419072582,13653.0754991117,13632.6944517115,14595.4337009938,55.090720721751,54.4569646634628,44.940231098683,-902.438820462584,-68.4400096248729,1.49011611938477e-08,1.49011611938477e-08,1.86824348551256,0.299349778252824,1.49011611938477e-08,1.96217670718659,11,35
0.96,200,35,518.358643439872,78.9350894246113,518.358643439872,13415.0039759635,14073.6161242477,14348.5004129236,61.4690705959467,55.8589673668571,47.0307075259137,-842.387654806653,-156.415064669461,1.49011611938477e-08,1.49011611938477e-08,1.93761045740071,0.705959756051973,1.49011611938477e-08,2.8301145292763,11,35
0.961,200,35,639.858295710257,105.769853975101,639.858295710257,13673.3645207124,14233.8910710067,13922.3690199877,64.1239997733955,56.0279344351042,48.119210965378,-728.429578778067,-255.021943813688,1.49011611938477e-08,1.49011611938477e-08,1.95227975091004,1.07370897926245,1.49011611938477e-08,3.85784716054533,11,35
0.962,200,35,607.865563035621,70.0904802471436,607.865563035621,14035.6050979157,13936.7647332284,13831.1528770381,63.5230248959274,54.4128584536041,48.1519683240807,-557.395056041911,-278.742387726866,1.49011611938477e-08,1.49011611938477e-08,1.88052845870506,1.39425296169005,0.732278514768876,3.85679876758547,11,35
0.963,200,35,592.666682663779,-315.502971832843,592.666682663779,13990.2570180802,13570.588364335,14158.8678632261,62.4965319780145,50.7765700060041,48.342391746354,-421.233797992629,-166.814372198803,1.49011611938477e-08,1.49011611938477e-08,1.81174194910878,1.61809874869252,1.42310691355977,2.55343121572195,11,35
0.964,200,35,617.708807945348,-3262.67647436732,617.708807945348,13602.0335838179,13624.7479184849,14509.4621372972,61.474586159891,45.6901895488096,47.584310126824,-336.145692583917,-38.2153339207024,1.49011611938477e-08,1.49011611938477e-08,1.86758007510088,1.86383481771168,1.90787833594245,1.8723974611709,11,35
0.965,200,35,577.08164260933,-168.331021795921,577.08164260933,13276.4945794017,14026.7113312238,14396.4423601557,60.8314619287021,40.7256711969425,46.1366840541384,-358.546780395926,49.8753903543708,1.49011611938477e-08,1.49011611938477e-08,1.9343000575654,2.01915944254802,2.48117528133743,1.63339574969322,11,35
0.966,200,35,514.970488518245,81.1808665220129,514.970488518245,13441.4571818907,14243.6337191706,13948.8919081154,61.3899483290088,38.4344626618324,44.3381412925399,-519.963098363064,51.0014888191539,1.49011611938477e-08,1.49011611938477e-08,1.9564033773541,1.85022628685993,3.32850902842301,1.69900672231227,11,35
0.967,200,35,469.446255139015,102.098330578769,469.446255139015,13899.6050680487,13993.8673526163,13740.5774446733,62.663768899861,40.4828314681086,42.3898323288551,-746.798773099257,-109.15280103883,1.49011611938477e-08,1.49011611938477e-08,1.91104722909324,1.52776012394097,0.808534233049951,2.14112962986873,11,35
0.968,200,35,456.02541481086,103.504405185729,456.02541481086,14084.1988889428,13570.2738083735,14055.1814836166,63.3204969048693,45.306832450225,40.5540330699939,-838.490507863104,-374.331303914465,1.49011611938477e-08,1.49011611938477e-08,1.80624539815318,1.37414100086805,1.49011611938477e-08,2.59626485845757,11,35
0.969,200,35,434.935323447494,104.51044476165,434.935323447494,13789.9364595458,13504.0079830219,14486.4614888507,62.7770444352191,50.1552599615655,38.7557246665376,-767.214135338067,-551.193095058138,1.49011611938477e-08,1.49011611938477e-08,1.83317464687078,1.37048090699193,1.49011611938477e-08,2.31606042588794,11,35
0.97,200,35,391.606553321715,105.212575668652,391.606553321715,13406.9020419655,13879.2683647681,14504.6734434376,61.3755599378449,53.6272586844025,37.321826255768,-655.526363563749,-567.932690712237,1.49011611938477e-08,1.49011611938477e-08,1.91796609517127,1.34989473117607,1.49011611938477e-08,2.45892181422555,11,35
0.971,200,35,308.253846703757,105.774015517115,308.253846703757,13447.0687567412,14211.2777976005,14094.4866082745,60.5093932545566,55.439636347036,37.456869428322,-582.680675397602,-474.442659003731,1.49011611938477e-08,1.49011611938477e-08,1.95223579595112,1.21068438475648,1.49011611938477e-08,4.92158532855738,11,35
0.972,200,35,231.673288246097,106.235398635297,231.673288246097,13868.5058510218,14088.3146153564,13771.0643854769,60.7683416692824,55.7779529573165,39.5616696027587,-541.351952900781,-323.73281199539,1.49011611938477e-08,1.49011611938477e-08,1.92501124317464,1.11317541681046,1.49011611938477e-08,10.5130336319821,11,35
0.973,200,35,262.774874147164,106.051247059708,262.774874147164,14146.0691591775,13664.9673613734,13950.7212553413,61.0870065769103,54.8925046206484,42.7394575054907,-491.498865292954,-202.685411013842,1.49011611938477e-08,1.49011611938477e-08,1.80912276587528,1.25426577490478,0.833370327095075,3.70655056322219,11,35
0.974,200,35,471.574205042687,102.056045056372,471.574205042687,13964.9342427216,13483.9598010366,14404.874708833,59.3237254987476,52.9617715169626,45.4363798141833,-392.482451240986,-151.23953407982,1.49011611938477e-08,1.49011611938477e-08,1.80037941198626,1.65497982414989,1.53010115036427,3.1181898908671,11,35
0.975,200,35,640.311109922933,-9942.7582853389,640.311109922933,13578.746857237,13784.4448123484,14576.9085894466,54.0279982593554,50.4932662960529,46.2727281459249,-297.501138587109,-134.846873343558,1.49011611938477e-08,1.49011611938477e-08,1.89501120431459,2.16176592806431,2.30755857956653,3.5791670291769,11,35
0.976,200,35,623.535797702831,-4392.05142034653,623.535797702831,13508.2210353964,14170.7599196179,14288.6306058271,45.7945317159325,48.6038929147353,44.9957555574233,-307.166445735656,-97.2303348939191,1.49011611938477e-08,1.49011611938477e-08,1.95157109378645,2.17418245711868,2.62254471523259,3.87882816052292,11,35
0.977,200,35,560.688859552995,-54.572357675114,560.688859552995,13850.5242856784,14152.2109545705,13916.8596745252,38.8320967950884,48.2192596779356,42.9655031427314,-480.095454014091,-9.84873430066079,1.49011611938477e-08,1.49011611938477e-08,1.94973256786309,1.10699280383657,1.56258431512798,2.42716786836932,11,35
0.978,200,35,363.569339703105,105.421784375081,363.569339703105,14163.5834559498,13743.5566654755,13959.8032305335,40.0229191937713,49.5957156488834,42.4625107288476,-740.26702321855,44.6687006064284,1.49011611938477e-08,1.49011611938477e-08,1.84307229105206,0.104051425570495,0.658489411406485,1.30615950173956,11,35
0.979,200,35,191.639083526664,106.475413533343,191.639083526664,14062.3018567632,13451.4090954058,14379.0503854804,47.5399706358013,52.0083112378473,43.5124056032378,-897.550749651086,2.24930389111257,1.49011611938477e-08,1.49011611938477e-08,1.79147769668508,1.49011611938477e-08,1.49011611938477e-08,1.37291467066367,11,35
0.98,200,35,261.717746759406,106.05998699735,261.717746759406,13627.0128166731,13657.0289022967,14590.5960348476,55.1809453658392,54.2358815674045,44.8064241415091,-891.766296335127,-76.6625767469494,1.49011611938477e-08,1.49011611938477e-08,1.87363880357246,0.33781647893474,1.49011611938477e-08,2.01941643231293,11,35
0.981,200,35,546.804505285403,17.6509219040364,546.804505285403,13416.9672093094,14095.2015927261,14323.5808180979,61.3451148710451,55.6309873571591,46.8003500265664,-832.201115456622,-159.780403517661,1.49011611938477e-08,1.49011611938477e-08,1.93959647652467,0.734028891258618,1.49011611938477e-08,2.89799069344135,11,35
0.982,200,35,639.105575765865,105.631175880296,639.105575765865,13695.8464227781,14229.0508541496,13905.9404257314,63.7438804015139,55.7776412355744,47.7390702973647,-710.496238551877,-258.691771496231,1.49011611938477e-08,1.49011611938477e-08,1.95112399812524,1.09572336234174,1.49011611938477e-08,3.87183819083828,11,35
0.983,200,35,602.409313955242,15.3959769188769,602.409313955242,14043.7194985787,13913.4055216962,13841.8427191688,63.0864492216514,54.133273424861,47.7300839551745,-542.685006501876,-268.890542865953,1.49011611938477e-08,1.49011611938477e-08,1.87487639551988,1.40239967129083,0.770275989318262,3.70700217766101,11,35
0.984,200,35,591.498340581432,-302.608984315044,591.498340581432,13974.2048705639,13561.849859593,14181.8396374186,62.1647859943079,50.4300867935598,48.0059025352987,-414.505004125508,-147.779183317525,1.49011611938477e-08,1.49011611938477e-08,1.81231381832378,1.61535350661191,1.45818842905035,2.39768176931074,11,35
0.985,200,35,617.772842270114,-3299.40982936823,617.772842270114,13574.2255421831,13644.2607686646,14513.8668393951,61.1926607115749,45.3820858250091,47.3018582632321,-337.572960412924,-19.8544981182262,1.49011611938477e-08,1.49011611938477e-08,1.87290320078976,1.85307543257584,1.90641792165213,1.76458439231995,11,35
0.986,200,35,578.717908694133,-184.556926259368,578.717908694133,13270.0111657538,14049.515871779,14372.9407212099,60.5859063257839,40.632416624468,45.8975605530012,-366.000260722018,58.8590794092393,1.49011611938477e-08,1.49011611938477e-08,1.93654442139894,1.9922862515452,2.54707106710362,1.56186842142302,11,35
0.987,200,35,509.017909185211,86.9374489998211,509.017909185211,13463.4219964477,14243.6844786963,13924.0731578562,61.1952552120309,38.8297276346308,44.166934839848,-543.670137972191,49.9402143900498,1.49011611938477e-08,1.49011611938477e-08,1.95710443626599,1.80839107290748,3.14550129592246,1.66162917294928,11,35
0.988,200,35,467.603578391233,102.421782203959,467.603578391233,13921.1369695664,13972.0097428175,13744.3041895449,62.4734707658846,41.2918540986419,42.3437401556063,-769.31819111595,-123.875943433932,1.49011611938477e-08,1.49011611938477e-08,1.90586226191621,1.49356663606196,0.716803957942133,2.12286785318642,11,35
0.989,200,35,447.341353745025,104.028643735723,447.341353745025,14077.5187985339,13554.5680621912,14081.2898331942,63.0709931575827,46.334351605021,40.6849527534689,-848.713741890117,-391.507125236391,1.49011611938477e-08,1.49011611938477e-08,1.80474803630969,1.35351987790954,1.49011611938477e-08,2.53887894231945,11,35
0.99,200,35,426.731346888887,104.724525743629,426.731346888887,13762.3054863486,13516.8714656834,14500.9663153543,62.4771522371124,51.2280857760007,39.0328422577227,-770.570075493972,-560.118919582004,1.49011611938477e-08,1.49011611938477e-08,1.83884352532847,1.35431351358477,1.49011611938477e-08,2.26515874989393,11,35
0.991,200,35,381.645095513738,105.296368230659,381.645095513738,13392.571038805,13905.3905949854,14488.6418806717,61.0925251743172,54.6881457781645,37.811989758196,-664.141194129598,-569.997797773301,1.49011611938477e-08,1.49011611938477e-08,1.92148762293863,1.3290828373745,1.49011611938477e-08,2.48878575959438,11,35
0.992,200,35,301.675202349281,105.812377877973,301.675202349281,13462.6355936371,14218.942487671,14066.62277815,60.2983000448152,56.4787249564202,38.1433544424086,-587.128531459504,-467.831164832556,1.49011611938477e-08,1.49011611938477e-08,1.95292652997421,1.19040557040584,1.49011611938477e-08,5.24492393660164,11,35
0.993,200,35,217.649400639063,106.319393388523,217.649400639063,13893.552786097,14070.0431900704,13765.058476655,60.5633077277478,56.8013382719239,40.3343219946729,-543.01944612885,-316.46951594716,1.49011611938477e-08,1.49011611938477e-08,1.91996112268892,1.10729426774257,0.0676390845270885,9.41893044957437,11,35
0.994,200,35,266.342121187403,106.032812223877,266.342121187403,14148.5762943497,13645.4021000111,13972.3480230297,60.7222945976505,55.902733387017,43.4729779298521,-485.690494997162,-199.042600835385,1.49011611938477e-08,1.49011611938477e-08,1.80455491263836,1.26689214241622,0.876374051578744,3.63269183723496,11,35
0.995,200,35,486.555501895323,99.0735167482395,486.555501895323,13942.4749263902,13490.7146222579,14423.427386471,58.6774719584808,53.9803543951458,46.0536079690017,-382.482401786637,-150.831709831098,1.49011611938477e-08,1.49011611938477e-08,1.80495321620512,1.67973750872032,1.59498115799287,3.12282111179519,11,35
0.996,200,35,639.764555734341,-9695.77308534138,639.764555734341,13560.9635469608,13810.4541829567,14567.4442123837,53.1177521264403,51.5910970667591,46.8149569087369,-295.430594246394,-134.367201683836,1.49011611938477e-08,1.49011611938477e-08,1.90015939202223,2.17505740420795,2.40055776197944,3.57363758551702,11,35
0.997,200,35,621.552915580406,-3980.47932012874,621.552915580406,13517.2853466188,14183.8599759124,14260.401991149,44.7333332353517,49.8319267516848,45.5350022084239,-314.906261209231,-92.5135763432651,1.49011611938477e-08,1.49011611938477e-08,1.9533881498674,2.11845166061909,2.64752028528262,3.77322958438568,11,35
0.998,200,35,554.643536251873,-22.8377294904615,554.643536251873,13872.6958991679,14136.0366760026,13899.8694301683,38.1632777314814,49.5988879199546,43.6879928627014,-501.730174284016,-6.79555718356589,1.49011611938477e-08,1.49011611938477e-08,1.94669514035934,1.02393189914723,1.49382229477488,2.31156592596509,11,35
0.999,200,35,349.839077537958,105.512214073579,349.839077537958,14168.9023411395,13717.4918230848,13972.6848580825,40.086216606922,51.1218790696241,43.3503610160468,-763.518526087524,36.4256664015516,1.49011611938477e-08,1.49011611938477e-08,1.83659827188426,1.49011611938477e-08,0.5883999637826,1.29978865456918,11,35
1,1000,35,168.18410320448,106.632174032533,168.18410320448,14043.2714575745,13448.3127243604,14398.8560419147,47.9360651173489,53.6430338723551,44.3394434930183,-909.166249514775,-16.5058210834866,1.49011611938477e-08,1.49011611938477e-08,1.7936248617968,1.49011611938477e-08,1.49011611938477e-08,1.45549383972286,11,35
1.001,1000,35,266.155335101694,109.213791348157,266.155335101694,13603.1136533696,13678.8675085477,14585.045390815,55.6121149656003,55.8683185595326,45.4670062169725,-897.022707641715,-95.514628634971,1.49011611938477e-08,1.49011611938477e-08,1.87882703633959,0.361011836376192,1.49011611938477e-08,2.1885418500499,11,35
1.002,1000,35,560.654377286198,-40.5892773045904,560.654377286198,13421.5936092164,14113.1692662469,14297.731365349,61.6572164084658,57.2115285067267,47.2797056366103,-828.579521581598,-184.594208344498,1.49011611938477e-08,1.49011611938477e-08,1.94154631793213,0.7550083290062,1.49011611938477e-08,3.17215131211464,11,35
1.003,1000,35,637.411047720157,115.094468954724,637.411047720157,13721.3052581258,14220.874543527,13886.5712581905,63.8591188227441,57.2229321864778,48.06908811707,-699.080119214926,-277.52194258143,1.49011611938477e-08,1.49011611938477e-08,1.94941406483444,1.11362549237516,1.49011611938477e-08,4.17212504059965,11,35
1.004,1000,35,598.905490556894,-28.7103355882683,598.905490556894,14057.0625725612,13889.3402795905,13850.4338266654,63.105255895794,55.3627485685974,48.0066531534806,-526.292706258309,-272.509732378978,1.49011611938477e-08,1.49011611938477e-08,1.86813858784694,1.41850370636856,0.792756194518037,3.79671371556988,11,35
1.005,1000,35,605.186269180851,-455.92009091878,605.186269180851,13966.9665116365,13551.2007512294,14214.158964294,62.189279189931,51.5052960381383,48.1569573144894,-399.331528549669,-142.849637609705,1.49011611938477e-08,1.49011611938477e-08,1.81179596669738,1.63446581318319,1.48941476873348,2.38927565283171,11,35
1.006,1000,35,615.009877896627,117.873867359592,615.009877896627,13554.7358361574,13661.3067648856,14524.4723753174,61.1901823027225,46.3616278380384,47.1866541663358,-326.404948942752,-19.7529489993482,1.49011611938477e-08,1.49011611938477e-08,1.87713253080164,1.88107209931902,1.91836308492271,1.7648127711903,11,35
1.007,1000,35,572.034606877423,-113.275889688434,572.034606877423,13272.1682550408,14069.7910451835,14356.3782311928,60.6667314217641,41.6138281993923,45.594904106687,-361.949302464039,64.3187479335238,1.49011611938477e-08,1.49011611938477e-08,1.93810296528674,2.00967480994044,2.61423456528992,1.56422281619414,11,35
1.008,1000,35,505.542824840773,114.387906721546,505.542824840773,13492.378139331,14238.2849215677,13906.2409465081,61.3946971366141,39.8141512121969,43.7169692585241,-548.61897553594,50.9423914109733,1.49011611938477e-08,1.49011611938477e-08,1.95690017605986,1.79614158059668,3.04432850144428,1.669221161824,11,35
1.009,1000,35,460.107539354791,131.333154413192,460.107539354791,13946.3635954479,13944.9647424014,13756.5497456262,62.7483694566733,42.2391475390583,41.744704509692,-774.179154116499,-129.76178927475,1.49011611938477e-08,1.49011611938477e-08,1.89842088343243,1.46838936232852,0.672211172692006,2.15060838723053,11,35
1.01,1000,35,450.134346373522,135.251379259314,450.134346373522,14073.3925291261,13536.3616815568,14113.6726597283,63.4224868416472,47.0798038071234,39.8895613277388,-848.030570634265,-393.360106206343,1.49011611938477e-08,1.49011611938477e-08,1.80159976652317,1.32127430203207,1.49011611938477e-08,2.58021107377808,11,35
1.011,1000,35,438.70728595523,138.99492622407,438.70728595523,13741.5490930434,13528.7203170491,14519.5574076286,62.9074758112548,51.7646254352726,38.0630225067473,-774.180517093772,-547.359769321805,1.49011611938477e-08,1.49011611938477e-08,1.84332636633161,1.31176306230357,1.49011611938477e-08,2.3237595909184,11,35
1.012,1000,35,396.893410865518,143.053638931409,396.893410865518,13385.5918219876,13929.0278984386,14479.4311482445,61.6299772186656,55.0367204282966,36.7372508601448,-664.614857482701,-553.800615066151,1.49011611938477e-08,1.49011611938477e-08,1.92436974935049,1.27180793240545,1.49011611938477e-08,2.62780372079629,11,35
1.013,1000,35,313.211816152111,146.971673856628,313.211816152111,13484.1079544415,14222.5576090028,14049.3308862041,60.9590836909084,56.6658518222109,37.1338282782504,-590.339282105403,-446.80675684401,1.49011611938477e-08,1.49011611938477e-08,1.95360197514766,1.13096219503254,1.49011611938477e-08,6.18819529748889,11,35
1.014,1000,35,230.150798939682,150.863806136519,230.150798939682,13917.0428273884,14047.2839462864,13771.3129637315,61.3154885381284,56.836244047256,39.5628741044751,-548.034503660273,-292.569896030454,1.49011611938477e-08,1.49011611938477e-08,1.91461231984739,1.06629631148632,0.124015844943048,7.30942502880943,11,35
1.015,1000,35,281.003921310287,153.616788480384,281.003921310287,14148.2122650065,13623.1627393678,14005.0295689658,61.4815314302504,55.7835768175007,42.9571340031996,-489.510936891585,-176.416511205694,1.49011611938477e-08,1.49011611938477e-08,1.80036156979542,1.24658412566512,0.904725775169006,3.19743808688439,11,35
1.016,1000,35,509.676426759737,136.235855354171,509.676426759737,13920.6046374708,13497.2337500324,14452.9972085705,59.3277175588632,53.6688359052668,45.6699147435441,-389.759978212923,-130.679400400379,1.49011611938477e-08,1.49011611938477e-08,1.80975589286496,1.66887465930369,1.63371329722698,2.8324374034632,11,35
1.017,1000,35,638.189975426057,160.002435223091,638.189975426057,13545.8321155809,13835.8125928702,14571.0969836629,53.6334098845307,51.1068278303679,46.4183711666146,-299.437660642969,-112.884178152725,1.49011611938477e-08,1.49011611938477e-08,1.90489278980675,2.15153276544944,2.43975135252273,3.24032581693346,11,35
1.018,1000,35,619.14242643185,-3926.83887236228,619.14242643185,13528.946573195,14195.3926544561,14245.6620972507,45.2533955587282,49.246950158055,45.1215977722831,-327.026818564426,-68.1711862501016,1.49011611938477e-08,1.49011611938477e-08,1.95494216054521,2.03817852512481,2.66182151178573,3.31224127210975,11,35
1.019,1000,35,549.777124011021,47.5472725584748,549.777124011021,13896.0942991098,14121.1015343598,13899.9013815704,39.0092090583846,48.9847206548756,43.3457863675777,-520.970641591239,16.9640612896593,1.49011611938477e-08,1.49011611938477e-08,1.94325146066579,0.970434892021346,1.48270347121418,2.01104304268357,11,35
1.02,1000,35,339.277528215833,168.919619114601,339.277528215833,14173.6054784763,13695.0405936794,14000.428774012,41.1684335009982,50.4911812377165,43.1268928875446,-778.594810795849,52.716318098494,1.49011611938477e-08,1.49011611938477e-08,1.83075318743699,1.49011611938477e-08,0.589550893652251,1.19580646412093,11,35
1.021,1000,35,204.740004368393,173.399424006589,204.740004368393,14023.5995933118,13449.9183008838,14431.3127632952,48.7891217794204,52.9469800992537,44.1216825097564,-908.763051938771,-1.66436240343472,1.49011611938477e-08,1.49011611938477e-08,1.79650499840643,1.49011611938477e-08,1.49011611938477e-08,1.39849804607422,11,35
1.022,1000,35,317.044619868592,175.495505322232,317.044619868592,13574.8916596307,13706.1483500209,14584.355275365,56.2423243931758,55.1323652276582,45.3549867410233,-894.870425678917,-82.0643196566188,1.49011611938477e-08,1.49011611938477e-08,1.88460271952497,0.381930603676478,1.49011611938477e-08,2.06298182907803,11,35
1.023,1000,35,597.116389345947,-324.311600417179,597.116389345947,13422.33257178,14133.9188913063,14278.669749171,61.8649667758043,56.4220640610408,47.0864820260754,-825.067903814123,-170.589145588856,1.49011611938477e-08,1.49011611938477e-08,1.94341363173613,0.761934735091993,1.49011611938477e-08,2.92756476790676,11,35
1.024,1000,35,632.517621101538,181.64782777242,632.517621101538,13739.3210443884,14213.3719379277,13879.9120939845,63.644636907908,56.3704588679808,47.7356062101395,-695.1491067518,-258.320635717024,1.49011611938477e-08,1.49011611938477e-08,1.94796034435612,1.10550827836698,1.49011611938477e-08,3.72094766867813,11,35
1.025,1000,35,588.548731438793,-314.93011926414,588.548731438793,14057.7603785182,13865.6103532145,13870.7596013589,62.7303802335124,54.4584841517573,47.7043958025944,-527.517068954066,-244.461415905384,1.49011611938477e-08,1.49011611938477e-08,1.86338157254108,1.39132484929278,0.861620467715689,3.29801401465376,11,35
1.026,1000,35,604.462320160709,-416.148010705543,604.462320160709,13945.8947587023,13545.9092332897,14244.5237704674,61.8045725079265,50.5140319728548,48.0729652197809,-410.816637870513,-120.596631654646,1.49011611938477e-08,1.49011611938477e-08,1.8140588225282,1.5996694386395,1.5357274110905,2.12861889184321,11,35
1.027,1000,35,613.695599321496,-3100.24306708382,613.695599321496,13523.755407451,13683.5220354786,14532.4697845389,60.7584103694909,45.3788171008082,47.3317336307719,-338.063104348517,4.62990019724843,1.49011611938477e-08,1.49011611938477e-08,1.88292491040715,1.83685046718317,1.90662054649781,1.61243008869514,11,35
1.028,1000,35,570.172127825211,-56.863378324064,570.172127825211,13263.7135163879,14091.8816475397,14336.0139817076,60.1959544004155,40.8076445797749,45.9297019685109,-383.063499005042,80.0962661881171,1.49011611938477e-08,1.49011611938477e-08,1.94032598767518,1.94787158925075,2.66575969074911,1.46595416111018,11,35
1.029,1000,35,503.20946501227,179.436165146349,503.20946501227,13509.823477904,14235.8348808189,13886.1836428616,60.9163522597149,39.4524956650353,44.197171712876,-578.354444661066,52.1865765708887,1.49011611938477e-08,1.49011611938477e-08,1.95748550203851,1.73319521329347,2.84213263387809,1.60939063254213,11,35
1.03,1000,35,471.267842557502,195.619815167143,471.267842557502,13960.6868814029,13921.8173216788,13765.1933822791,62.1995615014162,42.3252816704824,42.354665616737,-797.470734309867,-145.505092914623,1.49011611938477e-08,1.49011611938477e-08,1.89322622401169,1.43546064861976,0.606515581301015,2.11667410893104,11,35
1.031,1000,35,451.032480872858,201.11597027272,451.032480872858,14061.3687787962,13523.5924365796,14141.8017320052,62.6694948728192,47.4418826757037,40.6031540729932,-854.447866228727,-403.05015167101,1.49011611938477e-08,1.49011611938477e-08,1.80122403534601,1.32215078115146,1.49011611938477e-08,2.51355214746845,11,35
1.032,1000,35,428.585980180424,205.413931516511,428.585980180424,13712.9267171058,13545.1946164691,14533.1485592062,61.9001519236571,52.2198420363213,38.827884106485,-767.669029126298,-562.337221078482,1.49011611938477e-08,1.49011611938477e-08,1.84915422496376,1.33310380712174,1.49011611938477e-08,2.25265951096143,11,35
1.033,1000,35,379.534055064787,209.545622024541,379.534055064787,13374.180072928,13954.6508978655,14461.5155493761,60.4348561517476,55.5127269759975,37.6634120699902,-656.150986706264,-557.733012508334,1.49011611938477e-08,1.49011611938477e-08,1.92739066102447,1.29522284780922,1.49011611938477e-08,2.63073943360177,11,35
1.034,1000,35,292.300048655506,213.814334338204,292.300048655506,13501.951306322,14226.6711364432,14022.4400068064,59.7329631766121,57.1508975109003,38.2602658831817,-583.742913884522,-441.648621809371,1.49011611938477e-08,1.49011611938477e-08,1.95392894330691,1.1469848889999,1.49011611938477e-08,6.56343648566969,11,35
1.035,1000,35,220.728056371568,217.858573673714,220.728056371568,13940.884417998,14026.8439125922,13768.939731882,60.1029971784319,57.3504862669117,40.7409249294413,-542.360743987942,-284.284180158532,1.49011611938477e-08,1.49011611938477e-08,1.90869166737735,1.07656341607142,0.245800285139123,6.93733275082621,11,35
1.036,1000,35,293.489101736277,220.16289053028,293.489101736277,14147.4289885398,13604.6868847336,14028.2634815687,60.2180133443124,56.3487302962311,44.0692000966269,-486.270983587569,-174.368093718325,1.49011611938477e-08,1.49011611938477e-08,1.79646962251593,1.25608546453252,0.957192568006613,3.16724522205576,11,35
1.037,1000,35,527.663123347887,172.109278556602,527.663123347887,13898.9518419174,13506.5945359922,14470.3080203144,57.903892505535,54.3145892922756,46.637047155275,-382.383341682172,-128.019296498009,1.49011611938477e-08,1.49011611938477e-08,1.81461495149536,1.67460855192443,1.69788025221705,2.84069808868767,11,35
1.038,1000,35,634.480514594641,226.88831483095,634.480514594641,13533.2340991475,13861.3558859489,14560.5498929231,51.9874908382513,51.9073631299023,47.2644638827263,-299.0305562971,-109.412456098073,1.49011611938477e-08,1.49011611938477e-08,1.90938544384575,2.1253031256592,2.51749003527399,3.22733903097604,11,35
1.039,1000,35,614.066707827907,225.490742811431,614.066707827907,13543.4654251581,14204.0691604979,14218.4370245725,43.5567163318718,50.2527838839229,45.982394093845,-340.548967677553,-61.4093804205582,1.49011611938477e-08,1.49011611938477e-08,1.95638683705535,1.92063981636618,2.61938803605348,3.18954805433218,11,35
1.04,1000,35,539.65448136669,141.769644944023,539.65448136669,13920.8850754917,14100.6297092057,13886.7348108234,37.9463258340063,50.2174497889586,44.4455489970689,-546.978215944097,19.0170091013541,1.49011611938477e-08,1.49011611938477e-08,1.93892369898519,0.855498325623502,1.38905592618482,1.90383343936048,11,35
1.041,1000,35,328.832560795644,235.527596029595,328.832560795644,14179.1347467864,13668.5112572262,14016.608151611,41.0060092593076,51.9174816653596,44.3884366980226,-791.289350304063,42.6129064289733,1.49011611938477e-08,1.49011611938477e-08,1.82423390821379,1.49011611938477e-08,0.506842753445399,1.20859559768303,11,35
1.042,1000,35,187.079850674831,240.633928008768,187.079850674831,14005.910013979,13448.7367839766,14450.2271712301,48.9467445224537,54.4870391767199,45.2714209169398,-918.203259299038,-22.801768263099,1.49011611938477e-08,1.49011611938477e-08,1.79895472210164,1.49011611938477e-08,1.49011611938477e-08,1.50887022706184,11,35
1.043,1000,35,326.99282521419,241.92886944897,326.99282521419,13557.2862248038,13728.2100074147,14577.6925606848,56.4596431505727,56.6878870429747,46.3187416826722,-895.094609333735,-106.583622271054,1.49011611938477e-08,1.49011611938477e-08,1.88911696912988,0.408070425120228,1.49011611938477e-08,2.2736665214006,11,35
1.044,1000,35,615.709913402725,-539.568755382276,615.709913402725,13433.7510311894,14148.6773740746,14254.9429415528,61.9493631639425,57.9616825314804,47.7913329186988,-816.907722781226,-195.018475700162,1.49011611938477e-08,1.49011611938477e-08,1.9449782305033,0.786302023265566,1.49011611938477e-08,3.24208742959488,11,35
1.045,1000,35,628.266855307952,248.100257798981,628.266855307952,13768.358419051,14201.8313483028,13866.3761289225,63.5761050409173,57.8130584519996,48.266110262617,-679.099434096345,-272.503099784685,1.49011611938477e-08,1.49011611938477e-08,1.94535002551901,1.12609096193592,1.49011611938477e-08,4.01357460219868,11,35
1.046,1000,35,581.951071369634,-116.16861053665,581.951071369634,14071.2523384149,13841.63747355,13885.0346881559,62.6414780207823,55.7253628120573,48.1898322020266,-516.661978820766,-244.939064536326,1.49011611938477e-08,1.49011611938477e-08,1.85661555407957,1.40767001251095,0.883198237951283,3.32722453739906,11,35
1.047,1000,35,612.085195891019,-492.912098567488,612.085195891019,13932.7728495372,13538.7005394685,14273.070162573,61.8294487271097,51.6601625494931,48.454033629318,-397.034442767578,-105.494383106597,1.49011611938477e-08,1.49011611938477e-08,1.81465300247021,1.61151135891814,1.55811176927309,2.07234808175788,11,35
1.048,1000,35,613.423127830714,-3493.70940267709,613.423127830714,13502.3555355283,13702.5686483731,14536.4389948841,60.8764230461691,46.4821033888079,47.5090483473191,-332.534420815128,21.4069421710255,1.49011611938477e-08,1.49011611938477e-08,1.8871624143007,1.84148947282105,1.90306148832973,1.55760897409185,11,35
1.049,1000,35,572.210794790484,-31.2243939534424,572.210794790484,13266.7331738661,14109.7112292873,14313.80196102,60.4143650200028,41.9913491706816,45.9139919320767,-389.023439837153,92.2386315181762,1.49011611938477e-08,1.49011611938477e-08,1.9418033239674,1.93322424983574,2.74404898774787,1.4227520645766,11,35
1.05,1000,35,515.078535819351,229.59747080851,515.078535819351,13538.5744683691,14226.8403653553,13867.2816453188,61.1483874892222,40.7225579881217,44.0322104897437,-591.392613454495,50.5895574394861,1.49011611938477e-08,1.49011611938477e-08,1.95699083581571,1.70832962920105,2.73112672387697,1.59136922605814,11,35
1.051,1000,35,453.929934027375,263.516362302917,453.929934027375,13983.5769183818,13894.1705452585,13778.6752125468,62.3215887966562,43.6065557044627,42.1471049518983,-796.019702451691,-149.284450608794,1.49011611938477e-08,1.49011611938477e-08,1.88561338490158,1.42564885930352,0.558354227903852,2.13953867593067,11,35
1.052,1000,35,440.786691765881,267.73038911585,440.786691765881,14053.2197127471,13508.4200127708,14172.0223804422,62.6886491750015,48.5778636382814,40.4587414467933,-848.816493525631,-421.55834192361,1.49011611938477e-08,1.49011611938477e-08,1.79944335745051,1.32430486592763,1.49011611938477e-08,2.49663207344925,11,35
1.053,1000,35,416.938049158835,271.878218686447,416.938049158835,13689.705587569,13559.8115730333,14544.3830434545,61.8692890923329,53.1894437700148,38.8180257579638,-757.49714157207,-570.444108254321,1.49011611938477e-08,1.49011611938477e-08,1.85400858417737,1.33812382040112,1.49011611938477e-08,2.22360095991096,11,35
1.054,1000,35,368.97903400581,276.048450693907,368.97903400581,13366.8838348788,13977.5654198643,14442.8285961723,60.4904700192975,56.3285821974436,37.8151584055646,-648.492402399084,-556.968635470547,1.49011611938477e-08,1.49011611938477e-08,1.9298205617505,1.29683654978024,1.49011611938477e-08,2.67457373059065,11,35
1.055,1000,35,283.662858568236,280.593806315609,283.662858568236,13523.1695808214,14227.8596783564,13997.5460407442,59.9264062758664,57.8360283692472,38.575854268574,-577.572719437622,-436.912209189627,1.49011611938477e-08,1.49011611938477e-08,1.95395727617511,1.15745187538491,1.49011611938477e-08,7.14904214245202,11,35
1.056,1000,35,207.962214636707,284.982256692559,207.962214636707,13962.7020434616,14004.0522574755,13770.0131395311,60.3340202748062,57.9037462472409,41.1725307775299,-535.303258472631,-287.027061514359,1.49011611938477e-08,1.49011611938477e-08,1.90196683313696,1.10808580389164,0.275545937654778,6.59059920126416,11,35
1.057,1000,35,288.35233161664,286.879960475255,288.35233161664,14144.2398074015,13586.8686591204,14053.3776560188,60.3048856642197,56.7520900076096,44.5545115796097,-470.146137994117,-171.803011505921,1.49011611938477e-08,1.49011611938477e-08,1.79254608694841,1.30720320098681,0.998185283572059,3.12237007918057,11,35
1.058,1000,35,536.707536321707,206.57230849046,536.707536321707,13875.2603400846,13517.9410166246,14487.0940416481,57.6914909711087,54.5599845765319,47.1586909401907,-362.195645906113,-125.206293469625,1.49011611938477e-08,1.49011611938477e-08,1.81940270643833,1.74119735288332,1.75875522212562,2.83189387708979,11,35
1.059,1000,35,631.895912774166,-9609.21830261864,631.895912774166,13519.9714858665,13887.6286950941,14549.1337922026,51.4447936842468,52.0352752495207,47.8085658536817,-284.042802607686,-105.518371493558,1.49011611938477e-08,1.49011611938477e-08,1.91351887985086,2.18907360604497,2.60451801667004,3.21543493612813,11,35
1.06,1000,35,611.220368245321,-3365.73539161017,611.220368245321,13557.0986313565,14213.0324897262,14190.3273257474,42.8011683149508,50.3497676868836,46.6070748482621,-337.646206305479,-56.3365262543685,1.49011611938477e-08,1.49011611938477e-08,1.95763363464252,1.92359397291136,2.67379751254341,3.13047862976152,11,35
1.061,1000,35,534.858713635361,215.12688180749,534.858713635361,13942.8959817062,14082.7275578084,13875.9472462698,37.4355260812334,50.3560820155054,45.2485849553072,-540.693384538469,15.7298859150644,1.49011611938477e-08,1.49011611938477e-08,1.93417629163036,0.828251741679676,1.35419114945569,1.87888906885398,11,35
1.062,1000,35,322.869728831709,302.130997109728,322.869728831709,14179.4704175383,13646.8907670134,14032.8693327628,40.9078358677614,52.1307288572517,45.2816067239484,-795.829507576948,31.4462118329885,1.49011611938477e-08,1.49011611938477e-08,1.81833842315381,1.49011611938477e-08,0.457172344493814,1.26759925500123,11,35
1.063,1000,35,214.44530569901,307.185901757043,214.44530569901,13983.379763727,13453.4381406667,14468.2036429996,48.9270827083516,54.7349232781255,46.0601066887835,-911.187790386801,-41.6553192967115,1.49011611938477e-08,1.49011611938477e-08,1.80200571321289,1.49011611938477e-08,1.49011611938477e-08,1.63818258172617,11,35
1.064,1000,35,363.593900128773,307.757996074362,363.593900128773,13537.0771074197,13756.009087319,14567.7695993703,56.3287273186299,56.966709834178,46.9784139112546,-881.910681117894,-125.017153453451,1.49011611938477e-08,1.49011611938477e-08,1.89381179369036,0.463740668017562,1.49011611938477e-08,2.45426337689633,11,35
1.065,1000,35,644.073906394617,-975.274906917015,644.073906394617,13442.3549954432,14166.3472146547,14227.8831291515,61.5364056741379,58.2284684483154,48.2298978005841,-798.877757059098,-211.75060300582,1.49011611938477e-08,1.49011611938477e-08,1.94634865312097,0.830543361084571,1.49011611938477e-08,3.46483738830252,11,35
1.066,1000,35,623.196651348003,314.236002914078,623.196651348003,13790.3759362444,14189.9543596486,13853.7321964119,62.9122054502199,58.0302119073868,48.5373824458755,-666.199661679904,-276.466777571115,1.49011611938477e-08,1.49011611938477e-08,1.94264698132858,1.15991794249448,1.49011611938477e-08,4.12374654780059,11,35
1.067,1000,35,569.438695649087,27.7939390918893,569.438695649087,14072.4862185755,13817.2714597941,13899.1469776451,61.990934269294,55.9043200157964,48.4631295756454,-500.732918845408,-233.591779736079,1.49011611938477e-08,1.49011611938477e-08,1.85112345344444,1.42281675676233,0.916005589674192,3.20480653943574,11,35
1.068,1000,35,615.967054860785,-4438.92090777638,615.967054860785,13918.032663119,13536.0537930782,14299.5861381794,61.2533312871775,51.7786548822775,48.6879648076596,-387.304062872106,-85.7721974467141,1.49011611938477e-08,1.49011611938477e-08,1.81665399039228,1.61766643269574,1.57917050550701,1.96012505551477,11,35
1.069,1000,35,609.133043495938,-3155.48676608859,609.133043495938,13481.0518910666,13726.0451968529,14538.3131008269,60.3621422947637,46.6713567624348,47.6568302711438,-331.349673357698,40.8597823354766,1.49011611938477e-08,1.49011611938477e-08,1.89189415969368,1.83801903943335,1.88323906812779,1.47485272811146,11,35
1.07,1000,35,559.55540966348,112.372558681755,559.55540966348,13270.8482056134,14130.2837221855,14291.4020020122,60.0091878669448,42.4413416905345,45.9928184282958,-400.647465640133,106.170591374902,1.49011611938477e-08,1.49011611938477e-08,1.94341452417426,1.90797542184059,2.8555436025889,1.36258880044839,11,35
1.071,1000,35,493.551265645057,314.063997419442,493.551265645057,13564.5390920029,14221.0948927205,13851.1197526424,60.9139938118761,41.6268633875459,44.0663958097702,-602.328955778455,60.9382312096632,1.49011611938477e-08,1.49011611938477e-08,1.95658932574332,1.66049920237503,2.52925665606131,1.54949075865709,11,35
1.072,1000,35,475.537878969419,325.246481600715,475.537878969419,13998.5744696665,13869.8743795719,13792.5872607786,62.2410751962192,44.8547021521408,42.1258338425656,-820.020345828406,-153.471610122486,1.49011611938477e-08,1.49011611938477e-08,1.87977967727977,1.37301351773239,0.469105141295018,2.09905107422414,11,35
1.073,1000,35,457.286607583993,332.048812333169,457.286607583993,14039.7407870622,13497.7996028758,14201.7585210002,62.6906248373142,49.98460104455,40.3241995215078,-865.832393977427,-423.685039669765,1.49011611938477e-08,1.49011611938477e-08,1.79997537544018,1.27026234875955,1.49011611938477e-08,2.46521570845549,11,35
1.074,1000,35,436.370820408008,337.074038081066,436.370820408008,13663.7058212102,13578.046706222,14558.7499370108,61.8999206764702,54.6277768982744,38.519408900557,-770.551125227233,-565.066476604296,1.49011611938477e-08,1.49011611938477e-08,1.85975996395573,1.27611345879878,1.49011611938477e-08,2.23970455498077,11,35
1.075,1000,35,384.325993181167,342.033029956226,384.325993181167,13361.9140155738,14001.6127071234,14430.7842139037,60.5340860054981,57.7580996621743,37.4971791412285,-660.749339774974,-543.141794084103,1.49011611938477e-08,1.49011611938477e-08,1.93247326027937,1.21969047171445,1.49011611938477e-08,2.82104142626841,11,35
1.076,1000,35,290.646582164342,347.098037340747,290.646582164342,13544.6928376307,14227.9927528403,13983.7002753935,60.009406501687,59.2385394297523,38.4285909631884,-592.31029964904,-421.550878311775,1.49011611938477e-08,1.49011611938477e-08,1.95420392840329,1.07263726189755,1.49011611938477e-08,9.09457087084276,11,35
1.077,1000,35,231.036034408873,351.460314634283,231.036034408873,13982.8390277978,13980.6571890073,13782.9496515393,60.4748642744324,59.2689680824636,41.288694033405,-547.734396913321,-256.630185412529,1.49011611938477e-08,1.49011611938477e-08,1.89639675523024,1.03266549192414,0.31927426536401,5.07545959629863,11,35
1.078,1000,35,332.048690701184,352.641696917739,332.048690701184,14137.5353846837,13568.9329940404,14089.4384240818,60.473074411057,58.0771827283039,44.8954559994523,-482.212781808409,-139.744077977144,1.49011611938477e-08,1.49011611938477e-08,1.79093094697123,1.24191315663726,1.04379464484843,2.67318397712536,11,35
1.079,1000,35,579.567756017668,-36.6610864934833,579.567756017668,13851.767880972,13529.2254469394,14515.0570266023,57.7858286493635,55.8389062454147,47.5421184180275,-374.265748012182,-94.708555042554,1.49011611938477e-08,1.49011611938477e-08,1.82564038229917,1.66854880231687,1.82660904829741,2.46694745668984,11,35
1.08,1000,35,628.356805073008,360.657737340838,628.356805073008,13508.3056725171,13912.2628893743,14549.3671907912,51.4624229289376,53.3424341595337,48.140735028182,-301.847311763396,-73.13762302393,1.49011611938477e-08,1.49011611938477e-08,1.91790520877253,2.07037012356001,2.69770069559273,2.74149008216587,11,35
1.081,1000,35,606.187072235018,355.492229685945,606.187072235018,13572.5214193225,14218.1004752457,14177.5391049344,43.0487690094828,51.7069240625104,47.0256533203471,-360.538170717731,-24.3582151180407,1.49011611938477e-08,1.49011611938477e-08,1.9589335094146,1.73861813875158,2.68846476175345,2.53706549167678,11,35
1.082,1000,35,523.598268276625,304.809601762133,523.598268276625,13965.17041315,14061.1225647692,13881.5533468716,38.4050069076184,51.7696022462507,45.8857981829578,-580.479436014433,46.0989913798857,1.49011611938477e-08,1.49011611938477e-08,1.92970292832528,0.723738944297867,1.32590522227825,1.53281716261185,11,35
1.083,1000,35,321.137746508369,368.657810685987,321.137746508369,14180.6618899648,13623.3350691856,14066.1283380096,42.3176018093113,53.5505100376848,46.0427108826004,-831.05497375165,48.7429000453885,1.49011611938477e-08,1.49011611938477e-08,1.8139601065829,1.49011611938477e-08,0.434503927239294,1.13340215314031,11,35
1.084,1000,35,207.454245508501,374.233986366865,207.454245508501,13962.111405675,13457.0301741293,14499.1888272997,50.1814698497499,56.0933897699324,46.7118354185444,-931.559142080992,-33.1098316571837,1.49011611938477e-08,1.49011611938477e-08,1.8064930569912,1.49011611938477e-08,1.49011611938477e-08,1.56814759133968,11,35
1.085,1000,35,388.648235513755,373.522764293434,388.648235513755,13514.9706973852,13780.2923982426,14568.403748082,57.4825568547819,58.2176103564745,47.6328445868655,-897.918150761279,-117.616409382597,1.49011611938477e-08,1.49011611938477e-08,1.89895259490805,0.445773032795078,1.49011611938477e-08,2.35432620599597,11,35
1.086,1000,35,633.86374244177,382.402963466677,633.86374244177,13448.8899995004,14179.2253712798,14212.8633808383,62.3763602371285,59.3639977777691,48.7494666276203,-815.673181186584,-199.572432219132,1.49011611938477e-08,1.49011611938477e-08,1.94803020332015,0.80751943087856,1.49011611938477e-08,3.27582176104553,11,35
1.087,1000,35,618.847458192889,-5955.27770096654,618.847458192889,13811.6681757734,14177.6822769597,13852.432735682,63.4700449701681,58.9881225765936,48.9746986665083,-671.54540147077,-263.367671700288,1.49011611938477e-08,1.49011611938477e-08,1.94019143233281,1.1293893260535,0.173010699136813,3.78563500482947,11,35
1.088,1000,35,562.60442680834,126.761043769493,562.60442680834,14075.716743153,13794.9030546182,13924.1861681287,62.3726616909478,56.6116517833057,48.9412343679855,-501.765749530351,-211.366943785389,1.49011611938477e-08,1.49011611938477e-08,1.84636312780393,1.39114675637907,0.984253605996718,2.89746227096138,11,35
1.089,1000,35,619.813776738006,386.90810212297,619.813776738006,13897.4630368058,13533.2017832429,14333.7994662575,61.5251940327206,52.28800568761,49.2117071758493,-386.460815508651,-63.4439009406326,1.49011611938477e-08,1.49011611938477e-08,1.8193511595652,1.59594689526369,1.61967536046605,1.82749622354779,11,35
1.09,1000,35,607.267355812483,-3306.82947723801,607.267355812483,13456.3244714387,13747.9013532696,14545.986539111,60.5241079517994,47.0036580708276,48.2305294003312,-332.945568126092,55.1979693798597,1.49011611938477e-08,1.49011611938477e-08,1.89662823120404,1.82008632318938,1.86377000022287,1.40483876730115,11,35
1.091,1000,35,563.339418959688,129.571872444466,563.339418959688,13272.0516025812,14146.4876019062,14271.838275189,60.1346224947891,42.6977762424959,46.5964141300553,-403.190809856932,119.506813362288,1.49011611938477e-08,1.49011611938477e-08,1.94500542709264,1.87795874414485,2.88603539800591,1.32136898920768,11,35
1.092,1000,35,508.850523277042,362.10884939629,508.850523277042,13590.8421977136,14210.315340914,13836.7628991354,60.9616490136719,41.8498008816819,44.6525793651901,-617.605086203447,61.264681693607,1.49011611938477e-08,1.49011611938477e-08,1.95575584301307,1.63277788171087,2.46157646216466,1.53960443655378,11,35
1.093,1000,35,457.982199679833,394.472845252144,457.982199679833,14018.3542118656,13843.7610407042,13810.4948407081,62.0761418325626,45.0660040499403,42.689801970932,-823.956788693097,-172.592831651357,1.49011611938477e-08,1.49011611938477e-08,1.87216669907723,1.37700839414701,0.431222903905599,2.14004773491319,11,35
1.094,1000,35,441.732371483259,399.44037921508,441.732371483259,14030.492760766,13488.4182425761,14232.7961851071,62.2556149959982,50.0963732788587,40.8606889025254,-851.462333716303,-446.595623284333,1.49011611938477e-08,1.49011611938477e-08,1.79921533535281,1.30413329168866,1.49011611938477e-08,2.4514858315857,11,35
1.095,1000,35,414.37722022992,404.161535193489,414.37722022992,13642.502069983,13597.7157917463,14566.4786262353,61.2104467804902,54.6123901864549,39.0802972072857,-747.909194094162,-578.128598382151,1.49011611938477e-08,1.49011611938477e-08,1.86463901349627,1.3258412030205,1.49011611938477e-08,2.19196664428193,11,35
1.096,1000,35,361.323569856913,408.859118466659,361.323569856913,13359.3909468305,14025.178256916,14406.3144513863,59.7886429551396,57.6102349706457,38.1901296833811,-644.504319561536,-550.998230862183,1.49011611938477e-08,1.49011611938477e-08,1.93454359499117,1.27046635972385,1.49011611938477e-08,2.82397976753002,11,35
1.097,1000,35,278.526042517673,413.980335849795,278.526042517673,13569.6754149695,14227.6197646419,13956.3587689924,59.3358890669782,58.9837373312379,39.2361107384562,-574.428598689376,-420.673323993073,1.49011611938477e-08,1.49011611938477e-08,1.95372727618282,1.12552924552094,1.49011611938477e-08,9.48978541844127,11,35
1.098,1000,35,213.09485997661,418.692388324046,213.09485997661,14005.8181055057,13958.0914200227,13783.6578332523,59.8267005638135,58.9263746435269,42.0888081927265,-529.548788073814,-256.946939238497,1.49011611938477e-08,1.49011611938477e-08,1.8887967308537,1.0916200411479,0.374877175583688,5.26256127009333,11,35
1.099,1000,35,319.682242669443,419.385186104813,319.682242669443,14134.7117417382,13555.0051273177,14111.3118964283,59.7089424201676,57.6623242966846,45.6257429993945,-460.175264997464,-144.346907697092,1.49011611938477e-08,1.49011611938477e-08,1.78760105464357,1.3105185198744,1.08954673426613,2.79676447395505,11,35
1.1,1000,35,581.740065152646,-25.3368522836013,581.740065152646,13830.5255146352,13544.5098424303,14525.0858277005,56.7782161786612,55.3889529393659,48.1995989022639,-351.650174632561,-101.555135585457,1.49011611938477e-08,1.49011611938477e-08,1.83028872331371,1.74876124873942,1.8788307799506,2.61080444697526,11,35
1.101,1000,35,625.589891221647,427.651599478069,625.589891221647,13501.4295311924,13938.7462808564,14530.757845014,50.1546446840023,52.8917589294145,48.7503398523958,-286.993712041758,-81.5755009790479,1.49011611938477e-08,1.49011611938477e-08,1.92139182498049,2.14274923684833,2.75879521943927,2.91796957647711,11,35
1.102,1000,35,603.817141251432,-2929.14882829019,603.817141251432,13592.2074812199,14224.7394975625,14145.3373617601,41.5884614827581,51.3378302476944,47.6579289168711,-356.255372848138,-30.9472621311683,1.49011611938477e-08,1.49011611938477e-08,1.95970639828395,1.73825873870251,2.64524512672333,2.6772812310604,11,35
1.103,1000,35,521.186376235252,369.815096976377,521.186376235252,13989.3845420315,14041.2660323707,13869.9543882512,37.3048148370097,51.5280531504195,46.6423668972126,-583.100770581354,33.871069589556,1.49011611938477e-08,1.49011611938477e-08,1.92361265147124,0.691730597267568,1.25652912887649,1.62437190659692,11,35
1.104,1000,35,311.883628207039,435.358395411784,311.883628207039,14180.8238184353,13603.5268976236,14080.1763799733,41.7365353450235,53.4475291025375,46.8448691876115,-827.730550141602,27.1290160786119,1.49011611938477e-08,1.49011611938477e-08,1.8081771441568,1.49011611938477e-08,0.360036713813794,1.25931700877891,11,35
1.105,1000,35,241.467742255341,440.308070758707,241.467742255341,13941.6412357549,13465.4831016633,14511.5187816144,49.750317854108,56.0695829818354,47.4088813862455,-915.397528131347,-59.351792158642,1.49011611938477e-08,1.49011611938477e-08,1.80963875473725,1.49011611938477e-08,1.49011611938477e-08,1.76621961818477,11,35
1.106,1000,35,410.887796111132,438.94245294751,410.887796111132,13501.5434748289,13808.3570921469,14553.4204312417,56.9609619719309,58.2291190828423,48.2212925253729,-879.138437337522,-138.346778886085,1.49011611938477e-08,1.49011611938477e-08,1.90286182534249,0.51199617827597,1.49011611938477e-08,2.6363158863206,11,35
1.107,1000,35,628.985383578066,-11256.3785714283,628.985383578066,13464.2298850711,14194.5289576123,14183.51832172,61.6014404522486,59.3647925793664,49.1467971417899,-789.403433291161,-221.717065552,1.49011611938477e-08,1.49011611938477e-08,1.94902305802149,0.865005484063696,1.49011611938477e-08,3.64000281908408,11,35
1.108,1000,35,613.633189116682,-5200.59459625434,613.633189116682,13836.6420981082,14162.0404555273,13839.379536209,62.5185034225618,58.949960113981,49.2515756828789,-643.137359114969,-273.552640147711,1.49011611938477e-08,1.49011611938477e-08,1.9363012852221,1.17872775857687,0.196680102153511,4.04620666351245,11,35
1.109,1000,35,552.434139053167,247.751981696546,552.434139053167,14077.3012157909,13770.8750101318,13937.5920770469,61.5261792801573,56.5567079860352,49.2207284376482,-481.563549880301,-203.682393978538,1.49011611938477e-08,1.49011611938477e-08,1.8406635828206,1.42118802832139,1.00636153381343,2.8838396565562,11,35
1.11,1000,35,617.264614941528,453.40086985664,617.264614941528,13875.4169253962,13533.2950687181,14350.3528444955,60.8968430250039,52.2054175524554,49.4471372017638,-382.031476214578,-54.1289680496877,1.49011611938477e-08,1.49011611938477e-08,1.82196891568487,1.60733628790953,1.62870303334708,1.75825872406851,11,35
1.111,1000,35,607.074644809647,-3703.46515668553,607.074644809647,13432.981417812,13771.901127903,14536.7697290138,60.070019223014,47.042682442282,48.377980969162,-336.581506688876,70.1277353849028,1.49011611938477e-08,1.49011611938477e-08,1.90095246390751,1.81020501065039,1.86315841271585,1.34170202588045,11,35
1.112,1000,35,559.264296289782,205.720411181027,559.264296289782,13276.2876300407,14164.0716341297,14242.000671061,59.7903942066324,43.0385085403582,46.6680513154327,-419.704691895401,124.467003781379,1.49011611938477e-08,1.49011611938477e-08,1.94646650007412,1.84724409347432,3.07394519853686,1.27936732118526,11,35
1.113,1000,35,500.491180289658,435.660105054039,500.491180289658,13613.1382673543,14199.4429231752,13817.171660833,60.6815548094983,42.6685352547525,44.7273413040378,-641.676346211017,49.891611327472,1.49011611938477e-08,1.49011611938477e-08,1.95478779201089,1.59818862741291,2.21430180469111,1.52624899405529,11,35
1.114,1000,35,464.976080134503,458.386882286058,464.976080134503,14025.9414679711,13817.5052993126,13821.683025611,61.8190667628376,46.2345289521126,42.8590782079181,-842.308300552865,-195.017945925342,1.49011611938477e-08,1.49011611938477e-08,1.86649087702141,1.35094191302797,0.330505238936305,2.12616457219743,11,35
1.115,1000,35,448.225292342771,464.571295968189,448.225292342771,14009.1966087792,13479.0734574663,14256.1888531977,61.9921184647248,51.3909042051212,41.1515472367787,-859.625879974149,-465.143819296606,1.49011611938477e-08,1.49011611938477e-08,1.80087621825163,1.28420140097507,1.49011611938477e-08,2.36872646581655,11,35
1.116,1000,35,417.312338879538,470.085117713337,417.312338879538,13611.6173325405,13616.5253466893,14570.5916593092,60.9477692974156,55.9070335129258,39.446462571097,-758.939944658439,-585.064520117636,1.49011611938477e-08,1.49011611938477e-08,1.87042283947328,1.30498010534922,1.49011611938477e-08,2.13565029347262,11,35
1.117,1000,35,357.733021551754,475.268588128414,357.733021551754,13351.9988446115,14046.1043531048,14384.3963868091,59.5546887159422,58.8732733776707,38.6757872910057,-649.933099112012,-551.205706947987,1.49011611938477e-08,1.49011611938477e-08,1.93678134299338,1.24420197031903,1.49011611938477e-08,2.86042758953484,11,35
1.118,1000,35,270.78374575578,480.80432397144,270.78374575578,13587.7586182098,14222.8717233183,13935.3944037165,59.1528219486513,60.2024020190238,39.8637946093796,-579.879111758959,-413.208939143012,1.49011611938477e-08,1.49011611938477e-08,1.95336136168462,1.09940126949097,1.49011611938477e-08,10.7448608363647,11,35
1.119,1000,35,222.338092651523,485.32753552731,222.338092651523,14019.7206017744,13932.4909822167,13790.8461286283,59.6633359266788,60.1032092452926,42.836951471847,-533.166769687922,-245.850376672218,1.49011611938477e-08,1.49011611938477e-08,1.8825170815766,1.07410634698072,0.417984013788248,4.73092533476944,11,35
1.12,1000,35,358.902191424622,484.762282878885,358.902191424622,14121.7051148998,13538.9253507659,14139.3319851192,59.4687746981487,58.7930736188524,46.4157484438764,-460.325667386246,-134.072980711614,1.49011611938477e-08,1.49011611938477e-08,1.78666367021301,1.29997827684024,1.13676988322142,2.63233627116401,11,35
1.121,1000,35,611.634060997232,-530.268656939247,611.634060997232,13803.4902151231,13557.7797274698,14541.3296910824,56.3072346179571,56.4537446390268,48.8947254076425,-355.964745121444,-93.350486835977,1.49011611938477e-08,1.49011611938477e-08,1.83653496730562,1.73248597045332,1.94564321414826,2.47454125558902,11,35
1.122,1000,35,621.898849790075,494.169713278686,621.898849790075,13488.8997512954,13961.7150077928,14518.4775628677,49.4796184062941,53.9848064673396,49.3533661183213,-292.956372858587,-69.89436118037,1.49011611938477e-08,1.49011611938477e-08,1.92520823722551,2.08403295752751,2.84685351720131,2.71516854393934,11,35
1.123,1000,35,597.997025746825,-2386.33585825097,597.997025746825,13606.1729037522,14225.3610513029,14123.2123121655,41.0455415703901,52.4971744977265,48.33396966645,-376.15891910671,-16.3384863344324,1.49011611938477e-08,1.49011611938477e-08,1.96057530021076,1.61564308335625,2.6217908177898,2.3929239271931,11,35
1.124,1000,35,507.182712284347,458.122191590794,507.182712284347,14006.4439886004,14016.9353214207,13869.3228820672,37.4482889699251,52.7775135401353,47.4970597750412,-612.237946614988,42.5872074732542,1.49011611938477e-08,1.49011611938477e-08,1.91819272932563,0.608836612495258,1.21253492732962,1.45516643971967,11,35
1.125,1000,35,297.758254155409,502.239449607453,297.758254155409,14175.8618176297,13581.1369433142,14105.8448553454,42.3864686178672,54.7411606005501,47.7728660513165,-851.014062203597,24.2842323435635,1.49011611938477e-08,1.49011611938477e-08,1.80433686664632,1.49011611938477e-08,0.314763550961981,1.2254923637519,11,35
1.126,1000,35,226.125283221389,507.473636024897,226.125283221389,13916.0566208221,13471.6550234631,14531.5636611086,50.363202243491,57.3464010850624,48.1993887771505,-925.375345775571,-63.3970124229589,1.49011611938477e-08,1.49011611938477e-08,1.81445069900668,1.49011611938477e-08,1.49011611938477e-08,1.80287974495724,11,35
1.127,1000,35,449.359770434095,502.197558116917,449.359770434095,13484.3018749538,13832.8254871281,14546.5896278921,57.4788646014038,59.4567316926466,48.8772111171246,-882.041276894919,-148.70247656587,1.49011611938477e-08,1.49011611938477e-08,1.90720716306336,0.52126034587643,1.49011611938477e-08,2.71938202803624,11,35
1.128,1000,35,628.836387760992,-13045.2958784115,628.836387760992,13476.3380801006,14203.8896800863,14163.6419097395,61.8629456578724,60.5214433440805,49.593502303149,-785.974653474255,-229.097547182473,1.49011611938477e-08,1.49011611938477e-08,1.95027357899486,0.866860832804181,1.49011611938477e-08,3.71103903809537,11,35
1.129,1000,35,608.984546634046,-4659.49477814205,608.984546634046,13859.2268037369,14147.8311012605,13837.8484587693,62.6122880310093,59.9605496269768,49.5850551108977,-634.033020585521,-269.503713478155,1.49011611938477e-08,1.49011611938477e-08,1.93294354581628,1.17229232959197,0.286818866692926,3.9506430414578,11,35
1.13,1000,35,541.765493110307,360.377009953212,541.765493110307,14078.2805554884,13749.8652051766,13960.7558488798,61.5845378501169,57.3457449911481,49.5553252144272,-471.687674440249,-184.576681210149,1.49011611938477e-08,1.49011611938477e-08,1.83621132862206,1.40948338177897,1.06289802933341,2.69575032205562,11,35
1.131,1000,35,617.085427206985,521.012407713674,617.085427206985,13854.3075563978,13534.3572445538,14378.6272542598,60.9520370014279,52.8391207471981,49.7355050788142,-374.154524651482,-32.1910150842169,1.49011611938477e-08,1.49011611938477e-08,1.82495887419685,1.5992804572066,1.64727120192863,1.65567511053701,11,35
1.132,1000,35,600.837652950549,517.590748522829,600.837652950549,13412.6397119368,13795.6360771148,14538.181161742,60.1111489304551,47.5781980887554,48.612178739547,-334.586870089174,89.8397639862917,1.49011611938477e-08,1.49011611938477e-08,1.90500656378892,1.79970923776231,1.83069173140266,1.2748435478945,11,35
1.133,1000,35,565.899831585537,189.122185116632,565.899831585537,13284.5659266904,14178.2005377236,14219.4427908343,59.8498395681593,43.6115777607918,46.8568809570585,-428.416358995877,137.259431550549,1.49011611938477e-08,1.49011611938477e-08,1.94783566278109,1.82225989224928,3.14079645697501,1.23599479499914,11,35
1.134,1000,35,513.800204661941,474.321824928977,513.800204661941,13644.1130625284,14187.1489524693,13806.0676241581,60.6845057609414,43.2800029640084,44.8809008016741,-654.513710003125,46.9685118531173,1.49011611938477e-08,1.49011611938477e-08,1.95305806092322,1.57511471603207,2.14117091786053,1.51430133414048,11,35
1.135,1000,35,458.434288166179,520.189150714212,458.434288166179,14045.3297814974,13792.4776311082,13843.7637571428,61.6310318117942,46.8343263051698,43.0579175932381,-842.26595572125,-214.161894649341,1.49011611938477e-08,1.49011611938477e-08,1.85886274359909,1.35409612824166,0.280814127802347,2.15932771563421,11,35
1.136,1000,35,431.302160214463,523.655211093315,431.302160214463,13998.1481710676,13473.5363810747,14286.9279936379,61.6025140284606,51.8749821827997,41.4430894920593,-848.096786454725,-472.901016181994,1.49011611938477e-08,1.49011611938477e-08,1.8012098232637,1.30902155806067,1.49011611938477e-08,2.3487786754693,11,35
1.137,1000,35,394.415262066709,525.588058525419,394.415262066709,13591.1856371978,13638.615130716,14575.1745378001,60.4179590170064,56.2526476482381,39.9035495656761,-739.123708300891,-592.165438195287,1.49011611938477e-08,1.49011611938477e-08,1.87516485417285,1.33879392648283,1.49011611938477e-08,2.11925933235235,11,35
1.138,1000,35,335.012847839596,527.520007266844,335.012847839596,13354.1248787545,14068.4825471913,14359.0887032446,59.0685772991177,59.0847283360885,39.3585630153785,-632.900548741702,-549.069328912384,1.49011611938477e-08,1.49011611938477e-08,1.93848354367246,1.27811365270265,1.49011611938477e-08,2.93283425648937,11,35
1.139,1000,35,246.958419206802,530.153764103064,246.958419206802,13615.7116271362,14219.7573290421,13911.9360467458,58.7613915927602,60.3066992749425,40.6710851577518,-564.44718338943,-407.91128658497,1.49011611938477e-08,1.49011611938477e-08,1.95222883048101,1.14005970688598,1.49011611938477e-08,11.9819462441934,11,35
1.14,1000,35,205.514745561425,531.416814050557,205.514745561425,14042.4266690392,13909.7042378899,13797.2514966877,59.2504823102384,60.1158595706268,43.6232462199532,-514.516989002871,-243.55732177493,1.49011611938477e-08,1.49011611938477e-08,1.87434782527253,1.12874220540555,0.462374598436538,4.77521034953898,11,35
1.141,1000,35,344.357283996076,527.286481162659,344.357283996076,14117.4016172867,13528.5190169774,14163.439605933,58.8563309718806,58.7217120072719,47.127517018625,-440.828055270088,-139.733069898339,1.49011611938477e-08,1.49011611938477e-08,1.78436209363652,1.37078624695338,1.18642647799089,2.71490446163955,11,35
1.142,1000,35,607.380706065049,-319.305366808066,607.380706065049,13782.688114969,13576.6039584328,14548.7254215849,55.4010152930581,56.3380651904709,49.5605007326688,-331.102165382393,-97.1772319572979,1.49011611938477e-08,1.49011611938477e-08,1.84150818679051,1.81796936498221,2.00521242167268,2.58068952234259,11,35
1.143,1000,35,620.134232935629,530.160640407825,620.134232935629,13485.1753803816,13987.7906458313,14496.8808264941,48.2558874407769,53.8463626641681,50.0227294205126,-276.123066435487,-73.5454290909712,1.49011611938477e-08,1.49011611938477e-08,1.92834881299317,2.15964157073713,2.93606325340361,2.83784770740551,11,35
1.144,1000,35,596.360822656233,515.438257592846,596.360822656233,13628.0567770788,14229.4352188464,14091.7130486055,39.7249574434771,52.4207702437022,49.0858577610156,-371.899988856538,-20.6894663827012,1.49011611938477e-08,1.49011611938477e-08,1.96093392433732,1.61595590389106,2.60346065731926,2.48217600082544,11,35
1.145,1000,35,505.001230450012,488.768698744153,505.001230450012,14028.8981914055,13995.800211895,13861.3502424777,36.5124280504796,52.8051467589262,48.3760692472489,-614.793414199691,30.6965288367704,1.49011611938477e-08,1.49011611938477e-08,1.91136405899888,0.582523630214421,1.14894538052228,1.5370939200163,11,35
1.146,1000,35,292.138378737944,528.779891625179,292.138378737944,14172.470859005,13563.867255204,14121.542203223,41.9554763031645,54.9046194528464,48.6685535531244,-838.950708637652,5.40322380479978,1.49011611938477e-08,1.49011611938477e-08,1.79958953512286,1.49011611938477e-08,0.202718421406249,1.36735978013938,11,35
1.147,1000,35,256.155457121443,529.901874881075,256.155457121443,13893.8666851388,13483.8282888716,14541.0024965417,50.0621152778226,57.5868700962821,48.9547710795992,-910.163907229149,-90.688137832157,1.49011611938477e-08,1.49011611938477e-08,1.8183307075717,0.146001151916315,1.49011611938477e-08,2.04565995072682,11,35
1.148,1000,35,460.338780350655,520.142892935157,460.338780350655,13473.3867855018,13860.9250939938,14528.3502090384,57.0649003445967,59.7032475184064,49.5309640159006,-861.676481305424,-174.480089015958,1.49011611938477e-08,1.49011611938477e-08,1.91080866696507,0.584075359618191,1.49011611938477e-08,3.0830602603804,11,35
1.149,1000,35,625.809196200439,-11522.0626325648,625.809196200439,13494.0564838672,14216.4045992028,14134.3205432074,61.1807723387913,60.7168508054175,50.0815677954789,-761.440177539413,-251.295033493438,1.49011611938477e-08,1.49011611938477e-08,1.95106959732143,0.922361215919899,1.49011611938477e-08,4.17101813279206,11,35
1.15,1000,35,605.624614110276,524.600186774713,605.624614110276,13882.7653404441,14128.731517325,13826.2912662222,61.7766047014389,60.092530558706,49.988748049058,-608.061151881755,-279.546299948019,1.49011611938477e-08,1.49011611938477e-08,1.92815894613251,1.21989250799322,0.295366338599693,4.24568511631759,11,35
1.151,1000,35,531.545549924074,417.660800149408,531.545549924074,14076.5827486349,13726.4053577648,13974.3595146304,60.8616247522315,57.4467075279464,49.9820704525345,-460.577507239248,-186.345807283849,1.49011611938477e-08,1.49011611938477e-08,1.83102789293827,1.43839869424599,1.08186248864827,2.69739024770667,11,35
1.152,1000,35,617.805568382383,528.950754396075,617.805568382383,13834.4263310844,13537.0254963691,14395.8977522379,60.3435563225887,52.9122110365154,49.940373036542,-363.95441215929,-20.6124496486051,1.49011611938477e-08,1.49011611938477e-08,1.82795099065798,1.61701483597603,1.65485544502775,1.62217693044214,11,35
1.153,1000,35,603.642134806855,-3553.3544448812,603.642134806855,13396.2690392081,13819.7792355068,14529.1083811279,59.6234048350497,47.7664953490243,48.6076973664828,-335.317009882777,99.7645134320759,1.49011611938477e-08,1.49011611938477e-08,1.90872250885094,1.80233159849035,1.84984795984282,1.24462142723574,11,35
1.154,1000,35,552.215048969945,302.333157613488,552.215048969945,13296.9071642674,14192.6645614749,14193.0078061949,59.5107850516329,44.0726937794186,46.6948864617097,-441.665731032242,140.677974509517,1.49011611938477e-08,1.49011611938477e-08,1.9490134821601,1.80107445028443,3.40975758243752,1.21686274858191,11,35
1.155,1000,35,498.229475928169,498.253647222961,498.229475928169,13669.6471899174,14171.6984219111,13793.5827315335,60.5322568257609,44.1725282619833,44.6297383148747,-676.8883432863,40.3699202291212,1.49011611938477e-08,1.49011611938477e-08,1.95100163700673,1.5333946014882,1.90951844550876,1.50735008755015,11,35
1.156,1000,35,453.714427773908,520.947350070747,453.714427773908,14051.8297501077,13765.5363882734,13861.3757729093,61.6636819035023,47.9865569967101,42.6989544076249,-858.314482414395,-207.966474334187,1.49011611938477e-08,1.49011611938477e-08,1.85310728490981,1.30106073255353,0.0884166521782018,2.13777126432657,11,35
1.157,1000,35,443.840576726734,522.455919098484,443.840576726734,13976.9077599283,13466.7190884283,14313.2891646333,61.7874155577302,53.0870634482459,40.9261874711976,-865.243252733506,-473.480719547684,1.49011611938477e-08,1.49011611938477e-08,1.80352398522766,1.24434436708314,1.49011611938477e-08,2.33187810366694,11,35
1.158,1000,35,419.801742983775,524.418617374335,419.801742983775,13565.548040224,13658.6378748681,14580.9694362038,60.7110793552726,57.4312793070788,39.1896290792996,-755.67719224039,-583.145236383398,1.49011611938477e-08,1.49011611938477e-08,1.88063417592831,1.25845778051389,1.49011611938477e-08,2.15605270529969,11,35
1.159,1000,35,364.761265180726,526.618483924903,364.761265180726,13354.2009044569,14086.6085191996,14342.960046475,59.4298529816224,60.2068942303525,38.5722415581166,-649.834921396245,-532.457917832129,1.49011611938477e-08,1.49011611938477e-08,1.94052053945882,1.1818560009705,1.49011611938477e-08,3.14991933201725,11,35
1.16,1000,35,269.630683453255,529.490744809716,269.630683453255,13637.2780848576,14211.095767047,13901.6622809722,59.1788329577159,61.3607877154473,40.0264506443711,-581.901069265621,-383.340173895807,1.49011611938477e-08,1.49011611938477e-08,1.95162958444508,1.04267840920002,1.49011611938477e-08,15.8832602974878,11,35
1.161,1000,35,235.280686886852,530.54450680806,235.280686886852,14054.1084525142,13882.5488305172,13816.0025946248,59.7274653460765,61.1020622630051,43.2678380064969,-535.510275840165,-221.482355621797,1.49011611938477e-08,1.49011611938477e-08,1.86872773550575,1.04626529154861,0.495703856096904,3.81425197997436,11,35
1.162,1000,35,389.014563814349,525.826087601804,389.014563814349,14101.7054728011,13514.74302454,14199.7122159835,59.3276133825377,59.6306782004634,46.9692587518424,-457.968407578435,-111.213762567888,1.49011611938477e-08,1.49011611938477e-08,1.78544871936856,1.29831909971231,1.22706300565046,2.34036395263269,11,35
1.163,1000,35,625.96642193191,533.339964965544,625.96642193191,13756.4116505925,13591.7926640182,14570.8951671622,55.7379950854317,57.1347266326301,49.3861124515196,-347.762719082564,-69.9024034953515,1.49011611938477e-08,1.49011611938477e-08,1.84834577730247,1.73243394869288,2.0622455567069,2.25003550968635,11,35
1.164,1000,35,619.382541094401,-8287.26015905261,619.382541094401,13476.5986304093,14009.5468188274,14491.6977875491,48.5483377249472,54.6345447845141,49.7745203016013,-299.379074845626,-43.9819171899781,1.49011611938477e-08,1.49011611938477e-08,1.93184534556338,2.0191917013429,2.99966345436416,2.41385199499061,11,35
1.165,1000,35,593.456759911737,506.978044485301,593.456759911737,13644.8476073362,14226.9711198183,14080.7685761874,40.3906476393164,53.2348689041583,48.8844583033973,-407.178031086499,11.320160450366,1.49011611938477e-08,1.49011611938477e-08,1.96148885460799,1.45018480503698,2.55440387385336,2.01805762729057,11,35
1.166,1000,35,493.971872654078,502.372776918048,493.971872654078,14044.5271245741,13970.3451768974,13874.9272705707,37.9034307383035,53.6629660364167,48.2982805013067,-641.575014341852,56.0458325268438,1.49011611938477e-08,1.49011611938477e-08,1.90590306116445,0.499935415519503,1.12409782109037,1.26192272621106,11,35
1.167,1000,35,287.199722515744,528.9486555396,287.199722515744,14165.3347891475,13544.7558656179,14158.4156703363,43.5147137949156,55.7272027380328,48.6441196751065,-870.254175624878,22.1835865179386,1.49011611938477e-08,1.49011611938477e-08,1.79761302725587,1.49011611938477e-08,0.200035513549534,1.22198012017943,11,35
1.168,1000,35,247.293869454312,530.196037128948,247.293869454312,13865.8997528408,13494.1606343656,14566.3993807493,51.3098367453193,58.316079525302,48.8220848559477,-926.694706123946,-77.9258412851516,1.49011611938477e-08,1.49011611938477e-08,1.82447862716523,0.0811673266666094,1.49011611938477e-08,1.89833292343712,11,35
1.169,1000,35,490.367536178183,506.899380411124,490.367536178183,13454.5490460751,13886.1168804456,14523.7064884047,58.1955764116774,60.3364162452725,49.4889232859036,-875.509744887788,-160.72454884912,1.49011611938477e-08,1.49011611938477e-08,1.91521048316475,0.560519123791714,1.49011611938477e-08,2.82189882539387,11,35
1.17,1000,35,626.364729802735,-11914.6339286567,626.364729802735,13503.8934347897,14223.2052641324,14117.8036666249,62.0564289259071,61.2366017328066,50.0233422195212,-771.932174405267,-237.193784081113,1.49011611938477e-08,1.49011611938477e-08,1.95227255417626,0.893752152342578,1.49011611938477e-08,3.74369167937618,11,35
1.171,1000,35,603.505730459561,-3550.64071036866,603.505730459561,13899.1755136941,14113.393635805,13831.2323172141,62.435295060707,60.4301420082865,49.9178761866051,-622.348527283288,-262.429803661372,1.49011611938477e-08,1.49011611938477e-08,1.92490227488227,1.18662011840305,0.406752928941501,3.73534793749914,11,35
1.172,1000,35,520.816756078038,454.754941720516,520.816756078038,14069.0839774368,13707.1020988801,14001.7438120509,61.3710402538608,57.5362300718055,49.9952235566873,-463.040624241749,-163.170190406777,1.49011611938477e-08,1.49011611938477e-08,1.82834060766664,1.40998478481976,1.15382847612281,2.42906815530801,11,35
1.173,1000,35,617.232772105334,528.679772786825,617.232772105334,13807.4668850513,13542.2856774177,14422.9850461445,60.6674665373812,52.8338943873876,50.0816045376093,-362.861646770098,-2.5985099772174,1.49011611938477e-08,1.49011611938477e-08,1.83238517797126,1.60678699707236,1.67062085399956,1.53019706402447,11,35
1.174,1000,35,597.54363696937,516.582570892686,597.54363696937,13374.3346890264,13844.8646912285,14528.2197851405,59.8074279818445,47.5718307921225,48.9141971912406,-336.764274153327,112.60437892681,1.49011611938477e-08,1.49011611938477e-08,1.9128278919639,1.79920787693339,1.81748493871911,1.20811983058761,11,35
1.175,1000,35,560.594822474533,235.612817516362,560.594822474533,13304.3554023594,14204.6625149606,14169.8317557603,59.6606903833212,43.9197817437569,47.1383379030272,-453.027513269179,146.847545693687,1.49011611938477e-08,1.49011611938477e-08,1.95043084941142,1.78720322114548,3.51565970721614,1.20824867698567,11,35
1.176,1000,35,503.88056607979,490.79421846987,503.88056607979,13698.0848797554,14158.0127053397,13784.4374012927,60.6219225889592,44.097330637079,45.1369037290495,-678.687876696549,42.4307971849901,1.49011611938477e-08,1.49011611938477e-08,1.94864232305308,1.52218651698179,1.8204706754673,1.52846904563729,11,35
1.177,1000,35,457.716843766203,520.331591818284,457.716843766203,14066.3529241331,13742.2432192101,13884.1253210059,61.5489431975147,47.9687362952148,43.2440374646229,-858.049406935928,-230.377450879752,1.49011611938477e-08,1.49011611938477e-08,1.84608538331257,1.31804219065698,1.49011611938477e-08,2.19383190711251,11,35
1.178,1000,35,429.957044023742,523.758170887798,429.957044023742,13962.4979667552,13466.0017051382,14340.2839668147,61.4151322462502,53.0116474098164,41.4577670204588,-847.681995705593,-494.424060431047,1.49011611938477e-08,1.49011611938477e-08,1.80510554336776,1.28649391392155,1.49011611938477e-08,2.30643691072168,11,35
1.179,1000,35,392.055347836854,525.676738525342,392.055347836854,13545.3250970029,13683.6086119932,14579.0165387402,60.1364007020081,57.2548278903034,39.7752955475448,-732.864475735067,-592.481296382763,1.49011611938477e-08,1.49011611938477e-08,1.88535362158144,1.31040609730587,1.49011611938477e-08,2.12671143845506,11,35
1.18,1000,35,328.413587614288,527.719225620528,328.413587614288,13359.4413742478,14107.8474605856,14312.364052138,58.8454355005848,59.925150232741,39.3067907756383,-629.785373046606,-533.176612787263,1.49011611938477e-08,1.49011611938477e-08,1.94206162828469,1.23213987019428,1.49011611938477e-08,3.1771268833311,11,35
1.181,1000,35,239.564626050833,530.374061343941,239.564626050833,13666.1477286244,14205.2236786869,13876.7240801481,58.6413900474719,61.0057256474864,40.7934452838033,-566.502299809834,-390.82265810388,1.49011611938477e-08,1.49011611938477e-08,1.94990325800703,1.09415360018587,1.49011611938477e-08,16.6655041340584,11,35
1.182,1000,35,211.705047615808,531.231309417142,211.705047615808,14075.0041589723,13859.8833905129,13821.944583512,59.1331134941786,60.7026980325393,43.9207006122791,-514.856647588209,-225.048031068902,1.49011611938477e-08,1.49011611938477e-08,1.86045257075579,1.10794905626651,0.543842991015292,4.04167794118248,11,35
1.183,1000,35,375.822721784775,526.294326682297,375.822721784775,14095.4251365805,13507.5044913031,14220.2120698077,58.522344526843,59.2112640508684,47.4755223179387,-432.567210606762,-120.98592485794,1.49011611938477e-08,1.49011611938477e-08,1.7841844490949,1.37617398794529,1.27675947454025,2.51324508131966,11,35
1.184,1000,35,629.163139963388,-13901.7050731963,629.163139963388,13736.6409225775,13613.1525605519,14571.3658388786,54.6828282500925,56.7594337146081,49.7891447339046,-324.107030182929,-82.6885860705155,1.49011611938477e-08,1.49011611938477e-08,1.85341222186904,1.82683669206412,2.12160316855906,2.44964565724456,11,35
1.185,1000,35,618.655804541828,-7980.78937400616,618.655804541828,13476.4740104115,14033.8779811904,14463.7785922185,47.2391586307208,54.322030679191,50.1288383760981,-285.276984747153,-56.710226860086,1.49011611938477e-08,1.49011611938477e-08,1.93460683848194,2.10264540860506,3.07432301327115,2.64823438606003,11,35
1.186,1000,35,589.455164629426,-1464.10471843653,589.455164629426,13668.9375169019,14227.3280344665,14048.3825979327,39.043423132713,53.0804524248543,49.2347935585544,-395.642746168459,-4.5368099866695,1.49011611938477e-08,1.49011611938477e-08,1.96135699790292,1.45072462511355,2.45040522709698,2.200114063628,11,35
1.187,1000,35,483.214553449207,510.536252642769,483.214553449207,14065.4179529601,13947.4191507199,13868.3162817112,36.9947789936604,53.7056082815617,48.6951451122973,-646.096722366621,38.2176212529221,1.49011611938477e-08,1.49011611938477e-08,1.89853399988413,0.470544952684259,1.0330278352545,1.38611971611633,11,35
1.188,1000,35,272.717152471605,529.388002607335,272.717152471605,14159.4839872459,13529.1007298405,14173.7181594638,43.1684514880406,55.9840064360326,49.0385386532506,-868.457072056291,-3.70763538216612,1.49011611938477e-08,1.49011611938477e-08,1.79389096525349,1.49011611938477e-08,1.49011611938477e-08,1.37658304180614,11,35
1.189,1000,35,264.299999021749,529.687224720644,264.299999021749,13842.7334979999,13508.3679571478,14570.6894997468,51.1395967623998,58.687385491527,49.1216772552661,-913.866722974634,-106.056557681676,1.49011611938477e-08,1.49011611938477e-08,1.8288633424126,0.204666019110045,1.49011611938477e-08,2.15019155035702,11,35
1.19,1000,35,501.954009594556,496.218854143434,501.954009594556,13447.4665695335,13912.8063313761,14502.1606001439,57.9360729667733,60.726536830654,49.7036049133762,-858.019069315601,-187.274728484712,1.49011611938477e-08,1.49011611938477e-08,1.91836012852394,0.611501733213239,1.49011611938477e-08,3.19447170160377,11,35
1.191,1000,35,624.784114692656,-10965.5399246992,624.784114692656,13525.0807753067,14231.4426379243,14088.2581371139,61.5538631466956,61.581886252223,50.0918465988483,-756.393411827612,-256.717210786656,1.49011611938477e-08,1.49011611938477e-08,1.95271975344168,0.939439960931112,1.49011611938477e-08,4.19006338375972,11,35
1.192,1000,35,600.146584437111,-2929.70454292714,600.146584437111,13922.7464372888,14091.365742436,13821.7532505016,61.7928053080103,60.7150124495517,49.9344881553642,-598.326790496142,-273.492142554577,1.49011611938477e-08,1.49011611938477e-08,1.91913772932841,1.22632615642374,0.399282397652465,3.9863243768076,11,35
1.193,1000,35,510.817625422681,478.486228265673,510.817625422681,14065.394184789,13684.6168967168,14015.8959472948,60.8517109700948,57.7905698632435,50.061871771883,-447.068553624644,-159.311019276078,1.49011611938477e-08,1.49011611938477e-08,1.82374790992202,1.43505945444104,1.16317845928377,2.42628486606449,11,35
1.194,1000,35,618.573022080395,-7928.31981844794,618.573022080395,13780.7801345297,13546.8229037027,14433.0340476335,60.3384027969929,53.0915031216908,50.036124107898,-357.365658963414,6.19927905170793,1.49011611938477e-08,1.49011611938477e-08,1.83606852719933,1.61745134361166,1.67468228509698,1.49097149888466,11,35
1.195,1000,35,602.147489098666,-3315.76037674035,602.147489098666,13355.248748052,13867.9585562242,14511.0914925232,59.6185328068209,47.9854893589569,48.7597681006276,-343.430316404547,117.021486038093,1.49011611938477e-08,1.49011611938477e-08,1.91625586998947,1.79310524592583,1.86407612782558,1.17498567894604,11,35
1.196,1000,35,548.639226209835,329.883015337604,548.639226209835,13315.0984542635,14214.093621572,14137.6715485482,59.5481509252425,44.6395501455467,46.9320374018641,-460.698085684934,141.660480848284,1.49011611938477e-08,1.49011611938477e-08,1.95164683294987,1.76588233170598,3.87816737610119,1.19540307808293,11,35
1.197,1000,35,490.042369636406,506.081191145172,490.042369636406,13718.7176509394,14137.1786607545,13769.795395523,60.5474669297724,45.2524506499318,45.0015795610515,-700.686449198646,20.0590549558797,1.49011611938477e-08,1.49011611938477e-08,1.94595890668851,1.4985212429253,1.61880237473696,1.54451785814546,11,35
1.198,1000,35,446.700353302287,522.11348077541,446.700353302287,14066.0593053474,13713.7435600452,13899.2169446315,61.4958836579629,49.3172381184059,43.2592715772802,-872.493865931519,-258.464425256341,1.49011611938477e-08,1.49011611938477e-08,1.84087099288656,1.29778983524589,1.49011611938477e-08,2.18524973657915,11,35
1.199,1000,35,424.786174314128,524.120495126131,424.786174314128,13935.0103250518,13460.3457049706,14359.9723862996,61.4108978450208,54.3515786292761,41.6264055881936,-855.1002476379,-513.507139147191,1.49011611938477e-08,1.49011611938477e-08,1.80826099349094,1.26565268298378,1.49011611938477e-08,2.22195966013627,11,35
1.2,1000,35,390.752974417997,525.724926754509,390.752974417997,13516.6040309323,13702.902609305,14574.0801016939,60.2037844956001,58.5179862116359,40.0334525481701,-740.184896376658,-600.330448214617,1.49011611938477e-08,1.49011611938477e-08,1.89049429010002,1.28457540573307,1.49011611938477e-08,2.08116771184209,11,35
1.201,1000,35,331.883885967765,527.613912453423,331.883885967765,13358.0584873245,14121.6833872434,14285.5929294603,58.9931352466799,61.1057393592659,39.608018225789,-642.632248112649,-539.680303272608,1.49011611938477e-08,1.49011611938477e-08,1.94369895042976,1.2023332752471,1.49011611938477e-08,3.22177600580598,11,35
1.202,1000,35,242.076277607771,530.314517062477,242.076277607771,13685.1088691589,14192.4681425179,13858.1502593861,58.8484725858308,62.103222783981,41.1569319920603,-574.287578779466,-387.404866027309,1.49011611938477e-08,1.49011611938477e-08,1.9483067250635,1.07285808384852,1.49011611938477e-08,17.0194304367242,11,35
1.203,1000,35,229.760010490197,530.709390927834,229.760010490197,14082.4320617815,13832.7720123799,13833.1165108138,59.3006165944041,61.7199457460711,44.3649331877006,-517.857952193603,-220.884967177528,1.49011611938477e-08,1.49011611938477e-08,1.85418215658009,1.10280882818459,0.574173180868557,3.78278753759897,11,35
1.204,1000,35,408.677068508994,525.0684812798,408.677068508994,14075.8964057558,13497.7493847354,14245.6896522101,58.4779770287979,60.119285569469,47.8803855457186,-428.932390654688,-118.793116983714,1.49011611938477e-08,1.49011611938477e-08,1.78566321572896,1.38284461102642,1.32096402353686,2.42118269743714,11,35
1.205,1000,35,626.21441010056,533.667561950899,626.21441010056,13709.3542097196,13631.071760341,14579.2906236079,54.2443875198036,57.526486551289,50.037939400796,-318.983144840541,-79.8967317011665,1.49011611938477e-08,1.49011611938477e-08,1.85972245239987,1.82954043899071,2.18426643234482,2.36853798083413,11,35
1.206,1000,35,617.050304379286,528.693898900624,617.050304379286,13469.8157929551,14054.4842952285,14445.4794438548,46.4998295332827,55.0758119313854,50.2528550701166,-286.984178979782,-52.399665102819,1.49011611938477e-08,1.49011611938477e-08,1.93752723289351,2.05941428891883,3.15760720911041,2.50734688555181,11,35
1.207,1000,35,586.728068968317,458.904783668636,586.728068968317,13686.0252163601,14222.03862623,14026.8085205553,38.4827021386627,53.8719871875038,49.4008264489871,-412.982007016499,4.38781662402105,1.49011611938477e-08,1.49011611938477e-08,1.96117562196163,1.35452624609257,2.39764963510081,2.0037846597294,11,35
1.208,1000,35,469.332091123337,517.049736758172,469.332091123337,14077.9876671589,13921.1721469985,13873.4585845106,37.1504649617165,54.5738656113439,48.9733826359739,-670.16365714481,41.767602771887,1.49011611938477e-08,1.49011611938477e-08,1.89197226454255,0.397214766375902,0.991150370948852,1.2755482906765,11,35
1.209,1000,35,267.235127605324,529.54543706092,267.235127605324,14149.1492358275,13513.2467697317,14199.5984286589,43.7138740151797,56.8548279541433,49.3519222308155,-883.832673810639,-8.87511702463599,1.49011611938477e-08,1.49011611938477e-08,1.79212202423577,1.49011611938477e-08,1.49011611938477e-08,1.37026975614371,11,35
1.21,1000,35,273.255425221421,529.419218795772,273.255425221421,13814.461676762,13522.3578384733,14582.1794731542,51.605094089353,59.5153594713013,49.3095867947295,-916.572059643996,-114.109572370174,1.49011611938477e-08,1.49011611938477e-08,1.83461868112702,0.21290115488479,1.49011611938477e-08,2.19688746627255,11,35
1.211,1000,35,521.881227679058,455.736171203612,521.881227679058,13436.5905272517,13937.9014067624,14486.8390650139,58.3115380951861,61.4919943932629,49.8312420482427,-859.636265733609,-191.721745868622,1.49011611938477e-08,1.49011611938477e-08,1.92183707401907,0.619857702561241,1.49011611938477e-08,3.27877264541876,11,35
1.212,1000,35,623.58000406807,-10601.0191753381,623.58000406807,13542.6901050319,14236.2516660333,14066.1161316535,61.7424165865764,62.2548399175659,50.122300942427,-749.244027930221,-262.368172038796,1.49011611938477e-08,1.49011611938477e-08,1.95341911050097,0.943184460309725,1.49011611938477e-08,4.25223373006654,11,35
1.213,1000,35,597.843747944886,-2537.71285666827,597.843747944886,13941.79685901,14074.5798214895,13824.16130821,61.8876813426014,61.2149660814636,49.8829037445319,-587.207731378133,-267.7727088473,1.49011611938477e-08,1.49011611938477e-08,1.91486612192078,1.22403480207991,0.460019654590438,3.87545794296753,11,35
1.214,1000,35,505.180240496006,491.145390025313,505.180240496006,14057.4861356057,13667.0823984086,14038.6523766044,60.9651058582626,58.0696829883916,49.9947270350889,-437.518196303722,-142.13630140177,1.49011611938477e-08,1.49011611938477e-08,1.82118812336575,1.43090695558377,1.21423199472821,2.30253205321078,11,35
1.215,1000,35,618.400922262448,-7856.83668918853,618.400922262448,13755.6122057534,13555.7950939976,14451.5353177978,60.4160188804001,53.2550636692156,49.9223890915159,-353.231250290079,15.0489972491998,1.49011611938477e-08,1.49011611938477e-08,1.84037223619501,1.62121879399923,1.67690584582211,1.4361058855901,11,35
1.216,1000,35,599.34932038191,519.675240806361,599.34932038191,13340.3199575954,13893.4761770316,14502.1092346738,59.6762264571184,48.1155467207559,48.6288546364727,-340.365556647847,125.037162175361,1.49011611938477e-08,1.49011611938477e-08,1.91954978268336,1.79577005922128,1.84793268052269,1.14777424046042,11,35
1.217,1000,35,556.395622169886,270.312361058796,556.395622169886,13331.0745050244,14224.3302722284,14112.7632517119,59.6342786139293,44.8970389918389,46.8117084495835,-470.856656093258,145.687138728033,1.49011611938477e-08,1.49011611938477e-08,1.95281405826972,1.75352351457346,4.10753223077191,1.18919939917121,11,35
1.218,1000,35,497.061632025681,499.463474519947,497.061632025681,13751.2216022738,14122.324335059,13764.5052908595,60.5936770530343,45.5812622257646,44.9087660124393,-712.291022298049,10.971443763339,1.49011611938477e-08,1.49011611938477e-08,1.94248048982658,1.48530750780373,1.52457110022506,1.56468810626047,11,35
1.219,1000,35,449.330993900544,521.744999112872,449.330993900544,14078.2301914696,13691.5436713663,13924.7997927288,61.4096764216478,49.6822814249671,43.2661183339099,-870.841115377153,-276.934269148569,1.49011611938477e-08,1.49011611938477e-08,1.83444773385513,1.30101165808421,1.49011611938477e-08,2.22837359063837,11,35
1.22,1000,35,412.491133663354,524.814758196733,412.491133663354,13917.905814284,13462.5853635683,14385.3165285906,61.2175780898164,54.638319517645,41.7296585507443,-842.464048229418,-525.466405369515,1.49011611938477e-08,1.49011611938477e-08,1.81083876735116,1.27938353095757,1.49011611938477e-08,2.21444739743362,11,35
1.221,1000,35,369.494407857195,526.4525261952,369.494407857195,13497.5411279005,13728.5768924339,14569.3519119812,59.9952309099675,58.6893502066967,40.3056269048553,-732.685235840042,-600.769633163641,1.49011611938477e-08,1.49011611938477e-08,1.89491745198118,1.29825764293648,1.49011611938477e-08,2.10846986813493,11,35
1.222,1000,35,301.029861262212,528.542970789652,301.029861262212,13367.0126317853,14140.0862949839,14256.6567477602,58.9011428282751,61.1622741731581,40.0943694550465,-632.299110849851,-533.251531723772,1.49011611938477e-08,1.49011611938477e-08,1.94501711089791,1.21590533509926,1.49011611938477e-08,3.38188539141093,11,35
1.223,1000,35,217.585140523858,531.047427421677,217.585140523858,13714.6071190729,14182.9253125473,13839.1187678106,58.8274425118425,62.0686159214152,41.7308050121455,-564.17296728283,-380.828138218341,1.49011611938477e-08,1.49011611938477e-08,1.94579509535479,1.0990446804778,1.49011611938477e-08,18.024303512601,11,35
1.224,1000,35,207.015101809454,531.382717736495,207.015101809454,14099.6897947136,13808.9686348731,13845.3273297766,59.1730318685869,61.6045170226311,44.8573130106969,-502.434721524621,-221.243829871804,1.49011611938477e-08,1.49011611938477e-08,1.84612608062877,1.15079517476568,0.616240418688918,3.8597231931519,11,35
1.225,1000,35,392.979904557996,525.696552783228,392.979904557996,14065.6547683789,13492.384883986,14268.2259540214,58.0643598091576,59.9369605519251,48.2540984304101,-407.343091491491,-125.669417456388,1.49011611938477e-08,1.49011611938477e-08,1.78572894850081,1.45268152850166,1.36997210837403,2.54004020942233,11,35
1.226,1000,35,626.891974909671,-12175.7895003926,626.891974909671,13688.3179811096,13652.8966238378,14577.9240817193,53.561795488065,57.3440669342662,50.3584452371144,-303.918830057939,-90.4539898344888,1.49011611938477e-08,1.49011611938477e-08,1.86501083412985,1.9140362277364,2.24113088053709,2.51920649504233,11,35
1.227,1000,35,616.711571854241,528.549592167597,616.711571854241,13470.1803439197,14075.8886688127,14416.4402641889,45.5824435266519,54.9172655773594,50.5677386077461,-277.228737799746,-61.6789157095854,1.49011611938477e-08,1.49011611938477e-08,1.94003503496019,2.12651102244735,3.22900851081891,2.68040032308768,11,35
1.228,1000,35,582.721342555758,-623.960707049026,582.721342555758,13708.9073802324,14218.3199067604,13997.9270512932,37.5812847721642,53.835348146223,49.7346594926133,-415.368689612511,-5.70325898733035,1.49011611938477e-08,1.49011611938477e-08,1.96054499407501,1.3484129222598,2.3012588331683,2.12714695762848,11,35
1.229,1000,35,456.15257947175,520.394219928006,456.15257947175,14094.0804341324,13896.8731865941,13871.7722002574,36.6840528952556,54.6888066476788,49.3569196062225,-676.552507792442,25.0374051847293,1.49011611938477e-08,1.49011611938477e-08,1.8844970732615,0.3821510738302,0.916411523158073,1.37782677445632,11,35
1.23,1000,35,257.776397379836,529.856851760274,257.776397379836,14137.9874070098,13500.1134986066,14217.2084650122,43.6568460919569,57.1400284919472,49.7145602159037,-881.911848755629,-33.7501267463994,1.49011611938477e-08,1.49011611938477e-08,1.78989463705166,1.49011611938477e-08,1.49011611938477e-08,1.52007010445162,11,35
1.231,1000,35,281.839398887366,529.162348774085,281.839398887366,13787.6209322639,13539.0564546557,14583.7326977282,51.6175642750822,59.8738875231805,49.5775148541774,-906.480239672055,-135.306571127933,1.49011611938477e-08,1.49011611938477e-08,1.83969320335327,0.294909449389349,1.49011611938477e-08,2.45960968182745,11,35
1.232,1000,35,541.801796116242,377.786743942086,541.801796116242,13429.53932691,13963.4476606515,14462.9756361003,58.1762794755788,61.8441583837906,50.0157505489876,-843.29266780851,-216.046674600719,1.49011611938477e-08,1.49011611938477e-08,1.92475070579443,0.670180761977414,1.49011611938477e-08,3.67023749687514,11,35
1.233,1000,35,622.981450915355,531.75789757292,622.981450915355,13563.3323691004,14240.676020208,14037.2341927907,61.3765296056702,62.5508941873508,50.1862078810911,-728.086153691409,-282.281323974585,1.49011611938477e-08,1.49011611938477e-08,1.95352555846422,0.989314992383105,1.49011611938477e-08,4.68895122703114,11,35
1.234,1000,35,594.10989468327,509.712289617138,594.10989468327,13961.4688402099,14050.9614881946,13817.7222209425,61.3965149623695,61.4542105914462,49.929022556202,-564.177875136812,-276.757703300124,1.49011611938477e-08,1.49011611938477e-08,1.90850004654176,1.26604117644237,0.476054391800071,4.06891865122668,11,35
1.235,1000,35,525.97512920037,443.617949430055,525.97512920037,14049.0556110412,13647.4148158087,14053.8199515981,60.5860051794991,58.2865020834918,50.1160922847379,-427.300940315239,-147.979984422689,1.49011611938477e-08,1.49011611938477e-08,1.81773753496212,1.46088952917408,1.23450344772618,2.29028549433099,11,35
1.236,1000,35,615.009951955695,-6659.67966829715,615.009951955695,13731.4894119592,13564.2205162927,14463.13937277,60.057128860699,53.4645096451931,49.758387252062,-342.369303351556,19.305907412537,1.49011611938477e-08,1.49011611938477e-08,1.84430912436829,1.64813459796594,1.67767242466397,1.41924399189149,11,35
1.237,1000,35,595.405425017219,-2200.58997075454,595.405425017219,13328.3589994071,13917.9059495615,14487.644278166,59.3832242573012,48.4491505485863,48.2663044265951,-339.019327980858,126.261641778307,1.49011611938477e-08,1.49011611938477e-08,1.92243493799003,1.81291351114523,1.88565567380759,1.13764092208985,11,35
1.238,1000,35,543.903459295744,356.862680441208,543.903459295744,13348.4756041834,14230.7163539015,14085.8790091241,59.4740745503244,45.4970123654041,46.3324909890025,-480.964905933544,140.690254022015,1.49011611938477e-08,1.49011611938477e-08,1.95377408064755,1.7477404549074,4.45849523586731,1.18939258220916,11,35
1.239,1000,35,486.473532186673,509.233120941833,486.473532186673,13774.7905063069,14099.8301812933,13758.5712556563,60.6142742801406,46.5544084321607,44.3729910662555,-729.115355848614,-2.24490291761928,1.49011611938477e-08,1.49011611938477e-08,1.93854485678888,1.457365878577,1.38019570445069,1.57463578079164,11,35
1.24,1000,35,448.792953453421,521.831858632373,448.792953453421,14078.4130191048,13665.8421675199,13947.245374863,61.5991447499971,50.7745163436932,42.6321450635672,-884.28533805966,-287.540779742111,1.49011611938477e-08,1.49011611938477e-08,1.82944680157866,1.25982344811872,1.49011611938477e-08,2.21539917749814,11,35
1.241,1000,35,428.918999373591,523.835785749208,428.918999373591,13893.9348522174,13462.6551094838,14409.0625009297,61.5434830039384,55.705486530207,40.9687306967418,-857.153904396099,-516.284001016557,1.49011611938477e-08,1.49011611938477e-08,1.81441494417503,1.22653778725013,1.49011611938477e-08,2.21058315790829,11,35
1.242,1000,35,394.787375516174,525.572908735052,394.787375516174,13477.399029683,13751.2065217702,14569.2219301636,60.4051861322184,59.6791566622564,39.4199783361916,-742.701170671759,-589.667794280599,1.49011611938477e-08,1.49011611938477e-08,1.89952657976362,1.23084210563473,1.49011611938477e-08,2.16386010063026,11,35
1.243,1000,35,331.887333886907,527.612769375232,331.887333886907,13375.1688918394,14153.4772248966,14239.2433420759,59.362737622494,62.0637676814336,39.1769550285297,-643.060924549715,-514.428542358292,1.49011611938477e-08,1.49011611938477e-08,1.94654144089164,1.13459807434837,1.49011611938477e-08,3.72196439312477,11,35
1.244,1000,35,240.613349464631,530.355273690991,240.613349464631,13737.7323919578,14168.6188617733,13834.675177567,59.3556214776667,62.8769760392671,41.0085061716162,-576.392166594489,-354.228836528834,1.49011611938477e-08,1.49011611938477e-08,1.94377208717338,1.01996891204172,1.49011611938477e-08,14.3268388200837,11,35
1.245,1000,35,239.056183364401,530.41690336316,239.056183364401,14106.5504731069,13782.8067037939,13870.5140206841,59.7681800673409,62.3261386300599,44.4765510576141,-516.097773915714,-190.155244573732,1.49011611938477e-08,1.49011611938477e-08,1.84076586349436,1.0857613454229,0.650429563058158,3.17608525072657,11,35
1.246,1000,35,442.011761588876,522.801749528402,442.011761588876,14045.9361349072,13487.1747678513,14304.0206443535,58.6447456266022,60.5449128884089,48.0666199160388,-426.047767458907,-98.8085648833273,1.49011611938477e-08,1.49011611938477e-08,1.78888873574152,1.39466282956531,1.4152397442745,2.20287086090103,11,35
1.247,1000,35,627.090556208989,534.45033375739,627.090556208989,13664.7510886638,13674.212352423,14594.915055788,53.9916309877469,57.8287229084844,50.1270418818252,-317.603483290909,-61.4065957063623,1.49011611938477e-08,1.49011611938477e-08,1.87144638732939,1.84049369691484,2.29804173131096,2.19885851617085,11,35
1.248,1000,35,615.6286629274,-6810.73335116287,615.6286629274,13470.1282772055,14095.8592110569,14409.2123888255,45.982097297049,55.3824152481883,50.2541518446388,-298.639503556414,-29.9065188761785,1.49011611938477e-08,1.49011611938477e-08,1.94268712145145,1.99394446988713,3.29086380539809,2.27132429169539,11,35
1.249,1000,35,581.954505970108,-561.139938719815,581.954505970108,13730.4221467139,14211.0032243246,13991.5021667965,38.4525127441386,54.305315630108,49.4801347375152,-448.12980172501,27.0099087115385,1.49011611938477e-08,1.49011611938477e-08,1.95996523154848,1.22028718306266,2.26208891157147,1.73777044956745,11,35
1.25,1000,35,450.931987028745,521.336906379492,450.931987028745,14107.0908388804,13870.5969774894,13893.8942942108,38.1106302068574,55.1634603237814,49.1903023142375,-711.942953218763,51.2916646502975,1.49011611938477e-08,1.49011611938477e-08,1.87826188427403,0.303652570789584,0.899079532308539,1.15490245231226,11,35
1.251,1000,35,254.371343381751,529.929892498943,254.371343381751,14126.7770464908,13487.8621856502,14255.7807075043,45.0419906419862,57.5407519965456,49.5590183162238,-900.42827926945,-10.398711732248,1.49011611938477e-08,1.49011611938477e-08,1.78994967349194,1.49011611938477e-08,1.49011611938477e-08,1.37655642529982,11,35
1.252,1000,35,303.164903747519,528.519140386846,303.164903747519,13755.5743799577,13556.6509568702,14598.6600412699,52.6982092883647,60.1636009802759,49.3746512469874,-919.428046847443,-117.457720429423,1.49011611938477e-08,1.49011611938477e-08,1.84653651643915,0.259311197972774,1.49011611938477e-08,2.24557724906628,11,35
1.253,1000,35,560.506075246062,247.186156473652,560.506075246062,13418.6781601337,13988.317327753,14453.1588403927,59.0326697943855,62.0257269381317,49.896282597841,-854.487741294168,-196.504839432463,1.49011611938477e-08,1.49011611938477e-08,1.92811825115939,0.64213834298625,1.49011611938477e-08,3.27096973493764,11,35
1.254,1000,35,621.156887940649,-9080.77711423506,621.156887940649,13579.5880337178,14243.0637804165,14024.6618517398,61.917137634874,62.6017999376498,50.0690944619984,-737.845830507812,-260.808057994621,1.49011611938477e-08,1.49011611938477e-08,1.954055169164,0.952702889862471,1.49011611938477e-08,4.06277360735826,11,35
1.255,1000,35,591.538836982652,499.292025458326,591.538836982652,13974.8903905536,14031.7816652432,13830.7725466226,61.7218342298101,61.304223885038,49.8268319285059,-572.349916273727,-248.765868014613,1.49011611938477e-08,1.49011611938477e-08,1.90439523827349,1.22057767019296,0.560630586618023,3.47239449854129,11,35
1.256,1000,35,526.794431317478,440.876935542137,526.794431317478,14035.6100590436,13631.1415782071,14085.1045169327,60.8156238291106,57.9124631331184,50.1671963789634,-435.931363968222,-118.018269643991,1.49011611938477e-08,1.49011611938477e-08,1.81679214589861,1.41776804814183,1.29595398675071,2.04101319449075,11,35
1.257,1000,35,617.158981539002,528.724351144134,617.158981539002,13702.3005406175,13575.9767532913,14484.334753263,60.1314444457131,52.9649742274918,50.0141290397248,-349.594976983088,42.1149877888307,1.49011611938477e-08,1.49011611938477e-08,1.84974604292863,1.61735111305144,1.68143130799523,1.32175313045965,11,35
1.258,1000,35,598.51460879989,518.667450479601,598.51460879989,13312.0388403063,13941.9985943596,14478.7880774919,59.3554976291186,47.9022036596269,48.7383905364146,-350.931580660492,142.434313527163,1.49011611938477e-08,1.49011611938477e-08,1.92573022684193,1.78038639234025,1.88337735184303,1.09120484900752,11,35
1.259,1000,35,547.671090055788,333.313881859484,547.671090055788,13362.9937614238,14238.3607080559,14063.409503986,59.4202227875122,45.0712303563798,46.9640442473741,-502.804078849615,147.482750469107,1.49011611938477e-08,1.49011611938477e-08,1.95504521574291,1.70400040246093,4.71688458944425,1.17207994563867,11,35
1.26,1000,35,485.408430515179,509.480042641739,485.408430515179,13801.9859335035,14082.2720621333,13757.0335638774,60.4684236892755,46.2481142514649,45.0884758568757,-749.069165285213,-11.6433934797604,1.49011611938477e-08,1.49011611938477e-08,1.93463881497581,1.42995969367652,1.28404271072741,1.58835316821688,11,35
1.261,1000,35,438.816378319626,522.92561813789,438.816378319626,14084.5816707364,13645.0158072912,13974.2894473779,61.2353982798001,50.6015807323254,43.3996376305976,-884.113584434085,-294.422542195189,1.49011611938477e-08,1.49011611938477e-08,1.8242783616432,1.26600151911963,1.49011611938477e-08,2.24778535324511,11,35
1.262,1000,35,409.292177637933,524.936224649673,409.292177637933,13873.7723103805,13468.3525974821,14432.0273329051,60.9227831950348,55.5297238265218,41.7064756409897,-843.951684980696,-534.206263511809,1.49011611938477e-08,1.49011611938477e-08,1.8180032888365,1.25665864402742,1.49011611938477e-08,2.17779387357556,11,35
1.263,1000,35,366.650789820661,526.555332932351,366.650789820661,13459.2671157175,13777.5099740933,14559.4114694811,59.6079674938091,59.4392098988961,40.1987045150027,-725.99901896574,-596.261202660944,1.49011611938477e-08,1.49011611938477e-08,1.90374071031022,1.26739782550814,1.49011611938477e-08,2.1534230893689,11,35
1.264,1000,35,298.818207571864,528.627007782371,298.818207571864,13386.130181158,14168.6905779451,14206.7595606248,58.5754101261568,61.7477618947657,40.0889039245037,-628.966044182843,-513.772830544542,1.49011611938477e-08,1.49011611938477e-08,1.94768240710709,1.17049058353123,1.49011611938477e-08,3.78928093301829,11,35
1.265,1000,35,214.654107228789,531.133725064076,214.654107228789,13766.6533315543,14155.7542812667,13815.5949508479,58.5904240134936,62.5126178190831,41.9060335180427,-563.200800763569,-353.31894800665,1.49011611938477e-08,1.49011611938477e-08,1.94041529298568,1.05935941253665,1.49011611938477e-08,14.8424988514075,11,35
1.266,1000,35,223.711131052495,530.890577600758,223.711131052495,14120.1718606384,13759.1336309145,13882.3455762152,58.9005225743082,61.9348353168303,45.1909134843822,-503.073909991795,-202.692190158894,1.49011611938477e-08,1.49011611938477e-08,1.83313261851721,1.13558816395662,0.697543622413747,3.35552237281522,11,35
1.267,1000,35,425.385954556262,524.181783511029,425.385954556262,14032.8802968059,13484.6021586055,14322.2841088554,57.5302951291321,60.1529783082445,48.5900424514605,-405.595322062466,-110.937501763055,1.49011611938477e-08,1.49011611938477e-08,1.79000927779696,1.45732289351977,1.46476345555067,2.3645268895997,11,35
1.268,1000,35,627.557977674997,-12673.6278963208,627.557977674997,13645.6004226429,13696.9880422446,14587.7149586102,52.6316060256292,57.5107504930849,50.5561848771985,-301.410302112167,-76.0287942405803,1.49011611938477e-08,1.49011611938477e-08,1.87654721611797,1.9071068491197,2.36153213910021,2.38357804947133,11,35
1.269,1000,35,614.855595123876,527.788554161114,614.855595123876,13473.9339448275,14114.3836018201,14375.4236695251,44.4617226632864,55.1835452083365,50.6584393797756,-293.833860624116,-44.6285864500996,1.49011611938477e-08,1.49011611938477e-08,1.94485406657204,2.02540549618191,3.3210905094036,2.46682586845352,11,35
1.27,1000,35,577.116145461977,-100.351354478936,577.116145461977,13754.597646694,14203.1593488963,13961.618200073,37.1010849244414,54.3015330082251,49.9102331141529,-454.74998399573,10.5910123360657,1.49011611938477e-08,1.49011611938477e-08,1.95852862100848,1.18453730649192,2.1113965891655,1.86802413042661,11,35
1.271,1000,35,433.278291428147,523.422920349316,433.278291428147,14121.1455922543,13845.4603628719,13892.5188272386,37.403506892957,55.3637562189509,49.6755797475845,-706.140897596532,28.7772974755171,1.49011611938477e-08,1.49011611938477e-08,1.87044651609037,0.269118720719423,0.813224725154504,1.27361777296811,11,35
1.272,1000,35,265.557600964593,529.624012961944,265.557600964593,14114.3697765566,13477.83873452,14271.2956086031,44.7825089291289,57.921749991728,50.0094941466892,-896.211883073031,-41.1541420158024,1.49011611938477e-08,1.49011611938477e-08,1.78863699072708,1.49011611938477e-08,1.49011611938477e-08,1.5596508204119,11,35
1.273,1000,35,311.234738342173,528.277363460779,311.234738342173,13729.2233609293,13575.666030252,14594.2967176328,52.5238566551739,60.6113276789999,49.7262145002759,-904.166395918133,-148.62814178999,1.49011611938477e-08,1.49011611938477e-08,1.85157026243387,0.338206422384995,1.49011611938477e-08,2.57546501688783,11,35
1.274,1000,35,579.758942021802,51.8302953892684,579.758942021802,13416.1201387368,14012.5071983499,14424.390902923,58.7415853590798,62.462653636458,50.1312993352738,-833.991106500775,-226.698905398402,1.49011611938477e-08,1.49011611938477e-08,1.93056188047349,0.6995035244702,1.49011611938477e-08,3.78141378781081,11,35
1.275,1000,35,620.823705751255,530.544480401426,620.823705751255,13603.4464078305,14243.9266016586,13994.5151784881,61.4742595996093,62.982939283806,50.1820564038799,-711.486480896895,-285.994814043133,1.49011611938477e-08,1.49011611938477e-08,1.95365494192794,1.00900951985034,1.49011611938477e-08,4.641093599491,11,35
1.276,1000,35,587.040128985625,-1130.58742007527,587.040128985625,13994.2549605841,14007.8345041432,13825.7183548613,61.2261759538602,61.6275827094656,49.9084603163318,-552.565810612967,-266.100688801337,1.49011611938477e-08,1.49011611938477e-08,1.89739832321649,1.2749355017945,0.574581714274766,3.74819516898268,11,35
1.277,1000,35,535.240716627429,407.674542431242,535.240716627429,14026.1514007711,13615.0131998889,14099.6441559712,60.4789832084628,58.1905757635886,50.250648508139,-415.430265738698,-118.480680289077,1.49011611938477e-08,1.49011611938477e-08,1.81415424764478,1.46172133216564,1.31452795448177,2.07459578709329,11,35
1.278,1000,35,614.946647646689,527.727933277045,614.946647646689,13674.8149194355,13587.925109736,14488.6588784557,59.9295656249855,53.2366112867294,49.8621749353019,-338.280212923001,43.6257854208609,1.49011611938477e-08,1.49011611938477e-08,1.85405465948782,1.65182187323872,1.67948516747322,1.32170636448035,11,35
1.279,1000,35,592.167111612716,-1755.04768155668,592.167111612716,13299.5671621994,13966.8790556032,14456.8553917041,59.2610570254584,48.2946747877763,48.4161595266005,-350.780482741894,138.952384558842,1.49011611938477e-08,1.49011611938477e-08,1.92828486222474,1.80319808590147,1.92906354902395,1.09396974561406,11,35
1.28,1000,35,538.874662379888,387.089307329564,538.874662379888,13379.3950175352,14240.8575338446,14031.9548927969,59.4067463928465,45.7136565293993,46.570041797757,-512.644559452254,133.433152501325,1.49011611938477e-08,1.49011611938477e-08,1.95592145495499,1.71207084583879,4.97768980029366,1.19128386219131,11,35
1.281,1000,35,485.282705128629,510.02496718798,485.282705128629,13822.5243295164,14057.6849021603,13750.047842845,60.5104970674609,47.2296325210763,44.7484961676913,-749.275954768187,-25.7393695195148,1.49011611938477e-08,1.49011611938477e-08,1.92988844233413,1.42965222193928,1.17138746070107,1.6307808504715,11,35
1.282,1000,35,441.282065897133,522.748919147465,441.282065897133,14079.3956961104,13620.8972721177,13994.0731987746,61.3219928577569,51.6473560795039,43.1594119542635,-887.576203954348,-320.423506162178,1.49011611938477e-08,1.49011611938477e-08,1.82000772628232,1.26265035978632,1.49011611938477e-08,2.2394022227569,11,35
1.283,1000,35,412.907250757267,524.794281847659,412.907250757267,13845.1854925413,13472.002289914,14448.0930769272,61.0731879664135,56.5155492117292,41.5871982768596,-842.363970112643,-547.855309599263,1.49011611938477e-08,1.49011611938477e-08,1.82230372976669,1.24970989964966,1.49011611938477e-08,2.11747435819168,11,35
1.284,1000,35,372.792251781054,526.344255058874,372.792251781054,13436.9619117279,13800.9763265852,14549.3137207972,59.8322819625184,60.3188110707021,40.1648210648122,-725.43213456809,-598.70360556789,1.49011611938477e-08,1.49011611938477e-08,1.9079175110135,1.25436339245321,1.49011611938477e-08,2.14230590489439,11,35
1.285,1000,35,303.987968523799,528.452683759017,303.987968523799,13393.4477905122,14179.4258084449,14180.4522677958,58.87835066164,62.5167065021916,40.1096774336141,-629.935121307316,-509.26090112783,1.49011611938477e-08,1.49011611938477e-08,1.94888862800214,1.15365021500527,1.49011611938477e-08,3.95099274852723,11,35
1.286,1000,35,219.17290497791,530.996606555199,219.17290497791,13786.7065368005,14138.6974285276,13805.0305150551,58.9587242172367,63.1722817638219,42.0515135694005,-567.287983510313,-353.114106274004,1.49011611938477e-08,1.49011611938477e-08,1.93726356723532,1.05033205991328,1.49011611938477e-08,12.4572229101674,11,35
1.287,1000,35,238.976154009459,530.433991039806,238.976154009459,14122.5947375971,13733.3846051601,13901.5407008673,59.2525123859213,62.492517830332,45.4746041721375,-502.148734401454,-193.25464255498,1.49011611938477e-08,1.49011611938477e-08,1.82741246218663,1.13991305436127,0.734903725012415,3.13396558126437,11,35
1.288,1000,35,459.36527935403,520.233201865534,459.36527935403,14009.9044207543,13482.6133081458,14348.4731580512,57.7259544373485,60.5843788284298,48.8686728527454,-401.301755486741,-104.145466987893,1.49011611938477e-08,1.49011611938477e-08,1.79333306115059,1.47092570335762,1.51204128528374,2.26853446393287,11,35
1.289,1000,35,626.076756432833,533.842107041793,626.076756432833,13620.9116734348,13719.6945847886,14591.583022924,52.5830419208911,57.8361676969888,50.7060774779517,-298.893191439819,-69.5462316056365,1.49011611938477e-08,1.49011611938477e-08,1.8823286298229,1.9133280276696,2.41555013514422,2.29562814466796,11,35
1.29,1000,35,613.333721456175,-6034.97119827014,613.333721456175,13474.7598060666,14131.6184137858,14356.4436057827,44.2429533519584,55.4937079081138,50.6970247335741,-300.652042851637,-35.0411951441426,1.49011611938477e-08,1.49011611938477e-08,1.94707371416682,1.98246439190088,3.370389848237,2.32331834646334,11,35
1.291,1000,35,574.640054313902,167.967913124183,574.640054313902,13774.4168220575,14191.8005992791,13947.5253990723,37.1911722932096,54.6367974245982,49.9793871173882,-461.150621853626,18.4744662589474,1.49011611938477e-08,1.49011611938477e-08,1.9570519808888,1.11648671716076,2.05910722392132,1.70859700062678,11,35
1.292,1000,35,421.749469792298,524.238037928966,421.749469792298,14129.2798063926,13817.8616623627,13907.7443843009,37.997539946446,55.7305305536274,49.8099964260296,-727.471796112859,33.7727152234018,1.49011611938477e-08,1.49011611938477e-08,1.86360291199049,0.206705708580899,0.782952762619015,1.19715265155551,11,35
1.293,1000,35,252.057816784645,530.022030727691,252.057816784645,14097.7693808322,13467.7580317343,14299.2862214661,45.4993905572825,58.2456996610884,50.1523543572621,-907.576863940738,-42.0170458229436,1.49011611938477e-08,1.49011611938477e-08,1.78918297538731,1.49011611938477e-08,1.49011611938477e-08,1.54435109676211,11,35
1.294,1000,35,339.688170514154,527.445683662848,339.688170514154,13700.3294833491,13594.743877146,14599.6669712829,53.0450191340459,60.8471791087084,49.8283456578648,-906.082787498293,-148.442201921736,1.49011611938477e-08,1.49011611938477e-08,1.85766430413998,0.343683739929565,1.49011611938477e-08,2.55475410603344,11,35
1.295,1000,35,602.328589842384,-237.267475487434,602.328589842384,13411.9754485631,14034.839457557,14408.1368451413,58.9723115826058,62.6101097306737,50.1624148807197,-832.076907432974,-224.660447348045,1.49011611938477e-08,1.49011611938477e-08,1.93325009249245,0.698908503947848,1.49011611938477e-08,3.70879211355706,11,35
1.296,1000,35,618.930115838123,-8103.27647811519,618.930115838123,13624.4327187101,14242.3188633502,13979.8541387472,61.3947433751914,63.0158363699754,50.1313112687411,-715.727199952484,-276.587759656747,1.49011611938477e-08,1.49011611938477e-08,1.95355945682769,0.995700194529708,1.49011611938477e-08,4.41445073204095,11,35
1.297,1000,35,582.949562301237,405.017455674511,582.949562301237,14007.6779865114,13986.083204383,13837.8190660731,61.0199011771477,61.4788720179424,49.8309846050818,-551.029218335353,-245.807896435225,1.49011611938477e-08,1.49011611938477e-08,1.89248891275029,1.24579501517508,0.634810473192349,3.407853775428,11,35
1.298,1000,35,533.879194800824,413.758259106117,533.879194800824,14012.3708606447,13600.026216552,14128.0556341314,60.3355498625222,57.849800877339,50.2730191125409,-419.825097518893,-91.0754275544248,1.49011611938477e-08,1.49011611938477e-08,1.81353922718405,1.42495428610615,1.36112976715924,1.89503924806356,11,35
1.299,1000,35,617.607033693255,-7549.99603197733,617.607033693255,13647.0517880359,13601.5881771534,14503.1720927121,59.7730193562169,52.8050742877653,49.9846193423695,-346.477304850073,66.7734372415751,1.49011611938477e-08,1.49011611938477e-08,1.85928674043615,1.61533975052468,1.68691676998811,1.23114181141768,11,35
1.3,1000,35,598.272500047692,-2647.78852056415,598.272500047692,13288.6881300921,13988.9120647753,14441.8361071914,59.0924496080993,47.8712383166316,48.6408684447952,-366.791022519376,154.899293328526,1.49011611938477e-08,1.49011611938477e-08,1.93098074434305,1.75709299340238,1.96844364176859,1.04005010907592,11,35
1.301,1000,35,543.62958175874,360.775183981902,543.62958175874,13399.2856960209,14245.4329350236,14009.229369521,59.2338827462767,45.4728914078483,46.8876489350144,-526.505297238505,141.723075779968,1.49011611938477e-08,1.49011611938477e-08,1.95695439015366,1.65643274947627,5.13643998046539,1.16582837213551,11,35
1.302,1000,35,475.451397081864,514.813496930329,475.451397081864,13849.4096097689,14037.5927688225,13752.0484817405,60.2366685398928,47.112876162523,45.1549483552862,-770.638993663961,-37.5052124387798,1.49011611938477e-08,1.49011611938477e-08,1.92515522366282,1.39420057186849,1.06915413943778,1.63540644266423,11,35
1.303,1000,35,422.66973692458,524.257107307289,422.66973692458,14081.01775098,13601.1770726886,14022.4275908854,60.8543249353941,51.6530015468086,43.7222240953726,-891.063766264973,-340.94975110856,1.49011611938477e-08,1.49011611938477e-08,1.81609331133941,1.25714943518503,1.49011611938477e-08,2.250449164525,11,35
1.304,1000,35,389.303705327673,525.781325124221,389.303705327673,13822.2528350725,13480.1162261988,14468.5465576896,60.42604884238,56.5166801563054,42.2697483403325,-833.48895924779,-560.649863676868,1.49011611938477e-08,1.49011611938477e-08,1.82669533069914,1.26192368704415,1.49011611938477e-08,2.09749853885142,11,35
1.305,1000,35,345.620911651692,527.200908886192,345.620911651692,13420.5021745672,13826.7362908773,14536.5285164661,59.1118732470001,60.2633411359353,41.0157619963504,-715.684754334185,-599.835392946199,1.49011611938477e-08,1.49011611938477e-08,1.9117532678202,1.27004616246197,1.49011611938477e-08,2.17459728163742,11,35
1.306,1000,35,278.458365601803,529.227088199083,278.458365601803,13407.149943637,14191.1668435121,14149.2157640389,58.2156775252124,62.3968308897731,41.1064677481796,-626.283229260425,-511.643846196764,1.49011611938477e-08,1.49011611938477e-08,1.94982651355914,1.17182022014167,1.49011611938477e-08,4.13523957167389,11,35
1.307,1000,35,190.658334653026,531.850836509611,190.658334653026,13815.4096190922,14122.9810755974,13790.7107925184,58.3049585054826,63.0077013832156,43.0052511909789,-558.52196467754,-350.545355970913,1.49011611938477e-08,1.49011611938477e-08,1.93301114112111,1.07953744237346,1.49011611938477e-08,12.1484505256026,11,35
1.308,1000,35,223.71033469832,530.890309334429,223.71033469832,14132.3760400629,13711.1658655598,13916.9593337253,58.4325963211288,62.2888948313722,46.2289693624534,-486.860332963623,-198.306056145301,1.49011611938477e-08,1.49011611938477e-08,1.82067777501237,1.18479215719511,0.78229402397569,3.256819326112,11,35
1.309,1000,35,444.417775660638,522.558130375652,444.417775660638,13993.4189767322,13484.0011495107,14365.6124646205,56.5702574204759,60.3603786076869,49.4387799494561,-381.017113573,-114.710612713725,1.49011611938477e-08,1.49011611938477e-08,1.79574911469461,1.52950592056256,1.56702422544968,2.40073778930854,11,35
1.31,1000,35,626.054924494121,-11710.6017270997,626.054924494121,13602.5720375692,13743.7673225804,14581.0814364631,51.0644016615259,57.6777510304127,51.1953514930047,-283.344703853629,-81.7024100673671,1.49011611938477e-08,1.49011611938477e-08,1.88735743825204,1.96989598292488,2.48935409638057,2.44700224039031,11,35
1.311,1000,35,612.209907276193,-5686.16956452915,612.209907276193,13480.532572453,14147.338206909,14320.9305095184,42.5471862890952,55.4867349893556,51.1925273007514,-293.466706863691,-49.643386647786,1.49011611938477e-08,1.49011611938477e-08,1.94901060287965,1.99072882708687,3.40059277366352,2.4663280535476,11,35
1.312,1000,35,568.393124063418,162.646998965012,568.393124063418,13798.139752562,14179.9682482269,13918.9128528968,35.8148016981408,54.8695164579773,50.5550227678352,-471.041193348501,2.45300845128932,1.49011611938477e-08,1.49011611938477e-08,1.95477354907657,1.06713864877337,1.90830641612586,1.80384013860728,11,35
1.313,1000,35,407.491647321384,525.035948839066,407.491647321384,14139.8866124414,13792.0460422358,13908.6033604651,37.4188880264336,56.2163108587766,50.4449937704607,-737.812715852486,7.55854870402695,1.49011611938477e-08,1.49011611938477e-08,1.85582917468524,0.165862601142709,0.682745233474812,1.32249289481845,11,35
1.314,1000,35,250.876144815007,530.033784234215,250.876144815007,14082.7073619722,13460.6224205727,14314.0060083892,45.3479825127952,58.9506821412741,50.6992239829064,-904.608450715136,-77.4726563447442,1.49011611938477e-08,1.49011611938477e-08,1.7889762743554,1.49011611938477e-08,1.49011611938477e-08,1.7711157527341,11,35
1.315,1000,35,339.455190393976,527.42392065559,339.455190393976,13674.3313170102,13615.6775637638,14591.3615689305,52.9758540767773,61.662031321413,50.2100644493604,-892.246926768091,-184.847836232248,1.49011611938477e-08,1.49011611938477e-08,1.86270456713481,0.415021762190052,1.49011611938477e-08,2.99660164883039,11,35
1.316,1000,35,612.599879071465,-397.635692603569,612.599879071465,13412.194184458,14057.1166644695,14375.5129144465,58.8512650012044,63.4561155184808,50.3920829884681,-816.91149841439,-257.080199153111,1.49011611938477e-08,1.49011611938477e-08,1.93535819806663,0.760802657374468,1.49011611938477e-08,4.41676106578779,11,35
1.317,1000,35,618.179370240386,-7794.7657728534,618.179370240386,13649.1154312412,14239.812020856,13949.2506320302,61.2088819238444,63.8376661192547,50.2361266252043,-687.664941353329,-307.070195046761,1.49011611938477e-08,1.49011611938477e-08,1.95255800196565,1.06144553641276,1.49011611938477e-08,5.19555332192254,11,35
1.318,1000,35,578.472063367979,-255.747153786575,578.472063367979,14024.4839971915,13961.4665934652,13833.6811468202,60.8326596092044,62.2738254841556,49.901070239262,-518.932194810594,-263.154049259017,1.49011611938477e-08,1.49011611938477e-08,1.88502365541573,1.31475317188739,0.636440963386868,3.73797227792919,11,35
1.319,1000,35,562.509072638488,225.950239577753,562.509072638488,14003.3137052971,13586.56793451,14144.9356711305,60.2751050976633,58.6508317317799,50.2733425111986,-393.898578528286,-96.344515134085,1.49011611938477e-08,1.49011611938477e-08,1.81155610057206,1.48848703828818,1.36854900257484,1.9525214041504,11,35
1.32,1000,35,613.827501611877,527.335141102177,613.827501611877,13625.4293336273,13616.5327248469,14508.0444036268,59.696990928826,53.6633643169281,49.5208426329348,-325.446770722623,61.7856888874043,1.49011611938477e-08,1.49011611938477e-08,1.86331137105969,1.68121712176738,1.67032945052003,1.25925153781569,11,35
1.321,1000,35,585.303470165345,434.227869901054,585.303470165345,13286.0293699487,14013.4916286122,14421.8004105164,59.0998697263334,48.9132106849722,47.8532501487673,-351.304434771532,145.739456228932,1.49011611938477e-08,1.49011611938477e-08,1.93292696971712,1.81498836040926,2.01310435077102,1.06366370976582,11,35
1.322,1000,35,535.19927977595,404.659003192869,535.19927977595,13424.3303102497,14244.435160138,13983.7914400077,59.4293835425153,46.7820014005253,45.9039783563966,-527.059356303415,131.031691861247,1.49011611938477e-08,1.49011611938477e-08,1.95734660670095,1.6826987482375,5.20010707621703,1.19172585276213,11,35
1.323,1000,35,479.095432291585,513.147535285868,479.095432291585,13874.1313898271,14011.9864449246,13754.3861129762,60.6635501876739,48.6847708775556,44.0544447959517,-777.398317246858,-51.5542165976985,1.49011611938477e-08,1.49011611938477e-08,1.91902810746059,1.38429268941566,0.983573596231586,1.66344560067874,11,35
1.324,1000,35,444.228016157574,522.418122738186,444.228016157574,14077.2666783829,13579.5844849312,14049.0900979748,61.5321464649224,53.2092129981819,42.4464089207999,-897.4747004054,-345.930652908282,1.49011611938477e-08,1.49011611938477e-08,1.81209912934914,1.21907647068335,1.49011611938477e-08,2.252186819034,11,35
1.325,1000,35,419.69437258982,524.431358246946,419.69437258982,13798.2340086662,13487.6754683847,14488.4960950585,61.3318481066325,57.9746723946306,40.8309091012172,-840.607318830896,-551.860015547649,1.49011611938477e-08,1.49011611938477e-08,1.83103095039582,1.20108989182154,1.49011611938477e-08,2.12477130416708,11,35
1.326,1000,35,380.342248243472,526.091367249691,380.342248243472,13407.1642082808,13851.19666817,14532.5371858493,60.1871171416302,61.5948755294947,39.4491362261949,-730.052693327018,-584.302817274285,1.49011611938477e-08,1.49011611938477e-08,1.91533001650968,1.18781015884142,1.49011611938477e-08,2.27639087852289,11,35
1.327,1000,35,305.920303899833,528.393454592646,305.920303899833,13422.8373936187,14199.5306607173,14134.6678801861,59.4030831791707,63.598322656737,39.5847265747322,-635.723133390517,-487.074000199582,1.49011611938477e-08,1.49011611938477e-08,1.95096169507884,1.07784928056126,1.49011611938477e-08,4.8541942719407,11,35
1.328,1000,35,227.5886512085,530.760424367126,227.5886512085,13837.4559077095,14103.6602849932,13795.9854329508,59.5902350817319,64.0592729445445,41.8231127920798,-569.289943131045,-317.854875250106,1.49011611938477e-08,1.49011611938477e-08,1.92940178525658,0.997949435483185,1.49011611938477e-08,7.84437098325101,11,35
1.329,1000,35,262.937754728255,529.729726337061,262.937754728255,14133.0532162185,13686.2265816462,13951.1718121232,59.7811543455798,63.1746028222235,45.4687870902917,-498.712131023212,-162.096364019571,1.49011611938477e-08,1.49011611938477e-08,1.81619808976896,1.12507791935496,0.816842880557184,2.65900299456747,11,35
1.33,1000,35,494.497214938772,503.718443671463,494.497214938772,13970.1150228344,13485.2062833458,14403.2125471074,57.8977251770903,61.0576418983324,48.9006853152485,-391.977739638624,-80.2181953326588,1.49011611938477e-08,1.49011611938477e-08,1.80038499794409,1.48056610586744,1.61198263436069,2.04699000811023,11,35
1.331,1000,35,625.189550868992,-11167.1588692529,625.189550868992,13581.3458260635,13767.950634031,14595.6948678927,52.3586782049522,58.2026951980178,50.6346407788479,-299.220127050594,-48.7843013468994,1.49011611938477e-08,1.49011611938477e-08,1.8930061879179,1.90920864127468,2.52971493503196,2.09206638156996,11,35
1.332,1000,35,611.454517624987,-5462.41088432212,611.454517624987,13486.3230387972,14162.2679996593,14314.9731860348,43.9248823189557,55.8849482733659,50.5819092398115,-314.050587397719,-12.2464586877253,1.49011611938477e-08,1.49011611938477e-08,1.95101818017026,1.883831992306,3.46713669957092,2.04563762989742,11,35
1.333,1000,35,562.610737447083,217.534683051755,562.610737447083,13819.8789034983,14166.8096289843,13923.3505147069,37.5726093954693,55.157618446871,49.9646218891715,-501.109754813717,41.0409040761044,1.49011611938477e-08,1.49011611938477e-08,1.95287934779173,0.992229481015783,1.92601678377602,1.4501331809636,11,35
1.334,1000,35,395.478697480449,525.505325360711,395.478697480449,14146.6169525134,13765.8076918715,13942.3572464161,39.3105713681857,56.3910380428063,49.9042423083096,-768.757726380459,41.0452827050036,1.49011611938477e-08,1.49011611938477e-08,1.85005863599955,0.0523418728391801,0.700403007603201,1.09848874663757,11,35
1.335,1000,35,252.101843004981,530.020822959062,252.101843004981,14064.1976886187,13454.7248838869,14355.9318965453,46.9457146540266,58.9449857426814,50.1729904190442,-925.70545998189,-48.45219928851,1.49011611938477e-08,1.49011611938477e-08,1.79144528130043,1.49011611938477e-08,1.49011611938477e-08,1.54889935850063,11,35
1.336,1000,35,369.867349269462,526.479337893309,369.867349269462,13640.4803116325,13637.91912227,14601.0871896059,54.2649117209877,61.4634854083943,49.8231556443432,-911.005161240413,-148.270273811583,1.49011611938477e-08,1.49011611938477e-08,1.86958948151932,0.370116790069622,1.49011611938477e-08,2.55073263394721,11,35
1.337,1000,35,623.750729903461,-10138.0048219116,623.750729903461,13406.0293160502,14078.0522143103,14365.2216946834,59.7581726579508,63.0845472446333,50.1266794402635,-833.301390087441,-222.834536398864,1.49011611938477e-08,1.49011611938477e-08,1.93796278815605,0.713372370990212,1.49011611938477e-08,3.61196156488348,11,35
1.338,1000,35,616.194791057091,-7025.19468109297,616.194791057091,13665.9580184593,14234.5284966548,13944.4179216423,61.7227282060251,63.2902753476603,50.0364898463464,-705.291163922148,-271.338191475385,1.49011611938477e-08,1.49011611938477e-08,1.95225305995023,1.00117725461742,1.49011611938477e-08,4.10684905127936,11,35
1.339,1000,35,573.040723788159,63.4215470184671,573.040723788159,14030.1117455502,13937.4941156433,13856.3552470217,61.1028829253114,61.5057767707966,49.8032174104287,-538.651536406471,-224.271258354805,1.49011611938477e-08,1.49011611938477e-08,1.88077495829095,1.24242561932636,0.731948707414629,3.03447956171173,11,35
1.34,1000,35,558.907479273991,257.259006252591,558.907479273991,13985.1433654186,13574.1730878355,14182.1897185912,60.4296513065973,57.6463919980293,50.4371543945576,-414.154396644266,-62.4156775763319,1.49011611938477e-08,1.49011611938477e-08,1.81272364786213,1.42152449762284,1.43336360887439,1.71591589591722,11,35
1.341,1000,35,615.583703027595,-6836.39859909988,615.583703027595,13594.0893527896,13632.9006424793,14526.6559352366,59.671013052786,52.4808818824242,50.0247594410142,-345.330761543529,80.1485512959127,1.49011611938477e-08,1.49011611938477e-08,1.86936274495566,1.6233847675796,1.68365781148744,1.16149586423637,11,35
1.342,1000,35,590.659299044081,-1574.16064040096,590.659299044081,13273.0274069638,14034.1235892556,14408.8143585605,58.9477679389071,47.6358078665462,48.6701932546028,-374.298795309688,162.484275372792,1.49011611938477e-08,1.49011611938477e-08,1.93559676860484,1.75113421264391,2.05416757655487,1.01755633905916,11,35
1.343,1000,35,538.226152020826,388.016187821621,538.226152020826,13440.452100484,14245.9667118382,13964.5943036221,59.2181966557826,45.587126140454,46.917321073228,-558.079543940929,136.307411574146,1.49011611938477e-08,1.49011611938477e-08,1.95830956756096,1.61594955305878,4.99569992901781,1.17501721079278,11,35
1.344,1000,35,469.92410703189,517.187052500034,469.92410703189,13895.1262004632,13990.4721540291,13760.3316720243,60.306978838305,47.5920317167927,45.1358516901155,-800.81200171211,-63.6721630025777,1.49011611938477e-08,1.49011611938477e-08,1.9139438612627,1.35126359180114,0.898825906307465,1.67655614797272,11,35
1.345,1000,35,427.093197065203,523.968152259036,427.093197065203,14074.6101687345,13563.4209928522,14078.7885302456,60.8640552682917,52.2549197482216,43.554016365097,-897.351892100378,-368.400817972033,1.49011611938477e-08,1.49011611938477e-08,1.80937370397721,1.23187810802202,1.49011611938477e-08,2.26943753821983,11,35
1.346,1000,35,395.009718091647,525.56827100616,395.009718091647,13774.8664643411,13500.5657900117,14507.0276233976,60.2980346187942,57.0344662417975,41.877831086435,-829.519539620869,-562.122771341833,1.49011611938477e-08,1.49011611938477e-08,1.83593936940833,1.24457189802178,1.49011611938477e-08,2.09848190309163,11,35
1.347,1000,35,349.255027053031,527.08837068118,349.255027053031,13394.1045857027,13878.1005856771,14515.8701469332,58.905495213037,60.6087877457252,40.5576277833185,-710.779285487763,-588.480901004438,1.49011611938477e-08,1.49011611938477e-08,1.9188059188982,1.23967200573651,1.49011611938477e-08,2.29144078369578,11,35
1.348,1000,35,275.143034806315,529.315906257258,275.143034806315,13439.9977586424,14209.0601224519,14101.9955603392,58.0902575715488,62.5616547228176,40.8021338182242,-619.972245501563,-484.204804957814,1.49011611938477e-08,1.49011611938477e-08,1.95171574362227,1.12754705164856,1.49011611938477e-08,4.98029185876707,11,35
1.349,1000,35,189.747595572843,531.892059017483,189.747595572843,13866.7191027754,14086.5887923042,13783.3058661977,58.2714334001098,63.010297581773,42.9358721555115,-555.454503020424,-316.449211848177,1.49011611938477e-08,1.49011611938477e-08,1.92428084127142,1.04509977428138,1.49011611938477e-08,8.20105282910147,11,35
1.35,1000,35,241.703212782527,530.351926028591,241.703212782527,14141.0231946947,13666.083287548,13966.3783509993,58.3475360845892,62.1495841849739,46.3304930877313,-482.546922850757,-168.871770916791,1.49011611938477e-08,1.49011611938477e-08,1.81018298034143,1.17488099951518,0.866049403864595,2.84203427014841,11,35
1.351,1000,35,480.290122614253,513.518232784217,480.290122614253,13953.496685571,13490.7184283203,14416.4192727652,56.2210802722597,60.0823085542401,49.5350682222608,-380.618572373627,-95.8873565592275,1.49011611938477e-08,1.49011611938477e-08,1.80346398761371,1.53539134001363,1.66376527443412,2.22288353225268,11,35
1.352,1000,35,625.344111331125,-11293.5156200037,625.344111331125,13567.3597546485,13793.6196908981,14580.4497703895,50.3958879647994,57.3805475129852,51.1490038292527,-288.418128997106,-64.7819039765219,1.49011611938477e-08,1.49011611938477e-08,1.89758731142244,1.95321185386198,2.60596379345437,2.29190641195819,11,35
1.353,1000,35,610.111386312413,-5084.35695567818,610.111386312413,13498.0188390108,14176.4335251322,14277.6194446041,41.8814183197618,55.304269203371,51.0578291111945,-315.982188547248,-28.9599808841128,1.49011611938477e-08,1.49011611938477e-08,1.95264719780193,1.86690325928118,3.38507074091699,2.23432846169094,11,35
1.354,1000,35,560.409981060497,237.156047852346,560.409981060497,13846.503803756,14152.7584330339,13896.7788895313,35.9747173837558,54.8805935769434,50.4877144129469,-512.598164262775,19.8473129916615,1.49011611938477e-08,1.49011611938477e-08,1.94958851122408,0.930858363594883,1.73940774383759,1.57875300712104,11,35
1.355,1000,35,393.946905376721,525.573764055466,393.946905376721,14156.8988294024,13741.0185221246,13945.7039586629,38.5377107308089,56.3950114405762,50.4656184161878,-775.873820781439,11.3419580669331,1.49011611938477e-08,1.49011611938477e-08,1.84230976713034,1.49011611938477e-08,0.590875652293149,1.24609679754801,11,35
1.356,1000,35,249.778121658785,530.096169240804,249.778121658785,14049.7185047926,13451.9856894883,14369.5720197847,46.5517370448825,59.1801708711641,50.6481582204729,-914.471751104062,-78.1810452781542,1.49011611938477e-08,1.49011611938477e-08,1.7920365887763,1.49011611938477e-08,1.49011611938477e-08,1.78778496001694,11,35
1.357,1000,35,365.160111171661,526.626288768601,365.160111171661,13619.5059242465,13661.4386750699,14590.0251710104,53.921348181501,61.805281437364,50.1661830332794,-892.061828889602,-183.036931431356,1.49011611938477e-08,1.49011611938477e-08,1.87422917739949,0.444200053782075,1.49011611938477e-08,2.99519193224892,11,35
1.358,1000,35,626.316070339434,-11694.1818474067,626.316070339434,13412.9841354861,14099.3024981548,14331.5783588875,59.3638308304812,63.4581409126039,50.3362456712672,-807.795479077421,-256.687132931586,1.49011611938477e-08,1.49011611938477e-08,1.9397049424137,0.781955587716358,1.49011611938477e-08,4.30640352794434,11,35
1.359,1000,35,615.309592542299,-6707.71883689785,615.309592542299,13694.9264439066,14230.2769479466,13916.2528375972,61.2751160169589,63.6382639675047,50.137915058669,-672.68563901262,-298.684524984928,1.49011611938477e-08,1.49011611938477e-08,1.95051746748671,1.07412492148045,1.49011611938477e-08,4.82062351316046,11,35
1.36,1000,35,571.099349325745,143.451709548414,571.099349325745,14047.364813723,13914.3397084858,13855.5693374742,60.6797765179344,61.826832293128,49.87644218125,-512.403402061064,-244.5078334053,1.49011611938477e-08,1.49011611938477e-08,1.87310456184806,1.31731883885056,0.734407740651836,3.31350486158777,11,35
1.361,1000,35,585.179798250653,-16.9244892375318,585.179798250653,13978.209724229,13564.3314885758,14202.8126601009,60.1526672964638,57.9983232303742,50.3487514481511,-392.265895761976,-75.5059584152429,1.49011611938477e-08,1.49011611938477e-08,1.81149092421158,1.48842230324113,1.4365762281615,1.77892323385505,11,35
1.362,1000,35,612.418891176143,526.836821801713,612.418891176143,13575.123475672,13650.7398960511,14529.2398084725,59.4529736596192,52.9396841396651,49.4708988228616,-326.089393280414,75.7215896472977,1.49011611938477e-08,1.49011611938477e-08,1.87332170205004,1.68781862488338,1.67561838905972,1.19579468235736,11,35
1.363,1000,35,583.710861941802,375.900855109982,583.710861941802,13275.5154355748,14057.4286093321,14386.3229292658,58.8782428710844,48.3301080345774,47.773533987122,-366.607839484352,155.650448456243,1.49011611938477e-08,1.49011611938477e-08,1.93718269979946,1.80173506140955,2.13619153366729,1.04584355956249,11,35
1.364,1000,35,526.327241756228,438.048556572763,526.327241756228,13469.6602852463,14241.8993331638,13940.4990110681,59.3674372377774,46.6068015840299,45.8124646863097,-561.212123323857,124.267798318643,1.49011611938477e-08,1.49011611938477e-08,1.95828486154976,1.63361778776994,4.6867625496391,1.20639507275563,11,35
1.365,1000,35,469.699750935666,517.038566454978,469.699750935666,13919.9084474855,13964.2779913846,13766.3855248545,60.6757423903762,48.8867150964324,43.9028958317821,-806.562563943201,-78.8000311910921,1.49011611938477e-08,1.49011611938477e-08,1.90696052303244,1.33901246127789,0.818731908256047,1.71116973324166,11,35
1.366,1000,35,449.476076787595,521.672400373028,449.476076787595,14069.056766724,13544.6613875894,14106.4136967824,61.4635393581618,53.5224412934837,42.1534156341556,-900.918445435265,-359.174059333198,1.49011611938477e-08,1.49011611938477e-08,1.80624369664621,1.19549786699828,1.49011611938477e-08,2.27864905471463,11,35
1.367,1000,35,424.999217420101,524.104553620964,424.999217420101,13751.5241921535,13511.6140758759,14523.9573680992,61.1094132369396,58.1937001409907,40.3634702168154,-833.566612816912,-552.283505029324,1.49011611938477e-08,1.49011611938477e-08,1.84060329000684,1.1872903451161,1.49011611938477e-08,2.13755327212353,11,35
1.368,1000,35,382.167307972515,526.027769094084,382.167307972515,13384.5512528156,13902.7797632402,14508.9472079828,59.8787194132293,61.630450832207,38.9540393291685,-716.88720489884,-569.543418308263,1.49011611938477e-08,1.49011611938477e-08,1.92194929418517,1.16219425864258,1.49011611938477e-08,2.42279708255053,11,35
1.369,1000,35,299.996975517283,528.587943018446,299.996975517283,13459.0127253791,14214.7354981867,14087.4674566617,59.1742106374566,63.4463290010286,39.2891014083223,-627.349316815664,-458.074927424585,1.49011611938477e-08,1.49011611938477e-08,1.95261146027859,1.04089913207792,1.49011611938477e-08,6.10771161825765,11,35
1.37,1000,35,227.267674590555,530.752730081561,227.267674590555,13888.2563040764,14065.1664898708,13791.3922926074,59.4622344262122,63.7480850322926,41.8001534377091,-565.431202360722,-282.984335422669,1.49011611938477e-08,1.49011611938477e-08,1.91985605903485,0.972171942720224,1.49011611938477e-08,5.75904657266471,11,35
1.371,1000,35,278.61059201404,529.248165790839,278.61059201404,14139.2230004162,13642.9471542418,14001.981382695,59.6107943766357,62.7348537625385,45.6261458582266,-498.653766631468,-139.219996562877,1.49011611938477e-08,1.49011611938477e-08,1.80643242851616,1.12272958298828,0.901726615765691,2.3769441396433,11,35
1.372,1000,35,523.902562648096,451.570681318296,523.902562648096,13929.2255800843,13495.3075963098,14451.2904096202,57.4778407118494,60.5058169976909,49.0425105426962,-391.938831541177,-62.9178043015397,1.49011611938477e-08,1.49011611938477e-08,1.80867309320301,1.49161356212789,1.70625548272377,1.92642663811827,11,35
1.373,1000,35,625.05547947879,533.026665587692,625.05547947879,13548.487504861,13818.4752544526,14589.9668242318,51.6631761202615,57.6501399724215,50.6535144317817,-302.72797022824,-32.3074070068666,1.49011611938477e-08,1.49011611938477e-08,1.90276521562512,1.89493755515346,2.64557732807228,1.98928475481562,11,35
1.374,1000,35,609.635042928056,525.958852783559,609.635042928056,13507.0119808727,14188.6164955019,14269.3073637859,43.2882855505368,55.4596735298508,50.5436115981227,-338.67198506445,5.95458839618074,1.49011611938477e-08,1.49011611938477e-08,1.95442816304146,1.76836152176095,3.42614180355115,1.89027367037991,11,35
1.375,1000,35,555.28879228184,279.127323947813,555.28879228184,13868.1221957336,14137.1250644735,13902.5006498471,37.745053282627,54.9501001205502,49.9972714314479,-543.251855211137,54.2656486845097,1.49011611938477e-08,1.49011611938477e-08,1.9469574811853,0.873141611736406,1.73875100848717,1.30880660537593,11,35
1.376,1000,35,371.944100849606,526.337304079161,371.944100849606,14160.6562588601,13715.8742886871,13979.9017103023,40.3567458799419,56.3854122964523,50.0125416988234,-793.376749469553,42.5106345064762,1.49011611938477e-08,1.49011611938477e-08,1.8370574659377,1.49011611938477e-08,0.600424926012853,1.07224679596314,11,35
1.377,1000,35,251.932841067915,530.025997322544,251.932841067915,14028.4130353353,13449.8576768048,14408.1010210313,48.0539066424702,59.0271898481198,50.1890548572459,-932.818727419422,-53.7178628377814,1.49011611938477e-08,1.49011611938477e-08,1.79546708256932,1.49011611938477e-08,1.49011611938477e-08,1.59748862975774,11,35
1.378,1000,35,409.699998474123,525.03542728279,409.699998474123,13587.6183442015,13685.6280920363,14595.7447253492,55.161505142388,61.4961269218689,49.8940068836245,-906.808381963855,-154.172486536552,1.49011611938477e-08,1.49011611938477e-08,1.88071335847832,0.414534172801517,1.49011611938477e-08,2.587367191799,11,35
1.379,1000,35,627.969640542164,535.007484695556,627.969640542164,13409.7593954443,14118.1652063981,14318.4081819965,60.1759975999069,62.9955348656779,50.1483989490819,-822.812594379487,-225.66696636651,1.49011611938477e-08,1.49011611938477e-08,1.94192007349886,0.744064218112878,1.49011611938477e-08,3.57413607912519,11,35
1.38,1000,35,613.000717671898,-5938.04406634683,613.000717671898,13711.2609618004,14221.1244228437,13912.2743785086,61.6959292053534,63.0146786919716,50.0079901708468,-689.218133849115,-265.367762307014,1.49011611938477e-08,1.49011611938477e-08,1.94962630724591,1.02228450230563,1.49011611938477e-08,3.87915405424725,11,35
1.381,1000,35,560.825677071097,233.064444857522,560.825677071097,14048.7726358228,13888.8834975605,13879.4417034387,60.8904333082145,61.0043392067512,49.8692018905598,-531.816009041884,-207.483561963394,1.49011611938477e-08,1.49011611938477e-08,1.86887518955048,1.25208201136176,0.817100134876942,2.74412105091026,11,35
1.382,1000,35,581.169408307517,32.1377981767072,581.169408307517,13957.9687381476,13554.8955643377,14239.30777639,60.2532253748485,56.9593770565776,50.6183955421779,-412.308575359795,-43.820307416095,1.49011611938477e-08,1.49011611938477e-08,1.81356163953501,1.42810810294868,1.49037689315222,1.57744137747796,11,35
1.383,1000,35,610.228452382095,-5149.30308569914,610.228452382095,13543.2497953735,13669.3806617695,14543.7679522199,59.4026954392188,51.7636318151894,50.0899017311437,-345.871207733614,98.1196616386701,1.49011611938477e-08,1.49011611938477e-08,1.87932217157912,1.63077010051179,1.68870287484894,1.10480750050523,11,35
1.384,1000,35,583.649637016428,419.885256487647,583.649637016428,13264.3901879598,14076.6367041614,14369.8128729556,58.7217428537072,47.1296187341078,48.708192704001,-392.625472273522,169.474696902062,1.49011611938477e-08,1.49011611938477e-08,1.93955636397066,1.73552410159208,2.20791862362046,1.00164780443877,11,35
1.385,1000,35,526.658664270954,437.068651739869,526.658664270954,13485.9552476697,14239.5277799964,13921.2976308944,59.1503265424676,45.5666817197177,46.9497164707805,-594.336222506203,124.723054564095,1.49011611938477e-08,1.49011611938477e-08,1.95898141778641,1.56955863251683,4.25051278181828,1.19264798124725,11,35
1.386,1000,35,471.249621356521,516.731429227711,471.249621356521,13937.5535737355,13940.5030798919,13774.4008807047,60.2795442511668,48.0131883191141,45.1464758848351,-820.113683298269,-82.5529361447835,1.49011611938477e-08,1.49011611938477e-08,1.90143769180095,1.31405867766259,0.738236370692445,1.73102617265416,11,35
1.387,1000,35,429.663897050994,523.78300141703,429.663897050994,14061.8162269678,13530.0449258048,14135.1458817817,60.7185860467692,52.7992515164945,43.4642584079928,-899.715203634725,-386.597950112526,1.49011611938477e-08,1.49011611938477e-08,1.80460233743247,1.21746383757782,1.49011611938477e-08,2.2778327203843,11,35
1.388,1000,35,397.11786395349,525.485923262245,397.11786395349,13726.1828072305,13526.4301987859,14537.9515582736,59.9752860217466,57.4814355474699,41.6362540220132,-816.134845648579,-572.618485628769,1.49011611938477e-08,1.49011611938477e-08,1.84579494588363,1.23958366641193,1.49011611938477e-08,2.0798030771685,11,35
1.389,1000,35,346.979407821194,527.157566009549,346.979407821194,13373.4862363161,13928.0948926551,14487.7270711567,58.4949441893972,60.8761902020167,40.3118457134745,-697.717482970813,-577.753751918384,1.49011611938477e-08,1.49011611938477e-08,1.92495354567978,1.22218639516423,1.49011611938477e-08,2.39869852133995,11,35
1.39,1000,35,268.26586984233,529.520403381013,268.26586984233,13478.1629917511,14219.8505504031,14054.4228095668,57.7519887794651,62.648845461218,40.7079203102854,-611.512558831208,-459.575826468484,1.49011611938477e-08,1.49011611938477e-08,1.95306683568418,1.09701384348427,1.49011611938477e-08,6.07087845034554,11,35
1.391,1000,35,194.352545204685,531.753601983943,194.352545204685,13915.9694867486,14044.7993305814,13781.1641456255,58.0216690800212,62.9450653575617,43.0438598693375,-553.600515389659,-295.0672615149,1.49011611938477e-08,1.49011611938477e-08,1.91376723040521,1.02315211676815,1.49011611938477e-08,6.22768022549066,11,35
1.392,1000,35,266.455457295016,529.630684690117,266.455457295016,14143.3424252541,13623.1907101804,14017.8991675233,58.0462032719545,61.9533776007878,46.5558317509621,-481.318740359732,-150.208926339475,1.49011611938477e-08,1.49011611938477e-08,1.80113360344362,1.1738930320035,0.947198335163465,2.56815833196627,11,35
1.393,1000,35,517.598121900098,468.044112424508,517.598121900098,13911.6812191529,13502.9604180548,14461.8923117149,55.6513515508895,59.7590588338409,49.6869524027971,-373.666860079597,-79.7504160030406,1.49011611938477e-08,1.49011611938477e-08,1.81227757412635,1.54568439041494,1.75684950964177,2.10422361402509,11,35
1.394,1000,35,624.204373222453,-10643.9243387473,624.204373222453,13537.9229225673,13843.2431023079,14571.9728114023,49.4856772635329,57.0457677472666,51.11619969303,-291.482484381026,-50.5127034434833,1.49011611938477e-08,1.49011611938477e-08,1.90684388042842,1.93201010674348,2.72187403857431,2.18211246147001,11,35
1.395,1000,35,607.411360887415,525.223296659256,607.411360887415,13522.7874992994,14198.5253111629,14231.714383705,41.0247243973717,55.0953373412142,50.9405694391595,-340.790432469787,-11.6561498791136,1.49011611938477e-08,1.49011611938477e-08,1.95567491405141,1.73196793718453,3.28065675646624,2.04969142974412,11,35
1.396,1000,35,550.165195513004,316.44952111363,550.165195513004,13895.4655071542,14118.7825304413,13879.5097756696,36.033461496355,54.8752195756233,50.4441213320402,-541.353195335665,31.3038177273961,1.49011611938477e-08,1.49011611938477e-08,1.94244601700612,0.797963564987275,1.56723430003939,1.40948676654491,11,35
1.397,1000,35,368.188079369732,526.458662572886,368.188079369732,14169.5384872359,13690.6500058329,13986.7013807659,39.5562904769061,56.5710305632199,50.5007305726756,-799.828506465582,13.072268222819,1.49011611938477e-08,1.49011611938477e-08,1.82933372464187,1.49011611938477e-08,0.491205178622551,1.21622104154421,11,35
1.398,1000,35,254.383565252681,529.952779413019,254.383565252681,14014.1515655699,13449.4776454428,14421.0210304213,47.6152203060914,59.3906070926587,50.5871825682596,-923.137318595361,-88.2262067654439,1.49011611938477e-08,1.49011611938477e-08,1.79664966852682,1.49011611938477e-08,1.49011611938477e-08,1.84845404770034,11,35
1.399,1000,35,387.373601698632,525.918583760964,387.373601698632,13571.4023995789,13709.1891079397,14581.8110540537,54.8072219453868,61.9206386308096,50.1907063033966,-887.753906428315,-187.940210800053,1.49011611938477e-08,1.49011611938477e-08,1.88487337403713,0.477060960463246,1.49011611938477e-08,3.05010482911309,11,35
1.4,1000,35,629.790358688471,-14238.4507440249,629.790358688471,13422.2171805047,14136.051767205,14283.5608215231,59.8516506719963,63.4212266732381,50.3580057227793,-797.209955656532,-259.708916365123,1.49011611938477e-08,1.49011611938477e-08,1.94339213332059,0.809240553771928,1.49011611938477e-08,4.30245488837019,11,35
1.401,1000,35,612.479415510138,526.932216844074,612.479415510138,13742.9820410276,14213.7243320716,13886.385310248,61.3721661357019,63.3835479208305,50.1296344118176,-664.180670164655,-293.99496397333,1.49011611938477e-08,1.49011611938477e-08,1.94712071124419,1.09622640856325,1.49011611938477e-08,4.61482229541479,11,35
1.402,1000,35,560.990508677704,231.567585680741,560.990508677704,14064.7336798582,13866.0093356477,13881.0750497878,60.6227323996249,61.3057362504366,49.9263035553106,-496.492980595999,-223.546338641956,1.49011611938477e-08,1.49011611938477e-08,1.86131433528088,1.33123890543891,0.825246770082318,3.04028742218152,11,35
1.403,1000,35,596.605069465442,-166.39340491491,596.605069465442,13944.7461844688,13547.6856447673,14254.9343630906,60.1680031100476,57.2684385947529,50.4486678449304,-385.419710148234,-50.2289737178908,1.49011611938477e-08,1.49011611938477e-08,1.81344180973992,1.49965706873288,1.49642121697368,1.66400764766721,11,35
1.404,1000,35,612.639673328949,-5797.9080548416,612.639673328949,13521.5379256166,13688.8496395341,14537.9369144245,59.4632200909879,52.1525252840296,49.5582071294028,-329.729446392094,91.9078863216501,1.49011611938477e-08,1.49011611938477e-08,1.88332038952396,1.69598638758977,1.69248193707166,1.15436881691615,11,35
1.405,1000,35,584.538442646029,401.38240524072,584.538442646029,13266.8796976304,14096.8135851659,14339.7225685894,58.9404433546911,47.7271493937385,47.8958185926032,-388.870596848598,158.141395951144,1.49011611938477e-08,1.49011611938477e-08,1.94096001434288,1.78720511262456,2.32636053976428,1.04793048866211,11,35
1.406,1000,35,522.972771998232,450.655988586159,522.972771998232,13514.4393985795,14232.2000802296,13893.7625811505,59.4837637420434,46.440820318991,46.0051677922632,-585.61134317441,109.406092178225,1.49011611938477e-08,1.49011611938477e-08,1.95853279099832,1.60078995936565,3.82376200313637,1.25373177192592,11,35
1.407,1000,35,457.399384576225,520.257268378506,457.399384576225,13958.9306350688,13913.4212274116,13778.9178524871,60.663752362719,49.1004988456241,44.2181246824227,-820.735459542912,-112.609716177606,1.49011611938477e-08,1.49011611938477e-08,1.8939475202137,1.33176467391107,0.660203495768794,1.81025656082201,11,35
1.408,1000,35,428.324257111252,523.855867746939,428.324257111252,14051.3347867429,13514.0475334398,14157.9097758688,61.1886875894641,53.8326567432116,42.6174945386682,-892.978394379777,-408.173239483156,1.49011611938477e-08,1.49011611938477e-08,1.80255599238508,1.22362029182528,1.49011611938477e-08,2.27286638173011,11,35
1.409,1000,35,403.932421887892,525.206694806136,403.932421887892,13700.1533541737,13540.4698346698,14544.9350317043,60.5697360897879,58.4002428665362,40.9563355854435,-808.584640058784,-578.657458704546,1.49011611938477e-08,1.49011611938477e-08,1.85075435207846,1.23448194866274,1.49011611938477e-08,2.05432618048845,11,35
1.41,1000,35,357.60120330972,526.849147856726,357.60120330972,13363.2343582252,13952.2985989105,14468.4777277311,59.256737776981,61.6517754410172,39.7593741375631,-693.388531908258,-574.51992087699,1.49011611938477e-08,1.49011611938477e-08,1.9276639049783,1.20648946280629,1.49011611938477e-08,2.43982342860734,11,35
1.411,1000,35,274.888281196646,529.338998947085,274.888281196646,13496.4496810152,14222.883512656,14029.0932405515,58.6537512401585,63.2855900849427,40.3009171512083,-612.109891861978,-459.781065619582,1.49011611938477e-08,1.49011611938477e-08,1.95347791479024,1.08391504304531,1.49011611938477e-08,6.66656611635693,11,35
1.412,1000,35,203.645869039317,531.467271192668,203.645869039317,13935.2103118719,14022.4453715634,13780.6338362535,58.9840915511162,63.4386893466894,42.8570870509271,-550.048629314285,-285.756010541917,1.49011611938477e-08,1.49011611938477e-08,1.9080126510224,1.02990214380185,0.0426373403139112,5.63342530458255,11,35
1.413,1000,35,280.768210361656,529.188922770484,280.768210361656,14138.1145241968,13603.4082344905,14042.9251580974,58.9259637730505,62.2995263416244,46.5366838760356,-473.988247908385,-143.561258547123,1.49011611938477e-08,1.49011611938477e-08,1.79747235909329,1.2034568154069,0.985925484351908,2.48082032567633,11,35
1.414,1000,35,538.082514400108,396.150755315301,538.082514400108,13884.6845267143,13511.8264944128,14481.1964729458,56.3270483522527,59.9706078520908,49.7001001860085,-363.568598122099,-75.8456354222445,1.49011611938477e-08,1.49011611938477e-08,1.81736930105556,1.59246632038128,1.80265693339158,2.07856180601934,11,35
1.415,1000,35,623.938222566545,532.322804236254,623.938222566545,13519.6926185434,13868.9228898715,14563.6805498551,50.0137964360535,57.1484051936731,51.0840814149568,-286.192723987732,-46.8973061081124,1.49011611938477e-08,1.49011611938477e-08,1.91132298709818,1.98079818676808,2.77423111160456,2.16949271279653,11,35
1.416,1000,35,606.617321068122,-4209.59319481625,606.617321068122,13532.786274304,14208.398365381,14209.1429432508,41.4611096017272,55.1462822301431,50.8520344345511,-338.548116610043,-8.53158544092387,1.49011611938477e-08,1.49011611938477e-08,1.95714616331467,1.74151881764475,3.30700379050826,2.01744450950317,11,35
1.417,1000,35,543.091303775396,361.380995526396,543.091303775396,13914.6484937776,14101.2900939987,13874.2085305917,36.617086909649,54.9220695735244,50.3374163519438,-554.610803241492,37.283432754606,1.49011611938477e-08,1.49011611938477e-08,1.93870079903024,0.786696785603726,1.53515266518853,1.37077727396168,11,35
1.418,1000,35,341.303195439631,527.322583567818,341.303195439631,14168.2166992831,13667.1083957231,14008.9973845988,40.2880749351827,56.6273357178324,50.4147396943221,-812.376076427916,14.7055196155055,1.49011611938477e-08,1.49011611938477e-08,1.82409260963406,1.49011611938477e-08,0.465866144895759,1.20256715943485,11,35
1.419,1000,35,245.201309142797,530.233072994306,245.201309142797,13989.0807721861,13451.0677736328,14444.6619370162,48.3072138470776,59.3945122378401,50.5038531773862,-926.825284594147,-88.3526100403923,1.49011611938477e-08,1.49011611938477e-08,1.8002610188557,1.49011611938477e-08,1.49011611938477e-08,1.83957551022603,11,35
1.42,1000,35,435.69467747997,523.365072032822,435.69467747997,13546.535883308,13735.0019502883,14578.3553571428,55.3503646590383,61.8379427331286,50.2006306700889,-887.757757249114,-184.503063050746,1.49011611938477e-08,1.49011611938477e-08,1.8902524953895,0.488446944069021,1.49011611938477e-08,2.97666986263609,11,35
1.421,1000,35,627.767021063539,534.97853622817,627.767021063539,13426.2457103639,14152.8017740344,14261.8928939504,60.0251328108018,63.2399674692069,50.3361070465801,-801.247595336022,-250.474524347198,1.49011611938477e-08,1.49011611938477e-08,1.94508848632296,0.809631942589613,1.49011611938477e-08,4.09237442293949,11,35
1.422,1000,35,609.977697057621,-5055.63524039125,609.977697057621,13762.5085379939,14201.3270687787,13877.1973734225,61.2566065369039,63.0847401495396,50.0980712332337,-662.242352811865,-281.949033869309,1.49011611938477e-08,1.49011611938477e-08,1.94517803179157,1.08458170261733,1.49011611938477e-08,4.23975189921192,11,35
1.423,1000,35,548.339033347711,328.334120122818,548.339033347711,14065.5631978896,13840.1994593974,13899.5886182458,60.4428753368935,60.8728484767303,49.9629547377437,-499.348623841814,-201.364539927721,1.49011611938477e-08,1.49011611938477e-08,1.85643815438262,1.30404802508506,0.879406837651516,2.74757533719389,11,35
1.424,1000,35,605.603480575277,-1077.90447626655,605.603480575277,13930.3818951688,13541.8918154745,14288.9647145056,59.9431733759264,56.6780029914843,50.5274041738432,-390.375093885039,-28.3639222657617,1.49011611938477e-08,1.49011611938477e-08,1.81541921276181,1.47374833995708,1.52927329067809,1.54462610357022,11,35
1.425,1000,35,609.592576150711,525.827363733142,609.592576150711,13498.5412309443,13710.0147215687,14547.7098265134,59.1579817471291,51.5206092446447,49.6696913424141,-337.505055955038,108.439147977864,1.49011611938477e-08,1.49011611938477e-08,1.88839210519553,1.6703406241917,1.69822323179026,1.09477676985535,11,35
1.426,1000,35,574.365846925048,14.0051049385353,574.365846925048,13267.7620782536,14115.8831457714,14322.181438118,58.6406378091186,47.1960874467907,48.0640695126174,-398.61574241894,168.416308108461,1.49011611938477e-08,1.49011611938477e-08,1.94273657561567,1.74679681767471,2.43640844090594,1.0149256925526,11,35
1.427,1000,35,512.736259514321,475.262544775103,512.736259514321,13538.9040865353,14226.5755907333,13879.6249780891,59.2953807418296,46.1751708765482,46.1862402144265,-612.016722589472,112.849992712084,1.49011611938477e-08,1.49011611938477e-08,1.95839205709129,1.54334514857822,3.40245756065746,1.23408420673587,11,35
1.428,1000,35,472.973008923806,516.111448519799,472.973008923806,13977.6669103501,13888.776048141,13794.3155872812,60.5285273999609,49.0363843301594,44.3430645807134,-843.235174967667,-117.541460749569,1.49011611938477e-08,1.49011611938477e-08,1.88776337129042,1.2823475247505,0.572568526408674,1.80042361256251,11,35
1.429,1000,35,437.49438624171,523.126721504338,437.49438624171,14043.2269456902,13502.2533704443,14190.6366986414,60.9847240129185,53.8879343017994,42.6374916122146,-901.672091488904,-412.175010772502,1.49011611938477e-08,1.49011611938477e-08,1.80197307933979,1.18902726903914,1.49011611938477e-08,2.28773131691875,11,35
1.43,1000,35,407.956919721842,525.027975142546,407.956919721842,13677.5827692649,13557.8762854642,14561.8037825584,60.252691150709,58.4481766076136,40.8163272202351,-809.480158852319,-573.155934109561,1.49011611938477e-08,1.49011611938477e-08,1.85606639053854,1.20413456167334,1.49011611938477e-08,2.10272570649485,11,35
1.431,1000,35,355.332298300834,526.898105463492,355.332298300834,13359.9522147578,13976.778990082,14455.5322991885,58.8751229363255,61.6514817492746,39.6293944525541,-699.223670519689,-562.627596313979,1.49011611938477e-08,1.49011611938477e-08,1.93032126564,1.16698573003554,1.49011611938477e-08,2.60569934458646,11,35
1.432,1000,35,267.826165368342,529.531804291104,267.826165368342,13521.1284358197,14224.5987594287,14011.2468973634,58.2935948049282,63.2331316265728,40.2996574029023,-615.179706780946,-436.430441421052,1.49011611938477e-08,1.49011611938477e-08,1.95381047504113,1.03631011691895,1.49011611938477e-08,8.33019929791845,11,35
1.433,1000,35,203.974946292903,531.465015026408,203.974946292903,13961.4803919233,13999.9071559497,13788.4373341678,58.6545903336925,63.3550360598764,42.9794910196736,-555.2496759835,-260.018405803988,1.49011611938477e-08,1.49011611938477e-08,1.9020428089689,0.987412743006152,0.191602212542639,4.7123901594858,11,35
1.434,1000,35,294.827751231677,528.782201942339,294.827751231677,14138.3024490466,13584.9443140082,14074.4336783371,58.5608255764214,62.1968028910136,46.706831844571,-479.158391787495,-122.026831063545,1.49011611938477e-08,1.49011611938477e-08,1.79442096587253,1.17057057057671,1.0275818218636,2.28761085807635,11,35
1.435,1000,35,555.199687429195,288.165899396433,555.199687429195,13866.4651043355,13522.2656724109,14504.336202323,55.8235251289211,59.8286481010311,49.8167730620516,-368.956461025009,-58.9386827380447,1.49011611938477e-08,1.49011611938477e-08,1.82258658162289,1.55866466472973,1.85559994440645,1.96150048218771,11,35
1.436,1000,35,623.231949594852,531.89881903949,623.231949594852,13511.5123182083,13893.7947544077,14558.8607656075,49.3394457734313,57.0773058612818,51.0984226036816,-298.456856081019,-32.343903040599,1.49011611938477e-08,1.49011611938477e-08,1.91544581313406,1.91502499303699,2.84918440040622,2.04088599532043,11,35
1.437,1000,35,604.412397749252,524.319750549394,604.412397749252,13551.2986907143,14215.4219934282,14188.0620364833,40.9947601329602,55.220964083079,50.8617613258704,-360.90375095578,8.01719370203944,1.49011611938477e-08,1.49011611938477e-08,1.95830190033178,1.61666785949814,3.19458769805976,1.8499471688722,11,35
1.438,1000,35,537.292675584247,391.020357991009,537.292675584247,13941.0583229,14081.1222251313,13871.8054028297,36.8159317162267,55.1603637227529,50.4225598418046,-584.249014933828,48.3857981430167,1.49011611938477e-08,1.49011611938477e-08,1.93399125297865,0.698848975528453,1.43907335344867,1.25153027234291,11,35
1.439,1000,35,346.214038464851,527.175546345277,346.214038464851,14174.0252773024,13643.971859387,14035.0807505342,40.9888469517089,56.971827290648,50.534649545224,-834.664896684253,16.8008193913136,1.49011611938477e-08,1.49011611938477e-08,1.81843766607443,1.49011611938477e-08,0.405564905484927,1.17196553367687,11,35
1.44,1000,35,259.506136294274,529.799762041999,259.506136294274,13972.7457546733,13454.8581426686,14472.073057446,48.9112767237591,59.7668262364152,50.5110951761284,-932.477884065352,-91.0520352811678,1.49011611938477e-08,1.49011611938477e-08,1.80356840096829,1.49011611938477e-08,1.49011611938477e-08,1.85316447009415,11,35
1.441,1000,35,427.624692732876,524.052506370719,427.624692732876,13527.1291375014,13760.260094288,14573.0443671718,55.9056536112642,62.1707432698405,50.2619562622509,-891.589333092249,-181.132981508708,1.49011611938477e-08,1.49011611938477e-08,1.89507675357286,0.496992936739189,1.49011611938477e-08,2.97290094306998,11,35
1.442,1000,35,628.277096027191,535.471028595673,628.277096027191,13435.5065166532,14168.373482834,14237.6609069306,60.4795239233725,63.4950279108848,50.4253387326086,-798.081870929995,-251.464528791153,1.49011611938477e-08,1.49011611938477e-08,1.94664607371483,0.821184040417491,1.49011611938477e-08,4.06848597235941,11,35
1.443,1000,35,608.87823100442,525.732209484697,608.87823100442,13787.828928877,14191.4277160938,13865.196322706,61.5686257255472,63.2125320984112,50.1903832219319,-653.395061258259,-280.738986081967,1.49011611938477e-08,1.49011611938477e-08,1.94255274433779,1.10082871829497,1.49011611938477e-08,4.16336030178727,11,35
1.444,1000,35,545.802088351192,344.554569959449,545.802088351192,14072.5342423314,13817.9467108607,13914.1279183297,60.6425316506725,60.8484400693521,50.1105717453466,-487.304297475699,-195.236310197013,1.49011611938477e-08,1.49011611938477e-08,1.85058900317822,1.32766083185778,0.924832822873273,2.6925510271686,11,35
1.445,1000,35,615.74590730666,-449.141304093401,615.74590730666,13910.7395236394,13538.1415756023,14313.245650635,60.1160087845605,56.5859395730321,50.6474082026045,-380.360190058443,-22.8924661841675,1.49011611938477e-08,1.49011611938477e-08,1.81735531403706,1.50263826037652,1.55123369272209,1.53704007300073,11,35
1.446,1000,35,611.249724814697,-5385.72181692345,611.249724814697,13473.684585041,13731.3462633584,14546.8370819121,59.3016836043968,51.4071356090211,49.7429520910931,-332.669066198322,104.743568082249,1.49011611938477e-08,1.49011611938477e-08,1.89297473498073,1.7014659019683,1.69709929437236,1.10924558806548,11,35
1.447,1000,35,576.532331900405,-99.1752525470382,576.532331900405,13268.1925047429,14133.2764055897,14295.5064475247,58.8240887353243,47.180690761858,48.1073951608163,-403.311330207377,164.292927337825,1.49011611938477e-08,1.49011611938477e-08,1.94426731124213,1.76711900830512,2.54056018407932,1.04495569955035,11,35
1.448,1000,35,518.651769038029,461.386976970917,518.651769038029,13564.6643869385,14216.5548803163,13857.0387100299,59.5015074269834,46.3470004492064,46.2326465965724,-623.135865587931,95.9330318219377,1.49011611938477e-08,1.49011611938477e-08,1.95767677074227,1.55429165322274,3.09889850324486,1.28780684001382,11,35
1.449,1000,35,444.548423443668,522.390886545964,444.548423443668,13995.8141660091,13861.7132190787,13803.6252124706,60.6618354693033,49.3908347751443,44.426991434447,-845.908767359551,-148.422888433243,1.49011611938477e-08,1.49011611938477e-08,1.88021012291884,1.30243625033555,0.506948698646265,1.88405453621362,11,35
1.45,1000,35,423.630435263701,524.198058939212,423.630435263701,14030.315245116,13489.9705611347,14214.3787120522,61.0286683591069,54.2357190093907,42.7156898727093,-890.684859281988,-440.37109289769,1.49011611938477e-08,1.49011611938477e-08,1.8009522459465,1.21915936713661,1.49011611938477e-08,2.2698857356251,11,35
1.451,1000,35,396.329215420679,525.516611331651,396.329215420679,13652.0653866762,13575.1265576865,14564.6845131527,60.2111729107017,58.7329053121539,40.9129151738254,-799.387082891689,-585.815186640915,1.49011611938477e-08,1.49011611938477e-08,1.86109728648637,1.23760686083379,1.49011611938477e-08,2.03510961602023,11,35
1.452,1000,35,348.281163608826,527.116610542259,348.281163608826,13352.6247078064,13999.8572854584,14429.2002132879,58.844446289116,61.8364658616728,39.7431332808495,-684.557832265793,-569.739916012083,1.49011611938477e-08,1.49011611938477e-08,1.93265673129343,1.19563001036755,1.49011611938477e-08,2.55862240127146,11,35
1.453,1000,35,269.437321551678,529.500960423378,269.437321551678,13541.4814133765,14224.4148928126,13981.1970796495,58.3227321574211,63.3244694706376,40.4392848070471,-601.862470757639,-439.627484039899,1.49011611938477e-08,1.49011611938477e-08,1.95376779236804,1.06507254143362,1.49011611938477e-08,8.26530864817418,11,35
1.454,1000,35,201.285431787292,531.546686333211,201.285431787292,13980.6480685615,13976.4579748748,13785.418752522,58.6970026256211,63.3572992310267,43.1450501367715,-541.062428451476,-263.684277272328,1.49011611938477e-08,1.49011611938477e-08,1.89528954698466,1.02658219900287,0.273507381460256,4.85157578803096,11,35
1.455,1000,35,300.801033816464,528.588565623072,300.801033816464,14131.7806168121,13567.8001992113,14094.4828661474,58.4933730550877,62.1157458055687,46.8324107078486,-461.460929600786,-130.284464551605,1.49011611938477e-08,1.49011611938477e-08,1.79119069804921,1.22534587019009,1.07370115372436,2.38194625717363,11,35
1.456,1000,35,569.016693111665,167.063240262831,569.016693111665,13840.8276018746,13533.9807031605,14515.2706310495,55.5211787791481,59.7256003228158,49.8259900257035,-355.723569456519,-72.3459191485581,1.49011611938477e-08,1.49011611938477e-08,1.82744285221278,1.62874014544951,1.90438958934137,2.07568179890159,11,35
1.457,1000,35,622.518940903871,531.468239084976,622.518940903871,13498.9240342128,13918.6258908533,14541.4027772534,48.8262314447867,56.9739569048601,50.9887408005077,-286.494668235972,-43.8729261541695,1.49011611938477e-08,1.49011611938477e-08,1.91918767327464,1.98371132835202,2.91138624489557,2.17615350284784,11,35
1.458,1000,35,602.765883713555,523.190862785319,602.765883713555,13566.3733931359,14221.661374011,14159.2154142143,40.3564118919218,55.1780161691684,50.6537996975363,-360.836462579551,-0.720245036157735,1.49011611938477e-08,1.49011611938477e-08,1.95930978068772,1.6263104753966,3.12191301449537,1.95362030210726,11,35
1.459,1000,35,528.822814185818,428.804674047543,528.822814185818,13961.7474784146,14059.985802934,13862.7297820445,36.4739062538905,55.2308350397682,50.1936425714526,-592.775818345211,39.616354704196,1.49011611938477e-08,1.49011611938477e-08,1.9287707863797,0.672180162964825,1.36611061840338,1.30839413718579,11,35
1.46,1000,35,322.893408097291,527.884279824821,322.893408097291,14172.2869405447,13621.0026512536,14052.3996294675,41.1055489137531,57.1612658514449,50.3324209606302,-840.385667972453,3.63008245332733,1.49011611938477e-08,1.49011611938477e-08,1.81293675703033,1.49011611938477e-08,0.342413211241447,1.24555875325806,11,35
1.461,1000,35,255.598903610153,529.946392431176,255.598903610153,13949.2065690205,13459.1461177982,14487.3708591606,49.1971249187379,59.9884917079296,50.3057247162607,-928.297164416044,-99.3978205324679,1.49011611938477e-08,1.49011611938477e-08,1.80697799902038,1.49011611938477e-08,1.49011611938477e-08,1.97031944120863,11,35
1.462,1000,35,452.581206393112,521.373102521219,452.581206393112,13508.7238941982,13785.6971672957,14562.009287221,56.1665338580645,62.3547181720402,50.134285495352,-883.582270874094,-192.445267197108,1.49011611938477e-08,1.49011611938477e-08,1.89949585510576,0.522793832970778,1.49011611938477e-08,3.13229938508828,11,35
1.463,1000,35,625.982003525043,534.398375797829,625.982003525043,13446.2903739322,14182.0466058547,14210.0432282808,60.4983470668162,63.6166734381627,50.2560834635468,-786.962605914642,-261.013229081622,1.49011611938477e-08,1.49011611938477e-08,1.94793074990563,0.840972097658338,1.49011611938477e-08,4.23616199136797,11,35
1.464,1000,35,606.727904742124,525.007191914126,606.727904742124,13810.2185548898,14175.1082844066,13852.8293016893,61.415906117805,63.2490583535315,49.9940715858285,-639.811152963454,-283.633604054179,1.49011611938477e-08,1.49011611938477e-08,1.93945068773868,1.11555054710377,1.49011611938477e-08,4.20802019093376,11,35
1.465,1000,35,535.554677087618,401.427031655188,535.554677087618,14073.3459514271,13792.1781935287,13928.9921440316,60.5236009310219,60.7952802673676,49.9296117267626,-478.249719698528,-186.020389824002,1.49011611938477e-08,1.49011611938477e-08,1.84528347186865,1.33183191127985,0.959798778780365,2.61022081408557,11,35
1.466,1000,35,613.622464306045,-5971.52694685104,613.622464306045,13889.3923138636,13535.2004405232,14334.2603450606,60.0748385886425,56.4206655645033,50.4570463346826,-381.087848989143,-18.1398792489335,1.49011611938477e-08,1.49011611938477e-08,1.81985530565004,1.50426542983645,1.56950099918224,1.48125457582232,11,35
1.467,1000,35,610.405824413039,-5130.62927088864,610.405824413039,13449.1458277855,13753.5985531713,14543.1750125664,59.3054763192265,51.2608843035062,49.5630130442107,-336.771878153564,113.760731679012,1.49011611938477e-08,1.49011611938477e-08,1.89755716103962,1.69755888174851,1.70695651270546,1.07674034382883,11,35
1.468,1000,35,568.279590985228,161.784834864646,568.279590985228,13270.2570145131,14149.8973466603,14268.8331892991,58.8629658562022,47.2164993303411,47.9758319087391,-418.416536646408,164.886350863438,1.49011611938477e-08,1.49011611938477e-08,1.94581940584979,1.75050085705772,2.71481146459166,1.03492897611925,11,35
1.469,1000,35,504.825612746935,490.348259767594,504.825612746935,13587.0865375932,14205.9574372038,13838.2122825078,59.5912021028207,46.7288066230006,46.1849892010587,-646.644008511185,83.9442130339427,1.49011611938477e-08,1.49011611938477e-08,1.95697020737963,1.52708414860553,2.72216120492447,1.30071544407249,11,35
1.47,1000,35,463.278503022954,518.896564374819,463.278503022954,14007.8882510206,13835.1379993203,13815.6676891268,60.7457433363616,49.9899348237548,44.4950791374881,-863.223547016849,-169.546588702475,1.49011611938477e-08,1.49011611938477e-08,1.87408802903857,1.28109448447656,0.404330206936669,1.90576387936759,11,35
1.471,1000,35,427.26569624015,523.954581014434,427.26569624015,14014.6387999251,13479.7986427745,14240.0304634043,61.0519952110723,54.9064656629949,42.930069030503,-898.095452459387,-445.561449025604,1.49011611938477e-08,1.49011611938477e-08,1.80170839214243,1.20737990389707,1.49011611938477e-08,2.24375982584268,11,35
1.472,1000,35,392.404567472107,525.665482830993,392.404567472107,13624.3752971176,13593.5545444651,14571.0713367957,60.2026156537499,59.3628459696048,41.2530508094519,-799.693174481679,-591.579279599169,1.49011611938477e-08,1.49011611938477e-08,1.86663977511642,1.22734929839623,1.49011611938477e-08,2.02861699510231,11,35
1.473,1000,35,335.315986200161,527.51229758197,335.315986200161,13346.869085231,14021.9232420699,14406.7510993674,58.8921779085122,62.3942571109581,40.3028078187754,-686.592518271082,-565.497586427921,1.49011611938477e-08,1.49011611938477e-08,1.93494825916855,1.181542600182,1.49011611938477e-08,2.65559062716089,11,35
1.474,1000,35,247.291411855825,530.162903482145,247.291411855825,13562.7244247595,14221.8499081567,13957.2679426073,58.4503466773494,63.8133306397062,41.1969688968204,-605.419569734706,-429.821979945527,1.49011611938477e-08,1.49011611938477e-08,1.95353433498463,1.05498186409295,1.49011611938477e-08,9.41605509585899,11,35
1.475,1000,35,200.66202226251,531.56382002772,200.66202226251,14000.1842096596,13951.8395710989,13788.8466012131,58.8143825661511,63.7975424309029,43.9815089719461,-542.59607682973,-255.078786541253,1.49011611938477e-08,1.49011611938477e-08,1.88865943791261,1.03132955294516,0.319073537704351,4.56382139742237,11,35
1.476,1000,35,322.715009091805,527.943725009466,322.715009091805,14124.8647884926,13551.4324615942,14119.7682738887,58.435846444232,62.5043721844219,47.6061006880289,-462.790681166352,-131.479229862891,1.49011611938477e-08,1.49011611938477e-08,1.78910637147474,1.24450859602818,1.11333511800985,2.36268622731928,11,35
1.477,1000,35,581.995505121297,24.4596490107294,581.995505121297,13817.9152312291,13547.0844538983,14528.5084214052,55.1470485682969,60.0173028334378,50.4333728516699,-349.722664744929,-72.2641094891001,1.49011611938477e-08,1.49011611938477e-08,1.83312062421037,1.65360659661395,1.96218776274402,2.08999246469186,11,35
1.478,1000,35,621.579375781226,530.927957944683,621.579375781226,13488.9667554408,13942.9924372893,14526.7258419542,48.1325793308082,57.3010055109457,51.4264844771929,-286.64685285561,-43.3527646284538,1.49011611938477e-08,1.49011611938477e-08,1.92293910320749,1.98447323009826,2.99722144873523,2.18084087154237,11,35
1.479,1000,35,599.008291112206,519.742957963221,599.008291112206,13583.0609303144,14225.3092795376,14132.3015518734,39.7246912432107,55.6135836425136,51.0469176192791,-373.247549575939,1.66082908626751,1.49011611938477e-08,1.49011611938477e-08,1.96015162535429,1.56587508793331,3.0340939880842,1.91033833973863,11,35
1.48,1000,35,516.181034411401,467.247532572062,516.181034411401,13982.5613051849,14038.1174052823,13857.6206980048,36.3666726259251,55.7885622690306,50.6327365760933,-613.048088122608,38.6108186844509,1.49011611938477e-08,1.49011611938477e-08,1.92337553381756,0.61438389819922,1.29279083867979,1.27148368316796,11,35
1.481,1000,35,325.826545325958,527.795210022727,325.826545325958,14171.4277751927,13599.6327704186,14074.5711957049,41.4705765088851,57.7851770392433,50.8020730778903,-845.736870193682,0.41711515201433,1.49011611938477e-08,1.49011611938477e-08,1.80825282384615,1.49011611938477e-08,0.274583216473511,1.27401338428773,11,35
1.482,1000,35,259.943970127885,529.7868739334,259.943970127885,13928.0434726128,13466.0581815708,14507.2947366869,49.5375293168136,60.6075850040961,50.6805613818975,-929.603443821309,-109.930813234829,1.49011611938477e-08,1.49011611938477e-08,1.81109339221965,0.0707732402524932,1.49011611938477e-08,2.055554920799,11,35
1.483,1000,35,462.626978361371,519.634696554551,462.626978361371,13493.5773985177,13811.6191883688,14552.4921384921,56.4379531526242,62.9237894731209,50.4539723290668,-878.611039264246,-202.077971978132,1.49011611938477e-08,1.49011611938477e-08,1.90374092628859,0.542956594900965,1.49011611938477e-08,3.28138014912645,11,35
1.484,1000,35,626.720971471628,534.244617889947,626.720971471628,13460.3017514292,14194.2708712447,14184.9344508227,60.6535402196204,64.099504972467,50.5099800384281,-777.076935601708,-269.770461645293,1.49011611938477e-08,1.49011611938477e-08,1.94920883102156,0.861539101540865,1.49011611938477e-08,4.43664848379961,11,35
1.485,1000,35,605.414405807878,524.514593129202,605.414405807878,13836.6536844529,14163.5356864863,13844.0811556536,61.45436679433,63.5776014845498,50.190296314452,-624.007456468514,-285.846320117536,1.49011611938477e-08,1.49011611938477e-08,1.93607309495882,1.13796824174577,1.49011611938477e-08,4.29008631661968,11,35
1.486,1000,35,531.380527675766,418.356576751668,531.380527675766,14077.7319983397,13771.1596211643,13945.6560861446,60.5253523726612,60.9292568452074,50.1164596023626,-467.987696362455,-186.405272107378,1.49011611938477e-08,1.49011611938477e-08,1.83995347113729,1.35689601267419,1.00886887383023,2.57937650563056,11,35
1.487,1000,35,618.819927851484,529.667137763352,618.819927851484,13874.9340253986,13535.3656569604,14361.6658548737,60.0116752147347,56.4661806720374,50.4084239295218,-364.888334827778,-9.83573687665021,1.49011611938477e-08,1.49011611938477e-08,1.82202470830543,1.5365476360816,1.58409157509063,1.47783595701842,11,35
1.488,1000,35,606.291771946908,524.959960944156,606.291771946908,13433.6827173885,13777.1508055045,14544.2974895899,59.2142287755374,51.2808400908909,49.278967464312,-325.875358912963,119.951544364918,1.49011611938477e-08,1.49011611938477e-08,1.9014027805885,1.73230731613523,1.69280461815301,1.0863767090446,11,35
1.489,1000,35,568.278765847164,166.972084399515,568.278765847164,13282.5207821171,14166.1920335695,14246.5290573501,58.873681686079,47.3371579957567,47.5062895425441,-418.664321008468,168.116334115351,1.49011611938477e-08,1.49011611938477e-08,1.94699179113724,1.76696106242476,2.82283825396646,1.05130769045749,11,35
1.49,1000,35,506.412973045308,486.895902603239,506.412973045308,13621.7680223932,14195.5092204082,13826.0131288585,59.7263124076746,46.9733386008065,45.564735827873,-653.707563704647,79.3824481158196,1.49011611938477e-08,1.49011611938477e-08,1.95515607140786,1.52031281741859,2.53787131853976,1.32744363164921,11,35
1.491,1000,35,446.712377308282,522.121082462512,446.712377308282,14029.0078858158,13810.0839700476,13835.6757530767,60.9436809128066,50.33335306548,43.7180601262883,-858.301919458869,-164.62523138584,1.49011611938477e-08,1.49011611938477e-08,1.86608716189217,1.26844344011146,0.338039822048037,1.95270263106359,11,35
1.492,1000,35,427.918923127642,523.911615065986,427.918923127642,14004.0361785749,13472.4745128958,14270.6352455258,61.3125981575526,55.2154103499196,41.9484809142485,-892.686382256881,-449.094429468119,1.49011611938477e-08,1.49011611938477e-08,1.80148132586241,1.18867331582056,1.49011611938477e-08,2.27962258064507,11,35
1.493,1000,35,403.029524373715,525.244416374875,403.029524373715,13605.2258800094,13614.5337708308,14578.9898151669,60.5077533746017,59.5952481777473,40.1584246657466,-792.487878546495,-582.588404193637,1.49011611938477e-08,1.49011611938477e-08,1.87143928867459,1.197867179911,1.49011611938477e-08,2.08602494909116,11,35
1.494,1000,35,352.984578629914,526.970172280373,352.984578629914,13349.4637702571,14044.7916081984,14388.5763072555,59.2860176209835,62.5242009636161,39.2282234158103,-681.417768518697,-548.387323315205,1.49011611938477e-08,1.49011611938477e-08,1.9369653387057,1.13791899223464,1.49011611938477e-08,2.84742693843104,11,35
1.495,1000,35,272.414481583228,529.392894382653,272.414481583228,13589.743615327,14219.1847694817,13940.7918456598,58.931921704352,63.844363634212,40.2922503186414,-602.294523317689,-408.099046009208,1.49011611938477e-08,1.49011611938477e-08,1.95311614558356,1.01148233326993,1.49011611938477e-08,12.2425501771335,11,35
1.496,1000,35,208.889295026276,531.316993694674,208.889295026276,14020.5730159923,13928.1579114219,13801.441829508,59.3491597417308,63.7239441594987,43.3446617410161,-544.713926877224,-240.608740160261,1.49011611938477e-08,1.49011611938477e-08,1.88194559421027,1.00563186338153,0.37704593081279,3.96074868605539,11,35
1.497,1000,35,331.371306949057,527.683245689906,331.371306949057,14117.7052045702,13537.8692528495,14151.1694159307,58.9431981885962,62.3388712256725,47.1928116420066,-461.634142533498,-112.801444651756,1.49011611938477e-08,1.49011611938477e-08,1.78774178541695,1.23821410054,1.15897136510777,2.2023681085275,11,35
1.498,1000,35,603.427987252482,-260.802995450972,603.427987252482,13793.565566316,13562.6277695227,14546.790418686,55.5766681428069,59.8311456506351,50.1138211321044,-349.68467925165,-57.6362470359386,1.49011611938477e-08,1.49011611938477e-08,1.83882746840279,1.65602927640068,2.00888498224836,1.99679335294227,11,35
1.499,1000,35,621.512411700456,530.898049304622,621.512411700456,13480.889259809,13967.8485326604,14516.4067432333,48.5430666815079,57.0980340132035,51.1230226713311,-293.603050632421,-29.6701464628766,1.49011611938477e-08,1.49011611938477e-08,1.92651801477223,1.97238438445809,3.05690920276072,2.09296262615719,11,35
1.5,1000,35,599.685717372142,520.664977433256,599.685717372142,13601.563273916,14228.8892085949,14113.9820810143,40.2584421803439,55.4605474143445,50.738108252302,-391.266770651276,15.7176750436517,1.49011611938477e-08,1.49011611938477e-08,1.96104710940845,1.5142086765721,2.95465991755931,1.81554088575026,11,35
