Time,Irradiance,Temp,Vpv,Ipv,Vdc,Vrms_1,Vrms_2,Vrms_3,Irms_1,Irms_2,Irms_3,Pac,Q,THDv_1,THDv_2,THDv_3,THDi_1,THDi_2,THDi_3,ScenarioID,SetTemp
0,1000,25,480.04994997857,535.853303034278,480.04994997857,120,120,120,120,120,120,0,0,1.49011611938477e-08,1.49011611938477e-08,1.49011611938477e-08,1.49011611938477e-08,1.49011611938477e-08,1.49011611938477e-08,9,25
0.001,1000,25,488.012202770922,514.534634720259,488.012202770922,120,120,120,120,120,120,0,0,1.49011611938477e-08,1.49011611938477e-08,1.49011611938477e-08,1.49011611938477e-08,1.49011611938477e-08,1.49011611938477e-08,9,25
0.002,1000,25,474.078158597683,518.278381990328,474.078158597683,120,120,120,120,120,120,0,0,1.49011611938477e-08,1.49011611938477e-08,1.49011611938477e-08,1.49011611938477e-08,1.49011611938477e-08,1.49011611938477e-08,9,25
0.003,1000,25,440.16865550171,522.126142053531,440.16865550171,120,120,120,120,120,120,0,0,1.49011611938477e-08,1.49011611938477e-08,1.49011611938477e-08,1.49011611938477e-08,1.49011611938477e-08,1.49011611938477e-08,9,25
0.004,1000,25,414.273004814238,523.340574921285,414.273004814238,120,120,120,120,120,120,0,0,1.49011611938477e-08,1.49011611938477e-08,1.49011611938477e-08,1.49011611938477e-08,1.49011611938477e-08,1.49011611938477e-08,9,25
0.005,1000,25,391.029331872156,524.173125765607,391.029331872156,120,120,120,120,120,120,0,0,1.49011611938477e-08,1.49011611938477e-08,1.49011611938477e-08,1.49011611938477e-08,1.49011611938477e-08,1.49011611938477e-08,9,25
0.006,1000,25,382.312786474469,524.444200021796,382.312786474469,120,120,120,120,120,120,0,0,1.49011611938477e-08,1.49011611938477e-08,1.49011611938477e-08,1.49011611938477e-08,1.49011611938477e-08,1.49011611938477e-08,9,25
0.007,1000,25,440.431468889914,522.116279148899,440.431468889914,120,120,120,120,120,120,0,0,1.49011611938477e-08,1.49011611938477e-08,1.49011611938477e-08,1.49011611938477e-08,1.49011611938477e-08,1.49011611938477e-08,9,25
0.008,1000,25,439.756388665163,522.12798666883,439.756388665163,120,120,120,120,120,120,0,0,1.49011611938477e-08,1.49011611938477e-08,1.49011611938477e-08,1.49011611938477e-08,1.49011611938477e-08,1.49011611938477e-08,9,25
0.009,1000,25,452.827932396973,521.191727032463,452.827932396973,120,120,120,120,120,120,0,0,1.49011611938477e-08,1.49011611938477e-08,1.49011611938477e-08,1.49011611938477e-08,1.49011611938477e-08,1.49011611938477e-08,9,25
0.01,1000,25,454.613187895608,521.024958469213,454.613187895608,120,120,120,120,120,120,0,0,1.49011611938477e-08,1.49011611938477e-08,1.49011611938477e-08,1.49011611938477e-08,1.49011611938477e-08,1.49011611938477e-08,9,25
0.011,1000,25,426.92514554366,522.821682828842,426.92514554366,120,120,120,120,120,120,0,0,1.49011611938477e-08,1.49011611938477e-08,1.49011611938477e-08,1.49011611938477e-08,1.49011611938477e-08,1.49011611938477e-08,9,25
0.012,1000,25,378.479693182001,524.569016317376,378.479693182001,120,120,120,120,120,120,0,0,1.49011611938477e-08,1.49011611938477e-08,1.49011611938477e-08,1.49011611938477e-08,1.49011611938477e-08,1.49011611938477e-08,9,25
0.013,1000,25,276.650056900055,527.626672591245,276.650056900055,120,120,120,120,120,120,0,0,1.49011611938477e-08,1.49011611938477e-08,1.49011611938477e-08,1.49011611938477e-08,1.49011611938477e-08,1.49011611938477e-08,9,25
0.014,1000,25,244.104917973205,528.613521985718,244.104917973205,120,120,120,120,120,120,0,0,1.49011611938477e-08,1.49011611938477e-08,1.49011611938477e-08,1.49011611938477e-08,1.49011611938477e-08,1.49011611938477e-08,9,25
0.015,1000,25,266.31822617712,527.968429050148,266.31822617712,120,120,120,120,120,120,0,0,1.49011611938477e-08,1.49011611938477e-08,1.49011611938477e-08,1.49011611938477e-08,1.49011611938477e-08,1.49011611938477e-08,9,25
0.016,1000,25,270.166155576122,527.864325673892,270.166155576122,120,120,120,120,120,120,0,0,1.49011611938477e-08,1.49011611938477e-08,1.49011611938477e-08,1.49011611938477e-08,1.49011611938477e-08,1.49011611938477e-08,9,25
0.017,1000,25,404.79696861348,523.706110616227,404.79696861348,13649.0691110089,13842.6175332747,14470.9377208767,54.3794978727151,68.0783253437937,15.991125936114,-665.299607515253,-394.149774177318,1.49011611938477e-08,1.49011611938477e-08,1.89137546577247,1.49011611938477e-08,1.49011611938477e-08,0.555008776094825,9,25
0.018,1000,25,445.228160453604,521.794211401884,445.228160453604,13674.7309879816,14195.7688117998,14080.9622181964,56.9695948764225,70.2805402519038,15.9933442972325,-561.393612660506,-430.350893623718,1.49011611938477e-08,1.49011611938477e-08,1.9387791435696,1.49011611938477e-08,1.49011611938477e-08,0.587914044072439,9,25
0.019,1000,25,411.305218055368,523.459233959463,411.305218055368,14105.6715061439,14120.0540571331,13766.2832281412,58.3298281095225,71.001982238376,15.8651678974426,-373.496192241769,-455.454159482973,1.49011611938477e-08,1.49011611938477e-08,1.90086113822172,0.299258450899212,1.49011611938477e-08,0.918408431705599,9,25
0.02,1000,25,307.119447113711,526.724139594293,307.119447113711,14402.6914239269,13720.6777564849,13938.1800694246,58.7187476078831,70.2824729618315,15.6733541759058,-118.629452621117,-418.538642788545,1.49011611938477e-08,1.49011611938477e-08,1.77530659969181,1.24320925100698,0.729246913037053,1.38035911700366,9,25
0.021,1000,25,250.650641460871,528.412394812722,250.650641460871,14194.5851538693,13519.9187881098,14349.56980929,58.641106660451,68.4089246936859,14.3302220725093,70.7139403638236,-294.751884508276,1.49011611938477e-08,1.49011611938477e-08,1.77066573735592,2.04528757815914,1.68884214151247,2.38155192656091,9,25
0.022,1000,25,223.466229163089,529.223736942618,223.466229163089,13782.5099913312,13787.4324917734,14477.3061924656,57.9234155102204,66.4902090284527,13.0084951300267,123.593960648462,-167.178663421877,1.49011611938477e-08,1.49011611938477e-08,1.87222792831512,2.7049216320677,2.75296422914135,4.34331959125976,9,25
0.023,1000,25,161.698154049759,531.062987910374,161.698154049759,13688.9866601892,14168.1511880125,14139.0082874275,57.1037366805863,65.9421993136541,13.6257517410999,3.47615768374629,-114.197489725679,1.49011611938477e-08,1.49011611938477e-08,1.93528350255648,8.08117190407638,7.57639807500224,2.81593516221147,9,25
0.024,1000,25,47.4889005699709,534.475097043904,47.4889005699709,14041.2591834536,14166.7032753075,13734.3460365328,58.1310418854554,67.8972944878754,14.6022246185671,-272.398888615298,-170.404223856798,1.49011611938477e-08,1.49011611938477e-08,1.92163832315718,2.59264465602056,1.15947547146158,0.905782370230767,9,25
0.025,1000,25,18.0775100474591,535.3968029741,18.0775100474591,14368.592851831,13762.8211645915,13777.8501678396,60.9743932569168,71.8828072274632,15.3245475955859,-568.940861426385,-321.389343504877,1.49011611938477e-08,1.49011611938477e-08,1.80091420887496,0.527706442610489,1.49011611938477e-08,1.49011611938477e-08,9,25
0.026,1000,25,69.0881426096848,533.86937423837,69.0881426096848,14232.8508869571,13449.8133593496,14181.5486128124,65.1970466463305,76.5314884511746,15.4618563745322,-742.644472702777,-461.709401916034,1.49011611938477e-08,1.49011611938477e-08,1.75453782299642,1.49011611938477e-08,1.49011611938477e-08,1.49011611938477e-08,9,25
0.027,1000,25,218.761384427382,529.412803399574,218.761384427382,13776.3785730677,13629.6402209223,14409.8947749746,69.8564820969067,80.5645278791032,15.3815101361237,-788.113078687376,-549.309351846355,1.49011611938477e-08,1.49011611938477e-08,1.84798549187511,1.49011611938477e-08,1.49011611938477e-08,1.49011611938477e-08,9,25
0.028,1000,25,425.498879322565,522.930615600077,425.498879322565,13550.0631179586,14072.0312387743,14181.8640437946,73.2484970481337,83.1551056754177,15.3518693496465,-715.646454104811,-618.19951096925,1.49011611938477e-08,1.49011611938477e-08,1.92695406428598,1.49011611938477e-08,1.49011611938477e-08,1.49011611938477e-08,9,25
0.029,1000,25,560.270281827295,347.504111682625,560.270281827295,13812.108827847,14228.5590341932,13768.8053495283,74.1791282550294,83.9338428396035,15.3021150343702,-530.612262233098,-655.471747080078,1.49011611938477e-08,1.49011611938477e-08,1.93764554513628,1.49011611938477e-08,1.49011611938477e-08,1.49011611938477e-08,9,25
0.03,1000,25,568.829353250236,286.373815080667,568.829353250236,14182.8459783814,13928.0678818193,13679.3473604236,72.7343872304562,82.8008594327235,17.3460415958361,-287.437475583762,-577.511096731302,1.49011611938477e-08,1.49011611938477e-08,1.84782704847513,0.688441171511506,1.49011611938477e-08,0.891572253311001,9,25
0.031,1000,25,623.452747655968,524.293329572678,623.452747655968,14197.6726144325,13555.8151291941,14054.8209348719,70.3061557634415,79.9680689592614,20.073533680047,-86.3586616447096,-429.530654437036,1.49011611938477e-08,1.49011611938477e-08,1.76777959052465,1.58169455912272,1.178436382952,3.30368331506943,9,25
0.032,1000,25,620.237460765176,523.340310772721,620.237460765176,13824.4832376505,13618.8613813082,14427.9482845467,67.3454020471968,76.2172650666548,20.9640589889053,41.9307305758646,-296.264123173087,1.49011611938477e-08,1.49011611938477e-08,1.83517665400699,2.13512784101066,2.17190934646511,5.25898926416996,9,25
0.033,1000,25,599.207904889048,453.920064262303,599.207904889048,13529.9423014265,14039.5359210995,14355.1242081458,63.5077942188603,72.5849018032194,21.2403072642029,54.5927777832391,-212.139543226125,1.49011611938477e-08,1.49011611938477e-08,1.92284954850732,2.8041387056807,3.57000562535443,4.2078963185391,9,25
0.034,1000,25,551.413791207449,394.866078944734,551.413791207449,13691.8262199954,14270.0711872257,13930.0449974436,60.9491408952685,70.2552410513784,21.2501878216361,-100.261770523864,-148.31370353955,1.49011611938477e-08,1.49011611938477e-08,1.94966554382584,5.22374798370613,6.30215744968842,4.02883425395999,9,25
0.035,1000,25,484.359159506728,515.548885094594,484.359159506728,14093.3865470466,14015.610638481,13733.0590504527,61.1733554632014,70.0614843508479,21.2950537378984,-396.221833728097,-135.914195600257,1.49011611938477e-08,1.49011611938477e-08,1.88975850182004,1.93430419740473,1.41686632097216,4.43653638151986,9,25
0.036,1000,25,385.458396268025,524.332425237598,385.458396268025,14176.9384640285,13579.914809012,14016.2337346289,63.8293349791724,71.6871470245873,21.5037987796692,-681.423754306562,-178.485612785258,1.49011611938477e-08,1.49011611938477e-08,1.78758485074792,0.578079703588863,1.49011611938477e-08,4.76776164406593,9,25
0.037,1000,25,357.86061553348,525.233027338807,357.86061553348,13797.7230268858,13510.7839431728,14394.4290605948,68.473149099353,73.9718207304194,22.4782187308692,-867.849971509897,-243.311099361304,1.49011611938477e-08,1.49011611938477e-08,1.82255600356124,1.49011611938477e-08,1.49011611938477e-08,3.48549756904251,9,25
0.038,1000,25,568.036694599776,299.230208719632,568.036694599776,13402.3752418157,13899.8403940932,14418.460366113,72.6686642757714,75.5888630484193,23.7944985113336,-889.642471190983,-330.828780787087,1.49011611938477e-08,1.49011611938477e-08,1.91297188577846,1.49011611938477e-08,1.49011611938477e-08,3.26398732952783,9,25
0.039,1000,25,613.349750127912,-2970.28745192001,613.349750127912,13451.3127601256,14248.9224736558,14063.5729241378,74.4543495772369,75.7086880797222,23.8934154976935,-767.062406425004,-412.677541324095,1.49011611938477e-08,1.49011611938477e-08,1.95193135000098,0.289409496100754,1.49011611938477e-08,3.55463235065727,9,25
0.04,1000,25,608.074886622296,-2147.51452521604,608.074886622296,13868.423456985,14150.1932627651,13775.2675139748,74.4834146039202,74.0383665953891,22.9507949435175,-525.218370936467,-428.486726861037,1.49011611938477e-08,1.49011611938477e-08,1.92782557255122,0.768765187882008,0.411225883103332,3.5063751522344,9,25
0.041,1000,25,534.216157400524,458.631969167446,534.216157400524,14156.7707504219,13739.0476632607,13989.4231596696,73.0854312064038,70.4494864236203,21.8691401314422,-245.516171044844,-351.131687944214,1.49011611938477e-08,1.49011611938477e-08,1.81717576077027,1.26828955615953,1.18397931269158,2.49122460062937,9,25
0.042,1000,25,416.209550482663,523.252327984004,416.209550482663,13963.8731479228,13559.7424232701,14444.6144857093,70.9143536007787,65.4406991096572,21.4607592204631,16.0391038718037,-226.379295967773,1.49011611938477e-08,1.49011611938477e-08,1.80982286052862,1.77126528290057,1.23256508963414,2.11402668284718,9,25
0.043,1000,25,300.416673170467,526.937628540166,300.416673170467,13566.0335864878,13845.9310376775,14575.3885422048,67.9193439735379,60.2789719939004,21.6489591561952,127.191561402741,-90.8728191636072,1.49011611938477e-08,1.49011611938477e-08,1.89707428517361,2.29345173026381,0.963615460598256,2.00594207355775,9,25
0.044,1000,25,274.265950196251,527.708003897649,274.265950196251,13505.9924340036,14217.6292019944,14231.644031112,64.7808596381987,56.8602622060289,21.6723098473052,20.0034738228631,19.0088815303301,1.49011611938477e-08,1.49011611938477e-08,1.94630034918051,4.06199600550167,1.80610464271968,2.01636259511252,9,25
0.045,1000,25,259.535138043166,528.16104767138,259.535138043166,13892.8340089585,14193.4664766224,13842.4689836052,63.1920485239407,56.3750057249595,21.9674184858265,-279.494320290858,42.5345637749775,1.49011611938477e-08,1.49011611938477e-08,1.93746049166661,2.55252927947282,3.92912955663437,2.41569759841308,9,25
0.046,1000,25,170.580114275697,530.8257929058,170.580114275697,14234.9883496708,13779.7535730207,13905.5865820999,65.0894660562509,58.9306911026154,21.8370122578359,-596.422389323516,-63.1517302213932,1.49011611938477e-08,1.49011611938477e-08,1.82054796769786,0.968199414965157,0.247981914162822,3.51036294034572,9,25
0.047,1000,25,173.171778921073,530.73644981549,173.171778921073,14123.2433220849,13491.2527895023,14327.3894013793,69.5338208535518,63.0778879420294,19.1885863957544,-768.852323164278,-249.816061556159,1.49011611938477e-08,1.49011611938477e-08,1.77425053601203,0.289109569958751,1.49011611938477e-08,4.39944275475634,9,25
0.048,1000,25,312.945364886747,526.596870979099,312.945364886747,13681.4178846431,13697.1555767583,14534.462338052,74.1259835401195,66.9372735497493,16.455942143193,-768.90710880554,-366.789663103353,1.49011611938477e-08,1.49011611938477e-08,1.86606360142582,1.49011611938477e-08,1.49011611938477e-08,2.94830543315639,9,25
0.049,1000,25,522.616357219425,486.085948700058,522.616357219425,13480.1656530253,14121.2139825697,14266.0029488025,77.3024139244657,69.563985098382,15.3617386334659,-677.813867740287,-422.72486564467,1.49011611938477e-08,1.49011611938477e-08,1.93655906024422,1.49011611938477e-08,1.49011611938477e-08,2.41545614475863,9,25
0.05,1000,25,609.994788936359,516.218810946941,609.994788936359,13759.5707997294,14230.7498821432,13834.0861122127,78.2301318185837,70.7652273701416,15.4089299203202,-533.12926381528,-437.823485162601,1.49011611938477e-08,1.49011611938477e-08,1.9444427030427,1.49011611938477e-08,1.49011611938477e-08,3.44549114345552,9,25
0.051,1000,25,551.659119509147,395.059485127434,551.659119509147,14120.4142599396,13902.5266420594,13762.3308436981,77.3510049660719,70.5713016225363,18.3997172184759,-379.126550618061,-379.36252155599,1.49011611938477e-08,1.49011611938477e-08,1.85477733492838,0.728645318057644,0.29110276899164,6.55396101737382,9,25
0.052,1000,25,630.758190839457,527.286616007804,630.758190839457,14121.4593617598,13548.9521184467,14158.2470929026,75.4071415704901,68.8009790778741,22.8759483015144,-227.349899302744,-279.049897627701,1.49011611938477e-08,1.49011611938477e-08,1.78030021109172,1.54997460078078,1.28567231480167,3.52675589171506,9,25
0.053,1000,25,626.96214717021,525.761105104671,626.96214717021,13764.9448363519,13645.4299299393,14527.7897036565,71.5197517230927,65.8145782784505,24.2847181687323,-93.2058206767827,-214.793077868508,1.49011611938477e-08,1.49011611938477e-08,1.84792745754604,2.40173582067916,2.14773676928893,3.52761181773903,9,25
0.054,1000,25,611.580939364899,518.472344288271,611.580939364899,13493.1302337359,14073.8994614674,14428.9882518099,65.6649259157895,62.58383214615,23.5500729128649,-47.8226511256321,-156.284981514748,1.49011611938477e-08,1.49011611938477e-08,1.9298152428274,3.3756183072686,3.29532782069827,4.18517545165124,9,25
0.055,1000,25,569.880196921531,274.923140943166,569.880196921531,13679.5190582112,14290.4261214269,14001.3129521798,60.8760442450129,60.11922678062,22.5142435481165,-163.310589642002,-68.4366340520376,1.49011611938477e-08,1.49011611938477e-08,1.95435707980522,3.68834403306883,5.19320579370459,3.74005989070001,9,25
0.056,1000,25,487.56295334638,514.518823300582,487.56295334638,14080.2159099672,14022.2642313997,13815.6485678672,60.1872358575175,59.1115964217086,23.0033428314556,-400.071212367462,-0.0376715810313078,1.49011611938477e-08,1.49011611938477e-08,1.89202877041637,1.66370944909368,2.1456826552691,2.36329771738275,9,25
0.057,1000,25,442.978543874875,521.893058664551,442.978543874875,14178.0980282925,13595.1698337799,14122.8892211158,62.9112569509675,59.5193983161377,24.444108253331,-652.566142920448,-11.7742082932415,1.49011611938477e-08,1.49011611938477e-08,1.78869532270658,0.744636315803442,0.886363088255178,1.8057151152311,9,25
0.058,1000,25,424.870272525843,522.957506976855,424.870272525843,13758.893519708,13562.2288249334,14461.9956126674,67.2135503332853,60.7079107737217,26.882249111952,-801.34302341398,-50.8936048843836,1.49011611938477e-08,1.49011611938477e-08,1.83460512514732,0.279561709789555,0.306126919740416,1.51327666342101,9,25
0.059,1000,25,608.672937418186,-139.119907932984,608.672937418186,13357.6876211165,13960.0163910818,14417.522770875,71.062723458409,61.5776506963866,29.6603438164733,-833.62405561672,-126.879583333791,1.49011611938477e-08,1.49011611938477e-08,1.92066484425591,0.316470069235588,1.49011611938477e-08,1.63595808456973,9,25
0.06,1000,25,631.251014568916,-8386.72800341137,631.251014568916,13425.5705735471,14290.3226050792,14044.0847696387,71.9546913393255,61.1728930678978,30.8937594951632,-750.950067157418,-241.243997942169,1.49011611938477e-08,1.49011611938477e-08,1.9550397142811,0.619769123928755,0.483880890421258,1.99423195465009,9,25
0.061,1000,25,610.105433409785,516.448145270571,610.105433409785,13823.0351353104,14154.5275339817,13786.444701449,70.8459136096524,59.1502842365831,31.0028365107681,-588.885593224987,-298.004591329629,1.49011611938477e-08,1.49011611938477e-08,1.93233436275665,0.942674906851817,1.02671981478624,2.09481722501643,9,25
0.062,1000,25,594.447506496396,311.848427455165,594.447506496396,14047.9031050879,13737.9104306587,14015.3527234077,68.8943766634731,55.4967991997281,30.8263294535695,-388.385175901291,-253.257715403726,1.49011611938477e-08,1.49011611938477e-08,1.83214916232183,1.29435079528705,1.64851715680919,1.76642376517524,9,25
0.063,1000,25,559.225872827796,351.425607424667,559.225872827796,13833.9606680139,13589.1317095826,14475.8409235642,65.45877050453,49.9569856295698,30.8549289003351,-178.955905326475,-181.783677021411,1.49011611938477e-08,1.49011611938477e-08,1.83071457464628,1.74073957207596,1.77641353634417,1.72202948909959,9,25
0.064,1000,25,482.857735841287,516.157990372064,482.857735841287,13443.8187675253,13903.4129631108,14607.2837636532,60.6216371094636,43.3138336940532,31.37653133024,-58.7187083838583,-80.0513401066685,1.49011611938477e-08,1.49011611938477e-08,1.91057050061978,2.24536054571777,1.50534185421969,1.81186626560967,9,25
0.065,1000,25,464.640553376424,519.937032602124,464.640553376424,13407.2471351263,14259.11719176,14251.0296668273,56.2099848465009,37.5079342564261,31.6558497232933,-125.64841784103,41.7026806627763,1.49011611938477e-08,1.49011611938477e-08,1.95053045929713,2.73198424710427,2.02892170644244,1.71398797991336,9,25
0.066,1000,25,480.013213294222,517.08306615483,480.013213294222,13820.1359698977,14207.8030671603,13872.056907519,54.0274871986464,34.6930071138574,31.6402963488069,-350.328822363613,93.2374890206574,1.49011611938477e-08,1.49011611938477e-08,1.94273824846042,1.8300575820508,4.47476056986632,1.66467690108103,9,25
0.067,1000,25,463.678429312796,519.928929372897,463.678429312796,14161.6031935389,13789.1610875089,13965.2240986912,55.1915550274248,35.5364578553289,31.2662311273334,-602.449470218878,10.1186216573114,1.49011611938477e-08,1.49011611938477e-08,1.83054899543628,1.02996103385674,0.837270382361374,1.92699397290354,9,25
0.068,1000,25,450.709536014793,521.389381574091,450.709536014793,14041.6434689899,13523.317778561,14403.7742818578,58.3349595066253,38.6597975961822,28.6812627673894,-705.019487682095,-153.682770136413,1.49011611938477e-08,1.49011611938477e-08,1.79068377258923,0.690840464080559,1.49011611938477e-08,2.51941409957836,9,25
0.069,1000,25,572.812832403635,257.816823190432,572.812832403635,13606.5435481497,13754.579185772,14596.7600899341,60.8640505147379,41.8230771149505,25.9773531807743,-668.696818771684,-246.20647477848,1.49011611938477e-08,1.49011611938477e-08,1.88107808951155,0.521491564021804,1.49011611938477e-08,3.04506165514471,9,25
0.07,1000,25,615.923606074964,521.737064151829,615.923606074964,13433.5333911085,14168.4247011096,14322.5988156559,61.8726997739825,43.7632803609721,24.7810080926964,-597.986322689801,-254.377826802648,1.49011611938477e-08,1.49011611938477e-08,1.94299053723122,0.37714282400387,1.49011611938477e-08,3.14268034978483,9,25
0.071,1000,25,562.197866007454,331.136459235786,562.197866007454,13730.42039683,14239.9354951645,13899.9344775393,61.9510133803576,44.4204171305978,25.4279826544251,-546.949892396575,-208.438725101475,1.49011611938477e-08,1.49011611938477e-08,1.94993613317718,0.394908096400546,0.261071077437134,2.31788322130249,9,25
0.072,1000,25,518.915860499761,490.984579084606,518.915860499761,14106.2002720249,13875.3008470301,13857.6728671882,61.9614123767298,44.152363584628,28.2368481789406,-512.664779990605,-141.836755922981,1.49011611938477e-08,1.49011611938477e-08,1.85701350882907,0.736665353310317,0.73600673240315,1.76067070666274,9,25
0.073,1000,25,621.85516493386,-4837.2439663189,621.85516493386,14092.5893049993,13528.9695107543,14270.8720490078,61.0655199056455,42.9959583255455,30.1813043190839,-439.83264124363,-124.537002543142,1.49011611938477e-08,1.49011611938477e-08,1.78630257930232,1.19428901188837,1.25876091830471,1.79885741297693,9,25
0.074,1000,25,630.26180012496,-7764.29398970946,630.26180012496,13713.6576626004,13654.3468014518,14618.3676652128,58.0828591616942,41.0742964333686,29.9460891698339,-329.016926568696,-126.952953566182,1.49011611938477e-08,1.49011611938477e-08,1.85721568131913,1.73332377589528,1.88035956722656,2.16704925917766,9,25
0.075,1000,25,616.065071794791,-3534.84986638036,616.065071794791,13467.5650158016,14084.9872098525,14503.3707419584,52.1708996270303,38.7579095183495,27.482146370361,-261.13240836611,-92.1818667683334,1.49011611938477e-08,1.49011611938477e-08,1.9342176015284,2.12068894383252,2.44860989912644,2.39934260482945,9,25
0.076,1000,25,592.551334042458,-254.298528946757,592.551334042458,13686.7788958727,14282.7135437258,14078.5875875307,46.2505384965944,36.998248403299,24.439406729197,-306.050275817322,-1.3035422970387,1.49011611938477e-08,1.49011611938477e-08,1.95691942057399,1.74384974895455,2.59256990030987,1.64462585480164,9,25
0.077,1000,25,513.834126891352,496.014373937782,513.834126891352,14098.0832090808,14007.993655529,13911.6529471197,44.6361213174814,36.2792002257155,24.179774803243,-451.324079511374,99.5886134514592,1.49011611938477e-08,1.49011611938477e-08,1.88919926006901,1.02589092297876,2.07855905403548,0.893829726065495,9,25
0.078,1000,25,465.938223893318,519.717523808299,465.938223893318,14176.3915810443,13599.0935601296,14230.5876984408,47.3177097979703,36.3645407255382,26.9531350359703,-597.93817906251,141.918190758274,1.49011611938477e-08,1.49011611938477e-08,1.79122994148086,0.593918522238685,1.57886877032791,0.650885952147455,9,25
0.079,1000,25,513.858016681606,497.280222286995,513.858016681606,13774.680976543,13594.5645509425,14558.6661402665,51.5874985724849,36.7835550261572,30.7249413499239,-663.03532598235,132.177540108815,1.49011611938477e-08,1.49011611938477e-08,1.84068266048231,0.475116824946629,1.36053454289905,0.724402107485353,9,25
0.08,1000,25,642.60355396958,-15120.3876426093,642.60355396958,13395.5966364955,13996.2841714094,14470.6349310807,55.3356172185048,36.9662991356861,34.6322256702948,-680.325599890499,85.570365503557,1.49011611938477e-08,1.49011611938477e-08,1.92428512028922,0.601946759566224,1.33186437726596,1.00173328794122,9,25
0.081,1000,25,631.536432469593,-8394.80843655809,631.536432469593,13488.8628747689,14296.7027007293,14064.6052421249,56.0699066728323,36.9016318688925,36.0817526899653,-673.003622595746,-12.7398952204968,1.49011611938477e-08,1.49011611938477e-08,1.95596582361184,0.795519011861265,1.36808520091905,1.38920443879314,9,25
0.082,1000,25,597.916458693059,-915.46122125008,597.916458693059,13870.6996342324,14131.33660878,13825.0032528014,55.0132822477735,36.260412383025,36.2222890153966,-634.675687839627,-104.66340016481,1.49011611938477e-08,1.49011611938477e-08,1.92803727061371,0.962795908793952,1.5265039506675,1.65807944076016,9,25
0.083,1000,25,588.787500885275,98.0799338698918,588.787500885275,14022.7342824749,13710.5971443176,14057.9288132064,54.771952252596,34.7393217225364,36.4294545384738,-586.21449136474,-105.07211413928,1.49011611938477e-08,1.49011611938477e-08,1.8338244592094,1.08671554162176,1.8512503603091,1.50685986186206,9,25
0.084,1000,25,612.407581093344,-2899.37089981327,612.407581093344,13766.5642974142,13590.4562914654,14510.9996226309,53.5124929014021,32.4891260981568,36.4337055759647,-483.535509773958,-94.5404141449939,1.49011611938477e-08,1.49011611938477e-08,1.84038248032984,1.29825419061623,2.27551389463132,1.48193762858491,9,25
0.085,1000,25,602.550873934616,-1426.14175970375,602.550873934616,13375.5689356549,13932.2086533652,14616.0826893356,50.1544725066949,29.0703180401399,36.5062056835678,-380.320029398147,-48.4601319902877,1.49011611938477e-08,1.49011611938477e-08,1.91750354725676,1.51407927509165,2.55331198093558,1.5480007087979,9,25
0.086,1000,25,586.107644892403,127.225835377357,586.107644892403,13351.7525912515,14277.8269005502,14247.4842344121,47.1551235737672,25.1812706120322,37.0317910988457,-381.081104621875,38.0950545821017,1.49011611938477e-08,1.49011611938477e-08,1.95197533880122,1.47899507652362,2.65598049340577,1.43208008595733,9,25
0.087,1000,25,603.256559650917,489.616902138392,603.256559650917,13787.5153485992,14202.9033418095,13877.5149716322,46.4584076204158,22.3748183985684,37.1234729229457,-490.363345720348,71.1828516371902,1.49011611938477e-08,1.49011611938477e-08,1.94197834864595,1.23690688534534,2.30550251924244,1.35162885002045,9,25
0.088,1000,25,596.202454314595,-569.31517827465,596.202454314595,14142.8722447558,13782.7136972598,14011.2943269608,46.579433502623,21.9190865177763,36.0249182246375,-562.229697845289,-30.6608675803017,1.49011611938477e-08,1.49011611938477e-08,1.8298454072138,1.15571264815151,1.41989630933428,1.62198061826069,9,25
0.089,1000,25,591.428969967718,37.7945647999346,591.428969967718,13999.2079970073,13545.4726348098,14459.9259202908,45.6322214513761,22.8782663816095,33.5046787237148,-515.758000399459,-158.826726077957,1.49011611938477e-08,1.49011611938477e-08,1.802908459889,1.26048869577578,1.07157617246852,2.23452921915154,9,25
0.09,1000,25,571.626604732794,262.319156675617,571.626604732794,13582.9682532694,13797.0838907001,14645.5900480417,43.6243908976598,23.5930951498044,31.7512283651001,-430.312195283317,-182.851477866624,1.49011611938477e-08,1.49011611938477e-08,1.89092281282003,1.39353176615961,1.15617193465411,2.92408252013053,9,25
0.091,1000,25,491.218710955963,513.035468094111,491.218710955963,13437.3919529087,14200.0104136364,14348.2838542411,42.4101442175864,23.409113910107,31.7861013922027,-413.373658165085,-116.805768260366,1.49011611938477e-08,1.49011611938477e-08,1.94557325330903,1.3409642029528,1.2406597098218,2.86835200218897,9,25
0.092,1000,25,357.756491631582,525.209983227261,357.756491631582,13761.0152193469,14235.9850832612,13929.7977785988,43.9789100783607,23.4079469451275,33.4129401683735,-497.824585850283,-11.6342702185375,1.49011611938477e-08,1.49011611938477e-08,1.94946583240311,1.064404198326,1.11707092292381,2.02840802555096,9,25
0.093,1000,25,360.261475869873,525.137611142513,360.261475869873,14129.4101977066,13850.0360436356,13924.6889555637,47.7713925609649,24.1295513928365,35.782985850857,-626.961808329384,47.8660471262018,1.49011611938477e-08,1.49011611938477e-08,1.85411125366019,0.846177880013399,0.904841810712021,1.56915572438576,9,25
0.094,1000,25,470.557977473156,519.129196796306,470.557977473156,14090.5942155747,13512.0177974039,14348.8027189148,51.6933346799195,25.8824663483955,37.1264959193409,-675.956693486445,5.6939072449114,1.49011611938477e-08,1.49011611938477e-08,1.78748458750044,0.869230478716932,0.794351598565126,1.62036416052041,9,25
0.095,1000,25,641.289921221551,-14123.7408906359,641.289921221551,13702.015200332,13664.1724988171,14669.1352471021,53.3225552579309,27.8952927546653,36.4037833783028,-607.901276416711,-60.0856406118982,1.49011611938477e-08,1.49011611938477e-08,1.86275619653046,1.04134263426214,0.868703830357951,1.96620228070682,9,25
0.096,1000,25,631.847624703181,-8530.73316190838,631.847624703181,13470.4735397571,14094.549895362,14525.1342115948,51.5493358422465,28.9774877065932,33.4560568143797,-522.29989758555,-70.1520966204303,1.49011611938477e-08,1.49011611938477e-08,1.93760031069411,1.09677477223152,0.991081453031238,2.10028351250114,9,25
0.097,1000,25,605.917110912465,-1881.58215584078,605.917110912465,13701.3150244815,14258.8950184866,14106.5522789487,48.5963329034034,29.2904606547275,29.6526400129545,-500.939706376656,3.83630951073955,1.49011611938477e-08,1.49011611938477e-08,1.95860714409597,0.778979993323997,1.05941308658423,1.33529930098973,9,25
0.098,1000,25,520.519626451266,486.823257348714,520.519626451266,14096.0932154589,13959.1490288569,13968.7929503601,48.2417080745985,29.2609324054005,28.7828419041232,-558.781842722246,115.743909401247,1.49011611938477e-08,1.49011611938477e-08,1.88670354196384,0.39178291236347,1.13158081624336,0.546250560857828,9,25
0.099,1000,25,492.202737111607,512.924203671261,492.202737111607,14167.4765092396,13563.2815177199,14310.0540110854,50.3052093408936,28.9563177866361,31.0026621500614,-605.073715547527,170.986099680252,1.49011611938477e-08,1.49011611938477e-08,1.79040814117073,0.453275704730944,1.28605017377042,0.349382645956178,9,25
0.1,1000,25,586.149493301452,126.898695041312,586.149493301452,13790.7315265035,13589.9012883603,14645.1186582793,52.0942201073952,27.9632744680371,33.6929337662869,-573.010408189561,172.541724523216,1.49011611938477e-08,1.49011611938477e-08,1.84275803653515,0.747198395044428,1.54215429977789,0.594136767466775,9,25
0.101,1000,25,635.883357925626,-10447.1257319692,635.883357925626,13445.2138760518,13998.1967617886,14541.6897763487,53.5668554473675,25.738221202643,36.3439251120749,-547.337202981908,165.918102228198,1.49011611938477e-08,1.49011611938477e-08,1.92562960626358,1.01535602844341,1.77017385353669,0.881355867695743,9,25
0.102,1000,25,624.122338344894,-5612.15620201225,624.122338344894,13566.290265778,14264.046671535,14111.6567616616,53.9724118033502,24.0629459800243,37.1376712083628,-577.324911762752,122.026442405367,1.49011611938477e-08,1.49011611938477e-08,1.95477641162067,1.14815378140121,1.66753872449605,1.17580356492916,9,25
0.103,1000,25,572.275105066189,255.363210261874,572.275105066189,13959.0070209791,14076.2964110991,13878.6607693225,54.0789380670315,24.2863867426426,36.6851910528108,-640.812510793481,52.6589949098609,1.49011611938477e-08,1.49011611938477e-08,1.91525988927794,1.11566090235218,1.31623732213838,1.36938803522209,9,25
0.104,1000,25,599.527272789736,-26.0124881691886,599.527272789736,14077.2036591528,13654.6814480219,14131.2731473045,55.7001296990201,25.4382383157824,37.100996597101,-702.012275592752,34.2273673940701,1.49011611938477e-08,1.49011611938477e-08,1.82219753696413,0.961053802396071,1.09980630543455,1.24980248584014,9,25
0.105,1000,25,623.196370677731,524.364139891475,623.196370677731,13786.666715449,13555.8892509232,14563.1546369609,56.5637503576582,26.1497143431375,37.1781714291886,-684.414523260354,32.6451314646183,1.49011611938477e-08,1.49011611938477e-08,1.84101811859878,0.921008171949798,1.07269641584105,1.16645027094977,9,25
0.106,1000,25,606.021616048701,-1881.05746124191,606.021616048701,13383.1919922169,13907.2512623097,14612.8092109846,56.6068543614435,25.9578950371157,37.1383302070829,-650.705982425174,63.8691807149112,1.49011611938477e-08,1.49011611938477e-08,1.91963259938833,0.944193469640581,1.07724494484284,1.12320080406993,9,25
0.107,1000,25,594.842359122715,-421.476296055355,594.842359122715,13394.0176340625,14235.418903748,14197.6007688675,56.5986807987984,25.4734873355867,36.8436013467698,-682.140417528669,87.603203451004,1.49011611938477e-08,1.49011611938477e-08,1.95284344852773,0.935252073438168,0.955495873058919,1.1025441055866,9,25
0.108,1000,25,562.00471138642,334.533186736552,562.00471138642,13852.2423224654,14135.3823296631,13847.830628567,56.1193604961273,26.1306380792829,36.2008148882085,-729.227455052696,-19.6015740521641,1.49011611938477e-08,1.49011611938477e-08,1.9350257070873,1.00386610807387,0.810295287044286,1.41510111727122,9,25
0.109,1000,25,517.152029929759,492.764849608462,517.152029929759,14167.4786421631,13712.3711873161,14013.5596886568,54.0648538129242,27.7806784080304,35.293386398679,-668.068418832491,-219.000925210389,1.49011611938477e-08,1.49011611938477e-08,1.82129219309171,1.23269735160297,0.815574605309456,2.31662089061411,9,25
0.11,1000,25,462.412354789249,520.110245312348,462.412354789249,13989.8068229796,13500.9294921394,14458.6155128499,50.1476718353742,29.2136982247975,33.9579702609507,-511.311743687385,-350.444473261291,1.49011611938477e-08,1.49011611938477e-08,1.80416538347603,1.57198885042943,0.981201123374627,3.72491375466939,9,25
0.111,1000,25,390.271721070742,524.181669294515,390.271721070742,13580.8565927093,13775.4979831025,14623.37157838,44.3707448500243,28.9763756251308,33.0018592638271,-372.68309997727,-347.371660022606,1.49011611938477e-08,1.49011611938477e-08,1.89290870827892,1.88984924261805,1.22314051556316,5.46212602531459,9,25
0.112,1000,25,317.102679671257,526.425708471119,317.102679671257,13468.1577055385,14172.350806366,14296.1602241138,39.3898213465554,27.3899632454562,33.336386912027,-338.560891295342,-240.792556803278,1.49011611938477e-08,1.49011611938477e-08,1.94517942596043,1.79195957129651,1.29181631152246,11.1569735922832,9,25
0.113,1000,25,249.491465198596,528.445595948941,249.491465198596,13820.7027342828,14193.0111330848,13883.9266616716,38.6648029095394,26.2341502598404,35.1378665751692,-433.037419640921,-100.86821943941,1.49011611938477e-08,1.49011611938477e-08,1.94240155002734,1.1967658429018,1.08109694382845,4.58397624413288,9,25
0.114,1000,25,252.746996129322,528.372993144506,252.746996129322,14193.5856150382,13804.8099625112,13905.2578554817,41.6659012926521,26.1040432801121,37.5975152945453,-565.224862709207,-27.8562036852299,1.49011611938477e-08,1.49011611938477e-08,1.83496465298151,0.830335430290475,0.833701566488307,2.72101757272471,9,25
0.115,1000,25,396.655327149231,524.023494100234,396.655327149231,14137.381280505,13493.1569816088,14335.0414650884,45.1150690874787,26.6678136344095,39.252382528774,-608.376442665142,-57.2531787697574,1.49011611938477e-08,1.49011611938477e-08,1.77702229617673,0.822005706080743,0.753877716661357,2.5667878729734,9,25
0.116,1000,25,634.702045403828,529.074613028458,634.702045403828,13740.9377933707,13671.3717140002,14623.1966319187,46.3323621397284,27.2075597779001,39.3703323117397,-555.026056540514,-106.706093147937,1.49011611938477e-08,1.49011611938477e-08,1.86171249479375,0.962655951547988,0.862630507728355,3.04448841616349,9,25
0.117,1000,25,631.200202730289,527.722353853067,631.200202730289,13527.5288639144,14098.6048021445,14440.629116498,44.643087343085,27.2365524110111,37.8550735830292,-496.458468668229,-121.603720854457,1.49011611938477e-08,1.49011611938477e-08,1.93819554096749,0.93756368215487,0.960697400038284,3.42882859252,9,25
0.118,1000,25,603.725791825884,497.36964083681,603.725791825884,13777.9611356508,14232.9859087543,14016.136969779,42.4239012398283,27.1883242912558,35.8895106795915,-512.053261700743,-77.1540416296345,1.49011611938477e-08,1.49011611938477e-08,1.95522769024004,0.523841671481159,0.926012131182531,2.35617703703264,9,25
0.119,1000,25,509.09018220124,501.509776182938,509.09018220124,14160.6197614461,13910.3649730883,13904.310226527,43.1448379355441,27.4965607541001,35.565969354086,-590.769458170392,-14.6638690218654,1.49011611938477e-08,1.49011611938477e-08,1.87119695945976,0.13658369098706,0.83415462028966,1.35289238849108,9,25
0.12,1000,25,489.26600035421,514.120341810523,489.26600035421,14210.4185161328,13524.7864000572,14267.9092487614,45.8161363347876,28.1848375523673,36.5114596705692,-626.611671477402,-12.7602512019983,1.49011611938477e-08,1.49011611938477e-08,1.7780931018331,0.480714470112053,0.80335613000879,1.32964976048713,9,25
0.121,1000,25,535.824728348525,455.500635138611,535.824728348525,13803.6286647637,13580.0109991173,14585.1647736602,48.0657229054177,28.5202116900598,37.6103428865528,-582.180620405711,-36.2756701874905,1.49011611938477e-08,1.49011611938477e-08,1.83964289660839,0.848632951532532,0.861679875866218,1.73012453840309,9,25
0.122,1000,25,638.632142766652,532.374802901835,638.632142766652,13464.8603922955,14004.3937003514,14454.7086379875,50.8642720697657,28.4495023425619,39.2010882634624,-544.031271803962,-60.2227547896474,1.49011611938477e-08,1.49011611938477e-08,1.92445162608409,1.17910200418485,0.904714471107685,2.21199441074599,9,25
0.123,1000,25,622.914207831822,524.318118888179,622.914207831822,13611.4520256741,14260.8220329097,14029.3850592674,51.8269520379883,28.3543061752817,39.6136642538561,-528.664034647164,-103.236571124253,1.49011611938477e-08,1.49011611938477e-08,1.9514205988939,1.39052474923422,0.885919065782248,2.69175386681902,9,25
0.124,1000,25,569.308638431146,279.278269797516,569.308638431146,13984.8386956379,14049.1489271898,13838.166556585,51.9344079442672,28.2254082423702,39.6705884413173,-529.231275383445,-105.494919339374,1.49011611938477e-08,1.49011611938477e-08,1.90574506867254,1.38220771448294,0.963604956854185,2.5013825525219,9,25
0.125,1000,25,605.520635812575,-104.464095972266,605.520635812575,14075.9291493057,13634.5374795401,14118.036003492,53.2654172892529,27.4418811566545,39.9434058193406,-562.709005540801,-20.5470343807454,1.49011611938477e-08,1.49011611938477e-08,1.81530795205054,1.17473633936156,1.17372191297393,1.58913468252627,9,25
0.126,1000,25,622.893782336032,-5220.25661005313,622.893782336032,13768.2982728704,13563.6462659306,14535.9234767526,53.8896131426119,25.4968078016061,39.217876754889,-552.539038316498,51.3376518496393,1.49011611938477e-08,1.49011611938477e-08,1.84244380202238,1.11576726320224,1.48372612500102,1.13307070842858,9,25
0.127,1000,25,603.885381676048,-1599.01352970155,603.885381676048,13379.5571579429,13918.4621400683,14544.4564943315,53.9231473844456,22.8998181445752,38.1873852893276,-552.741289675501,111.883666600412,1.49011611938477e-08,1.49011611938477e-08,1.92125403934816,1.13151982274848,1.73782276145717,0.957978202242373,9,25
0.128,1000,25,570.684956659804,269.364671599678,570.684956659804,13425.7103619155,14226.4736255061,14120.1555415881,54.0071918491925,22.3812095402428,37.0433674280018,-642.516439818035,103.482808102016,1.49011611938477e-08,1.49011611938477e-08,1.95375325396335,1.10108438010227,1.54241503692981,1.03106540151815,9,25
0.129,1000,25,490.401342458522,513.488193010039,490.401342458522,13889.4338780667,14091.792151951,13803.0370209054,53.727346302229,25.6373210450319,36.748383113455,-752.777763423644,-65.6598796422711,1.49011611938477e-08,1.49011611938477e-08,1.92958642969544,1.1161000158593,0.915792723254211,1.61072415325789,9,25
0.13,1000,25,392.771374715168,524.108502626931,392.771374715168,14176.8911644605,13660.5609076612,14000.1820788184,52.2839283305441,30.7343487162831,37.4172289048287,-736.420822415256,-331.099272056537,1.49011611938477e-08,1.49011611938477e-08,1.81367854800649,1.28820711584608,0.525471525917102,2.81749909279093,9,25
0.131,1000,25,329.640615124785,526.055245037299,329.640615124785,13966.5122485318,13473.0307945282,14439.5067422251,49.415835594936,35.3220369462927,37.40104262351,-614.091735111082,-494.088535966967,1.49011611938477e-08,1.49011611938477e-08,1.80507656330971,1.54540668359329,0.426036567659694,2.84968171279077,9,25
0.132,1000,25,295.950682686114,527.063074449216,295.950682686114,13554.9794486765,13770.7827993275,14572.8808779754,45.0426168312138,38.1507649827013,36.8831878802162,-476.894954013399,-511.841724833759,1.49011611938477e-08,1.49011611938477e-08,1.89529087966708,1.75326097643788,0.516055663250884,2.78311279628316,9,25
0.133,1000,25,247.464826879462,528.510266057838,247.464826879462,13472.7518008775,14163.5259192232,14225.7726188951,41.2056484001468,39.4077219600945,37.0281254701114,-416.532752339809,-414.461111585601,1.49011611938477e-08,1.49011611938477e-08,1.94497577469216,1.62218528797713,0.588913921667738,4.77289601933632,9,25
0.134,1000,25,201.906594460952,529.887116431184,201.906594460952,13847.4824859966,14160.7366894294,13824.4653485523,40.4030356462793,39.9055023784619,38.5581347129808,-439.303238924157,-272.755928493735,1.49011611938477e-08,1.49011611938477e-08,1.93550837874223,1.2150436404028,0.643807173989646,52.9697474865576,9,25
0.135,1000,25,223.266202134072,529.255241091736,223.266202134072,14209.6167788222,13764.3362590811,13877.3333176325,41.7831740331139,39.9575617398037,40.9567154145199,-477.949776824259,-173.155511677073,1.49011611938477e-08,1.49011611938477e-08,1.82110237586625,1.02733107438688,0.800942857779836,5.15936812023583,9,25
0.136,1000,25,365.560426021165,525.002240994588,365.560426021165,14128.6703107389,13478.7557717028,14309.6805130812,42.5170860000597,39.4567361849625,43.0367840764468,-454.862900375344,-153.934287856094,1.49011611938477e-08,1.49011611938477e-08,1.7739005961551,1.16157035715918,1.10027533022032,4.00570258908064,9,25
0.137,1000,25,605.859219364924,-109.279193229796,605.859219364924,13723.7941073029,13681.3627995165,14570.15282682,40.9893191190494,38.3309037957062,44.2056983778144,-387.566222053709,-160.871781312687,1.49011611938477e-08,1.49011611938477e-08,1.86471498001263,1.41040103592031,1.47443917630143,4.52180901429403,9,25
0.138,1000,25,627.798866529769,-6855.24825148617,627.798866529769,13538.5153406289,14101.7823745477,14365.6434187683,36.5178755392911,37.2076329554476,43.8662727701845,-361.709668313538,-156.193108810546,1.49011611938477e-08,1.49011611938477e-08,1.93972791783487,1.37922397495551,1.61496930242241,5.53189323377914,9,25
0.139,1000,25,594.137823208245,-513.106668142134,594.137823208245,13809.0793720455,14205.9286300849,13940.1533236587,32.6030558871128,36.9796704986088,42.9766382147469,-445.480567207553,-116.949867849594,1.49011611938477e-08,1.49011611938477e-08,1.95209883538241,0.761915973108299,1.26219950732069,4.24549763319863,9,25
0.14,1000,25,496.503236439577,510.614477960439,496.503236439577,14182.7710691725,13857.9871624185,13859.977497439,34.509635702654,38.2398817577074,42.91030508854,-601.090756821756,-92.7752475390933,1.49011611938477e-08,1.49011611938477e-08,1.85810421229135,0.254891578624022,0.761152471125606,2.6740019874046,9,25
0.141,1000,25,465.382020483991,519.775223073413,465.382020483991,14209.3856723621,13487.4573167524,14242.6851219214,39.4655460892539,40.6205677556288,43.115178845429,-680.191948971737,-142.739984606881,1.49011611938477e-08,1.49011611938477e-08,1.77055428201948,0.431396699080271,0.348190165322341,3.09734143111854,9,25
0.142,1000,25,464.717647743559,519.87790029127,464.717647743559,13779.8958121879,13574.3497424586,14532.886447777,44.5962469052541,42.8979037939675,43.49615102367,-656.023455946285,-200.631668061802,1.49011611938477e-08,1.49011611938477e-08,1.84089767225993,0.772102590472466,1.49011611938477e-08,4.51342876579062,9,25
0.143,1000,25,629.693973184951,-7292.32054076241,629.693973184951,13460.4229908373,14009.8790337102,14375.3047880723,49.8477232284689,44.5812463267184,44.6574022720733,-607.290363161452,-252.878625084737,1.49011611938477e-08,1.49011611938477e-08,1.92512378369624,1.13797930266383,1.49011611938477e-08,6.32057462757554,9,25
0.144,1000,25,628.133675697594,-6987.33729752623,628.133675697594,13634.2428004963,14258.2992168125,13961.1570397063,51.9821245255412,45.3309114605531,45.0247646518591,-529.639774471178,-308.17507757261,1.49011611938477e-08,1.49011611938477e-08,1.95002193863006,1.46085903521656,0.202932678902101,7.93681202217523,9,25
0.145,1000,25,588.196576822465,218.035747817858,588.196576822465,14007.9230832453,14029.2890907141,13795.19646638,52.0041505454101,44.4860928502509,44.7712726837388,-435.830064209546,-273.733513090466,1.49011611938477e-08,1.49011611938477e-08,1.89594305254743,1.61303314158089,0.747140108363299,5.75768685827879,9,25
0.146,1000,25,610.247975586592,-169.329736668214,610.247975586592,14050.909003136,13624.0002800932,14086.4078644809,52.6811311522074,41.9282717746801,44.1054653207322,-401.107086345681,-119.403377565494,1.49011611938477e-08,1.49011611938477e-08,1.81117597409267,1.5118670696332,1.30817596460136,2.28138596076551,9,25
0.147,1000,25,620.496302242493,523.471401089434,620.496302242493,13728.2066704908,13581.75262885,14496.0751975387,52.9067540943277,38.0625933235213,42.0322139184344,-372.396720284132,24.0507933563634,1.49011611938477e-08,1.49011611938477e-08,1.84600824960328,1.51362940502282,1.81541581268642,1.31787293586426,9,25
0.148,1000,25,594.65626422452,380.846213661977,594.65626422452,13359.5585118843,13948.966992563,14486.7968519195,52.8030751981333,34.1747962293137,39.9791648667255,-388.839012613033,109.863254450955,1.49011611938477e-08,1.49011611938477e-08,1.92375972890478,1.57020815003719,2.3411920561248,1.03508075604376,9,25
0.149,1000,25,557.668539765653,360.185567374708,557.668539765653,13437.4004962746,14237.0255267467,14061.9117572046,53.1061136680517,32.8727325624732,38.2900008053773,-520.073518896817,100.703174339636,1.49011611938477e-08,1.49011611938477e-08,1.9544000589184,1.48604445116063,2.9613626459107,1.12827224828911,9,25
0.15,1000,25,477.302100570768,517.582380361918,477.302100570768,13902.8854157705,14074.1292839406,13771.52316326,53.3815959728206,35.5296989189426,37.8086863166182,-692.069751936717,-81.9364648739884,1.49011611938477e-08,1.49011611938477e-08,1.92448724289689,1.37128487948558,1.11811236302025,1.77322701058211,9,25
0.151,1000,25,369.790443540188,524.827961481477,369.790443540188,14171.6841436658,13640.3562983963,14003.2821132052,52.966153127189,40.494596008527,38.7480392628532,-739.814627252917,-353.160798267243,1.49011611938477e-08,1.49011611938477e-08,1.80870515362576,1.4091869626916,0.187321440222146,2.65016307947726,9,25
0.152,1000,25,257.58581238159,528.212928377998,257.58581238159,13939.7339105296,13478.7458987719,14446.6275360157,51.6026597736366,45.4985598471637,39.6717104595665,-653.311070161089,-549.204114961084,1.49011611938477e-08,1.49011611938477e-08,1.80845416535458,1.56033967899525,1.49011611938477e-08,2.22008736175119,9,25
0.153,1000,25,218.107056551346,529.391177002429,218.107056551346,13531.9881425164,13797.5266968982,14550.9447181341,49.2426254013825,49.1410623065238,39.8074569331087,-532.823400509171,-578.458159038887,1.49011611938477e-08,1.49011611938477e-08,1.8989771373949,1.67708567237566,1.49011611938477e-08,2.14820944073006,9,25
0.154,1000,25,180.784725037558,530.514023788179,180.784725037558,13481.432560115,14180.1217723766,14184.6244865911,47.2857787733433,51.1920780313294,40.081280529621,-456.725828920248,-487.94286963929,1.49011611938477e-08,1.49011611938477e-08,1.94557541781227,1.55198302372239,1.49011611938477e-08,3.45509931244696,9,25
0.155,1000,25,129.601001920955,532.035233769894,129.601001920955,13875.5608145305,14151.6084030605,13797.2105774869,47.0683443294091,51.993096265307,41.4591115666085,-426.130038270307,-348.298979928932,1.49011611938477e-08,1.49011611938477e-08,1.92999876832376,1.32074975974943,0.168183908876542,20.1653853310333,9,25
0.156,1000,25,157.098973729375,531.235951440407,157.098973729375,14222.3697979404,13748.9126206264,13880.1432293503,47.4854802959015,51.7928947613049,43.7263915451873,-395.598752225536,-238.780184557307,1.49011611938477e-08,1.49011611938477e-08,1.81139269902403,1.3273083842683,0.743722113922157,7.33858506893049,9,25
0.157,1000,25,324.780118247722,526.243698224091,324.780118247722,14107.5022330321,13488.9564792967,14311.5533340271,46.3690377888436,50.5196786909476,46.1338727860913,-320.359612508528,-179.494344252256,1.49011611938477e-08,1.49011611938477e-08,1.77563131183469,1.64337188835464,1.36797164703831,4.74959686816729,9,25
0.158,1000,25,564.917510352013,320.531582358538,564.917510352013,13703.9326586007,13714.5592733347,14545.3866166018,42.9601237566622,48.4966796714404,47.9364610789869,-244.118784106366,-157.968268044174,1.49011611938477e-08,1.49011611938477e-08,1.86997569828225,2.10250137317234,2.10533891915181,5.10283296107859,9,25
0.159,1000,25,627.120255975822,-6606.28946623033,627.120255975822,13548.4760077696,14128.5186686428,14322.9412535526,36.0183488544669,46.6640498329083,48.1597554324414,-239.608053344195,-142.356519409611,1.49011611938477e-08,1.49011611938477e-08,1.94209907437761,2.19765158196388,2.49997425008829,6.5370860636119,9,25
0.16,1000,25,591.020849712919,-204.061510084195,591.020849712919,13837.6773012304,14201.6880858992,13908.5559279783,29.4945625251164,46.1057341723801,47.5046806712927,-375.91432343388,-99.4727207581049,1.49011611938477e-08,1.49011611938477e-08,1.95085276022916,1.17907541556378,1.60183169684602,5.58577242322062,9,25
0.161,1000,25,483.932555818874,515.781009537023,483.932555818874,14201.7491909111,13838.1188173607,13855.7805651774,31.2379055209017,47.3842679741015,47.4033849145565,-585.405474784306,-86.0042658788625,1.49011611938477e-08,1.49011611938477e-08,1.85096440220014,0.358023553143275,0.683211325434744,3.55652547484568,9,25
0.162,1000,25,412.753570236157,523.382554805253,412.753570236157,14195.568459864,13481.0885406686,14250.6562764231,38.1833864386243,50.0668541745536,47.4776122405016,-720.919591970373,-158.846717549492,1.49011611938477e-08,1.49011611938477e-08,1.77057405172283,0.338358775493088,1.49011611938477e-08,4.3107751141597,9,25
0.163,1000,25,358.294787339789,525.193348840336,358.294787339789,13759.1675719583,13597.1578569805,14519.8256503403,45.6401976877071,52.8356429398495,47.5890770154264,-716.996081311993,-243.701726996073,1.49011611938477e-08,1.49011611938477e-08,1.84554639060474,0.687686758412333,1.49011611938477e-08,7.3060042700953,9,25
0.164,1000,25,524.091627227926,483.458551574967,524.091627227926,13463.8788384061,14038.7927375762,14328.1146437118,52.7876266258004,54.8498610002194,48.817928237828,-659.184918999176,-323.359956394129,1.49011611938477e-08,1.49011611938477e-08,1.92725530118383,1.10564381792511,1.49011611938477e-08,9.71784162833011,9,25
0.165,1000,25,634.889274676766,529.836834138386,634.889274676766,13665.227737122,14263.4047881334,13908.3651878024,56.1734914193845,55.5389929362926,49.4131159895323,-534.371478835536,-407.176157711122,1.49011611938477e-08,1.49011611938477e-08,1.94897124154204,1.56312656760783,1.49011611938477e-08,9.32213744719584,9,25
0.166,1000,25,604.687837994801,502.473582852435,604.687837994801,14031.3466835344,14011.5191728717,13765.374157023,56.3323264840588,54.3341782933838,49.0109350467637,-380.700917819642,-385.45500249736,1.49011611938477e-08,1.49011611938477e-08,1.88745554635979,1.89695528877557,0.636866092900351,11.1427996406479,9,25
0.167,1000,25,614.076084446219,-3100.21840298209,614.076084446219,14049.9206552762,13617.0703203179,14070.3650638971,56.2974251602656,51.2533510583953,47.9635092156537,-283.664581929654,-213.779618145066,1.49011611938477e-08,1.49011611938477e-08,1.80610056705856,1.96659514219032,1.32081942014172,3.77711731897448,9,25
0.168,1000,25,608.740423495126,-2258.46323355417,608.740423495126,13697.8156429558,13603.3121494661,14459.6810194351,56.1716835319739,46.9935459020955,45.2857701805017,-234.022379696849,-47.6464013665803,1.49011611938477e-08,1.49011611938477e-08,1.84989846088676,2.07955403855005,1.70574166103351,2.0203593883383,9,25
0.169,1000,25,567.505441829312,294.285760538752,567.505441829312,13343.0217507095,13982.7304263767,14421.3021344943,56.22452908284,42.9228562351616,42.3565736427172,-266.082055208503,53.4014913240546,1.49011611938477e-08,1.49011611938477e-08,1.92600948902895,2.19425669864997,2.10647867688513,1.55022941345278,9,25
0.17,1000,25,517.930216498134,491.348132593436,517.930216498134,13451.9459848179,14250.2651379437,13992.1346218661,56.9727081357492,41.515811223317,39.958963738763,-430.840245486018,47.6028828306802,1.49011611938477e-08,1.49011611938477e-08,1.95407424653745,2.0359778807486,4.44784146170069,1.61237108094173,9,25
0.171,1000,25,479.913564221285,517.005982138194,479.913564221285,13913.300766203,14055.3480965315,13729.3073751647,57.8743291365857,44.106602733141,38.8138248717041,-641.367241543721,-120.290014820975,1.49011611938477e-08,1.49011611938477e-08,1.91819883912108,1.71738102779314,1.08814550556652,2.22502951519372,9,25
0.172,1000,25,426.485493055729,522.832548377981,426.485493055729,14152.6606884477,13619.9380676498,13989.1818511704,58.2437159343939,49.0270655366399,39.0267274580234,-744.52406256026,-401.275257980226,1.49011611938477e-08,1.49011611938477e-08,1.80436533734759,1.56610609926603,1.49011611938477e-08,2.45099281315817,9,25
0.173,1000,25,356.88231418995,525.227107356405,356.88231418995,13904.0573199156,13485.3453434676,14438.5795966081,57.7738806360858,54.0396341605877,39.5552178985698,-688.409581517916,-599.985621597807,1.49011611938477e-08,1.49011611938477e-08,1.81290287650765,1.58620974967085,1.49011611938477e-08,1.83968874853105,9,25
0.174,1000,25,279.627576226032,527.545085277448,279.627576226032,13505.0200196318,13823.7859312012,14526.4400135198,56.4201835849095,57.8375556230131,39.6382576961713,-576.098574749682,-634.418802831369,1.49011611938477e-08,1.49011611938477e-08,1.90353418221556,1.61610368940074,1.49011611938477e-08,1.78589795805185,9,25
0.175,1000,25,204.449342431358,529.797554355972,204.449342431358,13484.0539712058,14194.0185160675,14151.9279031668,55.2409209753977,60.0246133761635,39.989628932392,-486.563207575742,-539.402695150435,1.49011611938477e-08,1.49011611938477e-08,1.94710514329519,1.46628504003063,1.49011611938477e-08,2.91060462528333,9,25
0.176,1000,25,173.960895772129,530.721616971883,173.960895772129,13888.9981458893,14136.6643900002,13782.4684102796,55.230903268357,60.7295953696874,41.6437767006614,-430.942414460686,-389.360915049566,1.49011611938477e-08,1.49011611938477e-08,1.92676198616207,1.30167743151589,1.49011611938477e-08,14.614853815948,9,25
0.177,1000,25,214.155967184028,529.518237014154,214.155967184028,14216.7065640493,13724.8300018989,13895.723597181,55.412723255769,60.1993668798966,44.3607646406583,-370.751015491652,-248.588965466094,1.49011611938477e-08,1.49011611938477e-08,1.80635025666576,1.41866131136997,0.760577490242422,7.01288077249684,9,25
0.178,1000,25,390.163595727966,524.234743860297,390.163595727966,14078.5097117242,13486.6574699212,14333.0681523367,53.9471905145357,58.5683869538025,47.2535821401799,-279.015820625997,-170.003963375222,1.49011611938477e-08,1.49011611938477e-08,1.77954774249856,1.86571771520484,1.51364301434952,4.46624684792264,9,25
0.179,1000,25,626.8298607568,-6290.28516079205,626.8298607568,13681.875760229,13736.7974445269,14553.3569645472,49.861354117456,56.1689700611813,49.226240621405,-196.562662649171,-138.152966397478,1.49011611938477e-08,1.49011611938477e-08,1.8758938531474,2.51168250623234,2.42028181463214,4.85591965685041,9,25
0.18,1000,25,625.116801695526,-5923.78899703249,625.116801695526,13554.8560737219,14144.1501334421,14316.1012549127,42.0871366804509,54.0474068103099,49.2846790367072,-203.230971403477,-110.913663616332,1.49011611938477e-08,1.49011611938477e-08,1.94448697469446,2.78086029909493,3.15929087719182,6.18505716585407,9,25
0.181,1000,25,583.124923107333,141.200450220612,583.124923107333,13859.8572894684,14187.7796885905,13921.1923902242,34.1896899461342,53.2580509081911,48.2108602509897,-360.593728247195,-50.044897817584,1.49011611938477e-08,1.49011611938477e-08,1.95032963630908,1.44094054241987,1.86452442191825,4.64286738934991,9,25
0.182,1000,25,462.899837583461,520.056458894893,462.899837583461,14208.4287190798,13805.182903042,13899.315645318,34.616865809818,54.3074367136902,47.8834099192595,-627.416322874717,-15.8393527876024,1.49011611938477e-08,1.49011611938477e-08,1.84659161774765,0.336789668152101,0.711112385886169,2.62760345963612,9,25
0.183,1000,25,361.525047218202,525.075523556619,361.525047218202,14173.3825656372,13466.5962316721,14302.3395633841,41.7638133152667,56.7071077202767,48.1999951016124,-801.000436105233,-81.3668327864934,1.49011611938477e-08,1.49011611938477e-08,1.77449724421328,1.49011611938477e-08,1.49011611938477e-08,2.74496084208307,9,25
0.184,1000,25,274.553676946719,527.70923285779,274.553676946719,13728.1024361633,13608.826279823,14545.7144909428,50.0636975476618,59.1817484470075,48.8063545203031,-817.219539650426,-169.730200277087,1.49011611938477e-08,1.49011611938477e-08,1.85293507706688,0.416303835501188,1.49011611938477e-08,4.0190374049462,9,25
0.185,1000,25,465.258233649533,520.036983730138,465.258233649533,13458.4990815628,14053.074360142,14326.1267595899,57.5065661824912,60.8728071020916,50.5056213302296,-760.643855262636,-264.52701783475,1.49011611938477e-08,1.49011611938477e-08,1.93045722472219,0.850931918561365,1.49011611938477e-08,6.13222970460017,9,25
0.186,1000,25,637.717958715813,-11702.908959035,637.717958715813,13687.1387365287,14253.9077650815,13904.7549593566,60.96746017183,61.2105195129283,51.4931045896466,-624.354489352277,-371.054488401529,1.49011611938477e-08,1.49011611938477e-08,1.94884339712004,1.32556656915797,1.49011611938477e-08,8.759471292217,9,25
0.187,1000,25,612.227521432475,-2853.25792013079,612.227521432475,14050.432701287,13985.2564318348,13787.7571123358,60.83016256598,59.5415928476679,51.3069643831904,-424.494046729858,-375.253182657876,1.49011611938477e-08,1.49011611938477e-08,1.88187491546075,1.73786964078301,0.68775755161336,8.48085318662599,9,25
0.188,1000,25,610.388262391221,-2510.96707211647,610.388262391221,14049.2645584887,13600.7120825903,14114.4123978838,60.1418868850496,55.799514074242,50.4120182946906,-280.382011651272,-220.048751842567,1.49011611938477e-08,1.49011611938477e-08,1.80493142017315,1.96683040980511,1.38929988872882,3.77134992656345,9,25
0.189,1000,25,597.013669539181,-796.426140078504,597.013669539181,13677.2267318205,13616.1006631036,14484.7515043678,59.5900147860573,50.8472046888019,48.1964431770843,-198.276449477318,-57.7572570569411,1.49011611938477e-08,1.49011611938477e-08,1.85519775063677,2.24006553196641,1.6552877507779,2.29254623378962,9,25
0.19,1000,25,546.671035901614,416.945812966662,546.671035901614,13331.6659429911,14005.1880775929,14406.7089070418,59.6204116898305,46.1289658733484,45.4527228309578,-229.889850323243,51.0428206565872,1.49011611938477e-08,1.49011611938477e-08,1.9285932428737,2.44414132356114,1.93934995128827,1.82179088908346,9,25
0.191,1000,25,510.380367028213,500.266999999375,510.380367028213,13469.3390660557,14252.8693995658,13964.6578328805,60.5451714105688,43.9481679204345,42.7741765588846,-399.034262296505,54.9135303736676,1.49011611938477e-08,1.49011611938477e-08,1.95394039030135,2.24614709203396,5.16584368235125,1.86620257089847,9,25
0.192,1000,25,483.916695492898,515.940307434845,483.916695492898,13934.7284424486,14034.8165399735,13726.5737365112,61.6382960714446,45.7951878701051,40.8302115572861,-635.630989059051,-120.412137795955,1.49011611938477e-08,1.49011611938477e-08,1.91120547982435,1.83927930456198,1.04820357780083,2.47561847177255,9,25
0.193,1000,25,459.767878872247,520.475934323734,459.767878872247,14150.3489023505,13604.1474448699,14012.1110227736,62.1617439206328,50.2443638270932,39.9444057177106,-744.007681029406,-405.467988760196,1.49011611938477e-08,1.49011611938477e-08,1.79961211470659,1.6385468428668,1.49011611938477e-08,2.59478548039605,9,25
0.194,1000,25,418.159043952895,523.1899907069,418.159043952895,13884.4774892295,13498.3894235021,14458.2254077895,61.7453918799633,54.9052501188824,39.4821957021994,-686.639114563902,-603.090221593248,1.49011611938477e-08,1.49011611938477e-08,1.81712578496301,1.63594617578805,1.49011611938477e-08,1.89288436503647,9,25
0.195,1000,25,354.083769562557,525.308068659443,354.083769562557,13494.6549507323,13853.3387547113,14520.1803181293,60.4612938352082,58.3934060540752,39.0207077133088,-574.57238912786,-632.10446876234,1.49011611938477e-08,1.49011611938477e-08,1.90786344138848,1.64258515220703,1.49011611938477e-08,1.83694329233418,9,25
0.196,1000,25,280.426566069342,527.512815405446,280.426566069342,13499.1241482158,14205.9885490675,14128.3752761149,59.543741034554,60.2740101068283,39.5397347689275,-493.317547877363,-534.779378381841,1.49011611938477e-08,1.49011611938477e-08,1.94844343112973,1.47801825064913,1.49011611938477e-08,3.14135729021733,9,25
0.197,1000,25,217.138478368096,529.427730565508,217.138478368096,13911.2178586243,14116.6100185824,13777.6375428125,59.8145753511771,60.6210162989276,41.6368871578261,-443.801491316232,-369.226628025849,1.49011611938477e-08,1.49011611938477e-08,1.92283888273547,1.33084589614989,1.49011611938477e-08,22.3155342166276,9,25
0.198,1000,25,253.862366210196,528.34310051743,253.862366210196,14214.8813457808,13697.621988447,13919.0650215699,60.2513620117066,59.7310542411562,44.7691209778938,-392.885214389149,-227.676192077887,1.49011611938477e-08,1.49011611938477e-08,1.80160622731267,1.47128939162347,0.732523153007724,6.06167644830425,9,25
0.199,1000,25,461.960156161979,520.373668423774,461.960156161979,14053.6980770448,13484.1926365959,14362.1480186964,59.009460293036,57.73335721897,47.9644599152558,-302.853217245735,-153.329133851508,1.49011611938477e-08,1.49011611938477e-08,1.78372565759286,1.94626005868831,1.50337844651322,4.21288022306511,9,25
0.2,1000,25,638.044113280894,531.917887501261,638.044113280894,13664.6295654705,13757.2248075762,14566.0712578118,54.8701166235969,55.0611788382169,49.777478651486,-216.613202404204,-127.259000877721,1.49011611938477e-08,1.49011611938477e-08,1.88162389891681,2.64127188083988,2.39233845251919,4.79020820713773,9,25
0.201,1000,25,625.039265481217,525.054990031673,625.039265481217,13564.2370488361,14156.1526669727,14311.4428014802,47.0884477111966,52.7705649046183,49.4302155899246,-219.680763811967,-98.5266443466338,1.49011611938477e-08,1.49011611938477e-08,1.94668256876423,2.90117860262897,3.00644732351819,6.00630747576947,9,25
0.202,1000,25,583.893133789463,159.620977267792,583.893133789463,13884.1245435337,14171.7087692169,13930.0139404355,39.080606325755,51.8075995975354,47.9029851244494,-386.332434651388,-21.6728570999023,1.49011611938477e-08,1.49011611938477e-08,1.94868656630065,1.51122093740356,1.78860787196942,4.08595569132283,9,25
0.203,1000,25,447.278052143251,521.58816007598,447.278052143251,14214.429135605,13777.7917328432,13936.030438202,38.6028207025778,52.5931443116107,47.3702494924741,-658.961639057809,32.3309595297564,1.49011611938477e-08,1.49011611938477e-08,1.8421556105394,0.409151826854683,0.717370234873413,2.16994470066305,9,25
0.204,1000,25,345.995075189394,525.542316466069,345.995075189394,14153.1728384022,13458.0754628039,14348.7016569435,44.9988892544882,54.6434570259796,47.9562561755625,-836.551393074211,-16.1709911302983,1.49011611938477e-08,1.49011611938477e-08,1.77839614489121,1.49011611938477e-08,1.49011611938477e-08,2.07582541930674,9,25
0.205,1000,25,300.366240644865,526.93913846771,300.366240644865,13699.6179440195,13629.1233599763,14569.8163499474,52.7179415868014,56.7334215267481,49.1123870778069,-858.675971408743,-93.5752481453352,1.49011611938477e-08,1.49011611938477e-08,1.86062859132432,0.361224733968534,1.49011611938477e-08,2.74441581106678,9,25
0.206,1000,25,485.356809915887,515.75909044755,485.356809915887,13456.2146582211,14074.6957018756,14327.1302997704,59.4080242754759,58.106208410296,51.0917484351072,-811.090325269442,-185.17861088133,1.49011611938477e-08,1.49011611938477e-08,1.93374450629769,0.781571427438838,1.49011611938477e-08,3.95035757608897,9,25
0.207,1000,25,636.748788330383,531.031015227659,636.748788330383,13707.2762509704,14245.380828906,13908.8149949256,62.2090511679966,58.1966381269877,52.1733228910778,-673.271498955603,-305.625436953062,1.49011611938477e-08,1.49011611938477e-08,1.94892855683102,1.22912993151524,1.49011611938477e-08,5.84506832895259,9,25
0.208,1000,25,611.029784132459,518.107395707028,611.029784132459,14058.5708940914,13953.8228619125,13817.0920247189,61.6731540157445,56.3607522069878,52.1295397720044,-479.786408836257,-321.060047777572,1.49011611938477e-08,1.49011611938477e-08,1.87787143788251,1.61635286644251,0.785558328564921,5.7224167656307,9,25
0.209,1000,25,611.513634622364,-2668.65264498702,611.513634622364,14036.2634593633,13583.4618807196,14160.5686864813,60.7603884774534,52.3816588417495,51.54874907271,-335.347247276457,-182.808696093787,1.49011611938477e-08,1.49011611938477e-08,1.80681885044617,1.85240705969335,1.46590903965727,3.18702224665525,9,25
0.21,1000,25,597.208189392364,-777.317713174128,597.208189392364,13647.1468032674,13627.9923046487,14511.9263336647,60.0261277703205,47.1000586530492,49.7655079182293,-249.880244964986,-33.8380228573853,1.49011611938477e-08,1.49011611938477e-08,1.86224764700985,2.13019284941462,1.78054161876207,2.16545114220314,9,25
0.211,1000,25,540.590135616998,440.093984919891,540.590135616998,13315.5836280824,14026.6490938293,14403.9350679181,60.0006002081615,42.0809323512381,47.3772689451587,-278.661131181659,66.3868327055945,1.49011611938477e-08,1.49011611938477e-08,1.93176177108986,2.29433935869407,2.16099803124649,1.79210312323735,9,25
0.212,1000,25,502.525230393651,507.32190929355,502.525230393651,13480.1406811874,14252.996378463,13951.2694368141,60.9519471931964,39.8040533695588,44.7724204111382,-455.808597724271,67.5029574514539,1.49011611938477e-08,1.49011611938477e-08,1.95463101397105,2.07696490575819,4.29169468048512,1.85095077647227,9,25
0.213,1000,25,493.191670916418,512.179173406682,493.191670916418,13948.0861891544,14010.9944890842,13736.7743866377,62.0585920317197,42.0717434870442,42.5376550448761,-682.906158089437,-119.808353569224,1.49011611938477e-08,1.49011611938477e-08,1.90641736764301,1.73174153107548,0.901835297101898,2.46824717787169,9,25
0.214,1000,25,477.650323699193,517.544497280198,477.650323699193,14141.8992945962,13587.3339172269,14046.730890733,62.3526025938404,47.0018589527117,41.1211764345548,-764.14777046247,-406.795116636832,1.49011611938477e-08,1.49011611938477e-08,1.79817850638153,1.59787637197259,1.49011611938477e-08,2.7302734400265,9,25
0.215,1000,25,438.256668152582,522.219411649908,438.256668152582,13859.3616388703,13511.494437381,14485.5581070031,61.4193324943975,51.9240999672437,40.023891453972,-682.517037152426,-594.704564115042,1.49011611938477e-08,1.49011611938477e-08,1.8236079955119,1.63893690967943,1.49011611938477e-08,2.0540000761478,9,25
0.216,1000,25,375.1069978984,524.672673193374,375.1069978984,13476.7542737817,13880.622907247,14514.7556391325,59.6410917776062,55.439829013762,39.146634829384,-569.157516161531,-613.357035880478,1.49011611938477e-08,1.49011611938477e-08,1.91275393629279,1.6454280282749,1.49011611938477e-08,2.04007536159563,9,25
0.217,1000,25,293.008499689139,527.151699504948,293.008499689139,13508.5908867992,14214.9072324455,14106.833435918,58.5774354935061,57.2489267756357,39.7087193960288,-490.2994956133,-502.850830546265,1.49011611938477e-08,1.49011611938477e-08,1.949937148913,1.45386380837072,1.49011611938477e-08,3.74311417001035,9,25
0.218,1000,25,233.45543490781,528.924422321255,233.45543490781,13927.8174954227,14095.7982251598,13776.5482661894,58.9741489208286,57.5309973436008,41.8907009999007,-458.138853552828,-334.196065113751,1.49011611938477e-08,1.49011611938477e-08,1.91944746835349,1.27767277010205,1.49011611938477e-08,69.7536441422344,9,25
0.219,1000,25,264.593735136477,528.021582897719,264.593735136477,14208.6573608851,13670.4151580375,13946.5587913362,59.7747228550316,56.6423658333563,45.0721711405469,-426.646472773488,-201.457605526304,1.49011611938477e-08,1.49011611938477e-08,1.798381220234,1.39155970639295,0.784797243610865,5.1780070176741,9,25
0.22,1000,25,469.245095473686,519.443696787865,469.245095473686,14027.5178563622,13480.7111329738,14390.3381859811,58.8236293486964,54.8074730875809,48.1941226757319,-345.335963113119,-143.324542482539,1.49011611938477e-08,1.49011611938477e-08,1.78887242606938,1.82878088118382,1.49149131489888,3.99459512593368,9,25
0.221,1000,25,638.324370358157,532.091656184749,638.324370358157,13639.5290457614,13774.6233959228,14569.295128217,54.9085502622103,52.4445675025829,49.8197660254535,-266.011428217661,-128.639565660557,1.49011611938477e-08,1.49011611938477e-08,1.88771091603146,2.44130909066545,2.27815199705568,4.70133058782735,9,25
0.222,1000,25,625.506687322576,525.232101339652,625.506687322576,13563.8657747859,14164.5208600818,14293.3498144345,47.5716273604805,50.5215213195222,49.224100335852,-269.925810955505,-101.99735419776,1.49011611938477e-08,1.49011611938477e-08,1.94904173952274,2.57163582117458,2.59505204527122,5.7949595894274,9,25
0.223,1000,25,583.409542386713,161.394874421574,583.409542386713,13898.2244021902,14150.1359725464,13921.4747727548,40.2050536756884,49.8245874790445,47.5273025072569,-435.235393231305,-24.8242007160853,1.49011611938477e-08,1.49011611938477e-08,1.94660712409035,1.35850748865132,1.57375652275465,3.81046797369849,9,25
0.224,1000,25,437.339019222167,522.250132965843,437.339019222167,14212.3109796738,13746.0422842919,13953.8348218239,40.1355380505639,50.7276675961319,46.9917159248336,-694.461826432322,29.3995440368436,1.49011611938477e-08,1.49011611938477e-08,1.83706497465981,0.383011630810041,0.673300277698342,2.03662972544859,9,25
0.225,1000,25,347.165846211047,525.533793198885,347.165846211047,14124.7592266215,13447.4161241577,14373.6798512709,46.4590597248971,52.6862998472433,47.7666618437614,-853.129159887709,-11.4376959068766,1.49011611938477e-08,1.49011611938477e-08,1.78224682051311,1.49011611938477e-08,1.49011611938477e-08,1.94374217716346,9,25
0.226,1000,25,284.966448592603,527.400289889191,284.966448592603,13664.0441218036,13643.6968470891,14567.5335619114,53.873033182271,54.5565349623296,49.2419780809561,-868.294977091693,-78.6400971421501,1.49011611938477e-08,1.49011611938477e-08,1.867676672604,0.411124419976215,1.49011611938477e-08,2.55304580595409,9,25
0.227,1000,25,515.396519216512,497.07201496248,515.396519216512,13447.7678700565,14089.5503739758,14302.9231878794,60.2705352887037,55.781502117234,51.4342603527991,-819.345746042335,-175.722233830369,1.49011611938477e-08,1.49011611938477e-08,1.93666078715392,0.815816765645364,1.49011611938477e-08,3.66847136211921,9,25
0.228,1000,25,636.499168462322,530.888443155764,636.499168462322,13720.4697314631,14234.8607135721,13889.208389832,62.773739002785,55.8049705699162,52.5552057399762,-685.348686391641,-299.655132250086,1.49011611938477e-08,1.49011611938477e-08,1.94851582000597,1.24988184568149,1.49011611938477e-08,5.34970105926146,9,25
0.229,1000,25,608.193131914252,513.440024660486,608.193131914252,14062.9842668533,13927.6451376419,13823.8624966523,62.1252982976341,53.9058636036263,52.5538271546947,-498.734742961063,-316.096508356048,1.49011611938477e-08,1.49011611938477e-08,1.87341285297917,1.61976947082286,0.832557003649249,5.33589872973469,9,25
0.23,1000,25,611.610570107582,517.839224962095,611.610570107582,14017.2207783096,13568.5592933879,14184.5225573075,61.1824354965314,49.8097137128706,52.0473770492238,-358.605152236077,-184.744514525221,1.49011611938477e-08,1.49011611938477e-08,1.80825824221044,1.84838288068957,1.50826074075818,3.19897778792092,9,25
0.231,1000,25,594.653289815538,373.276953522754,594.653289815538,13612.7777694093,13641.8336988517,14517.0265701551,60.4144121771821,44.3655526399153,50.4195317868926,-278.493185116897,-49.2113890211354,1.49011611938477e-08,1.49011611938477e-08,1.86857846286063,2.11853826757316,1.89415076121834,2.25375275789533,9,25
0.232,1000,25,548.78334373258,407.625154921586,548.78334373258,13300.0520046343,14047.5441181841,14377.3203556214,60.3797425412563,39.1712343950371,48.1970262267762,-311.176898661325,52.386575890501,1.49011611938477e-08,1.49011611938477e-08,1.93428984119998,2.26154944476486,2.40623729128071,1.89578115766315,9,25
0.233,1000,25,523.88853562619,482.876877060791,523.88853562619,13494.8204746197,14252.4529170413,13921.1096562423,61.2503198363851,36.8070548916691,45.7134383153753,-487.543510934102,44.5189467038676,1.49011611938477e-08,1.49011611938477e-08,1.95506952457654,2.0472504189053,3.47133512635205,1.96382889039078,9,25
0.234,1000,25,501.927528243628,507.635552676682,501.927528243628,13963.2071553304,13989.2828139833,13735.7395641006,62.1696278887204,39.2531073484479,43.5379413539457,-696.765518258029,-153.144517683579,1.49011611938477e-08,1.49011611938477e-08,1.90080164431148,1.75078636772384,0.778946067105761,2.57738076174554,9,25
0.235,1000,25,480.050304339192,516.953564971365,480.050304339192,14132.5697906062,13574.9096590368,14068.6831844362,62.1662341375975,44.4286364867108,42.1710017897447,-750.643856328825,-435.248171135017,1.49011611938477e-08,1.49011611938477e-08,1.79657682479082,1.66884666722916,1.49011611938477e-08,2.71169623936326,9,25
0.236,1000,25,436.562159665056,522.315433985996,436.562159665056,13830.7691667567,13528.1403695398,14497.5156181433,60.8121867964554,49.3885729372593,41.0653278263144,-658.256995838568,-603.106620515158,1.49011611938477e-08,1.49011611938477e-08,1.82965787707064,1.75484342905656,1.49011611938477e-08,2.05455821353229,9,25
0.237,1000,25,370.710979566801,524.797565059229,370.710979566801,13460.3818905045,13911.1294050788,14498.4857375185,58.6691811410822,52.8127593606839,40.1193009796882,-537.08766977139,-613.045850330327,1.49011611938477e-08,1.49011611938477e-08,1.91689476759431,1.77959769417477,1.49011611938477e-08,2.09413868418353,9,25
0.238,1000,25,283.193945187293,527.427824799726,283.193945187293,13521.3342714366,14226.3952302314,14077.3225544977,57.5041688670439,54.4962589068916,40.6061969645899,-465.747810782372,-493.319931162015,1.49011611938477e-08,1.49011611938477e-08,1.95106905991347,1.56789258309492,1.49011611938477e-08,3.93890733905794,9,25
0.239,1000,25,203.899878112862,529.820594505556,203.899878112862,13947.6139510871,14078.8908488243,13767.903850141,58.0067511817699,54.6620311396419,42.6227868632313,-446.036190872093,-323.576400718066,1.49011611938477e-08,1.49011611938477e-08,1.91481964433258,1.35259091158713,0.0672716822477877,90.048687596373,9,25
0.24,1000,25,243.978230087532,528.647026973959,243.978230087532,14205.4373047849,13650.6407610338,13964.9480631144,59.0243015439511,53.7352410758169,45.6692915419711,-424.532539732579,-197.515209603038,1.49011611938477e-08,1.49011611938477e-08,1.79409873309431,1.4424502255342,0.833618484396143,5.35760247192413,9,25
0.241,1000,25,470.516984774864,519.18765077784,470.516984774864,14006.5169588608,13485.8477887373,14411.6009117458,58.1729527619057,51.9864518019739,48.6334384969932,-351.957569141554,-151.266750517249,1.49011611938477e-08,1.49011611938477e-08,1.79274458498265,1.87376744827935,1.49898117523824,4.31484466636504,9,25
0.242,1000,25,638.401623694463,532.205417010321,638.401623694463,13622.6835110976,13799.6690403788,14563.9009975662,54.1895175120622,49.7992100310742,49.9831240292314,-271.186623233677,-141.784192665568,1.49011611938477e-08,1.49011611938477e-08,1.89273794305942,2.47231528362131,2.21152414792023,5.30088189963986,9,25
0.243,1000,25,624.715229177225,524.938850992597,624.715229177225,13573.2758082017,14176.1104489355,14267.7170782807,46.8309525080879,48.1296402137148,49.0668777768969,-280.842832372963,-114.530517924999,1.49011611938477e-08,1.49011611938477e-08,1.9507981090425,2.52920354885722,2.37953239865943,6.656539440955,9,25
0.244,1000,25,580.870257247465,175.713681890235,580.870257247465,13921.0157639075,14133.578769268,13907.4359277694,39.7214884343654,47.6789889693318,47.1772607538756,-450.148592083238,-34.0456357719364,1.49011611938477e-08,1.49011611938477e-08,1.9430904850292,1.29096214406892,1.43244821353472,4.04654343816878,9,25
0.245,1000,25,435.689590562509,522.312387205774,435.689590562509,14218.6950604392,13718.7326643377,13969.8180745124,40.1349102091623,48.7925789492117,46.6311811595113,-702.635855753483,19.7884348268648,1.49011611938477e-08,1.49011611938477e-08,1.8298240587152,0.355348093485764,0.608827302900649,2.0901337658245,9,25
0.246,1000,25,328.601785132783,526.092771089086,328.601785132783,14105.3668737466,13443.024447508,14393.1633813278,46.5378373887839,50.7821401104868,47.496171074683,-843.049249255852,-15.9320432765712,1.49011611938477e-08,1.49011611938477e-08,1.78397446875699,1.49011611938477e-08,1.49011611938477e-08,1.99904520132421,9,25
0.247,1000,25,317.339908531958,526.43230121231,317.339908531958,13641.5849822891,13666.8057498668,14564.5291564653,53.818702058608,52.5617278840784,49.1552153718682,-855.360372969074,-81.9951201389614,1.49011611938477e-08,1.49011611938477e-08,1.87302987863285,0.463379616367296,1.49011611938477e-08,2.6077521305991,9,25
0.248,1000,25,536.409212249091,457.958493220287,536.409212249091,13452.7465569082,14108.8819001489,14277.6472887574,59.9518733101999,53.7409865366771,51.3444384187368,-803.494442430995,-180.105567621231,1.49011611938477e-08,1.49011611938477e-08,1.93867517144207,0.863508645381794,1.49011611938477e-08,3.75336640058574,9,25
0.249,1000,25,635.051342002487,-10134.869851358,635.051342002487,13745.0764762527,14222.9712585267,13869.9675738562,62.2457456899064,53.8076164360406,52.3730595575333,-671.269056612514,-300.465305753085,1.49011611938477e-08,1.49011611938477e-08,1.94672508728089,1.29257074736132,1.49011611938477e-08,5.41416742509408,9,25
0.25,1000,25,605.366571845265,-1815.64036891024,605.366571845265,14071.9197224874,13897.8609409527,13831.7714666205,61.6177714030734,52.0465178591353,52.3532049548706,-496.474028277101,-308.327411505579,1.49011611938477e-08,1.49011611938477e-08,1.86708589140637,1.64038642942416,0.83998600232731,5.26231189882746,9,25
0.251,1000,25,614.540998030866,-3216.32813954227,614.540998030866,14003.6040648134,13556.8420763521,14208.3229593169,60.8034913794909,47.9947329055792,51.8496146906577,-373.607493012115,-182.410525515455,1.49011611938477e-08,1.49011611938477e-08,1.80874889697011,1.84801022352454,1.5176832954291,3.14668914585722,9,25
0.252,1000,25,596.841519506568,-736.972473289497,596.841519506568,13587.0473666616,13658.6764314493,14519.8154186483,60.1307437505403,42.6090556363367,50.1960890618764,-297.605825403743,-43.4848943724631,1.49011611938477e-08,1.49011611938477e-08,1.87381316298126,2.0946672676596,1.96355529441951,2.2345697876497,9,25
0.253,1000,25,541.279149936644,437.1385306922,541.279149936644,13295.0968448567,14069.4814322135,14356.4343342421,60.1972246121823,37.559191989744,47.9464428324958,-339.820384331522,52.3759061401052,1.49011611938477e-08,1.49011611938477e-08,1.93634992272158,2.20139385200145,2.62433864054498,1.89278187290704,9,25
0.254,1000,25,511.700462459268,499.089531643475,511.700462459268,13515.379941149,14249.2426909609,13898.2194171842,61.1286161083874,35.5070025433205,45.4422524046642,-520.154815460866,35.157359790536,1.49011611938477e-08,1.49011611938477e-08,1.95516563865514,1.97364827130918,2.85967612006626,1.97164591948455,9,25
0.255,1000,25,501.333150458009,508.048901057059,501.333150458009,13980.285258763,13965.0603516519,13742.0353070131,62.0825804133162,38.4601089072844,43.2824440038829,-722.134776805481,-168.85236918506,1.49011611938477e-08,1.49011611938477e-08,1.89522030771793,1.69149000008738,0.659617359594557,2.57508600667917,9,25
0.256,1000,25,490.574236267581,513.530110647033,490.574236267581,14123.6568954883,13559.5947818997,14096.5061006361,61.998520559422,43.9014544502504,41.932185272888,-762.627950748378,-431.051522405864,1.49011611938477e-08,1.49011611938477e-08,1.79562580038777,1.62511398839527,1.49011611938477e-08,2.70546605312454,9,25
0.257,1000,25,453.290599722356,521.1176655794,453.290599722356,13804.3036843802,13541.9517768792,14514.8178879396,60.4688054909839,48.9141944039863,40.8107509913257,-658.96283982559,-597.05445038612,1.49011611938477e-08,1.49011611938477e-08,1.83579715890338,1.71321447747283,1.49011611938477e-08,2.109221894758,9,25
0.258,1000,25,390.269836663922,524.199534962114,390.269836663922,13446.7900830576,13936.8624269338,14487.0794431401,58.2399759915203,52.2779173083439,39.8916452157552,-538.731560350491,-595.377112419751,1.49011611938477e-08,1.49011611938477e-08,1.9206936504334,1.72091310664554,1.49011611938477e-08,2.23512655263693,9,25
0.259,1000,25,294.510537045495,527.103937501044,294.510537045495,13536.4291345726,14231.5479124078,14057.3009982469,57.1217465551986,53.8550793135442,40.4562420650215,-472.922690596249,-467.881508895993,1.49011611938477e-08,1.49011611938477e-08,1.95195944361994,1.49315126762036,1.49011611938477e-08,4.58387326864215,9,25
0.26,1000,25,228.002926401722,529.099506365057,228.002926401722,13966.3787186355,14055.0064432405,13771.3643151828,57.7623804691657,53.9187099171659,42.5403106012394,-461.462291749745,-297.58809862549,1.49011611938477e-08,1.49011611938477e-08,1.90992215981967,1.28422417218331,0.212190929275736,24.5978281929043,9,25
0.261,1000,25,284.387115797426,527.438779712448,284.387115797426,14201.3399714271,13626.5889290934,13995.5549714276,58.9499358352987,52.9270698328633,45.6310897777348,-447.422466911039,-182.46415942356,1.49011611938477e-08,1.49011611938477e-08,1.79072146679633,1.38215548795445,0.867118824492961,4.651608576792,9,25
0.262,1000,25,514.387636385532,497.974840288014,514.387636385532,13978.3555563624,13488.8022584314,14439.3284531218,58.1689735941514,51.1442513511447,48.489851941741,-372.817302923927,-138.498954206496,1.49011611938477e-08,1.49011611938477e-08,1.79860106334674,1.79793921372516,1.51524040073478,3.94533555788918,9,25
0.263,1000,25,637.556564508905,-11574.950314987,637.556564508905,13603.4776323771,13821.7748648633,14570.0588414048,54.0848707684188,49.0771210602746,49.5019520074346,-293.281335703145,-132.324963979922,1.49011611938477e-08,1.49011611938477e-08,1.89812074348874,2.34079380888026,2.17274666013665,4.86458989090922,9,25
0.264,1000,25,622.73481101349,-5197.03509199519,622.73481101349,13580.4065432207,14184.7116548303,14255.4726122603,46.8585461797317,47.5553084222896,48.3121108154843,-308.937466780962,-100.070532302254,1.49011611938477e-08,1.49011611938477e-08,1.95256710896497,2.29629830120797,2.25733806038657,5.66614763210307,9,25
0.265,1000,25,572.639246124994,252.392864673587,572.639246124994,13939.5241434407,14111.9117621826,13907.6658473649,40.275475243805,47.1635601853786,46.3926908959435,-484.554850482365,-14.7312777185009,1.49011611938477e-08,1.49011611938477e-08,1.93962174851302,1.14511251364699,1.37437078536075,3.29546605924905,9,25
0.266,1000,25,413.976956157203,523.343463347531,413.976956157203,14218.6741643602,13689.6731010591,13996.2142262247,41.2902897073306,48.2496398787161,46.0327946012808,-721.655567201488,37.0313259766981,1.49011611938477e-08,1.49011611938477e-08,1.8242932364539,0.267555098157081,0.60998390420209,1.808901718635,9,25
0.267,1000,25,322.152637017247,526.261129110271,322.152637017247,14082.2220449436,13437.3332247304,14424.7304670548,47.7712834352071,50.0969526880516,47.1106776501604,-861.070105308538,0.94617572390687,1.49011611938477e-08,1.49011611938477e-08,1.78748725836976,1.49011611938477e-08,1.49011611938477e-08,1.81583956598286,9,25
0.268,1000,25,327.71310378865,526.146763539972,327.71310378865,13615.5378872283,13685.2756049504,14566.7335481979,54.9570512214442,51.685842871831,49.0751777387766,-867.829468255328,-64.3868708358719,1.49011611938477e-08,1.49011611938477e-08,1.87894836421777,0.458072407563119,1.49011611938477e-08,2.40749504391795,9,25
0.269,1000,25,589.003237325983,104.036457346221,589.003237325983,13455.052240203,14124.1203167967,14260.9586986381,60.9307155559497,52.735285234678,51.4493390832001,-813.172824234531,-167.030838962852,1.49011611938477e-08,1.49011611938477e-08,1.94104129382638,0.861547471735488,1.49011611938477e-08,3.49510280995908,9,25
0.27,1000,25,634.545861817708,529.630309124746,634.545861817708,13764.2348566445,14210.21771896,13862.20917804,62.9201934881632,52.6801914548939,52.4724113756995,-681.938043124864,-288.40670929602,1.49011611938477e-08,1.49011611938477e-08,1.94567454767551,1.27583801234429,0.252088311408364,5.00168898447925,9,25
0.271,1000,25,601.815777805581,486.664785559782,601.815777805581,14078.1516165092,13871.5828741434,13849.8391562929,62.1669735793638,50.7475698023892,52.4579214567327,-518.946952570111,-297.218176221271,1.49011611938477e-08,1.49011611938477e-08,1.86232409934912,1.60692867720891,0.898145882972049,4.84761693183324,9,25
0.272,1000,25,615.006846869886,521.013549153685,615.006846869886,13985.7325541699,13544.6095317675,14238.9660030781,61.3259956464233,46.5350085042978,51.982083357218,-390.709768216685,-170.854086418293,1.49011611938477e-08,1.49011611938477e-08,1.8104561843747,1.81273302336807,1.56356825266895,3.03417281018525,9,25
0.273,1000,25,595.367843397777,376.476093706255,595.367843397777,13558.264763039,13674.1202088661,14528.784901414,60.6216936603112,40.9540823494981,50.3999068292467,-318.276140988052,-36.3730073602932,1.49011611938477e-08,1.49011611938477e-08,1.87928931573506,2.05230747472342,2.03599327406864,2.21373972055357,9,25
0.274,1000,25,551.423634246452,394.526836058783,551.423634246452,13289.2482032785,14087.5769456862,14333.6055581407,60.6539184819761,35.725266346028,48.215990722714,-366.769756509262,53.8597753923643,1.49011611938477e-08,1.49011611938477e-08,1.93825063943297,2.13846970851776,2.76362220140683,1.9017397247317,9,25
0.275,1000,25,529.24849225994,471.454164166629,529.24849225994,13538.5305762218,14243.7234123755,13877.0426723406,61.4879818326809,33.6251860504844,45.7510636946303,-548.034698097082,24.79876620323,1.49011611938477e-08,1.49011611938477e-08,1.95510705236962,1.91699700467793,2.45890569386168,2.00449970327421,9,25
0.276,1000,25,510.811524429459,500.264319444523,510.811524429459,13998.9772666783,13939.8390286128,13751.7485598237,62.240447007903,36.7437058717371,43.6696177317081,-728.247405625105,-177.526061237382,1.49011611938477e-08,1.49011611938477e-08,1.88868414032859,1.6773457814798,0.581722539988755,2.63433917387831,9,25
0.277,1000,25,484.336794630388,515.736721181405,484.336794630388,14114.9717524518,13545.8879928462,14125.6071263883,61.8877978205339,42.3380980439954,42.4462022681794,-753.259165234654,-449.841440722925,1.49011611938477e-08,1.49011611938477e-08,1.79429126990439,1.65034502656538,1.49011611938477e-08,2.71887516216666,9,25
0.278,1000,25,436.049079711838,522.342756993698,436.049079711838,13778.0772848698,13557.9908108739,14528.1955833698,60.0629492168205,47.321106258365,41.4016188465642,-638.345217558524,-601.982701691012,1.49011611938477e-08,1.49011611938477e-08,1.84151896211119,1.76316379676102,1.49011611938477e-08,2.14665913502599,9,25
0.279,1000,25,363.313011470687,525.023953789071,363.313011470687,13433.7723980387,13963.144794318,14467.2578189696,57.7313479297377,50.5883269162557,40.6703127280084,-520.807160431881,-587.557675964593,1.49011611938477e-08,1.49011611938477e-08,1.92404544123262,1.77332322821917,1.49011611938477e-08,2.35858414470534,9,25
0.28,1000,25,267.279316683792,527.902504121487,267.279316683792,13552.4529055021,14236.4921385224,14026.8907779438,56.7101490559314,52.0838256824316,41.4332590468605,-462.320819272635,-455.790691388989,1.49011611938477e-08,1.49011611938477e-08,1.9524564574997,1.54295188712293,1.49011611938477e-08,5.03513381525728,9,25
0.281,1000,25,222.345503639022,529.268133379031,222.345503639022,13987.6446252174,14035.8168027748,13764.7923544572,57.4233976914984,52.0975866806029,43.520882417692,-455.789576255617,-299.378417376565,1.49011611938477e-08,1.49011611938477e-08,1.90392820068029,1.33841092808111,0.33523058067434,22.6988416269876,9,25
0.282,1000,25,287.865226164363,527.334088216845,287.865226164363,14198.3880508281,13608.6868649525,14014.5271600426,58.5184202510795,51.1093635095459,46.4680354045718,-439.313721126688,-188.181529745822,1.49011611938477e-08,1.49011611938477e-08,1.7865909185505,1.44698526288213,0.915748962876746,4.99417189757181,9,25
0.283,1000,25,522.454516655511,486.687048968912,522.454516655511,13957.1229041782,13498.3428915936,14456.3205120249,57.4108136998664,49.3911836788271,48.9824144553862,-360.298755945254,-155.154050413647,1.49011611938477e-08,1.49011611938477e-08,1.80306825362609,1.88183419345469,1.53955084880337,4.46243210477796,9,25
0.284,1000,25,635.247565723417,-10274.4845034008,635.247565723417,13588.9049041051,13848.5919778239,14559.7739718631,52.9941740133001,47.4625992123425,49.5859053854233,-282.982094789205,-152.005462549014,1.49011611938477e-08,1.49011611938477e-08,1.90271369094096,2.42761307045313,2.14782471950358,5.76451430079401,9,25
0.285,1000,25,620.404138872773,-4565.05948938894,620.404138872773,13592.800599885,14194.0205368562,14228.5674592874,45.4256510333933,46.1229222132205,47.9770608456732,-305.911891102038,-114.088723883035,1.49011611938477e-08,1.49011611938477e-08,1.95394854943428,2.2991080909935,2.15021664052154,6.73736026899365,9,25
0.286,1000,25,563.508299181882,321.152179588864,563.508299181882,13962.8342303392,14094.945755895,13894.9814049761,38.9916077180055,45.9338565876813,45.8757165221013,-476.221499756668,-26.8794668177315,1.49011611938477e-08,1.49011611938477e-08,1.9349047613345,1.07613611915224,1.2967094292383,3.46700880494019,9,25
0.287,1000,25,407.410324204067,523.591079123091,407.410324204067,14225.7275319903,13666.2809315121,14014.345358521,40.6467523067045,47.208087418279,45.5680377270926,-721.105148814839,29.281241205995,1.49011611938477e-08,1.49011611938477e-08,1.81701953541248,0.197229582769775,0.573844198627748,1.85044299359158,9,25
0.288,1000,25,311.157092395095,526.590750199018,311.157092395095,14063.9382940385,13439.1432514448,14443.804080591,47.4241844187479,49.1249842539631,46.7433951076613,-846.964817508674,-7.35599352342258,1.49011611938477e-08,1.49011611938477e-08,1.78954624271178,1.49011611938477e-08,1.49011611938477e-08,1.87848850883723,9,25
0.289,1000,25,345.217841377339,525.607884090358,345.217841377339,13597.3990949874,13712.5498412,14561.1439163928,54.7118709650532,50.7138323749735,48.8479395611462,-848.089819836797,-71.277222670003,1.49011611938477e-08,1.49011611938477e-08,1.88361910102779,0.498998465096289,1.49011611938477e-08,2.49268620027751,9,25
0.29,1000,25,597.406044233573,5.30621204689135,597.406044233573,13465.3550104194,14142.2552608726,14234.6329412475,60.5722863773456,51.7515065266782,51.2108567647669,-789.045381500025,-176.486501145772,1.49011611938477e-08,1.49011611938477e-08,1.94258363799017,0.907568314039082,1.49011611938477e-08,3.6548864034198,9,25
0.291,1000,25,633.629645716323,529.073368478271,633.629645716323,13791.6267556102,14197.9040229888,13846.1300813273,62.4698300357943,51.7215901920124,52.1733299526336,-664.592533239899,-289.643504012927,1.49011611938477e-08,1.49011611938477e-08,1.94284829986574,1.32479889713991,0.294323553117884,5.22647033288038,9,25
0.292,1000,25,599.539999846894,-1102.64239423851,599.539999846894,14086.5626721861,13845.1091327641,13861.9938764695,61.7945367944087,49.8661046237896,52.1263625732549,-501.071411245328,-291.545266561002,1.49011611938477e-08,1.49011611938477e-08,1.85566872727718,1.64213525216697,0.921574842672027,4.89531780020777,9,25
0.293,1000,25,616.419955563591,-3600.23273008416,616.419955563591,13970.8122877177,13538.6701867106,14263.7707790888,61.0853635778477,45.6599784781155,51.5599286822633,-382.080843476824,-160.316057783374,1.49011611938477e-08,1.49011611938477e-08,1.8112896394185,1.83560256458232,1.58493909673614,3.00277322997294,9,25
0.294,1000,25,595.54943252015,-614.102768581018,595.54943252015,13535.7498255523,13695.4188160185,14530.4404441937,60.4850895877716,40.15034047563,49.8710948573553,-319.756212503972,-27.8274553853582,1.49011611938477e-08,1.49011611938477e-08,1.88383611653662,2.06004408793647,2.05844954611633,2.18878407778674,9,25
0.295,1000,25,541.273358861011,438.290539365864,541.273358861011,13290.6811646287,14108.1156149254,14312.9021554459,60.6396348383881,35.139904355658,47.6145910008728,-378.57343970774,57.5649071797256,1.49011611938477e-08,1.49011611938477e-08,1.93981424378529,2.11937918194263,2.86519367662593,1.8876516287695,9,25
0.296,1000,25,513.983186640109,496.536493276269,513.983186640109,13562.7228479172,14235.9343170636,13858.78686104,61.5783570525097,33.4755846558501,45.1132181471254,-555.547833534465,25.8279774203452,1.49011611938477e-08,1.49011611938477e-08,1.95456612539194,1.87664874316795,2.21463861087842,2.0042140876041,9,25
0.297,1000,25,509.518383309191,501.567895403905,509.518383309191,14017.2445857295,13914.9744650893,13764.1827922386,62.409503805195,36.9499355540136,43.022678359129,-743.284104289455,-186.273844262904,1.49011611938477e-08,1.49011611938477e-08,1.88217101373232,1.6311380748115,0.515520071879078,2.6328357454112,9,25
0.298,1000,25,494.833251578515,511.612631003954,494.833251578515,14104.993263711,13532.6522485698,14156.0150102501,62.0811647091883,42.5816719605999,41.7728690896402,-759.254432393992,-449.883732547562,1.49011611938477e-08,1.49011611938477e-08,1.7937498861427,1.59982033518585,1.49011611938477e-08,2.74246720758123,9,25
0.299,1000,25,454.112900575471,521.039426858285,454.112900575471,13751.6017447387,13573.6096565514,14543.0402390214,60.3015844127033,47.4950926659877,40.7249395489398,-642.67074978415,-588.90533720412,1.49011611938477e-08,1.49011611938477e-08,1.84743755765197,1.69563042172329,1.49011611938477e-08,2.23042612423722,9,25
0.3,500,25,386.01104089884,524.298792914952,386.01104089884,13424.9472531196,13986.7494749956,14453.7524674187,58.0988833780384,50.6572312756223,40.1476766365607,-529.256031449914,-564.32323132657,1.49011611938477e-08,1.49011611938477e-08,1.92717605194149,1.6800247452577,1.49011611938477e-08,2.56911908357504,9,25
0.301,500,25,289.648013065725,524.071696275383,289.648013065725,13570.9333241411,14237.5769028543,14008.3572126969,57.2515306073938,52.0445032958372,41.1479456780717,-477.764186049685,-435.612448835039,1.49011611938477e-08,1.49011611938477e-08,1.95285257915931,1.44625229260653,1.49011611938477e-08,6.25851077338052,9,25
0.302,500,25,233.198542912759,522.59593295937,233.198542912759,14006.291257813,14010.8715813097,13772.2989750267,58.102584396888,51.9880016517239,43.4678671213743,-474.501531998367,-272.384629819187,1.49011611938477e-08,1.49011611938477e-08,1.89819512326436,1.27126996088857,0.366981164427211,12.4136942459203,9,25
0.303,500,25,304.789091088094,517.33044239652,304.789091088094,14194.0839379778,13588.4401924511,14047.0120976327,59.2102063590674,50.9565160188244,46.5501287291674,-457.080563622804,-168.514804337366,1.49011611938477e-08,1.49011611938477e-08,1.78410551782435,1.4042538200934,0.940342708811122,4.35701840672261,9,25
0.304,500,25,555.628998757159,370.271154142357,555.628998757159,13929.755940795,13506.9540434738,14481.4901403036,58.0395359567437,49.1979118470744,49.0367020157009,-375.682522648657,-140.068822578141,1.49011611938477e-08,1.49011611938477e-08,1.80949253914783,1.83639892815653,1.56422333092285,4.05092526482332,9,25
0.305,500,25,636.791701803789,514.630681536385,636.791701803789,13573.0513185987,13872.9931526833,14559.1405750052,53.4402556773053,47.3017152779024,49.448581833055,-300.164474502496,-137.452698497298,1.49011611938477e-08,1.49011611938477e-08,1.90782050592592,2.34477509744443,2.14938095591528,5.17224668016971,9,25
0.306,500,25,619.709643433428,504.123383103099,619.709643433428,13603.6628339068,14202.110806402,14212.559010471,45.9056073093674,46.0232485805725,47.7058733214184,-326.111839185182,-98.5443398591206,1.49011611938477e-08,1.49011611938477e-08,1.95555457801927,2.14181077006484,2.09266475316971,5.61850484689901,9,25
0.307,500,25,558.693187585435,337.100811012631,558.693187585435,13981.7392432268,14074.2383104848,13895.708333083,39.886956731464,45.8931526489931,45.6393276008372,-510.220253874418,-5.83181736629509,1.49011611938477e-08,1.49011611938477e-08,1.93103437992759,0.983188108510296,1.24443901299565,2.93622756815455,9,25
0.308,500,25,388.36766029992,499.086361941346,388.36766029992,14221.8468742732,13641.8366583523,14039.8280292099,41.9678248041127,47.1796474613159,45.4860910056295,-752.983728153569,46.4351866533303,1.49011611938477e-08,1.49011611938477e-08,1.81301452158701,0.104867607691552,0.545779148614038,1.66032318117439,9,25
0.309,500,25,292.891991839663,498.70902828711,292.891991839663,14037.4646344275,13440.2416622832,14470.2585290382,48.8039610167972,49.0425447372221,46.8094638015273,-868.861094479665,6.85579904687698,1.49011611938477e-08,1.49011611938477e-08,1.7944880565058,1.49011611938477e-08,1.49011611938477e-08,1.75246020971901,9,25
0.31,500,25,339.349186166811,494.271408971493,339.349186166811,13572.4703903899,13736.4854606539,14558.5876385218,56.0960265053535,50.5427711227846,49.1500389276054,-866.173079874321,-58.0489404640029,1.49011611938477e-08,1.49011611938477e-08,1.88953518667126,0.499694284960608,1.49011611938477e-08,2.34932288530351,9,25
0.311,500,25,609.954846535186,-181.913771936745,609.954846535186,13469.6317067002,14157.4180720694,14213.6758766649,61.8745995151173,51.497485662794,51.6605715168211,-808.184471857387,-162.639822316247,1.49011611938477e-08,1.49011611938477e-08,1.94473649816871,0.912245787023707,1.49011611938477e-08,3.46643799580958,9,25
0.312,500,25,634.926384992159,-9274.82977194282,634.926384992159,13809.8273291075,14186.7145939191,13837.8387328132,63.5697878016706,51.3178039912743,52.6616285398225,-675.205229521325,-285.990261530842,1.49011611938477e-08,1.49011611938477e-08,1.9414406032922,1.3269297756691,0.34344366642731,4.93785246518344,9,25
0.313,500,25,599.486106240268,-918.038323397221,599.486106240268,14087.7517790043,13820.6574869645,13878.0514405503,62.7592022306699,49.2360902745059,52.6244217259713,-508.385615206407,-286.655491269545,1.49011611938477e-08,1.49011611938477e-08,1.85127236184652,1.64590770749199,0.955534821112649,4.67685627707645,9,25
0.314,500,25,616.502574237274,-3286.01148296715,616.502574237274,13947.8331245745,13531.2243923095,14288.5238051715,61.967921080905,44.9195297922595,52.0815918710788,-388.024913095513,-160.622742801643,1.49011611938477e-08,1.49011611938477e-08,1.81389949024598,1.8519840697574,1.61517134586628,3.02037251981214,9,25
0.315,500,25,593.522542539838,-184.807245841777,593.522542539838,13506.4387477603,13714.0185941323,14531.4568015377,61.3319980524516,39.3268752179992,50.4990632267249,-328.478984319768,-32.225506967702,1.49011611938477e-08,1.49011611938477e-08,1.88901983004016,2.08181776826205,2.10737592481807,2.25941347699799,9,25
0.316,500,25,544.235498495722,384.225528922956,544.235498495722,13287.1009880935,14125.8693090224,14283.9387672715,61.4767883261527,34.2885481423186,48.3555373410203,-387.353553276641,46.0437961093065,1.49011611938477e-08,1.49011611938477e-08,1.94142971264202,2.13120654839332,2.95384507656236,1.97429135076049,9,25
0.317,500,25,524.092543361974,432.531978695611,524.092543361974,13586.3553948327,14229.4081281892,13835.053204852,62.3660949278436,32.685823267569,45.9219408395954,-572.679506148669,6.23097370068071,1.49011611938477e-08,1.49011611938477e-08,1.95384543352828,1.88764284582644,1.98238529139515,2.11299470641804,9,25
0.318,500,25,513.95483474226,443.255643299864,513.95483474226,14032.1034874345,13889.3271295133,13771.4708852042,63.0481744941392,36.2751489318034,43.8580152921134,-746.538583600346,-216.241600471063,1.49011611938477e-08,1.49011611938477e-08,1.87506644817649,1.66616404472885,0.446687949086215,2.74544717591505,9,25
0.319,500,25,488.123764825302,455.883037060944,488.123764825302,14090.6534575641,13520.3058548439,14179.2096038093,62.5207293767029,41.8964222274884,42.5565667833689,-744.894397779746,-475.851347099243,1.49011611938477e-08,1.49011611938477e-08,1.79303548262527,1.66022610876338,1.49011611938477e-08,2.7089941426113,9,25
0.32,500,25,437.969372476582,459.621222669725,437.969372476582,13723.1127440755,13590.687096459,14547.7326663621,60.5554013469025,46.6905135370052,41.3736767466385,-622.310893213953,-603.49190887681,1.49011611938477e-08,1.49011611938477e-08,1.85293999816619,1.77078243981268,1.49011611938477e-08,2.18599149204878,9,25
0.321,500,25,361.110564414178,458.986820480039,361.110564414178,13413.6013251294,14010.3382529488,14426.4810496431,58.3286807097857,49.7183767736752,40.7582438159828,-516.867491265781,-574.416197923721,1.49011611938477e-08,1.49011611938477e-08,1.93000358573642,1.75336831857813,1.49011611938477e-08,2.55915194101238,9,25
0.322,500,25,262.056143294331,458.427889757385,262.056143294331,13587.808533132,14237.8262702713,13975.6683535421,57.5584486034679,51.0123902793111,41.732024735688,-465.939995248125,-438.4382467188,1.49011611938477e-08,1.49011611938477e-08,1.95298416169994,1.5143025965768,1.49011611938477e-08,6.18259209828829,9,25
0.323,500,25,214.916338183464,456.489103942664,214.916338183464,14024.9435083035,13989.3523714312,13765.9217927665,58.4205566596235,50.8928632034329,43.9629211005802,-463.685065170783,-279.953334940079,1.49011611938477e-08,1.49011611938477e-08,1.89154010991924,1.34301251103604,0.423097113394221,14.1733629813272,9,25
0.324,500,25,307.960606576027,450.957894406645,307.960606576027,14186.515244729,13571.9471647529,14063.7010371716,59.3761162884634,49.8190577011268,46.9043050971373,-440.510438216972,-183.477145217379,1.49011611938477e-08,1.49011611938477e-08,1.78090339884997,1.49258889507466,0.978140896783174,4.82923621718502,9,25
0.325,500,25,545.934958630377,359.714454152368,545.934958630377,13905.4172743496,13519.0874499263,14490.4217413103,57.8619929481198,48.0509399733353,49.1346497596894,-354.650663810925,-161.079010981595,1.49011611938477e-08,1.49011611938477e-08,1.81447573536957,1.95768457703131,1.59275597577733,4.66009537040327,9,25
0.326,500,25,638.218654822494,-9993.50232423911,638.218654822494,13560.3086768305,13899.4828233701,14541.4780771482,52.9223153014398,46.2018453222517,49.2613578985759,-284.268447317144,-159.755852921891,1.49011611938477e-08,1.49011611938477e-08,1.91189381123077,2.49165670098261,2.14818435157113,6.25496858270439,9,25
0.327,500,25,620.008078514011,-3719.80382226655,620.008078514011,13617.7179255243,14208.6424286536,14181.9260319908,45.0434850597179,44.9979375600405,47.2217605715602,-317.246948490465,-114.682674892115,1.49011611938477e-08,1.49011611938477e-08,1.9565605725465,2.21302945089451,2.02722863123164,6.87310616549464,9,25
0.328,500,25,549.986146366313,329.557152206266,549.986146366313,14002.5693819485,14056.3875141816,13884.0922113321,39.115023772423,45.0335748074898,44.9702283414806,-509.211257176511,-15.9515339575411,1.49011611938477e-08,1.49011611938477e-08,1.92569461905682,0.965138524174934,1.18673995945634,3.17197381277535,9,25
0.329,500,25,377.021343122713,433.378205432651,377.021343122713,14224.379006102,13621.2829725989,14057.8536014187,41.5993203372426,46.4797313267057,44.8127611225755,-749.302097662732,36.6899192564823,1.49011611938477e-08,1.49011611938477e-08,1.80691806434089,0.0695915868634498,0.508809933424688,1.7280524171869,9,25
0.33,500,25,270.449827881221,432.91334862319,270.449827881221,14014.7758175494,13446.9073393786,14484.4450540977,48.7326347880728,48.4015604866311,46.2742939155921,-855.831088480948,-1.6059741845704,1.49011611938477e-08,1.49011611938477e-08,1.79794753834325,0.0722727938821209,1.49011611938477e-08,1.81759731537562,9,25
0.331,500,25,345.419015873934,427.92539067679,345.419015873934,13553.0577563688,13764.4377801336,14544.3165383667,56.2085534006845,49.8937911250692,48.8429493913536,-852.244231330401,-62.1736282845943,1.49011611938477e-08,1.49011611938477e-08,1.89416023866595,0.542362069218221,1.49011611938477e-08,2.43093105693658,9,25
0.332,500,25,623.45322206521,-393.634254552291,623.45322206521,13479.6020303602,14173.3163156664,14181.4604659218,61.8773152283114,50.7969914294708,51.4203065576222,-789.828235925877,-175.860801972718,1.49011611938477e-08,1.49011611938477e-08,1.94610680243285,0.959360557735062,1.49011611938477e-08,3.62828925295803,9,25
0.333,500,25,636.822768594988,423.608282894118,636.822768594988,13833.2813046858,14171.5724690883,13819.2394296798,63.4553539911735,50.6015726700927,52.403758763999,-654.932433412463,-298.894463275077,1.49011611938477e-08,1.49011611938477e-08,1.93792881148667,1.37919401429752,0.357758441279614,5.17413119228896,9,25
0.334,500,25,598.770410588664,277.731892298248,598.770410588664,14089.9187093462,13796.0645676205,13887.504080746,62.6822469813426,48.5442808091908,52.3533503402441,-493.718135498689,-291.195469194167,1.49011611938477e-08,1.49011611938477e-08,1.84547150317334,1.68921694533674,0.96979603929209,4.80903786637202,9,25
0.335,500,25,618.185119908335,410.489985336481,618.185119908335,13926.089356331,13528.7860834612,14306.448376504,61.9647109146866,44.2125600947702,51.7558285611827,-379.515907188987,-162.342455814879,1.49011611938477e-08,1.49011611938477e-08,1.8161069967928,1.89105138097948,1.63297082974538,3.08019431496236,9,25
0.336,500,25,593.308291013882,54.9943326932192,593.308291013882,13480.9337434479,13737.0751166392,14524.8676524407,61.3910848911265,38.699441027527,50.1414767826501,-328.620994433142,-42.0928326880809,1.49011611938477e-08,1.49011611938477e-08,1.89363652075366,2.1137714446971,2.14154642948823,2.30901331707893,9,25
0.337,500,25,535.66560849979,352.286444570775,535.66560849979,13287.9809762961,14142.4374957131,14254.9675988812,61.6412359631122,33.919745891706,48.0139082551016,-397.473332573297,37.1317475719013,1.49011611938477e-08,1.49011611938477e-08,1.94287945649928,2.14421126978586,3.05809750727133,2.02756757538002,9,25
0.338,500,25,510.436455524707,386.458766916134,510.436455524707,13607.0482887479,14216.1572173528,13812.9207304735,62.6503767615308,32.8402601379809,45.6285300381696,-591.0241304236,-11.5393211242668,1.49011611938477e-08,1.49011611938477e-08,1.95285348347878,1.87627996943266,1.75744187211738,2.17902198576459,9,25
0.339,500,25,506.897658905951,385.880857610357,506.897658905951,14044.0009622492,13862.6287071797,13780.3593111929,63.4248707970463,36.7091131162594,43.6016813979932,-761.439105587203,-235.851285161701,1.49011611938477e-08,1.49011611938477e-08,1.86877395406836,1.64290009252011,0.344033454461365,2.76972129034873,9,25
0.34,500,25,491.664653481548,389.957560975297,491.664653481548,14073.3474160133,13508.5591837506,14202.270771621,62.9700947712011,42.312387957551,42.2804570598882,-753.211691606653,-485.072188529814,1.49011611938477e-08,1.49011611938477e-08,1.79395366860684,1.62675488945148,1.49011611938477e-08,2.67327159247674,9,25
0.341,500,25,450.043964773034,393.232425771495,450.043964773034,13692.5941564549,13607.4314941575,14551.5962959037,61.125165069796,46.9937165008341,41.0720600356311,-638.410577855692,-598.044385995093,1.49011611938477e-08,1.49011611938477e-08,1.85922771370823,1.71726417246082,1.49011611938477e-08,2.20706363385254,9,25
0.342,500,25,378.357620214904,392.478832964505,378.357620214904,13404.7925289363,14031.4950628961,14404.4159154401,59.0409326693846,49.9024565870185,40.4768075196967,-530.956036433109,-562.906403655761,1.49011611938477e-08,1.49011611938477e-08,1.93288148097431,1.67627371678803,1.49011611938477e-08,2.67625912182819,9,25
0.343,500,25,279.982715827887,391.533551127193,279.982715827887,13605.1312180574,14234.6471342361,13952.1905783124,58.3964268276475,51.0912113984273,41.5200903845766,-484.754225777092,-423.492780262359,1.49011611938477e-08,1.49011611938477e-08,1.95315118537269,1.43702662179238,1.49011611938477e-08,7.07900240459723,9,25
0.344,500,25,223.873783651264,389.62117824992,223.873783651264,14039.3620329984,13962.8379529093,13770.1845057552,59.3200577872146,50.9095919389832,43.866983340808,-483.904325261832,-267.763764320973,1.49011611938477e-08,1.49011611938477e-08,1.88574820876663,1.29450113955684,0.425477712861393,10.9603342361097,9,25
0.345,500,25,313.768383682183,384.511430826852,313.768383682183,14177.3764520373,13554.1440848455,14090.6292658188,60.1785102528314,49.7856235753668,46.8673498777112,-455.83543787011,-177.299873759883,1.49011611938477e-08,1.49011611938477e-08,1.7799682785349,1.46920790828035,0.988243211721764,4.53015388428845,9,25
0.346,500,25,571.235173230748,176.979935045794,571.235173230748,13878.2481391549,13530.9994233917,14508.9651040392,58.4870957676472,47.9667985303046,48.9946683809107,-371.512512333175,-157.745259491486,1.49011611938477e-08,1.49011611938477e-08,1.82133053818474,1.93838032328201,1.60600987918852,4.4859983233268,9,25
0.347,500,25,640.383940907021,-9720.6762176847,640.383940907021,13547.1760308255,13923.7792777328,14533.2413736985,53.2544791736181,46.1255315534099,48.8802094738238,-298.834222884441,-154.631671915137,1.49011611938477e-08,1.49011611938477e-08,1.91659856707099,2.44300646585249,2.13642555465151,5.97457477770936,9,25
0.348,500,25,619.868682390548,-3208.95824209261,619.868682390548,13630.6996192144,14214.5612963782,14162.4819754522,45.3044437174603,45.0107269969377,46.5940935545976,-341.272049993694,-102.469895254534,1.49011611938477e-08,1.49011611938477e-08,1.95787246922018,2.08650170158333,1.95030740182838,6.13838673154379,9,25
0.349,500,25,542.113708353989,301.330523230493,542.113708353989,14020.1212916361,14035.069348347,13884.6710666555,39.7416549274754,45.1415583103209,44.2870872120019,-542.77335367543,0.675598635567093,1.49011611938477e-08,1.49011611938477e-08,1.92130352131581,0.878927260375747,1.12217922826654,2.7952322654953,9,25
0.35,500,25,350.167659750712,367.918127563952,350.167659750712,14217.4641617884,13599.8404431996,14082.3220988463,42.722062069634,46.636519873737,44.2795246234916,-780.849033543281,51.6417106185016,1.49011611938477e-08,1.49011611938477e-08,1.80397104386678,1.49011611938477e-08,0.463187000095668,1.57026710026995,9,25
0.351,500,25,248.503499876763,366.903085972855,248.503499876763,13987.0692636222,13452.526640059,14506.1245606057,49.9756057820029,48.540253008206,45.9089657506048,-877.007698359574,13.7958398265541,1.49011611938477e-08,1.49011611938477e-08,1.8035542521008,1.49011611938477e-08,1.49011611938477e-08,1.70804085583924,9,25
0.352,500,25,323.024906033502,362.232454782967,323.024906033502,13532.2190912082,13791.0375674407,14539.1106903524,57.4580860461333,50.0027752385309,48.6512369847357,-870.46735209741,-51.7267734906334,1.49011611938477e-08,1.49011611938477e-08,1.89955037117602,0.530815657491455,1.49011611938477e-08,2.30382702890137,9,25
0.353,500,25,610.526439669177,-237.92503497882,610.526439669177,13488.6246092297,14186.7721031433,14159.7849541367,63.0674526292101,50.8519155290512,51.3544109832652,-802.955209034373,-171.815556081882,1.49011611938477e-08,1.49011611938477e-08,1.94794049778004,0.954797099673686,1.49011611938477e-08,3.46190682344703,9,25
0.354,500,25,639.550917973563,-8891.81050574913,639.550917973563,13852.8566762811,14160.0789299287,13813.7864042843,64.4988433577122,50.4891083093252,52.3982313365457,-661.025229083518,-297.609145228144,1.49011611938477e-08,1.49011611938477e-08,1.93588921309343,1.37827900141224,0.386831574803783,4.9297818798538,9,25
0.355,500,25,601.439434472079,-680.556563758943,601.439434472079,14088.412436662,13772.6077885378,13904.9559983072,63.5878921172885,48.1914152356168,52.3540713530025,-493.990794078364,-288.163545944932,1.49011611938477e-08,1.49011611938477e-08,1.84126701950468,1.69802540008532,1.00143251393423,4.62788425562543,9,25
0.356,500,25,615.312361978636,-2292.77929529587,615.312361978636,13907.5317424181,13525.9290838953,14333.5319385258,62.7196026220121,43.7645153735475,51.7265919547377,-378.121888800534,-173.241799556368,1.49011611938477e-08,1.49011611938477e-08,1.81869009146165,1.93410831562597,1.66165795168302,3.15555082967779,9,25
0.357,500,25,581.913565529724,61.4378717853369,581.913565529724,13461.664553241,13758.3689916925,14527.294923092,62.1219628969741,38.2156660450678,50.2286045436793,-322.652557595495,-49.1009942886214,1.49011611938477e-08,1.49011611938477e-08,1.89781559251839,2.1806823037597,2.17418931174081,2.4283976962859,9,25
0.358,500,25,518.124952408484,319.058286679767,518.124952408484,13296.7168059095,14160.4694670077,14231.9120544583,62.4530004966285,33.4855365277798,48.2645741766809,-398.104037724938,29.1524506525482,1.49011611938477e-08,1.49011611938477e-08,1.94402106128771,2.20018169456661,3.08645403697249,2.14500238251619,9,25
0.359,500,25,500.027025158844,328.298001213113,500.027025158844,13639.3889603131,14209.5808639524,13799.2087449595,63.5480583491223,32.4421003164131,45.9615273915168,-594.095843856217,-21.2235310319657,1.49011611938477e-08,1.49011611938477e-08,1.95096061554903,1.90264754809502,1.64191952992601,2.29577950831802,9,25
0.36,500,25,501.773472435821,324.298735394086,501.773472435821,14061.9752728936,13838.4781360772,13797.7965189895,64.3757423720632,36.3423925076885,43.8410887628584,-757.048329236279,-243.966008435648,1.49011611938477e-08,1.49011611938477e-08,1.86087582849062,1.65663554660645,0.297167491273522,2.89797128279874,9,25
0.361,500,25,498.950282198464,322.527635292602,498.950282198464,14061.5891995658,13500.3537041768,14232.0967121362,63.9452694332326,41.8390169841633,42.2392519565986,-745.98741981848,-473.432297979907,1.49011611938477e-08,1.49011611938477e-08,1.79352987215763,1.63254235266759,1.49011611938477e-08,2.78300532001901,9,25
0.362,500,25,464.902717407931,326.563516050933,464.902717407931,13671.2649122581,13627.7844880025,14561.2974182727,62.11968725791,46.3524595683874,40.7004472837779,-626.554033723485,-585.504664164648,1.49011611938477e-08,1.49011611938477e-08,1.86421237004424,1.70732498537033,1.49011611938477e-08,2.30980574252396,9,25
0.363,500,25,392.293177115378,326.147567933295,392.293177115378,13403.9107004137,14054.4324829433,14385.9188891799,60.1567787373368,49.0961636959541,40.0155469069581,-524.126529019794,-543.189548833813,1.49011611938477e-08,1.49011611938477e-08,1.93526328587266,1.64144720344718,1.49011611938477e-08,2.88193122506453,9,25
0.364,500,25,287.259752230998,324.969954551113,287.259752230998,13628.8769905243,14231.8668013202,13933.8539853007,59.6501786214717,50.1641093134338,41.1143595211468,-483.488514691777,-401.811711273584,1.49011611938477e-08,1.49011611938477e-08,1.95291707151122,1.39921469035115,1.49011611938477e-08,8.69545908967741,9,25
0.365,500,25,228.016837854086,322.90361757427,228.016837854086,14058.6843148089,13939.7029709145,13779.9808128218,60.6508861184609,49.8985094077603,43.5797308908506,-485.874959279322,-249.889544115543,1.49011611938477e-08,1.49011611938477e-08,1.87900654281523,1.28313381954979,0.465521764058787,8.80737483053177,9,25
0.366,500,25,328.003873154861,317.927255257062,328.003873154861,14168.3445371352,13539.5659287114,14120.4754400145,61.4683493524315,48.7110561201027,46.6122274719256,-458.596843358405,-169.679789147465,1.49011611938477e-08,1.49011611938477e-08,1.77831652935461,1.48755627493794,1.0183520367121,4.29318546993499,9,25
0.367,500,25,575.037846643662,104.457143997175,575.037846643662,13852.7445117978,13545.8220829546,14524.9973481413,59.6499312268094,46.8430090231408,48.6493095862039,-368.563021427132,-154.228415989193,1.49011611938477e-08,1.49011611938477e-08,1.8271233889271,1.98326427901815,1.62640965694487,4.4521880304251,9,25
0.368,500,25,642.91493696163,312.921712132148,642.91493696163,13537.0063820194,13949.107021135,14522.214384851,54.3218883301887,44.9923547351619,48.3350187731738,-298.076188039685,-152.520527244371,1.49011611938477e-08,1.49011611938477e-08,1.92036333348283,2.49645401098372,2.12864133567099,6.02842231365939,9,25
0.369,500,25,621.640942474995,303.325809319072,621.640942474995,13646.4879832252,14218.0308152759,14142.5067418027,46.3835703206893,43.8382488351548,45.8821683084515,-347.614672405497,-96.0801756287582,1.49011611938477e-08,1.49011611938477e-08,1.9586089430987,2.09493321782771,1.90883975509813,5.98928906573375,9,25
0.37,500,25,538.66798373158,251.723849111509,538.66798373158,14038.5148521892,14015.8037371802,13887.7168433238,41.0120822190916,44.0170468476344,43.4082935006255,-552.87689193115,11.0831373698029,1.49011611938477e-08,1.49011611938477e-08,1.9159238937795,0.891224569515243,1.10218499699935,2.67319058332999,9,25
0.371,500,25,332.127169578284,302.050708729733,332.127169578284,14213.1711866905,13581.8949595745,14110.4348301792,43.9806912924868,45.5384361831169,43.3978284089314,-775.989359523069,62.1488790518447,1.49011611938477e-08,1.49011611938477e-08,1.80016786033757,0.0318322317708892,0.472981926057198,1.51383441157459,9,25
0.372,500,25,233.647294788527,300.587211022628,233.647294788527,13957.1745948951,13463.218664588,14525.5316594129,51.1735802597616,47.3983532879933,45.2387524265628,-873.240017430408,26.8563895021268,1.49011611938477e-08,1.49011611938477e-08,1.8091054583774,0.152530400950314,1.49011611938477e-08,1.63857844769005,9,25
0.373,500,25,324.51109631975,295.899512663594,324.51109631975,13507.074207905,13819.0698164993,14526.9996097975,58.5685792494055,48.7985819683413,48.2654270829695,-869.097104445297,-36.67584996238,1.49011611938477e-08,1.49011611938477e-08,1.90455535559921,0.560330374091943,1.49011611938477e-08,2.16187459905356,9,25
0.374,500,25,629.593940829232,-532.936274977367,629.593940829232,13492.6132501014,14199.7574919257,14132.9348373941,63.7888873390813,49.5481481074737,51.0052357812522,-802.01999435208,-163.32447906485,1.49011611938477e-08,1.49011611938477e-08,1.94933516625254,0.974580478740497,1.49011611938477e-08,3.22477417542266,9,25
0.375,500,25,640.915803102773,289.878959393455,640.915803102773,13866.3588055912,14142.2923745184,13803.6843275396,64.8961903341183,49.1488683146027,51.9909924553915,-660.628656988676,-293.148080497477,1.49011611938477e-08,1.49011611938477e-08,1.93246576799016,1.39021124846031,0.456733829230245,4.55354855512143,9,25
0.376,500,25,597.660111015569,-30.5983152153776,597.660111015569,14080.2136010253,13748.9232101795,13921.6554199028,63.8649436582153,46.8521985805237,51.98958271742,-505.840348188574,-288.75730749537,1.49011611938477e-08,1.49011611938477e-08,1.83731151304277,1.69670519682752,1.04162930224042,4.3260521963795,9,25
0.377,500,25,618.255147586409,270.867828201314,618.255147586409,13876.2821273831,13526.375355394,14353.028647124,62.9160826289923,42.3866774803636,51.5014121885771,-384.230105152148,-173.861909138476,1.49011611938477e-08,1.49011611938477e-08,1.82289765562821,1.9358269092477,1.69173947126554,3.0783339341952,9,25
0.378,500,25,583.097961085264,9.58304090376237,583.097961085264,13430.0638714049,13781.8194203774,14520.1714454996,62.2502748490866,36.867537195784,50.2060469855338,-333.387001855749,-55.5194210899456,1.49011611938477e-08,1.49011611938477e-08,1.90283131126479,2.18097770113163,2.21195035734017,2.4367371504166,9,25
0.379,500,25,517.268385719251,257.11896643554,517.268385719251,13292.573395169,14172.5031137549,14201.4479781098,62.6103924730389,32.3682724384516,48.4463583448897,-417.898124556766,17.2683249237217,1.49011611938477e-08,1.49011611938477e-08,1.94562795634249,2.18861914411198,3.09763667264416,2.18531743757719,9,25
0.38,500,25,499.658079381584,264.101893569481,499.658079381584,13653.5925256536,14191.9576693731,13778.2934664634,63.7770980726606,31.9104650053718,46.2985470752682,-620.297925286065,-43.7359920970975,1.49011611938477e-08,1.49011611938477e-08,1.94980310850211,1.88290336125072,1.44737594697296,2.35606403768435,9,25
0.381,500,25,504.316052156473,259.064726598033,504.316052156473,14066.95055853,13811.5997263008,13807.383918009,64.5759686628717,36.1356768737704,44.2462894840384,-769.887104901705,-258.492491380034,1.49011611938477e-08,1.49011611938477e-08,1.85527991706616,1.65155921261485,0.185253614866043,2.89758999212974,9,25
0.382,500,25,497.538665617948,258.497801387502,497.538665617948,14038.6414036031,13491.990373862,14251.9810281974,64.0245173100805,41.6714769174205,42.6064644424291,-749.458921647686,-494.793722677429,1.49011611938477e-08,1.49011611938477e-08,1.79586823900938,1.64384156586628,1.49011611938477e-08,2.68535394168362,9,25
0.383,500,25,461.691965662824,261.163814183519,461.691965662824,13639.5101473775,13647.1234930926,14558.6335110401,62.0734093260653,46.1061989166944,41.0191788129,-626.557306575041,-594.644274946839,1.49011611938477e-08,1.49011611938477e-08,1.87059561712231,1.72255140831971,1.49011611938477e-08,2.26111365105935,9,25
0.384,500,25,389.0890960879,262.271278164535,389.0890960879,13396.9011436214,14073.9924149445,14357.4198465703,60.0004752203038,48.7549785525963,40.2514158099888,-527.16490089363,-543.217226112846,1.49011611938477e-08,1.49011611938477e-08,1.93780762414592,1.64476782568968,1.49011611938477e-08,2.88595208424528,9,25
0.385,500,25,288.01340462878,263.815433165078,288.01340462878,13646.7665987559,14225.510255916,13907.1624785572,59.4871780531642,49.7584825264604,41.3150698784349,-492.512451637283,-397.098886589269,1.49011611938477e-08,1.49011611938477e-08,1.95262006440547,1.38586351325966,1.49011611938477e-08,8.9742347006072,9,25
0.386,500,25,231.996027640745,264.656939618729,231.996027640745,14071.5826943259,13913.3420933666,13782.4556386088,60.5189232268309,49.4913283778774,43.7726016035739,-497.863719200343,-253.359465335981,1.49011611938477e-08,1.49011611938477e-08,1.87290909330072,1.26927091716265,0.484686546319073,8.43503946244782,9,25
0.387,500,25,343.102485596774,263.007846619313,343.102485596774,14156.6950222973,13525.1193536392,14142.9939163029,61.2822080849552,48.3321052611245,46.7645285565392,-468.367818778371,-171.944804725267,1.49011611938477e-08,1.49011611938477e-08,1.77827682856075,1.48026210661134,1.0279191919323,4.32296625247817,9,25
0.388,500,25,597.882617040276,-135.260678729937,597.882617040276,13829.7085356615,13561.1108072277,14539.1721634873,59.2471187278326,46.5257715492333,48.5193589768533,-376.385796843165,-160.483903448831,1.49011611938477e-08,1.49011611938477e-08,1.83360511343011,1.9744949665033,1.62349367635899,4.59543310062869,9,25
0.389,500,25,643.261159278222,-8844.49113011709,643.261159278222,13529.9699754448,13973.0221397614,14508.2850769155,53.6286355167264,44.7620147120467,47.8629547662695,-310.25017650448,-155.621711492077,1.49011611938477e-08,1.49011611938477e-08,1.92432142667726,2.44736645914441,2.07923677079876,6.23890721842414,9,25
0.39,500,25,618.786760778954,-2381.87201388989,618.786760778954,13664.6566104704,14220.7367210794,14121.0052024251,45.6362447027449,43.7678616484146,45.1012839921299,-369.876357798567,-89.9180524632633,1.49011611938477e-08,1.49011611938477e-08,1.95935866647616,1.95275024250829,1.8005413686262,5.77388255119516,9,25
0.391,500,25,523.943633669845,236.906413512922,523.943633669845,14057.7253108829,13992.96219952,13888.475883971,40.7844467611626,44.0925559942823,42.6002071682827,-570.275874658401,17.6435237351946,1.49011611938477e-08,1.49011611938477e-08,1.91041752479509,0.782395340001673,1.03005854187613,2.4402455784441,9,25
0.392,500,25,307.101204085209,263.525838421005,307.101204085209,14209.5324402318,13563.0825985972,14135.8017215861,44.4259273220527,45.6921906681591,42.7886938235874,-801.425052989785,71.9639859382844,1.49011611938477e-08,1.49011611938477e-08,1.79715854117447,1.49011611938477e-08,0.423955624500879,1.4080088172695,9,25
0.393,500,25,204.813571759833,265.072009688322,204.813571759833,13932.2193709703,13472.8270891579,14542.669228802,51.8335318488009,47.5485020570407,44.8210795220389,-886.918856341281,34.278878417375,1.49011611938477e-08,1.49011611938477e-08,1.81452174758536,0.0707253835846443,1.49011611938477e-08,1.57834477729404,9,25
0.394,500,25,309.795006297512,263.509770937232,309.795006297512,13494.5399516476,13845.3591431664,14516.7807283355,59.2768753240539,48.899078115426,48.0386046459135,-877.931957340072,-32.8445286894772,1.49011611938477e-08,1.49011611938477e-08,1.90892854183021,0.551922616193678,1.49011611938477e-08,2.12520464804977,9,25
0.395,500,25,615.192417010422,-340.291613662791,615.192417010422,13510.3791440418,14209.6034553022,14109.4724416573,64.5054860171279,49.5572403848012,50.9873713779604,-805.512384985892,-167.149739503484,1.49011611938477e-08,1.49011611938477e-08,1.9507372584631,0.979454762605184,1.49011611938477e-08,3.23888826941562,9,25
0.396,500,25,642.314755515901,263.554647866454,642.314755515901,13890.827280229,14127.01703739,13799.0823802917,65.5393468581265,48.9611764558952,52.0955162574347,-665.659709396964,-295.163084418423,1.49011611938477e-08,1.49011611938477e-08,1.92916711855398,1.40518486925563,0.474473865750897,4.62280752724102,9,25
0.397,500,25,599.766303091993,-29.8027071671521,599.766303091993,14079.8783524465,13725.3796798258,13939.3398933237,64.4381217236519,46.4264318722161,52.083200158133,-497.922145026901,-291.525517563639,1.49011611938477e-08,1.49011611938477e-08,1.83280248790193,1.72379549555235,1.06581669305511,4.41279312587232,9,25
0.398,500,25,614.391000497853,232.032355042664,614.391000497853,13853.8975774748,13526.224969448,14372.8080414923,63.448165563696,41.879301300185,51.5299948246407,-375.650060036696,-180.941963788911,1.49011611938477e-08,1.49011611938477e-08,1.82571965372186,1.9813067432753,1.71318018415914,3.23287214143478,9,25
0.399,500,25,573.537927272862,70.6539737128797,573.537927272862,13411.5715302165,13803.5035484844,14513.9640239622,62.808680061054,36.3273707766076,50.2739565918276,-329.34148140672,-64.96613505914,1.49011611938477e-08,1.49011611938477e-08,1.90635357838091,2.23410370024167,2.2471036947004,2.58457624587509,9,25
0.4,500,25,507.580357367464,250.323194146087,507.580357367464,13304.2091500008,14188.1772818331,14174.3064307739,63.198450395653,31.830025965934,48.5895923569217,-419.53975137472,4.25798388971275,1.49011611938477e-08,1.49011611938477e-08,1.94653148633425,2.22622708934631,3.02265227828603,2.31980254371863,9,25
0.401,500,25,494.187490539909,255.364227546772,494.187490539909,13686.1502465338,14181.6759625786,13764.1895136295,64.3224271450952,31.294948535601,46.4936688810554,-608.340290606156,-54.7669604784452,1.49011611938477e-08,1.49011611938477e-08,1.94691497578365,1.90943558332731,1.35680599638805,2.4990508562975,9,25
0.402,500,25,502.459277415798,252.701812533293,502.459277415798,14082.3611263135,13786.3115826626,13825.044982141,65.0335870834543,35.4327029451697,44.4584011708943,-755.237972793081,-278.215566634114,1.49011611938477e-08,1.49011611938477e-08,1.84713397779099,1.68435360654126,0.118159516277936,3.03611924958436,9,25
0.403,500,25,500.222471968958,253.472656480638,500.222471968958,14025.0560811037,13485.7246592428,14278.8130912808,64.4122109609599,40.7601599541945,42.7719104725754,-724.451379619113,-504.312283117714,1.49011611938477e-08,1.49011611938477e-08,1.79593180011948,1.68393937555167,1.49011611938477e-08,2.72832559916605,9,25
0.404,500,25,464.608941292037,259.92559593263,464.608941292037,13619.1528447904,13667.984803467,14561.0648065098,62.4605813246342,44.9586725378724,41.1643377356241,-602.266844397195,-591.935078271317,1.49011611938477e-08,1.49011611938477e-08,1.87515637181098,1.76166000639289,1.49011611938477e-08,2.30502847685615,9,25
0.405,500,25,390.494330884246,262.247961785288,390.494330884246,13399.1644734345,14093.6647215675,14331.6301684701,60.5783735008703,47.3953785759933,40.6099442895207,-510.782417557663,-532.653992346863,1.49011611938477e-08,1.49011611938477e-08,1.93965148502756,1.67686195299904,1.49011611938477e-08,3.03293972993098,9,25
0.406,500,25,275.803859231439,263.997198468326,275.803859231439,13672.3182372181,14218.3563696837,13884.2953065472,60.2732509102983,48.2481829061268,41.8416932021078,-483.704862231343,-395.014187672837,1.49011611938477e-08,1.49011611938477e-08,1.95131862977908,1.42556571705718,1.49011611938477e-08,10.0882759086883,9,25
0.407,500,25,233.053717022328,264.649807345197,233.053717022328,14089.9858828509,13888.0020044318,13788.9221487287,61.3840416342799,47.884287526154,44.3580528173613,-491.059085562906,-251.243748205282,1.49011611938477e-08,1.49011611938477e-08,1.86477623116946,1.33117997201895,0.513556164879504,8.45801602674164,9,25
0.408,500,25,349.93555122334,262.902095637978,349.93555122334,14147.3850855844,13512.3585809761,14167.4809911968,62.0180775648799,46.6484096942221,47.2156410462844,-456.368801435931,-181.146150389518,1.49011611938477e-08,1.49011611938477e-08,1.77641274244448,1.56847134540316,1.04271664282316,4.64137995928435,9,25
0.409,500,25,602.983979588654,-190.352044627881,602.983979588654,13805.4047246988,13577.7713018367,14545.5091332213,59.7963710624209,44.7529421203269,48.7763129438683,-361.713450130242,-175.269998515866,1.49011611938477e-08,1.49011611938477e-08,1.83884310761362,2.09487220713861,1.61867178678466,5.15135938527787,9,25
0.41,500,25,643.048584690469,263.709633573632,643.048584690469,13523.8478556394,13996.3257642,14487.050991982,53.9805248778208,42.94028231699,47.8660019656626,-298.233458367355,-170.596699223318,1.49011611938477e-08,1.49011611938477e-08,1.92734111019004,2.5876960855245,2.03462692847462,7.34130772857367,9,25
0.411,500,25,617.7855416844,248.638012523183,617.7855416844,13683.6474748986,14222.3987570931,14095.9052915534,45.9082255467628,41.9292242990942,44.8805166878727,-356.458249467686,-105.07055084746,1.49011611938477e-08,1.49011611938477e-08,1.95946759958614,2.02418375272652,1.73708744957602,6.62444011587502,9,25
0.412,500,25,518.525882460315,242.285143674849,518.525882460315,14075.5546317327,13972.8143531105,13889.0294466832,41.0809971053906,42.3071938807452,42.1486826976078,-565.687734102684,14.5481395468648,1.49011611938477e-08,1.49011611938477e-08,1.90391735188039,0.805713088489136,1.0065541135238,2.53243287961767,9,25
0.413,500,25,285.283336845856,263.852371758718,285.283336845856,14200.7240551091,13547.9660840352,14157.3404433829,44.779210164103,43.925549306904,42.345154615267,-790.495160597726,73.1555560320379,1.49011611938477e-08,1.49011611938477e-08,1.79382013566776,1.49011611938477e-08,0.441522441736849,1.42809168250971,9,25
0.414,500,25,181.890799397221,265.403701488636,181.890799397221,13902.3391352869,13487.401083769,14553.2149019796,52.2414450036873,45.7341553666443,44.6273655071707,-869.337600112316,40.0351629568395,1.49011611938477e-08,1.49011611938477e-08,1.81993880866173,0.217550291962883,1.49011611938477e-08,1.57749668308644,9,25
0.415,500,25,310.345306545915,263.504048025089,310.345306545915,13478.1005033635,13873.867798281,14497.9287050268,59.6388687043443,47.0153807143357,48.0790763094621,-860.365895792535,-27.2654748846154,1.49011611938477e-08,1.49011611938477e-08,1.91290439421653,0.611008889059765,1.49011611938477e-08,2.1059131858183,9,25
0.416,500,25,633.832405403487,-607.439261684689,633.832405403487,13523.7767228462,14220.5672407076,14080.6263884316,64.5775524636312,47.605738976498,51.0299800832232,-793.391518093567,-159.638037736962,1.49011611938477e-08,1.49011611938477e-08,1.95160553172713,1.03580884594308,1.49011611938477e-08,3.2177374737346,9,25
0.417,500,25,641.349764017678,263.333157792192,641.349764017678,13909.9044475512,14109.2735436757,13790.9042816219,65.4076607394583,47.020032793337,52.0810907302978,-650.518139484749,-296.734993802471,1.49011611938477e-08,1.49011611938477e-08,1.92462279999237,1.45950488436142,0.532644176693686,4.58021523562752,9,25
0.418,500,25,597.240711044729,-108.353697243131,597.240711044729,14073.5131457185,13704.6884362924,13955.90139992,64.3372961292366,44.5370112813746,52.081740428634,-492.284047982909,-289.684278455424,1.49011611938477e-08,1.49011611938477e-08,1.82895362128729,1.76183260271181,1.09702764254998,4.36447879150374,9,25
0.419,500,25,615.190713098483,236.749413298701,615.190713098483,13824.6722825908,13531.1251551401,14387.7978934547,63.4181412033208,40.0307836530951,51.5604738879291,-377.4060374272,-180.508119581155,1.49011611938477e-08,1.49011611938477e-08,1.82997515234902,2.00896869042678,1.73048054360354,3.24171135020277,9,25
0.42,500,25,573.683730041753,69.9048607209399,573.683730041753,13386.0428238264,13828.8483744379,14501.2815565066,62.8474756366527,34.5958810979168,50.3586233310297,-340.37243055961,-69.0544500728003,1.49011611938477e-08,1.49011611938477e-08,1.91053213542234,2.24436427775067,2.27361654592129,2.61924399331998,9,25
0.421,500,25,513.716473781544,246.686750586962,513.716473781544,13308.0282785898,14198.181757341,14140.9887396286,63.3303259904838,30.4466544774167,48.7306749125308,-432.125118830398,-7.91065226065255,1.49011611938477e-08,1.49011611938477e-08,1.94783528219404,2.21324518271429,2.89619822022693,2.37143810976447,9,25
0.422,500,25,499.21939182219,253.789223329735,499.21939182219,13704.8715696232,14163.1703687282,13746.6498325316,64.5339246618416,30.5977259502994,46.6915253525012,-632.512491333931,-77.4734693470125,1.49011611938477e-08,1.49011611938477e-08,1.94468680565183,1.89077307872274,1.19521590028793,2.56314691729436,9,25
0.423,500,25,512.589053768925,247.504558224106,512.589053768925,14086.2954646627,13760.8942309022,13838.3688830461,65.2016681190121,35.0988093482709,44.6846058503146,-767.19550771512,-304.41745860243,1.49011611938477e-08,1.49011611938477e-08,1.84161984451401,1.68134600696275,1.49011611938477e-08,3.02005332434529,9,25
0.424,500,25,506.644681421957,250.73385276684,506.644681421957,14000.0298794953,13481.3606388031,14298.433589446,64.4716513114947,40.4919147154955,43.0002942972075,-724.104717125705,-521.304847969626,1.49011611938477e-08,1.49011611938477e-08,1.79915263420693,1.69338352388532,1.49011611938477e-08,2.64967093548852,9,25
0.425,500,25,468.179485216146,259.628710270583,468.179485216146,13589.1965294107,13689.7040545304,14556.3412427611,62.4276050012723,44.6279782129486,41.4613019764879,-600.347951959179,-595.996312826668,1.49011611938477e-08,1.49011611938477e-08,1.88121141168264,1.77133071473255,1.49011611938477e-08,2.29155120527943,9,25
0.426,500,25,387.831087919764,262.291135072467,387.831087919764,13396.081571887,14111.6237549371,14303.6159277914,60.4771119590429,46.984515019147,40.9710016895229,-515.685707351558,-533.370649516255,1.49011611938477e-08,1.49011611938477e-08,1.94181163100517,1.67318128591762,1.49011611938477e-08,3.11629812573989,9,25
0.427,500,25,286.745967648002,263.83309178923,286.745967648002,13691.2054682475,14209.040996806,13862.6920776757,60.2147540187571,47.7912622870959,42.3167936342803,-492.806657351347,-384.211682957656,1.49011611938477e-08,1.49011611938477e-08,1.95039268456702,1.4062039760311,1.49011611938477e-08,11.2797293098466,9,25
0.428,500,25,240.429720890071,264.534470470817,240.429720890071,14100.1761531977,13861.199507198,13797.7740649212,61.4102221711154,47.4468804824166,44.9204077686763,-505.102278550901,-241.859538836133,1.49011611938477e-08,1.49011611938477e-08,1.85868362019946,1.31086442730617,0.542284246324513,7.68692373474362,9,25
0.429,500,25,380.66509787025,262.432765649433,380.66509787025,14131.1725700657,13500.3760318125,14192.755238319,62.0839425468374,46.2652664938395,47.7815689180941,-470.68470057087,-177.236130418495,1.49011611938477e-08,1.49011611938477e-08,1.77763010323717,1.5498316571122,1.05475720587904,4.53275318037281,9,25
0.43,500,25,629.951064143769,-862.382212482778,629.951064143769,13781.0976876891,13595.0686787447,14558.8968686169,59.7075865860421,44.466889579344,49.062264496749,-375.022673730634,-176.181457833928,1.49011611938477e-08,1.49011611938477e-08,1.84553947965322,2.06695446878917,1.61055484275019,5.16512730845451,9,25
0.431,500,25,641.34297250648,-8001.11451519495,641.34297250648,13518.3146244163,14018.9195361206,14473.8846656049,53.7335016647689,42.7685167247818,47.8362489922121,-316.488648200994,-169.933838324401,1.49011611938477e-08,1.49011611938477e-08,1.93090536590766,2.50470416917678,1.97745390376845,7.27428145028669,9,25
0.432,500,25,613.371815307977,-1666.51292863452,613.371815307977,13702.0197528895,14220.4968668454,14078.4425649949,45.7071479294233,41.9023611135637,44.5777298578896,-382.173785183629,-94.2721928533306,1.49011611938477e-08,1.49011611938477e-08,1.95986450709208,1.87168705855554,1.65197738538511,6.00388375511586,9,25
0.433,500,25,503.460258952643,251.784510874851,503.460258952643,14091.7269895565,13948.0556804541,13895.9572466711,41.4200539206679,42.3926533778918,41.8642268863901,-596.01258282643,29.0225926788032,1.49011611938477e-08,1.49011611938477e-08,1.89806572292782,0.717520236941599,0.962914223840761,2.28347737089237,9,25
0.434,500,25,268.168198559838,264.108187118681,268.168198559838,14193.4491377678,13530.8923352647,14187.1852552882,45.5354628705163,44.0419446838558,42.2203568492259,-812.900569714815,84.8197617784155,1.49011611938477e-08,1.49011611938477e-08,1.79199959913525,1.49011611938477e-08,0.428069272834998,1.32586436993919,9,25
0.435,500,25,169.10833443317,265.60557958095,169.10833443317,13874.1668089421,13499.2618097002,14570.1171921301,53.0290801996876,45.7971305792288,44.6586703863198,-880.406892356977,50.063677242049,1.49011611938477e-08,1.49011611938477e-08,1.82592016617356,0.199614621487784,1.49011611938477e-08,1.51142217530903,9,25
0.436,500,25,315.759927156706,263.420362329986,315.759927156706,13466.581609062,13899.3444449971,14487.8274311709,60.3281056626191,47.005013924572,48.2240316732492,-869.241163262607,-15.5630714998348,1.49011611938477e-08,1.49011611938477e-08,1.91686753883314,0.610600465660627,1.49011611938477e-08,2.0530525831721,9,25
0.437,500,25,635.897704010074,-639.192958892341,635.897704010074,13541.4721291603,14226.2863185485,14062.0712568411,65.0913832942743,47.4892581456531,51.2537654887176,-796.73149665969,-158.233105377929,1.49011611938477e-08,1.49011611938477e-08,1.9527032669416,1.03748616214113,1.49011611938477e-08,3.1721122284985,9,25
0.438,500,25,640.597002229574,263.167614306289,640.597002229574,13930.8784926551,14089.9968395122,13793.4395756507,65.7471604501492,46.7231020109939,52.3218835064762,-650.041235408562,-292.882993579886,1.49011611938477e-08,1.49011611938477e-08,1.92055038046756,1.45704086336848,0.575302688692984,4.49733236240863,9,25
0.439,500,25,601.510342733825,-159.692995667508,601.510342733825,14068.8788216122,13682.1584468585,13980.0707963541,64.5842874740041,44.0278632549236,52.3123156127034,-491.211584209556,-280.987383385305,1.49011611938477e-08,1.49011611938477e-08,1.82528123649301,1.75841431183469,1.13676192931026,4.25651586158968,9,25
0.44,500,25,612.459841800836,217.997278931753,612.459841800836,13799.2442662963,13534.5134694563,14409.6007058164,63.6172488821428,39.4258182992135,51.7755271193952,-376.966001016027,-175.93526431508,1.49011611938477e-08,1.49011611938477e-08,1.83370376175513,2.01392894304536,1.7604028186933,3.24524597779763,9,25
0.441,500,25,568.331774609799,103.181120661518,568.331774609799,13367.7994394347,13851.1462777012,14495.1335834851,63.0497043250395,33.9274324262024,50.6207036377588,-343.468775088224,-72.0231977656071,1.49011611938477e-08,1.49011611938477e-08,1.9138904316278,2.24452217887665,2.29765847449472,2.65484875374013,9,25
0.442,500,25,509.164549294656,249.379110996297,509.164549294656,13320.0316650747,14210.9439494515,14117.4487938327,63.5370918536323,29.7447871585,49.0318370432617,-441.704191119236,-10.6749807295113,1.49011611938477e-08,1.49011611938477e-08,1.94874712221311,2.19440450267211,2.78409908500639,2.41628905620838,9,25
0.443,500,25,499.493823452473,253.899995697524,499.493823452473,13734.1110068817,14149.0014425263,13738.5779640357,64.6565629503792,29.8270605588112,46.9808747998625,-637.653738960185,-89.2333219293132,1.49011611938477e-08,1.49011611938477e-08,1.94119837478343,1.88041453824623,1.13734613617845,2.63138612877774,9,25
0.444,500,25,510.924292710748,248.518584790161,510.924292710748,14096.5384209935,13735.4946928049,13861.208944889,65.1616949819461,34.2905319761341,44.9380597889824,-756.249277318077,-321.051853537261,1.49011611938477e-08,1.49011611938477e-08,1.83434730276982,1.69714702748379,1.49011611938477e-08,3.10020255566476,9,25
0.445,500,25,504.780586798421,251.600920117063,504.780586798421,13983.6825612891,13478.6264234986,14326.3893482343,64.2506052669156,39.5196576173509,43.1836869892438,-700.732408573084,-530.301375640689,1.49011611938477e-08,1.49011611938477e-08,1.80057176785392,1.73062804372277,1.49011611938477e-08,2.6685381373047,9,25
0.446,500,25,462.939321410197,260.047074528139,462.939321410197,13569.38199825,13712.0491606522,14556.3218192901,62.0811997396552,43.45219749932,41.627534707133,-582.111116651682,-594.025785773453,1.49011611938477e-08,1.49011611938477e-08,1.88577587974799,1.81651605252657,1.49011611938477e-08,2.32769960588883,9,25
0.447,500,25,379.274714462618,262.428597872805,379.274714462618,13401.4989419538,14128.8963699418,14276.9099033744,60.2195477891478,45.6254995202877,41.3231604750862,-498.751982414489,-523.126097530028,1.49011611938477e-08,1.49011611938477e-08,1.94338016105414,1.7136455022744,1.49011611938477e-08,3.27140387677069,9,25
0.448,500,25,259.771857773866,264.236113155507,259.771857773866,13717.8308824194,14199.1716140531,13843.2230579261,60.1114916837614,46.3219094428891,42.7997194086494,-483.58262084226,-373.489185215526,1.49011611938477e-08,1.49011611938477e-08,1.94831522975693,1.44506221775237,1.49011611938477e-08,12.9198226318272,9,25
0.449,500,25,233.389915817624,264.63982103932,233.389915817624,14116.1820208059,13836.4774531235,13808.360714539,61.3750343241093,45.9257287248212,45.4495112540972,-497.770026635904,-237.900563683152,1.49011611938477e-08,1.49011611938477e-08,1.85070517432507,1.35962633400125,0.578406498566912,7.62057070953799,9,25
0.45,500,25,385.572329171262,262.354444874752,385.572329171262,14120.1095601385,13492.2779174587,14218.0497588513,61.9375094572779,44.7006921987078,48.2085912249384,-458.853920886395,-181.688106860929,1.49011611938477e-08,1.49011611938477e-08,1.77721828385103,1.61501274312597,1.07629411718803,4.75303773452235,9,25
0.451,500,25,634.504658745757,-619.371957866946,634.504658745757,13759.9812070849,13615.3803508305,14564.7321867992,59.3810944343628,42.8580151472143,49.3534437201585,-367.331798121012,-183.472237022419,1.49011611938477e-08,1.49011611938477e-08,1.85095644548631,2.14935741880195,1.61344638499732,5.59982580617776,9,25
0.452,500,25,641.306150105285,263.304760284441,641.306150105285,13517.1621353822,14041.5081357702,14451.4654616992,53.2158164243178,41.1613284876004,47.9669683409097,-308.986644886346,-176.720589060234,1.49011611938477e-08,1.49011611938477e-08,1.93368920278486,2.57599888218626,1.93917300491863,8.1337044752691,9,25
0.453,500,25,612.389513749977,221.149133797746,612.389513749977,13724.1382105152,14220.0295582745,14054.8542695229,45.1726138738582,40.3728150884075,44.5879661900062,-382.820439749743,-96.7822059876148,1.49011611938477e-08,1.49011611938477e-08,1.95956746246014,1.86207995738172,1.58276608615176,6.42817931676812,9,25
0.454,500,25,498.110231530169,253.924962253862,498.110231530169,14109.5697605802,13926.5549479455,13898.8128372372,41.1623348919078,41.0046131759553,41.8128772947196,-598.87565413368,28.373839181718,1.49011611938477e-08,1.49011611938477e-08,1.89099785198311,0.697524805266077,0.918618714469318,2.31537669685475,9,25
0.455,500,25,256.585944289456,264.281598262076,256.585944289456,14184.3641242994,13518.0146317392,14209.5487382491,45.5832212935614,42.7700434089899,42.2176925618786,-807.770722870766,81.6857538094635,1.49011611938477e-08,1.49011611938477e-08,1.78945889959665,1.49011611938477e-08,0.404284462239039,1.35602162257896,9,25
0.456,500,25,158.736094797913,265.760163739179,158.736094797913,13846.5574448754,13516.9455071993,14577.432588603,53.1054409080869,44.5758900522018,44.6949504450225,-865.569018532559,49.5031458494164,1.49011611938477e-08,1.49011611938477e-08,1.83143726495156,0.274254133869704,1.49011611938477e-08,1.54368241070919,9,25
0.457,500,25,317.526130048387,263.396434086142,317.526130048387,13457.34439387,13927.5214585464,14467.6258281202,60.3609171897827,45.8048360484591,48.246024780709,-851.264557675456,-20.1596811734068,1.49011611938477e-08,1.49011611938477e-08,1.92017819497845,0.663804030785497,1.49011611938477e-08,2.08986487764764,9,25
0.458,500,25,642.117046047938,-5656.43916127975,642.117046047938,13561.3523724509,14234.9628248421,14035.695593356,64.9096168531613,46.3069336790955,51.105606322495,-775.075619135035,-165.72557903044,1.49011611938477e-08,1.49011611938477e-08,1.95304478012029,1.09414938610636,1.49011611938477e-08,3.22874450691172,9,25
0.459,500,25,638.859004303002,-7054.05669017723,638.859004303002,13952.4200175379,14072.8802450967,13790.0824767036,65.427731267289,45.5856199462221,52.0452302360367,-628.047169704263,-295.238640713349,1.49011611938477e-08,1.49011611938477e-08,1.91510508208131,1.51493249970197,0.59446102681358,4.52829749718838,9,25
0.46,500,25,607.023107098382,-353.030601534845,607.023107098382,14063.0768380342,13664.7764285527,13998.9956370036,64.3529848275663,42.9676223489086,52.0305342298309,-477.998472332458,-273.774089256499,1.49011611938477e-08,1.49011611938477e-08,1.82187886366672,1.80106515596452,1.15438228308775,4.18553683841261,9,25
0.461,500,25,608.589668684566,-1083.2693383978,608.589668684566,13776.9220679283,13544.1795122912,14425.4306976836,63.451224245763,38.4590814753266,51.4547587361799,-371.999305363882,-173.803376092349,1.49011611938477e-08,1.49011611938477e-08,1.83771471954853,2.0616934046961,1.77323156736295,3.2208604892931,9,25
0.462,500,25,557.898211540078,155.997776010343,557.898211540078,13354.7180938256,13878.1066238362,14483.5774820837,63.0239016835081,33.2064655850915,50.2920090176737,-343.887119783129,-65.7797039924479,1.49011611938477e-08,1.49011611938477e-08,1.91715568401103,2.28293497626644,2.32035858802045,2.64960816312245,9,25
0.463,500,25,490.065880194794,256.395266695915,490.065880194794,13337.7214572364,14219.773194258,14089.9501301015,63.7334459451214,29.590967839888,48.7085795469319,-454.707272978841,-9.01627091003262,1.49011611938477e-08,1.49011611938477e-08,1.94981085223074,2.19745135328035,2.70820903828759,2.42536917889778,9,25
0.464,500,25,485.177272599876,257.434345694593,485.177272599876,13762.3023290459,14130.9836528308,13731.9382548507,65.0830442072537,30.4260567608644,46.6502532155474,-657.936940278115,-94.1701987656756,1.49011611938477e-08,1.49011611938477e-08,1.93774267368065,1.85132121138885,1.03809105124323,2.64426366459138,9,25
0.465,500,25,518.024876537499,243.012138834256,518.024876537499,14103.2175936337,13712.591780801,13884.1460714294,65.7420702674664,35.172775550751,44.4832382168047,-772.452722844352,-323.075029050159,1.49011611938477e-08,1.49011611938477e-08,1.8290387276813,1.6530173733137,1.49011611938477e-08,3.0912317840149,9,25
0.466,500,25,523.859873087674,237.836734458277,523.859873087674,13960.9133031108,13478.6483087398,14351.3245582281,64.9367272585458,40.4397223392206,42.498522137961,-719.522170838077,-515.655297500325,1.49011611938477e-08,1.49011611938477e-08,1.80431496608164,1.66664976516981,1.49011611938477e-08,2.70334129763153,9,25
0.467,500,25,491.327118835662,256.086495149021,491.327118835662,13546.3261914779,13736.0890803023,14556.7666710332,62.8448637954494,44.3303170192858,40.7610365680674,-596.616003083018,-577.444305998605,1.49011611938477e-08,1.49011611938477e-08,1.8912344659556,1.7205767318061,1.49011611938477e-08,2.4180260768916,9,25
0.468,500,25,408.770375437948,261.935715410812,408.770375437948,13406.2559873532,14145.5967070133,14258.3317865217,61.020657238138,46.454978550749,40.3847551295675,-515.702887373107,-499.947199611757,1.49011611938477e-08,1.49011611938477e-08,1.94528794465561,1.58201809366612,1.49011611938477e-08,3.58680797968554,9,25
0.469,500,25,301.587242738409,263.609658969234,301.587242738409,13739.8671934112,14187.4108864407,13835.8555202379,60.9925824074623,47.1096054082637,42.0255133011342,-504.925008598674,-344.374877895319,1.49011611938477e-08,1.49011611938477e-08,1.94692782868767,1.31509838605249,1.49011611938477e-08,19.9075377031566,9,25
0.47,500,25,267.032578032369,264.141376183811,267.032578032369,14124.1743212987,13809.3622910117,13831.8849402578,62.3590256828291,46.6952030155638,44.9076222679946,-522.195329668156,-208.73294701614,1.49011611938477e-08,1.49011611938477e-08,1.84528699928564,1.25940745959175,0.594543527059484,5.77885311156631,9,25
0.471,500,25,428.67508572599,261.547732732824,428.67508572599,14100.9613828947,13483.2704074111,14254.1275642804,62.9893575877609,45.4704309633232,47.8059722670807,-486.618090630554,-157.390588467716,1.49011611938477e-08,1.49011611938477e-08,1.78005944322566,1.52970008750445,1.09841263944438,4.02556861851016,9,25
0.472,500,25,649.673750730191,-12218.1339170213,649.673750730191,13733.7001227301,13634.949375098,14584.1907481225,60.3852258386069,43.6418405507637,48.8216551627373,-389.891319329457,-160.416788360727,1.49011611938477e-08,1.49011611938477e-08,1.85815538259256,2.04595373522983,1.63953636007295,4.75823156437496,9,25
0.473,500,25,640.0073399627,-7472.41452618349,640.0073399627,13512.6425486168,14062.4388938595,14445.76709223,54.2624475881462,41.9672876104483,47.2740457687544,-335.897393415315,-148.748227115539,1.49011611938477e-08,1.49011611938477e-08,1.93693724620896,2.4032193449818,1.95009419259766,6.39263495234696,9,25
0.474,500,25,608.357540793368,-1089.79276055804,608.357540793368,13741.7271180732,14213.5561772206,14048.4636919119,46.5067417464081,41.1814521765992,43.8185093389836,-419.029827907564,-60.6243820785866,1.49011611938477e-08,1.49011611938477e-08,1.95953878267901,1.68647733942494,1.57717116433507,4.63534533950968,9,25
0.475,500,25,484.631308360035,257.387554087603,484.631308360035,14121.3277283824,13900.2147448202,13918.8705129328,43.0851792926728,41.7733957764061,41.2314821498493,-640.048036337875,64.3854396576098,1.49011611938477e-08,1.49011611938477e-08,1.88545921510108,0.632062958164118,0.926197719419697,1.8818109533172,9,25
0.476,500,25,237.899438613677,264.549349650496,237.899438613677,14172.0017386258,13503.1776330451,14249.2675325173,47.6129234247917,43.4307316715349,41.8914006409019,-834.329288807441,111.252476518996,1.49011611938477e-08,1.49011611938477e-08,1.78960445567793,1.49011611938477e-08,0.43716920540858,1.17584132626446,9,25
0.477,500,25,161.553187889531,265.717673393684,161.553187889531,13808.2764014695,13531.0398143419,14594.2444907426,54.888140599446,45.0983303660718,44.5424047542533,-890.331867846544,75.626191193785,1.49011611938477e-08,1.49011611938477e-08,1.83881670653851,0.237312462819824,1.49011611938477e-08,1.39174283772096,9,25
0.478,500,25,349.808880497222,262.921160113,349.808880497222,13440.8224276119,13952.07455703,14459.8176053829,61.8282055115617,46.2010134488599,48.2115357160066,-875.430917053128,1.90150322651891,1.49011611938477e-08,1.49011611938477e-08,1.92415397304723,0.630678659994587,1.49011611938477e-08,1.90703486291423,9,25
0.479,500,25,652.251221586002,-13906.9110373961,652.251221586002,13572.7507763759,14236.8820291747,14024.3450189777,65.9437323422283,46.5484363940448,51.0534251712288,-796.954567685912,-148.58327955793,1.49011611938477e-08,1.49011611938477e-08,1.95409358112823,1.04793793741224,0.181683556831738,2.92903892444635,9,25
0.48,500,25,637.559050405332,262.5623367861,637.559050405332,13963.4929426968,14049.5935496689,13801.6672706887,66.0766059121808,45.5917941839122,51.9262756929597,-646.289987749182,-276.200239129434,1.49011611938477e-08,1.49011611938477e-08,1.91119182125717,1.44779390792489,0.678477442913801,4.03408005900341,9,25
0.481,500,25,607.106830155316,-200.384601118294,607.106830155316,14050.8751877108,13643.292499337,14032.8416789346,64.7454558064513,42.6981382934183,51.9355341214965,-498.865690678389,-259.109672523308,1.49011611938477e-08,1.49011611938477e-08,1.81991771426207,1.73103731092915,1.22839482677973,3.75252563748595,9,25
0.482,500,25,608.27195300479,161.831012863341,608.27195300479,13745.7149832248,13550.407374731,14453.0138714511,63.6082194118532,37.9796090500453,51.4708157717225,-381.420012634239,-162.895632999367,1.49011611938477e-08,1.49011611938477e-08,1.84271873031667,2.0061704816688,1.82669530870271,3.04283496694401,9,25
0.483,500,25,556.954184585512,159.399771766511,556.954184585512,13333.7561435615,13900.5604952327,14482.1586386809,63.0169311180509,32.4853143604801,50.5035840635411,-353.321304275157,-58.5136827476815,1.49011611938477e-08,1.49011611938477e-08,1.92056537916942,2.22913950379564,2.33896303703487,2.57749505871775,9,25
0.484,500,25,501.064936447925,253.130176041276,501.064936447925,13346.6969732111,14229.5000495881,14072.5480027872,63.6100453352679,28.5854781572546,49.0704346339775,-466.56716067096,-5.47427861233763,1.49011611938477e-08,1.49011611938477e-08,1.95086523859201,2.13756437155639,2.63426544305958,2.38813744468354,9,25
0.485,500,25,503.826291789267,252.237598310144,503.826291789267,13785.894401845,14113.0162871195,13731.4815625692,64.7787190891387,29.1862643174717,47.0452803861687,-662.740519932957,-100.994249526694,1.49011611938477e-08,1.49011611938477e-08,1.93380920726683,1.82102158833298,1.0238144044372,2.64813226233558,9,25
0.486,500,25,518.669959122365,242.984267205121,518.669959122365,14109.1399329694,13688.4731767976,13913.1989819981,65.1431445299799,33.8468611732392,44.847995674069,-757.130444844472,-325.832352238244,1.49011611938477e-08,1.49011611938477e-08,1.82258716983685,1.66998972833323,1.49011611938477e-08,3.15247352061851,9,25
0.487,500,25,514.617658887189,245.956468867682,514.617658887189,13944.4447533458,13480.8382407995,14381.4731660847,63.9632227202041,38.9417358730854,42.8128392217064,-688.336863286787,-525.432206051062,1.49011611938477e-08,1.49011611938477e-08,1.80665033080798,1.72579776607543,1.49011611938477e-08,2.72476048816482,9,25
0.488,500,25,470.944259779213,259.363143911395,470.944259779213,13529.5461242229,13760.6586116833,14555.525735094,61.5771549515609,42.6148849907173,41.123461921337,-562.851366720147,-575.037220886157,1.49011611938477e-08,1.49011611938477e-08,1.89548413610486,1.80241349515567,1.49011611938477e-08,2.46987902482388,9,25
0.489,500,25,379.87067176034,262.418358161751,379.87067176034,13416.5710724289,14161.1445177704,14231.1709264811,59.7580665819575,44.5470753739083,40.9824451463045,-490.164812632729,-488.399510069567,1.49011611938477e-08,1.49011611938477e-08,1.94654735472623,1.66389606584972,1.49011611938477e-08,3.81093053152056,9,25
0.49,500,25,261.340091655189,264.213754894553,261.340091655189,13769.3073630822,14175.5273811603,13819.5265823262,59.8630967898548,45.0986291104135,42.7042548396662,-488.862625272609,-332.912880505634,1.49011611938477e-08,1.49011611938477e-08,1.94379074736545,1.38268318928007,0.142567167409967,24.1527687226523,9,25
0.491,500,25,241.185321289508,264.53283538369,241.185321289508,14140.3948902752,13785.7223448193,13845.8777312686,61.3047129191222,44.6559287033293,45.5401165557105,-508.717678588434,-210.103483027517,1.49011611938477e-08,1.49011611938477e-08,1.83695351945697,1.3219386594289,0.640352212563375,5.93374325662376,9,25
0.492,500,25,416.426488131143,261.809655708168,416.426488131143,14090.6812678289,13479.366573586,14278.6671250024,61.8430277701823,43.4285388296926,48.2701786152111,-470.009637402495,-163.138055187183,1.49011611938477e-08,1.49011611938477e-08,1.78010223647075,1.59860978464923,1.11962360949973,4.31077761263189,9,25
0.493,500,25,650.318201820213,-12666.2298227858,650.318201820213,13715.7952058751,13657.6909347236,14584.5881478352,59.0969694988388,41.6142859050416,49.164371771838,-374.533384367252,-169.947841073638,1.49011611938477e-08,1.49011611938477e-08,1.86313291186819,2.12280981696362,1.62953622981759,5.2690848063882,9,25
0.494,500,25,639.986039867035,-7467.69662973976,639.986039867035,13517.1222324999,14083.4995409587,14419.5184055033,52.8217378998576,39.9932336183976,47.5151417233383,-327.210689694698,-158.025337946229,1.49011611938477e-08,1.49011611938477e-08,1.93928646150477,2.45197412361741,1.88654709970566,7.32149287289849,9,25
0.495,500,25,607.647134721715,-1016.27158111493,607.647134721715,13767.289224297,14209.6564496288,14023.503736411,45.0878758330933,39.3521088979846,44.0067974635736,-417.949690110439,-68.0795418384578,1.49011611938477e-08,1.49011611938477e-08,1.95847878618817,1.65451255288291,1.48659261320152,5.05998966874812,9,25
0.496,500,25,480.590278150497,258.072515079348,480.590278150497,14139.7765456759,13877.4178874791,13920.7479816055,42.0824541627042,40.1302406570017,41.4950806366444,-626.209212347881,48.963645528667,1.49011611938477e-08,1.49011611938477e-08,1.87733866405102,0.601023222984188,0.863932944005173,1.97688091924075,9,25
0.497,500,25,237.211735714115,264.559808347587,237.211735714115,14163.0278217885,13492.7038282478,14267.8818566341,47.042619780613,41.9487868412035,42.2277305211804,-821.259460786113,94.7890597328974,1.49011611938477e-08,1.49011611938477e-08,1.78721411638202,1.49011611938477e-08,0.39161731807857,1.26750171734647,9,25
0.498,500,25,164.648839298641,265.670741033092,164.648839298641,13782.9504102758,13551.231313448,14592.4163517208,54.383066933863,43.6964224361458,44.8339694130447,-866.044441985636,58.7068161574949,1.49011611938477e-08,1.49011611938477e-08,1.8438976094918,0.330583076784798,1.49011611938477e-08,1.49583492384445,9,25
0.499,500,25,348.518337441182,262.940440555828,348.518337441182,13438.1691278616,13979.2458084766,14432.7802798543,61.3150585596103,44.8560750963603,48.3711887943186,-846.169675817777,-17.2240673762831,1.49011611938477e-08,1.49011611938477e-08,1.92672489158631,0.708308441116361,1.49011611938477e-08,2.04260278319152,9,25
0.5,500,25,651.057394289598,-13061.8310117865,651.057394289598,13597.8825460221,14242.6652021471,13995.3207260185,65.2848890491736,45.2664228415464,50.9673911476462,-763.089736636164,-168.204253164386,1.49011611938477e-08,1.49011611938477e-08,1.95378052521213,1.13364915719481,0.165945187334056,3.13877899243077,9,25
0.501,500,25,635.416780081221,-5901.99281528571,635.416780081221,13985.1709624867,14031.3688604938,13797.8292928282,65.3888602463127,44.4074553793222,51.6958987394028,-621.776017595151,-283.216372355048,1.49011611938477e-08,1.49011611938477e-08,1.90485313975669,1.53714973207792,0.676322651877811,4.25816224526459,9,25
0.502,500,25,607.846395202551,-259.913534525014,607.846395202551,14042.989877181,13628.5024997125,14047.9567219297,64.2736033402382,41.6381449345238,51.6947673868946,-477.974667010733,-255.172168524911,1.49011611938477e-08,1.49011611938477e-08,1.81717072637989,1.79978632527772,1.23000107136173,3.80211504144179,9,25
0.503,500,25,609.501521845355,-1192.25714263201,609.501521845355,13718.3810561607,13563.5916444523,14457.7133253101,63.3528802762242,37.0769379231054,51.1499700452145,-373.729313564656,-152.695341387306,1.49011611938477e-08,1.49011611938477e-08,1.84733211029545,2.05499103459323,1.8274061882042,2.99741154024738,9,25
0.504,500,25,561.309727029785,140.216581588277,561.309727029785,13318.8625554818,13927.1903236436,14458.3266498217,62.9590267534403,31.9515215253126,50.0416345732168,-360.571601101681,-51.6902595557061,1.49011611938477e-08,1.49011611938477e-08,1.92357785441487,2.2486501385904,2.36697428607111,2.5244332236904,9,25
0.505,500,25,500.745041020811,253.326229964616,500.745041020811,13363.4586594892,14235.756299205,14036.0419577871,63.6829560478372,28.8041963148058,48.4718861256636,-486.364425959064,-11.6762889298558,1.49011611938477e-08,1.49011611938477e-08,1.95196412827898,2.13054434609223,2.52373300945626,2.36982993044253,9,25
0.506,500,25,491.859176942764,255.97298558448,491.859176942764,13810.5313587096,14092.7174237395,13719.7369183907,64.9002088276142,30.3226445134912,46.4203183095092,-675.629555377992,-114.60692681156,1.49011611938477e-08,1.49011611938477e-08,1.92983917007026,1.81313308599424,0.924800667639594,2.65864748290139,9,25
0.507,500,25,512.323163285572,247.673492812444,512.323163285572,14108.6847561191,13666.2030621322,13930.3573180524,65.2383748497366,35.4058225878083,44.3111605545878,-768.481845074269,-353.812425369778,1.49011611938477e-08,1.49011611938477e-08,1.81854799638259,1.66937835129047,1.49011611938477e-08,3.04724783930908,9,25
0.508,500,25,512.259782734547,247.553517796656,512.259782734547,13914.4989964905,13483.1461661161,14396.2677006635,64.0571461071495,40.636991551206,42.3904417518396,-693.032053319551,-545.96645884371,1.49011611938477e-08,1.49011611938477e-08,1.81145426998992,1.72245615522192,1.49011611938477e-08,2.56390311005735,9,25
0.509,500,25,472.955048304382,259.187082072202,472.955048304382,13503.424511027,13784.6067670431,14544.2192915395,61.6898256680534,44.3561738608436,40.8067553875533,-568.124446178159,-586.04319334954,1.49011611938477e-08,1.49011611938477e-08,1.9005098859677,1.78469509443406,1.49011611938477e-08,2.3765145352133,9,25
0.51,500,25,381.908035337478,262.393669172447,381.908035337478,13419.69845266,14174.7230141724,14201.8799723464,59.882580281851,46.3168711851891,40.6997457687457,-496.29457386163,-492.287335426304,1.49011611938477e-08,1.49011611938477e-08,1.94800265930627,1.62755321889393,1.49011611938477e-08,3.78051708547891,9,25
0.511,500,25,271.357597260445,264.063739415793,271.357597260445,13789.2044638824,14160.2622027872,13803.4883950035,60.0079967052141,46.8629169730975,42.4867700340504,-493.426076396075,-340.558757129028,1.49011611938477e-08,1.49011611938477e-08,1.94105588754317,1.34848328301693,0.170361819146999,24.4481916778301,9,25
0.512,500,25,263.967364365412,264.187140769077,263.967364365412,14144.7640403049,13759.0263295055,13860.8455720376,61.4033574879619,46.4057042672568,45.3698683604919,-509.918136675489,-210.656823325592,1.49011611938477e-08,1.49011611938477e-08,1.83070562407377,1.30765238338393,0.671953463293021,5.7070917458287,9,25
0.513,500,25,451.133846853478,260.818222276918,451.133846853478,14069.3599000583,13473.9479488144,14302.5205257323,61.7739230329921,45.1670537730075,48.0888032108854,-465.120506830704,-165.426543737518,1.49011611938477e-08,1.49011611938477e-08,1.78274869172046,1.60188537591281,1.16942064128297,4.24590831288744,9,25
0.514,500,25,649.651178839869,265.609315443002,649.651178839869,13690.9807481557,13678.5979918885,14588.1869812408,58.6954175395965,43.3510210023757,48.8223920300739,-368.661205930521,-170.307465708408,1.49011611938477e-08,1.49011611938477e-08,1.8693863827929,2.12782477237766,1.70015466734325,5.20692091151497,9,25
0.515,500,25,637.77277010494,262.584426353236,637.77277010494,13516.1117326329,14100.9558765855,14398.6045662817,52.189533552134,41.7771458276184,47.0634205109391,-330.428936970241,-151.602810522839,1.49011611938477e-08,1.49011611938477e-08,1.94189995664353,2.40498785013214,1.94301198955638,6.98566484845887,9,25
0.516,500,25,600.62667199534,-25.301668694014,600.62667199534,13786.1906268958,14198.2092682023,14004.9174872201,44.5114391380733,41.1904998240862,43.6083941959729,-427.613483632235,-60.8369364212566,1.49011611938477e-08,1.49011611938477e-08,1.95743727612482,1.54166475921407,1.48637310442188,4.51094849606092,9,25
0.517,500,25,458.563347243528,260.294495353717,458.563347243528,14149.3182214011,13848.0163924416,13929.9730743451,42.1148550299284,42.0267360731874,41.3851482644582,-655.093204985019,59.3536809960952,1.49011611938477e-08,1.49011611938477e-08,1.87056627408111,0.513881819325501,0.841645971562563,1.79910578239882,9,25
0.518,500,25,217.072879559512,264.872244363741,217.072879559512,14149.6060691995,13478.5968340488,14294.4695721341,47.5310729517406,43.8350900447312,42.3504569521514,-845.68135736828,95.3741690851429,1.49011611938477e-08,1.49011611938477e-08,1.78702725027113,1.49011611938477e-08,0.354624657023842,1.21823464301265,9,25
0.519,500,25,170.825629479539,265.583334959331,170.825629479539,13753.3267336328,13565.8216688647,14599.3003423752,54.9539157375715,45.5265610908799,45.0123736356975,-882.666657104397,52.529295671749,1.49011611938477e-08,1.49011611938477e-08,1.84966074785397,0.291728085713792,1.49011611938477e-08,1.50511519179032,9,25
0.52,500,25,399.949162243785,262.11700592596,399.949162243785,13432.7679493234,14001.1354147405,14416.1025340226,61.8202509385324,46.6411375655325,48.5529881242923,-857.330232479831,-30.0318382808376,1.49011611938477e-08,1.49011611938477e-08,1.92964464757894,0.690256672829327,1.49011611938477e-08,2.09917768170119,9,25
0.521,500,25,652.518534207461,-14220.900718707,652.518534207461,13617.9178037487,14240.0741386529,13978.6688351767,65.531378421528,46.9461623300233,51.0335484127928,-773.19856562765,-172.53216674663,1.49011611938477e-08,1.49011611938477e-08,1.95393755597646,1.11092840078558,0.179248350593186,3.21435742003802,9,25
0.522,500,25,633.218829905726,-5263.92234683802,633.218829905726,14001.2303702044,14006.2366987381,13806.4672540593,65.4373321152603,45.8668493952133,51.6679694509935,-619.284100709851,-281.851828149174,1.49011611938477e-08,1.49011611938477e-08,1.89931459691023,1.50012812540475,0.713628298333733,4.21738835783752,9,25
0.523,500,25,608.344408327557,-261.482859492423,608.344408327557,14035.3542878025,13610.4101069155,14079.0454655532,64.2426195169084,42.7687390032083,51.6369792220592,-473.34918122375,-239.847396186509,1.49011611938477e-08,1.49011611938477e-08,1.81493103655617,1.75973772562297,1.28941596013477,3.61546749542871,9,25
0.524,500,25,609.412459375649,-1179.4050551544,609.412459375649,13692.6388526516,13573.9883792951,14477.5013495621,63.2488598741002,37.9491379611152,51.0106221577027,-369.296005432137,-135.05252197456,1.49011611938477e-08,1.49011611938477e-08,1.85185708427637,2.02094359334431,1.88342775126316,2.85145807449044,9,25
0.525,500,25,557.432204061922,157.29677358712,557.432204061922,13307.5483949746,13950.4389100603,14449.7748115003,62.813843110747,32.6011879166914,49.8371675029753,-361.857069683035,-34.5608738768175,1.49011611938477e-08,1.49011611938477e-08,1.92619000750422,2.20759141766724,2.41468884547989,2.41369107960972,9,25
0.526,500,25,506.225688526207,250.874557649853,506.225688526207,13382.0650524462,14242.6043856805,14018.1039812527,63.5122113681026,29.2364729785757,48.1981657166488,-485.040262090109,1.80088898968837,1.49011611938477e-08,1.49011611938477e-08,1.95271272565377,2.07422003632989,2.5709138495018,2.28493673904679,9,25
0.527,500,25,512.548606775219,247.642476367983,512.548606775219,13837.3389245913,14072.6385653846,13724.4753749523,64.6454951368499,30.5447554058907,46.070229225804,-682.214334954115,-113.321077840838,1.49011611938477e-08,1.49011611938477e-08,1.92497118764028,1.7676410495349,0.906386520215374,2.61465848827501,9,25
0.528,500,25,517.075735880778,244.255263905783,517.075735880778,14112.0891541553,13643.8991159841,13962.789896566,64.8837244518608,35.49968988216,43.9561559692773,-764.529280426128,-357.746161062008,1.49011611938477e-08,1.49011611938477e-08,1.81343173863506,1.64157762860886,1.49011611938477e-08,3.06698787821962,9,25
0.529,500,25,504.845216605578,251.555988630559,504.845216605578,13895.7242786042,13488.9163628584,14425.1329747134,63.613545493564,40.5703059290267,42.063953068731,-681.995945779111,-542.588063531943,1.49011611938477e-08,1.49011611938477e-08,1.81511453215339,1.70343667748027,1.49011611938477e-08,2.61075431140744,9,25
0.53,500,25,454.01994171519,260.589859282522,454.01994171519,13486.9032316592,13810.1685056251,14540.9952518461,61.2984175802234,44.1317339336658,40.6063882955765,-559.801664591586,-572.421002469869,1.49011611938477e-08,1.49011611938477e-08,1.9046465988823,1.758658100985,1.49011611938477e-08,2.49489156698595,9,25
0.531,500,25,356.293726030051,262.783646762196,356.293726030051,13431.9491965543,14188.2388106368,14178.1835719604,59.7246735232108,45.9659991427957,40.7451651430975,-495.723448239152,-480.172165094091,1.49011611938477e-08,1.49011611938477e-08,1.94912078537155,1.5983271265553,1.49011611938477e-08,4.2229162702911,9,25
0.532,500,25,248.791176055565,264.40719705795,248.791176055565,13816.3664659832,14146.5786723709,13795.0151565861,60.0208014975009,46.4239980620686,42.6826494056507,-493.301117063544,-323.30449243172,1.49011611938477e-08,1.49011611938477e-08,1.93731777674271,1.34411278795864,0.214506112489399,27.235114978837,9,25
0.533,500,25,253.259775873814,264.3521549743,253.259775873814,14154.982393874,13736.9617026429,13882.286305641,61.3715425358533,45.8734312691163,45.6059319375824,-503.988060477568,-200.879567945622,1.49011611938477e-08,1.49011611938477e-08,1.82372343034924,1.33390118104556,0.709549424880575,5.31816290353497,9,25
0.534,500,25,449.349447283801,260.877679948253,449.349447283801,14054.3316922128,13474.6141611662,14331.3290583392,61.4390791798322,44.5183728943829,48.2282287736644,-449.68154841683,-161.642092752029,1.49011611938477e-08,1.49011611938477e-08,1.78482699370379,1.65190664905598,1.21923237283693,4.1935475033953,9,25
0.535,500,25,646.846210999573,264.794763192235,646.846210999573,13671.1141863418,13703.9222909503,14591.2649285671,58.0225857586248,42.6277678670678,48.847865476084,-352.643047616493,-167.175353716605,1.49011611938477e-08,1.49011611938477e-08,1.87491945344355,2.18689227968892,1.75407749167576,5.23219900250263,9,25
0.536,500,25,636.993071247735,262.44142006853,636.993071247735,13520.57044451,14120.782405235,14377.2530808546,51.2114872669019,41.0459695284776,46.9854056159318,-320.793216727361,-147.823363762173,1.49011611938477e-08,1.49011611938477e-08,1.94420125559716,2.42084229520533,1.97137287807294,6.92480259848953,9,25
0.537,500,25,597.120026158691,-76.5711843241115,597.120026158691,13809.2600991414,14190.8772308435,13987.4395574353,43.5348981437378,40.5429316054963,43.561627591424,-430.929550360073,-51.2976853932272,1.49011611938477e-08,1.49011611938477e-08,1.9558756901017,1.48128934094515,1.46082465546161,4.27468915799555,9,25
0.538,500,25,447.647887654501,260.853933185363,447.647887654501,14162.4731585301,13824.455170918,13939.9094928724,41.6482587370259,41.5093525352767,41.5621513467464,-662.716514392371,62.7085065627315,1.49011611938477e-08,1.49011611938477e-08,1.86293088342944,0.466874105879647,0.80323702181242,1.75242550829888,9,25
0.539,500,25,204.915356392455,265.05405978524,204.915356392455,14135.4626128081,13470.8488406752,14317.7479371371,47.509009081211,43.4417273598093,42.669197387883,-845.346876516618,88.5102191887403,1.49011611938477e-08,1.49011611938477e-08,1.78650436763908,1.49011611938477e-08,0.302109574284904,1.25196466405733,9,25
0.54,500,25,177.08975964021,265.483970111076,177.08975964021,13726.1415807877,13587.8612658212,14598.2500221112,55.0099012798762,45.1943677961656,45.3063226884022,-873.716214849078,43.1142083093149,1.49011611938477e-08,1.49011611938477e-08,1.85534128728289,0.33891904186947,1.49011611938477e-08,1.56295884690692,9,25
0.541,500,25,406.106027306073,262.020627027614,406.106027306073,13431.0542280973,14026.3845951465,14391.5365174802,61.8333390397213,46.3385203831919,48.7582550918796,-846.00434022095,-37.2400287764999,1.49011611938477e-08,1.49011611938477e-08,1.93215231088686,0.73484216393223,1.49011611938477e-08,2.19126533431541,9,25
0.542,500,25,652.699015087889,-14410.759518045,652.699015087889,13641.4948835519,14241.717744991,13955.8784625939,65.356916011151,46.6497882478979,51.0504397285111,-753.524227180432,-185.984273878683,1.49011611938477e-08,1.49011611938477e-08,1.95346148701708,1.15946662022095,0.15325800107239,3.34509948648877,9,25
0.543,500,25,631.016744348428,-4689.3595455505,631.016744348428,14017.1899541607,13985.5930722607,13809.5314180598,65.1840371816925,45.5859364155372,51.5747567641271,-598.93107167671,-285.238094247704,1.49011611938477e-08,1.49011611938477e-08,1.89330382231461,1.54590715855488,0.71792060120299,4.29542956966901,9,25
0.544,500,25,609.279545849643,-272.029842198631,609.279545849643,14023.3287677971,13596.9606052067,14097.8989534023,64.1238611351584,42.5286391402853,51.5517110122702,-461.528635848275,-230.797709725336,1.49011611938477e-08,1.49011611938477e-08,1.8137560781387,1.78984086867936,1.30485566083873,3.54915878230606,9,25
0.545,500,25,611.07367411083,-1376.6161175288,611.07367411083,13664.4047130722,13589.1824110525,14482.9719572378,63.2297876547262,37.7668222183069,50.8752700055321,-366.340073382118,-121.544675706818,1.49011611938477e-08,1.49011611938477e-08,1.85705039581861,2.04097029369707,1.90251687974461,2.75745041425472,9,25
0.546,500,25,562.644057582322,133.48175891547,562.644057582322,13295.5869881358,13975.4272800769,14426.4081475408,62.8955515031651,32.6756546464941,49.6137255765602,-367.601997571613,-28.503102431424,1.49011611938477e-08,1.49011611938477e-08,1.92892057000668,2.20735311902331,2.47522872828203,2.34201901298301,9,25
0.547,500,25,508.828166237476,249.519779651729,508.828166237476,13401.2228256469,14244.9547556395,13985.4149973701,63.6616524319421,29.913096710202,47.8930080907416,-505.937223885041,-0.760308237054108,1.49011611938477e-08,1.49011611938477e-08,1.9537222723193,2.05408319772611,2.48003948054557,2.25684281712,9,25
0.548,500,25,490.776687065877,256.384078279009,490.776687065877,13861.0705264123,14049.6646318527,13718.4547805598,64.8333709038106,31.9180795375415,45.7742445497029,-706.081955609361,-132.846219959371,1.49011611938477e-08,1.49011611938477e-08,1.92030650994793,1.7466859919851,0.813457460564319,2.61483318998077,9,25
0.549,500,25,509.147992765229,249.520664508778,509.147992765229,14108.8210930063,13622.3749926129,13983.3357251335,65.0632656917845,37.1618449435091,43.7366040799096,-779.565250833871,-382.073244322597,1.49011611938477e-08,1.49011611938477e-08,1.81034291974026,1.6250084809627,1.49011611938477e-08,2.96483884955635,9,25
0.55,500,25,499.950729944954,253.549782584209,499.950729944954,13865.4246906647,13493.8318779244,14439.4145523452,63.8097977388587,42.3270853759222,41.9077314419575,-692.119960825406,-560.53562223218,1.49011611938477e-08,1.49011611938477e-08,1.82044855956194,1.68082968912372,1.49011611938477e-08,2.47862263154344,9,25
0.551,500,25,453.167896744793,260.633554114738,453.167896744793,13464.0686197126,13833.7597998246,14526.6582958838,61.5545093245818,45.9206089061773,40.5403259465586,-576.220981252119,-584.135440059754,1.49011611938477e-08,1.49011611938477e-08,1.90919444693969,1.7182284806958,1.49011611938477e-08,2.42540385172937,9,25
0.552,500,25,364.266239844054,262.669071074408,364.266239844054,13438.3845934991,14198.1539376088,14147.4468097232,60.07534535939,47.7712700718187,40.7648918914989,-507.885922067388,-483.770019057967,1.49011611938477e-08,1.49011611938477e-08,1.95031610739067,1.5461906876024,1.49011611938477e-08,4.23389580399021,9,25
0.553,500,25,251.167801570335,264.363750251726,251.167801570335,13836.4797294782,14128.3329805104,13780.9779703082,60.4101725825961,48.2055362116032,42.7739560716311,-503.263578486944,-324.899889328801,1.49011611938477e-08,1.49011611938477e-08,1.93372134781881,1.30958584975519,0.213727229017596,24.0951785606668,9,25
0.554,500,25,270.577555250721,264.088274889302,270.577555250721,14156.9948719858,13711.2932416954,13898.5324041243,61.6543184548785,47.6163413378902,45.7316045646486,-505.99473104953,-204.769444772467,1.49011611938477e-08,1.49011611938477e-08,1.81813004111559,1.32787909166639,0.736514511775057,5.2236288897596,9,25
0.555,500,25,479.995160451893,258.519222138095,479.995160451893,14030.4626805686,13472.7378440195,14351.6751526957,61.4591230464115,46.2147873708298,48.3148765342439,-443.816395254401,-167.066643409702,1.49011611938477e-08,1.49011611938477e-08,1.7885640401286,1.66729805557618,1.26964136480712,4.20464613393122,9,25
0.556,500,25,648.961181754716,265.40566889262,648.961181754716,13646.9332562187,13726.2666105801,14588.8339956982,57.6503481330235,44.306302012682,48.796122743477,-350.68805753114,-170.247879164425,1.49011611938477e-08,1.49011611938477e-08,1.88095474527374,2.20541637606061,1.82607750733071,5.26301993669634,9,25
0.557,500,25,635.007641599158,262.100431970913,635.007641599158,13521.6237241992,14135.783498753,14352.1299745663,50.576195195661,42.7773516699888,46.8490536054952,-324.806498153326,-144.980709227127,1.49011611938477e-08,1.49011611938477e-08,1.94655869318589,2.38440556774595,2.01677615775102,6.7698891034618,9,25
0.558,500,25,590.718444042188,-69.5992410577372,590.718444042188,13827.8729285566,14177.1126084364,13968.3482126312,42.976421717553,42.3563828251559,43.4985027184373,-450.658531445746,-43.1935171772042,1.49011611938477e-08,1.49011611938477e-08,1.95422311840968,1.38670367403221,1.44201336060071,3.97788307089213,9,25
0.559,500,25,428.279198046729,261.492612777946,428.279198046729,14168.7210377303,13795.7472696578,13949.4110535675,41.711109947757,43.3990072300457,41.7584462055084,-690.332249911636,65.5076033571581,1.49011611938477e-08,1.49011611938477e-08,1.85635023726192,0.388498131954754,0.769216611358554,1.65295083614263,9,25
0.56,500,25,195.617653814529,265.192982400443,195.617653814529,14118.5828160226,13460.5738535989,14341.2527388945,47.94202161004,45.3373160554901,43.0041580892784,-865.587890643256,81.4148332160216,1.49011611938477e-08,1.49011611938477e-08,1.78744662123536,1.49011611938477e-08,0.236428098950537,1.24597401305209,9,25
0.561,500,25,191.592031662762,265.279065873589,191.592031662762,13696.7195675544,13605.8732333296,14600.2179807736,55.503724035869,47.0701271676638,45.6026957877194,-886.834596100216,32.2615790124531,1.49011611938477e-08,1.49011611938477e-08,1.86104696437342,0.320936575875919,1.49011611938477e-08,1.61254517094151,9,25
0.562,500,25,439.514845086756,261.237601842936,439.514845086756,13427.9327763013,14047.2809146293,14370.9609813869,62.2522965648663,48.1946496843888,48.9679424660613,-852.64056982762,-56.5175658727811,1.49011611938477e-08,1.49011611938477e-08,1.93469794925088,0.729799569523632,1.49011611938477e-08,2.29357551804715,9,25
0.563,500,25,651.347276394328,266.284880795063,651.347276394328,13662.1533565778,14236.6181778235,13937.9990314165,65.5476545397949,48.4206870061333,51.0978770642834,-751.567715112063,-202.750499072487,1.49011611938477e-08,1.49011611938477e-08,1.95299018732617,1.1508959940039,0.155613183162656,3.47165707795619,9,25
0.564,500,25,628.405097106354,260.870026053575,628.405097106354,14030.9263487271,13960.7960898785,13818.4508183169,65.2235960275211,47.14400648609,51.5323260788728,-589.964577119613,-286.066570725113,1.49011611938477e-08,1.49011611938477e-08,1.88724548089425,1.52736222533273,0.754466652350055,4.28419030369989,9,25
0.565,500,25,612.852449335167,-255.221731968233,612.852449335167,14018.9391351282,13582.5895711571,14134.0768523457,64.0834040621752,43.7710021789263,51.450149315262,-449.198730429801,-218.944894475108,1.49011611938477e-08,1.49011611938477e-08,1.81196829142492,1.77564440166087,1.36553506597551,3.41762561518555,9,25
0.566,500,25,604.919431140077,81.3931990919078,604.919431140077,13643.7391648618,13603.6469584474,14502.9306419128,63.1080619753555,38.7847940605517,50.65311158549,-354.81435290059,-113.425450396635,1.49011611938477e-08,1.49011611938477e-08,1.86137845239573,2.0466783945047,1.94920944792605,2.68310472133021,9,25
0.567,500,25,545.969863112589,197.512614893389,545.969863112589,13292.5272155423,13999.3157387695,14418.1565180507,62.8027087074066,33.5359441357193,49.3332863900555,-359.221541544133,-13.3982762530587,1.49011611938477e-08,1.49011611938477e-08,1.9309667124694,2.21261694638746,2.51982896136002,2.28817119164223,9,25
0.568,500,25,496.906681657695,254.681306895859,496.906681657695,13426.9298273071,14249.2547217988,13971.6901259405,63.6818419715983,30.6256735644707,47.5613426807042,-506.406636177596,14.006036144159,1.49011611938477e-08,1.49011611938477e-08,1.95407323676164,2.02915364617071,2.55448894345839,2.20687694355818,9,25
0.569,500,25,502.002049656435,252.708087595355,502.002049656435,13889.7539559565,14029.4960852143,13730.7275730024,64.9299117010331,32.4102341171241,45.3293411603159,-708.130435760039,-121.592133470033,1.49011611938477e-08,1.49011611938477e-08,1.91432167945201,1.70620627028047,0.804435704813692,2.58450525898704,9,25
0.57,500,25,519.145300015116,242.563257561073,519.145300015116,14111.4247731656,13604.1154877503,14020.392113998,65.2337124251443,37.4550823474041,43.1158343438926,-777.190105653747,-368.298834935787,1.49011611938477e-08,1.49011611938477e-08,1.80593410684094,1.57755156043683,1.49011611938477e-08,3.04581019793695,9,25
0.571,500,25,511.692010340385,247.90167066306,511.692010340385,13848.0569693615,13504.8171553815,14469.2227932825,64.0441648349675,42.4160093944806,41.0844992895512,-694.446939196727,-532.544688724084,1.49011611938477e-08,1.49011611938477e-08,1.82458380422418,1.62050784521243,1.49011611938477e-08,2.63783975538174,9,25
0.572,500,25,462.939575826268,260.042465631835,462.939575826268,13454.0941677299,13861.3814691657,14526.6810002964,61.9240838837211,45.8310661311864,39.6140372122749,-575.837597993912,-553.08649726665,1.49011611938477e-08,1.49011611938477e-08,1.91290491683398,1.63278882249545,1.49011611938477e-08,2.67055780092457,9,25
0.573,500,25,362.410446342306,262.697082937231,362.410446342306,13457.307929916,14210.2636808475,14133.111263779,60.6548672817684,47.538676109359,39.9391254277233,-512.604608592783,-447.930758112367,1.49011611938477e-08,1.49011611938477e-08,1.95142995265606,1.44813429038399,1.49011611938477e-08,5.20407467879705,9,25
0.574,500,25,261.625322273799,264.21481623814,261.625322273799,13863.9074936942,14113.035039301,13786.011825711,61.1592514876172,47.8608164173024,42.160698074356,-511.25044713574,-288.252470435619,1.49011611938477e-08,1.49011611938477e-08,1.92970178859692,1.23972245668775,0.236440649645837,14.2960204193552,9,25
0.575,500,25,282.255444785263,263.913524261226,282.255444785263,14163.4898598487,13690.4578140594,13932.28773058,62.4512869015548,47.1535183069055,45.3195073546046,-512.24596404567,-172.54942425821,1.49011611938477e-08,1.49011611938477e-08,1.8127701441892,1.29296869180346,0.769334681040043,4.26528547549776,9,25
0.576,500,25,492.898327943472,256.048834976576,492.898327943472,14013.6969612272,13477.1229339268,14389.9147978556,62.1119992709086,45.6269605797318,47.9330062630875,-449.509972620277,-140.274412399552,1.49011611938477e-08,1.49011611938477e-08,1.79231820589494,1.65102554920263,1.3169047921378,3.67844048980363,9,25
0.577,500,25,647.662964508227,264.923742636276,647.662964508227,13629.2078379155,13753.4568660649,14600.5271038203,58.1730423219888,43.6290250428431,48.3387670925096,-351.595351672628,-143.911839984835,1.49011611938477e-08,1.49011611938477e-08,1.8865719231233,2.17955849040041,1.87992557528599,4.58570801975313,9,25
0.578,500,25,634.462382685239,262.01014486668,634.462382685239,13529.6206082162,14153.5057639284,14341.8900193567,51.029671343337,42.0299389993147,46.3181468810842,-332.339707139267,-114.311580650151,1.49011611938477e-08,1.49011611938477e-08,1.94864637479576,2.29956239009067,2.05683149111499,5.51010124564989,9,25
0.579,500,25,586.952369395613,-35.0484951939322,586.952369395613,13851.5379524192,14166.7125079575,13965.918497793,43.7019225992664,41.598111389009,43.0403870873814,-468.251612460615,-9.54867230904944,1.49011611938477e-08,1.49011611938477e-08,1.95209788981524,1.30572699893914,1.44302306190856,3.2294686705358,9,25
0.58,500,25,418.633763117805,261.716136611081,418.633763117805,14179.0675694764,13772.8331017123,13974.9724207786,42.8767843579271,42.6567523846766,41.5388578804524,-709.599920397112,92.3429028020766,1.49011611938477e-08,1.49011611938477e-08,1.84975411948497,0.360899565596842,0.762756310456012,1.46919943300967,9,25
0.581,500,25,188.065592946656,265.305823892665,188.065592946656,14102.4580204036,13456.8970761344,14376.5841677494,49.1699036056184,44.6126915571789,42.939877603207,-870.9596428142,100.489682216549,1.49011611938477e-08,1.49011611938477e-08,1.78891360365808,1.49011611938477e-08,0.242843751148939,1.17935527701137,9,25
0.582,500,25,202.620089284391,265.102005763895,202.620089284391,13664.0729238631,13630.1820602912,14601.5877712588,56.5982050892149,46.3150381533955,45.6486987999332,-891.873505638137,49.771634661228,1.49011611938477e-08,1.49011611938477e-08,1.86759752781042,0.341115058137879,1.49011611938477e-08,1.52565302586917,9,25
0.583,500,25,458.755100613276,260.456618303764,458.755100613276,13423.9560428637,14071.232753531,14350.9334667153,63.0791532783538,47.3906831234174,49.0054156460633,-855.916889248649,-43.2432879736226,1.49011611938477e-08,1.49011611938477e-08,1.93721651256244,0.741362928986547,1.49011611938477e-08,2.17074950374754,9,25
0.584,500,25,650.608218754655,-12933.131796532,650.608218754655,13680.4655170707,14234.5545438852,13924.8418350305,65.9859016251191,47.5476161621639,50.9867365967917,-752.4265514317,-191.891272135457,1.49011611938477e-08,1.49011611938477e-08,1.95251716874274,1.15424378652451,0.248618254609492,3.2454014923316,9,25
0.585,500,25,625.688909588161,-3530.82504807638,625.688909588161,14037.4114528276,13936.9597056965,13831.2627424441,65.4330533440501,46.2381139166916,51.3412458603729,-592.405022795995,-272.343779220328,1.49011611938477e-08,1.49011611938477e-08,1.88218139596337,1.51801068129492,0.792516634720175,3.95223359382832,9,25
0.586,500,25,614.396901335013,-337.794267665764,614.396901335013,14000.9011940851,13569.6994283861,14160.8771911152,64.2713475832911,42.8862064613711,51.3325559901899,-462.810044502469,-210.169132208941,1.49011611938477e-08,1.49011611938477e-08,1.81264067116067,1.75679102333054,1.39504808816057,3.19135666313368,9,25
0.587,500,25,606.839425929865,-887.00684842186,606.839425929865,13611.5388036019,13619.4065075555,14512.6891456254,63.2400709381762,37.9159173495605,50.6426048059838,-366.104465698886,-102.276685566936,1.49011611938477e-08,1.49011611938477e-08,1.86723078993574,2.02375142879614,1.97182454195156,2.56062994282111,9,25
0.588,500,25,552.665745889291,176.531569941567,552.665745889291,13278.9576782995,14021.425001145,14397.7769867347,62.9157050880065,32.8132295807374,49.4256303047813,-378.38005408079,-7.36926781832335,1.49011611938477e-08,1.49011611938477e-08,1.93354477346201,2.17405321256788,2.57161089627497,2.22500015354616,9,25
0.589,500,25,502.956220481122,252.332766141998,502.956220481122,13443.6619281336,14247.6463607456,13944.0129865813,63.773105757902,30.3290274120265,47.7184524539103,-533.638417305503,7.72760607940532,1.49011611938477e-08,1.49011611938477e-08,1.95496831035783,1.98383807246215,2.35795845158204,2.19064085662918,9,25
0.59,500,25,496.409946268929,254.884313319643,496.409946268929,13909.1956896518,14003.8860840726,13730.0339764778,64.9591679804456,32.6632243280622,45.5501158446455,-731.792976011231,-144.550653848988,1.49011611938477e-08,1.49011611938477e-08,1.90906587915488,1.68214642930363,0.719581226256522,2.60313065480332,9,25
0.591,500,25,513.300479560458,246.999043312823,513.300479560458,14105.3812175821,13583.7981884589,14043.8772061621,65.075954425376,37.9389420149239,43.3748023208656,-785.929818910798,-384.796581328711,1.49011611938477e-08,1.49011611938477e-08,1.80341128807112,1.58229752189407,1.49011611938477e-08,2.97601612983005,9,25
0.592,500,25,502.421725586217,252.594245812164,502.421725586217,13819.3644327157,13512.6310877294,14482.9991558924,63.6630164053475,42.9407357292051,41.339555191147,-690.980065980364,-554.445808462488,1.49011611938477e-08,1.49011611938477e-08,1.82991006201215,1.64250261335995,1.49011611938477e-08,2.51293312530371,9,25
0.593,500,25,451.528835375647,260.712226053653,451.528835375647,13436.1101534332,13884.3197146797,14508.906403885,61.3982020292112,46.3217421728186,39.9653249053554,-572.101545484757,-564.342661436767,1.49011611938477e-08,1.49011611938477e-08,1.91676522500704,1.65399143192756,1.49011611938477e-08,2.59495073713484,9,25
0.594,500,25,356.45799883198,262.780602635495,356.45799883198,13468.9454675947,14215.910198104,14100.5202454544,60.1349205851256,47.9917412582354,40.4143135020937,-512.536355363461,-451.783613021197,1.49011611938477e-08,1.49011611938477e-08,1.95228439676183,1.45927161726149,1.49011611938477e-08,5.15804165921199,9,25
0.595,500,25,250.115448100226,264.387046721367,250.115448100226,13887.1339190011,14091.9332145933,13773.1135067993,60.6734124727803,48.281109336277,42.6430086300196,-513.188361794064,-291.904085979906,1.49011611938477e-08,1.49011611938477e-08,1.92485112028114,1.24956503177826,0.280029193033084,14.7451883839403,9,25
0.596,500,25,285.130796130512,263.880368745196,285.130796130512,14166.284989707,13665.5440470735,13948.3208942121,61.8943353880414,47.5697541361168,45.7186608576797,-511.511289279549,-185.097303796895,1.49011611938477e-08,1.49011611938477e-08,1.80711646628172,1.31211226379461,0.795101692239365,4.46596531672351,9,25
0.597,500,25,514.060390486356,247.251516132167,514.060390486356,13991.2791751499,13478.0381216826,14405.2224382296,61.3717729035208,46.052770193429,48.2000558361822,-442.991864550449,-153.097051116252,1.49011611938477e-08,1.49011611938477e-08,1.79608449129122,1.68047889719278,1.34177305508201,3.91104085357366,9,25
0.598,500,25,648.229685067884,265.17354949964,648.229685067884,13610.1060246177,13776.2114195859,14591.0168585616,57.1563131530912,44.1035065022712,48.4447487750559,-347.522760345593,-156.102423791508,1.49011611938477e-08,1.49011611938477e-08,1.89173017552251,2.20426534250786,1.89282255908638,4.95025734707635,9,25
0.599,500,25,632.683149372134,261.715803938347,632.683149372134,13536.8453524831,14165.6642242113,14312.1287150691,49.8316508976305,42.622572804001,46.2965695146262,-337.904455478111,-122.119510065431,1.49011611938477e-08,1.49011611938477e-08,1.95051901656248,2.2625011428407,2.01214710044661,5.91757617873968,9,25
0.6,500,25,581.297935355225,12.7455165966752,581.297935355225,13873.711626595,14150.5526893663,13945.9449892616,42.6546153234883,42.3237270019773,43.0468316043597,-484.900487341885,-14.1033146189459,1.49011611938477e-08,1.49011611938477e-08,1.94927679334169,1.22209478271384,1.37609638612574,3.25136821890205,9,25
0.601,500,25,402.250517742048,262.03633544188,402.250517742048,14186.0300238475,13745.0582561125,13983.9362072503,42.4740851139576,43.4950563510662,41.7441592311185,-714.666488108955,79.5258690610194,1.49011611938477e-08,1.49011611938477e-08,1.8425999872668,0.287990894264554,0.717466097623857,1.46915311211406,9,25
0.602,500,25,182.353620169245,265.391398630442,182.353620169245,14085.9945734612,13450.6805559795,14395.0862602327,49.0840002868667,45.4713656273303,43.2295965300782,-875.587615044321,83.9644442694481,1.49011611938477e-08,1.49011611938477e-08,1.79006908094832,1.49011611938477e-08,0.18034284486054,1.22962810410188,9,25
0.603,500,25,215.4871410816,264.923244503774,215.4871410816,13640.1696526896,13651.3876227181,14597.6576958395,56.539900714388,47.1645955481663,45.8925379149002,-888.106345339181,29.5948752986592,1.49011611938477e-08,1.49011611938477e-08,1.87257959296253,0.364837480603607,1.49011611938477e-08,1.6218082140359,9,25
0.604,500,25,479.79508176698,258.599226234691,479.79508176698,13427.5016856611,14090.9854384922,14325.9460046135,62.929868395712,48.2260977204487,49.1350519771396,-845.89703676338,-67.5304488448693,1.49011611938477e-08,1.49011611938477e-08,1.93920733581761,0.768753479899375,1.49011611938477e-08,2.32973450277309,9,25
0.605,500,25,648.837145370019,-11777.9556181813,648.837145370019,13705.6258508521,14227.3407425252,13905.2322602284,65.6365824878867,48.3362058243173,50.9352608554781,-735.764608282196,-211.414871982236,1.49011611938477e-08,1.49011611938477e-08,1.95107978169097,1.18058149232687,0.268315518397047,3.45560212102514,9,25
0.606,500,25,622.59807625185,-2977.07274111133,622.59807625185,14052.1108108067,13913.81259172,13839.8664173447,65.0149612923582,46.8740608480745,51.2165781263294,-580.835602478499,-274.928550106261,1.49011611938477e-08,1.49011611938477e-08,1.87547843989655,1.53712982165817,0.828493549021575,4.04068402100362,9,25
0.607,500,25,616.464623116655,-363.064188290181,616.464623116655,13990.522547534,13559.5783361725,14190.3956465734,63.9011073802479,43.29998926552,51.1640984468894,-445.699934709423,-199.262403575682,1.49011611938477e-08,1.49011611938477e-08,1.81178421769862,1.7706424968712,1.44521136690503,3.12815705099329,9,25
0.608,500,25,606.87488515189,134.870791263983,606.87488515189,13586.5712705752,13637.6184016692,14521.6759091013,62.9279444287172,38.2182884724085,50.3486245963441,-355.861393912056,-88.6268694462916,1.49011611938477e-08,1.49011611938477e-08,1.87177070879665,2.03086758336979,1.99903368640181,2.48390392674706,9,25
0.609,500,25,552.068632945459,178.671490266747,552.068632945459,13274.0794456875,14044.5719607938,14379.4153835855,62.6707718134705,33.1124542895783,49.0010622235745,-378.028636757023,3.64490390559106,1.49011611938477e-08,1.49011611938477e-08,1.93541688000029,2.16366534950918,2.60981713537469,2.15959758345197,9,25
0.61,500,25,510.625939794874,248.784162053631,510.625939794874,13466.2987208827,14247.5429036476,13923.3275728407,63.568912432489,30.7058707630909,47.1754848673247,-540.489923638447,10.3783399176632,1.49011611938477e-08,1.49011611938477e-08,1.95518710611963,1.95732373766466,2.35016484609565,2.14378098275785,9,25
0.611,500,25,502.543683101193,252.45898809125,502.543683101193,13932.231427445,13982.0864971497,13738.6774104567,64.6849991488465,33.0652978943937,44.9446878384773,-725.946738782577,-141.02748302147,1.49011611938477e-08,1.49011611938477e-08,1.90276312026849,1.66638403156285,0.702605505953241,2.58539047005286,9,25
0.612,500,25,513.225211701199,246.582807017278,513.225211701199,14100.3271628226,13568.1797633664,14075.0076843692,64.7308848369626,38.2772399177661,42.8089148477721,-776.449227578919,-392.902472217986,1.49011611938477e-08,1.49011611938477e-08,1.8006125675105,1.57837496019243,1.49011611938477e-08,2.96551783111074,9,25
0.613,500,25,497.09035457248,254.509956647139,497.09035457248,13795.4722573627,13526.6765524131,14502.3362549772,63.2806150187971,43.1403201506585,40.8731518834624,-677.075568610987,-551.884440459308,1.49011611938477e-08,1.49011611938477e-08,1.83493183520596,1.64222991872913,1.49011611938477e-08,2.53256932833781,9,25
0.614,500,25,438.698351326031,261.232036910287,438.698351326031,13423.5118773857,13911.7723695363,14498.3862696631,61.0837509053439,46.3883174330058,39.6182176097748,-561.600717566654,-552.124056084969,1.49011611938477e-08,1.49011611938477e-08,1.92013180856214,1.64625809692915,1.49011611938477e-08,2.70980288617319,9,25
0.615,500,25,336.203133964174,263.094230474346,336.203133964174,13486.1303662314,14225.1014401602,14078.2396276055,59.9609881488202,47.9539048717411,40.2075690807559,-506.515094139053,-434.229472048683,1.49011611938477e-08,1.49011611938477e-08,1.9530157711873,1.44791810162639,1.49011611938477e-08,5.85260796065405,9,25
0.616,500,25,242.359780164963,264.497240710568,242.359780164963,13911.4137963322,14074.474849143,13772.5824268167,60.594299994584,48.1729722354582,42.5504118512589,-507.552422628152,-282.140911469261,1.49011611938477e-08,1.49011611938477e-08,1.91961028610329,1.25269909350207,0.326429785201847,11.5454529184439,9,25
0.617,500,25,288.969129276345,263.81297827004,288.969129276345,14168.9130387579,13646.7663590203,13975.508536483,61.7618449921123,47.3899759165779,45.6755811362904,-502.049521978361,-172.806942867491,1.49011611938477e-08,1.49011611938477e-08,1.80195821878488,1.33471053817484,0.840529609521709,4.16326594912212,9,25
0.618,500,25,521.044835538375,242.022193079071,521.044835538375,13972.8014890923,13486.5726193281,14433.3689530711,60.9610104697743,45.7924485465384,48.0540329416574,-427.123796449677,-144.722422662983,1.49011611938477e-08,1.49011611938477e-08,1.8000951886064,1.71948616892425,1.40305646752932,3.78124145627414,9,25
0.619,500,25,647.150342414823,-10787.8494482405,647.150342414823,13594.5702639655,13804.4082963061,14590.3520941605,56.4733426974483,43.8027314576766,48.1693262746714,-333.816681890157,-146.598063542933,1.49011611938477e-08,1.49011611938477e-08,1.8967190157133,2.23990032406767,1.96440321256425,4.790050904977,9,25
0.62,500,25,630.837372916036,-4634.32733974427,630.837372916036,13547.9566782936,14181.120760513,14292.3376554463,48.9378232958356,42.3125275986427,45.9535587202048,-334.256642578694,-106.993669047436,1.49011611938477e-08,1.49011611938477e-08,1.9522505305633,2.22989256516222,2.05611262858236,5.47721532902967,9,25
0.621,500,25,572.787646279474,74.7857893945311,572.787646279474,13897.4922767759,14136.7829703098,13936.8799620909,41.9818136963605,42.0795506146064,42.8336778790942,-482.531085060412,-2.93689788225988,1.49011611938477e-08,1.49011611938477e-08,1.94598205896553,1.14725667493174,1.36087053712986,2.93468170441879,9,25
0.622,500,25,381.997658524985,262.37645742533,381.997658524985,14193.3134926454,13721.8268309745,14003.0079749954,42.3947648337291,43.3473299044438,41.7905955240051,-726.852438549358,89.0833228490477,1.49011611938477e-08,1.49011611938477e-08,1.8357812454306,0.210861399537742,0.686022337638296,1.38750999339751,9,25
0.623,500,25,187.761268578171,265.316490057504,187.761268578171,14069.1816245731,13449.6615866713,14421.7612554596,49.2841317910406,45.4055381219351,43.3575793183901,-878.636345474468,83.0003050109969,1.49011611938477e-08,1.49011611938477e-08,1.79175573772592,1.49011611938477e-08,0.0847254341949518,1.23181450922217,9,25
0.624,500,25,223.987577706858,264.795874944345,223.987577706858,13618.480280836,13676.2653034104,14595.0740107086,56.7782296961951,47.1185342746209,46.0292545726853,-884.625611664386,26.3647940056049,1.49011611938477e-08,1.49011611938477e-08,1.87783349721545,0.385564573081881,1.49011611938477e-08,1.64378947998814,9,25
0.625,500,25,513.54442470262,247.920248659665,513.54442470262,13434.6393266552,14112.3617821613,14302.7719667125,63.0367004627238,48.1752108078641,49.1833712355064,-837.153513224893,-74.6232238459803,1.49011611938477e-08,1.49011611938477e-08,1.94111305464562,0.792147186077114,1.49011611938477e-08,2.37686484541998,9,25
0.626,500,25,648.270623467969,-11464.4591217332,648.270623467969,13731.2132609043,14221.9243423616,13892.0144334786,65.4874826128798,48.2222009946085,50.8342273818458,-729.725200052249,-209.207699657365,1.49011611938477e-08,1.49011611938477e-08,1.94965688783015,1.20107991034815,0.275886787454949,3.49409490848677,9,25
0.627,500,25,619.106336009193,-2436.77418524975,619.106336009193,14061.4402191961,13889.1683049247,13852.6686753069,64.7816636679349,46.7137294303977,51.0504431954026,-568.898251427334,-268.412812434141,1.49011611938477e-08,1.49011611938477e-08,1.86950498131371,1.54731957831112,0.844724932866314,3.97692636650945,9,25
0.628,500,25,618.687714436234,-408.921474096879,618.687714436234,13975.9196385128,13550.2300097665,14213.6672600332,63.7672354157879,43.1358691673588,51.0207419016977,-441.460051478635,-184.308566747887,1.49011611938477e-08,1.49011611938477e-08,1.812505928017,1.76916656385342,1.46739082713301,3.00617602296721,9,25
0.629,500,25,608.347609440747,-1044.11253298458,608.347609440747,13560.4985315319,13656.2313956929,14525.0164917822,62.855915824354,38.0913353097286,50.1749498083746,-360.160121989922,-72.1558768812372,1.49011611938477e-08,1.49011611938477e-08,1.87690526148793,2.01824008534102,2.02212466140597,2.37664558605514,9,25
0.63,500,25,556.171826833423,162.252521700071,556.171826833423,13270.3215164383,14065.8420101794,14354.0324181286,62.6540921675976,33.215779173471,48.7648417071391,-393.753555766738,14.393748747838,1.49011611938477e-08,1.49011611938477e-08,1.93740917435529,2.12891078908114,2.69795795686837,2.0855053618979,9,25
0.631,500,25,505.032564021405,251.391740726142,505.032564021405,13490.818580272,14243.5872803077,13897.2541002881,63.5636093045326,31.3335618223099,46.8906375062317,-555.147859719158,9.98808449526913,1.49011611938477e-08,1.49011611938477e-08,1.95558060092905,1.91247136779952,2.1813828297506,2.11625017600369,9,25
0.632,500,25,500.65570693442,253.443381527492,500.65570693442,13952.4237579468,13955.0182874915,13741.9928191845,64.6682427176177,34.2530041395405,44.6954830101279,-749.94973572071,-162.160195857336,1.49011611938477e-08,1.49011611938477e-08,1.89680830015094,1.63160206159909,0.611670391496558,2.5882611843104,9,25
0.633,500,25,505.739992794434,251.224098417169,505.739992794434,14091.1423383146,13549.0928523626,14099.0634454491,64.6555124089472,39.6601802902254,42.664005746934,-789.326692070256,-416.998961938082,1.49011611938477e-08,1.49011611938477e-08,1.7991649691792,1.55373641239104,1.49011611938477e-08,2.8720934667986,9,25
0.634,500,25,485.527646318173,257.364466476982,485.527646318173,13765.7894669147,13536.4175840469,14512.8321321815,63.1842013027373,44.5730738292165,40.8054407000454,-685.279049256733,-568.501299714391,1.49011611938477e-08,1.49011611938477e-08,1.84055605671016,1.61428390806942,1.49011611938477e-08,2.42237343902319,9,25
0.635,500,25,427.165162096215,261.536988031815,427.165162096215,13407.7165891088,13933.4537798325,14477.0857783683,61.0612440785143,47.8221362790924,39.7323816870137,-571.959404079924,-559.599837431412,1.49011611938477e-08,1.49011611938477e-08,1.92347883170762,1.60396179085443,1.49011611938477e-08,2.6639541394617,9,25
0.636,500,25,327.476971419161,263.218302905468,327.476971419161,13499.7921286884,14226.8187125321,14046.3047960415,60.0575224171123,49.3831687057443,40.4881107778081,-519.251638854956,-445.107926163402,1.49011611938477e-08,1.49011611938477e-08,1.95354061755661,1.4056322296333,1.49011611938477e-08,5.90818834730994,9,25
0.637,500,25,236.73339024908,264.587230169848,236.73339024908,13932.0642663043,14051.1549423285,13763.5552552715,60.7037005425589,49.574969980343,42.9039724057552,-515.683863672474,-287.063068952058,1.49011611938477e-08,1.49011611938477e-08,1.91402799408558,1.23618878549386,0.339677981433146,11.3268704973744,9,25
0.638,500,25,299.284629778122,263.663323455994,299.284629778122,14166.1910821885,13623.8262142293,13993.3323942696,61.6821047275411,48.7508559907677,46.0233689079181,-499.942086332429,-181.936265983867,1.49011611938477e-08,1.49011611938477e-08,1.79764129557376,1.34637159396337,0.871024447215154,4.25845728296791,9,25
0.639,500,25,534.250325194507,225.288702759693,534.250325194507,13945.9251042623,13491.0152685953,14445.7580876669,60.5603992562893,47.105871228866,48.3352513708191,-418.154554760941,-155.394574431445,1.49011611938477e-08,1.49011611938477e-08,1.80510344896228,1.75027817360635,1.45303471710458,3.92418990400902,9,25
0.64,500,25,646.774355082067,-10598.6049629251,646.774355082067,13574.2325902405,13827.7767512048,14576.8335872982,55.7345437345838,45.1276797011647,48.3874418498593,-328.67733865466,-154.768916689911,1.49011611938477e-08,1.49011611938477e-08,1.90183286928122,2.26596829654016,2.02394176437637,4.98767086033349,9,25
0.641,500,25,629.135457055211,-4235.68479899611,629.135457055211,13554.3798832229,14189.8823574763,14260.405879452,47.9801034878139,43.7364047584201,46.146266223954,-337.173857053821,-114.808031593465,1.49011611938477e-08,1.49011611938477e-08,1.95400032327725,2.19080016844891,2.0562341140354,5.62145020848624,9,25
0.642,500,25,566.967013100564,110.105269726067,566.967013100564,13915.8920702012,14118.1903893712,13918.4247323814,41.23348887756,43.6372777397387,43.1601161361881,-502.959073701963,-6.18964365419125,1.49011611938477e-08,1.49011611938477e-08,1.94264067767536,1.07351533639194,1.30999891394774,2.9055187647959,9,25
0.643,500,25,366.169173069515,262.622864053644,366.169173069515,14193.7080370185,13694.8148648268,14013.3789180738,42.3052922665092,45.0332912023601,42.321196709011,-748.740827823517,76.6203680557948,1.49011611938477e-08,1.49011611938477e-08,1.82976525967808,0.109283542700704,0.63335608500948,1.39508197100427,9,25
0.644,500,25,169.855888882625,265.590711121055,169.855888882625,14045.9513181926,13446.5108173226,14437.2671102867,49.5241462072675,47.1463661888257,43.91202797872,-889.542772286541,61.5074354856463,1.49011611938477e-08,1.49011611938477e-08,1.79451009508386,1.49011611938477e-08,1.49011611938477e-08,1.30122919156392,9,25
0.645,500,25,228.054469995064,264.721141031294,228.054469995064,13592.4671646472,13698.8515095241,14587.2041677105,57.0801633359029,48.9049024693491,46.4398256262819,-888.044596090203,-0.518225712647735,1.49011611938477e-08,1.49011611938477e-08,1.88296693863164,0.405312286907783,1.49011611938477e-08,1.76839551849913,9,25
0.646,500,25,517.043107510336,245.536314314808,517.043107510336,13437.1456469471,14129.3237237829,14275.2867021764,63.2780643438571,49.9745090581694,49.4242896102183,-836.816002417853,-98.69440719071,1.49011611938477e-08,1.49011611938477e-08,1.94294695034091,0.815495702783369,1.49011611938477e-08,2.57657694468168,9,25
0.647,500,25,647.222822661606,264.866965678414,647.222822661606,13753.119087558,14211.5444483351,13872.7566807651,65.623404763883,49.9764275693345,50.9247470900912,-714.998943907921,-234.904860619037,1.49011611938477e-08,1.49011611938477e-08,1.94762036374532,1.22850598863849,0.271332697675883,3.74815011309939,9,25
0.648,500,25,616.730541571976,245.620597605079,616.730541571976,14070.5657240962,13867.1048593453,13861.9179769024,64.8715627509594,48.2702552359548,51.0813729161131,-546.049407415175,-275.451836505248,1.49011611938477e-08,1.49011611938477e-08,1.86321543926395,1.57628379614833,0.881869143839661,4.06773168579192,9,25
0.649,500,25,620.521684931833,-2587.14125001223,620.521684931833,13967.4892061957,13543.8841467473,14246.3412487226,63.7997371112034,44.4441524817974,50.9430250930205,-414.366425339368,-179.102886349946,1.49011611938477e-08,1.49011611938477e-08,1.81257038191868,1.81279686463338,1.52413911283813,2.98786177043444,9,25
0.65,500,25,602.434451849985,-403.582644873261,602.434451849985,13540.6018345601,13677.247927613,14533.5454608571,62.886494616374,39.2821554765327,49.956428143056,-335.897395713524,-62.7263086364506,1.49011611938477e-08,1.49011611938477e-08,1.88124786817885,2.0793586674867,2.03572922875528,2.35653978204724,9,25
0.651,500,25,540.638337377691,210.49624192829,540.638337377691,13273.3125122498,14088.0812521793,14336.3815662183,62.8050548964105,34.4505500979874,48.4512046682408,-374.402458313022,21.8772219019493,1.49011611938477e-08,1.49011611938477e-08,1.93892344178534,2.18433649363169,2.76601701227284,2.06953915605579,9,25
0.652,500,25,500.760369115764,253.23775441188,500.760369115764,13519.4327666285,14240.582602502,13881.2607647833,63.9048200212296,32.674126483788,46.4934344377356,-552.891718736527,18.0880110650455,1.49011611938477e-08,1.49011611938477e-08,1.95519994234642,1.92685053774187,2.24734203119431,2.10277656415151,9,25
0.653,500,25,485.959371372796,257.387892711166,485.959371372796,13976.5774508023,13933.235086593,13757.0160738067,65.1606059265913,35.5623294363628,44.1857089059246,-750.894358881802,-157.328701434069,1.49011611938477e-08,1.49011611938477e-08,1.8897588535104,1.61818474329919,0.59249399692781,2.58676665804526,9,25
0.654,500,25,508.497257566696,249.8759170823,508.497257566696,14085.5535023811,13537.2087921931,14132.8072741605,65.3218143535804,40.8671193675158,41.9589015841957,-789.371001127764,-407.793869090073,1.49011611938477e-08,1.49011611938477e-08,1.79721822231004,1.51974839569618,1.49011611938477e-08,2.92372342675943,9,25
0.655,500,25,501.982689947123,252.771770169556,501.982689947123,13744.2615755637,13554.2784676622,14531.5028121934,64.0189054227671,45.6548185603999,39.8916806808924,-686.856025020852,-550.338566717085,1.49011611938477e-08,1.49011611938477e-08,1.84573966360655,1.55616134455859,1.49011611938477e-08,2.52430502517691,9,25
0.656,500,25,453.291648440793,260.624855067369,453.291648440793,13402.0387214344,13961.2362494389,14469.0727654107,62.0749568616738,48.8030000203697,38.6751948270812,-580.7908955604,-539.217777180874,1.49011611938477e-08,1.49011611938477e-08,1.92648915947399,1.51579147050766,1.49011611938477e-08,2.87694486617206,9,25
0.657,500,25,349.725959797436,262.8895275581,349.725959797436,13521.74952901,14234.0721164751,14032.3553681862,61.2254593024207,50.2797528427876,39.49600235839,-525.240181224496,-416.329999029546,1.49011611938477e-08,1.49011611938477e-08,1.95420684591923,1.31012337608653,1.49011611938477e-08,7.46939850924773,9,25
0.658,500,25,256.505816277645,264.285219834736,256.505816277645,13954.5338901903,14031.9841080192,13774.3738318703,61.9657434506453,50.3829036155193,42.1478134690627,-521.276918332843,-255.459758173321,1.49011611938477e-08,1.49011611938477e-08,1.9087444006411,1.1718843585526,0.354315277198373,7.75262022367693,9,25
0.659,500,25,322.767533699355,263.311532022254,322.767533699355,14164.7552045141,13607.1356011045,14029.8917684242,62.9278162196794,49.451822718402,45.4952024347647,-501.869527887623,-151.989680276784,1.49011611938477e-08,1.49011611938477e-08,1.7945061877459,1.31635232137316,0.913186831016234,3.59063832126404,9,25
0.66,500,25,569.099337043371,106.505710232089,569.099337043371,13925.3209565752,13503.4103384043,14479.9621705467,61.613529549055,47.6847783975231,47.8384469971128,-414.922295973372,-127.438368120805,1.49011611938477e-08,1.49011611938477e-08,1.81054167302827,1.74013513841755,1.52726533950979,3.42971542092038,9,25
0.661,500,25,646.138693280466,-10252.2694039989,646.138693280466,13560.81957118,13856.7876079469,14581.6850701663,56.617220302803,45.6143869333378,47.8061728667168,-329.911545206252,-125.279028755377,1.49011611938477e-08,1.49011611938477e-08,1.90671104062577,2.24816598509514,2.13007084050186,4.27548989098575,9,25
0.662,500,25,627.501305803932,-3882.47531996003,627.501305803932,13568.0521571535,14203.3779381767,14249.8252538475,48.8589072124317,44.1403872152432,45.5466971249609,-345.13198924916,-78.475989178495,1.49011611938477e-08,1.49011611938477e-08,1.95555001472685,2.11464111148408,2.15208054197878,4.47851486959451,9,25
0.663,500,25,559.307346367995,148.616072086801,559.307346367995,13938.6360281556,14102.7659789011,13923.1098868068,42.4707487104055,44.0012313408232,42.6991980772874,-523.362653688498,32.3273187951327,1.49011611938477e-08,1.49011611938477e-08,1.93900582945657,1.01802757317943,1.33524839476415,2.38070972808063,9,25
0.664,500,25,351.46219417825,262.858806700285,351.46219417825,14197.0227990705,13673.8149455087,14045.4359019408,43.856806443599,45.3550062952912,42.087269423692,-772.286169064744,108.135370754334,1.49011611938477e-08,1.49011611938477e-08,1.82471481077036,1.49011611938477e-08,0.637755784577743,1.2270987153524,9,25
0.665,500,25,177.996444275336,265.456302861898,177.996444275336,14026.4025552796,13450.364724384,14473.0979639392,50.9574865502234,47.4133653328195,43.7666809465904,-904.685995146343,83.9648676877314,1.49011611938477e-08,1.49011611938477e-08,1.79818789681656,1.49011611938477e-08,1.49011611938477e-08,1.20975026271898,9,25
0.666,500,25,254.040598791726,264.345905180555,254.040598791726,13566.8332634811,13726.0278760777,14589.6612037079,58.381261830147,49.0997126599189,46.4229877443844,-903.521895319556,24.8613478896565,1.49011611938477e-08,1.49011611938477e-08,1.8887875268108,0.386498037094516,1.49011611938477e-08,1.64188067909098,9,25
0.667,500,25,558.125033346421,161.834484911291,558.125033346421,13440.3931199326,14149.3419435218,14259.1021879235,64.21154095171,50.0753142880669,49.3549400649289,-848.852435409491,-81.5865136994538,1.49011611938477e-08,1.49011611938477e-08,1.94495776370351,0.793759496381753,1.49011611938477e-08,2.383084674705,9,25
0.668,500,25,645.879408973984,264.479774206851,645.879408973984,13771.4180985945,14202.7222284944,13869.2558759052,66.0700621693425,49.9151957107757,50.7021321513782,-723.844942356298,-217.329088881201,1.49011611938477e-08,1.49011611938477e-08,1.9461930896246,1.19099623807302,0.35351921857249,3.39034196145227,9,25
0.669,500,25,611.504642779735,215.158560974501,611.504642779735,14069.7050325864,13841.1225293741,13883.8846529143,65.0557568999073,48.0873806785475,50.8234356703849,-555.796979326624,-253.883926812387,1.49011611938477e-08,1.49011611938477e-08,1.85865273435161,1.52252259271928,0.935112864807389,3.62444178017317,9,25
0.67,500,25,624.278490507853,-3212.17544043278,624.278490507853,13945.389398614,13537.1922745315,14277.5005750504,63.872352091113,44.1485389439494,50.7922461644722,-424.944985445819,-158.890166536452,1.49011611938477e-08,1.49011611938477e-08,1.81518960105278,1.75961742076005,1.57300436472877,2.73107922734033,9,25
0.671,500,25,604.931418281933,-645.430069599769,604.931418281933,13510.9101172179,13697.4310368292,14542.0427379286,62.8207000291153,38.8838934390178,49.9458949772704,-349.944951196886,-51.7137345367103,1.49011611938477e-08,1.49011611938477e-08,1.88679779613599,2.02438959216495,2.06738220666481,2.21257911679527,9,25
0.672,500,25,544.133115243869,202.039546319065,544.133115243869,13267.7939620665,14107.6303484815,14316.3029482164,62.6447548846623,34.055471852051,48.5664684611576,-393.84385770724,32.9737885085324,1.49011611938477e-08,1.49011611938477e-08,1.94088488983385,2.11612113877417,2.83866085111142,1.98398634176983,9,25
0.673,500,25,494.170616047548,255.366429642701,494.170616047548,13540.1144441457,14233.4731440647,13862.180029149,63.6677336352146,32.5148700595819,46.6887326240339,-578.929759552969,15.9287559838741,1.49011611938477e-08,1.49011611938477e-08,1.95534179155112,1.86254072537741,2.0975791393163,2.06399385914927,9,25
0.674,500,25,501.255921716586,253.21676783417,501.255921716586,13991.3993775532,13905.397008253,13767.0055311642,64.8277577794873,35.7349887780986,44.4266099553396,-771.318232710631,-176.119159876749,1.49011611938477e-08,1.49011611938477e-08,1.88365441858275,1.58089888865466,0.524038113573451,2.58573677836396,9,25
0.675,500,25,506.999086146302,250.615634499634,506.999086146302,14073.6944515477,13521.6126121102,14160.6825756969,64.7780047220991,41.1351342622358,42.2115271825413,-793.42527613398,-430.324217427617,1.49011611938477e-08,1.49011611938477e-08,1.79659866048977,1.51151910120418,1.49011611938477e-08,2.86253533443784,9,25
0.676,500,25,487.398195863176,256.997292796141,487.398195863176,13716.8451589075,13567.961964927,14542.6861702144,63.2596160459417,45.9031888200504,40.1254177647517,-689.281754694275,-562.559212907486,1.49011611938477e-08,1.49011611938477e-08,1.85129709345283,1.56194230103193,1.49011611938477e-08,2.44562143009847,9,25
0.677,500,25,426.713227881531,261.547552442816,426.713227881531,13391.2353055094,13982.7015661523,14446.6617835518,61.2481594426349,48.9871702945768,39.072701727325,-578.616917255614,-544.207023444642,1.49011611938477e-08,1.49011611938477e-08,1.92930364886739,1.51924336361436,1.49011611938477e-08,2.86601898811351,9,25
0.678,500,25,320.865831145513,263.316968755902,320.865831145513,13539.7749980732,14232.2180259396,14002.2305176544,60.4696965436571,50.4040066463153,40.0457317994191,-527.18061146516,-416.049880156549,1.49011611938477e-08,1.49011611938477e-08,1.95435423212312,1.31243472406693,1.49011611938477e-08,7.655148941944,9,25
0.679,500,25,241.305733250269,264.518503331504,241.305733250269,13976.5779153761,14007.1445501556,13769.5838358394,61.2382285061863,50.4667177074031,42.6972999851592,-523.633529451163,-258.074615859299,1.49011611938477e-08,1.49011611938477e-08,1.90221230226744,1.1822228355258,0.394596663975068,7.87982072036935,9,25
0.68,500,25,327.182938776624,263.250140729061,327.182938776624,14161.2483934188,13585.6074641784,14049.6401398847,62.0780213819427,49.5144044166822,45.9392313650339,-498.235598703364,-161.283964269445,1.49011611938477e-08,1.49011611938477e-08,1.79057134838204,1.33784205616885,0.941801379368801,3.74773479669028,9,25
0.681,500,25,567.99309229406,112.252247471194,567.99309229406,13900.5753247836,13510.0031973147,14490.4460898018,60.5252289623672,47.7510711799773,48.1325803216803,-413.360361219017,-140.52635177718,1.49011611938477e-08,1.49011611938477e-08,1.81545164395716,1.76799925805553,1.55097282414816,3.64558571579613,9,25
0.682,500,25,644.747388679298,-9522.27782492829,644.747388679298,13546.3284743581,13879.180814649,14565.4125186265,55.2672234612012,45.7448231655994,47.9804550195744,-328.068741944632,-137.343721569449,1.49011611938477e-08,1.49011611938477e-08,1.91100558708773,2.25650766066491,2.12703723925837,4.59542401310973,9,25
0.683,500,25,625.607422324067,-3506.03390317409,625.607422324067,13580.2898757193,14207.5560729901,14217.787167958,47.3420556534967,44.4067972772427,45.6503434503139,-354.837071609315,-86.7752369861211,1.49011611938477e-08,1.49011611938477e-08,1.95683784115298,2.04308473282993,2.06351674190889,4.74117945162376,9,25
0.684,500,25,550.151755055438,183.175170141062,550.151755055438,13959.864121576,14081.1877931069,13907.5330970638,41.3053800514387,44.4473098796172,42.9192791034934,-542.720789273804,23.2770987091483,1.49011611938477e-08,1.49011611938477e-08,1.9343130555862,0.932226404965742,1.24850980675372,2.40335360854669,9,25
0.685,500,25,332.410513885478,263.13512571486,332.410513885478,14197.9798606688,13647.606893119,14057.6540015159,43.4286168520882,45.9634609352525,42.4955691544647,-786.919702661901,89.830559582331,1.49011611938477e-08,1.49011611938477e-08,1.81854060121101,1.49011611938477e-08,0.574893675791925,1.26481807431914,9,25
0.686,500,25,166.752680596712,265.630723341416,166.752680596712,14004.9752725121,13450.128622676,14486.1619276041,50.8425006097861,48.0847095729691,44.1993691457678,-903.29717630978,62.2685986417342,1.49011611938477e-08,1.49011611938477e-08,1.80103130483045,1.49011611938477e-08,1.49011611938477e-08,1.30403330778139,9,25
0.687,500,25,260.339582508977,264.250105335647,260.339582508977,13547.486493212,13749.0306966241,14576.862648184,58.3197896989992,49.7994333301425,46.7812976986165,-896.388777338612,-2.49447030332613,1.49011611938477e-08,1.49011611938477e-08,1.89322181013305,0.429265043231961,1.49011611938477e-08,1.7873406594514,9,25
0.688,500,25,563.01949308842,139.979722128627,563.01949308842,13450.1401262089,14162.6202427672,14228.2736347899,64.088976121818,50.7769302852046,49.5920555324073,-834.922546856094,-111.887505626284,1.49011611938477e-08,1.49011611938477e-08,1.94636090087308,0.83743711937091,1.49011611938477e-08,2.61334691063388,9,25
0.689,500,25,644.911533300571,264.20747042427,644.911533300571,13796.7627979881,14189.4010206065,13851.0662848978,65.8783255799321,50.5955150636039,50.8267156934406,-702.648879908945,-241.747875692153,1.49011611938477e-08,1.49011611938477e-08,1.94322378499633,1.23970604665432,0.350151583584714,3.69301757569719,9,25
0.69,500,25,608.941787325882,186.981917543764,608.941787325882,14078.4074034735,13819.0719995446,13893.863843063,64.8909497555134,48.6202663631738,50.9081968654634,-532.06035725982,-260.110184347326,1.49011611938477e-08,1.49011611938477e-08,1.85242564966226,1.56979550668616,0.958686218213292,3.77431487114755,9,25
0.691,500,25,623.807295800367,258.155011464137,623.807295800367,13928.0328653146,13532.9821662621,14300.0131909088,63.8006473852567,44.5496852279268,50.7886580409514,-411.029161850555,-160.433133187994,1.49011611938477e-08,1.49011611938477e-08,1.8163823141145,1.8049436554932,1.60281880268153,2.75048781312142,9,25
0.692,500,25,603.636499408266,40.1515923930135,603.636499408266,13487.0649491761,13719.2070375955,14539.5020225209,62.858097499084,39.274101172974,49.7995034380008,-339.371090606729,-45.1896261649506,1.49011611938477e-08,1.49011611938477e-08,1.89110396079307,2.06273756368535,2.07560233910682,2.20218698962624,9,25
0.693,500,25,540.389257892001,211.41719944654,540.389257892001,13269.4470494864,14125.8999498543,14289.4099802887,62.8099749090707,34.609161839224,48.2814909322733,-395.475183400296,35.7292995772022,1.49011611938477e-08,1.49011611938477e-08,1.94227816299447,2.13461140731173,2.91979094940799,1.97662977257352,9,25
0.694,500,25,505.402157190721,251.20626633285,505.402157190721,13565.9816272107,14225.5961428431,13841.5741644183,63.9098355284612,33.2957795670331,46.2930933884393,-587.854315721817,8.89367009944507,1.49011611938477e-08,1.49011611938477e-08,1.95455761354389,1.86167841737495,2.01619240420378,2.07148339114641,9,25
0.695,500,25,497.31990198255,254.581926423248,497.31990198255,14010.2499520422,13881.7312662323,13779.284206842,65.0131730100714,36.5615054819755,44.0076103113363,-772.473756927323,-192.061061994334,1.49011611938477e-08,1.49011611938477e-08,1.87659969314221,1.58579040306021,0.483188009789162,2.60667115426177,9,25
0.696,500,25,506.231599646545,250.988504611256,506.231599646545,14062.2906198666,13511.7388402347,14188.713591053,64.9286973936122,41.879115085913,41.8388111325233,-788.122975471627,-431.53546500971,1.49011611938477e-08,1.49011611938477e-08,1.79610432659488,1.52126459243706,1.49011611938477e-08,2.83291405455206,9,25
0.697,500,25,486.128333084588,257.245910525719,486.128333084588,13691.733361199,13587.3345273066,14551.851282343,63.4133258492505,46.5079243786226,39.8661523689284,-678.435926522416,-563.02266806255,1.49011611938477e-08,1.49011611938477e-08,1.85680323976604,1.56970716554089,1.49011611938477e-08,2.44171284070556,9,25
0.698,500,25,426.067859864535,261.562894234403,426.067859864535,13385.2195142155,14008.3099458166,14428.8550697657,61.4914957286321,49.4699540308972,38.9121220110835,-571.127576926721,-535.985106381902,1.49011611938477e-08,1.49011611938477e-08,1.93188974903589,1.51727017640623,1.49011611938477e-08,2.96545896059055,9,25
0.699,500,25,322.232762197116,263.30333088691,322.232762197116,13561.2963866103,14235.3274559187,13980.8638064238,60.8344756077718,50.7882897138176,40.0011756333531,-522.722606979397,-402.565654339676,1.49011611938477e-08,1.49011611938477e-08,1.95444384818366,1.30918497934723,1.49011611938477e-08,8.82350192045858,9,25
0.7,800,25,247.354414058238,264.447100213603,247.354414058238,13997.5124678112,13985.6594328749,13775.0280200452,61.6593337094755,50.7580114972344,42.7249489760809,-518.238068668989,-245.420818310578,1.49011611938477e-08,1.49011611938477e-08,1.89563951127538,1.19649763034906,0.416280086410792,6.986559282139,9,25
0.701,800,25,333.366417385685,266.329648582955,333.366417385685,14157.8899625736,13570.9775199369,14078.5008225054,62.4030870317219,49.711181176332,45.9873583536199,-490.46802014367,-155.462850466897,1.49011611938477e-08,1.49011611938477e-08,1.78759452156832,1.3727585831622,0.981250511183717,3.5947769508887,9,25
0.702,800,25,589.129358754812,-41.4993162726531,589.129358754812,13879.5619252051,13525.2073238325,14511.983914418,60.5636766322201,47.8419845232718,48.0808106827135,-397.637456899489,-133.970362848363,1.49011611938477e-08,1.49011611938477e-08,1.82066648619831,1.82202951248839,1.61391252438865,3.57389229813427,9,25
0.703,800,25,644.374929704458,-9554.9679467086,644.374929704458,13535.8596903678,13907.3027608961,14556.3307595459,55.0530286806974,45.7722403065976,47.8213545828345,-316.057013133974,-128.621805611974,1.49011611938477e-08,1.49011611938477e-08,1.91512759463757,2.30890626700327,2.20694771161151,4.4867399647655,9,25
0.704,800,25,623.282310781874,271.181393208743,623.282310781874,13596.7161224303,14217.769019939,14196.7518418187,47.0124485248207,44.4150821091083,45.4528216374956,-353.671841099715,-72.4462015428944,1.49011611938477e-08,1.49011611938477e-08,1.95798657920068,2.02570502752865,2.10465940377753,4.4359946156144,9,25
0.705,800,25,543.768504153996,216.047254192705,543.768504153996,13982.0290128564,14062.7568209467,13904.8191287791,41.2296043566478,44.485296092536,42.8462498304845,-552.955206801227,38.279282091585,1.49011611938477e-08,1.49011611938477e-08,1.92940014926077,0.888844208782491,1.23376425908221,2.22298709598047,9,25
0.706,800,25,332.519318951352,282.078547951177,332.519318951352,14198.6134266857,13627.1867167863,14081.5172309786,43.7499614896587,46.0328442624782,42.6033949001174,-787.372188657377,97.144514910888,1.49011611938477e-08,1.49011611938477e-08,1.81333586865657,1.49011611938477e-08,0.548769043661447,1.21555395819471,9,25
0.707,800,25,168.085327994001,287.89989585655,168.085327994001,13984.5746425407,13456.9721931062,14510.4928446122,51.1982075947073,48.1606421380697,44.313466716959,-904.657994667954,62.8543374024044,1.49011611938477e-08,1.49011611938477e-08,1.80462301898183,1.49011611938477e-08,1.49011611938477e-08,1.30717492324413,9,25
0.708,800,25,285.825101280215,289.184250739634,285.825101280215,13530.980440855,13776.8083078687,14571.7976006914,58.6370127623877,49.8628610435304,46.9004985800411,-893.37367128749,-3.78208317644085,1.49011611938477e-08,1.49011611938477e-08,1.89782701834011,0.447014913230771,1.49011611938477e-08,1.80034819390383,9,25
0.709,800,25,591.763255277432,-56.4437029130185,591.763255277432,13462.962949089,14180.3844587204,14208.2551432584,64.1394173450448,50.8057023429784,49.5485262982323,-826.839403456703,-115.19680638576,1.49011611938477e-08,1.49011611938477e-08,1.94783180324279,0.852471776627066,1.49011611938477e-08,2.62521674863354,9,25
0.71,800,25,641.921413638441,-8835.8905240142,641.921413638441,13820.8134197705,14177.3668979489,13845.8209888767,65.5826067181683,50.5075139338523,50.6026462903252,-690.891182053995,-237.674295311272,1.49011611938477e-08,1.49011611938477e-08,1.94041499067527,1.24381763091438,0.393381545962679,3.62340771408503,9,25
0.711,800,25,602.178564826095,-560.967188643238,602.178564826095,14079.2468159174,13793.2400617194,13913.5569831636,64.4982535395873,48.4645406617376,50.652912279293,-532.366242554492,-247.955478480018,1.49011611938477e-08,1.49011611938477e-08,1.84704928367295,1.55708186148592,0.995548847632767,3.57771497726795,9,25
0.712,800,25,626.246390536581,298.171856504806,626.246390536581,13906.691848707,13529.878621423,14324.5230363374,63.4693924846821,44.3372105114438,50.5793649090618,-410.22856109248,-139.887330425307,1.49011611938477e-08,1.49011611938477e-08,1.8189227616723,1.78242406672208,1.6360962807509,2.5801633988585,9,25
0.713,800,25,605.978713515272,190.340959023525,605.978713515272,13462.0995757872,13741.4374812765,14539.2115640488,62.557114819391,39.0663305195923,49.5814553046379,-347.222131983922,-25.999763067392,1.49011611938477e-08,1.49011611938477e-08,1.89580395983404,2.02460376816331,2.09530968296088,2.07440635823428,9,25
0.714,800,25,546.033432001839,235.227989151281,546.033432001839,13271.4100532585,14144.8161969248,14264.521852322,62.5159219567281,34.552610600635,48.0169787731655,-413.363721114858,47.2222008048241,1.49011611938477e-08,1.49011611938477e-08,1.94384906372389,2.07435548705957,3.00941574831245,1.88695896988175,9,25
0.715,800,25,499.392544655147,300.086252333943,499.392544655147,13590.1507062194,14215.883866942,13823.3213003851,63.5720436179392,33.6263485922914,45.9972389273887,-611.424315820499,3.41266625140535,1.49011611938477e-08,1.49011611938477e-08,1.95391601236028,1.80638763969021,1.87661233627142,2.02716703506139,9,25
0.716,800,25,502.583761668502,301.496853854197,502.583761668502,14022.4320111297,13853.6768585087,13791.7527065156,64.6136302236204,37.3358034959705,43.7610179616762,-784.485849253013,-200.210463512827,1.49011611938477e-08,1.49011611938477e-08,1.87034243014272,1.55128181651222,0.417203457688877,2.58920207818336,9,25
0.717,800,25,501.235102451969,305.384487940795,501.235102451969,14045.0330346573,13498.8406774244,14215.1483781108,64.4251018850825,42.8127675141981,41.7335132612368,-793.155983830334,-452.869123798053,1.49011611938477e-08,1.49011611938477e-08,1.79674835734174,1.50235684177063,1.49011611938477e-08,2.74692964563866,9,25
0.718,800,25,473.495612984534,315.222823323829,473.495612984534,13661.8554725493,13603.1252146704,14558.5732536164,62.8372432309655,47.4752803951233,39.8733442106026,-679.017158399565,-575.42804676475,1.49011611938477e-08,1.49011611938477e-08,1.8624755968413,1.55277311511182,1.49011611938477e-08,2.37496333975154,9,25
0.719,800,25,406.189122547341,321.682968927442,406.189122547341,13375.6037609242,14028.3410340475,14405.017867466,60.9523251192383,50.4228716599672,39.1412698081691,-573.869657506491,-539.06641815088,1.49011611938477e-08,1.49011611938477e-08,1.9342835901998,1.49361140039409,1.49011611938477e-08,2.98776723698298,9,25
0.72,800,25,303.257343307501,326.815040554287,303.257343307501,13578.922074533,14230.0540503225,13954.2464119658,60.379202451263,51.7170240677588,40.404675240639,-527.135042299241,-401.17548617349,1.49011611938477e-08,1.49011611938477e-08,1.95412842579724,1.28942913781464,1.49011611938477e-08,9.4040967599296,9,25
0.721,800,25,236.649938754779,331.231106754657,236.649938754779,14013.9431919456,13959.4998229322,13775.9750502688,61.2204719246305,51.6635183836997,43.2288036545553,-520.84751165078,-251.991403084762,1.49011611938477e-08,1.49011611938477e-08,1.88884268192234,1.19255152718792,0.463039797058365,6.72905592649224,9,25
0.722,800,25,355.983787836234,332.159783084059,355.983787836234,14147.5412532499,13552.1718127971,14101.4770192869,61.8229970442695,50.5893594628982,46.4940507411177,-485.952357684474,-158.897116690795,1.49011611938477e-08,1.49011611938477e-08,1.78528911968484,1.38334243730544,1.02764344241273,3.59790745388944,9,25
0.723,800,25,606.489423348661,-197.633161314039,606.489423348661,13851.4400815756,13535.0022285009,14523.4152826,59.6954310382981,48.7148229113289,48.482079109639,-389.811871675654,-139.006935394989,1.49011611938477e-08,1.49011611938477e-08,1.82646384028281,1.83584972873545,1.66955547453356,3.62528999362719,9,25
0.724,800,25,640.43571830503,340.042963716467,640.43571830503,13522.176556619,13929.076867481,14541.1719663955,53.855657745683,46.7063167500066,48.1172980975707,-314.717428987062,-130.663573426185,1.49011611938477e-08,1.49011611938477e-08,1.91919939728122,2.29039892283877,2.25451404141673,4.52822760402658,9,25
0.725,800,25,617.922850083884,334.16455573677,617.922850083884,13609.5347746175,14218.3417917494,14168.3356791838,45.664329202541,45.4700335534641,45.7614323815115,-366.583057687717,-69.7957240902095,1.49011611938477e-08,1.49011611938477e-08,1.95901931121547,1.9188671983045,2.06725580916208,4.32539584186993,9,25
0.726,800,25,529.886256229746,305.173474334253,529.886256229746,14000.7138108896,14038.5271219092,13895.7461800855,40.3779692898847,45.7035842745664,43.3888326112249,-564.654104849036,32.7559262920326,1.49011611938477e-08,1.49011611938477e-08,1.92404011061249,0.790722833298054,1.17188511215266,2.13194468588507,9,25
0.727,800,25,295.23989094056,349.071541110767,295.23989094056,14195.2951921635,13602.4300317704,14098.6240666894,43.6744233857953,47.4040194834518,43.3499768118827,-808.61991617129,84.6888562017421,1.49011611938477e-08,1.49011611938477e-08,1.80840252785528,1.49011611938477e-08,0.487900385090503,1.22443675982532,9,25
0.728,800,25,169.749059298591,354.771609858375,169.749059298591,13960.1246862408,13459.4764716483,14524.2929649797,51.422225695479,49.5857505035247,45.0423730756163,-912.576021359177,42.0545380026221,1.49011611938477e-08,1.49011611938477e-08,1.80858420610124,1.49011611938477e-08,1.49011611938477e-08,1.38982216507714,9,25
0.729,800,25,308.171351875319,355.200192437123,308.171351875319,13512.8237331232,13799.7742685494,14559.4154451179,58.9155596450078,51.3094125614486,47.5163546223428,-893.877395259623,-28.5025178628547,1.49011611938477e-08,1.49011611938477e-08,1.90212755259853,0.469402332277398,1.49011611938477e-08,1.94067937664657,9,25
0.73,800,25,618.449476159607,-346.3575829749,618.449476159607,13473.9825514052,14189.3489873651,14180.4516691088,64.3103338240417,52.2400140459316,49.9962176589345,-819.842844312613,-141.484494720767,1.49011611938477e-08,1.49011611938477e-08,1.94905947953155,0.876263817112937,1.49011611938477e-08,2.83979105444215,9,25
0.731,800,25,637.869580829149,361.738767606156,637.869580829149,13843.656927321,14160.618785237,13834.7740350288,65.6370840888064,51.896758068392,50.9080608913391,-685.832900377982,-250.601530745628,1.49011611938477e-08,1.49011611938477e-08,1.93695903116534,1.26419267570822,0.387235223669051,3.8399760664034,9,25
0.732,800,25,595.202542559447,65.6085986801571,595.202542559447,14083.4365524672,13771.5556823124,13929.4805552436,64.5650034044278,49.6646487148918,50.9156301522265,-517.066902560543,-245.407496141645,1.49011611938477e-08,1.49011611938477e-08,1.84190704806993,1.57058481981395,1.02157966171482,3.57981883705655,9,25
0.733,800,25,623.507434844566,364.080882082057,623.507434844566,13886.2916928044,13528.5297640804,14348.5971972464,63.5946205239387,45.3705312349566,50.7402927881899,-397.636615758079,-127.359319930014,1.49011611938477e-08,1.49011611938477e-08,1.82137652733481,1.79548504803208,1.66795048870638,2.51511091801593,9,25
0.734,800,25,602.153508986189,244.58182574641,602.153508986189,13439.9796208434,13764.2431941845,14537.3191109698,62.7363189000505,40.0354657890214,49.6060418477639,-342.703238022668,-11.6811547498448,1.49011611938477e-08,1.49011611938477e-08,1.90000807885939,2.03115744613411,2.10395272897406,2.01105146575907,9,25
0.735,800,25,546.666347687029,290.470586195864,546.666347687029,13277.0472533504,14159.5163274998,14239.5013483466,62.7682270437113,35.6231940189764,47.915820157247,-420.718272263056,57.0169836450946,1.49011611938477e-08,1.49011611938477e-08,1.94518125234158,2.0610608229797,3.12359505772589,1.84107548605373,9,25
0.736,800,25,515.19013030644,354.42149816133,515.19013030644,13618.0271748643,14204.0423822989,13809.0901806312,63.8608115672784,34.8129247705774,45.7948765402426,-614.524225313701,9.3931443590307,1.49011611938477e-08,1.49011611938477e-08,1.9526129285408,1.77970530260166,1.80966796543071,2.00281694503197,9,25
0.737,800,25,505.787490604006,364.36442654902,505.787490604006,14039.6988849077,13828.8840383864,13810.7005127491,64.8275774691718,38.448265193358,43.5264612558036,-791.547652517683,-210.706332473005,1.49011611938477e-08,1.49011611938477e-08,1.86339413768818,1.53528713009346,0.357339921968963,2.58682780761152,9,25
0.738,800,25,504.441304424625,368.062368938014,504.441304424625,14032.9681127275,13491.205719252,14246.2479250169,64.5692517934757,43.7965187498928,41.4861028761797,-789.980281520617,-461.641508262286,1.49011611938477e-08,1.49011611938477e-08,1.79726087105658,1.49430373325528,1.49011611938477e-08,2.72565995680558,9,25
0.739,800,25,474.782011554954,380.413264623702,474.782011554954,13638.6462320823,13623.7724291699,14567.5236881799,62.9645408126144,48.3113195838902,39.7178916643468,-673.572948261768,-574.100157972253,1.49011611938477e-08,1.49011611938477e-08,1.86786895025825,1.54263468565715,1.49011611938477e-08,2.3902445925437,9,25
0.74,800,25,405.947835765899,387.640140565766,405.947835765899,13373.5703086376,14051.7324703185,14386.6228574696,61.216376298927,51.1379290875377,39.1923206593829,-571.83778607406,-528.884468062966,1.49011611938477e-08,1.49011611938477e-08,1.93643681401078,1.47620330573345,1.49011611938477e-08,3.15053506897154,9,25
0.741,800,25,297.962482693436,393.272170168027,297.962482693436,13602.6452715302,14228.9579541272,13936.5278243442,60.8179140126824,52.3267630632542,40.6953230624547,-528.406778505558,-393.445334748623,1.49011611938477e-08,1.49011611938477e-08,1.95363156673681,1.27981856659219,1.49011611938477e-08,11.8084787673905,9,25
0.742,800,25,241.226588392206,397.725838630311,241.226588392206,14033.2711410352,13936.0705357351,13787.1864807325,61.7268686052733,52.1601972327798,43.6639164492954,-519.202144307158,-235.833956792492,1.49011611938477e-08,1.49011611938477e-08,1.88175982721807,1.20422392251981,0.481541347943545,5.91264986071422,9,25
0.743,800,25,364.196978073709,398.126173698237,364.196978073709,14141.145694877,13539.429915458,14132.8081849671,62.2326649820714,50.958091329625,47.0197002736405,-478.382982232269,-145.322120432256,1.49011611938477e-08,1.49011611938477e-08,1.78356552410239,1.41319154090182,1.06986284129598,3.39292242748743,9,25
0.744,800,25,627.703379697859,-467.545069229002,627.703379697859,13829.6438498071,13552.1720407509,14543.1144456636,59.8194722970392,48.9434092463702,49.0042375900396,-378.195202999067,-126.118626379372,1.49011611938477e-08,1.49011611938477e-08,1.83215104797974,1.87797038850279,1.73833754860329,3.46882905565877,9,25
0.745,800,25,637.795316160195,406.789909916852,637.795316160195,13513.9874252135,13955.7053731055,14530.4585222996,53.7329817179761,46.8547638126597,48.625469816486,-308.119461872884,-115.764997440304,1.49011611938477e-08,1.49011611938477e-08,1.92298488623005,2.31708846015556,2.34445256862031,4.27619788179128,9,25
0.746,800,25,614.889666495363,399.569206167376,614.889666495363,13627.4914065198,14224.3137159706,14148.3127937389,45.4510939065667,45.6025790691723,46.3376147878453,-364.307146421337,-56.554310273411,1.49011611938477e-08,1.49011611938477e-08,1.95995775790475,1.87589923383111,2.10471042772961,3.93841116569759,9,25
0.747,800,25,526.97003740078,370.888072446498,526.97003740078,14021.725838236,14018.2229693882,13896.4997681572,40.4553926440307,45.868438603544,44.1740349892002,-578.73996197447,47.028356053215,1.49011611938477e-08,1.49011611938477e-08,1.91844516677239,0.749986598884226,1.15294236689678,1.98364767169594,9,25
0.748,800,25,312.089675122125,415.043551336421,312.089675122125,14192.8897574034,13584.0437679449,14124.3049611371,44.0709921475933,47.5927144384663,44.2864557545766,-819.623659364648,88.5067643093095,1.49011611938477e-08,1.49011611938477e-08,1.80424235331826,1.49011611938477e-08,0.456887785655242,1.20956287032725,9,25
0.749,800,25,191.880207777041,421.093112236315,191.880207777041,13937.8778843108,13470.0788580273,14546.4338291673,51.714675519527,49.7692561996374,45.8699756764888,-911.712516419942,38.1302441973944,1.49011611938477e-08,1.49011611938477e-08,1.81301672716355,1.49011611938477e-08,1.49011611938477e-08,1.42638142015133,9,25
0.75,800,25,343.25234108435,420.652449727776,343.25234108435,13498.6905918792,13828.5654690278,14552.3974181671,59.0795657843847,51.4904138707063,48.2280254328368,-888.016575558051,-33.5753477670033,1.49011611938477e-08,1.49011611938477e-08,1.90640273079182,0.502438670102986,1.49011611938477e-08,1.98884852249856,9,25
0.751,800,25,641.434091371109,-10980.2959077004,641.434091371109,13488.586011488,14205.7458061487,14163.3957981858,64.0972511364292,52.4131223449581,50.3734912428957,-813.946715917631,-137.752261657745,1.49011611938477e-08,1.49011611938477e-08,1.95027090024757,0.898680466311334,1.49011611938477e-08,2.85839131740577,9,25
0.752,800,25,632.666162593587,-7109.31794383823,632.666162593587,13866.6377713171,14147.144548981,13834.3655174006,65.0807251703768,51.9863362095972,51.0454441187016,-671.437743686123,-240.247847734693,1.49011611938477e-08,1.49011611938477e-08,1.93334432495011,1.2703079629942,0.435018108637922,3.698408311951,9,25
0.753,800,25,585.195209557903,72.7149456941964,585.195209557903,14081.0375499708,13748.5539981405,13953.477492769,63.9614554147833,49.7124533488391,51.0545827896779,-508.841768523264,-219.332762462154,1.49011611938477e-08,1.49011611938477e-08,1.8372177200731,1.55435802096985,1.06845419310719,3.27734968746385,9,25
0.754,800,25,625.296838378822,-4752.92101929888,625.296838378822,13867.8302038929,13531.2394843401,14377.8176892327,63.0175105272068,45.3690140791776,50.8668770270556,-393.802986524201,-96.4610888332785,1.49011611938477e-08,1.49011611938477e-08,1.82457414840521,1.77411474775466,1.70131057993518,2.3054883344833,9,25
0.755,800,25,601.769177168233,-901.29368435401,601.769177168233,13422.1532782666,13789.8735489187,14539.6280576499,62.2123185708439,40.071302357505,49.6738865702267,-347.365407526971,18.5686744239758,1.49011611938477e-08,1.49011611938477e-08,1.90425739566748,1.99573493529358,2.09622776644479,1.85722100717299,9,25
0.756,800,25,539.499465026551,352.493933918484,539.499465026551,13287.3775671742,14178.7991235618,14220.2673472542,62.3344257610298,35.8630739853211,47.8855047935079,-428.660041315504,80.0751482612743,1.49011611938477e-08,1.49011611938477e-08,1.94655619658989,1.99893432439468,3.24148770385312,1.72229104318455,9,25
0.757,800,25,501.073886876533,406.41947666692,501.073886876533,13646.2082207104,14193.4759078459,13799.9414288882,63.4962560073712,35.4810982697751,45.6557107409817,-638.11429349075,18.9644215263916,1.49011611938477e-08,1.49011611938477e-08,1.9511812048668,1.71377510915488,1.72266335653825,1.91833408305728,9,25
0.758,800,25,495.966042633431,408.717797223757,495.966042633431,14052.0093985892,13803.7804470586,13832.0829548072,64.5119161255003,39.5394290811402,43.2814877004962,-812.060935272997,-214.150996333102,1.49011611938477e-08,1.49011611938477e-08,1.85735166941306,1.47934509016912,0.292841167040222,2.52976687162693,9,25
0.759,800,25,501.702035555721,406.201995818055,501.702035555721,14016.6198372544,13484.6803591037,14277.8637126208,64.2234923423301,45.0206317445363,41.1317165389072,-801.2868815586,-463.525765358888,1.49011611938477e-08,1.49011611938477e-08,1.79896269804555,1.44321890449929,1.49011611938477e-08,2.70364468301171,9,25
0.76,800,25,479.749223979273,413.690451899447,479.749223979273,13614.4749197686,13644.9480529248,14577.615584205,62.5588855488942,49.559383257474,39.1890713740243,-681.294239286629,-568.34399488982,1.49011611938477e-08,1.49011611938477e-08,1.87344756055724,1.48211533688766,1.49011611938477e-08,2.4175266633469,9,25
0.761,800,25,411.457358416164,418.877969708393,411.457358416164,13372.4821436498,14073.2756647514,14369.5928698434,60.8138043798518,52.3732524358394,38.6473620769658,-583.758157560175,-520.70512593751,1.49011611938477e-08,1.49011611938477e-08,1.93856993012355,1.39698757704178,1.49011611938477e-08,3.34302238458063,9,25
0.762,800,25,302.225807396457,421.602478900995,302.225807396457,13625.5961514194,14224.0311442987,13922.1073406704,60.457340270191,53.5391274697685,40.2570175583641,-537.06060383015,-373.748844141945,1.49011611938477e-08,1.49011611938477e-08,1.95307885993215,1.19773296326148,1.49011611938477e-08,15.6447511308206,9,25
0.763,800,25,251.48820649069,422.839078098034,251.48820649069,14049.5272085643,13912.293666971,13801.7388788774,61.4043713734254,53.3478509958674,43.4277176986735,-526.995620969332,-212.865297716981,1.49011611938477e-08,1.49011611938477e-08,1.87551154327561,1.13881054433997,0.52837785534167,4.9011315004498,9,25
0.764,800,25,395.508998474013,419.345869099069,395.508998474013,14130.0853313945,13526.4292352413,14166.5872026572,61.8487013499799,52.1255520094144,46.9146982721345,-482.362655172317,-123.558210124229,1.49011611938477e-08,1.49011611938477e-08,1.78320691912115,1.36205569813296,1.12705530427877,3.02711196617751,9,25
0.765,800,25,640.448830800291,423.805766241546,640.448830800291,13803.7387187777,13567.9778227957,14562.8163330127,59.2884520365277,50.129802639884,48.889868526468,-381.626292875979,-105.457554836651,1.49011611938477e-08,1.49011611938477e-08,1.83861353162075,1.81856570692612,1.81512622579447,3.12308948075995,9,25
0.766,800,25,636.278119969747,422.285272334192,636.278119969747,13505.6748092819,13979.6472569109,14522.9480978575,53.055344496585,48.1125118587085,48.4782026593147,-319.207365197166,-93.8376101751242,1.49011611938477e-08,1.49011611938477e-08,1.92675082099766,2.20449152504651,2.42998477437498,3.73495308907149,9,25
0.767,800,25,611.912296961559,407.151724142599,611.912296961559,13644.890825268,14224.0870453243,14130.2560047491,44.8718297793976,46.9383720338059,46.3026376279507,-388.026787169615,-29.7001069343754,1.49011611938477e-08,1.49011611938477e-08,1.96064341197078,1.70336749684178,2.11145638027051,3.27412380156972,9,25
0.768,800,25,515.571368385944,394.958480426086,515.571368385944,14041.3031564816,13993.8261998837,13899.899686255,40.654829552444,47.2846362610027,44.5050993034548,-612.094995325859,65.6978238803448,1.49011611938477e-08,1.49011611938477e-08,1.91246333122254,0.65198477576275,1.12318959594169,1.72199772718699,9,25
0.769,800,25,277.00500758761,422.197881136349,277.00500758761,14187.9105571089,13562.7863352707,14151.6033322549,44.882514333073,49.0737138071914,44.8301613402146,-846.720143129324,90.8952409775598,1.49011611938477e-08,1.49011611938477e-08,1.80063569643122,1.49011611938477e-08,0.418111395172237,1.15208513553358,9,25
0.77,800,25,182.567149393206,424.478450429251,182.567149393206,13911.1410546574,13477.5657093794,14564.1623025691,52.6006122715529,51.247526312992,46.3565427584643,-924.695720054523,30.9851286614546,1.49011611938477e-08,1.49011611938477e-08,1.81815824216863,1.49011611938477e-08,1.49011611938477e-08,1.44860845952514,9,25
0.771,800,25,371.440528240639,419.965979636456,371.440528240639,13479.3244538556,13852.9689538768,14541.1237020302,59.9571262910574,52.9370992791333,48.7032820425265,-900.022371163128,-39.1657245892976,1.49011611938477e-08,1.49011611938477e-08,1.91075144107302,0.506734056242733,1.49011611938477e-08,2.02934880414207,9,25
0.772,800,25,647.648256299928,428.796891391206,647.648256299928,13497.7412569097,14211.7103870626,14137.6654222617,64.7891856269953,53.7686061274518,50.7871472285829,-818.041213223685,-151.126953296098,1.49011611938477e-08,1.49011611938477e-08,1.95143771672137,0.902211404811816,1.49011611938477e-08,2.92139084494637,9,25
0.773,800,25,631.578135346614,420.605224481996,631.578135346614,13883.835964459,14128.4658190931,13828.3338277217,65.5926465360548,53.210169098004,51.4002275659253,-669.227561577691,-249.149237342051,1.49011611938477e-08,1.49011611938477e-08,1.92977390672042,1.27035986745005,0.461575038987471,3.72421453483554,9,25
0.774,800,25,579.179385646221,130.070422240435,579.179385646221,14077.3045229309,13727.160762976,13972.0881798489,64.392849117462,50.678705471877,51.3957062136594,-502.97424306898,-216.179823113159,1.49011611938477e-08,1.49011611938477e-08,1.83344818844867,1.55316171329386,1.11001237754742,3.20575566627993,9,25
0.775,800,25,623.356820884761,-4263.08006236907,623.356820884761,13841.2846278397,13532.4500639728,14398.7635271082,63.3718102576058,46.1316945368971,51.16940956335,-386.506279511176,-90.0133801183376,1.49011611938477e-08,1.49011611938477e-08,1.82828318184898,1.78359497898586,1.73706093241098,2.26654919560625,9,25
0.776,800,25,597.529965855445,-477.686786848634,597.529965855445,13398.503562774,13812.7341150797,14533.9438986981,62.5176547723499,40.7163519083696,49.9674625010157,-344.511948779585,19.4376187645401,1.49011611938477e-08,1.49011611938477e-08,1.90837614712825,2.00801788042472,2.11207092332717,1.84242864136023,9,25
0.777,800,25,544.774066093073,337.486829780111,544.774066093073,13292.9760863367,14189.1346781906,14192.1479501841,62.6656896767785,36.5704047417648,48.1800411315063,-437.559112811336,81.3184581556444,1.49011611938477e-08,1.49011611938477e-08,1.94788362192914,1.99732692395996,3.38381698720669,1.72840460358578,9,25
0.778,800,25,516.451120968685,394.531101435486,516.451120968685,13672.5997708767,14177.8452752554,13785.5465866855,63.836942725249,36.2809162347165,45.9318337002159,-653.694937582142,8.53855706622389,1.49011611938477e-08,1.49011611938477e-08,1.94918244633718,1.70282150296827,1.62139794440919,1.95033383558643,9,25
0.779,800,25,508.083280709229,402.322564118156,508.083280709229,14065.6311443564,13778.0672118237,13850.0403257066,64.7290974873332,40.2511517382929,43.5397463356746,-817.286677335582,-235.387216505515,1.49011611938477e-08,1.49011611938477e-08,1.85045072650802,1.48406576373734,0.181825848466002,2.57641519586383,9,25
0.78,800,25,501.976468203098,406.029858431511,501.976468203098,14001.6100413595,13479.2831020174,14303.7432491723,64.2956855800643,45.587711838692,41.3342026970603,-794.166802001415,-482.726310241767,1.49011611938477e-08,1.49011611938477e-08,1.80029066480391,1.46276094630471,1.49011611938477e-08,2.6516255468768,9,25
0.781,800,25,468.584460181573,415.50826774479,468.584460181573,13591.7695214172,13666.3167216804,14578.0339659817,62.5579659950239,49.95693627492,39.4393090937549,-678.251789615996,-576.411601955569,1.49011611938477e-08,1.49011611938477e-08,1.87857597580259,1.50520781730213,1.49011611938477e-08,2.36813311959471,9,25
0.782,800,25,393.892579194094,419.35228124583,393.892579194094,13374.1132987145,14093.0275561246,14342.613229368,60.893903243891,52.6277553825633,39.0431286684324,-578.250712062854,-521.002698889286,1.49011611938477e-08,1.49011611938477e-08,1.94039565928723,1.4160531940708,1.49011611938477e-08,3.37224086612369,9,25
0.783,800,25,285.661273557573,421.998749146864,285.661273557573,13651.4426367424,14217.4352154864,13899.2417732198,60.6579906779326,53.6782630557388,40.762773860209,-534.757653415442,-369.599794599681,1.49011611938477e-08,1.49011611938477e-08,1.95192729267562,1.21955514847594,1.49011611938477e-08,17.1921503134009,9,25
0.784,800,25,240.97483606452,423.075092083597,240.97483606452,14068.6853056443,13886.5877780553,13809.1296439913,61.6183146825489,53.3886630545142,43.9255198657205,-522.442721230844,-211.562194673362,1.49011611938477e-08,1.49011611938477e-08,1.86777003371766,1.17444906755511,0.536958965160384,4.9181839073705,9,25
0.785,800,25,393.014610777149,419.421997900239,393.014610777149,14122.7493150447,13514.7288792833,14190.8949379937,61.9229857148521,52.0664680879093,47.375138869079,-471.724306239889,-126.440767330265,1.49011611938477e-08,1.49011611938477e-08,1.78202504295501,1.41381891813847,1.15121909217667,3.10468795133829,9,25
0.786,800,25,649.615237288205,430.644412973266,649.615237288205,13783.4004448488,13585.8687579186,14570.9438295088,59.0693268443817,49.9586181749149,49.2743639509838,-373.691095320994,-109.417399015658,1.49011611938477e-08,1.49011611938477e-08,1.844112966369,1.88653777897727,1.85406094231336,3.24722002020115,9,25
0.787,800,25,635.753046606455,422.090668517145,635.753046606455,13502.5212280801,14003.5272506583,14502.4097116393,52.57586616121,47.8914247986178,48.8034269898044,-312.403242832943,-95.6132465444516,1.49011611938477e-08,1.49011611938477e-08,1.9299358828664,2.26088372425804,2.4607368789148,3.8966127491385,9,25
0.788,800,25,610.177596635317,402.395377569934,610.177596635317,13666.4049602631,14225.4590990825,14104.4815967523,44.3194640687226,46.7557605502881,46.6225530933282,-392.709697439309,-28.244163217277,1.49011611938477e-08,1.49011611938477e-08,1.96100880361552,1.68481806019508,2.05952433498813,3.34094088388857,9,25
0.789,800,25,509.06162931909,400.69283377921,509.06162931909,14062.0261962839,13971.7416200255,13898.2258903905,40.4033195892823,47.2003937476299,44.9016269069359,-623.646466655198,65.1242252651971,1.49011611938477e-08,1.49011611938477e-08,1.90599324173976,0.619040097732424,1.0665052953327,1.73147964602171,9,25
0.79,800,25,285.866339554226,421.988111570469,285.866339554226,14184.8317701348,13546.5184470069,14173.6757935841,44.9665343128779,49.0673756649546,45.2958261726372,-852.527383125442,83.7725129498599,1.49011611938477e-08,1.49011611938477e-08,1.79709203580547,1.49011611938477e-08,0.357829126507996,1.19148953076243,9,25
0.791,800,25,204.083987556173,423.96344674782,204.083987556173,13889.0152902586,13491.1045251968,14578.2313187833,52.6253119187859,51.2700218392451,46.7285064832458,-919.237185201215,24.1295159103001,1.49011611938477e-08,1.49011611938477e-08,1.82285707970624,1.49011611938477e-08,1.49011611938477e-08,1.51831945825227,9,25
0.792,800,25,392.989956826723,419.440503658286,392.989956826723,13470.3993609451,13881.3416720192,14527.3297269736,59.8890277864362,52.971640904675,48.9840380085334,-889.729416312648,-50.582159813946,1.49011611938477e-08,1.49011611938477e-08,1.91435505087305,0.542546586424628,1.49011611938477e-08,2.12109681274469,9,25
0.793,800,25,645.963255962323,-14287.1952456648,645.963255962323,13517.6253238991,14224.823691597,14116.2590156942,64.4159887743207,53.7946517773215,50.8083215871723,-801.969035958443,-160.311082556013,1.49011611938477e-08,1.49011611938477e-08,1.95223487755489,0.93245570397232,1.49011611938477e-08,3.01248664876252,9,25
0.794,800,25,628.832040039462,-5792.16237587412,628.832040039462,13908.2078219752,14112.3462165974,13826.1472114271,64.9728507616213,53.1513266668184,51.2640412618768,-648.858237776665,-245.975046196143,1.49011611938477e-08,1.49011611938477e-08,1.92501773497213,1.29321754455917,0.496237218617225,3.70242388191758,9,25
0.795,800,25,570.566288021013,199.312411513201,570.566288021013,14073.6581596334,13706.0362205205,13993.3202971527,63.7850190858142,50.5731582013296,51.2922587874572,-488.496107926047,-197.646813814435,1.49011611938477e-08,1.49011611938477e-08,1.8289966529775,1.56029813904399,1.14971355581327,3.0351027388746,9,25
0.796,800,25,626.309528837831,419.046680949492,626.309528837831,13815.7554287089,13538.2879681159,14417.2478912347,62.8718655237169,45.9986586286402,51.0648093959373,-384.822125148744,-72.9484286811771,1.49011611938477e-08,1.49011611938477e-08,1.83202561220122,1.77823766619231,1.75325210732377,2.12074312023381,9,25
0.797,800,25,602.864346645611,-1066.82452025062,602.864346645611,13378.2183296483,13838.9332972364,14525.1443407136,62.1024811192793,40.672445245716,49.8004958068391,-348.934205599129,40.2183067118067,1.49011611938477e-08,1.49011611938477e-08,1.91219636838511,1.98311720496108,2.09922018370005,1.72835392066914,9,25
0.798,800,25,540.221218967908,351.072802433489,540.221218967908,13302.2805444223,14205.6015320848,14165.6780330306,62.2904034848065,36.7832010199978,47.91994660263,-452.465670426891,91.8324716848017,1.49011611938477e-08,1.49011611938477e-08,1.94918099161503,1.9534096977934,3.50303736057927,1.64541233386799,9,25
0.799,800,25,499.974388995629,406.941593526272,499.974388995629,13695.9674970066,14163.5510725634,13773.4317012023,63.4251851653768,36.953099525241,45.6385423244232,-671.618700721166,-0.0174808176771059,1.49011611938477e-08,1.49011611938477e-08,1.94704655979013,1.66912982160663,1.53840949001039,1.9079831488011,9,25
0.8,800,25,490.769092200365,410.916097656663,490.769092200365,14070.5571299712,13752.8621077534,13868.5109295209,64.2450760901519,41.300644895163,43.3371312175145,-822.369241157183,-242.680015915426,1.49011611938477e-08,1.49011611938477e-08,1.84481308216281,1.46890109418974,0.0914391325066178,2.54342148397683,9,25
0.801,800,25,484.293051692381,412.707968260861,484.293051692381,13977.9860539049,13475.6192444998,14328.2160356431,63.7374441918494,46.7359270250207,41.2782384916942,-797.087286128744,-490.951190627528,1.49011611938477e-08,1.49011611938477e-08,1.8029505142486,1.45795606591131,1.49011611938477e-08,2.561162426749,9,25
0.802,800,25,451.633154628801,417.117210552543,451.633154628801,13563.3671293512,13688.7751219746,14576.9896391322,61.9564426667848,51.1144876134386,39.4474323860261,-674.072806825158,-584.12376038066,1.49011611938477e-08,1.49011611938477e-08,1.88391674842036,1.49841983583982,1.49011611938477e-08,2.31729695111297,9,25
0.803,800,25,382.407761672517,419.650434072032,382.407761672517,13371.3899256047,14112.1974642813,14315.8726335859,60.3231584793798,53.7649915626519,39.0952760458694,-575.378008135489,-521.494163563391,1.49011611938477e-08,1.49011611938477e-08,1.9421567466059,1.40173127046984,1.49011611938477e-08,3.40675233544817,9,25
0.804,800,25,275.059535193355,422.252665356906,275.059535193355,13671.3446369477,14209.2771313395,13877.6558552724,60.1148542667876,54.7866182849211,40.8041051566742,-530.916224640369,-367.817461228327,1.49011611938477e-08,1.49011611938477e-08,1.95053075041542,1.20994348646731,1.49011611938477e-08,18.0495799472661,9,25
0.805,800,25,248.192079762176,422.917891119099,248.192079762176,14079.3010030713,13862.0580321981,13817.2444994289,61.0131740826773,54.4699118765236,43.9542649370243,-514.893122347402,-218.369550295578,1.49011611938477e-08,1.49011611938477e-08,1.86076575983905,1.18050836811282,0.591696984542091,4.74934371006775,9,25
0.806,800,25,413.943592190611,418.845625321019,413.943592190611,14106.701414052,13505.274956135,14215.4284332162,61.0740098633728,53.1261494484576,47.3094104681578,-459.421654067557,-132.751511133255,1.49011611938477e-08,1.49011611938477e-08,1.78206513191349,1.43696357048777,1.21622980363616,3.08362504994958,9,25
0.807,800,25,642.705692786526,425.28215403874,642.705692786526,13755.6275471249,13604.5563598052,14578.1812949205,57.8702073284429,51.0301637852507,49.0259003194338,-355.583143656014,-113.938839977661,1.49011611938477e-08,1.49011611938477e-08,1.85012046486116,1.91502231822136,1.93919854559629,3.25135855409545,9,25
0.808,800,25,634.088722790809,421.438259999838,634.088722790809,13494.722938489,14025.5863592813,14482.0363126134,51.057579385762,49.0212748030369,48.4477054603963,-303.234475311313,-95.7764887195453,1.49011611938477e-08,1.49011611938477e-08,1.93305452293668,2.25331805496633,2.55728360105086,3.84185054100606,9,25
0.809,800,25,605.201645736466,372.619827474905,605.201645736466,13682.953773562,14221.6312482633,14077.5595007586,42.7735687194122,47.9825738486897,46.3292780925922,-399.968220963892,-23.474583413114,1.49011611938477e-08,1.49011611938477e-08,1.96095090076504,1.59009868307393,2.05626550741082,3.14564082372154,9,25
0.81,800,25,491.33962020948,410.367611529549,491.33962020948,14076.5382546619,13944.7559894428,13896.0441293809,39.5965497018475,48.5575265234733,44.8824580102445,-629.249001641545,60.7873140486926,1.49011611938477e-08,1.49011611938477e-08,1.89896743479742,0.528384377969205,1.02273748572642,1.62495163396223,9,25
0.811,800,25,261.304107476873,422.575701998071,261.304107476873,14175.3601148886,13526.8101448666,14193.5377288672,44.9215267795041,50.5228605241515,45.4445339875354,-859.248320687837,71.2762368208613,1.49011611938477e-08,1.49011611938477e-08,1.79377981946336,1.49011611938477e-08,0.284765865632166,1.20387128850368,9,25
0.812,800,25,198.797849794793,424.111746318847,198.797849794793,13860.5746200821,13501.0252125207,14585.0403205613,52.8324894673823,52.7404083774784,46.8320673518217,-922.574527321557,2.32168077989332,1.49011611938477e-08,1.49011611938477e-08,1.82783793105535,1.49011611938477e-08,1.49011611938477e-08,1.61403166114396,9,25
0.813,800,25,413.504828775875,418.845976558079,413.504828775875,13457.8778599587,13904.3307526366,14507.9697039995,60.1592928590186,54.418178023817,49.0492707875328,-886.986851724995,-76.2035368254435,1.49011611938477e-08,1.49011611938477e-08,1.9178356184869,0.556568414898231,1.49011611938477e-08,2.29000344163967,9,25
0.814,800,25,645.919681441268,427.51116597163,645.919681441268,13533.6699935633,14227.1793012339,14086.9079594586,64.5736522376789,55.1615490497061,50.8077110582351,-792.657268709889,-187.198543546056,1.49011611938477e-08,1.49011611938477e-08,1.95292323469388,0.948545146070833,1.49011611938477e-08,3.2764297608584,9,25
0.815,800,25,627.78458948866,419.492038368466,627.78458948866,13928.0020019522,14091.4871422041,13819.6695162262,65.060511876197,54.4027763044331,51.2050509050275,-634.137577792006,-263.137020195971,1.49011611938477e-08,1.49011611938477e-08,1.92038902696338,1.30731582736782,0.501062157803558,3.94819487451487,9,25
0.816,800,25,572.395121566227,192.06446643391,572.395121566227,14068.9587867373,13685.0506003624,14009.0645843461,63.914469531225,51.5973569720982,51.1813357333025,-480.389333561685,-205.05894194761,1.49011611938477e-08,1.49011611938477e-08,1.82536098305301,1.57120574005553,1.17583748417065,3.07479869046086,9,25
0.817,800,25,622.590021584629,417.996877946638,622.590021584629,13795.6750011496,13542.5883021778,14434.2165954977,62.9684872885166,46.8867779873011,50.7356832519657,-369.607659289168,-69.1289583990692,1.49011611938477e-08,1.49011611938477e-08,1.8353972776575,1.80460276843839,1.77749145368458,2.13396731885208,9,25
0.818,800,25,593.737840060123,66.9212865326945,593.737840060123,13367.2586263588,13861.7363596699,14516.4190011357,62.2392144963372,41.5370891829814,49.3151051296112,-341.056332511521,45.4142746038474,1.49011611938477e-08,1.49011611938477e-08,1.91529908400722,2.0131611215087,2.13437052146649,1.73884589817052,9,25
0.819,800,25,535.391211943991,363.019802135423,535.391211943991,13322.518062957,14213.6842539349,14140.6208052295,62.5786552088934,37.8150665845774,47.3525850837017,-458.447839571253,95.0672438180485,1.49011611938477e-08,1.49011611938477e-08,1.95014461127506,1.9561881956278,3.72230517957317,1.66106369105402,9,25
0.82,800,25,507.039747091997,402.760840409438,507.039747091997,13731.9479266121,14146.8831869483,13768.3276436666,63.8966717212886,38.0789282896165,45.0049334823699,-686.739068426866,-0.275956424905051,1.49011611938477e-08,1.49011611938477e-08,1.94371303591564,1.63527960060991,1.40708430256243,1.92484560874955,9,25
0.821,800,25,507.366762335664,402.83883988101,507.366762335664,14085.8616092898,13728.3951368534,13894.8780113785,64.8737480855294,42.3523424470835,42.5964952029086,-836.063918302266,-241.213595046585,1.49011611938477e-08,1.49011611938477e-08,1.83826937491477,1.41555953446069,1.49011611938477e-08,2.56738283893649,9,25
0.822,800,25,505.047745085983,404.230781815221,505.047745085983,13964.4490751577,13473.7668867942,14358.533434283,64.5347681375625,47.6672135025767,40.3807750963312,-808.79853097924,-480.115372528047,1.49011611938477e-08,1.49011611938477e-08,1.80529643116945,1.38424318920012,1.49011611938477e-08,2.63476533196674,9,25
0.823,800,25,473.007521715244,414.885157045336,473.007521715244,13546.3610963979,13711.9242655611,14581.3930156507,62.9689622610299,51.9112844339301,38.5486314165003,-688.668884212208,-562.469197440988,1.49011611938477e-08,1.49011611938477e-08,1.88885202298863,1.39743615631024,1.49011611938477e-08,2.46907039560969,9,25
0.824,800,25,396.312627376826,419.287061188734,396.312627376826,13381.205341091,14130.1280656712,14298.7918881809,61.5778313666347,54.4450555170482,38.4045796841798,-593.83326869466,-492.803172476356,1.49011611938477e-08,1.49011611938477e-08,1.94385826603732,1.2833708308378,1.49011611938477e-08,3.92283534396516,9,25
0.825,800,25,287.795671406271,421.946936014894,287.795671406271,13700.5783213988,14200.1645958495,13870.1165681496,61.5418946496708,55.3629943001127,40.453852662931,-551.387860768044,-335.191670376224,1.49011611938477e-08,1.49011611938477e-08,1.94905755917463,1.112758555134,1.49011611938477e-08,19.2903453060831,9,25
0.826,800,25,254.750407340336,422.75079258747,254.750407340336,14096.492079375,13837.2349735183,13840.6446423448,62.465490638957,54.9278652998965,43.8989007305182,-532.871216075938,-187.738708989964,1.49011611938477e-08,1.49011611938477e-08,1.85428924287498,1.12569380543378,0.597543715317216,3.94592986907766,9,25
0.827,800,25,430.661108044265,418.268747228255,430.661108044265,14096.0277259236,13497.3918536864,14251.749400403,62.3946918017193,53.4421255812355,47.4350695404899,-471.301254484763,-106.413089594974,1.49011611938477e-08,1.49011611938477e-08,1.78346019007064,1.40991418880183,1.24784157659263,2.76988026767867,9,25
0.828,800,25,643.49142417997,-12486.9575359522,643.49142417997,13733.5582599978,13625.4038648864,14595.1974675722,59.0159537496453,51.2162424240502,49.2010498449487,-365.418335396291,-89.1114153313575,1.49011611938477e-08,1.49011611938477e-08,1.85676284224277,1.89210539901404,1.9929065541998,2.95809896795252,9,25
0.829,800,25,634.294069550756,-7735.81256748544,634.294069550756,13492.6204153382,14049.2819395283,14472.1935860505,52.1208920073084,49.1487077817605,48.6033879865283,-318.685071667949,-69.4058420118352,1.49011611938477e-08,1.49011611938477e-08,1.93627332255294,2.19753022077916,2.61284267637129,3.42640885193591,9,25
0.83,800,25,603.67632970949,-1149.109765701,603.67632970949,13703.9060497678,14220.7544520904,14066.1669771591,44.0215814969449,48.1211285228724,46.4983118511028,-425.335268823124,4.82843080252235,1.49011611938477e-08,1.49011611938477e-08,1.96125819288025,1.51622158288475,2.03864115580637,2.74894092108796,9,25
0.831,800,25,486.935855174586,411.715570408263,486.935855174586,14092.9764191467,13922.9219760207,13910.550263044,41.1738069304418,48.7317787783688,45.1260336705935,-658.22916144649,84.7517250124672,1.49011611938477e-08,1.49011611938477e-08,1.893326833138,0.509889023940386,0.999755320434139,1.47152872116262,9,25
0.832,800,25,268.580209124665,422.401364646096,268.580209124665,14165.9894389309,13514.5041394748,14228.4987230929,46.4618635336565,50.7131582167416,45.7255667330344,-880.322643586828,87.534687662522,1.49011611938477e-08,1.49011611938477e-08,1.79303339709092,1.49011611938477e-08,0.261361117106221,1.13435787834566,9,25
0.833,800,25,218.238963821956,423.624467769662,218.238963821956,13828.4168337766,13518.6861610758,14603.6953840182,54.0623106251649,52.9184900731946,47.0375896523947,-932.449488462637,15.755157413209,1.49011611938477e-08,1.49011611938477e-08,1.83457822374374,1.49011611938477e-08,1.49011611938477e-08,1.5376304431216,9,25
0.834,800,25,440.876389978492,417.857361291301,440.876389978492,13442.7055535089,13933.6780684924,14499.3986598118,61.1200148685249,54.5734951323074,49.2101486545602,-895.418469647348,-62.5706779271924,1.49011611938477e-08,1.49011611938477e-08,1.92173775037,0.558702234511893,1.49011611938477e-08,2.14789265289384,9,25
0.835,800,25,645.029304898005,426.943006690888,645.029304898005,13546.6524078792,14237.6253869206,14073.5913226524,65.0918775037243,55.2561190477526,50.7552227775909,-796.531642097437,-172.007816804206,1.49011611938477e-08,1.49011611938477e-08,1.95376304481334,0.939546979594342,1.49011611938477e-08,2.98862088345644,9,25
0.836,800,25,624.59247532472,418.646500126853,624.59247532472,13942.5758896312,14072.5352514122,13826.8460106313,65.216717169104,54.3857277680439,51.046907651275,-642.39710189061,-240.363809074391,1.49011611938477e-08,1.49011611938477e-08,1.91576685656505,1.28717006463336,0.574282166628857,3.47679106127911,9,25
0.837,800,25,573.850856185108,180.823782889707,573.850856185108,14056.85379902,13666.229215357,14038.3657363958,63.9220161106414,51.5238179039646,51.1696519855021,-481.481974504141,-177.603751125985,1.49011611938477e-08,1.49011611938477e-08,1.82283746645332,1.54303694223732,1.23975746353775,2.70986881620066,9,25
0.838,800,25,624.106716232651,-4500.57269289875,624.106716232651,13764.038614023,13551.7576147505,14458.1453723853,62.8423674072481,46.7328641492066,50.8668471664224,-370.798980696373,-46.1182066269912,1.49011611938477e-08,1.49011611938477e-08,1.84044592260348,1.78066490588245,1.7888694092705,1.95085069246735,9,25
0.839,800,25,596.339193658735,-394.84989386101,596.339193658735,13343.6565156939,13888.4431342365,14511.6078054903,62.0230401025721,41.3891614014804,49.596313712391,-347.323058443675,63.0261702636524,1.49011611938477e-08,1.49011611938477e-08,1.91913295551261,1.98315873740778,2.09411582355733,1.6288862141476,9,25
0.84,800,25,536.935696345572,359.606453826213,536.935696345572,13328.3457163724,14226.0723600512,14117.9002831967,62.3120433604993,37.7842436949021,47.7221033674486,-472.528589872993,103.708630548894,1.49011611938477e-08,1.49011611938477e-08,1.95155013688916,1.9172609451213,3.79031285603717,1.58912577462343,9,25
0.841,800,25,497.229400336289,408.482361684906,497.229400336289,13749.8274832618,14128.1505139347,13760.9171620716,63.5400642937603,38.4005805476175,45.4167092232542,-690.557873719224,-1.0339637772788,1.49011611938477e-08,1.49011611938477e-08,1.94088653392966,1.61566616995489,1.37505194876329,1.89934814783578,9,25
0.842,800,25,490.486123203888,411.005966634948,490.486123203888,14086.5636965423,13703.6365568307,13916.5381581556,64.3285407144235,42.9200958227992,43.036916914759,-837.314277734594,-267.231294272661,1.49011611938477e-08,1.49011611938477e-08,1.83277837157543,1.42910422946215,1.49011611938477e-08,2.56009290200181,9,25
0.843,800,25,484.508537853757,412.652720259455,484.508537853757,13939.8521167173,13473.7959467669,14382.2953061398,63.7318088984029,48.2619661048988,40.8003231789486,-794.491070507693,-504.462416562064,1.49011611938477e-08,1.49011611938477e-08,1.80827704795291,1.42498242136272,1.49011611938477e-08,2.53440158828901,9,25
0.844,800,25,449.390667288381,417.265828815742,449.390667288381,13521.4142778679,13735.6986147629,14577.0027263718,61.9213281587768,52.4454246486721,38.879271316931,-669.596652775573,-577.160510675425,1.49011611938477e-08,1.49011611938477e-08,1.89357804120069,1.44939174431653,1.49011611938477e-08,2.37055522290904,9,25
0.845,800,25,374.84231489283,419.839847945659,374.84231489283,13383.4677316066,14146.4609587555,14269.4197750768,60.4442696075291,54.9099098741969,38.6867012091806,-576.348434276538,-499.361774589998,1.49011611938477e-08,1.49011611938477e-08,1.94530087189539,1.33017950263381,1.49011611938477e-08,3.83338899473943,9,25
0.846,800,25,269.319923478337,422.395168240602,269.319923478337,13722.973500335,14188.5223840178,13849.6129351279,60.4044247645024,55.7717747442151,40.6248574156158,-536.495775780375,-346.994496501855,1.49011611938477e-08,1.49011611938477e-08,1.94675148442546,1.1490739750638,1.49011611938477e-08,20.5920788353008,9,25
0.847,800,25,258.643685838127,422.65760151593,258.643685838127,14106.5725392601,13812.0062160523,13850.1653652508,61.3086133909127,55.3151245553088,43.9758344119813,-515.508820936267,-192.171824127996,1.49011611938477e-08,1.49011611938477e-08,1.84680699874783,1.15912351464034,0.652988100307628,4.00266848544704,9,25
0.848,800,25,450.567249423342,417.286304386329,450.567249423342,14080.3432028101,13490.8283816922,14274.5765776776,61.0835637212755,53.8283395379201,47.3646156713532,-449.904388341366,-114.369174837426,1.49011611938477e-08,1.49011611938477e-08,1.78384994385098,1.44981486823035,1.30412348107877,2.83429718209452,9,25
0.849,800,25,643.368427989966,-12465.9457342731,643.368427989966,13711.1408941216,13646.0275502091,14598.5610579881,57.3973545218771,51.6297181727176,48.9139498899751,-344.860024078789,-97.6391883441835,1.49011611938477e-08,1.49011611938477e-08,1.86202820394827,1.93440447036251,2.05577721280012,3.05091693233687,9,25
0.85,800,25,632.281860197026,-6951.02665358139,632.281860197026,13492.2811725375,14069.3178982808,14448.2861226039,50.2388134191997,49.6116177124652,48.2182064426133,-308.083142431368,-73.696528720072,1.49011611938477e-08,1.49011611938477e-08,1.93872982356657,2.19800008699098,2.66255488746588,3.49171976364446,9,25
0.851,800,25,599.307437193538,-679.470417843527,599.307437193538,13726.1215945483,14214.1357420045,14039.8393761432,42.2067038621434,48.6658723132179,46.1992057180556,-419.340930682742,-0.657113587994425,1.49011611938477e-08,1.49011611938477e-08,1.96034040497428,1.43140028788404,1.99442264132254,2.67931823858944,9,25
0.852,800,25,469.752977807646,415.259239402895,469.752977807646,14109.2808130864,13895.4566463884,13911.1011239275,40.1097121485396,49.3743971503004,45.0782173177871,-669.712154071736,78.3982020743541,1.49011611938477e-08,1.49011611938477e-08,1.8852301639319,0.420014829768375,0.951492522876267,1.42838050266584,9,25
0.853,800,25,244.537696987216,422.974125375669,244.537696987216,14157.6153765379,13498.2535959398,14248.0200586358,46.0779480460522,51.4075683344822,45.8248273052137,-884.127120672542,70.0956130785134,1.49011611938477e-08,1.49011611938477e-08,1.79001043071367,1.49011611938477e-08,0.17857046474512,1.18710517676337,9,25
0.854,800,25,223.512605005248,423.520384773317,223.512605005248,13802.2391646037,13532.6043484853,14604.1688723604,53.8920553635888,53.6053032521369,47.1178540996182,-925.011707417244,-6.42598420150198,1.49011611938477e-08,1.49011611938477e-08,1.83940629208405,0.0793437606263977,1.49011611938477e-08,1.66346975288595,9,25
0.855,800,25,449.793515676451,417.325035932612,449.793515676451,13437.2062959324,13956.4818281958,14475.1258796984,60.9920022224429,55.2170188503925,49.3010970987298,-882.625694736928,-87.5459202769361,1.49011611938477e-08,1.49011611938477e-08,1.92457535578787,0.588433569344378,1.49011611938477e-08,2.34962372266685,9,25
0.856,800,25,641.959245863279,-11494.9111607319,641.959245863279,13568.5661917242,14237.9255918103,14043.7294969163,64.8409951176354,55.8202239548432,50.8012884745752,-785.665254162101,-192.28682036988,1.49011611938477e-08,1.49011611938477e-08,1.95395335678819,0.971585321671099,1.49011611938477e-08,3.29438990739638,9,25
0.857,800,25,623.164479450426,-4259.06786079919,623.164479450426,13962.9355681866,14051.4107693919,13822.8877253038,64.9254812155286,54.8274728449854,51.0457914890881,-622.555207356073,-255.783605408698,1.49011611938477e-08,1.49011611938477e-08,1.91051805204858,1.31651136248755,0.588103185615283,3.75113197422017,9,25
0.858,800,25,577.009867943309,155.010268330003,577.009867943309,14049.4824863334,13647.3523900568,14053.8121947527,63.7482636470186,51.7419603903557,51.1004999133644,-466.1558620808,-176.977130046987,1.49011611938477e-08,1.49011611938477e-08,1.81997780178824,1.56404826991309,1.26616234090296,2.7718606325648,9,25
0.859,800,25,623.542705154132,418.305374231848,623.542705154132,13738.3951604855,13559.7731901386,14466.6460938482,62.7809867911029,46.8484249366025,50.6420979720448,-362.850383474248,-39.8166311980801,1.49011611938477e-08,1.49011611938477e-08,1.84456999454089,1.7972332910182,1.81272524305371,1.95606842269204,9,25
0.86,800,25,595.313964034536,92.3324814004331,595.313964034536,13330.3865175179,13911.2944216792,14492.794581991,62.0565208268149,41.5185482631767,49.2249504415063,-350.422017177544,67.3017009248316,1.49011611938477e-08,1.49011611938477e-08,1.92202520175759,1.98736611240286,2.15410950695645,1.62921006473236,9,25
0.861,800,25,533.417986793967,367.489572153758,533.417986793967,13346.7032744437,14231.8156310865,14086.9444473562,62.4414045330716,38.1564877577526,47.2579307425364,-478.037712466406,100.959940576404,1.49011611938477e-08,1.49011611938477e-08,1.95251996463035,1.89892487611232,3.95090427377705,1.60371110899301,9,25
0.862,800,25,504.686483002249,404.256534960078,504.686483002249,13780.7132644063,14109.5193927348,13753.2962546356,63.7126313137881,38.981475067332,44.9356208500279,-709.472697800514,-15.5084799673685,1.49011611938477e-08,1.49011611938477e-08,1.93700067751079,1.58774856012192,1.23052224627223,1.93120532944286,9,25
0.863,800,25,498.159320499151,407.684634318954,498.159320499151,14093.8250785267,13680.3362358075,13939.2894577921,64.4928680620726,43.5607031150311,42.6394865783085,-846.712418248184,-283.981774099202,1.49011611938477e-08,1.49011611938477e-08,1.82754524057754,1.40336579831193,1.49011611938477e-08,2.57715575211345,9,25
0.864,800,25,489.129303820297,411.363782229475,489.129303820297,13918.4282112043,13474.8514123228,14404.6071575537,63.9334385193833,48.8495981912846,40.5303856101694,-797.628280762747,-511.451580817167,1.49011611938477e-08,1.49011611938477e-08,1.81197327129241,1.39519826367777,1.49011611938477e-08,2.51785322450366,9,25
0.865,800,25,447.153677206332,417.403892040145,447.153677206332,13500.0051160997,13759.3618687543,14570.5248077976,62.2605212248831,52.9369002988212,38.884158293089,-675.083835607311,-572.001277920912,1.49011611938477e-08,1.49011611938477e-08,1.89837406158702,1.40835555062177,1.49011611938477e-08,2.43093528189923,9,25
0.866,800,25,363.781997896186,420.127010355104,363.781997896186,13390.8519825014,14161.2045932802,14242.6065989954,60.9796119698743,55.3063618322337,39.0076038838428,-589.155606836259,-493.685653168349,1.49011611938477e-08,1.49011611938477e-08,1.94670286183354,1.28643690342749,1.49011611938477e-08,4.1693241035697,9,25
0.867,800,25,263.3828686689,422.5307003921,263.3828686689,13748.57364931,14175.3305815358,13834.861450166,61.0684404102184,56.0841371829265,41.186124555652,-547.511053085991,-333.28471651902,1.49011611938477e-08,1.49011611938477e-08,1.94427131499713,1.12624764398901,1.49011611938477e-08,16.7355410345376,9,25
0.868,800,25,256.533548882125,422.718492818934,256.533548882125,14118.1474051112,13786.1930670453,13866.5492801197,61.9134105271243,55.5421031103418,44.5990312065509,-521.6681537762,-184.633010008306,1.49011611938477e-08,1.49011611938477e-08,1.84001505049515,1.16538198760037,0.673540112036251,3.83614474538438,9,25
0.869,800,25,451.696159727572,417.235494947056,451.696159727572,14064.5105190399,13484.7236313314,14299.8196267663,61.4444690720788,53.9713274169992,47.9449352085413,-448.696165701203,-113.062791656729,1.49011611938477e-08,1.49011611938477e-08,1.78568517301738,1.47624005406546,1.33771932443715,2.83299529939309,9,25
0.87,800,25,643.671047065224,426.005972331824,643.671047065224,13686.6634820163,13666.9363327061,14600.3509274878,57.5103125202295,51.7150253571804,49.4558763855035,-343.801925387619,-97.4778000996133,1.49011611938477e-08,1.49011611938477e-08,1.86822638610646,1.96542431092012,2.10168043632616,3.08289078153946,9,25
0.871,800,25,632.062325354147,420.737584054263,632.062325354147,13490.2897042402,14089.0879005225,14425.0924226788,50.1506875484043,49.7139069428664,48.6999764931893,-313.201400902533,-74.3585325963969,1.49011611938477e-08,1.49011611938477e-08,1.94150578782082,2.19534183310002,2.67686332726133,3.50801215857143,9,25
0.872,800,25,596.797495864913,214.662491927467,596.797495864913,13745.0785190871,14207.2472529491,14018.2924506317,42.1804824058811,48.8555740366005,46.6817278733348,-437.094667220789,2.54605099030104,1.49011611938477e-08,1.49011611938477e-08,1.95992345980347,1.38368083092848,1.91883809059359,2.64064586429591,9,25
0.873,800,25,459.015687311489,416.474188840855,459.015687311489,14120.3263849932,13870.5442128701,13916.9146761174,40.4688870504138,49.682317551003,45.6264570900721,-690.269585270173,76.8516579586096,1.49011611938477e-08,1.49011611938477e-08,1.87892144187981,0.392094303530932,0.89918765823444,1.41493822132182,9,25
0.874,800,25,248.930590685184,422.868857982323,248.930590685184,14143.2549742765,13486.9030310303,14271.8543797275,46.6358217024319,51.8043716258036,46.3871677368132,-895.147388791113,61.9500206152142,1.49011611938477e-08,1.49011611938477e-08,1.78975211431716,1.49011611938477e-08,1.49011611938477e-08,1.21009867505194,9,25
0.875,800,25,231.46362889942,423.307851540997,231.46362889942,13771.9237827219,13550.9147255556,14611.5830286354,54.3063017203713,54.0169695412788,47.5747087015343,-925.17135063196,-16.0356961595556,1.49011611938477e-08,1.49011611938477e-08,1.8454797290469,0.165659509598202,1.49011611938477e-08,1.70915711202106,9,25
0.876,800,25,491.422641288882,411.233149156914,491.422641288882,13429.1701566612,13983.2199846915,14457.5878397878,61.1901258653713,55.6280639703226,49.5879890809842,-881.259108600494,-93.0392162520404,1.49011611938477e-08,1.49011611938477e-08,1.92765889704047,0.616180927009971,1.49011611938477e-08,2.40820954288543,9,25
0.877,800,25,643.052876326489,-12300.6444002516,643.052876326489,13587.6237740224,14242.7919632115,14024.8213903542,64.6911021605963,56.174696059654,50.8483616903292,-775.296747525553,-197.581155122898,1.49011611938477e-08,1.49011611938477e-08,1.95417652644618,0.988708995209694,1.49011611938477e-08,3.30086277212413,9,25
0.878,800,25,619.058764816318,-3387.08461907793,619.058764816318,13979.9346115966,14029.6738643258,13827.0049442056,64.5452995463046,55.0766996209919,51.0008541219655,-609.484653297444,-248.141790933823,1.49011611938477e-08,1.49011611938477e-08,1.90467197897272,1.32202938832232,0.629036734375167,3.59831534597174,9,25
0.879,800,25,578.561535294681,141.857361040063,578.561535294681,14038.8162610623,13630.2786511112,14078.8967653052,63.3833844259764,51.9245397171605,51.1652838370639,-458.817406857968,-157.809350444532,1.49011611938477e-08,1.49011611938477e-08,1.81757728680413,1.55623825490734,1.30871477847062,2.58069776633897,9,25
0.88,800,25,623.21545868019,418.182409617333,623.21545868019,13708.9163769135,13571.137878828,14482.8267682249,62.4323927244861,46.9711304554816,50.6990519256849,-360.857264872112,-21.038819385043,1.49011611938477e-08,1.49011611938477e-08,1.8493559529212,1.78293398593153,1.81493538567452,1.83521355214561,9,25
0.881,800,25,594.426737062804,150.445144710122,594.426737062804,13312.9183612076,13937.3208511556,14480.7198343644,61.7264535298081,41.6830933695269,49.2645353980844,-354.000490841109,77.6736775246947,1.49011611938477e-08,1.49011611938477e-08,1.9250980817293,1.95839194574585,2.14777486018867,1.54479719581545,9,25
0.882,800,25,536.753251837271,359.965059613108,536.753251837271,13358.8800483396,14240.1814518768,14061.8159157493,62.0970799492725,38.4457875963108,47.2580163970836,-492.14542542669,104.844558990293,1.49011611938477e-08,1.49011611938477e-08,1.95365772847162,1.86023354884323,4.01352600629087,1.54696659861734,9,25
0.883,800,25,503.049085195514,405.612332745522,503.049085195514,13800.4068787081,14088.0144692038,13748.9980076546,63.2697868469762,39.5351782390035,44.9425904057127,-721.930136570533,-30.7845432732486,1.49011611938477e-08,1.49011611938477e-08,1.93305753126916,1.56868797614744,1.18274923576292,1.91541605712805,9,25
0.884,800,25,485.268543762247,412.496892739873,485.268543762247,14090.9743987389,13656.395495255,13962.7539215329,63.9073181883478,44.2585073881284,42.73991436539,-845.293313919617,-309.371470234872,1.49011611938477e-08,1.49011611938477e-08,1.82278648980941,1.40902755305768,1.49011611938477e-08,2.55675648561307,9,25
0.885,800,25,468.700461125711,415.516739319629,468.700461125711,13891.1808471106,13478.1060827436,14425.6202681092,63.2042451450567,49.5332458953893,40.7324856198438,-785.199859392772,-530.035630435459,1.49011611938477e-08,1.49011611938477e-08,1.81584017681513,1.41724926584234,1.49011611938477e-08,2.43345942890411,9,25
0.886,800,25,427.032639271084,418.348114291674,427.032639271084,13475.7513384585,13783.7563243947,14562.736561365,61.4375406190881,53.5485270543377,39.0930050598569,-667.212353810183,-581.771901974431,1.49011611938477e-08,1.49011611938477e-08,1.90274138527474,1.43391219653209,1.49011611938477e-08,2.378483594104,9,25
0.887,800,25,346.293066290599,420.537890991402,346.293066290599,13395.676817504,14174.6943302011,14213.854456132,60.1553739493938,55.8337903957934,39.1576831124576,-577.310830402955,-495.886983479309,1.49011611938477e-08,1.49011611938477e-08,1.94796533122529,1.30828271915906,1.49011611938477e-08,4.18524726390329,9,25
0.888,800,25,249.895335477246,422.854459988293,249.895335477246,13769.7307840176,14160.6241333221,13819.0305472148,60.2636249314636,56.5323188625879,41.2293402478064,-535.646020273832,-333.875418859307,1.49011611938477e-08,1.49011611938477e-08,1.94121233680705,1.14873190438079,1.49011611938477e-08,16.3046518233105,9,25
0.889,800,25,255.997207261328,422.7366150628,255.997207261328,14123.4278317785,13760.9014576658,13880.6095641043,61.0603990947566,55.9289135770429,44.5639821165866,-506.242300537041,-187.843008063502,1.49011611938477e-08,1.49011611938477e-08,1.83306961566684,1.19442816997686,0.725061647584225,3.80316666064014,9,25
0.89,800,25,467.590020136551,415.810140727665,467.590020136551,14045.3240928657,13481.5498176187,14323.4663196949,60.3652480660906,54.2998505039116,47.7835733219094,-427.728757125298,-119.177381950046,1.49011611938477e-08,1.49011611938477e-08,1.78747089257091,1.51540462171663,1.39684768742687,2.84988976170488,9,25
0.891,800,25,642.478996213606,425.307738916728,642.478996213606,13663.7004147091,13689.1595948072,14601.8361507384,56.040105375654,52.0252492026779,49.093256858063,-327.923867274822,-103.655599303189,1.49011611938477e-08,1.49011611938477e-08,1.87359973598738,2.00404583792202,2.16899521007095,3.12080901019219,9,25
0.892,800,25,629.871144160727,420.055893460924,629.871144160727,13491.0789499895,14106.8519926423,14400.2386184182,48.3917544818974,50.0473546306577,48.2626879032185,-303.734411253485,-75.345597626409,1.49011611938477e-08,1.49011611938477e-08,1.94371996702866,2.18193067306443,2.73509151353384,3.48631131688148,9,25
0.893,800,25,591.323087884025,70.7388585729614,591.323087884025,13766.3780695067,14197.8375683115,13995.1600087129,40.5594950394977,49.2672206841073,46.3557030428789,-443.14310244913,4.52925486959002,1.49011611938477e-08,1.49011611938477e-08,1.95838441803904,1.29375788576034,1.87892818977618,2.51168853700915,9,25
0.894,800,25,441.429850202768,417.674997096637,441.429850202768,14132.5426423578,13843.2455162068,13921.7299126444,39.6784456517503,50.1980535271392,45.5447735420062,-702.968350433945,71.4228009340513,1.49011611938477e-08,1.49011611938477e-08,1.87091415312734,0.294126714881176,0.85188793712604,1.36431144917809,9,25
0.895,800,25,228.818131833852,423.371482969168,228.818131833852,14130.7325237627,13474.504205331,14292.4353600945,46.4443260437959,52.3534484177349,46.422123814465,-898.307056637909,45.7640426762966,1.49011611938477e-08,1.49011611938477e-08,1.7882377832297,1.49011611938477e-08,1.49011611938477e-08,1.26447932471563,9,25
0.896,800,25,238.11921564899,423.148802828498,238.11921564899,13744.2049662221,13568.5262929906,14609.4193873566,54.2752178933468,54.5629475159234,47.5803374894478,-919.373490264253,-32.1029312949615,1.49011611938477e-08,1.49011611938477e-08,1.85074610891463,0.203102506429003,1.49011611938477e-08,1.83319229996018,9,25
0.897,800,25,500.256683007058,407.82875076547,500.256683007058,13425.3381549669,14006.1602729426,14432.7523945425,61.1629097094777,56.1432229653415,49.5756550114943,-868.677665076161,-115.303740382459,1.49011611938477e-08,1.49011611938477e-08,1.93029200173235,0.645154400255035,1.49011611938477e-08,2.60805055568851,9,25
0.898,800,25,641.750270059408,-11454.538085364,641.750270059408,13609.8679127434,14241.584668071,13998.3083769583,64.5339859693096,56.6399176378686,50.7561944041327,-757.312230469026,-218.550733099027,1.49011611938477e-08,1.49011611938477e-08,1.95403042087544,1.0187536084765,1.49011611938477e-08,3.5733050936628,9,25
0.899,800,25,617.361103395517,-3073.62267384326,617.361103395517,13996.059004545,14007.3270399838,13827.28979956,64.3818138560948,55.4671768882282,50.8510816563839,-590.299175728761,-256.557342493689,1.49011611938477e-08,1.49011611938477e-08,1.89920683864098,1.34705803601457,0.646267029082086,3.77237983333875,9,25
0.9,800,25,580.90103820803,121.059764705507,580.90103820803,14027.4164729729,13614.079643391,14096.1142065026,63.3553486179399,52.169176744629,50.9633258697023,-445.715046141949,-151.849016623807,1.49011611938477e-08,1.49011611938477e-08,1.81589174740944,1.57254602359896,1.33650394905773,2.57804463469522,9,25
0.901,800,25,624.298905673125,-4513.63867288078,624.298905673125,13682.4708646514,13583.130263573,14489.1217426288,62.48106368607,47.1595488580287,50.375086630744,-357.46698222835,-17.8926711797899,1.49011611938477e-08,1.49011611938477e-08,1.85401060688258,1.79705053844223,1.8296743598545,1.81249499305049,9,25
0.902,800,25,596.851199448433,-350.355184192486,596.851199448433,13302.8340868069,13960.1497574241,14459.3950512904,61.8430075130143,41.9435653269704,48.8396381902453,-358.224944055168,83.9666359520318,1.49011611938477e-08,1.49011611938477e-08,1.92771169730605,1.96209105213235,2.20414955188706,1.53024386677826,9,25
0.903,800,25,532.33462473161,370.8675535784,532.33462473161,13380.413550985,14244.265201251,14032.5929126598,62.2952821294854,39.0130536628647,46.7971259559667,-509.273606872765,102.072007505988,1.49011611938477e-08,1.49011611938477e-08,1.95458619470864,1.84248368982176,4.10835316997186,1.55179096173578,9,25
0.904,800,25,498.067478489051,407.816321828417,498.067478489051,13830.2305169583,14068.294853032,13745.4859310042,63.5164737299803,40.3760584287216,44.5249380552376,-742.077786811269,-44.4825731866244,1.49011611938477e-08,1.49011611938477e-08,1.92855284192913,1.54079585489151,1.05172445712916,1.93842507716472,9,25
0.905,800,25,482.553220402511,413.155506728578,482.553220402511,14095.097546333,13635.9202522588,13987.4247069856,64.1636802818193,45.2171503860635,42.4608467579972,-856.340671049078,-323.899617296223,1.49011611938477e-08,1.49011611938477e-08,1.81872686980574,1.38115939745725,1.49011611938477e-08,2.55864269737791,9,25
0.906,800,25,470.560943617461,415.266918686162,470.560943617461,13868.3640532159,13483.619596957,14446.0423382194,63.5047187077274,50.4738817320903,40.6003631650603,-796.674788376455,-528.052193697217,1.49011611938477e-08,1.49011611938477e-08,1.82035141151191,1.38352777614946,1.49011611938477e-08,2.42186233226837,9,25
0.907,800,25,429.018418468465,418.272090731387,429.018418468465,13457.1247126011,13809.1523475349,14553.1880364882,61.885149213128,54.4205470309373,39.2366741389274,-675.058725867949,-575.672783450602,1.49011611938477e-08,1.49011611938477e-08,1.90714180854852,1.38754127299491,1.49011611938477e-08,2.45317450449007,9,25
0.908,800,25,345.341620513804,420.574575107023,345.341620513804,13406.4464798905,14188.0044503566,14186.8322586806,60.8013158560331,56.6282946017179,39.6000948135065,-588.065303262242,-483.359079015784,1.49011611938477e-08,1.49011611938477e-08,1.94914941168629,1.26151190995858,1.49011611938477e-08,4.59536335870537,9,25
0.909,800,25,244.392024961291,422.98589415187,244.392024961291,13795.6864789196,14145.8594633584,13807.5680677298,61.0057492234625,57.2488603186995,41.8797072144342,-545.834713824857,-320.816813086944,1.49011611938477e-08,1.49011611938477e-08,1.93791950854189,1.12607348904202,1.49011611938477e-08,12.9691704904408,9,25
0.91,800,25,263.914138549976,422.541713490688,263.914138549976,14132.4458550945,13737.2740086548,13899.8202410662,61.6884435225675,56.5615723147649,45.2539640303077,-509.422256851486,-180.802778311047,1.49011611938477e-08,1.49011611938477e-08,1.82691823345626,1.20259666268948,0.751969079527492,3.65649967043125,9,25
0.911,800,25,478.369376753623,414.287845047776,478.369376753623,14026.7993625254,13479.9015434964,14347.6251039553,60.6956566551294,54.8628488685263,48.4023268362435,-428.838848160784,-119.260696137217,1.49011611938477e-08,1.49011611938477e-08,1.79034880587254,1.54546679212288,1.44228048987318,2.84678468135025,9,25
0.912,800,25,642.602717289914,425.395530979757,642.602717289914,13640.6814769655,13712.2699248628,14600.6511811098,56.1062013436183,52.5713955463998,49.6479368243007,-324.902480016899,-102.864678976476,1.49011611938477e-08,1.49011611938477e-08,1.8795703186493,2.03801585754803,2.2334814772747,3.14211036262652,9,25
0.913,800,25,629.161450922183,419.851269329855,629.161450922183,13492.6354006113,14124.509933935,14376.2733943753,48.2326427432287,50.6475025038799,48.7414338953461,-310.20563077549,-72.0246794354107,1.49011611938477e-08,1.49011611938477e-08,1.94618042887111,2.17430523030072,2.76712678987352,3.46918858027976,9,25
0.914,800,25,586.823359417388,61.8568926530057,586.823359417388,13786.5833201733,14186.7607533802,13975.5054325941,40.5278936299754,49.9769464478786,46.8707574113062,-462.826527704062,8.8091538286205,1.49011611938477e-08,1.49011611938477e-08,1.95719244458294,1.24086923214506,1.80551021623831,2.44933497303175,9,25
0.915,800,25,427.949499351601,418.285918240173,427.949499351601,14141.3996158069,13816.2708755229,13930.7810167848,40.1096202454252,51.0432560550209,46.1454124947501,-726.623790964016,68.7793016537572,1.49011611938477e-08,1.49011611938477e-08,1.86437070583897,0.249866642762387,0.790625883641357,1.34946858338142,9,25
0.916,800,25,220.66436450814,423.544754417473,220.66436450814,14114.1176547133,13464.3510692028,14316.2667884485,47.1176999886471,53.3102848269121,47.0140633107433,-908.25387019988,38.5743640456854,1.49011611938477e-08,1.49011611938477e-08,1.78883178628058,1.49011611938477e-08,1.49011611938477e-08,1.29712389868475,9,25
0.917,800,25,251.801407666685,422.842580523593,251.801407666685,13714.35644986,13587.0182229561,14612.4265704918,54.8866781144114,55.5376935624781,48.0621340132694,-925.403841239167,-44.9685740120238,1.49011611938477e-08,1.49011611938477e-08,1.85668364370177,0.235520280322163,1.49011611938477e-08,1.90069100114395,9,25
0.918,800,25,534.140519182456,370.298230631328,534.140519182456,13420.898452087,14029.1771161799,14411.8325478186,61.591949915607,57.1052315295179,49.8938577698064,-869.065684427049,-129.509154315056,1.49011611938477e-08,1.49011611938477e-08,1.93293311964386,0.663037693512938,1.49011611938477e-08,2.70518823315847,9,25
0.919,800,25,641.166331631412,424.62830893126,641.166331631412,13630.8636444159,14240.0084092256,13978.3331876141,64.6827971202329,57.5136075119792,50.8984118201274,-751.276903255129,-228.349814234345,1.49011611938477e-08,1.49011611938477e-08,1.95369566420719,1.02998414329564,1.49011611938477e-08,3.6407853848111,9,25
0.92,800,25,613.51544367034,410.845575317565,613.51544367034,14011.7291900325,13982.5200766454,13832.66021741,64.3497821356302,56.2035817129242,50.9410781691319,-579.881694484746,-254.49350277282,1.49011611938477e-08,1.49011611938477e-08,1.89278482845306,1.35234689169032,0.673516330906177,3.69587494338762,9,25
0.921,800,25,595.434325518578,-28.5693291040234,595.434325518578,14018.9510381327,13597.4618628493,14124.8600704417,63.3176053811729,52.788783604166,51.0963366943076,-443.382053158666,-148.244493402506,1.49011611938477e-08,1.49011611938477e-08,1.81388771206076,1.57360986415443,1.36880337955145,2.47132881610039,9,25
0.922,800,25,620.532807606278,417.238751645117,620.532807606278,13659.2159952854,13595.1674609667,14506.6139593479,62.3619532891387,47.6987749166229,50.3101242181045,-349.53902652003,-8.79956195319172,1.49011611938477e-08,1.49011611938477e-08,1.85837134440486,1.80792083665502,1.83465396181254,1.76841054014184,9,25
0.923,800,25,584.818143881197,79.4212953162785,584.818143881197,13295.4233697267,13983.8849788479,14449.6232910156,61.7596608011761,42.4926884368366,48.6566507986728,-357.185122677661,91.7725030816366,1.49011611938477e-08,1.49011611938477e-08,1.93000283557483,1.96567341585216,2.23273348441465,1.50509713783095,9,25
0.924,800,25,528.110375921135,378.92655409253,528.110375921135,13402.0081017206,14247.2517647034,14013.5301581332,62.315924094799,39.6029031874845,46.5131173460517,-516.795307094723,105.983634934478,1.49011611938477e-08,1.49011611938477e-08,1.95521686532721,1.82231657778444,4.06294080014162,1.53382210182391,9,25
0.925,800,25,502.35881229714,405.619196940838,502.35881229714,13854.4175390775,14043.7307987348,13750.9253126174,63.6196227818561,41.0626792845055,44.110443299267,-740.36501373942,-36.9408110509187,1.49011611938477e-08,1.49011611938477e-08,1.92297341320955,1.51232514354941,1.00833743885277,1.93586577044995,9,25
0.926,800,25,492.443677323052,410.333082031081,492.443677323052,14094.0971287774,13612.9047402225,14018.3592237322,64.3226596473818,45.8491524636758,41.8353800726137,-856.975116365456,-314.050558627101,1.49011611938477e-08,1.49011611938477e-08,1.81393020759053,1.35205451956855,1.49011611938477e-08,2.57906154008489,9,25
0.927,800,25,481.103137231837,413.438638903913,481.103137231837,13846.2115300767,13489.5194396339,14471.555237548,63.6812984415341,50.9688279120268,39.734336541668,-792.813712145565,-521.996366612162,1.49011611938477e-08,1.49011611938477e-08,1.82417643287991,1.34972679454338,1.49011611938477e-08,2.47605192971183,9,25
0.928,800,25,440.203371765157,417.782986044784,440.203371765157,13442.4592121454,13833.3444944254,14551.3348708734,62.0726101605556,54.7639661651625,38.1473668818632,-671.75152468939,-560.211962523648,1.49011611938477e-08,1.49011611938477e-08,1.91087918566062,1.33921390767034,1.49011611938477e-08,2.57279764503132,9,25
0.929,800,25,353.7417859221,420.356309742837,353.7417859221,13420.818320315,14197.9388386796,14169.6455721759,61.0465158933616,56.8352267431296,38.4688068499027,-587.440827929477,-461.351837161096,1.49011611938477e-08,1.49011611938477e-08,1.95034927257602,1.20068946505153,1.49011611938477e-08,5.30067317927697,9,25
0.93,800,25,258.815179979865,422.651934637745,258.815179979865,13820.142528941,14127.6521109218,13807.9589634761,61.3403560090064,57.3211722645839,40.8772824123193,-549.645633735992,-303.398464435547,1.49011611938477e-08,1.49011611938477e-08,1.93435199793487,1.07335265823731,1.49011611938477e-08,9.22113739130108,9,25
0.931,800,25,279.657977372494,422.170764405634,279.657977372494,14136.5133101627,13711.8603315849,13929.231694464,62.0982208922664,56.5043944237708,44.4684823091162,-516.078046833647,-160.628713215461,1.49011611938477e-08,1.49011611938477e-08,1.82126898719519,1.16682065193329,0.788532948254999,3.15439615808074,9,25
0.932,800,25,503.222513159582,406.007386841566,503.222513159582,14007.6745563131,13479.2861808274,14382.9769268903,61.0510332555106,54.6616044493665,47.7160728243065,-430.717099958342,-96.5488854575439,1.49011611938477e-08,1.49011611938477e-08,1.7937345450847,1.51817356752936,1.48509457412219,2.55302000680577,9,25
0.933,800,25,640.721388382593,424.386772340143,640.721388382593,13621.1710119305,13735.7626978941,14612.835735828,56.2989474862753,52.2561178886442,48.8789396569624,-327.716933122557,-80.6382579775306,1.49011611938477e-08,1.49011611938477e-08,1.88500364526546,1.99687091572028,2.27231729465346,2.82596834625003,9,25
0.934,800,25,628.284605934806,419.605884409499,628.284605934806,13498.2003229991,14140.0250633451,14364.0340739978,48.4266908028121,50.2541181982409,47.9406179483625,-321.28000969808,-46.1501579219099,1.49011611938477e-08,1.49011611938477e-08,1.9481894061809,2.0753079948517,2.78952079516426,3.02078742687703,9,25
0.935,800,25,582.499147697018,99.7702265925032,582.499147697018,13809.9443673465,14175.3806904949,13970.5303646075,41.0884550961842,49.5508052206747,46.1526521618554,-472.302318990841,31.6601979108795,1.49011611938477e-08,1.49011611938477e-08,1.95523638516629,1.15013029065976,1.78836248627453,2.08095699524973,9,25
0.936,800,25,418.583729097971,418.6119373275,418.583729097971,14151.9875989309,13790.7629751591,13954.2848527712,41.1709263533871,50.597302304512,45.5957383409557,-735.371191674232,88.7392379729897,1.49011611938477e-08,1.49011611938477e-08,1.8574443189301,0.187437155599994,0.784950662102344,1.19670192755771,9,25
0.937,800,25,229.025005231165,423.344899171429,229.025005231165,14099.6325372119,13457.072910915,14351.3484980052,48.1213901006882,52.7808061654135,46.5405697754601,-917.578270904252,51.4381491505765,1.49011611938477e-08,1.49011611938477e-08,1.78953512009557,1.49011611938477e-08,1.49011611938477e-08,1.22844186936608,9,25
0.938,800,25,274.81532088983,422.292085978262,274.81532088983,13680.9532691652,13609.3134932477,14615.1594519825,55.7015539140703,54.9442005973976,47.6887422320576,-926.817466654281,-31.1494752941889,1.49011611938477e-08,1.49011611938477e-08,1.86307772755026,0.244088717982187,1.49011611938477e-08,1.80002549231489,9,25
0.939,800,25,551.927880721377,315.819296572181,551.927880721377,13415.0741463421,14052.9428829577,14394.697813382,62.1019053723843,56.4508888644472,49.5454573015727,-868.876980430571,-115.706943369528,1.49011611938477e-08,1.49011611938477e-08,1.93551605968046,0.662565480781762,1.49011611938477e-08,2.52728968419473,9,25
0.94,800,25,639.636341345233,423.816975494989,639.636341345233,13649.2535593676,14238.4043570813,13965.3156428445,64.8237419743953,56.8057299955105,50.4624482444613,-749.572179313932,-213.018438848895,1.49011611938477e-08,1.49011611938477e-08,1.95337063267632,1.02053994803914,1.49011611938477e-08,3.32678326312035,9,25
0.941,800,25,610.148051223269,402.255217071165,610.148051223269,14020.0353081861,13960.3806811904,13846.7509490079,64.3081555318486,55.4366662754638,50.4933779426054,-588.889102022442,-234.441068252691,1.49011611938477e-08,1.49011611938477e-08,1.8880110095259,1.32894053154307,0.741534844974753,3.30255000073925,9,25
0.942,800,25,593.824655705738,-10.0966315198592,593.824655705738,14002.7048024076,13585.3632880197,14153.7281958249,63.2442178285048,51.9147742448624,50.8044710110016,-448.165927933381,-122.885748060151,1.49011611938477e-08,1.49011611938477e-08,1.81415358587428,1.54415897211999,1.42181452301073,2.24386645764026,9,25
0.943,800,25,622.645360731703,-4119.16467593381,622.645360731703,13628.6003996665,13611.6905157989,14519.4389975493,62.2073294212878,46.7850060692311,50.2057855611557,-357.409056819097,12.5208279775541,1.49011611938477e-08,1.49011611938477e-08,1.86412323388357,1.77816696595981,1.83765189674332,1.6469951675458,9,25
0.944,800,25,590.274914402392,-14.423809844262,590.274914402392,13282.561287243,14007.1448978164,14432.329512136,61.5567206519824,41.6696127852026,48.7256189380553,-373.424019945696,106.275388616878,1.49011611938477e-08,1.49011611938477e-08,1.93274497747548,1.92469354830586,2.260775773676,1.43310202100046,9,25
0.945,800,25,530.103166150611,374.585099828094,530.103166150611,13419.2631610616,14249.7177818639,13989.0723624852,62.120449080778,39.1478504359051,46.7158518657276,-543.8117604638,108.521558117602,1.49011611938477e-08,1.49011611938477e-08,1.95631883704533,1.77110020576622,3.98669498319795,1.49618823331682,9,25
0.946,800,25,489.730671604499,411.294138881593,489.730671604499,13878.0358652004,14023.5215207444,13752.3963960012,63.3791928158805,41.0228433887641,44.4247921565987,-765.806498365711,-49.8354475275632,1.49011611938477e-08,1.49011611938477e-08,1.91837836785071,1.47840688524341,0.910906964356956,1.92687384804752,9,25
0.947,800,25,482.87593454303,413.07846800865,482.87593454303,14092.9877275673,13596.2453744794,14045.3595100621,63.9030645258911,46.1109459108091,42.2866136233807,-865.005956018068,-334.204715452469,1.49011611938477e-08,1.49011611938477e-08,1.81122731850756,1.34617679672066,1.49011611938477e-08,2.55601262692061,9,25
0.948,800,25,468.793222702305,415.501638334887,468.793222702305,13821.2829694423,13500.5917274296,14490.0125745067,63.0349186904694,51.32727239827,40.2682483358366,-787.658865972969,-535.23795380582,1.49011611938477e-08,1.49011611938477e-08,1.82940375431239,1.3610323483992,1.49011611938477e-08,2.42041479582597,9,25
0.949,800,25,423.964378922369,418.458378650463,423.964378922369,13425.9764623568,13860.9437980327,14537.4558922701,61.2993066109479,55.127417920704,38.8827624347251,-664.950939987957,-561.793228884592,1.49011611938477e-08,1.49011611938477e-08,1.91486048741199,1.35110780332564,1.49011611938477e-08,2.58783646009632,9,25
0.95,800,25,341.131277449329,420.661417232375,341.131277449329,13434.3938535844,14209.9018909029,14139.7087632965,60.2902829116408,57.1827577391018,39.410492727111,-582.917461127213,-455.107158065181,1.49011611938477e-08,1.49011611938477e-08,1.95128057170664,1.20818927109107,1.49011611938477e-08,5.58476438687098,9,25
0.951,800,25,237.794656368169,423.141866904158,237.794656368169,13846.7223851909,14112.253762301,13796.3779570547,60.6022691358895,57.6654218625223,41.8602767710422,-545.990280881642,-296.105484022183,1.49011611938477e-08,1.49011611938477e-08,1.93006740013403,1.08328889362835,1.49011611938477e-08,8.68613765716065,9,25
0.952,800,25,277.068544597125,422.226779751054,277.068544597125,14144.0597281858,13691.3806250793,13947.1602694295,61.2518727394233,56.873416449208,45.3460319114802,-508.188203812938,-158.771121038152,1.49011611938477e-08,1.49011611938477e-08,1.81548414877629,1.18684668786198,0.837089160514879,3.18419077689063,9,25
0.953,800,25,509.649645409145,402.093605656903,509.649645409145,13988.8056851003,13483.1194451827,14401.572788245,59.9702833699809,55.0998404872796,48.4316118450619,-419.173426199094,-100.371571871716,1.49011611938477e-08,1.49011611938477e-08,1.79712295785698,1.54817580960071,1.54407627196458,2.63157394126958,9,25
0.954,800,25,641.7169906427,424.894421432564,641.7169906427,13602.1489454482,13761.5777248304,14603.8031445182,55.0312939518996,52.8325161148317,49.5067762185766,-321.468346554419,-85.2573840074974,1.49011611938477e-08,1.49011611938477e-08,1.89038573051802,2.01906883779963,2.3488778203815,2.92269286543375,9,25
0.955,800,25,627.024555551914,419.266575507125,627.024555551914,13505.2846243713,14156.7762707766,14334.0673698813,47.0122923096529,51.0156778148067,48.523970736075,-326.879319383775,-48.7859846683956,1.49011611938477e-08,1.49011611938477e-08,1.95026016215441,2.0391840668481,2.79622069393764,3.07934669053683,9,25
0.956,800,25,578.533550702483,136.189286911453,578.533550702483,13833.144573154,14162.595727297,13947.6733311467,39.9972948129635,50.5090954520227,46.8653220151178,-490.109477644086,27.4402260490543,1.49011611938477e-08,1.49011611938477e-08,1.95294658118676,1.07483164114253,1.69163202186551,2.07467360488784,9,25
0.957,800,25,403.823824079414,419.065835070721,403.823824079414,14160.4868019219,13764.3738932611,13960.6899996455,40.8031554026218,51.729083104491,46.4492469619106,-754.577189580216,74.7604614034999,1.49011611938477e-08,1.49011611938477e-08,1.85037625356938,0.00830047661499691,0.709800729176609,1.22590261895152,9,25
0.958,800,25,207.084395745393,423.869580074832,207.084395745393,14082.9880997898,13450.9858214881,14368.7147157633,48.2008146642988,54.0334193973224,47.378750730178,-925.034346966569,28.2752692951096,1.49011611938477e-08,1.49011611938477e-08,1.79051931767921,1.49011611938477e-08,1.49011611938477e-08,1.32693554383777,9,25
0.959,800,25,279.784049065413,422.173161428399,279.784049065413,13654.9822450841,13630.1041818314,14609.3557061086,55.8617362691928,56.1991086345147,48.4057803249118,-924.815253411741,-57.3717746886769,1.49011611938477e-08,1.49011611938477e-08,1.86839085459624,0.292106231161219,1.49011611938477e-08,1.9773424318091,9,25
0.96,800,25,566.24405955545,236.487700632355,566.24405955545,13416.5173828949,14073.5837924364,14365.6763885151,62.2113471543234,57.6579962490675,50.1404143291251,-860.124776129647,-144.75504000712,1.49011611938477e-08,1.49011611938477e-08,1.93769636906924,0.700408193873485,1.49011611938477e-08,2.80947478278775,9,25
0.961,800,25,638.01671015476,423.473042902969,638.01671015476,13674.2447086511,14233.1729333514,13939.6664979735,64.7796484034445,57.8819711883848,50.9536793348101,-741.688074930348,-234.641145901119,1.49011611938477e-08,1.49011611938477e-08,1.95232204491125,1.05798018545085,1.49011611938477e-08,3.68060540459109,9,25
0.962,800,25,607.581324507044,388.412572585165,607.581324507044,14036.0051854591,13935.6599887298,13848.3887135451,64.1917190488396,56.3341354023598,50.9420040930701,-568.932220276056,-247.683908323735,1.49011611938477e-08,1.49011611938477e-08,1.88105345962632,1.36662512791211,0.753190076319861,3.52279685165957,9,25
0.963,800,25,601.407682774353,-99.1690361498715,601.407682774353,13990.9180531935,13571.7951630561,14175.4663402501,63.215138205026,52.6543614222873,51.163281852577,-432.183165191572,-125.049783201096,1.49011611938477e-08,1.49011611938477e-08,1.81290966724552,1.57814568474987,1.44586746701253,2.30151338815429,9,25
0.964,800,25,620.906154266251,-3733.23782678848,620.906154266251,13601.8759418134,13626.4540633796,14524.2573117096,62.2466940436352,47.4247086786627,50.3205259688218,-347.702681910197,11.3303010759938,1.49011611938477e-08,1.49011611938477e-08,1.86857909231,1.80981472818569,1.85728922362152,1.67908721468946,9,25
0.965,800,25,584.849697880397,79.952314041683,584.849697880397,13274.7574444956,14029.3403542661,14409.9795660273,61.6803267983094,42.2960089316967,48.6486637608216,-373.25681824056,102.2178146643,1.49011611938477e-08,1.49011611938477e-08,1.93466844989215,1.94470604660956,2.33806866708331,1.46230466645984,9,25
0.966,800,25,532.679308751543,368.982799974867,532.679308751543,13439.9813573241,14248.1185363167,13961.4567077716,62.2741763518003,39.7643038443635,46.5040587456875,-538.667818010392,99.581828929177,1.49011611938477e-08,1.49011611938477e-08,1.95664662479504,1.77748949479329,3.80645901004198,1.53615215142107,9,25
0.967,800,25,496.420792625143,408.544259951532,496.420792625143,13898.1881043794,13996.8676395003,13752.9621494304,63.4876910773047,41.6641834579626,44.1635435464768,-768.526030765174,-74.8269815270454,1.49011611938477e-08,1.49011611938477e-08,1.91202555064311,1.48634582832949,0.850378139510545,1.99564632315112,9,25
0.968,800,25,487.013713600232,412.021750304877,487.013713600232,14085.387249466,13574.5748141,14069.1816720833,63.9773494365616,46.6007237170028,42.0267675643655,-856.95245218003,-358.357356136895,1.49011611938477e-08,1.49011611938477e-08,1.80749703999242,1.35859420045914,1.49011611938477e-08,2.57667706036473,9,25
0.969,800,25,464.62720429153,415.996232082519,464.62720429153,13793.7830744649,13508.570560625,14503.9239872627,63.1216777942687,51.6228282752852,40.0393775346147,-775.461165285124,-547.433362472408,1.49011611938477e-08,1.49011611938477e-08,1.83384438902861,1.37399408639597,1.49011611938477e-08,2.37846430746027,9,25
0.97,800,25,414.332972347784,418.77666972179,414.332972347784,13408.8037163723,13884.0123783157,14522.4970699713,61.4667543373284,55.2342723681715,38.6467559905321,-655.93542209134,-564.271393072644,1.49011611938477e-08,1.49011611938477e-08,1.91821500937414,1.35914320676161,1.49011611938477e-08,2.58396739768936,9,25
0.971,800,25,321.422141716886,421.141755445952,321.422141716886,13447.1476000821,14215.7120758403,14111.772442969,60.5715528049746,57.1253925813273,39.1700637291397,-580.01404333054,-460.439332359918,1.49011611938477e-08,1.49011611938477e-08,1.95217682699638,1.21655884378407,1.49011611938477e-08,5.81602959364145,9,25
0.972,800,25,241.681320013375,423.061606000146,241.681320013375,13867.229862813,14090.6284461749,13788.7567113333,60.9591031244337,57.4522089302884,41.6411070200547,-540.932096107282,-293.614527097499,1.49011611938477e-08,1.49011611938477e-08,1.92530948559301,1.10441804762038,0.0363906266896301,8.19630971269052,9,25
0.973,800,25,284.521180875382,422.048283843311,284.521180875382,14143.3357281429,13666.4467667378,13967.5975643795,61.5674569759984,56.5089019399665,45.1601974504814,-499.521863518115,-159.942841738853,1.49011611938477e-08,1.49011611938477e-08,1.80987707812751,1.22367361542513,0.868267194703432,3.14360437579475,9,25
0.974,800,25,519.689994991055,392.831241985284,519.689994991055,13966.5760729027,13484.9838885225,14424.1212831793,60.0406781122096,54.5652156990576,48.18689324073,-405.058998373674,-104.013863841704,1.49011611938477e-08,1.49011611938477e-08,1.80071898437367,1.59955779249284,1.58016550208248,2.6505395843436,9,25
0.975,800,25,640.731292854386,-10850.1014834063,640.731292854386,13582.6763551424,13785.1217104475,14600.8173072202,54.7634796150562,52.1660117637387,49.1214424136945,-309.140507759131,-88.3705312980691,1.49011611938477e-08,1.49011611938477e-08,1.89522282373106,2.07278350835802,2.37843990443617,2.9721582904243,9,25
0.976,800,25,625.413765455833,-4805.10527878526,625.413765455833,13512.0577384333,14168.8740434292,14309.510160788,46.5299456986381,50.2856256436824,48.0472734107126,-319.769635835878,-51.1964614988618,1.49011611938477e-08,1.49011611938477e-08,1.95193157421864,2.04296693761251,2.78636911843377,3.09125534824039,9,25
0.977,800,25,570.36424238681,201.418950321301,570.36424238681,13854.7156880273,14148.3275306641,13934.7501347843,39.6712815544552,49.8193461431119,46.3765803891211,-497.958588959456,30.7178991273332,1.49011611938477e-08,1.49011611938477e-08,1.95000977832387,1.03268656850499,1.64150665809949,2.01929763513057,9,25
0.978,800,25,385.275433602859,419.55759619065,385.275433602859,14166.430620857,13739.4657296241,13976.4102094131,40.9382456849172,51.10633185261,46.0519809189045,-762.891356900935,74.4443886939196,1.49011611938477e-08,1.49011611938477e-08,1.84339894891536,1.49011611938477e-08,0.679975783895161,1.20884238758668,9,25
0.979,800,25,224.140275622443,423.483444024896,224.140275622443,14064.7780426035,13447.3127346699,14393.3127273726,48.4127695248423,53.4006513122712,47.0268825727712,-921.962123986317,23.6454257807254,1.49011611938477e-08,1.49011611938477e-08,1.79181872739748,1.49011611938477e-08,1.49011611938477e-08,1.34709150090164,9,25
0.98,800,25,305.836873655914,421.548968517998,305.836873655914,13629.3120543765,13654.886296592,14606.6355909561,55.9946343345922,55.5856485326945,48.099136703592,-914.566099056178,-60.0495661833971,1.49011611938477e-08,1.49011611938477e-08,1.87381830596808,0.326070316603258,1.49011611938477e-08,1.99172207511382,9,25
0.981,800,25,595.525281525449,-23.744678874352,595.525281525449,13418.9047597885,14095.5138935015,14342.9861527477,62.0919341503857,57.048826357389,49.7546629151927,-850.962711829515,-141.812506643398,1.49011611938477e-08,1.49011611938477e-08,1.93968093388227,0.723433851796173,1.49011611938477e-08,2.80309055102694,9,25
0.982,800,25,637.297586296199,-9081.97793894393,637.297586296199,13697.0259359656,14228.4064512304,13925.5310450238,64.3872917887588,57.26920054816,50.4428887215599,-725.431298952873,-231.43493030452,1.49011611938477e-08,1.49011611938477e-08,1.95121360197533,1.07376538317665,1.49011611938477e-08,3.58791893675229,9,25
0.983,800,25,601.876983032492,-971.752056555365,601.876983032492,14044.433043317,13912.5072700012,13861.3203278281,63.7366111781699,55.711710336604,50.4138775757219,-557.215051677057,-231.494321477466,1.49011611938477e-08,1.49011611938477e-08,1.87553687412522,1.36638630854918,0.796555008754369,3.29950122990825,9,25
0.984,800,25,600.349082340322,-85.8763319747338,600.349082340322,13975.5712911451,13563.0768386299,14200.1891087174,62.8587645584298,51.9880755300201,50.766161845211,-428.977056539384,-101.28651848106,1.49011611938477e-08,1.49011611938477e-08,1.81353397670593,1.56601889971318,1.478972841096,2.13122700281099,9,25
0.985,800,25,620.738518358046,-3732.27148643029,620.738518358046,13574.3055858324,13645.950857887,14530.1027356309,61.9360908031899,46.8223414870842,50.027481368409,-352.776337281894,33.2180601460715,1.49011611938477e-08,1.49011611938477e-08,1.87393096010557,1.78820781875903,1.8461933929599,1.56597889818322,9,25
0.986,800,25,586.807941975351,52.7810786738643,586.807941975351,13268.3015061532,14052.3372820001,14387.642834982,61.4023752822664,41.9323740157674,48.4330738342459,-384.227765319796,113.806178908047,1.49011611938477e-08,1.49011611938477e-08,1.93692433687681,1.90621635428237,2.39472707558156,1.38635746978952,9,25
0.987,800,25,527.195482261684,379.760386744633,527.195482261684,13461.9738332798,14248.3362401679,13937.5245576777,62.0379346662541,39.9140240512844,46.3691072051054,-565.639591126717,99.9825889064342,1.49011611938477e-08,1.49011611938477e-08,1.95741992042639,1.72832917611607,3.59159083288197,1.49343854625801,9,25
0.988,800,25,491.622241190687,410.654094837895,491.622241190687,13920.2680948571,13975.2266202302,13757.649251622,63.2345687751899,42.3003110690435,44.1676521559699,-793.032891717375,-89.8866792055194,1.49011611938477e-08,1.49011611938477e-08,1.90692027567019,1.44999267674988,0.753011203245819,1.9771157103324,9,25
0.989,800,25,474.031398166271,414.773402032531,474.031398166271,14079.316601085,13559.5540675228,14096.1861204098,63.6266179681341,47.5437670133928,42.2524608118166,-866.860525906388,-376.328097792502,1.49011611938477e-08,1.49011611938477e-08,1.80606147453237,1.33924845438723,1.49011611938477e-08,2.52849402091287,9,25
0.99,800,25,451.855467382449,417.110375474683,451.855467382449,13765.7975649335,13522.0318913684,14518.8125121569,62.684329236463,52.661905081497,40.4421574340364,-777.201644043142,-556.401286163781,1.49011611938477e-08,1.49011611938477e-08,1.83957197089711,1.36010549748364,1.49011611938477e-08,2.33224816799918,9,25
0.991,800,25,400.764475566594,419.171577690884,400.764475566594,13393.6138700026,13910.8397606944,14505.9774699272,61.0355537301113,56.2910962308377,39.2986298844312,-663.006727087204,-565.803539933766,1.49011611938477e-08,1.49011611938477e-08,1.92173461013224,1.33997781591013,1.49011611938477e-08,2.62891710085424,9,25
0.992,800,25,313.460365013742,421.325864033789,313.460365013742,13462.0977293572,14224.0833618189,14083.3701201049,60.2048300065378,58.180362792629,40.0126198688166,-582.576420848232,-452.832461925996,1.49011611938477e-08,1.49011611938477e-08,1.95286991440179,1.19689729434583,1.49011611938477e-08,6.27377175629022,9,25
0.993,800,25,227.662387059809,423.397333938097,227.662387059809,13891.421431948,14073.0688199567,13782.0257503584,60.586366172927,58.5093729647603,42.5387644775483,-540.849247125582,-286.001683898037,1.49011611938477e-08,1.49011611938477e-08,1.92033017355265,1.09822223133867,0.178006605384482,7.46445713298042,9,25
0.994,800,25,290.121884780669,421.930262368571,290.121884780669,14145.5521075931,13647.5215593892,13988.6299936112,61.012675392276,57.579460372259,45.9861037621935,-491.734036753862,-157.075817353917,1.49011611938477e-08,1.49011611938477e-08,1.80531227639811,1.23593811884971,0.919781806162357,3.10226258553626,9,25
0.995,800,25,536.06596366253,365.362521796638,536.06596366253,13943.5556400594,13492.2560383945,14442.1822637554,59.1730875459099,55.6811403470221,48.8526329874314,-392.672815386036,-105.479533713718,1.49011611938477e-08,1.49011611938477e-08,1.80528585700552,1.6243837515289,1.65254121654001,2.6685224708885,9,25
0.996,800,25,640.160394253465,424.070799272174,640.160394253465,13563.9153150702,13811.4320245149,14590.2227087542,53.6331635965933,53.4029934550557,49.6868272470157,-305.121902689466,-89.8524122014754,1.49011611938477e-08,1.49011611938477e-08,1.90041180678133,2.085378215004,2.4819160704559,2.98200821889076,9,25
0.997,800,25,623.387191381534,418.287676805947,623.387191381534,13520.2493947603,14182.3145289977,14280.1072989181,45.2470549639871,51.6759749234005,48.602469404037,-326.19514456027,-48.3281607279486,1.49011611938477e-08,1.49011611938477e-08,1.95375814904776,1.98755403093106,2.82989501666062,3.02234927740993,9,25
0.998,800,25,564.231621735524,242.751788350343,564.231621735524,13876.1107650136,14132.2128545838,13916.4987051469,38.8124359967259,51.3759223244322,47.103737323928,-518.978746769241,31.5367390246517,1.49011611938477e-08,1.49011611938477e-08,1.9469379506311,0.949776972539076,1.56997782227464,1.93164110230352,9,25
0.999,800,25,369.259164356273,419.959326510719,369.259164356273,14171.0166521467,13713.4855839899,13987.8303368306,40.8714119136186,52.8141769906068,46.9259096253816,-785.80527757557,63.821574899635,1.49011611938477e-08,1.49011611938477e-08,1.83691550033326,1.49011611938477e-08,0.609496141006362,1.20931367888324,9,25
1,400,25,197.75405020034,424.098711028226,197.75405020034,14045.0027107865,13444.2678474785,14411.7986658769,48.7531424672155,55.2082100170224,47.8495387864683,-933.205538345404,2.72514155433917,1.49011611938477e-08,1.49011611938477e-08,1.79397454095713,1.49011611938477e-08,1.49011611938477e-08,1.43547879991681,9,25
1.001,400,25,308.673130383192,418.322422473419,308.673130383192,13604.6802906047,13676.5630591106,14600.1079848651,56.4169870416478,57.3782544326742,48.7670251682648,-919.483633649351,-81.0967834616119,1.49011611938477e-08,1.49011611938477e-08,1.87902298793058,0.350033171277585,1.49011611938477e-08,2.17010606529153,9,25
1.002,400,25,608.260647000032,-183.260688240528,608.260647000032,13422.66503214,14113.2774888228,14315.9628539833,62.4302034614916,58.775910568677,50.2621059374502,-846.548220407213,-169.039288643596,1.49011611938477e-08,1.49011611938477e-08,1.94166777361614,0.745332944282709,1.49011611938477e-08,3.08832940690532,9,25
1.003,400,25,636.553865813973,412.724090177898,636.553865813973,13722.158585658,14219.6214475089,13904.2356924215,64.5587876786387,58.8450981975345,50.8342711665237,-713.15262448034,-253.408332142119,1.49011611938477e-08,1.49011611938477e-08,1.94951270332706,1.09387713691148,1.49011611938477e-08,3.90567165462465,9,25
1.004,400,25,600.040680348652,284.679134574918,600.040680348652,14057.0888735009,13888.0069484549,13868.1858861838,63.8351372609638,57.0721910209686,50.7578543508077,-540.006317281721,-239.037778994696,1.49011611938477e-08,1.49011611938477e-08,1.86887039556114,1.38595257374854,0.815980204336026,3.42580632894534,9,25
1.005,400,25,615.919349541885,-297.290286555756,615.919349541885,13967.6207198811,13552.1696408017,14231.2329028383,62.9673492907431,53.1676214728426,50.9298191875149,-412.7054416054,-100.266039732906,1.49011611938477e-08,1.49011611938477e-08,1.81304721538314,1.58967581404915,1.50726793289934,2.15471062678684,9,25
1.006,400,25,619.402626602751,397.384884290633,619.402626602751,13554.6415487326,13662.7710812471,14539.8321714683,62.0141285536927,47.8717168991416,49.864913920604,-340.06447960792,29.1829490383945,1.49011611938477e-08,1.49011611938477e-08,1.87809118019192,1.82219957163644,1.8585464911984,1.58833658680832,9,25
1.007,400,25,581.057011247738,102.331865317172,581.057011247738,13270.6252501573,14072.4174060858,14370.7301962688,61.5621900219891,42.9382810200393,48.0446902466599,-378.45066695789,115.840546483834,1.49011611938477e-08,1.49011611938477e-08,1.93840360539312,1.93047215138405,2.46526012767577,1.40662058284934,9,25
1.008,400,25,522.631073389821,364.116006593255,522.631073389821,13491.4307348326,14242.6028875362,13919.4923647552,62.3171460678851,40.8643599613255,45.8186899546509,-568.743409932844,98.5355912366058,1.49011611938477e-08,1.49011611938477e-08,1.95717824554566,1.72336116298999,3.44824066097911,1.51521005420606,9,25
1.009,400,25,482.709294994363,385.095323078851,482.709294994363,13945.1283186766,13947.5712810457,13769.8990604493,63.6155287248571,43.1914966998089,43.460177000741,-796.941138981262,-96.6212232332699,1.49011611938477e-08,1.49011611938477e-08,1.89944204769939,1.42703640670553,0.700908766317815,2.01475410161828,9,25
1.01,400,25,476.106534494125,383.209543485062,476.106534494125,14074.8294713683,13540.837860806,14128.3594447807,64.1317347251709,48.2080332123628,41.3147631574019,-866.627084042886,-377.047260469338,1.49011611938477e-08,1.49011611938477e-08,1.80288301791331,1.30336135404399,1.49011611938477e-08,2.58371278048883,9,25
1.011,400,25,463.663750550392,381.767945815373,463.663750550392,13744.4728950302,13533.2574312758,14537.239193097,63.326691737918,53.0994004836923,39.2752237540448,-783.194396932648,-541.122971996639,1.49011611938477e-08,1.49011611938477e-08,1.84401316487522,1.30822385890963,1.49011611938477e-08,2.41400289331438,9,25
1.012,400,25,416.018280879325,381.074103730615,416.018280879325,13385.9652409737,13933.8108790507,14496.3398981094,61.8493334132863,56.5247645957699,37.9867764812861,-666.401514297151,-547.173470364642,1.49011611938477e-08,1.49011611938477e-08,1.92461918775674,1.26951948347885,1.49011611938477e-08,2.81045775716704,9,25
1.013,400,25,324.63139149493,380.053904073016,324.63139149493,13482.8937178969,14227.0145293579,14065.6215900046,61.1739416380244,58.2357108096864,38.7313982271605,-588.861607048656,-430.49768597685,1.49011611938477e-08,1.49011611938477e-08,1.95361904282921,1.12621489993578,1.49011611938477e-08,7.69877181228284,9,25
1.014,400,25,238.318033459614,378.726000280144,238.318033459614,13914.4087447268,14049.3164611126,13787.7917878888,61.6391302456097,58.3928642238987,41.4429504023025,-548.236080582447,-263.377409958963,1.49011611938477e-08,1.49011611938477e-08,1.91505254435517,1.05226478954471,0.206973869665498,5.9186277810329,9,25
1.015,400,25,299.216898548462,374.287604120499,299.216898548462,14144.8202968253,13624.5213648514,14020.625917633,62.0336080498808,57.2919502140921,45.1005722433226,-496.264346333315,-138.105539105541,1.49011611938477e-08,1.49011611938477e-08,1.8011309318098,1.21694183150163,0.946489855951062,2.78478762051293,9,25
1.016,400,25,548.216480292963,287.115834766039,548.216480292963,13921.5124082066,13497.8027421792,14471.2822726655,60.017725715316,55.1930345255684,48.0504954949488,-398.930506739345,-90.1121750975396,1.49011611938477e-08,1.49011611938477e-08,1.81002358705382,1.61997916560675,1.68479315717343,2.47153159080414,9,25
1.017,400,25,642.296135118363,-10495.847479291,642.296135118363,13547.8708073848,13835.8602891307,14592.3099874879,54.2969358637581,52.7470557000077,48.8413671493116,-307.584452001215,-73.4898384899398,1.49011611938477e-08,1.49011611938477e-08,1.90508679417648,2.07382016868576,2.50669851107902,2.77287564089055,9,25
1.018,400,25,624.857527550243,361.476247329983,624.857527550243,13530.8536497112,14192.5585203685,14263.8001525037,45.8879792852459,50.9147328997914,47.7074800202131,-337.052271103992,-29.0270274991775,1.49011611938477e-08,1.49011611938477e-08,1.95527563000398,1.92979471461048,2.82278785169741,2.74896502853959,9,25
1.019,400,25,560.43877015678,219.884030084989,560.43877015678,13898.3722071157,14116.4911617959,13915.2357388272,39.7661355961166,50.5952846710733,46.2260860934344,-537.273210024229,50.8639923110996,1.49011611938477e-08,1.49011611938477e-08,1.94341359747313,0.910990148909196,1.54696195675034,1.7401064612804,9,25
1.02,400,25,354.855675761944,357.30724984288,354.855675761944,14174.4937541911,13690.3771920998,14014.536453639,42.0477819156326,52.0322158066121,46.1313997694802,-800.428415692493,77.63087853547,1.49011611938477e-08,1.49011611938477e-08,1.83106421551774,1.49011611938477e-08,0.606169423632633,1.12629045508718,9,25
1.021,400,25,226.059070987651,356.803091212462,226.059070987651,14024.8364694613,13445.1948194629,14443.6445257261,49.671858812136,54.3708384800214,47.0667756361522,-932.410723408914,16.6676733608229,1.49011611938477e-08,1.49011611938477e-08,1.79681982818367,1.49011611938477e-08,1.49011611938477e-08,1.37691969370663,9,25
1.022,400,25,345.461950908213,351.240272039651,345.461950908213,13575.6529258945,13703.467041801,14598.1912409084,57.1033668228037,56.5224986244563,48.1253285741237,-917.049739189884,-67.7265021232336,1.49011611938477e-08,1.49011611938477e-08,1.88478957529112,0.364435453244565,1.49011611938477e-08,2.03424598677399,9,25
1.023,400,25,627.350022626647,-480.093446668618,627.350022626647,13422.8104815748,14133.1687529881,14294.3713053335,62.7232348057275,57.8683761139915,49.6247042362304,-843.342723552306,-155.278157797164,1.49011611938477e-08,1.49011611938477e-08,1.94350982150095,0.747930504274501,1.49011611938477e-08,2.84015126224465,9,25
1.024,400,25,637.299207060503,345.47817137495,637.299207060503,13739.2664434011,14211.2004147638,13895.0338977046,64.479913521087,57.8852759337846,50.1366470464906,-709.618867604403,-237.140259808923,1.49011611938477e-08,1.49011611938477e-08,1.94807199814525,1.08607115446825,1.49011611938477e-08,3.50609741875606,9,25
1.025,400,25,594.099985341149,-127.733936959261,594.099985341149,14056.8977239384,13863.5516245451,13885.629746321,63.5939212636313,56.075518444494,50.1161517394625,-541.123622158357,-216.625092524912,1.49011611938477e-08,1.49011611938477e-08,1.86405112227004,1.36317706558892,0.878283890104103,3.03970838973335,9,25
1.026,400,25,616.059907052673,-329.947852607716,616.059907052673,13946.0509128232,13546.2610336713,14258.2876580125,62.6830807673394,52.0900685438041,50.5290402693477,-423.029547442769,-85.7220488777687,1.49011611938477e-08,1.49011611938477e-08,1.81521303453249,1.56418966786369,1.54693196288524,1.96429353427687,9,25
1.027,400,25,621.620410612274,331.083535465903,621.620410612274,13523.2054020928,13684.2500148351,14544.9654836866,61.6550560810527,46.8200364108287,49.7293100219019,-349.789979212398,45.2895521692362,1.49011611938477e-08,1.49011611938477e-08,1.88379736590574,1.79248925230599,1.84973667401076,1.48439246953764,9,25
1.028,400,25,579.835770896559,69.3721646093777,579.835770896559,13261.7918085362,14093.9987874637,14348.083238058,61.1520411963871,42.0766970370421,48.1405594659108,-397.377046961325,123.402263632095,1.49011611938477e-08,1.49011611938477e-08,1.94057538840828,1.88891313663162,2.53618701441593,1.3477392893255,9,25
1.029,400,25,517.179631202208,306.933770838108,517.179631202208,13508.4353784069,14239.7275524097,13897.3497186937,61.9115285619011,40.4524801979651,46.1017294720639,-596.385270375559,92.8873990387134,1.49011611938477e-08,1.49011611938477e-08,1.95774662867392,1.67866168527377,3.15166680470092,1.48880299774294,9,25
1.03,400,25,488.593284887607,318.798951245982,488.593284887607,13959.4332539626,13924.5445012079,13776.5380285536,63.1586299674479,43.2250437567963,43.9115386431271,-818.390015878148,-116.852492286732,1.49011611938477e-08,1.49011611938477e-08,1.89426747090373,1.40347643860753,0.6209849526267,2.00928727659906,9,25
1.031,400,25,469.754570599019,318.787703148451,469.754570599019,14062.1477808522,13528.1489421997,14154.1971447804,63.5036527660307,48.5056947999343,41.9051309542429,-872.437444804232,-387.180955627895,1.49011611938477e-08,1.49011611938477e-08,1.80255612407597,1.30605874670024,1.49011611938477e-08,2.52879781798489,9,25
1.032,400,25,445.788637601217,317.324222978329,445.788637601217,13714.4433076611,13549.8552089545,14547.8030060533,62.5034985717342,53.4661004052689,39.91457610043,-777.587285822779,-554.951367146204,1.49011611938477e-08,1.49011611938477e-08,1.84994422036607,1.32535738903013,1.49011611938477e-08,2.34073614587939,9,25
1.033,400,25,392.011833329574,315.680640820077,392.011833329574,13373.1308497952,13959.6667142877,14475.196000125,60.8978348077507,56.8915000747315,38.7073677121413,-660.054557120197,-550.413586743035,1.49011611938477e-08,1.49011611938477e-08,1.92769640864054,1.28592653211211,1.49011611938477e-08,2.79734360853876,9,25
1.034,400,25,299.146167717362,314.208676343072,299.146167717362,13499.9346381152,14231.3027794136,14035.6012504412,60.1934539540528,58.5938810076304,39.4704484644459,-583.992200899693,-427.524423049005,1.49011611938477e-08,1.49011611938477e-08,1.95408639737421,1.13558686849253,1.49011611938477e-08,7.86935650323707,9,25
1.035,400,25,224.978132951284,312.385928314308,224.978132951284,13937.7771430945,14029.4387861793,13781.9686317191,60.62248256049,58.7672791599165,42.0752705777278,-542.434339390577,-261.60397747747,1.49011611938477e-08,1.49011611938477e-08,1.90929772191856,1.06176791860271,0.288048348426905,5.8346129618195,9,25
1.036,400,25,301.884711221266,307.863952264454,301.884711221266,14144.2085802335,13606.6598204859,14040.4015625974,60.8563575309573,57.7107759059369,45.538763055116,-489.267488713957,-146.285173073847,1.49011611938477e-08,1.49011611938477e-08,1.79724690018678,1.23482595211263,0.994131911324551,2.83620913233085,9,25
1.037,400,25,547.372050269288,232.359466153283,547.372050269288,13898.6794669107,13507.6614601522,14483.7985114782,58.567105977919,55.6900482629639,48.2620969136907,-385.718158142803,-98.2126375409145,1.49011611938477e-08,1.49011611938477e-08,1.81495353952233,1.64446711157243,1.74652803510369,2.55093281671868,9,25
1.038,400,25,643.54745582565,302.413118949755,643.54745582565,13533.4073068659,13861.6655152116,14575.3485917107,52.6146882741509,53.3875228457857,48.9351904466939,-301.932633292076,-80.2380356673454,1.49011611938477e-08,1.49011611938477e-08,1.90962559175197,2.07928484298281,2.59048277627571,2.85503595392583,9,25
1.039,400,25,623.966342072945,294.158778601417,623.966342072945,13543.5411783215,14201.9968890593,14231.395257539,44.1477361196264,51.7622877501976,47.7713430419815,-346.31037525441,-31.9489908566913,1.49011611938477e-08,1.49011611938477e-08,1.95667675591835,1.85600689301411,2.77129119847914,2.75665422813058,9,25
1.04,400,25,550.029783191772,210.108048693455,550.029783191772,13920.682932767,14096.936295258,13898.0958134623,38.6201141765282,51.6906212766561,46.4224442647057,-560.318771679267,45.5781317509339,1.49011611938477e-08,1.49011611938477e-08,1.93923011790463,0.814735308718923,1.4318464901594,1.69208043445874,9,25
1.041,400,25,335.907500386294,291.458093201335,335.907500386294,14178.2192923713,13664.8122620803,14026.6409153463,41.8391123140971,53.3402913448949,46.4548787155692,-811.654389128772,63.426508400091,1.49011611938477e-08,1.49011611938477e-08,1.82477268621331,1.49011611938477e-08,0.506574006681292,1.14476981372118,9,25
1.042,400,25,194.170001495467,290.653019533796,194.170001495467,14006.0294865232,13444.9939536071,14459.1571467281,49.8543646386474,55.800874264287,47.3253230843111,-941.636135750298,-7.36882309358854,1.49011611938477e-08,1.49011611938477e-08,1.79944224365413,1.49011611938477e-08,1.49011611938477e-08,1.48006754724573,9,25
1.043,400,25,337.903425707377,285.168397302306,337.903425707377,13556.7915986597,13726.1015448426,14587.6604863158,57.4132348747075,57.9601642007254,48.2746257313708,-917.746353702029,-94.9306504497292,1.49011611938477e-08,1.49011611938477e-08,1.88943919071587,0.383494678520232,1.49011611938477e-08,2.2337417580447,9,25
1.044,400,25,630.893669762498,-485.448748244595,630.893669762498,13432.9501042182,14148.1548730679,14264.7566508778,63.0128938425795,59.2730742155753,49.6499232074517,-835.903471814302,-184.4867406798,1.49011611938477e-08,1.49011611938477e-08,1.94516407438607,0.770577304573853,1.49011611938477e-08,3.15752235704863,9,25
1.045,400,25,639.0555670481,278.771795958821,639.0555670481,13767.2193947471,14199.5403772857,13874.4958240906,64.6901428498674,59.1780446908423,50.0847715272919,-693.223507080759,-261.274725937042,1.49011611938477e-08,1.49011611938477e-08,1.94550371275855,1.11355551922507,1.49011611938477e-08,3.86487771994507,9,25
1.046,400,25,593.583027515908,-78.7054627003292,593.583027515908,14068.7662447993,13839.7019822633,13892.9507135474,63.7789208203758,57.1843646914034,50.0262347266442,-528.018155527015,-231.583997970731,1.49011611938477e-08,1.49011611938477e-08,1.85738843259943,1.3953452160949,0.886321666300547,3.19565538620818,9,25
1.047,400,25,624.84224090495,-475.291139799443,624.84224090495,13931.2549632802,13538.6545150051,14280.8398698756,62.9375966727497,53.0821490305028,50.2898979858936,-405.215526101027,-87.6903612771828,1.49011611938477e-08,1.49011611938477e-08,1.8157391300448,1.60017756795244,1.56268373100308,2.00515666832066,9,25
1.048,400,25,624.57697484333,-3339.73880412682,624.57697484333,13500.8619958912,13702.9514568139,14543.990719218,61.9629728256514,47.776194045118,49.2718238053111,-338.789735926459,43.6849057714578,1.49011611938477e-08,1.49011611938477e-08,1.88791741297934,1.83086301117784,1.86653812983291,1.50884039661905,9,25
1.049,400,25,581.640979103463,12.1609236788607,581.640979103463,13264.4029870182,14111.7066286571,14321.9948542164,61.5427838208161,43.1061238292459,47.5181698345651,-396.741194513356,118.429126378984,1.49011611938477e-08,1.49011611938477e-08,1.94193890615086,1.91567342014727,2.65983376323334,1.37313154339453,9,25
1.05,400,25,524.947910717653,236.17677208038,524.947910717653,13537.0043986005,14230.2594210317,13874.8780009181,62.3268748663449,41.5455810024211,45.3946385828232,-602.185383504954,78.2388225410654,1.49011611938477e-08,1.49011611938477e-08,1.95714703365715,1.68764589201295,2.93068222147915,1.52892529626263,9,25
1.051,400,25,466.816968376545,256.588471418248,466.816968376545,13980.8810057641,13896.6295051817,13786.5957873809,63.5332960171733,44.3061323581278,43.2324201274239,-811.01070302017,-126.050212844852,1.49011611938477e-08,1.49011611938477e-08,1.88661924677853,1.40820657843635,0.558397137685116,2.07612764211389,9,25
1.052,400,25,457.362033234051,254.158184882252,457.362033234051,14052.2850637066,13512.8359159421,14180.5903858113,63.8970052335131,49.3944947269778,41.3251021295686,-864.64928403225,-404.720371550901,1.49011611938477e-08,1.49011611938477e-08,1.80084283219778,1.30708735694091,1.49011611938477e-08,2.54291092423487,9,25
1.053,400,25,434.351389221325,251.92986012985,434.351389221325,13688.7833705808,13564.0017640363,14555.4962220503,63.0024814777836,54.1378049416357,39.4633034938612,-769.366699082557,-558.993884362355,1.49011611938477e-08,1.49011611938477e-08,1.85484060470596,1.31829197585733,1.49011611938477e-08,2.33946886369911,9,25
1.054,400,25,383.655715613878,249.759649353704,383.655715613878,13364.3012090924,13982.1431915063,14454.282956176,61.6005895402206,57.3651830843336,38.3388847847801,-656.443545146111,-546.490825891901,1.49011611938477e-08,1.49011611938477e-08,1.93020960736572,1.27117509851823,1.49011611938477e-08,2.86941796905109,9,25
1.055,400,25,293.564670468955,247.90460611016,293.564670468955,13519.7395178013,14231.9981313619,14008.6101437155,61.0583102354268,58.8966054139206,39.1330899738157,-581.997859325958,-422.903863667711,1.49011611938477e-08,1.49011611938477e-08,1.95431340276684,1.13261172810596,1.49011611938477e-08,8.52605198305695,9,25
1.056,400,25,213.739805366781,245.849961245117,213.739805366781,13958.3638038561,14005.558836637,13780.7027464345,61.4835574123076,58.8998125231403,41.7403611896499,-538.215308972614,-269.897193466986,1.49011611938477e-08,1.49011611938477e-08,1.90273753368511,1.09002962297157,0.306497789703883,5.64790568719009,9,25
1.057,400,25,292.887160339381,241.599666348592,292.887160339381,14140.6109644559,13588.0247363323,14063.3058966833,61.4696738199565,57.6628424592969,45.1570277849202,-473.004412713574,-153.478277268842,1.49011611938477e-08,1.49011611938477e-08,1.79332668129338,1.29434640365718,1.0268062511156,2.87109180149187,9,25
1.058,400,25,542.725250953934,186.611065794125,542.725250953934,13873.9184914456,13518.0510304163,14498.2900116858,58.773428853395,55.455702538847,47.7951744675673,-362.807106559872,-107.25968099469,1.49011611938477e-08,1.49011611938477e-08,1.81970052780169,1.73139443750405,1.78996206451031,2.63491340023928,9,25
1.059,400,25,645.831639133238,235.499055340457,645.831639133238,13518.1077492816,13887.1786784278,14560.7236669326,52.4624677935088,53.0159556385106,48.3989752767114,-283.366845205486,-88.2492942528437,1.49011611938477e-08,1.49011611938477e-08,1.91369776251998,2.1794763670295,2.64348617114043,2.97776957611817,9,25
1.06,400,25,624.811850946502,227.032445902488,624.811850946502,13555.1021222079,14210.3700686432,14201.5541897521,43.7520901747235,51.3335059113172,47.173044390909,-339.150479205141,-36.9025950270124,1.49011611938477e-08,1.49011611938477e-08,1.9578307713481,1.90538341456722,2.78851989117247,2.84952346261279,9,25
1.061,400,25,543.423353024202,172.344492447109,543.423353024202,13940.0456935987,14078.9423791109,13886.8039556807,38.355182218608,51.2885792063861,45.8321486813546,-549.376785991826,37.7071334917775,1.49011611938477e-08,1.49011611938477e-08,1.93458038454282,0.809041415636409,1.39054217478054,1.71236128767852,9,25
1.062,400,25,321.422028857445,225.399348839233,321.422028857445,14176.5693622078,13643.3000743264,14042.4027616589,41.9265893017889,52.9944668067365,45.9332114667376,-813.35012273838,53.8534441598972,1.49011611938477e-08,1.49011611938477e-08,1.81904321149435,1.49011611938477e-08,0.465614321083776,1.18130014174936,9,25
1.063,400,25,208.206723054245,223.678943616616,208.206723054245,13982.5551774151,13449.7736785399,14477.1330154256,50.0049417398835,55.4594609732809,46.8054076931596,-933.22681966186,-20.6791543739824,1.49011611938477e-08,1.49011611938477e-08,1.80258944226847,1.49011611938477e-08,1.49011611938477e-08,1.55054853750898,9,25
1.064,400,25,358.730486534104,218.63142380888,358.730486534104,13535.1509696007,13753.9424319173,14576.2335273952,57.486324373854,57.6253017880316,47.8019938011996,-904.771305584767,-106.209854234836,1.49011611938477e-08,1.49011611938477e-08,1.89423086284166,0.423869939264839,1.49011611938477e-08,2.31397475969655,9,25
1.065,400,25,647.141302559043,-833.525787286631,647.141302559043,13440.3139614377,14165.1872750335,14234.5135421566,62.853230134377,58.8922231678589,49.1473537842458,-820.008936988751,-196.394373444897,1.49011611938477e-08,1.49011611938477e-08,1.94661132698212,0.802747710409485,1.49011611938477e-08,3.25721690573566,9,25
1.066,400,25,639.887538014228,212.070534781637,639.887538014228,13787.6386910833,14186.9519005115,13858.7560426488,64.3022351304089,58.735136108244,49.5206289795019,-683.868328996731,-266.463228703082,1.49011611938477e-08,1.49011611938477e-08,1.94298019027674,1.14074931442805,1.49011611938477e-08,3.9165770697484,9,25
1.067,400,25,586.397915582507,-63.3019753927292,586.397915582507,14068.3881533023,13814.3458524988,13903.5625459546,63.3652444160005,56.7016670922839,49.4824435505748,-515.106241139534,-228.437615305663,1.49011611938477e-08,1.49011611938477e-08,1.85197279993488,1.41068269027442,0.917836797628868,3.13527105634365,9,25
1.068,400,25,630.292639405572,-3952.55835215174,630.292639405572,13915.8644813794,13534.9851000635,14303.9552623554,62.5277316799961,52.5370807751701,49.726616968153,-396.528613924051,-81.4169286143644,1.49011611938477e-08,1.49011611938477e-08,1.81768547039814,1.61586451792358,1.58629303189335,1.96280045915027,9,25
1.069,400,25,623.305666871804,-2749.93103189488,623.305666871804,13479.0973843302,13725.3015824658,14543.2672837962,61.5565198872304,47.2985525444222,48.6811773112304,-336.570145019492,47.3608781686948,1.49011611938477e-08,1.49011611938477e-08,1.89256427173843,1.8462017236205,1.87903107295075,1.49084934051168,9,25
1.07,400,25,567.50539460147,68.0666862461071,567.50539460147,13268.0411368568,14131.1872299827,14297.4396732868,61.21848169286,42.8694934494672,46.943056355015,-405.827494934337,117.694713863848,1.49011611938477e-08,1.49011611938477e-08,1.94346556604467,1.91504343959322,2.82768995585283,1.37140685753568,9,25
1.071,400,25,498.729071480036,202.465125584013,498.729071480036,13562.4667631869,14223.8871083654,13856.7842992715,62.1913340400219,41.7466043194262,44.8646033387378,-609.439716377525,78.2524792004266,1.49011611938477e-08,1.49011611938477e-08,1.95665814584161,1.65743470257671,2.59286853121941,1.53569602977501,9,25
1.072,400,25,484.148875681709,205.809227652141,484.148875681709,13995.7345821818,13872.161961891,13798.5306516754,63.5993989577842,44.8612215468403,42.7182736366465,-831.552466982257,-134.242298800322,1.49011611938477e-08,1.49011611938477e-08,1.88071810561811,1.36187854793535,0.451764366118486,2.07229916688865,9,25
1.073,400,25,470.280542636332,207.447399747378,470.280542636332,14037.895549962,13501.8496825441,14208.062793916,64.1224021604632,50.1090256374144,40.7526653738523,-879.741922782936,-404.447960276516,1.49011611938477e-08,1.49011611938477e-08,1.80134958933055,1.25067990809784,1.49011611938477e-08,2.53737624804983,9,25
1.074,400,25,451.789641236886,208.535130457947,451.789641236886,13661.7875426901,13581.9899545645,14566.9666888709,63.3570652858953,54.8673285186717,38.7598930271448,-783.165358104767,-547.842061522372,1.49011611938477e-08,1.49011611938477e-08,1.86067276601901,1.24747137842783,1.49011611938477e-08,2.40051084947248,9,25
1.075,400,25,398.774971602177,209.710870311767,398.774971602177,13358.5832719491,14005.8841595629,14439.7600775332,62.0398143823999,58.0630146008738,37.5935283105126,-671.245952832088,-527.321344363339,1.49011611938477e-08,1.49011611938477e-08,1.93294805791969,1.18332834264471,1.49011611938477e-08,3.08841837974132,9,25
1.076,400,25,301.659608068725,210.914951896502,301.659608068725,13540.7039232755,14231.4325615031,13992.1200522382,61.5445033089953,59.5495042118192,38.4750577848687,-600.551899350644,-405.699885209161,1.49011611938477e-08,1.49011611938477e-08,1.95472892705368,1.03950850467443,1.49011611938477e-08,10.6330248911796,9,25
1.077,400,25,235.355556478319,211.713992515071,235.355556478319,13978.0963110539,13981.9508333922,13790.8537611776,61.9962151272785,59.5125263913593,41.2842968420148,-554.750638859565,-242.806339258145,1.49011611938477e-08,1.49011611938477e-08,1.89738369396038,1.01352500536369,0.347232133584641,4.53446352854554,9,25
1.078,400,25,330.071999988793,210.592056282061,330.071999988793,14133.3108151115,13569.6634284178,14096.4567105379,61.9400680871468,58.2435296430487,44.8390650874911,-487.848940572831,-129.990055980607,1.49011611938477e-08,1.49011611938477e-08,1.79185710025949,1.23600860778422,1.06379257265542,2.5517256905673,9,25
1.079,400,25,573.749219145967,39.4269480728284,573.749219145967,13848.5261081854,13528.7866996767,14522.4193842427,59.1150872667184,56.0125560225971,47.4233811728971,-376.497082308313,-87.8985197741306,1.49011611938477e-08,1.49011611938477e-08,1.82608686629383,1.67281911578071,1.84070926070201,2.4005821311596,9,25
1.08,400,25,645.678695531802,210.919064783807,645.678695531802,13504.7493092371,13911.2423892703,14557.5393541134,52.7408368770524,53.6153281742843,47.8924863127027,-302.519041336231,-67.3830379724169,1.49011611938477e-08,1.49011611938477e-08,1.91813675995302,2.08401009070896,2.70248264343336,2.68108014185616,9,25
1.081,400,25,621.96893033682,201.118309653585,621.96893033682,13568.6985139051,14215.3030825929,14186.4818639262,44.2577483121693,52.0121350372938,46.6066639999222,-362.432249371465,-15.1256304487265,1.49011611938477e-08,1.49011611938477e-08,1.95911845603711,1.74950445443337,2.72378157464804,2.45766253528859,9,25
1.082,400,25,530.23877149083,179.802958378251,530.23877149083,13959.9951873827,14057.5977029459,13891.0527086281,39.5323194661419,52.064635883402,45.3365492735774,-589.066261633252,62.8297300503587,1.49011611938477e-08,1.49011611938477e-08,1.93038980778369,0.718085316372584,1.33576164849115,1.44965630878129,9,25
1.083,400,25,312.015131154861,210.784196203301,312.015131154861,14176.389947329,13620.203764265,14074.4109634604,43.5222896660196,53.8051049977442,45.5518322555668,-848.419376305653,71.4402119536557,1.49011611938477e-08,1.49011611938477e-08,1.81501889004359,1.49011611938477e-08,0.436588527790854,1.04956793050825,9,25
1.084,400,25,191.192119812275,212.243084982228,191.192119812275,13960.3255946233,13453.8652559603,14507.1779155421,51.4533524712764,56.2260131613289,46.4125239064231,-953.691828852947,-8.19266332290568,1.49011611938477e-08,1.49011611938477e-08,1.80735064331405,1.49011611938477e-08,1.49011611938477e-08,1.45000057338049,9,25
1.085,400,25,373.42832249282,210.070886719695,373.42832249282,13511.7152464173,13778.4136325299,14575.2734506323,58.8570741863221,58.2832585803872,47.5496279780119,-921.776629650057,-93.7283363681221,1.49011611938477e-08,1.49011611938477e-08,1.89952457450277,0.396479451819309,1.49011611938477e-08,2.16335038777043,9,25
1.086,400,25,647.650299799133,-9654.42469012769,647.650299799133,13445.5364546102,14178.0336330124,14216.5257588174,63.9673340715403,59.4295799253089,48.9038258687458,-839.018376023859,-180.996942948959,1.49011611938477e-08,1.49011611938477e-08,1.94838485954163,0.776072654960882,1.49011611938477e-08,3.01974828410234,9,25
1.087,400,25,638.772173870097,209.813270018439,638.772173870097,13807.5273343552,14174.2199767249,13853.949827777,65.1389606260283,59.1035116090505,49.2587499421446,-691.757060247976,-255.458481388522,1.49011611938477e-08,1.49011611938477e-08,1.94061765657382,1.1114527228799,0.174363096901499,3.58521491266849,9,25
1.088,400,25,583.010165407993,-35.567621073711,583.010165407993,14070.0211600697,13791.8746659968,13925.1895259041,63.9946037202534,56.8375078117008,49.2715838624783,-518.177020082139,-213.564542482297,1.49011611938477e-08,1.49011611938477e-08,1.84741494581411,1.38551989321603,0.979609219488985,2.88581148271879,9,25
1.089,400,25,637.749093785727,-180.97283320292,637.749093785727,13893.7073438632,13531.5315092394,14335.5057789976,62.9989382315733,52.5058501263406,49.5693895880354,-396.554522639267,-70.6890957546272,1.49011611938477e-08,1.49011611938477e-08,1.82044161111399,1.60599500188758,1.62750106730906,1.88129619948385,9,25
1.09,400,25,622.825903966286,-2716.45249871815,622.825903966286,13453.2347287379,13746.6326176186,14549.0076822808,61.8739922131518,47.1164125884231,48.6189831036723,-337.789584979462,48.1613920927401,1.49011611938477e-08,1.49011611938477e-08,1.89727415656731,1.84616419760666,1.88861672773169,1.46857836383131,9,25
1.091,400,25,571.399268772885,47.3377855984191,571.399268772885,13268.4058199445,14147.0365045913,14276.1654281409,61.477896069097,42.6272233160361,46.9878639406598,-406.430931677672,118.386629185159,1.49011611938477e-08,1.49011611938477e-08,1.944996435641,1.90650052891553,2.90757102027204,1.3731060152589,9,25
1.092,400,25,514.177077534289,195.430400862437,514.177077534289,13587.9359100097,14212.153954851,13840.667545712,62.3726566552785,41.4991423933338,44.9800419863195,-621.715814398097,69.614246081406,1.49011611938477e-08,1.49011611938477e-08,1.95580642942373,1.64551316169796,2.44389136099677,1.56210312155518,9,25
1.093,400,25,467.469444030259,207.681245766257,467.469444030259,14014.267037382,13845.4313095562,13814.620217622,63.6022928033551,44.637704212876,42.8859200123852,-832.534009216416,-156.839505585851,1.49011611938477e-08,1.49011611938477e-08,1.8731140727414,1.37170592540583,0.408138428393424,2.14108497975266,9,25
1.094,400,25,456.523047712225,208.330349963679,456.523047712225,14028.1399718637,13492.0538567861,14237.2935293616,63.8954354866484,49.7957824188769,40.943801843444,-863.295849482992,-426.37609116507,1.49011611938477e-08,1.49011611938477e-08,1.80055828477813,1.28384431100145,1.49011611938477e-08,2.55774110481744,9,25
1.095,400,25,431.770480091324,209.143844447934,431.770480091324,13639.6288547132,13601.115896361,14573.2417140374,62.927055824904,54.4164081226052,39.0202051750956,-759.784822672039,-557.919436571138,1.49011611938477e-08,1.49011611938477e-08,1.86551663988112,1.29234926409183,1.49011611938477e-08,2.38414449842734,9,25
1.096,400,25,377.236754687671,209.996530793151,377.236754687671,13355.9050897546,14028.9032038477,14414.9136056487,61.5828969656511,57.4641300542028,38.0016884496736,-655.369778936605,-532.118020430638,1.49011611938477e-08,1.49011611938477e-08,1.93504819790699,1.22776744719355,1.49011611938477e-08,3.13852786680649,9,25
1.097,400,25,289.705073135309,211.05818795106,289.705073135309,13565.5022968739,14230.5790372958,13963.998747612,61.1642058365564,58.8308280786702,38.9987014165959,-583.91370556081,-403.301693115068,1.49011611938477e-08,1.49011611938477e-08,1.95434448564347,1.08815285149337,1.49011611938477e-08,11.2972718168186,9,25
1.098,400,25,216.454603427095,211.940958877559,216.454603427095,14001.0054499389,13958.3406454266,13790.5865184318,61.6223807470468,58.6976791771272,41.7677474868037,-538.313156224855,-245.206100129564,1.49011611938477e-08,1.49011611938477e-08,1.88974067237276,1.0730209159423,0.403418353511066,4.74021399726764,9,25
1.099,400,25,313.299357756344,210.793727401669,313.299357756344,14131.1732738842,13554.9581308296,14117.5625384638,61.4005666666264,57.3618728521249,45.2067675728461,-466.585403573507,-139.678976243031,1.49011611938477e-08,1.49011611938477e-08,1.78836375759323,1.31006338644576,1.10499055297917,2.7209046789267,9,25
1.1,400,25,568.081432178088,72.0011108487632,568.081432178088,13827.4985842739,13543.1890407602,14531.3301328154,58.3015643444597,55.1011410519392,47.6579774649648,-354.044866764765,-101.240885587689,1.49011611938477e-08,1.49011611938477e-08,1.83061897805042,1.76391513032787,1.88078735409614,2.60695303251153,9,25
1.101,400,25,645.426114652619,210.875099188347,645.426114652619,13497.2956686071,13936.8430014394,14536.9307714005,51.6450717069842,52.7132356499489,48.0332762531194,-287.633343766884,-82.7351581309411,1.49011611938477e-08,1.49011611938477e-08,1.92155925703346,2.17594790552158,2.73585955219658,2.95106835607065,9,25
1.102,400,25,621.603033976555,-2518.4343592519,621.603033976555,13587.7863338249,14221.3713003987,14153.7117179038,42.9830091025877,51.2034372903955,46.6772362922674,-357.450074324592,-27.6016557628463,1.49011611938477e-08,1.49011611938477e-08,1.95988647487468,1.77078901974969,2.63502327801022,2.69108563794064,9,25
1.103,400,25,527.02019266154,183.915535372805,527.02019266154,13983.4285383344,14037.4288279771,13879.2087499646,38.5278147373496,51.4027608178778,45.4379170950075,-590.64545738801,47.9831766930045,1.49011611938477e-08,1.49011611938477e-08,1.92439658766357,0.694593482194716,1.2555858103694,1.56599674519848,9,25
1.104,400,25,300.481422332872,210.925473440545,300.481422332872,14176.0454690576,13600.138528385,14088.0611047688,43.0021564246446,53.2919641876465,45.6987112060478,-844.159906873497,50.5544062575817,1.49011611938477e-08,1.49011611938477e-08,1.80929589590374,1.49011611938477e-08,0.364255564399265,1.1609415701835,9,25
1.105,400,25,222.007781492168,211.879915560115,222.007781492168,13939.9353011848,13462.1004256624,14519.648396267,51.060796647328,55.7914694963598,46.5094788971368,-936.765617225869,-31.5933746429553,1.49011611938477e-08,1.49011611938477e-08,1.81048367910978,1.49011611938477e-08,1.49011611938477e-08,1.60168427734294,9,25
1.106,400,25,390.9311245078,209.835034460919,390.9311245078,13497.9865754727,13806.1246533525,14559.2721240727,58.4003553349043,57.8912454764772,47.6232084043474,-902.889998221482,-110.652540940832,1.49011611938477e-08,1.49011611938477e-08,1.9034285480735,0.459862437297519,1.49011611938477e-08,2.36085883906609,9,25
1.107,400,25,658.869607589661,-17939.616820032,658.869607589661,13460.6559542189,14192.593893332,14185.607599899,63.2630563303061,59.0274535342138,48.8496273559304,-813.748321843182,-200.696785060806,1.49011611938477e-08,1.49011611938477e-08,1.94937300795515,0.828935006554031,1.49011611938477e-08,3.27522096812298,9,25
1.108,400,25,636.144420779772,-5504.84155255948,636.144420779772,13831.9045070702,14158.2753472201,13840.0393651864,64.2342532356543,58.6738199494663,49.1011463977027,-665.575258074489,-265.430023387214,1.49011611938477e-08,1.49011611938477e-08,1.93681280635676,1.15630832841579,0.195606351049765,3.77778466637698,9,25
1.109,400,25,574.029212126495,29.8271957012834,574.029212126495,14070.7484485436,13767.2013641768,13937.5122406429,63.1665566332315,56.4035812271043,49.137293857565,-500.695268340304,-208.2652506333,1.49011611938477e-08,1.49011611938477e-08,1.84177350864179,1.41256702435198,0.997397662118946,2.87715814437377,9,25
1.11,400,25,634.982734408436,209.193968629132,634.982734408436,13871.1309626924,13531.0731693951,14350.8547888207,62.3672435922181,52.0555989086797,49.4438242566213,-394.890618232382,-65.4701645756888,1.49011611938477e-08,1.49011611938477e-08,1.82309372030744,1.61713705932714,1.63907008470724,1.82547919518896,9,25
1.111,400,25,624.892640108682,-3010.76110630402,624.892640108682,13429.1568764123,13770.0399206948,14538.7136914541,61.4043645722423,46.8072727659088,48.4500573636165,-343.606206334456,58.005812159491,1.49011611938477e-08,1.49011611938477e-08,1.90160867196866,1.83702931972925,1.90971133396346,1.41920995614278,9,25
1.112,400,25,568.759707951816,62.6414539325924,568.759707951816,13271.6497977487,14163.9642885479,14245.3036999735,61.1136638131307,42.6397869730693,46.773030989393,-424.798472689463,118.576703902244,1.49011611938477e-08,1.49011611938477e-08,1.94643835469861,1.87598939857986,3.13615237369899,1.34368893975326,9,25
1.113,400,25,504.761757052154,200.556915150621,504.761757052154,13609.3446433763,14200.8071080583,13819.9947305529,62.0797389645487,42.023581108204,44.7880743518269,-647.157003840779,54.732193869022,1.49011611938477e-08,1.49011611938477e-08,1.9548937108004,1.6101787487878,2.14863298310432,1.55853060214179,9,25
1.114,400,25,471.655293402286,207.268552477573,471.655293402286,14021.3527758187,13818.969063521,13824.7659671239,63.340904918767,45.562175419547,42.818613523963,-851.74503021877,-181.273578854489,1.49011611938477e-08,1.49011611938477e-08,1.86758744612124,1.34454586241752,0.293252020140243,2.13652409619979,9,25
1.115,400,25,458.673554556417,208.220717490237,458.673554556417,14005.6254343573,13482.191234479,14259.4742493178,63.6428206342136,50.8593079004169,41.0410729370338,-872.119432323162,-444.931718418718,1.49011611938477e-08,1.49011611938477e-08,1.80236313487948,1.26220086529178,1.49011611938477e-08,2.4817995650759,9,25
1.116,400,25,429.539203255171,209.193256058766,429.539203255171,13607.6248026098,13619.5007091584,14575.7740243302,62.7014507280466,55.4757819816005,39.2173793796823,-772.102104523501,-563.762028255187,1.49011611938477e-08,1.49011611938477e-08,1.87140824679082,1.26931692181871,1.49011611938477e-08,2.3324882853452,9,25
1.117,400,25,368.764771295578,210.10278750142,368.764771295578,13347.3697720845,14049.4165638668,14391.3553761189,61.3997745307761,58.484464261254,38.2855323025877,-662.529314982746,-531.791411369485,1.49011611938477e-08,1.49011611938477e-08,1.93733899909306,1.20037394107502,1.49011611938477e-08,3.18138287477665,9,25
1.118,400,25,278.171076866599,211.199167614748,278.171076866599,13582.8114011228,14225.3165745283,13941.0998044604,61.0191404227192,59.8015679144348,39.343578881071,-591.147798169269,-397.418245117706,1.49011611938477e-08,1.49011611938477e-08,1.95408719581697,1.06250721692177,1.49011611938477e-08,11.9391866308801,9,25
1.119,400,25,221.311480426647,211.883431189739,221.311480426647,14014.8812668328,13932.9227283227,13795.93459787,61.4614180599524,59.6331086767499,42.171705388771,-542.759795738437,-238.336539414179,1.49011611938477e-08,1.49011611938477e-08,1.88357516119078,1.05812412036935,0.443353262691853,4.37687719827285,9,25
1.12,400,25,344.219906356779,210.423935056477,344.219906356779,14117.8940985071,13538.958185617,14143.505637919,61.1030830574342,58.262368870445,45.59326694849,-465.892303935087,-135.363695023485,1.49011611938477e-08,1.49011611938477e-08,1.78751125932289,1.30479885726364,1.14896545760526,2.61274749947578,9,25
1.121,400,25,588.221960956666,-69.5141620854463,588.221960956666,13799.0916493976,13556.5106335501,14544.5241547797,57.733102438697,55.9581794996973,47.9108516848036,-357.177176463522,-99.1859820432855,1.49011611938477e-08,1.49011611938477e-08,1.83695131199306,1.75584208734492,1.94249455686578,2.52418925545051,9,25
1.122,400,25,644.086894230569,-8264.19665060972,644.086894230569,13484.0666131981,13959.9130353514,14522.7041863848,50.8467667571189,53.6077203488313,48.1596147258199,-292.47751140019,-76.8952544791261,1.49011611938477e-08,1.49011611938477e-08,1.92540799962871,2.12871687864737,2.81406547630535,2.81122618355222,9,25
1.123,400,25,616.901493227282,183.716371604983,616.901493227282,13600.7061580326,14222.2715327859,14129.7580917844,42.2816171664258,52.1820012064336,46.8250444667661,-376.554273389136,-17.420793771795,1.49011611938477e-08,1.49011611938477e-08,1.96075998026552,1.65435384358238,2.5882864517816,2.4566653053318,9,25
1.124,400,25,510.084863155526,197.614990627173,510.084863155526,13999.5749179101,14013.4944817713,13876.6411310152,38.5415912568226,52.496744719873,45.7503188141445,-619.531740291382,54.4210656500707,1.49011611938477e-08,1.49011611938477e-08,1.91905776151317,0.609757921927276,1.20165391442719,1.41020692005193,9,25
1.125,400,25,279.87547040711,211.168060386298,279.87547040711,14171.061325019,13578.2425367276,14112.1911622139,43.6069780089392,54.4479043190304,46.1175629523447,-867.138151515278,46.4182651335741,1.49011611938477e-08,1.49011611938477e-08,1.80547006417054,1.49011611938477e-08,0.310645602491736,1.1260567030687,9,25
1.126,400,25,198.548044309717,212.154946235444,198.548044309717,13914.12648364,13468.8239926798,14537.889349106,51.6839204145619,56.9433168208263,46.8249772322222,-945.929903766257,-36.6493598253128,1.49011611938477e-08,1.49011611938477e-08,1.81532478186278,1.49011611938477e-08,1.49011611938477e-08,1.63132674657749,9,25
1.127,400,25,421.718849863292,209.38386470206,421.718849863292,13480.4892151066,13830.9322868943,14550.1356969495,58.9817181460024,58.9935761222767,47.8560974433511,-905.170428202626,-122.375632188309,1.49011611938477e-08,1.49011611938477e-08,1.9077877040284,0.468591689683616,1.49011611938477e-08,2.43529120595718,9,25
1.128,400,25,652.750158705845,212.534843604624,652.750158705845,13472.6672688343,14202.1379645288,14162.6797696985,63.6586917093525,60.0526257426973,48.9424218228118,-809.621212230487,-211.626744750354,1.49011611938477e-08,1.49011611938477e-08,1.95067888401421,0.833949067446045,1.49011611938477e-08,3.36713120849681,9,25
1.129,400,25,634.580035046729,209.255821237424,634.580035046729,13854.1459443932,14143.6947733182,13834.9713475748,64.4863563638695,59.5545344128768,49.1129955161958,-655.219518499671,-268.065830026329,1.49011611938477e-08,1.49011611938477e-08,1.93345645414785,1.15784494351672,0.269947482214642,3.7821157875956,9,25
1.13,400,25,566.574851076732,71.916532257018,566.574851076732,14071.5925183654,13746.5190226411,13957.1766511752,63.3733982899285,57.0560975100842,49.1413092593093,-488.516749294841,-197.72291181355,1.49011611938477e-08,1.49011611938477e-08,1.83729984763458,1.41357189056186,1.04815795428327,2.7772561540034,9,25
1.131,400,25,643.596466137783,-7750.82437145038,643.596466137783,13849.5973947355,13532.0109388709,14376.1602340841,62.555611132015,52.5561759667133,49.3716731507059,-384.172071055571,-52.8785291026283,1.49011611938477e-08,1.49011611938477e-08,1.82599428829702,1.62526966880646,1.66381282532674,1.7711820177559,9,25
1.132,400,25,620.510972605508,-2370.53546141365,620.510972605508,13408.6812252817,13793.6401003883,14537.8189943135,61.5700948228389,47.215453600072,48.3079717346353,-338.476206614944,68.5398521860516,1.49011611938477e-08,1.49011611938477e-08,1.90556073332132,1.84642666817916,1.89762154552832,1.38949326117318,9,25
1.133,400,25,573.868207766198,32.2195229492521,573.868207766198,13280.1581401475,14177.9571824693,14220.6810811575,61.3026037852974,43.086429718273,46.5912286086998,-430.081881730848,123.666634577197,1.49011611938477e-08,1.49011611938477e-08,1.94772335071478,1.87127665777321,3.23749493514457,1.33142015770317,9,25
1.134,400,25,516.207494060072,194.497157312186,516.207494060072,13640.0183291547,14187.672747279,13807.2862335601,62.2394681782473,42.5383675114305,44.5923262962308,-657.277090418941,46.9338704912325,1.49011611938477e-08,1.49011611938477e-08,1.95311605956099,1.59858652782804,2.04811377401105,1.57243145630123,9,25
1.135,400,25,465.077798352467,207.845738867076,465.077798352467,14039.700455758,13793.2613701979,13845.1447243872,63.3630671367013,46.0844427842011,42.6847060749253,-850.982584282591,-201.18558633935,1.49011611938477e-08,1.49011611938477e-08,1.85998373533104,1.3479158840278,0.227855809396025,2.18864207425571,9,25
1.136,400,25,443.361503870413,208.840001731435,443.361503870413,13993.6979705357,13475.7493176888,14288.5676236832,63.5306740305208,51.2571056775661,40.996917329471,-862.172353392046,-451.228290665634,1.49011611938477e-08,1.49011611938477e-08,1.80267010836371,1.27850576945243,1.49011611938477e-08,2.48599841711984,9,25
1.137,400,25,409.610006113128,209.553718059692,409.610006113128,13586.0560906702,13640.6506707722,14579.0358273056,62.5292389258252,55.720180691782,39.3276275414291,-755.846228072577,-568.79102877014,1.49011611938477e-08,1.49011611938477e-08,1.87613893387011,1.28869046696756,1.49011611938477e-08,2.33643279455477,9,25
1.138,400,25,349.56126202482,210.338473460126,349.56126202482,13349.0075975961,14070.8531109218,14365.844818337,61.308187480113,58.5830113778872,38.5884077979192,-649.570888803732,-528.39401191515,1.49011611938477e-08,1.49011611938477e-08,1.93909475788845,1.21815143081268,1.49011611938477e-08,3.28948615620675,9,25
1.139,400,25,257.353942341644,211.442449949048,257.353942341644,13610.075237288,14221.2187291676,13917.0265051647,61.0272697351409,59.7847757191979,39.7760710210042,-579.707592256166,-392.555620897279,1.49011611938477e-08,1.49011611938477e-08,1.95307012691728,1.09137453928552,1.49011611938477e-08,13.162814565064,9,25
1.14,400,25,206.015984288736,212.065248112047,206.015984288736,14036.7466814905,13908.9849967044,13801.518943677,61.4217556471271,59.5163229623564,42.5879107799104,-527.262133184258,-238.80923027407,1.49011611938477e-08,1.49011611938477e-08,1.87549197010317,1.1076448781643,0.484316674553582,4.44418469826914,9,25
1.141,400,25,328.200966842854,210.61453723495,328.200966842854,14113.090095127,13527.532049626,14166.9056224973,60.8105174737517,58.0571336238185,45.9291660290297,-448.247300350083,-144.642660826374,1.49011611938477e-08,1.49011611938477e-08,1.78525716188198,1.37632733650957,1.19443367771251,2.72400714451321,9,25
1.142,400,25,580.189557376358,-4.77353135026434,580.189557376358,13777.1807727996,13574.323276923,14551.0847926333,57.1328793917189,55.7007255184817,48.1856930219217,-333.374868587921,-107.193677619002,1.49011611938477e-08,1.49011611938477e-08,1.84196481726183,1.84714031721928,1.99497115668759,2.67145406026282,9,25
1.143,400,25,643.756408840433,210.570674553091,643.756408840433,13478.9043124638,13985.0037917498,14499.6710727486,49.9471752587852,53.3235196517639,48.4260045262519,-276.510326511354,-84.7323669008998,1.49011611938477e-08,1.49011611938477e-08,1.92854816497049,2.2189070619775,2.88505845573595,2.99891015533119,9,25
1.144,400,25,616.417290077836,181.279511524351,616.417290077836,13621.1051307087,14225.7021575043,14098.0036450931,41.2534664078781,51.9644661095917,47.1186172695307,-372.830344601297,-25.0926979572027,1.49011611938477e-08,1.49011611938477e-08,1.96117984160346,1.67267455659571,2.54761789021079,2.6070208834032,9,25
1.145,400,25,507.717248046459,198.799891526683,507.717248046459,14020.5109481793,13991.9133450896,13868.5040390004,37.809231569443,52.3926650930527,46.1261512717002,-622.704723437618,41.3660495029292,1.49011611938477e-08,1.49011611938477e-08,1.91245342529727,0.593968687032792,1.13633498603279,1.50206164939946,9,25
1.146,400,25,274.342569397712,211.230311503853,274.342569397712,14166.2417958786,13560.546245979,14127.5487964462,43.3160987011094,54.4820728750723,46.5167058850672,-855.597739131513,27.9692199523026,1.49011611938477e-08,1.49011611938477e-08,1.80096138231161,1.49011611938477e-08,0.20676294339663,1.24339124133175,9,25
1.147,400,25,227.972780101227,211.802709586937,227.972780101227,13890.7179710621,13480.5887719938,14547.5085206763,51.4975385033232,57.0566459532308,47.117217368895,-931.906767602644,-61.9578454715683,1.49011611938477e-08,1.49011611938477e-08,1.81934227077897,1.49011611938477e-08,1.49011611938477e-08,1.81164592862482,9,25
1.148,400,25,431.002700783609,209.202438759027,431.002700783609,13467.9320137857,13858.3991721685,14530.913952661,58.709137125657,59.1197506802373,48.1028321675847,-886.652204621923,-145.94926979005,1.49011611938477e-08,1.49011611938477e-08,1.91145166867752,0.526934108601079,1.49011611938477e-08,2.68614917619673,9,25
1.149,400,25,653.250221592252,212.750633197473,653.250221592252,13488.5448703488,14213.7429046956,14132.2298854595,63.105958958494,60.1292686255853,49.0509798364613,-787.619709489143,-232.941905756041,1.49011611938477e-08,1.49011611938477e-08,1.95149416729113,0.882834196994272,1.49011611938477e-08,3.6834454682671,9,25
1.15,400,25,631.652044073509,-4359.47572195219,631.652044073509,13876.0409275815,14124.5977639821,13822.766968488,63.7346079268499,59.5708800040567,49.136642005513,-632.177592263761,-278.69677719848,1.49011611938477e-08,1.49011611938477e-08,1.9288116131511,1.19820822278298,0.279551460524021,3.99345597583617,9,25
1.151,400,25,555.727834502193,119.797046928155,555.727834502193,14067.9881931656,13722.7480508701,13969.9937343084,62.6887995221288,57.0351130200345,49.216936040842,-479.961994166189,-201.036452033894,1.49011611938477e-08,1.49011611938477e-08,1.83232307946268,1.43771530528919,1.06690226604877,2.768859369813,9,25
1.152,400,25,638.499130816835,209.718466037592,638.499130816835,13828.3808693514,13534.3873602285,14392.907476245,61.9507548923316,52.499979253221,49.2945064280834,-374.864304664853,-44.7154913168392,1.49011611938477e-08,1.49011611938477e-08,1.8291033777023,1.64275650945838,1.67582391400844,1.7401212821975,9,25
1.153,400,25,622.811881657935,-2682.34894663143,622.811881657935,13390.8201199865,13817.5062904321,14528.1467557949,61.0658346700697,47.2765869413742,48.0907951609097,-339.45684054458,74.7313848547036,1.49011611938477e-08,1.49011611938477e-08,1.90932693060564,1.85158850494581,1.92694504295197,1.36497630806399,9,25
1.154,400,25,560.533867687717,101.553769952811,560.533867687717,13290.6809454928,14191.8726571884,14193.5362502035,60.9401238883369,43.4268385478187,46.2775045721765,-443.350413454799,123.95205913226,1.49011611938477e-08,1.49011611938477e-08,1.94891562579038,1.85280784151498,3.51505084975353,1.31847686178366,9,25
1.155,400,25,500.411928668376,201.95076073578,500.411928668376,13664.1791440848,14172.0742030188,13793.849530562,62.0638699246713,43.30972616544,44.2361534780522,-679.406134756522,38.3061173622115,1.49011611938477e-08,1.49011611938477e-08,1.95117878358234,1.55863432112965,1.82169985252948,1.57001974215033,9,25
1.156,400,25,459.200835589333,208.160251908946,459.200835589333,14045.6053751465,13766.5300585185,13861.8109674772,63.3756628162673,47.1079559565321,42.2636683349962,-866.097434557351,-196.788845951512,1.49011611938477e-08,1.49011611938477e-08,1.85436864700984,1.29768549870127,1.49011611938477e-08,2.16870669529626,9,25
1.157,400,25,453.765360307223,208.457750340964,453.765360307223,13971.3792894465,13468.972490305,14313.8246623209,63.7027389056195,52.3188679936247,40.4561931996072,-878.475154422649,-452.366326390981,1.49011611938477e-08,1.49011611938477e-08,1.80510945755399,1.21865729056873,1.49011611938477e-08,2.46383983335926,9,25
1.158,400,25,432.957268881871,209.116206122812,432.957268881871,13559.6784293282,13660.7491792934,14583.7431126521,62.8154363506947,56.7272292520284,38.6090290535295,-771.750799645411,-560.106385055372,1.49011611938477e-08,1.49011611938477e-08,1.88166430462688,1.21594029874483,1.49011611938477e-08,2.37534682739583,9,25
1.159,400,25,377.525550905479,209.99978343059,377.525550905479,13348.384104318,14089.0614850902,14348.6870957105,61.655755587778,59.5175739624802,37.7811952736232,-666.163430538876,-512.323497283539,1.49011611938477e-08,1.49011611938477e-08,1.94115571152244,1.13205232498875,1.49011611938477e-08,3.52917166302506,9,25
1.16,400,25,278.865809432503,211.190303682813,278.865809432503,13631.1477949342,14212.6198207165,13905.8172359849,61.4174560089026,60.6406733083842,39.0653598105741,-597.238259282728,-369.11285513867,1.49011611938477e-08,1.49011611938477e-08,1.95255879965341,1.00342231222414,1.49011611938477e-08,13.6858757976594,9,25
1.161,400,25,234.219881066736,211.734012741366,234.219881066736,14048.348311908,13882.3189919176,13819.5153567809,61.8630178065781,60.305445914008,42.1480865798391,-548.617879898393,-217.580259032074,1.49011611938477e-08,1.49011611938477e-08,1.87000056983719,1.03235233717422,0.511983983025763,3.62805689962092,9,25
1.162,400,25,371.859607206324,210.077817592589,371.859607206324,14097.1438920762,13514.1578134987,14202.4749748728,61.2441772522903,58.7713416329056,45.6736339794638,-465.592419468912,-117.610262046614,1.49011611938477e-08,1.49011611938477e-08,1.78645493473711,1.30885387939186,1.23085759367084,2.36708734234356,9,25
1.163,400,25,619.212212292687,-418.657860348558,619.212212292687,13750.4242357719,13590.0924723248,14572.4081065581,57.440943773984,56.3090952764737,47.8980638115731,-350.420434550161,-81.4315816085139,1.49011611938477e-08,1.49011611938477e-08,1.84888029544479,1.76541313303929,2.04704402635265,2.3444744185801,9,25
1.164,400,25,642.648262109411,-7677.93458084867,642.648262109411,13470.5997607849,14007.3957345189,14495.1953013929,50.1826188262023,53.908526577496,48.0136928535268,-299.898160358363,-55.7223218166883,1.49011611938477e-08,1.49011611938477e-08,1.93206174558344,2.07880731765796,2.93959967589246,2.56054594433883,9,25
1.165,400,25,612.366822502284,146.65674290763,612.366822502284,13637.9306585809,14224.1097532259,14087.8234211433,41.8309444064601,52.5649571306189,46.7185993387262,-408.238078599884,8.28406965979805,1.49011611938477e-08,1.49011611938477e-08,1.96176536160733,1.49692686383109,2.49482789902459,2.11096016362576,9,25
1.166,400,25,493.692021842103,203.753386980821,493.692021842103,14036.7118885092,13967.3496547017,13882.4260328106,39.1655809500691,53.0316360895899,45.8748246982755,-649.256512169795,68.8001757067639,1.49011611938477e-08,1.49011611938477e-08,1.90700911891303,0.504132628562998,1.11186321810981,1.21956979718136,9,25
1.167,400,25,265.500838540657,211.344135821027,265.500838540657,14160.1469227735,13542.323348613,14165.3775114814,44.8883259144005,55.0844691930028,46.3594094467743,-886.702204064273,47.6869263348487,1.49011611938477e-08,1.49011611938477e-08,1.79893134148078,1.49011611938477e-08,0.207075905772469,1.09979823232975,9,25
1.168,400,25,216.495866565764,211.950851819054,216.495866565764,13863.2885927393,13491.819350618,14573.3201931356,52.7921313178713,57.577863299653,46.8743509005095,-947.803858201053,-46.6658523303573,1.49011611938477e-08,1.49011611938477e-08,1.82547661619764,1.49011611938477e-08,1.49011611938477e-08,1.67593026575658,9,25
1.169,400,25,460.97748269247,208.143864044172,460.97748269247,13449.7542515099,13884.3641468484,14526.7950342976,59.8872576646847,59.546376155487,47.9729847448971,-899.764182082186,-130.204164551153,1.49011611938477e-08,1.49011611938477e-08,1.9158356085256,0.504340600189598,1.49011611938477e-08,2.46505617320733,9,25
1.17,400,25,652.10470458595,-12453.0200504798,652.10470458595,13499.2118466252,14221.1755308474,14116.2675775217,64.0256582368797,60.4390983534293,48.9130450545037,-797.251842461318,-217.843037547142,1.49011611938477e-08,1.49011611938477e-08,1.95273504656095,0.857245880844421,1.49011611938477e-08,3.33376249604863,9,25
1.171,400,25,629.873533528815,-3971.17020329678,629.873533528815,13893.0506419794,14109.353726759,13828.0135596023,64.4342301203649,59.698181098303,48.9849629294661,-645.622524009078,-260.883193265598,1.49011611938477e-08,1.49011611938477e-08,1.92557281707587,1.16958533341369,0.396278622714866,3.55934884327521,9,25
1.172,400,25,546.112776056303,149.614014614937,546.112776056303,14061.4835576099,13703.8466634356,13997.6963970683,63.2335092713889,56.9125921106382,49.1284143331892,-481.357156426325,-178.762869821138,1.49011611938477e-08,1.49011611938477e-08,1.82956098225644,1.41435764855629,1.14053460686705,2.51157100246662,9,25
1.173,400,25,639.801145520442,209.917545138385,639.801145520442,13802.1270729824,13539.7305426164,14420.4540262105,62.3113310800989,52.2231525964629,49.3011231251083,-373.102458708253,-27.7631609450884,1.49011611938477e-08,1.49011611938477e-08,1.83343564435714,1.63616180304934,1.69880339886801,1.65158292224719,9,25
1.174,400,25,616.605587965631,178.281330061597,616.605587965631,13369.6170841538,13842.6312505618,14527.9120406733,61.2884701839362,46.8937644436441,48.2390265920461,-340.486610222895,86.8585649972778,1.49011611938477e-08,1.49011611938477e-08,1.91332438660489,1.85108916517291,1.90238896805146,1.33153912425115,9,25
1.175,400,25,567.604749141867,67.328012491407,567.604749141867,13299.223885833,14203.9775711032,14170.7272456622,61.1342840196259,43.0988373971107,46.5532972711632,-454.288420733812,130.121318250901,1.49011611938477e-08,1.49011611938477e-08,1.95028681513779,1.83925990930917,3.62546749654982,1.31140351265644,9,25
1.176,400,25,506.491785212945,199.526613535932,506.491785212945,13693.2089915853,14157.9449984852,13785.166394813,62.1999497616925,43.1032376282222,44.5796957605745,-680.763705075003,40.0198784459021,1.49011611938477e-08,1.49011611938477e-08,1.94879840416228,1.54580655489213,1.73165344314563,1.59317375668953,9,25
1.177,400,25,465.416049905367,207.821624033474,465.416049905367,14060.611409655,13742.7820860022,13884.9234847182,63.3120856352128,46.99690849847,42.649607022034,-865.772180506755,-218.213965931018,1.49011611938477e-08,1.49011611938477e-08,1.8472329017875,1.31159156793653,1.49011611938477e-08,2.23375721371982,9,25
1.178,400,25,442.455442220964,208.86752627465,442.455442220964,13958.0505436465,13467.5784518557,14341.5703244053,63.3766425495862,52.1547899624962,40.831253524327,-860.70182412,-472.505098217882,1.49011611938477e-08,1.49011611938477e-08,1.80643432366802,1.2567421624512,1.49011611938477e-08,2.46104310821303,9,25
1.179,400,25,406.778330435699,209.596905931373,406.778330435699,13540.4840727469,13685.1437741166,14582.4909268157,62.2880365928338,56.4613371108987,39.0653376099508,-748.625866532718,-568.71042198652,1.49011611938477e-08,1.49011611938477e-08,1.8862350550367,1.26275003682376,1.49011611938477e-08,2.35927740196561,9,25
1.18,400,25,341.615807821023,210.434436486657,341.615807821023,13354.7093622223,14109.5802903361,14318.4846102616,61.113702508527,59.1468194812696,38.4365473583708,-645.939944758068,-512.04377334838,1.49011611938477e-08,1.49011611938477e-08,1.94265040124535,1.17671082572691,1.49011611938477e-08,3.59464146891611,9,25
1.181,400,25,247.256472539722,211.562941442909,247.256472539722,13661.0112520579,14205.9763859359,13880.9295838264,60.9318716140366,60.2026825869805,39.8415872329492,-582.286303818512,-375.610446942344,1.49011611938477e-08,1.49011611938477e-08,1.95077577684823,1.05233369701803,1.49011611938477e-08,14.8155585295146,9,25
1.182,400,25,207.94771592067,212.041964391899,207.94771592067,14070.2876270665,13859.1202907642,13825.3868897883,61.3185548180513,59.8357540688822,42.8587946806028,-528.577252922502,-221.457589726861,1.49011611938477e-08,1.49011611938477e-08,1.86152850268286,1.0938712249075,0.559850597847781,3.86160890536074,9,25
1.183,400,25,356.364353383284,210.273775463914,356.364353383284,14091.8297408095,13506.452056133,14222.9539698535,60.4745077551947,58.2990890062226,46.2508533744852,-440.526006161494,-128.035433289538,1.49011611938477e-08,1.49011611938477e-08,1.7849912255999,1.38819788129724,1.27847704431705,2.56246206768368,9,25
1.184,400,25,606.804953616379,-262.726191240059,606.804953616379,13731.2980397187,13611.0990158014,14572.5267766951,56.435528104066,55.8879432484836,48.3846171662524,-327.418631142319,-94.852694150585,1.49011611938477e-08,1.49011611938477e-08,1.85383238839826,1.86318727821199,2.10358626252839,2.57654987514352,9,25
1.185,400,25,642.221678609874,-7513.09852265349,642.221678609874,13470.9432558131,14031.3960428581,14466.3698081804,48.9390750310204,53.5539134947227,48.4770361415872,-286.477451174989,-69.4986965859366,1.49011611938477e-08,1.49011611938477e-08,1.9347911999634,2.17029916130484,3.00288275798992,2.84707340458658,9,25
1.186,400,25,609.000560950173,-1056.67404538881,609.000560950173,13662.345898037,14224.3255150833,14054.640947052,40.5390515112309,52.3808742471633,47.1856491534236,-396.88998965158,-9.81756049965304,1.49011611938477e-08,1.49011611938477e-08,1.96168795421313,1.50631074256086,2.38313097841928,2.34235833404439,9,25
1.187,400,25,484.355256835389,205.611900414435,484.355256835389,14057.8140059037,13944.4250199581,13875.011543276,38.2571845365515,53.0574418104669,46.3874455354302,-653.514924286516,49.0403253877787,1.49011611938477e-08,1.49011611938477e-08,1.89971617341339,0.482316957735402,1.01988972010015,1.36145885187688,9,25
1.188,400,25,254.206746272345,211.481225515155,254.206746272345,14154.3395033342,13526.6347071859,14179.6638808082,44.485135924922,55.3306334107361,46.8590024292768,-883.975392520325,19.9372986358081,1.49011611938477e-08,1.49011611938477e-08,1.79523028813263,1.49011611938477e-08,1.49011611938477e-08,1.250729652701,9,25
1.189,400,25,235.836677093827,211.719271044737,235.836677093827,13839.8703913053,13506.0266904931,14576.9270422428,52.5405445631735,57.9555406612975,47.264126865918,-933.723295458708,-76.6153561982606,1.49011611938477e-08,1.49011611938477e-08,1.82981627945756,0.0649729493179228,1.49011611938477e-08,1.89771913976082,9,25
1.19,400,25,474.528091710627,207.218048421336,474.528091710627,13442.3269855844,13910.9757496605,14503.9882029089,59.554414068629,59.9611032667293,48.2621004958177,-881.113497605611,-158.681625399297,1.49011611938477e-08,1.49011611938477e-08,1.91892538943781,0.561373440561673,1.49011611938477e-08,2.77610364244053,9,25
1.191,400,25,650.763145788299,212.054438281506,650.763145788299,13519.772938073,14229.2885080005,14086.0794598187,63.4194687149517,60.8225161239444,49.020185443599,-780.600360771731,-238.633214743999,1.49011611938477e-08,1.49011611938477e-08,1.95312311379202,0.9065074898748,1.49011611938477e-08,3.70816056234314,9,25
1.192,400,25,626.033095800204,206.502987663031,626.033095800204,13915.9005351925,14087.6179783754,13818.4055093173,63.6537339337778,60.0284073137341,49.0172959013454,-620.693015837709,-272.959995229806,1.49011611938477e-08,1.49011611938477e-08,1.91983682348894,1.21096320877974,0.386872863948429,3.7856331944822,9,25
1.193,400,25,533.866509485077,174.514814904587,533.866509485077,14056.8961182324,13681.5970901969,14011.6440256685,62.5682972905407,57.2077220373018,49.2349538711534,-464.729160566933,-174.459246589549,1.49011611938477e-08,1.49011611938477e-08,1.82504406195661,1.43965737042154,1.14999873557328,2.49949537067287,9,25
1.194,400,25,640.238500164766,-6753.63005126491,640.238500164766,13774.393740295,13544.4903583835,14430.220798623,61.8467671084843,52.5187920721509,49.3395262844424,-367.311559093834,-17.6910485026947,1.49011611938477e-08,1.49011611938477e-08,1.83716716055423,1.64582584733191,1.70155191643989,1.60068394779021,9,25
1.195,400,25,621.826315752806,-2576.2947570321,621.826315752806,13349.2204630223,13865.9506918695,14510.2275969614,60.9796781184068,47.3601614086631,48.1870615552788,-347.620163867116,92.8348701558345,1.49011611938477e-08,1.49011611938477e-08,1.9167748133062,1.84105612657396,1.94373488599235,1.28692374582686,9,25
1.196,400,25,558.563787244436,111.547392138474,558.563787244436,13308.4430873418,14213.4409651728,14137.745885664,60.9070865492317,43.8989833708217,46.443472846477,-462.962562387184,125.383831201567,1.49011611938477e-08,1.49011611938477e-08,1.95153236703315,1.81260223246048,3.9546289911223,1.28869078710414,9,25
1.197,400,25,494.859541446635,203.550756274764,494.859541446635,13712.5982232363,14136.9064065446,13769.4746256533,62.0042556006093,44.3772240585712,44.52423937148,-703.872365243756,17.2032383986046,1.49011611938477e-08,1.49011611938477e-08,1.94625031945636,1.52053538756069,1.5486806060799,1.60243567719686,9,25
1.198,400,25,452.588689188938,208.512061225886,452.588689188938,14059.5166590398,13714.1027145217,13899.0457895853,63.1175722936757,48.4884149771759,42.7442757916182,-880.691791796698,-248.838950975586,1.49011611938477e-08,1.49011611938477e-08,1.84211529177837,1.29444471619471,1.49011611938477e-08,2.22240724538868,9,25
1.199,400,25,433.606994841309,209.104021305798,433.606994841309,13929.1363184084,13461.5634811044,14360.0742190275,63.2060883867769,53.6350859028554,41.0856905157228,-867.693864357979,-495.594992778736,1.49011611938477e-08,1.49011611938477e-08,1.80967325221879,1.24295548665226,1.49011611938477e-08,2.35393459308622,9,25
1.2,400,25,400.685593050911,209.686201643,400.685593050911,13510.3887095282,13704.1336507871,14576.2832760538,62.1646478368854,57.8625750047061,39.4026804231137,-755.016599650668,-581.218805712122,1.49011611938477e-08,1.49011611938477e-08,1.89138196656129,1.24765846486051,1.49011611938477e-08,2.27357846328027,9,25
1.201,400,25,340.098105882915,210.452761046053,340.098105882915,13352.1624059748,14123.1811177201,14290.4694183511,61.041910145425,60.4677376793882,38.7817115562193,-657.453624059226,-523.140869328749,1.49011611938477e-08,1.49011611938477e-08,1.94428201259216,1.15979725152069,1.49011611938477e-08,3.56220584191689,9,25
1.202,400,25,246.170501498192,211.581617696476,246.170501498192,13679.2335571154,14193.0113319798,13861.0900304792,60.8954034159443,61.4442577897074,40.1860991048379,-588.111615723437,-376.782825843836,1.49011611938477e-08,1.49011611938477e-08,1.94921020270149,1.04147176106974,1.49011611938477e-08,14.1446116553692,9,25
1.203,400,25,223.235014343812,211.865511498773,223.235014343812,14077.4082580612,13832.0192754029,13835.4861690712,61.2316369472461,61.0068216010622,43.2479949542522,-528.77460486155,-220.909665328849,1.49011611938477e-08,1.49011611938477e-08,1.85523482214796,1.09488329782777,0.589010031513213,3.68007604572293,9,25
1.204,400,25,385.972029532694,209.905700111167,385.972029532694,14072.0792278497,13496.7260746549,14247.2625489223,60.1778361550854,59.3727426539568,46.6025617756177,-433.922988748248,-127.782638103224,1.49011611938477e-08,1.49011611938477e-08,1.78642694765124,1.39814308753582,1.32373214459217,2.48123876663986,9,25
1.205,400,25,626.127138333299,-515.010201518539,626.127138333299,13703.8198743366,13629.1978159758,14578.9547106483,55.7535352712905,56.832185604959,48.5999739031297,-319.903239696096,-92.9409513664981,1.49011611938477e-08,1.49011611938477e-08,1.86011914795646,1.86789363766361,2.16997676107889,2.49375434984752,9,25
1.206,400,25,640.22248243099,-6779.30736207197,640.22248243099,13464.4128338413,14052.243372827,14447.4229772747,47.9307869201774,54.4781486448917,48.5732144920357,-286.440122773627,-65.2101324370973,1.49011611938477e-08,1.49011611938477e-08,1.93769555597297,2.12607735301977,3.09797341595882,2.68834291867533,9,25
1.207,400,25,604.802293988314,-551.924625860576,604.802293988314,13679.4360307462,14219.3275626375,14032.3306509748,39.6921782091799,53.3422490944965,47.3561087007209,-413.603057379185,0.156629911060017,1.49011611938477e-08,1.49011611938477e-08,1.96151780785342,1.39925900320478,2.34225873188694,2.11336483253142,9,25
1.208,400,25,466.859708777303,207.637782055588,466.859708777303,14070.9255969733,13918.4516024101,13878.9555043259,38.2305130050371,54.1004485463251,46.7357823891728,-677.966894420992,52.8692681620624,1.49011611938477e-08,1.49011611938477e-08,1.89305109566779,0.398867343032486,0.976965965346885,1.24002690481775,9,25
1.209,400,25,245.398628307828,211.584495049514,245.398628307828,14144.815756295,13510.9669160099,14204.882661203,44.9360971362172,56.3874794837029,47.2638330824361,-899.506229442606,13.0422843626248,1.49011611938477e-08,1.49011611938477e-08,1.7932474592218,1.49011611938477e-08,1.49011611938477e-08,1.25048548886754,9,25
1.21,400,25,242.761211837965,211.636383245984,242.761211837965,13812.1358616335,13520.233144692,14587.5582008511,52.9596383570415,58.9893826434196,47.5140414386384,-935.952269729766,-87.8797673502668,1.49011611938477e-08,1.49011611938477e-08,1.83543731366843,0.086776022349508,1.49011611938477e-08,1.96156973647923,9,25
1.211,400,25,492.076014372685,204.533163753569,492.076014372685,13432.2447493798,13936.115674746,14487.825613013,59.9104399694252,60.9419655389343,48.4274527929589,-881.479673433786,-166.926568528351,1.49011611938477e-08,1.49011611938477e-08,1.92232942627955,0.572164212199124,1.49011611938477e-08,2.89475883706333,9,25
1.212,400,25,649.476116631867,211.952020087911,649.476116631867,13538.3370320709,14234.167098554,14063.0872869777,63.6094341172079,61.7126991019974,49.0746707313012,-771.411248151578,-248.895044086951,1.49011611938477e-08,1.49011611938477e-08,1.95381041256328,0.914135789872009,1.49011611938477e-08,3.84196650156628,9,25
1.213,400,25,623.974542815887,204.41183717391,623.974542815887,13935.8153085264,14071.0317784679,13819.9873070416,63.7666057270742,60.744724028698,48.9876187659213,-606.522226508841,-271.401939467429,1.49011611938477e-08,1.49011611938477e-08,1.91550159331127,1.2144193598453,0.440892163289165,3.77075128023318,9,25
1.214,400,25,528.766052120999,183.887836059587,528.766052120999,14050.1244445205,13664.4229549057,14033.5534047451,62.7043577017543,57.6869660384384,49.1736465112781,-451.358383846422,-159.861208649281,1.49011611938477e-08,1.49011611938477e-08,1.82229787451625,1.44282883618931,1.20034280122209,2.4048798352369,9,25
1.215,400,25,641.829267076507,-7358.32796378773,641.829267076507,13750.1277348239,13553.6501823155,14448.0276014242,61.9588806804468,52.8790459883932,49.1934150176458,-360.058589216756,-9.60300589809129,1.49011611938477e-08,1.49011611938477e-08,1.84129787252179,1.65701623903108,1.70626209611294,1.55263260893444,9,25
1.216,400,25,618.326284156086,188.18728983472,618.326284156086,13335.343582328,13891.6109103405,14500.7935599709,61.0864935296443,47.6927581303534,47.9841668425031,-341.939834763931,100.725331560367,1.49011611938477e-08,1.49011611938477e-08,1.91994505963205,1.85106732003599,1.92512577284632,1.26121613886788,9,25
1.217,400,25,564.300309231,84.1153974257652,564.300309231,13325.7330269831,14223.6011590996,14112.4313550327,61.0575799003885,44.3705195461756,46.222788296163,-471.048444947167,130.124379611599,1.49011611938477e-08,1.49011611938477e-08,1.9526618181972,1.80503252191052,4.18813394328667,1.28206817585138,9,25
1.218,400,25,500.896877356948,201.749294478492,500.896877356948,13745.7739846941,14121.8331397278,13764.1562284288,62.1311408883097,44.9396223666032,44.3179811758417,-714.751535899538,9.27313037860959,1.49011611938477e-08,1.49011611938477e-08,1.94275477258296,1.50711487900562,1.46114770446953,1.62177887235799,9,25
1.219,400,25,457.116050408094,208.302830353578,457.116050408094,14072.0778133783,13691.6375649999,13924.6072814196,63.134482182733,49.0846932700918,42.6333806177531,-879.972977125845,-265.709318279537,1.49011611938477e-08,1.49011611938477e-08,1.83565369520373,1.29273791977309,1.49011611938477e-08,2.26862049397817,9,25
1.22,400,25,423.673112576226,209.314444840195,423.673112576226,13912.5183935833,13463.2204458274,14385.7592484039,63.1437909195693,54.1375511205129,41.0676436131735,-857.249526667724,-506.496621584316,1.49011611938477e-08,1.49011611938477e-08,1.81210422756721,1.24805701857431,1.49011611938477e-08,2.35540995709485,9,25
1.221,400,25,380.596992975954,209.955755191787,380.596992975954,13491.8191582043,13729.3502077948,14571.9583917096,62.1203500558591,58.2452994178845,39.5585167684775,-750.119765225507,-581.18905704053,1.49011611938477e-08,1.49011611938477e-08,1.8957157766206,1.25041006377359,1.49011611938477e-08,2.30772169093088,9,25
1.222,400,25,310.590425534868,210.807640911085,310.590425534868,13361.6407877771,14141.054350809,14261.8108431041,61.1286352450647,60.7350092162118,39.1660705317122,-649.494753562088,-516.680112346532,1.49011611938477e-08,1.49011611938477e-08,1.945580307354,1.16271947235298,1.49011611938477e-08,3.75728975876579,9,25
1.223,400,25,221.591854868483,211.876003836465,221.591854868483,13709.159465141,14183.0458686462,13842.3065587189,61.0562489067007,61.6225532058376,40.7086225265012,-579.578057413098,-370.669966853159,1.49011611938477e-08,1.49011611938477e-08,1.94668271191664,1.06139251518597,1.49011611938477e-08,14.3975299422491,9,25
1.224,400,25,200.443422482917,212.135908360384,200.443422482917,14095.1400274741,13808.0967457842,13847.8950135661,61.2665187515384,61.1057552121702,43.7296643548142,-513.585378744876,-221.679901100675,1.49011611938477e-08,1.49011611938477e-08,1.84712106077385,1.14071793300505,0.628910545271693,3.74889628741722,9,25
1.225,400,25,370.188982909072,210.103395577443,370.188982909072,14061.9405919131,13491.2770491377,14269.924762044,59.8957828837848,59.4018972597058,46.9849276926801,-411.522476325003,-134.355913228576,1.49011611938477e-08,1.49011611938477e-08,1.7864715226954,1.46895276556241,1.37354203296917,2.59909489132337,9,25
1.226,400,25,616.452277216799,-382.475406216134,616.452277216799,13682.6311769217,13651.0653091258,14577.597343781,55.1995118699853,56.8499954558031,48.9560828288052,-304.160007423505,-102.406854301522,1.49011611938477e-08,1.49011611938477e-08,1.86540369218231,1.95628565320105,2.23003857577671,2.64667577784246,9,25
1.227,400,25,640.170828393092,210.000670293528,640.170828393092,13464.5666776901,14073.6530156119,14417.9411029068,47.1427714951202,54.5056032999826,48.9669463595434,-276.141833354266,-73.5788290747554,1.49011611938477e-08,1.49011611938477e-08,1.9402148983268,2.20290893819168,3.18115973410309,2.87247607022711,9,25
1.228,400,25,601.278908735223,-308.037682403234,601.278908735223,13701.9465254417,14215.7567829623,14002.9782655327,38.8984597039466,53.4903981351937,47.7916375688854,-415.835310529343,-9.49370462585301,1.49011611938477e-08,1.49011611938477e-08,1.96097544552448,1.40271920783507,2.2614587580563,2.25020312267359,9,25
1.229,400,25,455.431206787614,208.322207297149,455.431206787614,14086.6329676154,13894.2885262648,13876.7793506302,37.8168973564361,54.4030796606859,47.229104389192,-684.603680542804,35.753480794788,1.49011611938477e-08,1.49011611938477e-08,1.88570659043624,0.391529749007622,0.905233406456534,1.34339520952183,9,25
1.23,400,25,238.292006727893,211.680116625141,238.292006727893,14133.1077264058,13497.9233489087,14221.8674487876,44.8924648186913,56.863082656374,47.7255821008405,-897.987971403817,-12.9839553544891,1.49011611938477e-08,1.49011611938477e-08,1.79113173776816,1.49011611938477e-08,1.49011611938477e-08,1.38970248118201,9,25
1.231,400,25,253.541387770354,211.507286046756,253.541387770354,13784.292676716,13537.028547202,14588.5400308857,52.9828758356366,59.5564371686801,47.856549554355,-926.162797526591,-110.932184099134,1.49011611938477e-08,1.49011611938477e-08,1.840552891176,0.217255036858326,1.49011611938477e-08,2.1902564414437,9,25
1.232,400,25,515.128164599879,196.127002446171,515.128164599879,13424.2374920047,13961.7016487452,14463.1646919765,59.7875945356172,61.514435547477,48.6593857952566,-865.501404535334,-193.410051419829,1.49011611938477e-08,1.49011611938477e-08,1.92522849443995,0.623847045714439,1.49011611938477e-08,3.22284911177968,9,25
1.233,400,25,648.827974226712,211.593875568468,648.827974226712,13557.7472846578,14238.6165424574,14034.0018117418,63.2199378355986,62.2357297278253,49.1465665566923,-750.213530454098,-270.884127743315,1.49011611938477e-08,1.49011611938477e-08,1.95389384517516,0.959524489641016,1.49011611938477e-08,4.20616572670284,9,25
1.234,400,25,619.730516429792,195.988490153604,619.730516429792,13954.316614666,14047.6517516237,13813.4615572505,63.2171814905086,61.2080727258617,49.0247868718728,-582.874830920759,-281.390106430346,1.49011611938477e-08,1.49011611938477e-08,1.90918941888651,1.25472325961757,0.456575706249387,3.93759271907015,9,25
1.235,400,25,546.622252756141,152.164897737674,546.622252756141,14040.615972048,13645.0354912742,14048.6176858608,62.2483893552732,58.1194058728211,49.3164920709671,-440.360468306483,-164.958480102058,1.49011611938477e-08,1.49011611938477e-08,1.81892967184123,1.47150625970072,1.22222966924052,2.37705382169037,9,25
1.236,400,25,637.276375836712,-5872.99525721494,637.276375836712,13724.9750935595,13562.2963025779,14459.5497672681,61.5218197922219,53.3026946993089,49.0948129634477,-347.789290916407,-4.44140026612964,1.49011611938477e-08,1.49011611938477e-08,1.84528203780939,1.6835044089173,1.70363732621202,1.52428512002998,9,25
1.237,400,25,614.636418321838,-1625.46142362472,614.636418321838,13322.1910038035,13916.1630174331,14485.9634537897,60.721023948227,48.2492828791343,47.7196353865179,-339.544723449562,103.232096578826,1.49011611938477e-08,1.49011611938477e-08,1.92284721339347,1.86780703510243,1.95123836813765,1.24134014412143,9,25
1.238,400,25,551.845627458657,133.802640594084,551.845627458657,13341.8936356577,14229.9809561223,14084.9840312508,60.8270466897816,45.205733847404,45.8653420924319,-480.761624107728,126.21318302958,1.49011611938477e-08,1.49011611938477e-08,1.95367149431556,1.79844800851243,4.50271211606327,1.27437805713489,9,25
1.239,400,25,488.963087683977,205.029009841694,488.963087683977,13768.407592524,14099.0902322938,13757.43492977,62.0800142334002,46.1650881637348,43.9248025111632,-731.964428398321,-4.13803747962084,1.49011611938477e-08,1.49011611938477e-08,1.93895603149956,1.47922833959018,1.3320021593804,1.62686014926138,9,25
1.24,400,25,453.050944595912,208.492867944553,453.050944595912,14071.5964854665,13665.708363737,13946.1523328868,63.247628396502,50.4116996773991,42.1550236907838,-893.901822810136,-278.172694385337,1.49011611938477e-08,1.49011611938477e-08,1.83071614675898,1.2541546834287,1.49011611938477e-08,2.24892868356258,9,25
1.241,400,25,435.72179124453,209.052640615721,435.72179124453,13887.419793245,13463.0513772924,14408.2461550028,63.391829739785,55.4136405221167,40.4642397181856,-872.077729970966,-500.534436301093,1.49011611938477e-08,1.49011611938477e-08,1.81574167513963,1.20039280714985,1.49011611938477e-08,2.32952731456707,9,25
1.242,400,25,402.726938303458,209.656677286611,402.726938303458,13470.6817123674,13751.7187511071,14570.4807037349,62.4468412419402,59.4219502098681,38.803787495691,-760.32800973661,-573.823297042047,1.49011611938477e-08,1.49011611938477e-08,1.90032654159224,1.19116761353039,1.49011611938477e-08,2.33585978435483,9,25
1.243,400,25,338.607529243254,210.470415531547,338.607529243254,13368.9313538744,14154.2322523881,14243.0960549596,61.4921439133028,61.811827342004,38.3275154857365,-660.150226747037,-501.90492059574,1.49011611938477e-08,1.49011611938477e-08,1.94710835173989,1.09139677541916,1.49011611938477e-08,4.05518058435964,9,25
1.244,400,25,243.167104440207,211.61645458967,243.167104440207,13731.7885238469,14168.6607836792,13836.6644327711,61.4668275338178,62.5989256815064,39.9963440438502,-591.06338798805,-348.031518136955,1.49011611938477e-08,1.49011611938477e-08,1.94471057888149,0.990590960959845,1.49011611938477e-08,11.2266196023851,9,25
1.245,400,25,231.088403389464,211.766369055497,231.088403389464,14101.7599109719,13782.0202874083,13872.0169476426,61.7291183585086,61.9935118165492,43.3182147286919,-525.64418708568,-193.678431005195,1.49011611938477e-08,1.49011611938477e-08,1.84179630814958,1.08128767356779,0.657300699867054,3.13590686695139,9,25
1.246,400,25,416.858679445022,209.457647430732,416.858679445022,14042.0998001914,13486.1089939127,14304.7535370601,60.3383693014985,60.1736593852855,46.7591245967905,-428.742834792337,-108.977811944674,1.49011611938477e-08,1.49011611938477e-08,1.7896325800108,1.41437474215547,1.4166358615362,2.26124429886064,9,25
1.247,400,25,649.024722448072,211.534339253491,649.024722448072,13659.0672861644,13672.6004060988,14593.4881117959,55.4904624706216,57.4861822143009,48.6944393935125,-316.308125277807,-74.2157086604725,1.49011611938477e-08,1.49011611938477e-08,1.87184166539728,1.88544472201441,2.28822074094712,2.30797445726456,9,25
1.248,400,25,638.535850836048,-6215.8999364027,638.535850836048,13464.6992324973,14094.0085531524,14410.4893439532,47.3668294238435,55.0966957561628,48.6019951308406,-296.298423496328,-41.2964136131881,1.49011611938477e-08,1.49011611938477e-08,1.94284102981788,2.06699512779873,3.25349739712383,2.41880818302085,9,25
1.249,400,25,598.804883220285,-210.540038737792,598.804883220285,13723.5653134986,14208.8961183089,13996.3222087248,39.5923919970108,54.0656175677052,47.5031353727506,-448.343679922897,25.1788458331285,1.49011611938477e-08,1.49011611938477e-08,1.96039261226394,1.26166220894823,2.2316461608641,1.81047574299159,9,25
1.25,400,25,446.082619941363,208.713489523158,446.082619941363,14100.1057814272,13868.4515834316,13898.3789709777,39.1762651939926,54.9650410626695,47.0836689088568,-720.640187279092,63.7277167234597,1.49011611938477e-08,1.49011611938477e-08,1.87941191437506,0.302815046450343,0.888252577863546,1.111603760898,9,25
1.251,400,25,231.150817175525,211.754902749629,231.150817175525,14122.5536193256,13486.0106155609,14260.347076906,46.278933720404,57.3431609728944,47.614208886292,-916.794576099271,10.3610156528686,1.49011611938477e-08,1.49011611938477e-08,1.79104368961675,1.49011611938477e-08,1.49011611938477e-08,1.26192153703248,9,25
1.252,400,25,270.491179933045,211.303143313161,270.491179933045,13752.3877721501,13554.8975711629,14602.6798091218,54.1122960085115,59.9253647792477,47.6945848658774,-939.44270511045,-93.9122620741533,1.49011611938477e-08,1.49011611938477e-08,1.84734073638492,0.170323713278583,1.49011611938477e-08,2.0234927570733,9,25
1.253,400,25,531.603346354145,181.119429199048,531.603346354145,13413.7526630203,13986.6409537562,14452.42748293,60.7245235801799,61.7658517278466,48.5900801789435,-876.798720412906,-175.82934830041,1.49011611938477e-08,1.49011611938477e-08,1.92857724389814,0.598367142989797,1.49011611938477e-08,2.93205393495628,9,25
1.254,400,25,647.217031492162,211.225709513241,647.217031492162,13574.3034427271,14241.1752074547,14020.7987397569,63.8508287236654,62.3440448874839,49.0696691066676,-759.389322319266,-252.435656959336,1.49011611938477e-08,1.49011611938477e-08,1.95447488528794,0.927793640633626,1.49011611938477e-08,3.74937153105634,9,25
1.255,400,25,617.556953748342,-1974.78006079353,617.556953748342,13968.0512034212,14028.9908293803,13825.9708764962,63.6354530709118,61.0965566831361,48.9397562542108,-589.541536014581,-256.413127558383,1.49011611938477e-08,1.49011611938477e-08,1.90518217240127,1.21566914075115,0.542765140539846,3.44460074511638,9,25
1.256,400,25,547.944866921862,148.737483035027,547.944866921862,14027.5148089279,13628.9795087544,14079.3490616705,62.5660838201386,57.7561803508634,49.3399455991109,-446.899621889888,-137.088299586796,1.49011611938477e-08,1.49011611938477e-08,1.81795808928638,1.43538253740728,1.2861973272306,2.14384966133414,9,25
1.257,400,25,639.672819831118,209.922571280969,639.672819831118,13696.2302849472,13574.1998979329,14480.5056580609,61.6805819532478,52.8021579218696,49.2716718075091,-353.097282394098,17.2899449038085,1.49011611938477e-08,1.49011611938477e-08,1.85064990473209,1.65932900470103,1.71108523837512,1.43299536664912,9,25
1.258,400,25,616.82368514078,180.831714716203,616.82368514078,13306.4844474932,13940.4295883871,14477.1919306743,60.7770654843521,47.6939991289774,48.0727715879899,-349.900063262848,119.164673883549,1.49011611938477e-08,1.49011611938477e-08,1.92605988051644,1.84137977971809,1.94906296075139,1.19901274208743,9,25
1.259,400,25,554.529238478683,124.749703044975,554.529238478683,13357.044656374,14237.5499728442,14062.7131349914,60.8675322885052,44.7759381659789,46.351573164189,-501.560833377732,133.708547779024,1.49011611938477e-08,1.49011611938477e-08,1.95490023438933,1.75737209060527,4.73806222629867,1.25902489040155,9,25
1.26,400,25,488.601941984651,204.96702284296,488.601941984651,13796.0410690345,14081.4568096616,13756.3197210526,62.0462098687968,45.8711558184687,44.4800938289185,-751.963054774104,-11.8200753012296,1.49011611938477e-08,1.49011611938477e-08,1.93504741331441,1.45046836316585,1.23802248095667,1.64094417989935,9,25
1.261,400,25,445.299956320468,208.755356700798,445.299956320468,14078.1472308029,13644.6995158848,13973.6778241012,63.0175416807302,50.2640419584817,42.7587862732581,-894.590639703608,-283.307983682872,1.49011611938477e-08,1.49011611938477e-08,1.82552575939562,1.2556237338289,1.49011611938477e-08,2.28964266701833,9,25
1.262,400,25,418.787941974549,209.392225492283,418.787941974549,13867.6337909028,13468.3157715383,14431.9684685624,62.9318418432214,55.2624956219922,41.0404193432957,-860.884892021005,-516.572783087915,1.49011611938477e-08,1.49011611938477e-08,1.81924418898628,1.2227532984466,1.49011611938477e-08,2.31599133472511,9,25
1.263,400,25,377.023787444192,210.005282929672,377.023787444192,13453.1930058389,13777.6827528191,14561.6401808695,61.8358708435926,59.2073366480819,39.4443449348108,-745.782952192328,-578.764093478332,1.49011611938477e-08,1.49011611938477e-08,1.90449411983335,1.21809686373878,1.49011611938477e-08,2.34666913114593,9,25
1.264,400,25,307.220418846601,210.854467186919,307.220418846601,13380.4429775858,14168.9454922957,14210.790808116,60.9012037076109,61.522750381061,39.1528861746466,-648.207901785506,-499.606175750204,1.49011611938477e-08,1.49011611938477e-08,1.948229640045,1.11802241661242,1.49011611938477e-08,4.1909558017282,9,25
1.265,400,25,217.764362458256,211.921334975505,217.764362458256,13761.1423002266,14155.2274841009,13817.8746861257,60.906971949983,62.2658688542605,40.8895126727384,-580.06802115566,-346.09252908483,1.49011611938477e-08,1.49011611938477e-08,1.94133782496351,1.02509941495117,1.49011611938477e-08,11.4621039173401,9,25
1.266,400,25,214.695108449044,211.967896854856,214.695108449044,14115.8739351454,13758.0146291142,13884.1343030647,61.0580708063761,61.6408224649233,44.082748396829,-514.818905338521,-205.191572265633,1.49011611938477e-08,1.49011611938477e-08,1.83413317120049,1.12969687619659,0.703006246388682,3.30998810813668,9,25
1.267,400,25,400.841984490165,209.705426719052,400.841984490165,14029.1054914563,13483.2311998103,14323.2449684346,59.4047681692529,59.8268450946613,47.3494470496472,-409.770175095727,-120.710656787746,1.49011611938477e-08,1.49011611938477e-08,1.79076908680781,1.47792049064136,1.46503515066171,2.43483771229505,9,25
1.268,400,25,639.58531482321,209.737157848048,639.58531482321,13639.9144318732,13695.1359987456,14586.3614602102,54.3184139507348,57.2147669627297,49.2028457921416,-301.670373291782,-88.3896632009183,1.49011611938477e-08,1.49011611938477e-08,1.87696146651407,1.95530771393738,2.35199939852225,2.51365166571322,9,25
1.269,400,25,638.088884558207,-6075.00952689548,638.088884558207,13468.5614462776,14112.35851771,14376.8999169401,46.0236868463802,54.9460682811263,49.0991157012371,-292.960100662296,-55.8360233396494,1.49011611938477e-08,1.49011611938477e-08,1.94504595854035,2.10608921461099,3.27904876053862,2.64843098106343,9,25
1.27,400,25,594.141587951508,-132.452332168139,594.141587951508,13747.6131772346,14201.0020080566,13966.6172343918,38.3722378511797,54.1227367678177,48.0208425604834,-456.3563523317,8.90038263172624,1.49011611938477e-08,1.49011611938477e-08,1.95910493305011,1.23207226138884,2.07887224356043,1.96490160906005,9,25
1.271,400,25,430.499706900454,209.15399148545,430.499706900454,14114.177915171,13843.2339425286,13896.9825543389,38.5370914275659,55.2367132935994,47.6559755938468,-715.577141813666,40.4067457921904,1.49011611938477e-08,1.49011611938477e-08,1.87174383271161,0.274734254872058,0.801410215564043,1.23237239785472,9,25
1.272,400,25,243.393286364153,211.619035326078,243.393286364153,14109.9117414981,13475.8109541245,14275.7986339128,46.0448880833378,57.8084522568669,48.142694881188,-913.610937587594,-20.8031323512692,1.49011611938477e-08,1.49011611938477e-08,1.78983138424416,1.49011611938477e-08,1.49011611938477e-08,1.4272467775448,9,25
1.273,400,25,280.793636295441,211.179807924858,280.793636295441,13725.5302600228,13573.7471322038,14598.4050420289,53.9453977971396,60.4760999006321,48.1094448847581,-925.068247479561,-125.642051472497,1.49011611938477e-08,1.49011611938477e-08,1.85238403045813,0.269702923005346,1.49011611938477e-08,2.30128591720825,9,25
1.274,400,25,553.098822933994,135.599455597539,553.098822933994,13410.8060889897,14010.6514171014,14423.6817146599,60.4279407865566,62.3194585803344,48.8651982428427,-857.084576868306,-206.709424190657,1.49011611938477e-08,1.49011611938477e-08,1.93098852411153,0.655414061442671,1.49011611938477e-08,3.34603851793468,9,25
1.275,400,25,646.728133675006,-9472.57262124301,646.728133675006,13597.7460920555,14241.8332651445,13990.9701146235,63.3692836467256,62.850814855388,49.1986752321041,-733.505466430526,-278.186901962021,1.49011611938477e-08,1.49011611938477e-08,1.95403425493635,0.982202573026325,1.49011611938477e-08,4.22114522327617,9,25
1.276,400,25,612.5967408796,151.751208062314,612.5967408796,13987.0139640668,14004.8303839964,13821.2079091043,63.0711179858767,61.5486004299891,49.0408228585974,-570.039857820032,-273.16915512102,1.49011611938477e-08,1.49011611938477e-08,1.89814175518035,1.26810978133766,0.556413569898551,3.6887009764598,9,25
1.277,400,25,554.396678268366,129.374782606727,554.396678268366,14017.677567448,13612.8221109719,14094.2385883292,62.1451624856835,58.1592228096098,49.4810431021385,-425.986991858379,-137.071136768857,1.49011611938477e-08,1.49011611938477e-08,1.81531430932361,1.47800885229934,1.30535941015457,2.16574848526483,9,25
1.278,400,25,637.248753970213,209.565630309195,637.248753970213,13668.0719851498,13586.0306590301,14485.041770644,61.3945043967808,53.1980257897823,49.2142075782106,-341.29616106654,19.6468977403995,1.49011611938477e-08,1.49011611938477e-08,1.8549496516439,1.69253501214053,1.70684716412138,1.42368809445006,9,25
1.279,400,25,611.287451596449,-1239.8602283396,611.287451596449,13293.0582725042,13965.1486167738,14455.155407859,60.6036963964942,48.2173833637429,47.8680119934402,-349.601492765423,116.76425861124,1.49011611938477e-08,1.49011611938477e-08,1.92860575151104,1.86185719023599,1.98957676622426,1.19338689452845,9,25
1.28,400,25,548.773551523851,144.438205784375,548.773551523851,13372.483951189,14240.1142506038,14030.8839421102,60.775372823724,45.559677902396,46.0809783466589,-511.605862166822,120.420879274124,1.49011611938477e-08,1.49011611938477e-08,1.95581867114371,1.76283186075322,4.93806290339746,1.27101716995768,9,25
1.281,400,25,491.052280663171,204.613304551374,491.052280663171,13815.6539067,14056.8675900542,13748.8076070233,62.0038641188358,46.9878838157448,44.2504634744975,-751.98205253284,-26.6373050052858,1.49011611938477e-08,1.49011611938477e-08,1.93040412713553,1.44989054799195,1.13743173144053,1.67679541222082,9,25
1.282,400,25,448.370125684657,208.674630207172,448.370125684657,14072.5385925747,13620.6382522604,13993.0097648078,62.9962210011834,51.4173978446264,42.6129536390425,-897.294904581105,-310.696945126906,1.49011611938477e-08,1.49011611938477e-08,1.82126818215986,1.25585252659349,1.49011611938477e-08,2.27759976412365,9,25
1.283,400,25,421.423034490022,209.356613306307,421.423034490022,13838.6643950346,13471.9767383338,14447.6668808861,62.941752396871,56.3259110361859,40.9971953351066,-857.529960692868,-532.69923241377,1.49011611938477e-08,1.49011611938477e-08,1.82350516975064,1.22318101437424,1.49011611938477e-08,2.23686636600168,9,25
1.284,400,25,380.839930166984,209.952300918028,380.839930166984,13430.6293399932,13801.1363807701,14551.0929892019,61.8835732543828,60.1433096792614,39.4661215478228,-742.917097734375,-584.038409153162,1.49011611938477e-08,1.49011611938477e-08,1.90862444984616,1.21564876043503,1.49011611938477e-08,2.30586255441713,9,25
1.285,400,25,309.272904377021,210.822862001245,309.272904377021,13387.5673135588,14179.7357462598,14184.3425821643,60.9991203659549,62.3343733850118,39.197966600406,-646.773148741012,-497.653074079963,1.49011611938477e-08,1.49011611938477e-08,1.94943807476344,1.11251258224907,1.49011611938477e-08,4.30037460738424,9,25
1.286,400,25,219.305358755841,211.902111759232,219.305358755841,13781.3545589942,14138.3410399099,13807.1404066163,61.0556833990362,62.9594631335171,41.0177678981327,-581.934356653479,-347.337665110221,1.49011611938477e-08,1.49011611938477e-08,1.93820170608617,1.02430557695386,1.49011611938477e-08,10.1652617601827,9,25
1.287,400,25,227.265435623648,211.817410967469,227.265435623648,14118.5397572512,13732.5700817309,13903.181282355,61.1959630481128,62.228644692613,44.3317907163705,-511.631513142438,-196.445043567811,1.49011611938477e-08,1.49011611938477e-08,1.82837575727677,1.13819009892827,0.737231939805025,3.10240438945483,9,25
1.288,400,25,431.74646876695,209.17320640805,431.74646876695,14006.41897214,13481.5337177843,14349.1128431344,59.40894314712,60.2854252643655,47.6094765988471,-403.84468391991,-113.201161386022,1.49011611938477e-08,1.49011611938477e-08,1.79403779432402,1.49275269001957,1.51057174152754,2.32622788003899,9,25
1.289,400,25,650.988124060455,212.164688889425,650.988124060455,13615.8400913036,13718.2201397666,14589.8681847451,54.0924272180189,57.5487662545262,49.3659537264845,-298.071602070831,-80.4234110364593,1.49011611938477e-08,1.49011611938477e-08,1.882702032544,1.96113654800736,2.40576237044697,2.40270380493978,9,25
1.29,400,25,636.218101012816,-5515.49845959543,636.218101012816,13469.9810594856,14130.0386555329,14357.9236658976,45.6268047654408,55.243056551573,49.1623431986141,-299.162263727707,-44.0441165361308,1.49011611938477e-08,1.49011611938477e-08,1.94723573883758,2.05767782535061,3.33876220816676,2.46657358176554,9,25
1.291,400,25,590.551631170193,-99.5509201398123,590.551631170193,13767.9288752495,14190.5403110498,13952.5536648345,38.30063977259,54.423894475582,48.150005937007,-462.569009503114,18.8638267333423,1.49011611938477e-08,1.49011611938477e-08,1.95765212388044,1.15400299279486,2.03342134276071,1.76780535091945,9,25
1.292,400,25,416.270294681944,209.42724473385,416.270294681944,14122.9646064461,13816.519602285,13912.1675425958,39.0422602931642,55.5487372492506,47.8947199997647,-737.354368616406,47.7943598455776,1.49011611938477e-08,1.49011611938477e-08,1.86491895341232,0.200959127487888,0.770677970338755,1.14355180912129,9,25
1.293,400,25,229.734711576418,211.78058993297,229.734711576418,14094.1815628029,13466.632230766,14303.9457277455,46.7023309245575,58.0612392265334,48.4043165675394,-924.993935949754,-20.3580609557927,1.49011611938477e-08,1.49011611938477e-08,1.79035135896274,1.49011611938477e-08,1.49011611938477e-08,1.41331263526525,9,25
1.294,400,25,308.96063793069,210.852670136675,308.96063793069,13697.1247679817,13593.7443961122,14603.393174773,54.436384572894,60.6358167414817,48.3297883114232,-926.687125854872,-124.883597069421,1.49011611938477e-08,1.49011611938477e-08,1.85849079656975,0.279552900885373,1.49011611938477e-08,2.29159447759019,9,25
1.295,400,25,577.457034035536,16.1471945977605,577.457034035536,13407.3736292623,14033.7743361215,14407.0100668601,60.6561899051307,62.3830625988581,49.0183063096857,-854.605855624691,-205.015674740495,1.49011611938477e-08,1.49011611938477e-08,1.93368850993076,0.659494543895294,1.49011611938477e-08,3.30801699967544,9,25
1.296,400,25,644.700745254204,-8533.75097959863,644.700745254204,13619.1245934958,14241.1841366083,13976.4664203841,63.2776986652878,62.7921502547992,49.24926478463,-737.096593761648,-268.574529886479,1.49011611938477e-08,1.49011611938477e-08,1.95401372569972,0.973842461367536,1.49011611938477e-08,4.06247374250358,9,25
1.297,400,25,608.541400242279,91.9256737696537,608.541400242279,14000.9578450618,13984.0928508493,13833.3806342208,62.8546878913591,61.3047868531883,49.0534791023379,-567.47719102639,-252.814332548672,1.49011611938477e-08,1.49011611938477e-08,1.89335479364381,1.24438934605413,0.616965209160139,3.39049077181693,9,25
1.298,400,25,552.436116385619,135.828478992012,552.436116385619,14004.3322812037,13598.6308546376,14122.6384620888,61.9947410559269,57.7224385614193,49.5860214281633,-429.631762222665,-108.881689316106,1.49011611938477e-08,1.49011611938477e-08,1.81477281920541,1.44591901792633,1.35363436760601,1.98832279875437,9,25
1.299,400,25,640.52486526563,-6884.63531541946,640.52486526563,13640.648775727,13600.5307401964,14499.5666392922,61.2432580350251,52.6752629629251,49.3987858081755,-349.486593380561,44.3836883762515,1.49011611938477e-08,1.49011611938477e-08,1.86023363655744,1.6585641659409,1.71450249668319,1.331769074139,9,25
1.3,400,25,617.063030147818,-1931.94368302385,617.063030147818,13282.5048326841,13988.0762304337,14440.2235817559,60.4550770568797,47.7129478133429,48.1264191673518,-366.295356092507,134.831530770039,1.49011611938477e-08,1.49011611938477e-08,1.93128480315274,1.81519800732624,2.02643402797138,1.13718209438024,9,25
1.301,400,25,551.170148260873,137.407915814951,551.170148260873,13392.7337659794,14245.11485354,14008.1664443886,60.6363959302153,45.2579642182284,46.4046733931786,-526.519151879695,130.449182099915,1.49011611938477e-08,1.49011611938477e-08,1.9568596057451,1.70361949561368,5.06079045059386,1.24213089560125,9,25
1.302,400,25,479.840718500075,206.365382587215,479.840718500075,13842.8626311887,14037.1174125398,13750.974341297,61.770416185395,46.8614748323333,44.6550029623625,-775.223325570247,-36.6245528921005,1.49011611938477e-08,1.49011611938477e-08,1.92577992928496,1.41104619385268,1.03207413935399,1.67892672546076,9,25
1.303,400,25,428.96413526326,209.209107717233,428.96413526326,14074.2797764229,13601.2034114124,14021.5176190847,62.5744944888851,51.4548059004736,43.1797916095071,-903.092663099581,-330.062469454771,1.49011611938477e-08,1.49011611938477e-08,1.81749540851917,1.24663817307609,1.49011611938477e-08,2.29314149667038,9,25
1.304,400,25,397.096531938219,209.737999557324,397.096531938219,13815.5312173653,13480.2248939273,14468.2495601661,62.3497028298658,56.3812395644513,41.6892323772598,-850.999688108775,-545.034698105692,1.49011611938477e-08,1.49011611938477e-08,1.82797960338458,1.23070425983486,1.49011611938477e-08,2.22524329112923,9,25
1.305,400,25,352.998034546782,210.298448713011,352.998034546782,13414.0873739892,13827.1406428872,14538.6407939841,61.2239670016411,60.1584955824992,40.3255087770099,-735.171148557263,-585.138179625819,1.49011611938477e-08,1.49011611938477e-08,1.91248577391755,1.22605734356425,1.49011611938477e-08,2.34837310940097,9,25
1.306,400,25,283.234174732627,211.138355850931,283.234174732627,13401.1328576363,14191.6389508086,14152.6327511321,60.3973123096211,62.2978761288388,40.2170056515052,-644.701718285597,-500.007286257819,1.49011611938477e-08,1.49011611938477e-08,1.95038511880997,1.12630233339691,1.49011611938477e-08,4.51894787454459,9,25
1.307,400,25,190.616439615863,212.246215265872,190.616439615863,13809.9958061311,14122.9015572111,13792.5136907535,60.459221395236,62.8897159657845,42.0207889352467,-573.889081371932,-345.351560633926,1.49011611938477e-08,1.49011611938477e-08,1.93400827693764,1.05182987554635,1.49011611938477e-08,9.98529429453209,9,25
1.308,400,25,212.289957502193,211.996624185915,212.289957502193,14128.5165763829,13710.405954727,13918.3276196565,60.413116869951,62.139540702255,45.1446552552211,-496.058759429805,-202.501940445886,1.49011611938477e-08,1.49011611938477e-08,1.82162788618935,1.1836597505967,0.787556713982183,3.24180846989984,9,25
1.309,400,25,416.688470308097,209.463409506587,416.688470308097,13989.8346965766,13483.0081141275,14365.9630079508,58.2664534144451,60.1961405913899,48.2285318942238,-382.837884923904,-124.729783750052,1.49011611938477e-08,1.49011611938477e-08,1.79646888639078,1.55401479673661,1.56932778318235,2.47885323046183,9,25
1.31,400,25,641.755320363898,-7170.08846066466,641.755320363898,13597.1753202123,13742.4426361403,14578.8174154378,52.5910811432159,57.5520854632495,49.897626199546,-282.074748313222,-93.5731685221463,1.49011611938477e-08,1.49011611938477e-08,1.88773992260735,2.02277864953266,2.48605721401272,2.58101765125875,9,25
1.311,400,25,635.325240882049,-5266.63877003747,635.325240882049,13475.5276413667,14146.308572769,14321.930713471,43.924476590255,55.4128951777803,49.707653721078,-291.386083565928,-60.1748959984853,1.49011611938477e-08,1.49011611938477e-08,1.9492109834539,2.07614004335838,3.37840853873526,2.6444298242973,9,25
1.312,400,25,584.03187980927,-43.1413509191876,584.03187980927,13791.3624246757,14179.2568932758,13923.2274230697,36.86278936744,54.8431851722731,48.7773374693489,-471.526880243467,1.71750409435377,1.49011611938477e-08,1.49011611938477e-08,1.95549461624393,1.11071213819055,1.89427222205658,1.87901602603491,9,25
1.313,400,25,403.314508718328,209.64427205713,403.314508718328,14133.2942785204,13790.9191678146,13911.9369323866,38.3864278951663,56.2224994829635,48.5966613208309,-746.184519568287,19.4887155340392,1.49011611938477e-08,1.49011611938477e-08,1.85716285288819,0.169770032536113,0.677078710505556,1.27076579240531,9,25
1.314,400,25,230.995916696812,211.756486686871,230.995916696812,14078.8509071765,13459.6743147287,14317.5942718256,46.4530324196255,58.9497135832045,49.0043953881702,-919.954467944046,-58.6090865246864,1.49011611938477e-08,1.49011611938477e-08,1.7900882180401,1.49011611938477e-08,1.49011611938477e-08,1.62953890856087,9,25
1.315,400,25,312.520954765501,210.799239083469,312.520954765501,13670.7094594067,13614.7525816711,14594.0777237075,54.2519431530114,61.6325110638227,48.7344482188599,-910.517616895269,-164.474476498114,1.49011611938477e-08,1.49011611938477e-08,1.86345225311834,0.361628979121401,1.49011611938477e-08,2.69210202804533,9,25
1.316,400,25,591.600045887974,-98.8636298462038,591.600045887974,13407.3305172578,14056.1103668684,14373.7213168464,60.384669137129,63.4065371885142,49.2324797217247,-836.958550125596,-240.220806011888,1.49011611938477e-08,1.49011611938477e-08,1.93574299742638,0.721987130636357,1.49011611938477e-08,3.93277338024577,9,25
1.317,400,25,643.903935956851,-8200.20798683856,643.903935956851,13643.6551621343,14238.4162202886,13945.0591107111,62.9043970286764,63.7874246205028,49.3165409672772,-706.580948869783,-301.890308900895,1.49011611938477e-08,1.49011611938477e-08,1.95292999974791,1.03813578379224,1.49011611938477e-08,4.76653837535957,9,25
1.318,400,25,603.201132880065,-455.052398828429,603.201132880065,14017.4487509307,13959.6167868311,13828.7362863662,62.4569902065319,62.2564911218554,49.0871473266902,-533.283942645062,-271.930325059143,1.49011611938477e-08,1.49011611938477e-08,1.88582997973599,1.31023823040018,0.621615552127399,3.72790595937698,9,25
1.319,400,25,578.411247112901,6.04428982705087,578.411247112901,13995.282686073,13585.4191874282,14139.364774101,61.7328059905498,58.6510655559246,49.5697639567827,-401.885569904251,-114.616971262279,1.49011611938477e-08,1.49011611938477e-08,1.81269747115358,1.50607501034529,1.36537166545771,2.04501392056768,9,25
1.32,400,25,636.139886814747,209.430476373063,636.139886814747,13618.8339010625,13615.5890285727,14504.2670366899,60.9857232238855,53.6374293533947,48.9338976043851,-326.85518533229,39.4381687836703,1.49011611938477e-08,1.49011611938477e-08,1.86416537949938,1.72126558549387,1.69889889774051,1.35578192065135,9,25
1.321,400,25,603.724403219734,-52.8677651952308,603.724403219734,13279.567667078,14012.6049293269,14419.8142606928,60.2931373454495,48.8329021822437,47.3573282699155,-349.410670509032,125.601330079437,1.49011611938477e-08,1.49011611938477e-08,1.93318407402677,1.87069223161758,2.06613607035114,1.1558692107506,9,25
1.322,400,25,542.54899887751,159.903434237101,542.54899887751,13417.4469858504,14243.8893744479,13982.2425389388,60.6617400691209,46.6223909249115,45.4636006111908,-525.760804229319,119.675083352002,1.49011611938477e-08,1.49011611938477e-08,1.9572916514782,1.72780524290126,5.09132091942848,1.26420769302753,9,25
1.323,400,25,481.646482984038,206.128666206175,481.646482984038,13867.1889419707,14011.2063912958,13752.7398895611,62.0226397034212,48.4693427866719,43.6184574725201,-780.870213468846,-51.5060088870974,1.49011611938477e-08,1.49011611938477e-08,1.91968388100231,1.39959113020612,0.95513234680409,1.70483103997678,9,25
1.324,400,25,447.613793714072,208.702372544167,447.613793714072,14070.0956526688,13579.2545295684,14047.4296490573,63.0710751772293,53.0079869044636,41.9852876766963,-908.275403263629,-336.616142012428,1.49011611938477e-08,1.49011611938477e-08,1.81344364016839,1.20925426900746,1.49011611938477e-08,2.28965374644327,9,25
1.325,400,25,423.774686221799,209.31264715347,423.774686221799,13790.9311257759,13487.4112212739,14487.2441879529,63.0739556401056,57.8018262008111,40.3374621726241,-857.040365472147,-538.281314025238,1.49011611938477e-08,1.49011611938477e-08,1.83223121008175,1.17321444321392,1.49011611938477e-08,2.23824766909486,9,25
1.326,400,25,384.167152035251,209.909268479911,384.167152035251,13400.1962124896,13851.1645006923,14533.3464909635,62.1155479099438,61.4284590194741,38.8244630604707,-748.661096547852,-571.949841331515,1.49011611938477e-08,1.49011611938477e-08,1.91600022408546,1.1506418952621,1.49011611938477e-08,2.43299491138297,9,25
1.327,400,25,308.047029798285,210.837196194997,308.047029798285,13416.4614464763,14199.6449398541,14137.2346511631,61.3888621298092,63.4204645585859,38.6997528465671,-653.251499499811,-478.427995687539,1.49011611938477e-08,1.49011611938477e-08,1.95153653519604,1.04101227590283,1.49011611938477e-08,5.21266696089008,9,25
1.328,400,25,224.317938286095,211.84771027284,224.317938286095,13832.0398225321,14103.1576299539,13796.8940826504,61.5264240387889,63.8558218535863,40.7750444103686,-583.589682294915,-315.888401516316,1.49011611938477e-08,1.49011611938477e-08,1.93040231971698,0.976367212142514,1.49011611938477e-08,7.05495107438782,9,25
1.329,400,25,247.74141834374,211.576720540952,247.74141834374,14129.2819964403,13685.2595958269,13951.5214442434,61.5311745639511,62.9403877090065,44.2895497980315,-506.67149504624,-169.03161731305,1.49011611938477e-08,1.49011611938477e-08,1.81712712188948,1.12653856010075,0.819694175024653,2.6741426109539,9,25
1.33,400,25,463.005048611063,208.04287528674,463.005048611063,13966.4007526136,13483.8597921746,14402.3439251191,59.366569065957,60.8054096549751,47.5930485286685,-392.923858446393,-92.0316812317106,1.49011611938477e-08,1.49011611938477e-08,1.80105945545886,1.50427722113688,1.61115467026391,2.11851626791177,9,25
1.331,400,25,648.669297969779,-10401.9706832384,648.669297969779,13576.1946072837,13766.2625900557,14592.8141979202,53.6582869718366,57.975603617634,49.2516622437036,-297.661265953271,-61.7795570728571,1.49011611938477e-08,1.49011611938477e-08,1.89335549983477,1.95788244704718,2.523937948318,2.20604829404948,9,25
1.332,400,25,633.88441367563,-4887.31686757364,633.88441367563,13481.3348225956,14160.6272368324,14315.5377594589,45.0670211780801,55.7057812295884,48.9917015130916,-312.365975752941,-22.7200026594999,1.49011611938477e-08,1.49011611938477e-08,1.95116541322222,1.95251799973642,3.43240408796355,2.18156024161469,9,25
1.333,400,25,576.003624010884,15.9704741796685,576.003624010884,13813.0573139485,14165.1626519746,13926.7653746466,38.4746998545428,55.0403046411101,48.1074062727284,-503.453690926445,40.8587919449062,1.49011611938477e-08,1.49011611938477e-08,1.95353024700086,1.01812540302028,1.89377975193798,1.4975693818603,9,25
1.334,400,25,387.067350567139,209.857855072389,387.067350567139,14140.4526950117,13764.2460662917,13944.9599795015,40.273439515873,56.3338918967689,48.0094966469218,-779.740948016827,52.8400848410141,1.49011611938477e-08,1.49011611938477e-08,1.85127445869486,1.49011611938477e-08,0.682174052372017,1.05147048258188,9,25
1.335,400,25,227.678106559518,211.805211049193,227.678106559518,14060.7919714312,13453.2837329112,14359.0276023344,48.1253132636549,58.9128178125856,48.4453073008932,-943.097362682514,-30.8709258102638,1.49011611938477e-08,1.49011611938477e-08,1.79242497610101,1.49011611938477e-08,1.49011611938477e-08,1.43665579431123,9,25
1.336,400,25,338.028522706831,210.493559510166,338.028522706831,13636.7401066544,13636.4021739036,14602.3242530042,55.6645937458892,61.4282007644142,48.3299514506796,-930.711079545892,-129.66915175902,1.49011611938477e-08,1.49011611938477e-08,1.87029144452185,0.315116783407658,1.49011611938477e-08,2.33033208807726,9,25
1.337,400,25,612.487020991125,-329.678802638171,612.487020991125,13401.3091757279,14076.3658489482,14361.7072902528,61.4650964093803,63.0440574277701,48.9706222483662,-854.433483450674,-208.859981682963,1.49011611938477e-08,1.49011611938477e-08,1.93834179481803,0.679834382829105,1.49011611938477e-08,3.30488847263149,9,25
1.338,400,25,642.179256472759,210.315692823505,642.179256472759,13660.3687565902,14232.8654597379,13939.2875533559,63.6015413066324,63.2618184152894,49.1001832548,-724.591212414715,-269.634525307834,1.49011611938477e-08,1.49011611938477e-08,1.95270414796828,0.984933390636348,1.49011611938477e-08,3.89822866044057,9,25
1.339,400,25,598.2627468962,-141.184643744577,598.2627468962,14023.0138711024,13935.5879156954,13850.3717856299,62.9176414618795,61.5156133638818,48.941963347879,-552.600802643408,-236.227788242478,1.49011611938477e-08,1.49011611938477e-08,1.88169512165018,1.24617451155616,0.708809058367022,3.08609277907723,9,25
1.34,400,25,575.195208083268,28.1200143898364,575.195208083268,13977.0421346503,13572.6552408442,14175.4821955916,62.0718625568388,57.6861024689961,49.6504849750764,-421.584590974626,-83.0935412044868,1.49011611938477e-08,1.49011611938477e-08,1.81389578791167,1.44707362471112,1.42591212493858,1.81563944010448,9,25
1.341,400,25,637.95382483673,-6064.78685263923,637.95382483673,13587.6042974854,13631.510339554,14522.1339757939,61.1395327274892,52.5259958119911,49.3172981192104,-346.889136129035,56.1606314120729,1.49011611938477e-08,1.49011611938477e-08,1.87018865196818,1.67047731157646,1.71627066383751,1.26271547901405,9,25
1.342,400,25,608.658857651343,-973.374631085855,608.658857651343,13266.7965118903,14032.7512278097,14406.3227008312,60.3234960927422,47.6715606308143,48.0273915559913,-372.937152814074,141.290197198754,1.49011611938477e-08,1.49011611938477e-08,1.93579831174098,1.81204897549184,2.12478991873162,1.11347809593376,9,25
1.343,400,25,544.441359926428,154.489640455505,544.441359926428,13433.8052303681,14244.7849173512,13962.7349209728,60.6453989821189,45.5992117250695,46.3222315257092,-558.169120857822,124.607346408581,1.49011611938477e-08,1.49011611938477e-08,1.95824589491853,1.66215867626342,4.81269414745827,1.2500365036404,9,25
1.344,400,25,473.266645124076,207.188670734967,473.266645124076,13888.1534971503,13989.0653458653,13758.5030278464,61.8819463138273,47.5937276730136,44.5527681526465,-806.895486956605,-63.0886826153513,1.49011611938477e-08,1.49011611938477e-08,1.91467827521218,1.36425300926228,0.861624228145912,1.71918093020383,9,25
1.345,400,25,432.423696436444,209.132666189261,432.423696436444,14067.4409994289,13562.2319950923,14077.0660437517,62.6502042836911,52.2926634511768,42.9575848985354,-911.966750594844,-358.103884623564,1.49011611938477e-08,1.49011611938477e-08,1.81075453005929,1.21596421867542,1.49011611938477e-08,2.31362523083747,9,25
1.346,400,25,401.827788717012,209.671105708102,401.827788717012,13767.4883257202,13499.304432657,14505.957381879,62.3272233432722,57.1077743704606,41.2651326245749,-850.150306765295,-547.886957726395,1.49011611938477e-08,1.49011611938477e-08,1.83713923469052,1.20679582569584,1.49011611938477e-08,2.22297657846118,9,25
1.347,400,25,355.847977294079,210.263427673177,355.847977294079,13387.3269572334,13877.2082498877,14517.4605220991,61.149437162096,60.6975811226271,39.8359480832503,-733.610819062028,-575.595433172939,1.49011611938477e-08,1.49011611938477e-08,1.9194690494829,1.19007110339585,1.49011611938477e-08,2.46403921638288,9,25
1.348,400,25,279.467499192183,211.179695457995,279.467499192183,13433.5465681714,14208.2445895002,14104.1134601234,60.4083842988016,62.6490644517526,39.889493486429,-641.381728271261,-475.207200215667,1.49011611938477e-08,1.49011611938477e-08,1.9522613941928,1.07983842304411,1.49011611938477e-08,5.40732017164163,9,25
1.349,400,25,189.275476157356,212.267214403309,189.275476157356,13861.1337263586,14085.4513851406,13784.0710604829,60.5435882338719,63.0762764555452,41.9408811549398,-572.693280320995,-314.758601691398,1.49011611938477e-08,1.49011611938477e-08,1.92527604971222,1.01921370463512,1.49011611938477e-08,7.3085434946785,9,25
1.35,400,25,229.417970223024,211.791513821914,229.417970223024,14137.095813333,13664.8480137323,13966.9477674909,60.4065160445353,62.177168194883,45.2417102741003,-491.827008849361,-175.967813193588,1.49011611938477e-08,1.49011611938477e-08,1.81117034318194,1.17730376433787,0.867007610312266,2.85923954271446,9,25
1.351,400,25,451.853519818581,208.591493348368,451.853519818581,13949.3835959097,13489.1419086905,14415.9532264089,57.9640522982741,60.0826234242849,48.3206346270619,-382.274416986118,-107.483867559747,1.49011611938477e-08,1.49011611938477e-08,1.8042135012018,1.56400867327608,1.6642126252804,2.30664173243144,9,25
1.352,400,25,647.329944141437,211.203423313367,647.329944141437,13561.7139854178,13791.8673807852,14577.6814547833,51.951081276995,57.3935227756613,49.85240263632,-286.95030280413,-77.4863622797096,1.49011611938477e-08,1.49011611938477e-08,1.89797078044541,2.01182194650215,2.60438824505081,2.42630617681224,9,25
1.353,400,25,632.738299632184,208.965307960968,632.738299632184,13492.6216084116,14174.8467476129,14278.8379422783,43.2306900027316,55.3568289524082,49.549421041841,-314.211541250997,-39.0223634185097,1.49011611938477e-08,1.49011611938477e-08,1.95285534023694,1.95046769318057,3.36412129465242,2.39719896488126,9,25
1.354,400,25,573.767974248565,30.8781585999836,573.767974248565,13839.2502456597,14151.1851394341,13900.7221219308,36.9875804843622,54.9886344883812,48.7015763265643,-515.144826249974,20.723022931774,1.49011611938477e-08,1.49011611938477e-08,1.95041865384856,0.965024095740458,1.72100592524186,1.63197914256755,9,25
1.355,400,25,386.939966326392,209.862377144626,386.939966326392,14150.4690389838,13739.3459123849,13948.6778435287,39.5519810581388,56.5534836296611,48.6462058995455,-787.365695238509,23.7466253105906,1.49011611938477e-08,1.49011611938477e-08,1.84364288831789,1.49011611938477e-08,0.578385819527404,1.18947218801244,9,25
1.356,400,25,226.466651371539,211.821709434004,226.466651371539,14045.8831866115,13450.3463001235,14373.0418484985,47.7504514002107,59.3627654521994,48.9835158589141,-932.380614957541,-60.6613039456517,1.49011611938477e-08,1.49011611938477e-08,1.79305744533632,1.49011611938477e-08,1.49011611938477e-08,1.64772454359679,9,25
1.357,400,25,335.568518774758,210.521988672981,335.568518774758,13615.197124924,13659.6905332121,14591.720076263,55.3329402701919,61.9865963179644,48.7165636211197,-912.631601329925,-164.722619043001,1.49011611938477e-08,1.49011611938477e-08,1.87490856169919,0.391442216582008,1.49011611938477e-08,2.70574997303237,9,25
1.358,400,25,611.881355217985,-321.833502986343,611.881355217985,13407.8299390768,14097.3806457753,14328.7350911064,61.0583499829515,63.6328188826144,49.1973519072539,-829.657093739195,-243.1565518635,1.49011611938477e-08,1.49011611938477e-08,1.94004869350136,0.74420167289696,1.49011611938477e-08,3.87853582252228,9,25
1.359,400,25,641.146298160248,210.154859843653,641.146298160248,13689.1193297049,14228.3944542626,13911.7279662823,63.117299254328,63.8173613541314,49.2088097808331,-692.079437167063,-297.543926057532,1.49011611938477e-08,1.49011611938477e-08,1.95092442867579,1.05330577301129,1.49011611938477e-08,4.50780821333223,9,25
1.36,400,25,595.717564483758,-150.776739740403,595.717564483758,14040.0382675842,13912.29293721,13850.2658592537,62.4337367051491,62.0289649550755,49.0309705285586,-525.866908434787,-256.040705598551,1.49011611938477e-08,1.49011611938477e-08,1.87396562581006,1.31749463330239,0.71688596951835,3.34925436606363,9,25
1.361,400,25,599.971615710524,-186.845294419663,599.971615710524,13970.3998609057,13562.6751898631,14197.2883600136,61.7166428283277,58.21026797057,49.6064174353218,-398.287948229895,-95.6155863208046,1.49011611938477e-08,1.49011611938477e-08,1.81252996146678,1.51275530959661,1.43301725315855,1.87301871320749,9,25
1.362,400,25,634.304644933745,209.181784436814,634.304644933745,13568.5919543678,13649.1868415896,14525.6099287709,60.84241963405,53.13852534996,48.8352564207359,-325.433029998389,52.369564833317,1.49011611938477e-08,1.49011611938477e-08,1.87405496004344,1.73575858094363,1.7031295196206,1.2927657030256,9,25
1.363,400,25,600.113651506436,-185.241654420486,600.113651506436,13268.9989883694,14055.8242649452,14384.3036673049,60.1853561776477,48.5014125989874,47.2277577094241,-363.162502312881,135.544577106346,1.49011611938477e-08,1.49011611938477e-08,1.93734979130956,1.86447702304296,2.19316981246062,1.13747872456019,9,25
1.364,400,25,531.131428933627,178.917081614076,531.131428933627,13462.8492771022,14240.3242199684,13938.6168860301,60.7351168486213,46.7372381094089,45.3296271152447,-559.701367390456,113.509841523932,1.49011611938477e-08,1.49011611938477e-08,1.9582570063053,1.68036471744699,4.53697612760181,1.27809869589738,9,25
1.365,400,25,470.404832257821,207.386065850598,470.404832257821,13913.025177323,13962.5288534443,13764.4026308988,62.1918170244614,48.9887094250065,43.4330279253567,-811.366392693078,-78.4163168540628,1.49011611938477e-08,1.49011611938477e-08,1.90762078235798,1.35290135869619,0.792807087644495,1.75297913953624,9,25
1.366,400,25,451.535399284382,208.538152021127,451.535399284382,14061.8895764138,13543.177184005,14104.3074183825,63.1808659049731,53.6296843862597,41.6565313394058,-913.519981207274,-350.709815193551,1.49011611938477e-08,1.49011611938477e-08,1.80744616375061,1.18298963225621,1.49011611938477e-08,2.32034169047031,9,25
1.367,400,25,428.271107378503,209.222293245961,428.271107378503,13743.9950304706,13510.1032951469,14522.1363038439,63.0566031905795,58.3118950785412,39.8185006887642,-852.224060261666,-540.398093514496,1.49011611938477e-08,1.49011611938477e-08,1.841644671655,1.15571625054772,1.49011611938477e-08,2.24705559886475,9,25
1.368,400,25,385.876088213327,209.886700890837,385.876088213327,13377.5992841476,13901.5522158157,14509.1733459965,62.0244120981559,61.7493900304122,38.2606397394378,-737.587419156537,-559.508830690509,1.49011611938477e-08,1.49011611938477e-08,1.92253381942655,1.12144009045079,1.49011611938477e-08,2.57246105863509,9,25
1.369,400,25,302.654617337805,210.907924798608,302.654617337805,13452.5743981816,14213.6761725785,14088.6417524934,61.3722797702461,63.5554313972422,38.3394319810082,-646.441704145421,-452.37270280675,1.49011611938477e-08,1.49011611938477e-08,1.95317192788514,1.00207989555207,1.49011611938477e-08,6.45397581527353,9,25
1.37,400,25,225.672125377669,211.825411950941,225.672125377669,13882.8786517447,14063.8626742432,13791.1515496943,61.5898255023038,63.8326436158938,40.7086464618999,-579.930036593975,-284.811929689968,1.49011611938477e-08,1.49011611938477e-08,1.92080638113484,0.953122700789736,1.49011611938477e-08,5.45298431166934,9,25
1.371,400,25,265.166072808437,211.363669466486,265.166072808437,14135.5993953288,13641.6325585191,14001.5540709218,61.5084097718712,62.7817918185245,44.4067028463163,-505.385587806209,-148.97236797599,1.49011611938477e-08,1.49011611938477e-08,1.80727691003774,1.12990503039938,0.900602479650349,2.41511513043844,9,25
1.372,400,25,493.788110307082,204.280107326298,493.788110307082,13925.3075176951,13493.7575682172,14449.6172747951,59.0601651267363,60.5185698098581,47.6890878606001,-390.945975722912,-76.5978135361559,1.49011611938477e-08,1.49011611938477e-08,1.80930382796715,1.52393042737841,1.70495561802621,2.00702443964108,9,25
1.373,400,25,648.772434580866,-10487.8302150475,648.772434580866,13543.5764462003,13816.7818496648,14587.1514679175,53.0442754769104,57.6575932258022,49.211565811379,-299.002785437022,-46.3019931300015,1.49011611938477e-08,1.49011611938477e-08,1.90307935407368,1.95672981049151,2.64330008664436,2.10997004134454,9,25
1.374,400,25,631.53929270273,-4325.21186421216,631.53929270273,13502.1094341569,14187.1820665587,14270.2887185377,44.455202958796,55.489750737145,48.8666066710227,-335.208278125959,-3.97243659865592,1.49011611938477e-08,1.49011611938477e-08,1.95455719523857,1.84512203554419,3.40801237126005,2.02178444099379,9,25
1.375,400,25,566.214166049463,74.3591334145672,566.214166049463,13861.2850069796,14135.7366581028,13906.0487133552,38.6464976810284,55.0217986461966,48.0573981788164,-545.183504018958,56.5316901041179,1.49011611938477e-08,1.49011611938477e-08,1.94770588869537,0.89782672788644,1.71994114471315,1.34302330288949,9,25
1.376,400,25,359.999819145913,210.199882668932,359.999819145913,14154.869728276,13714.4414748879,13982.779476522,41.3560399371415,56.5003150301847,48.0685735440295,-804.635368545466,56.2090703458476,1.49011611938477e-08,1.49011611938477e-08,1.83825249663638,1.49011611938477e-08,0.586188421654443,1.0183309905881,9,25
1.377,400,25,224.855800684566,211.839048071429,224.855800684566,14025.3717154174,13448.4892949533,14411.6398857461,49.2927877679595,59.1608879004058,48.4230136218661,-951.057719103067,-34.8943301030565,1.49011611938477e-08,1.49011611938477e-08,1.79636216097888,1.49011611938477e-08,1.49011611938477e-08,1.47658580618148,9,25
1.378,400,25,378.630523104862,210.004466093629,378.630523104862,13583.6672867931,13683.9780969346,14596.6487657048,56.6539442246775,61.6210077964892,48.3779318911158,-927.830359078013,-134.97924795263,1.49011611938477e-08,1.49011611938477e-08,1.88134313711038,0.358192336205437,1.49011611938477e-08,2.35895063376732,9,25
1.379,400,25,641.435242245962,-744.218233616665,641.435242245962,13405.1454858916,14116.2865325273,14314.7722549906,61.9735887859821,63.1029971390727,48.9651478539229,-845.07399107503,-212.516164671309,1.49011611938477e-08,1.49011611938477e-08,1.94227602846762,0.70767763749757,1.49011611938477e-08,3.27746557112852,9,25
1.38,400,25,639.023822356512,209.846171742184,639.023822356512,13705.8751981844,14219.6335804378,13907.5659656512,63.6254008127592,63.122222835041,49.0125146653338,-708.605113482112,-265.245319351367,1.49011611938477e-08,1.49011611938477e-08,1.95011836514584,1.00401846413406,1.49011611938477e-08,3.70769627859165,9,25
1.381,400,25,585.839923595365,-58.6110640716124,585.839923595365,14041.754598451,13887.3474573383,13874.0093022952,62.7241486617601,61.1245884339245,48.9283107682758,-544.915403917449,-219.842954511306,1.49011611938477e-08,1.49011611938477e-08,1.86986952540526,1.2554188313125,0.799793379652051,2.80000431628536,9,25
1.382,400,25,595.902280953772,-144.0513599663,595.902280953772,13950.4569689134,13553.5736382961,14233.6449719072,61.889423976594,57.0835836072708,49.7463355390119,-418.077879005474,-64.1953058273249,1.49011611938477e-08,1.49011611938477e-08,1.81468350134491,1.45501996484941,1.48853823455403,1.66975046277426,9,25
1.383,400,25,632.323996544344,-4532.40358357352,632.323996544344,13537.1688932222,13668.086027763,14540.3261131168,60.8559718947488,51.878757460849,49.2902104636308,-345.295217169041,74.996814398584,1.49011611938477e-08,1.49011611938477e-08,1.88005205359119,1.68037344046053,1.71858509986696,1.20146467932755,9,25
1.384,400,25,600.481145114518,-109.646946265221,600.481145114518,13258.4310401035,14075.1405536751,14368.1404861799,60.0872301731761,47.2282473113705,47.9759115054667,-389.628290755704,150.17101317756,1.49011611938477e-08,1.49011611938477e-08,1.93967647511183,1.797728731181,2.27161133547754,1.09266672406661,9,25
1.385,400,25,531.733380463327,178.199656267781,531.733380463327,13479.6470018956,14237.8487142225,13919.9654286466,60.5812476716553,45.6541315482564,46.2753097347469,-594.017498225747,115.492613351025,1.49011611938477e-08,1.49011611938477e-08,1.95896067339833,1.61242848441716,4.08258640029239,1.26261127599689,9,25
1.386,400,25,473.108341874309,207.202137015891,473.108341874309,13931.0367001152,13938.6365330699,13773.0720102116,61.873892849794,48.1078078867496,44.4937460121225,-826.771493622151,-80.4590243625026,1.49011611938477e-08,1.49011611938477e-08,1.90219046944667,1.32220216655688,0.706455806525859,1.77076097945229,9,25
1.387,400,25,433.097950413967,209.116851211599,433.097950413967,14055.1106613906,13528.3505765359,14133.7642023496,62.5388001623042,52.9208525571114,42.8023902363949,-915.471682037092,-375.597785482341,1.49011611938477e-08,1.49011611938477e-08,1.80587013549138,1.19667617969515,1.49011611938477e-08,2.33229205422458,9,25
1.388,400,25,401.872572022087,209.67031033645,401.872572022087,13719.2176265597,13524.6950880764,14536.9340191101,62.0587737356614,57.6253805919413,40.9578591379386,-838.293965899447,-558.276938009019,1.49011611938477e-08,1.49011611938477e-08,1.84686542960591,1.19688315627548,1.49011611938477e-08,2.21206667624342,9,25
1.389,400,25,351.762032917508,210.312959737897,351.762032917508,13367.2251678656,13926.690793955,14489.089002527,60.8021192861699,61.030518252117,39.5221618218061,-721.772487187264,-565.297434480506,1.49011611938477e-08,1.49011611938477e-08,1.92554298497705,1.1685658782024,1.49011611938477e-08,2.58336935815103,9,25
1.39,400,25,270.685582020458,211.284413723144,270.685582020458,13472.158366322,14218.5325175101,14055.4650721403,60.1334412263808,62.8029820542303,39.7517912396438,-633.852814869272,-451.920053255662,1.49011611938477e-08,1.49011611938477e-08,1.95360503662997,1.04864989603948,1.49011611938477e-08,6.56934091986221,9,25
1.391,400,25,191.973773132251,212.234674902428,191.973773132251,13911.1965660461,14043.5111583044,13781.0191036269,60.3321189529957,63.087671035634,42.0217984384349,-571.046379134626,-295.363688593457,1.49011611938477e-08,1.49011611938477e-08,1.91471307975217,1.00044213713616,1.49011611938477e-08,5.82179685520582,9,25
1.392,400,25,252.006975559307,211.527957042609,252.006975559307,14140.3441009607,13622.0171595149,14017.6856454396,60.0959308859199,62.0736028317405,45.4413565645853,-489.480052932055,-159.493194752531,1.49011611938477e-08,1.49011611938477e-08,1.80200865438136,1.18177168397815,0.946897928382833,2.6179642451938,9,25
1.393,400,25,485.917418981065,205.751092816064,485.917418981065,13907.7120600635,13501.6252568418,14460.181654176,57.3557973213153,59.8569265959515,48.4457765383899,-373.646819661374,-93.1745330600554,1.49011611938477e-08,1.49011611938477e-08,1.81298443780129,1.5817388241205,1.75868143203467,2.20656510268896,9,25
1.394,400,25,647.771028300952,-9964.72470218737,647.771028300952,13532.7143588149,13841.9344119714,14568.664323758,50.9892774423336,57.1519422543248,49.792445811059,-288.718494281976,-64.7145372690646,1.49011611938477e-08,1.49011611938477e-08,1.90719720393436,2.00171306233842,2.72672804078216,2.33552214909115,9,25
1.395,400,25,629.593888778544,208.241648704596,629.593888778544,13517.5726494483,14197.597998786,14232.5934705648,42.2796843882171,55.2425115459175,49.3789269655521,-337.947162854864,-22.1731964280773,1.49011611938477e-08,1.49011611938477e-08,1.95589047062109,1.81995361362493,3.26663775578032,2.21897722528592,9,25
1.396,400,25,561.555367277734,96.5580933482381,561.555367277734,13888.4561780265,14117.8322044634,13882.48022361,36.9645546553257,55.0799005895365,48.6226271299049,-543.054790501313,32.1021694733146,1.49011611938477e-08,1.49011611938477e-08,1.94334894157641,0.831625516610953,1.55441633337793,1.45851499468667,9,25
1.397,400,25,358.88173700358,210.213281325356,358.88173700358,14163.5557317014,13689.4476951792,13988.9920308587,40.5353609538058,56.8231694663799,48.6801172270541,-810.707855406792,25.1384191148395,1.49011611938477e-08,1.49011611938477e-08,1.83062188770283,1.49011611938477e-08,0.479698221042662,1.16086770752708,9,25
1.398,400,25,230.659744347423,211.769539033097,230.659744347423,14010.5961229703,13448.2499027611,14423.987227972,48.803186068773,59.6741972909366,48.9275425136992,-940.473775160256,-71.592508178817,1.49011611938477e-08,1.49011611938477e-08,1.79757392594667,1.49011611938477e-08,1.49011611938477e-08,1.71016941143898,9,25
1.399,400,25,357.198830222885,210.270376685568,357.198830222885,13566.8733278345,13707.6344149266,14582.2180482258,56.2290304986765,62.2048343571376,48.758437118321,-907.676852567638,-171.072170276413,1.49011611938477e-08,1.49011611938477e-08,1.88548191370514,0.427828846458242,1.49011611938477e-08,2.77151704545323,9,25
1.4,400,25,637.009373261276,-5370.45115623168,637.009373261276,13417.1441818025,14134.1678156124,14279.5413096992,61.5518907744965,63.6907778760426,49.2382595117774,-818.213113396313,-248.84292457217,1.49011611938477e-08,1.49011611938477e-08,1.94370501526785,0.774107149474184,1.49011611938477e-08,3.91668133778775,9,25
1.401,400,25,638.278945631101,209.745289230081,638.278945631101,13737.1419328292,14212.1316739571,13881.2291287511,63.1806120011284,63.6459502163669,49.1970522523374,-682.367042871678,-295.344434818772,1.49011611938477e-08,1.49011611938477e-08,1.94755465970818,1.07830962436376,1.49011611938477e-08,4.38809035269083,9,25
1.402,400,25,585.063333299135,-52.1902777985039,585.063333299135,14057.3195580949,13864.5224933922,13875.2046844625,62.3184884826145,61.5661394612687,49.0636977366881,-507.794618278603,-237.437442146827,1.49011611938477e-08,1.49011611938477e-08,1.86223095573483,1.33508677047755,0.810187878853268,3.10620157292932,9,25
1.403,400,25,610.22088500356,-304.80220629389,610.22088500356,13936.9574748462,13546.3566230003,14249.1041330464,61.6697435181217,57.5191202407682,49.6859073127396,-389.2311325815,-71.5096471247124,1.49011611938477e-08,1.49011611938477e-08,1.81445981124982,1.52789312453019,1.49649130810445,1.75897957374213,9,25
1.404,400,25,634.586301278841,-5049.89563529885,634.586301278841,13514.7647198004,13687.4959800789,14534.0270486099,60.7956887044438,52.3875848676348,48.8962339427733,-327.472396714602,68.2683725510562,1.49011611938477e-08,1.49011611938477e-08,1.88399554248688,1.74699879859057,1.72001310663473,1.25002797586513,9,25
1.405,400,25,600.964178860795,-199.45266934693,600.964178860795,13260.0251899218,14095.2831901965,14337.3879954815,60.1975189772955,47.9381114743145,47.3206700805341,-384.453974841803,138.433035564225,1.49011611938477e-08,1.49011611938477e-08,1.94106920756836,1.85084599017157,2.38375852810011,1.13706150758585,9,25
1.406,400,25,528.53771651976,183.047243177268,528.53771651976,13507.1935756871,14230.1808156206,13891.4366269219,60.8072422146296,46.6354296454708,45.4968826473684,-583.863110346596,98.6626721045851,1.49011611938477e-08,1.49011611938477e-08,1.95856486926803,1.64507836794768,3.70291471373927,1.32319225450353,9,25
1.407,400,25,459.32696239864,208.152921603481,459.32696239864,13951.8079777528,13911.3389714759,13776.4971393342,62.1399848657894,49.2829315382719,43.7284966028562,-826.080392817446,-112.51649083698,1.49011611938477e-08,1.49011611938477e-08,1.89469534777823,1.3426699869989,0.636240354040993,1.8505569616737,9,25
1.408,400,25,430.650614208809,209.164810126403,430.650614208809,14044.0190351587,13511.9192417438,14155.4691193938,62.8660685686635,54.0028025574295,42.1084352464688,-906.792007098557,-400.425250825743,1.49011611938477e-08,1.49011611938477e-08,1.80370805364924,1.20831214762393,1.49011611938477e-08,2.32163444794811,9,25
1.409,400,25,406.41350240915,209.60358541671,406.41350240915,13692.5487230432,13538.2809839626,14542.8103942737,62.4842003543497,58.560194623354,40.4123345855232,-828.419097922621,-568.411614591419,1.49011611938477e-08,1.49011611938477e-08,1.85170806959788,1.20056382441825,1.49011611938477e-08,2.15783346019724,9,25
1.41,400,25,359.255085154401,210.228857720026,359.255085154401,13356.7384901451,13950.2963311215,14468.6590329815,61.3556154382747,61.8029257042024,39.0723195752076,-714.877471713717,-566.412029030892,1.49011611938477e-08,1.49011611938477e-08,1.92819046430439,1.16470850656385,1.49011611938477e-08,2.57641809460178,9,25
1.411,400,25,274.589136007553,211.243752661498,274.589136007553,13490.4880365389,14221.0389513972,14029.3068709267,60.7913155216638,63.4255896273984,39.3899775669248,-631.973095648498,-455.832517387457,1.49011611938477e-08,1.49011611938477e-08,1.95402168018199,1.04622712322768,1.49011611938477e-08,6.97041182893908,9,25
1.412,400,25,198.559181050329,212.152800302241,198.559181050329,13930.7599621943,14020.8613088355,13779.6940770006,61.0367784780812,63.5633896744554,41.8366014825225,-564.877820736258,-289.226886640509,1.49011611938477e-08,1.49011611938477e-08,1.90890089703883,1.01358464592067,1.49011611938477e-08,5.43854239806941,9,25
1.413,400,25,263.243281098832,211.38855593381,263.243281098832,14135.5220250627,13602.0358431758,14041.9518090936,60.7257171977731,62.4005790767306,45.4061183304583,-479.848479253757,-154.511127956156,1.49011611938477e-08,1.49011611938477e-08,1.79822213389934,1.21368275056327,0.983066548275523,2.5412750666917,9,25
1.414,400,25,504.569013457863,201.084023567352,504.569013457863,13881.1241719366,13510.3434519578,14478.4408005941,57.8134248325106,60.0380037486529,48.4570002463706,-362.210098231645,-89.5954587168675,1.49011611938477e-08,1.49011611938477e-08,1.81796688179606,1.6283537786186,1.80229472744624,2.17711414459204,9,25
1.415,400,25,647.824757462431,211.358152898098,647.824757462431,13515.2487859672,13867.4729995187,14559.9743449748,51.3087508192888,57.2013112445218,49.7813454330427,-282.754238174414,-60.6985902426161,1.49011611938477e-08,1.49011611938477e-08,1.91161616034345,2.04789415899098,2.77870102842854,2.31291708659109,9,25
1.416,400,25,628.487887387221,-3682.72895143608,628.487887387221,13528.1065741581,14207.4992021168,14209.4222021033,42.5249280508809,55.2261185528598,49.3288549506975,-335.577311015213,-18.5806131518834,1.49011611938477e-08,1.49011611938477e-08,1.95731760096765,1.82080768699842,3.28978806511767,2.16961362761578,9,25
1.417,400,25,553.063059786782,129.538670781987,553.063059786782,13908.0690597387,14100.4924055089,13876.5406720718,37.4122962140033,55.0546393734237,48.5789723786602,-556.935334601554,38.847307377101,1.49011611938477e-08,1.49011611938477e-08,1.93959279779114,0.811074643114075,1.51672742990462,1.40860169932848,9,25
1.418,400,25,329.814543614208,210.574349461017,329.814543614208,14162.8916845754,13666.1690353177,14010.8763350972,41.1962799740772,56.8185528076123,48.6694438717093,-823.724657849218,26.7189312394723,1.49011611938477e-08,1.49011611938477e-08,1.8252890777409,1.49011611938477e-08,0.447908784910827,1.14870322920262,9,25
1.419,400,25,219.5165686077,211.904922047025,219.5165686077,13986.1618946683,13450.1264158223,14447.3944818539,49.4536786701812,59.6345915834322,48.9125236831396,-943.97839767993,-72.7072939482731,1.49011611938477e-08,1.49011611938477e-08,1.80108580529416,1.49011611938477e-08,1.49011611938477e-08,1.7126889017274,9,25
1.42,400,25,406.35763458651,209.617645561189,406.35763458651,13542.5621975653,13733.490858956,14578.0514076894,56.7476103563871,62.0870298930233,48.8319317484699,-907.086888347305,-169.091436072739,1.49011611938477e-08,1.49011611938477e-08,1.8907976595725,0.444068339843251,1.49011611938477e-08,2.73257555044031,9,25
1.421,400,25,656.034760468364,213.733845784727,656.034760468364,13421.825504017,14151.015979599,14257.3933700332,61.7039063893354,63.4775427312684,49.2597462849525,-821.290366842218,-241.080219637751,1.49011611938477e-08,1.49011611938477e-08,1.94539316314936,0.779461181516724,1.49011611938477e-08,3.78190501620653,9,25
1.422,400,25,635.651342045316,-5364.96525846467,635.651342045316,13757.1171785653,14199.9660378749,13871.9818878964,63.0198332967902,63.3190399576659,49.1765676416569,-679.399407405507,-284.610048706581,1.49011611938477e-08,1.49011611938477e-08,1.94564496324727,1.07057547094988,1.49011611938477e-08,4.09205196824097,9,25
1.423,400,25,571.721650851038,43.0642463984754,571.721650851038,14058.5266375299,13839.0384400279,13893.632367214,62.0929597838728,61.100699546581,49.0998598518793,-509.917054019279,-215.219007587108,1.49011611938477e-08,1.49011611938477e-08,1.85739951237803,1.31074216024868,0.861592533122127,2.81870825817037,9,25
1.424,400,25,618.322837005582,-407.441733004658,618.322837005582,13923.0414447599,13540.6615810739,14283.2859627912,61.4162541155844,56.9047603211171,49.7592595582462,-394.27160855713,-48.6459589469352,1.49011611938477e-08,1.49011611938477e-08,1.81644007135151,1.50263255457378,1.52890775096692,1.63260198475567,9,25
1.425,400,25,631.428869522417,-4262.38116262934,631.428869522417,13492.094663535,13708.7221559785,14544.0048503717,60.4827617158123,51.7521864860603,48.9874003794095,-336.204735830704,86.3408941932448,1.49011611938477e-08,1.49011611938477e-08,1.88904370342947,1.71956644639405,1.72809852152623,1.18393305424143,9,25
1.426,400,25,589.741794017447,-92.3305068583854,589.741794017447,13261.2115136669,14114.0735993935,14319.771639647,59.9094916188474,47.4384848892185,47.4601179773503,-395.855064458879,149.992899372654,1.49011611938477e-08,1.49011611938477e-08,1.94281873707993,1.805590900653,2.50906833874742,1.09772554890571,9,25
1.427,400,25,516.638481233166,193.714233454734,516.638481233166,13531.830720024,14224.1467495602,13877.4179621727,60.6487580345973,46.4514735817269,45.6533156342572,-612.671529478056,103.456606273012,1.49011611938477e-08,1.49011611938477e-08,1.95846490708564,1.58074205279302,3.26931585366319,1.29778891423857,9,25
1.428,400,25,474.080643500316,207.108860819575,474.080643500316,13970.5980022701,13886.323326157,13792.0584794019,62.0473013844444,49.335117311664,43.8453925241218,-851.486616870817,-116.488752340124,1.49011611938477e-08,1.49011611938477e-08,1.88861957096495,1.28738418827375,0.543349134564621,1.83558101109091,9,25
1.429,400,25,438.686050449797,208.976525694822,438.686050449797,14035.718075409,13499.5438519282,14188.2775198197,62.7199224134711,54.1830257980062,42.1378740907838,-918.629245852108,-403.928037663932,1.49011611938477e-08,1.49011611938477e-08,1.80320427514453,1.16823332617942,1.49011611938477e-08,2.33521532911143,9,25
1.43,400,25,409.322091892109,209.559080935738,409.322091892109,13669.8324685374,13555.0969423394,14559.675654272,62.2442966089443,58.7361396314659,40.2954704236474,-832.444723009889,-562.773207689483,1.49011611938477e-08,1.49011611938477e-08,1.85704932649933,1.16471569841425,1.49011611938477e-08,2.21184785206415,9,25
1.431,400,25,356.289907529806,210.257395565193,356.289907529806,13353.3159126022,13974.2848486353,14455.893870679,61.0591231522805,61.9345983327509,38.9595084489879,-723.55709115143,-554.475649133278,1.49011611938477e-08,1.49011611938477e-08,1.93084944031352,1.12028682898701,1.49011611938477e-08,2.75701905513867,9,25
1.432,400,25,266.683862918478,211.331727993924,266.683862918478,13515.0075553728,14222.3129636927,14011.03094647,60.5188280162319,63.5112776915599,39.4192231173035,-637.393790449629,-433.139078829531,1.49011611938477e-08,1.49011611938477e-08,1.95435897691331,0.996107473227956,1.49011611938477e-08,8.57958180190062,9,25
1.433,400,25,198.244901546992,212.15935097846,198.244901546992,13957.0687436196,13998.0133779522,13787.1554062611,60.7785199583207,63.6263740181209,41.9967057115733,-571.371184119786,-264.694213330763,1.49011611938477e-08,1.49011611938477e-08,1.9029461454802,0.971030215271755,0.172466615861262,4.60292356462962,9,25
1.434,400,25,276.383873130696,211.236434124124,276.383873130696,14135.7522663454,13583.3464755326,14073.2192126934,60.4002978109112,62.4527193982964,45.6114091985096,-485.249754760145,-134.090704191992,1.49011611938477e-08,1.49011611938477e-08,1.79520628341467,1.18183948493372,1.02413910149844,2.35079356908746,9,25
1.435,400,25,520.806630131975,191.774383439119,520.806630131975,13862.5878787594,13520.6492314444,14501.1612645219,57.3272016135352,60.0516943726729,48.6059556715249,-367.662471270836,-73.3613162428673,1.49011611938477e-08,1.49011611938477e-08,1.82323964077632,1.59600244130524,1.85717673505471,2.0591829279787,9,25
1.436,400,25,647.154440540297,211.217482643497,647.154440540297,13506.8406185868,13892.6370845457,14555.2649510337,50.632239483996,57.2808879693339,49.8195696736947,-295.158411789105,-46.570167717483,1.49011611938477e-08,1.49011611938477e-08,1.91576876438666,1.98411620866932,2.86017851490579,2.18015868448709,9,25
1.437,400,25,626.032933661718,206.854067991559,626.032933661718,13546.2816430556,14214.8735623975,14188.4782764654,42.0230778229411,55.4503489879151,49.3511204611557,-358.10510550583,-1.77234014677631,1.49011611938477e-08,1.49011611938477e-08,1.95851162213045,1.69165763683843,3.18453695742715,1.98740397873966,9,25
1.438,400,25,546.237705821609,148.876358221931,546.237705821609,13934.4952902922,14080.5971587935,13873.6435039286,37.5879032945026,55.4382284544847,48.6936641589757,-587.028467716811,50.5938338564065,1.49011611938477e-08,1.49011611938477e-08,1.93491852175085,0.721367314888486,1.42634624944308,1.27770611677793,9,25
1.439,400,25,334.021102031765,210.524878750088,334.021102031765,14168.7913940409,13643.2820326266,14036.6106205468,41.9069439989875,57.3001075369206,48.8390304260075,-846.205711789286,28.6543790982013,1.49011611938477e-08,1.49011611938477e-08,1.81961867997707,1.49011611938477e-08,0.390706906620899,1.11759733367616,9,25
1.44,400,25,233.684349296066,211.733416395193,233.684349296066,13969.741733179,13454.1334940688,14474.3786854875,50.0759018279218,60.1381755313827,48.9637943146657,-949.323174862495,-76.2814747371966,1.49011611938477e-08,1.49011611938477e-08,1.80437306313427,1.49011611938477e-08,1.49011611938477e-08,1.73075171142273,9,25
1.441,400,25,397.853954676477,209.751602227978,397.853954676477,13522.9175842283,13758.8940910941,14572.1790821137,57.3148389519809,62.5413183542487,48.9342344627212,-910.382956372866,-166.859386464638,1.49011611938477e-08,1.49011611938477e-08,1.89560882850416,0.454005718614078,1.49011611938477e-08,2.74375321497201,9,25
1.442,400,25,648.979625756469,211.477342842675,648.979625756469,13430.9336085938,14166.7032107598,14232.592520717,62.16027473381,63.8443346054089,49.3886873345012,-817.522716355449,-243.916489629575,1.49011611938477e-08,1.49011611938477e-08,1.94695414340486,0.792157742753418,1.49011611938477e-08,3.79010516953587,9,25
1.443,400,25,634.660844082468,209.266179781399,634.660844082468,13782.3627237205,14190.4726265988,13859.5531991639,63.3263595018514,63.5412306003302,49.2999435579607,-669.253061912653,-285.666040135188,1.49011611938477e-08,1.49011611938477e-08,1.94305942100322,1.08887355621295,1.49011611938477e-08,4.06313779564107,9,25
1.444,400,25,569.346928747447,56.8801224414453,569.346928747447,14065.4922758419,13817.2110798663,13907.6720890785,62.2726279342784,61.1453134339694,49.2630760716148,-495.70110435944,-211.096220691941,1.49011611938477e-08,1.49011611938477e-08,1.85154541662781,1.33769519178861,0.911262001484602,2.78516179423475,9,25
1.445,400,25,628.185862145875,-546.15456882882,628.185862145875,13903.473369986,13537.2334370627,14307.3145365695,61.5609323172723,56.8625128439514,49.8756767987873,-381.718167351171,-44.7020384577944,1.49011611938477e-08,1.49011611938477e-08,1.8183162562104,1.53596763214916,1.55436175044094,1.63411896116893,9,25
1.446,400,25,632.919381243899,-4631.21439447178,632.919381243899,13467.2204394154,13730.3224816805,14542.8279251374,60.596484103998,51.6731059385927,49.0457706758206,-329.084285689101,81.5281430663417,1.49011611938477e-08,1.49011611938477e-08,1.89356107279463,1.75610908011472,1.72420693579252,1.20443076848083,9,25
1.447,400,25,591.081231925021,-104.741651495227,591.081231925021,13261.604130968,14131.5651745123,14292.6937921828,60.0655965624585,47.4431316901857,47.486041785093,-398.330676429842,145.269421178326,1.49011611938477e-08,1.49011611938477e-08,1.94431205869157,1.83156462722272,2.60494636078207,1.13222785210375,9,25
1.448,400,25,521.890563659739,189.452547966149,521.890563659739,13557.6010851489,14214.1521011971,13854.3689369259,60.8274688440993,46.6336924561901,45.6827588024011,-622.028994789799,86.1810911684008,1.49011611938477e-08,1.49011611938477e-08,1.95775865984201,1.59519422302731,3.00412925334094,1.35601976993914,9,25
1.449,400,25,445.30493865945,208.784081076315,445.30493865945,13988.7218317026,13859.2460905439,13800.8730351297,62.158470660867,49.6874195268511,43.9074941394264,-853.071505413558,-147.667086578688,1.49011611938477e-08,1.49011611938477e-08,1.88103116631139,1.30877706712735,0.480036735961442,1.92380866212838,9,25
1.45,400,25,424.864522022055,209.292869850914,424.864522022055,14022.6202056538,13487.030106097,14211.5638266211,62.7514758926296,54.5130336140661,42.1886388597536,-907.101917198572,-432.795023791626,1.49011611938477e-08,1.49011611938477e-08,1.8020754395483,1.1983638897566,1.49011611938477e-08,2.323990096515,9,25
1.451,400,25,397.724645871872,209.728989944249,397.724645871872,13644.2676872543,13572.1562763,14562.14384411,62.2036191374233,58.9933978088271,40.3596671959725,-821.835106433781,-576.539392233397,1.49011611938477e-08,1.49011611938477e-08,1.86198910082888,1.19792102954227,1.49011611938477e-08,2.1381552592449,9,25
1.452,400,25,349.044775887069,210.345680934566,349.044775887069,13346.113699009,13997.149284994,14429.2085767374,61.0271829897422,62.0882204607496,39.0349708451902,-708.436898542436,-562.991460981131,1.49011611938477e-08,1.49011611938477e-08,1.93315532036163,1.1492234520174,1.49011611938477e-08,2.69392026769581,9,25
1.453,400,25,267.822413170786,211.324383700193,267.822413170786,13535.5255739593,14221.7407607354,13980.3232031531,60.5419931627315,63.571187741738,39.5332727848409,-623.594105691116,-437.973974958169,1.49011611938477e-08,1.49011611938477e-08,1.95431758963295,1.02597050462771,1.49011611938477e-08,8.4519997398704,9,25
1.454,400,25,194.836368055939,212.200420089223,194.836368055939,13976.5825258943,13974.3862524678,13783.5337630215,60.8076379385196,63.6018599902531,42.1521226841278,-556.458811538329,-269.973596080858,1.49011611938477e-08,1.49011611938477e-08,1.89614777886232,1.01188617948968,0.259965985906033,4.78942819412769,9,25
1.455,400,25,281.32530467011,211.171005644168,281.32530467011,14129.384508054,13565.9884626313,14092.6773769152,60.3135906393553,62.3489010283525,45.7329509276043,-466.749507430212,-143.600868496348,1.49011611938477e-08,1.49011611938477e-08,1.7919045355415,1.23869183362472,1.06975489233957,2.4642773044091,9,25
1.456,400,25,534.219752567435,177.09127701352,534.219752567435,13836.8749648768,13532.2545061768,14511.2533397443,57.0193206512625,59.9245192587433,48.6205199944141,-354.298570714071,-87.6681856967608,1.49011611938477e-08,1.49011611938477e-08,1.82803999687389,1.66907973734198,1.90608404772988,2.19203198710763,9,25
1.457,400,25,646.410118541616,211.066609519043,646.410118541616,13494.3579360256,13917.1630420413,14537.3086828605,50.1193367531717,57.1507583612905,49.7181509266653,-283.142452951755,-58.961652185354,1.49011611938477e-08,1.49011611938477e-08,1.91947672730934,2.05742108818459,2.92292304745418,2.33998733422357,9,25
1.458,400,25,624.160953807511,204.624234584566,624.160953807511,13561.3019028445,14220.9827296093,14159.0940562302,41.3967806560234,55.3891310842742,49.1474511541482,-358.202629451087,-11.2092135198684,1.49011611938477e-08,1.49011611938477e-08,1.9595225973653,1.7047775405427,3.10147762980349,2.11423449498454,9,25
1.459,400,25,536.616338493392,170.189948169899,536.616338493392,13955.0464624157,14059.3721420357,13864.0500082208,37.2678436492145,55.4991728966724,48.4710259756214,-595.940906788794,41.2799483579688,1.49011611938477e-08,1.49011611938477e-08,1.92976557414364,0.69560097887673,1.35064898223681,1.34294172417743,9,25
1.46,400,25,309.822263850242,210.815685111247,309.822263850242,14167.1160921664,13620.1879314897,14053.632355512,42.0378570238634,57.4924958182905,48.6454683339539,-852.185199031244,14.7259227594518,1.49011611938477e-08,1.49011611938477e-08,1.8141083034777,1.49011611938477e-08,0.323478207973312,1.19068859431686,9,25
1.461,400,25,229.341455310681,211.796549435871,229.341455310681,13946.1968030139,13458.255629297,14489.4620044431,50.3673701519492,60.3782853722215,48.7676500479011,-944.948286293056,-85.5997965943863,1.49011611938477e-08,1.49011611938477e-08,1.80774679506259,1.49011611938477e-08,1.49011611938477e-08,1.84064258520729,9,25
1.462,400,25,422.222059678312,209.35746389533,422.222059678312,13504.3638853023,13784.0162108872,14560.517247117,57.5842091978368,62.7512126294178,48.8252043516039,-902.275734784378,-179.158816750742,1.49011611938477e-08,1.49011611938477e-08,1.89998514328298,0.481675132042364,1.49011611938477e-08,2.89067220205076,9,25
1.463,400,25,651.906004648021,212.644647044434,651.906004648021,13441.5889054196,14180.1410437267,14204.5429423954,62.1868838987082,63.997027142556,49.2325169686007,-806.095546866346,-254.985272524002,1.49011611938477e-08,1.49011611938477e-08,1.9482179306048,0.813786426536406,1.49011611938477e-08,3.95292434982438,9,25
1.464,400,25,632.330362608673,208.906917461718,632.330362608673,13804.5153348462,14174.0471233648,13847.0485749086,63.1577559936708,63.6120357060911,49.1013517544176,-655.125021730375,-289.696024322346,1.49011611938477e-08,1.49011611938477e-08,1.93996079043786,1.10494385801522,1.49011611938477e-08,4.11700398433548,9,25
1.465,400,25,558.286759482555,111.12476970903,558.286759482555,14066.1174001949,13791.5192364093,13922.4453695367,62.133098794188,61.1246256262764,49.0854455632849,-486.109827490441,-202.096931916632,1.49011611938477e-08,1.49011611938477e-08,1.84626684840252,1.34293017240206,0.945805950896474,2.69848380619255,9,25
1.466,400,25,629.870227009323,-280.173078566745,629.870227009323,13881.908109375,13534.2201785012,14328.3237877758,61.5036367888371,56.7360762312676,49.708414112577,-382.500427632587,-39.4828191336362,1.49011611938477e-08,1.49011611938477e-08,1.820814405938,1.53811512341297,1.57255169479076,1.57176374599776,9,25
1.467,400,25,632.138668932233,208.804052591601,632.138668932233,13442.3897848265,13752.4852357067,14539.1874136851,60.588261701544,51.5770240819674,48.8977651432934,-333.295943002092,91.1388072914642,1.49011611938477e-08,1.49011611938477e-08,1.89812875541788,1.75166405475664,1.73361895283935,1.16632568729137,9,25
1.468,400,25,582.820931494519,-33.5066698404643,582.820931494519,13263.2955918835,14147.9538647798,14265.8712480954,60.0967844439259,47.5483240708609,47.3896470899047,-414.022034467055,146.570945805193,1.49011611938477e-08,1.49011611938477e-08,1.94585723422814,1.81256486287334,2.78739509195598,1.11711344719597,9,25
1.469,400,25,507.901518533412,199.188179855217,507.901518533412,13579.4115286427,14203.0220896546,13835.3440925714,60.9199544458994,47.1202926124306,45.6719332353344,-646.938360076478,74.6949915286167,1.49011611938477e-08,1.49011611938477e-08,1.95710931746432,1.56420838688924,2.637412009803,1.36439684159817,9,25
1.47,400,25,463.941442043489,207.867986072852,463.941442043489,14000.3276491757,13832.1107331798,13812.6816543761,62.2478730161242,50.4095227333292,44.0145818975556,-872.156901016187,-168.95721459944,1.49011611938477e-08,1.49011611938477e-08,1.87496538002466,1.28470243215327,0.374163556401029,1.94134413660981,9,25
1.471,400,25,427.710312315182,209.234929041482,427.710312315182,14006.4632880699,13476.2586114643,14236.9502032072,62.7809883194924,55.3119157397931,42.4406609642258,-915.834701338575,-439.203851771147,1.49011611938477e-08,1.49011611938477e-08,1.80284477275399,1.18474956041135,1.49011611938477e-08,2.2938908469047,9,25
1.472,400,25,392.735113607241,209.79718698756,392.735113607241,13616.1837528468,13589.99682087,14568.2008204254,62.1984339086261,59.7561833540841,40.7354455197538,-823.554427377182,-583.833061167285,1.49011611938477e-08,1.49011611938477e-08,1.86751283323681,1.18672206450005,1.49011611938477e-08,2.12236432455148,9,25
1.473,400,25,335.143754095096,210.5136044719,335.143754095096,13340.1305154852,14018.5905422553,14406.5412593378,61.0610371865025,62.7856730559843,39.619709140341,-711.430143404766,-560.439416533259,1.49011611938477e-08,1.49011611938477e-08,1.93542978017708,1.1349304598585,1.49011611938477e-08,2.77781991970171,9,25
1.474,400,25,245.708958275219,211.588953067249,245.708958275219,13556.5088647186,14218.7797488917,13956.010866843,60.6452434803252,64.205348569197,40.317725527091,-627.549853408185,-430.000875402829,1.49011611938477e-08,1.49011611938477e-08,1.95409175268086,1.01679838266086,1.49011611938477e-08,9.3789174812621,9,25
1.475,400,25,193.422506962977,212.217020516102,193.422506962977,13995.9034337364,13949.3940849689,13786.6010712676,60.8889282596826,64.1934686549475,43.0135381767269,-557.623063291936,-262.984797845286,1.49011611938477e-08,1.49011611938477e-08,1.88951269381924,1.0176671465013,0.306618089218567,4.54235228884207,9,25
1.476,400,25,301.988540086542,210.92946073448,301.988540086542,14122.2586729204,13549.3323839501,14117.6805745336,60.2136798202358,62.8937647785647,46.5346452957635,-467.909663526165,-145.36271272778,1.49011611938477e-08,1.49011611938477e-08,1.78982938479312,1.25836958176021,1.10996251992321,2.44695534028523,9,25
1.477,400,25,547.378409043206,151.160550786347,547.378409043206,13813.7673435526,13545.0813745645,14523.9820327072,56.6063789209137,60.3727671129897,49.2734975649232,-348.020486651977,-87.4665667153375,1.49011611938477e-08,1.49011611938477e-08,1.83374332582422,1.69399465690331,1.96651469066349,2.20412255431145,9,25
1.478,400,25,645.438836794626,210.87585656338,645.438836794626,13484.2569084533,13941.4098219775,14522.644814368,49.3856883039693,57.6356521216503,50.2074759961282,-283.486280388809,-57.8489128908395,1.49011611938477e-08,1.49011611938477e-08,1.92324157486463,2.05774694577557,3.01651968371127,2.33939454543539,9,25
1.479,400,25,619.92332558664,195.940218421246,619.92332558664,13577.7417058138,14224.5721460978,14132.2880603825,40.7129003263346,55.9888820089959,49.5993009104722,-371.534540001225,-7.69097732657674,1.49011611938477e-08,1.49011611938477e-08,1.96040927046309,1.63787358557814,3.01685998631947,2.05677861877711,9,25
1.48,400,25,522.545801191018,188.647872235879,522.545801191018,13975.9791371894,14037.3360676767,13858.5090520666,37.1442858242243,56.2299729478636,48.9927515016833,-618.05499606823,41.2227322224393,1.49011611938477e-08,1.49011611938477e-08,1.92440214305453,0.632899695513686,1.27526136867637,1.29371045116234,9,25
1.481,400,25,311.433099582544,210.796187850364,311.433099582544,14166.3533361683,13598.619514513,14075.5123496552,42.4337977688236,58.2979202283215,49.2107313035742,-859.182452916138,10.991961128664,1.49011611938477e-08,1.49011611938477e-08,1.80941555535842,1.49011611938477e-08,0.243326936679824,1.21619332971209,9,25
1.482,400,25,232.527730236581,211.747322586745,232.527730236581,13925.0146173929,13464.9384292711,14508.9694068395,50.7623110086917,61.1844748758862,49.227038826128,-947.959870742644,-97.2832232870504,1.49011611938477e-08,1.49011611938477e-08,1.81185574229365,1.49011611938477e-08,1.49011611938477e-08,1.92595143275785,9,25
1.483,400,25,432.280552960046,209.17331524215,432.280552960046,13489.1824626312,13809.6691550172,14550.5474983418,57.9228634733376,63.5085317887263,49.2193404776877,-898.708690049401,-190.469619462181,1.49011611938477e-08,1.49011611938477e-08,1.90422184648983,0.501379052996743,1.49011611938477e-08,3.04127831454312,9,25
1.484,400,25,651.372747001308,212.178644470152,651.372747001308,13455.6908014086,14192.1899619109,14179.0590170276,62.4135561076007,64.6699473108495,49.5521548245717,-797.060268003503,-265.924216742594,1.49011611938477e-08,1.49011611938477e-08,1.94950193301476,0.833988953361781,1.49011611938477e-08,4.16400964047829,9,25
1.485,400,25,631.111010100541,208.665500498077,631.111010100541,13831.1223382944,14162.6210710528,13838.0061603986,63.2681379557433,64.126293121178,49.3561636874697,-639.190956189609,-294.065914492392,1.49011611938477e-08,1.49011611938477e-08,1.93662450472842,1.12810365057029,1.49011611938477e-08,4.23603223292136,9,25
1.486,400,25,554.254793742552,125.071679511909,554.254793742552,14070.559389732,13770.4768316568,13938.6997942124,62.1965506122056,61.432236553859,49.3265650449996,-475.056075052991,-203.693333673419,1.49011611938477e-08,1.49011611938477e-08,1.840931814631,1.37065121071585,0.99353846788809,2.68443425166899,9,25
1.487,400,25,643.213960280311,-790.953448851852,643.213960280311,13867.8607631575,13534.4479335358,14355.6810379743,61.4983336822198,56.9488988022795,49.6999488149284,-364.64551540563,-31.9831213790338,1.49011611938477e-08,1.49011611938477e-08,1.82294667816785,1.57457418898475,1.58746458472376,1.57448243103614,9,25
1.488,400,25,627.558138472922,-3534.28253129303,627.558138472922,13427.4347152198,13776.0649371341,14540.3914380264,60.5613405241179,51.7654358420668,48.6432806108647,-320.843701115381,97.3095267032299,1.49011611938477e-08,1.49011611938477e-08,1.90192671452694,1.79215800726874,1.71723818312324,1.17945812514402,9,25
1.489,400,25,579.994206415346,-9.80200199491071,579.994206415346,13276.0468346042,14164.1240979078,14243.5610194224,60.1915912184537,47.8436641792035,46.95003117185,-413.343029458306,150.523754859134,1.49011611938477e-08,1.49011611938477e-08,1.94700379791799,1.83383917182639,2.90050005618335,1.13546966037294,9,25
1.49,400,25,507.829518507671,198.89568027899,507.829518507671,13614.80530851,14192.7217231858,13823.1338783494,61.153621062856,47.5323717151387,45.0847105331634,-653.876233000082,71.2725006691089,1.49011611938477e-08,1.49011611938477e-08,1.95531380383587,1.55801263419586,2.46551737201104,1.39250808835535,9,25
1.491,400,25,445.768212770101,208.769001376856,445.768212770101,14021.9345340383,13807.2350286623,13832.5657095625,62.557903228075,50.8945168513692,43.2655659552795,-867.369770504517,-163.175683321377,1.49011611938477e-08,1.49011611938477e-08,1.86696773009832,1.27031911404313,0.29878646988197,1.9887555226981,9,25
1.492,400,25,427.969422312831,209.230463040271,427.969422312831,13996.2399463623,13469.027600763,14267.4152569386,63.1705508450177,55.732714610387,41.4661985564012,-911.647300533394,-441.6882674606,1.49011611938477e-08,1.49011611938477e-08,1.80257433314092,1.16303545373394,1.49011611938477e-08,2.33302238284213,9,25
1.493,400,25,404.054154445269,209.638438571349,404.054154445269,13597.5402165408,13611.1267299199,14576.0993726884,62.6462549931767,60.080290720826,39.6161448765186,-817.676541694782,-574.301183081457,1.49011611938477e-08,1.49011611938477e-08,1.87227138214447,1.15393309842487,1.49011611938477e-08,2.18270963568523,9,25
1.494,400,25,354.166025097393,210.283015483895,354.166025097393,13343.1136178458,14041.6578473256,14388.4217516258,61.6022831394764,62.9928821268394,38.4792514950058,-707.378756623102,-543.368111872096,1.49011611938477e-08,1.49011611938477e-08,1.93745175347556,1.08837893605522,1.49011611938477e-08,2.97261003227815,9,25
1.495,400,25,272.365833130346,211.263092457793,272.365833130346,13583.8319251653,14216.2889011943,13939.3635966323,61.2715638577601,64.3030074981687,39.3370162168519,-625.147997447118,-408.856813346602,1.49011611938477e-08,1.49011611938477e-08,1.95371520701167,0.971949390566062,1.49011611938477e-08,11.5821166877538,9,25
1.496,400,25,203.650237300502,212.094266555427,203.650237300502,14016.6970255926,13926.0988232344,13799.1066459392,61.5497559571025,64.1773111703551,42.3082374717502,-560.24724452548,-248.659835937997,1.49011611938477e-08,1.49011611938477e-08,1.88285623698941,0.99246143835564,0.358489202095548,3.95668267573456,9,25
1.497,400,25,312.665740043435,210.801745139984,312.665740043435,14115.1971633024,13536.088449012,14149.0037743484,60.8236306667929,62.7715449459521,46.0502411595409,-466.281461164971,-126.85235401291,1.49011611938477e-08,1.49011611938477e-08,1.78852040380543,1.25376624520601,1.15321780103887,2.27894453731895,9,25
1.498,400,25,571.862751918211,50.7351068490786,571.862751918211,13789.5958970878,13560.9820569076,14542.2766447507,57.1272432140735,60.2108243226429,48.875710241941,-347.468277697731,-72.6326126635126,1.49011611938477e-08,1.49011611938477e-08,1.83946279371691,1.69978054161448,2.01309670754917,2.10356733612358,9,25
1.499,400,25,645.210115223024,210.834975477885,645.210115223024,13476.6421135868,13966.6935435528,14513.154578124,49.8642575558358,57.4393391025149,49.8007969479442,-289.835500299192,-43.4472379410938,1.49011611938477e-08,1.49011611938477e-08,1.92680242464651,2.05014356225492,3.07874128907855,2.24088611938196,9,25
1.5,400,25,620.328510422581,197.403986609157,620.328510422581,13596.6447786874,14228.9406840846,14114.6419207245,41.3063939000296,55.8211077557059,49.1648013266209,-388.801543717536,8.08961786271279,1.49011611938477e-08,1.49011611938477e-08,1.96129856464272,1.58547533336305,2.94926205062733,1.94363160721593,9,25
